timestamp,status,direction,total_amount,baseline,excess_over_baseline,txn_count,vote_count,ewi_score,top_txn_amount,top_n_sum,pct_excess_explained_by_top_n,max_duplicate_txns,likely_cause
2026-01-22 06:31:00,RED_CONFIRMED,HIGH,2737361.06,229009.03917847708,2508352.020821523,5,3,58.585858585858574,1685089.58,2737361.06,109.12986045329767,1,SINGLE_LARGE_PAYMENT
2026-01-22 06:32:00,RED_CONFIRMED,LOW,45633.53,237990.14999999988,-192356.61999999988,1,2,87.87878787878786,45633.53,45633.53,,1,FLOW_STALL_or_OUTAGE
2026-01-22 06:33:00,RED_CONFIRMED,HIGH,1108948.99,229009.03917847708,879939.9508215229,4,2,87.87878787878786,449017.09,1108948.99,126.02553037450697,1,SINGLE_LARGE_PAYMENT
2026-01-22 06:34:00,RED_CONFIRMED,HIGH,579146.4500000001,237990.14999999988,341156.30000000016,3,2,87.87878787878786,311709.63,579146.4500000001,169.7598578715972,1,SINGLE_LARGE_PAYMENT
2026-01-22 06:35:00,RED_CONFIRMED,LOW,208667.03,241641.79527505155,-32974.765275051555,2,1,86.56139968049872,116261.18,208667.03,,1,BROAD_ELEVATION
2026-01-22 06:36:00,RED_CONFIRMED,HIGH,246572.59999999998,237990.14999999988,8582.450000000099,2,1,85.24402106230643,137793.21,246572.59999999998,2872.9861519728884,1,SINGLE_LARGE_PAYMENT
2026-01-22 06:37:00,RED_CONFIRMED,LOW,153570.12,241641.79527505155,-88071.67527505156,2,1,84.93628936200388,109291.39,153570.12,,1,DR_CR_IMBALANCE
2026-01-22 06:38:00,RED_CONFIRMED,LOW,0.0,237990.14999999988,-237990.14999999988,0,3,86.25367756029301,0.0,0.0,,0,FLOW_STALL_or_OUTAGE
2026-01-22 06:39:00,RED_CONFIRMED,HIGH,1457680.3599999999,229009.03917847708,1228671.3208215227,6,3,87.5710561784853,724280.64,1368767.65,111.40226249317881,1,SINGLE_LARGE_PAYMENT
2026-01-22 06:40:00,RED_CONFIRMED,HIGH,712867.25,237990.14999999988,474877.1000000001,3,2,87.87878787878786,528465.63,712867.25,150.11615636972172,1,SINGLE_LARGE_PAYMENT
2026-01-22 06:41:00,RED_CONFIRMED,HIGH,829118.7999999999,241641.79527505155,587477.0047249484,3,2,87.87878787878786,576287.23,829118.7999999999,141.132128292951,1,SINGLE_LARGE_PAYMENT
2026-01-22 06:42:00,RED_CONFIRMED,HIGH,4348912.01,245349.47000000003,4103562.5399999996,5,3,84.59878874531022,4054719.41,4348912.01,105.97893824228154,1,SINGLE_LARGE_PAYMENT
2026-01-22 06:56:00,RED_CONFIRMED,LOW,219368.1,432935.7291468127,-213567.6291468127,4,1,53.660874627854945,131470.57,219368.1,,1,DR_CR_IMBALANCE
2026-01-22 06:57:00,RED_CONFIRMED,LOW,328256.64,432908.55000000005,-104651.91000000003,2,0,48.59328240279632,184621.96,328256.64,,1,DR_CR_IMBALANCE
2026-01-22 06:58:00,RED_CONFIRMED,HIGH,623718.25,425365.17905998067,198353.07094001933,6,0,47.95226745678844,146556.01,549872.6599999999,277.21913121591035,1,SINGLE_LARGE_PAYMENT
2026-01-22 06:59:00,RED_CONFIRMED,HIGH,642876.24,432908.55000000005,209967.68999999994,4,0,44.27490303532482,332271.69,642876.2400000001,306.17865062953274,1,SINGLE_LARGE_PAYMENT
2026-01-22 07:00:00,RED_CONFIRMED,LOW,77462.61,920386.9000000007,-842924.2900000007,2,2,49.53042771184918,47163.76,77462.61,,1,DR_CR_IMBALANCE
2026-01-22 07:01:00,RED_CONFIRMED,LOW,258873.79,906144.7987159856,-647271.0087159856,2,1,54.26800794424793,205834.2,258873.79,,1,BROAD_ELEVATION
2026-01-22 07:02:00,RED_CONFIRMED,LOW,18775.71,892123.0800000004,-873347.3700000005,1,2,62.17434598227689,18775.71,18775.71,,1,FLOW_STALL_or_OUTAGE
2026-01-22 07:03:00,RED_CONFIRMED,LOW,0.0,878229.6254528159,-878229.6254528159,0,3,73.76583947404534,0.0,0.0,,0,FLOW_STALL_or_OUTAGE
2026-01-22 07:04:00,RED_CONFIRMED,HIGH,1750649.78,864552.5399999992,886097.2400000008,4,2,83.83787748230344,1626712.12,1750649.78,197.56858513632187,1,SINGLE_LARGE_PAYMENT
2026-01-22 07:05:00,RED_CONFIRMED,LOW,779773.47,878229.6254528159,-98456.15545281593,6,1,87.77273252060748,189200.83,707740.85,,1,BROAD_ELEVATION
2026-01-22 07:06:00,RED_CONFIRMED,HIGH,1403550.49,864552.5399999992,538997.9500000008,4,1,86.02261025065202,881520.79,1403550.4900000002,260.399968126038,1,SINGLE_LARGE_PAYMENT
2026-01-22 07:07:00,RED_CONFIRMED,HIGH,3310008.33,878229.6254528159,2431778.704547184,3,2,85.61856984661163,3167885.21,3310008.33,136.11470171239733,1,SINGLE_LARGE_PAYMENT
2026-01-22 07:08:00,RED_CONFIRMED,LOW,385877.37,892123.0800000004,-506245.7100000004,5,2,87.74482722499403,135265.44,385877.37,,1,DR_CR_IMBALANCE
2026-01-22 07:09:00,RED_CONFIRMED,HIGH,20390854.19,878229.6254528159,19512624.564547185,5,2,80.4697066383295,19438334.6,20390854.19,104.5008277720286,1,SINGLE_LARGE_PAYMENT
2026-01-22 07:10:00,RED_CONFIRMED,HIGH,1028133.98,892123.0800000004,136010.89999999956,4,0,69.77720028609255,675961.3,1028133.98,755.920282859685,1,SINGLE_LARGE_PAYMENT
2026-01-22 07:11:00,RED_CONFIRMED,HIGH,1136784.15,906144.7987159856,230639.3512840143,5,0,57.48187895836032,753954.49,1136784.1500000001,492.88386551180486,1,SINGLE_LARGE_PAYMENT
2026-01-22 07:12:00,RED_CONFIRMED,HIGH,1651801.3900000001,920386.9000000007,731414.4899999994,6,1,55.270253754636364,1123813.0,1638680.57,224.0426724387155,1,SINGLE_LARGE_PAYMENT
2026-01-22 07:13:00,RED_CONFIRMED,LOW,88459.08,921447.5688346564,-832988.4888346564,1,1,56.967037787561026,88459.08,88459.08,,1,FLOW_STALL_or_OUTAGE
2026-01-22 07:14:00,RED_CONFIRMED,LOW,789628.72,920386.9000000007,-130758.18000000075,3,0,57.238272634296514,718975.34,789628.72,,1,DR_CR_IMBALANCE
2026-01-22 07:15:00,RED_CONFIRMED,LOW,252262.35,765155.7199999997,-512893.36999999976,4,1,57.8646464070161,83353.88,252262.34999999998,,1,DR_CR_IMBALANCE
2026-01-22 07:16:00,RED_CONFIRMED,LOW,0.0,743318.9456225471,-743318.9456225471,0,3,66.86036872632837,0.0,0.0,,0,FLOW_STALL_or_OUTAGE
2026-01-22 07:17:00,RED_CONFIRMED,LOW,41861.86,722105.3700000002,-680243.5100000002,1,2,79.28849561136552,41861.86,41861.86,,1,FLOW_STALL_or_OUTAGE
2026-01-22 07:18:00,RED_CONFIRMED,HIGH,1149175.94,678166.9466913458,471008.9933086542,2,2,88.28282828282828,867947.25,1149175.94,243.981740545438,1,SINGLE_LARGE_PAYMENT
2026-01-22 07:19:00,RED_CONFIRMED,HIGH,1347419.61,722105.3700000002,625314.2399999999,7,2,88.28282828282828,366747.51,1311382.89,209.71582064083495,1,SINGLE_LARGE_PAYMENT
2026-01-22 07:20:00,RED_CONFIRMED,HIGH,1098675.04,743318.9456225471,355356.094377453,10,1,87.22317967707947,177617.37,786917.04,221.44464452723037,1,SINGLE_LARGE_PAYMENT
2026-01-22 07:21:00,RED_CONFIRMED,HIGH,1124753.2000000002,765155.7199999997,359597.48000000045,8,1,86.53701413774786,240372.73,964719.0,268.27746401337373,1,SINGLE_LARGE_PAYMENT
2026-01-22 07:22:00,RED_CONFIRMED,HIGH,1899026.14,770856.304699397,1128169.835300603,7,2,83.59022729983776,596163.46,1692678.46,150.03755702695088,1,SINGLE_LARGE_PAYMENT
2026-01-22 07:23:00,RED_CONFIRMED,LOW,382719.59,776599.3599999998,-393879.7699999997,7,2,80.83008373644635,164693.39,371581.63,,1,BROAD_ELEVATION
2026-01-22 07:24:00,RED_CONFIRMED,LOW,263746.24,770856.304699397,-507110.06469939696,4,2,78.31813006889539,131185.23,263746.24000000005,,1,DR_CR_IMBALANCE
2026-01-22 07:25:00,RED_CONFIRMED,HIGH,1375198.62,765155.7199999997,610042.9000000004,6,1,75.32295332816035,680433.03,1368838.29,224.3839392278804,1,SINGLE_LARGE_PAYMENT
2026-01-22 07:26:00,RED_CONFIRMED,HIGH,1057535.93,770856.304699397,286679.625300603,8,0,69.68436680361536,288762.92,908042.4099999999,316.7446619367721,1,SINGLE_LARGE_PAYMENT
2026-01-22 07:27:00,RED_CONFIRMED,HIGH,966408.17,776599.3599999998,189808.8100000003,5,0,61.58093710213564,529316.37,966408.1699999999,509.1482160390756,1,SINGLE_LARGE_PAYMENT
2026-01-22 07:28:00,RED_CONFIRMED,HIGH,1525096.8800000001,823534.0503799242,701562.8296200759,6,1,58.07525111922357,750935.54,1485404.8800000004,211.72799032189405,1,SINGLE_LARGE_PAYMENT
2026-01-22 07:29:00,RED_CONFIRMED,LOW,366601.66,873305.2900000002,-506703.6300000002,5,1,57.77989383241475,151317.37,366601.66,,1,BROAD_ELEVATION
2026-01-22 07:30:00,RED_CONFIRMED,HIGH,1990777.1400000001,1354680.9499999993,636096.1900000009,7,0,55.63549000758377,1349696.79,1939781.27,304.9509336001521,1,SINGLE_LARGE_PAYMENT
2026-01-22 07:31:00,RED_CONFIRMED,HIGH,2398118.16,1363690.346226149,1034427.8137738511,6,1,55.0734139748605,1324127.25,2308243.01,223.1420094534149,1,SINGLE_LARGE_PAYMENT
2026-01-22 07:32:00,RED_CONFIRMED,LOW,549971.2899999999,1372759.6600000004,-822788.3700000005,5,1,54.57134728417221,282589.19,549971.2899999999,,1,DR_CR_IMBALANCE
2026-01-22 07:33:00,RED_CONFIRMED,HIGH,1813461.79,1363690.346226149,449771.44377385103,3,0,50.45380694107351,1545176.94,1813461.79,403.1962933849185,1,SINGLE_LARGE_PAYMENT
2026-01-22 07:34:00,RED_CONFIRMED,LOW,747588.76,1372759.6600000004,-625170.9000000004,8,1,49.628131651448086,286630.13,700493.9999999999,,1,BROAD_ELEVATION
2026-01-22 07:35:00,RED_CONFIRMED,LOW,595196.88,1363690.346226149,-768493.466226149,5,1,48.038121887041605,276189.24,595196.88,,1,BROAD_ELEVATION
2026-01-22 07:36:00,RED_CONFIRMED,HIGH,3157873.8,1354680.9499999993,1803192.8500000006,8,1,54.61706985455322,1597283.25,3040688.8499999996,168.62804497034242,1,SINGLE_LARGE_PAYMENT
2026-01-22 07:37:00,RED_CONFIRMED,LOW,789332.42,1363690.346226149,-574357.926226149,2,1,55.2019255897363,510129.08,789332.42,,1,DR_CR_IMBALANCE
2026-01-22 07:38:00,RED_CONFIRMED,HIGH,1989719.18,1354680.9499999993,635038.2300000007,11,0,52.35323675342436,507507.18,1759752.06,277.10962535279145,1,SINGLE_LARGE_PAYMENT
2026-01-22 07:39:00,RED_CONFIRMED,LOW,565188.26,1363690.346226149,-798502.086226149,4,1,53.031542793975234,376384.14,565188.26,,1,DR_CR_IMBALANCE
2026-01-22 07:40:00,RED_CONFIRMED,HIGH,4367139.71,1354680.9499999993,3012458.7600000007,6,1,52.77703743764757,2498028.36,4352474.64,144.4824638860782,1,SINGLE_LARGE_PAYMENT
2026-01-22 07:41:00,RED_CONFIRMED,LOW,1284742.5699999998,1363690.346226149,-78947.77622614917,6,0,50.964075834571,570140.98,1251164.8699999999,,1,DR_CR_IMBALANCE
2026-01-22 07:42:00,RED_CONFIRMED,HIGH,2350645.2499999995,1354680.9499999993,995964.3000000003,4,1,50.76526439774998,1976335.13,2350645.25,236.01701888310646,1,SINGLE_LARGE_PAYMENT
2026-01-22 07:43:00,RED_CONFIRMED,LOW,1240104.83,1363690.346226149,-123585.51622614893,9,0,44.21731375260965,441559.93,1089071.28,,1,BROAD_ELEVATION
2026-01-22 07:44:00,RED_CONFIRMED,LOW,553800.81,1354680.9499999993,-800880.1399999992,6,1,49.443915727711065,141187.68,537039.04,,1,BROAD_ELEVATION
2026-01-22 07:45:00,RED_CONFIRMED,HIGH,3751603.76,1482612.1700000006,2268991.589999999,8,1,48.706125009244595,1172218.19,3131344.2600000002,138.00598793757547,1,SINGLE_LARGE_PAYMENT
2026-01-22 07:46:00,RED_CONFIRMED,HIGH,1920188.5,1507709.558140999,412478.94185900106,6,0,44.66584919624939,980602.45,1845206.7899999996,447.34569519690825,1,SINGLE_LARGE_PAYMENT
2026-01-22 07:47:00,RED_CONFIRMED,LOW,1340422.5,1533231.790000001,-192809.29000000097,9,0,31.02366576918352,446754.66,1180520.42,,1,BROAD_ELEVATION
2026-01-22 07:48:00,RED_CONFIRMED,LOW,558783.4099999999,1507709.558140999,-948926.148140999,3,1,29.958275138240438,371572.3,558783.4099999999,,1,BROAD_ELEVATION
2026-01-22 07:49:00,RED_CONFIRMED,LOW,652677.44,1482612.1700000006,-829934.7300000007,6,1,38.804013631990976,186992.05,600342.2,,1,BROAD_ELEVATION
2026-01-22 07:50:00,RED_CONFIRMED,LOW,802705.6,1477008.1338282602,-674302.5338282603,4,1,51.79701934428544,291455.74,802705.6000000001,,1,DR_CR_IMBALANCE
2026-01-22 07:51:00,RED_CONFIRMED,LOW,390759.38,1471425.279999999,-1080665.899999999,4,1,52.925515659755554,108030.84,390759.38,,1,BROAD_ELEVATION
2026-01-22 07:52:00,RED_CONFIRMED,HIGH,4400087.55,1404397.2213850825,2995690.3286149176,7,1,53.5181975009883,2004212.11,4259698.33,142.194214445707,1,SINGLE_LARGE_PAYMENT
2026-01-22 07:53:00,RED_CONFIRMED,LOW,1014318.8300000001,1471425.279999999,-457106.449999999,4,0,49.260591234437015,758155.05,1014318.83,,1,BROAD_ELEVATION
2026-01-22 07:54:00,RED_CONFIRMED,HIGH,2321258.55,1404397.2213850825,916861.3286149174,4,0,48.41231171832221,1198008.81,2321258.55,253.17444171264972,1,SINGLE_LARGE_PAYMENT
2026-01-22 07:55:00,RED_CONFIRMED,HIGH,2225501.0999999996,1471425.279999999,754075.8200000005,14,0,44.13561038693627,521290.35,1576908.6999999997,209.11805659011827,1,SINGLE_LARGE_PAYMENT
2026-01-22 07:56:00,RED_CONFIRMED,HIGH,4273396.970000001,1477008.1338282602,2796388.8361717407,7,1,47.52324931317552,3093162.94,4229181.83,151.23725911414218,1,SINGLE_LARGE_PAYMENT
2026-01-22 07:57:00,RED_CONFIRMED,LOW,609935.1799999999,1482612.1700000006,-872676.9900000007,3,1,47.418068250401355,322002.36,609935.1799999999,,1,DR_CR_IMBALANCE
2026-01-22 07:58:00,RED_CONFIRMED,HIGH,1574093.51,1477008.1338282602,97085.37617173977,8,0,40.26144426081746,986778.9,1464877.3599999999,1508.8548015807203,1,SINGLE_LARGE_PAYMENT
2026-01-22 07:59:00,RED_CONFIRMED,LOW,1118000.48,1482612.1700000006,-364611.69000000064,11,0,32.559648464454284,266849.75,833567.1000000001,,1,BROAD_ELEVATION
2026-01-22 08:00:00,RED_CONFIRMED,HIGH,1803903.5499999998,1502500.7999999993,301402.75000000047,9,0,23.395774423870293,1250449.96,1632196.87,541.5335029292194,1,SINGLE_LARGE_PAYMENT
2026-01-22 08:01:00,RED_CONFIRMED,LOW,652221.8300000001,1540282.3959460421,-888060.5659460421,7,1,33.51268109048867,220951.44,611837.91,,1,BROAD_ELEVATION
2026-01-22 08:02:00,RED_CONFIRMED,LOW,717515.41,1502500.7999999993,-784985.3899999993,9,1,41.31265409946085,221761.4,578786.04,,1,BROAD_ELEVATION
2026-01-22 08:03:00,RED_CONFIRMED,HIGH,2082608.3599999999,1488741.241598809,593867.118401191,8,0,44.67472152124798,1281162.0,1886554.3,317.67279944358285,1,SINGLE_LARGE_PAYMENT
2026-01-22 08:04:00,RED_CONFIRMED,HIGH,3452258.96,1502500.7999999993,1949758.1600000006,6,1,45.07960241154391,1727789.4,3427553.1599999997,175.79375895521312,1,SINGLE_LARGE_PAYMENT
2026-01-22 08:05:00,RED_CONFIRMED,LOW,466449.05000000005,1540282.3959460421,-1073833.345946042,6,1,45.11308360775663,259447.25,447197.42999999993,,1,BROAD_ELEVATION
2026-01-22 08:06:00,RED_CONFIRMED,HIGH,1875731.0499999998,1502500.7999999993,373230.25000000047,14,0,41.760107768960275,662462.0,1306704.15,350.10671026799093,1,SINGLE_LARGE_PAYMENT
2026-01-22 16:16:00,RED_CONFIRMED,HIGH,14165859.14,1093041.8817871988,13072817.258212801,5,2,33.693205988087286,13845518.49,14165859.139999999,108.36118076308694,1,SINGLE_LARGE_PAYMENT
2026-01-23 15:50:00,RED_CONFIRMED,LOW,308459.12,671471.8199999996,-363012.6999999996,3,1,82.19798203224563,165901.69,308459.12,,1,BROAD_ELEVATION
2026-01-26 06:32:00,RED_CONFIRMED,HIGH,381783.02,294891.0299999999,86891.9900000001,2,1,86.22415884205519,274066.78,381783.02,439.37654092166554,1,SINGLE_LARGE_PAYMENT
2026-01-26 06:33:00,RED_CONFIRMED,LOW,0.0,312281.6763363075,-312281.6763363075,0,3,87.84032045821681,0.0,0.0,,0,FLOW_STALL_or_OUTAGE
2026-01-26 06:34:00,RED_CONFIRMED,LOW,42507.41,294891.0299999999,-252383.6199999999,1,1,87.54688723713934,42507.41,42507.41,,1,FLOW_STALL_or_OUTAGE
2026-01-26 06:35:00,RED_CONFIRMED,LOW,92224.37,294568.68882733176,-202344.31882733176,2,1,87.87715350907843,57720.96,92224.37,,1,BROAD_ELEVATION
2026-01-26 06:36:00,RED_CONFIRMED,HIGH,1254182.35,294246.70000000024,959935.6499999999,5,1,85.18880609043605,376588.39,1254182.35,130.65275260899,1,SINGLE_LARGE_PAYMENT
2026-01-26 06:37:00,RED_CONFIRMED,HIGH,783475.95,294568.68882733176,488907.2611726682,2,1,83.80687323187841,448156.19,783475.95,160.25042215998064,1,SINGLE_LARGE_PAYMENT
2026-01-26 06:38:00,RED_CONFIRMED,HIGH,316145.51,294891.0299999999,21254.480000000098,2,1,83.51507438051043,285098.83,316145.51,1487.4299912300773,1,SINGLE_LARGE_PAYMENT
2026-01-26 06:39:00,RED_CONFIRMED,HIGH,673590.04,305333.38409605157,368256.6559039485,4,1,82.78641602286315,325868.21,673590.04,182.91320175776835,1,SINGLE_LARGE_PAYMENT
2026-01-26 06:40:00,RED_CONFIRMED,HIGH,347940.83999999997,316145.5100000001,31795.32999999984,3,1,82.54463838006603,189313.62,347940.83999999997,1094.314290809379,1,SINGLE_LARGE_PAYMENT
2026-01-26 06:41:00,RED_CONFIRMED,LOW,244101.16999999998,323339.8466244852,-79238.67662448523,2,1,81.76307129834136,136099.33,244101.16999999998,,1,BROAD_ELEVATION
2026-01-26 06:42:00,RED_CONFIRMED,HIGH,736038.84,316145.5100000001,419893.32999999984,5,1,79.96368747416335,294916.35,736038.84,175.29186281668257,1,SINGLE_LARGE_PAYMENT
2026-01-26 06:43:00,RED_CONFIRMED,HIGH,546863.2,323339.8466244852,223523.35337551474,2,1,76.02604460938005,341336.85,546863.2,244.65595730450627,1,SINGLE_LARGE_PAYMENT
2026-01-26 15:33:00,RED_CONFIRMED,HIGH,8286082.54,783301.8994835459,7502780.640516454,8,2,27.769647525770555,6528097.05,8018177.67,106.8694135438307,1,SINGLE_LARGE_PAYMENT
2026-01-27 06:39:00,RED_CONFIRMED,HIGH,692594.27,346924.22000000003,345670.05,3,0,41.33746097863476,304528.68,692594.27,200.36282287111655,1,SINGLE_LARGE_PAYMENT
2026-01-27 06:40:00,RED_CONFIRMED,HIGH,1130449.0,347432.1581602492,783016.8418397508,2,0,41.124946338246524,1044936.54,1130449.0,144.37096874492943,1,SINGLE_LARGE_PAYMENT
2026-01-27 06:41:00,RED_CONFIRMED,LOW,0.0,347940.8399999997,-347940.8399999997,0,2,46.20694828529858,0.0,0.0,,0,FLOW_STALL_or_OUTAGE
2026-01-28 06:39:00,RED_CONFIRMED,HIGH,734146.25,347432.1581602492,386714.0918397508,5,0,47.277580390797304,231878.36,734146.2499999999,189.84212509747908,1,SINGLE_LARGE_PAYMENT
2026-01-28 06:40:00,RED_CONFIRMED,HIGH,557363.99,347940.8399999997,209423.1500000003,6,0,45.43557415340073,264001.54,548108.39,261.7229231820834,1,SINGLE_LARGE_PAYMENT
2026-01-28 06:41:00,RED_CONFIRMED,HIGH,2239042.9,351787.5857381707,1887255.3142618292,4,0,44.90759813991644,1882531.88,2239042.9,118.64016930193502,1,SINGLE_LARGE_PAYMENT
2026-01-28 06:42:00,RED_CONFIRMED,HIGH,1932198.46,355676.86000000004,1576521.5999999999,5,0,45.1911257098447,879576.53,1932198.46,122.56086183659013,1,SINGLE_LARGE_PAYMENT
2026-01-28 06:43:00,RED_CONFIRMED,HIGH,684507.03,359611.1605338765,324895.8694661235,6,0,45.3714770802974,209496.44,671853.78,206.7904960146172,1,SINGLE_LARGE_PAYMENT
2026-01-28 06:44:00,RED_CONFIRMED,HIGH,549718.15,363588.98000000004,186129.16999999998,6,0,42.25877186704418,214353.33,530761.47,285.157597812315,1,SINGLE_LARGE_PAYMENT
2026-01-28 06:45:00,RED_CONFIRMED,HIGH,1351582.82,499869.0000000004,851713.8199999996,6,0,40.31029944713541,727064.02,1315776.22,154.48571915857846,1,SINGLE_LARGE_PAYMENT
2026-01-28 06:46:00,RED_CONFIRMED,HIGH,857722.1000000001,505982.6584597368,351739.4415402633,5,0,38.028659478920815,356230.13,857722.1000000001,243.85155564131335,1,SINGLE_LARGE_PAYMENT
2026-01-28 06:47:00,RED_CONFIRMED,LOW,163804.88,512171.0899999997,-348366.2099999997,3,0,37.034346242251296,95712.32,163804.88,,1,BROAD_ELEVATION
2026-01-28 11:42:00,RED_CONFIRMED,HIGH,27418887.22,1295319.400000001,26123567.819999997,9,2,38.10541780303111,25633848.28,27247931.65,104.304020942879,1,SINGLE_LARGE_PAYMENT
2026-01-28 11:54:00,RED_CONFIRMED,HIGH,8399415.24,1114961.421000775,7284453.818999225,11,2,44.09717888421067,6412918.49,7754533.75,106.45319392065768,1,SINGLE_LARGE_PAYMENT
2026-01-28 13:00:00,RED_CONFIRMED,HIGH,29318696.160000004,1654055.810000001,27664640.35,15,2,41.10325564696504,26931452.03,28488597.450000003,102.97837633013003,1,SINGLE_LARGE_PAYMENT
2026-01-28 14:13:00,RED_CONFIRMED,HIGH,7123075.909999999,1243453.7470402182,5879622.162959781,15,2,49.90119817124637,5560911.3,6509548.42,110.71372002453839,1,SINGLE_LARGE_PAYMENT
2026-01-28 14:20:00,RED_CONFIRMED,HIGH,7692010.92,1332198.6842404031,6359812.235759597,8,2,65.42879278549323,6409401.93,7556755.85,118.82042377776965,1,SINGLE_LARGE_PAYMENT
2026-01-28 15:33:00,RED_CONFIRMED,HIGH,11211151.969999999,834291.3005477627,10376860.669452237,12,2,54.08061676679706,9101589.75,10815943.25,104.23136239884525,1,SINGLE_LARGE_PAYMENT
2026-01-29 06:32:00,RED_CONFIRMED,HIGH,736074.06,365738.26249375386,370335.7975062462,4,1,80.57263650582968,374558.47,736074.0599999999,198.75854966129359,1,SINGLE_LARGE_PAYMENT
2026-01-29 06:33:00,RED_CONFIRMED,HIGH,493530.14999999997,367900.24999999994,125629.90000000002,2,1,76.99968741005169,477263.24,493530.14999999997,392.8444980056498,1,SINGLE_LARGE_PAYMENT
2026-01-29 06:39:00,RED_CONFIRMED,LOW,372786.98,377398.7400000003,-4611.7600000003,3,0,54.04147163905714,239259.2,372786.98000000004,,1,DR_CR_IMBALANCE
2026-01-29 06:40:00,RED_CONFIRMED,LOW,177309.49,375085.77226359985,-197776.28226359986,2,0,50.55383831515391,97180.76,177309.49,,1,BROAD_ELEVATION
2026-01-29 06:41:00,RED_CONFIRMED,HIGH,958389.4100000001,372786.9800000001,585602.43,7,0,47.4315244912411,329419.71,856112.48,146.19346439528945,1,SINGLE_LARGE_PAYMENT
2026-01-29 06:42:00,RED_CONFIRMED,HIGH,1289067.77,375085.77226359985,913981.9977364002,5,0,45.39071079437927,705593.11,1289067.77,141.03863896581666,1,SINGLE_LARGE_PAYMENT
2026-01-29 06:43:00,RED_CONFIRMED,LOW,260127.06,377398.7400000003,-117271.68000000028,2,0,43.0720985583204,152033.69,260127.06,,1,BROAD_ELEVATION
2026-01-29 06:44:00,RED_CONFIRMED,HIGH,1952145.44,375085.77226359985,1577059.6677364002,4,0,40.96141224150481,1250959.87,1952145.44,123.78386689718413,1,SINGLE_LARGE_PAYMENT
2026-01-29 06:45:00,RED_CONFIRMED,HIGH,1872686.4300000002,532483.3801324373,1340203.049867563,7,0,39.337119505159,1047761.66,1796164.2700000003,134.02180141117384,1,SINGLE_LARGE_PAYMENT
2026-01-29 06:46:00,RED_CONFIRMED,HIGH,1864414.99,538187.1800000002,1326227.8099999998,6,0,39.274766193034345,1016836.54,1803637.1300000001,135.9975349936298,1,SINGLE_LARGE_PAYMENT
2026-01-29 06:47:00,RED_CONFIRMED,HIGH,1060549.6800000002,540459.2838560813,520090.39614391886,6,0,38.169167648225134,253485.22,1025415.68,197.1610488489482,1,SINGLE_LARGE_PAYMENT
2026-01-29 14:09:00,RED_CONFIRMED,HIGH,9372672.49,1315394.53,8057277.96,19,2,45.704853745239554,4075618.12,7733039.609999999,95.97583263715528,1,SINGLE_LARGE_PAYMENT
2026-01-29 14:12:00,RED_CONFIRMED,HIGH,6635933.9799999995,1358775.9917272327,5277157.988272767,9,2,60.996664143652765,4466297.81,5955600.52,112.85621035479534,1,SINGLE_LARGE_PAYMENT
2026-01-30 14:05:00,RED_CONFIRMED,HIGH,6259353.140000001,1384269.763496678,4875083.376503322,21,2,49.755313315899436,1290109.09,4073421.35,83.55593197919174,1,SINGLE_LARGE_PAYMENT
2026-02-03 15:45:00,RED_CONFIRMED,LOW,1077085.26,1115756.6331122948,-38671.37311229482,8,0,29.490681084079583,393951.02,898662.3700000001,,1,BROAD_ELEVATION
2026-02-03 15:46:00,RED_CONFIRMED,LOW,356106.48,1115756.6331122948,-759650.1531122949,5,0,31.148888113817083,124636.61,356106.48,,1,DR_CR_IMBALANCE
2026-02-03 15:47:00,RED_CONFIRMED,LOW,134830.88,1110647.932114798,-975817.0521147981,3,0,33.83188388919056,53113.27,134830.88,,1,BROAD_ELEVATION
2026-02-03 15:48:00,RED_CONFIRMED,LOW,459218.80999999994,1103663.6826497072,-644444.8726497072,4,0,37.23910238537144,221840.81,459218.81000000006,,1,BROAD_ELEVATION
2026-02-03 15:49:00,RED_CONFIRMED,HIGH,1821295.76,1092530.1863525352,728765.5736474649,9,0,37.69653901186003,606486.85,1500155.09,205.84878652976676,1,SINGLE_LARGE_PAYMENT
2026-02-03 15:50:00,RED_CONFIRMED,LOW,795687.29,1092530.1863525352,-296842.8963525351,7,0,33.52676164561512,191469.65,731816.04,,1,BROAD_ELEVATION
2026-02-03 15:51:00,RED_CONFIRMED,HIGH,3570820.2800000003,1092530.1863525352,2478290.093647465,7,0,30.975314247976087,3027022.56,3519670.94,142.02013513356965,1,SINGLE_LARGE_PAYMENT
2026-02-03 17:50:00,RED_CONFIRMED,HIGH,2098292.13,1430989.9665490252,667302.1634509747,11,1,81.70547210260372,567502.58,1719023.62,257.60797943618434,1,SINGLE_LARGE_PAYMENT
2026-02-04 07:03:00,RED_CONFIRMED,LOW,116472.92,979813.330968385,-863340.4109683849,1,0,40.21053258270646,116472.92,116472.92,,1,FLOW_STALL_or_OUTAGE
2026-02-04 07:04:00,RED_CONFIRMED,LOW,161837.29,979813.330968385,-817976.040968385,1,0,41.4110576721821,161837.29,161837.29,,1,FLOW_STALL_or_OUTAGE
2026-02-04 07:05:00,RED_CONFIRMED,HIGH,2025195.55,979813.330968385,1045382.2190316151,4,0,42.747476432223266,962003.81,2025195.55,193.72775939082172,1,SINGLE_LARGE_PAYMENT
2026-02-04 07:06:00,RED_CONFIRMED,HIGH,1022979.22,983313.4087599599,39665.811240040115,7,0,40.71548287528323,266143.23,907293.7,2287.344369460783,1,SINGLE_LARGE_PAYMENT
2026-02-04 08:22:00,RED_CONFIRMED,HIGH,3480245.68,2264079.5175646637,1216166.1624353365,8,0,28.19619914578392,2126010.39,3345408.38,275.0782321801257,1,SINGLE_LARGE_PAYMENT
2026-02-04 08:23:00,RED_CONFIRMED,LOW,339631.94,2285010.1201683874,-1945378.1801683875,3,0,36.54996717671484,211642.13,339631.94,,1,DR_CR_IMBALANCE
2026-02-04 08:24:00,RED_CONFIRMED,LOW,1025755.52,2264079.5175646637,-1238323.9975646636,6,0,38.64167117698244,583578.21,999904.5399999999,,1,DR_CR_IMBALANCE
2026-02-04 08:25:00,RED_CONFIRMED,LOW,1920989.0899999999,2243792.497657677,-322803.4076576773,13,0,40.02232482906576,453933.72,1475803.27,,1,BROAD_ELEVATION
2026-02-04 08:26:00,RED_CONFIRMED,LOW,1096150.56,2243792.497657677,-1147641.937657677,8,0,35.329493982399754,239222.29,923328.8300000001,,1,BROAD_ELEVATION
2026-02-04 08:27:00,RED_CONFIRMED,HIGH,2609273.4299999997,2243792.497657677,365480.93234232254,11,0,32.53387947246417,659473.07,2226861.5399999996,609.296229417036,1,SINGLE_LARGE_PAYMENT
2026-02-04 08:28:00,RED_CONFIRMED,LOW,1646307.6900000002,2243792.497657677,-597484.807657677,9,0,32.435261825608116,457787.77,1387821.75,,1,DR_CR_IMBALANCE
2026-02-04 12:21:00,RED_CONFIRMED,LOW,947760.25,1909771.355937435,-962011.1059374351,10,0,46.10380795363093,197236.35,750079.94,,1,BROAD_ELEVATION
2026-02-04 12:22:00,RED_CONFIRMED,LOW,758414.3399999999,1860851.3697319068,-1102437.029731907,6,0,51.064771177520896,411319.1,746677.6099999999,,1,DR_CR_IMBALANCE
2026-02-04 12:23:00,RED_CONFIRMED,LOW,949716.5,1860851.3697319068,-911134.8697319068,7,0,50.352704122155416,272570.81,790661.8200000001,,1,BROAD_ELEVATION
2026-02-04 12:24:00,RED_CONFIRMED,HIGH,2263980.39,1860851.3697319068,403129.0202680933,10,0,49.464604392098124,735392.09,1948713.1099999999,483.3968809052856,1,SINGLE_LARGE_PAYMENT
2026-02-04 12:25:00,RED_CONFIRMED,LOW,469531.73000000004,1860851.3697319068,-1391319.6397319068,6,0,49.548271434098915,179723.94,463220.92,,1,BROAD_ELEVATION
2026-02-04 12:26:00,RED_CONFIRMED,HIGH,3442384.4099999997,1833028.4902889703,1609355.9197110294,6,0,47.62348998896107,2210725.8,3371258.1599999997,209.47871870414664,1,SINGLE_LARGE_PAYMENT
2026-02-04 12:27:00,RED_CONFIRMED,LOW,1335493.0699999998,1860851.3697319068,-525358.299731907,6,0,46.059790356108884,493830.91,1310309.0899999999,,1,BROAD_ELEVATION
2026-02-04 12:28:00,RED_CONFIRMED,HIGH,2343310.1399999997,1833028.4902889703,510281.6497110294,11,0,40.908919280024406,848129.08,2036681.6500000001,399.12892245946244,1,SINGLE_LARGE_PAYMENT
2026-02-04 14:47:00,RED_CONFIRMED,HIGH,1682030.49,1581471.2127085458,100559.27729145414,9,1,84.70218197598582,401102.56,1407424.85,1399.597220573509,1,SINGLE_LARGE_PAYMENT
2026-02-04 14:48:00,RED_CONFIRMED,HIGH,1905929.24,1613078.820360807,292850.419639193,5,1,82.97490070227605,1417948.96,1905929.24,650.8200474317928,1,SINGLE_LARGE_PAYMENT
2026-02-04 14:49:00,RED_CONFIRMED,LOW,1441207.54,1613078.820360807,-171871.28036080697,5,1,81.83248137506514,704532.62,1441207.54,,1,BROAD_ELEVATION
2026-02-04 14:50:00,RED_CONFIRMED,HIGH,1861812.95,1581471.2127085458,280341.7372914541,5,1,78.84656001288612,1088346.23,1861812.9499999997,664.1226411693336,1,SINGLE_LARGE_PAYMENT
2026-02-04 14:51:00,RED_CONFIRMED,LOW,333400.81,1613078.820360807,-1279678.010360807,5,1,78.40593131874415,105090.76,333400.81,,1,BROAD_ELEVATION
2026-02-04 14:52:00,RED_CONFIRMED,LOW,852310.01,1613078.820360807,-760768.810360807,6,1,76.96247281861982,361292.0,848717.91,,1,DR_CR_IMBALANCE
2026-02-04 14:53:00,RED_CONFIRMED,LOW,678897.11,1613078.820360807,-934181.710360807,4,1,77.52603755974198,411339.59,678897.11,,1,DR_CR_IMBALANCE
2026-02-04 14:54:00,RED_CONFIRMED,LOW,486751.50000000006,1581471.2127085458,-1094719.7127085458,4,1,76.17438438955783,230137.7,486751.50000000006,,1,DR_CR_IMBALANCE
2026-02-04 14:55:00,RED_CONFIRMED,LOW,1176695.92,1567282.3629641426,-390586.44296414265,6,1,74.4893042410822,305866.43,1083539.43,,1,BROAD_ELEVATION
2026-02-04 14:56:00,RED_CONFIRMED,LOW,615374.3700000001,1567282.3629641426,-951907.9929641425,4,1,73.43017951871802,374250.39,615374.37,,1,BROAD_ELEVATION
2026-02-04 14:57:00,RED_CONFIRMED,LOW,1253015.44,1554183.6232070883,-301168.1832070884,4,1,70.24162039910875,879642.86,1253015.44,,1,BROAD_ELEVATION
2026-02-04 16:14:00,RED_CONFIRMED,LOW,684221.3300000001,1040442.9118374999,-356221.58183749986,6,0,32.92952771648225,193418.23,668349.4500000001,,1,BROAD_ELEVATION
2026-02-04 16:15:00,RED_CONFIRMED,LOW,743101.6699999999,1394235.5402574851,-651133.8702574852,6,0,32.20289823145035,328550.92,720878.11,,1,BROAD_ELEVATION
2026-02-04 16:16:00,RED_CONFIRMED,LOW,877553.98,1394235.5402574851,-516681.56025748514,6,0,31.50253762925315,393230.08,844671.47,,1,BROAD_ELEVATION
2026-02-04 16:51:00,RED_CONFIRMED,HIGH,16361666.78,1977262.8615420498,14384403.91845795,9,2,30.827457608219348,14251997.22,16034733.620000001,111.47304894173864,1,SINGLE_LARGE_PAYMENT
2026-02-04 17:09:00,RED_CONFIRMED,HIGH,23968708.86,2458188.407930016,21510520.452069983,11,2,29.25185741463419,21849448.86,23486018.550000004,109.18386936444355,1,SINGLE_LARGE_PAYMENT
2026-02-05 06:49:00,RED_CONFIRMED,LOW,161019.40999999997,643477.9683933133,-482458.5583933134,3,0,24.53753454105048,86252.97,161019.40999999997,,1,BROAD_ELEVATION
2026-02-05 06:50:00,RED_CONFIRMED,LOW,576148.44,643477.9683933133,-67329.5283933134,5,0,21.838532057798744,265966.28,576148.44,,1,DR_CR_IMBALANCE
2026-02-05 09:45:00,RED_CONFIRMED,HIGH,16629383.77,2905332.8459386905,13724050.92406131,8,1,39.83772490651487,15461154.52,16399739.169999998,119.49634448854755,1,SINGLE_LARGE_PAYMENT
2026-02-05 12:34:00,RED_CONFIRMED,HIGH,17008852.64,1898800.6575532102,15110051.98244679,8,2,35.077881992434605,15517700.0,16816787.59,111.29536555887371,1,SINGLE_LARGE_PAYMENT
2026-02-05 15:07:00,RED_CONFIRMED,HIGH,1753706.5699999998,1416143.1455305994,337563.42446940043,7,0,21.968447339987545,758444.07,1623400.69,480.9172357910945,1,SINGLE_LARGE_PAYMENT
2026-02-05 15:08:00,RED_CONFIRMED,LOW,652126.3,1419656.6977294562,-767530.3977294562,3,0,21.013412600036098,297282.29,652126.3,,1,BROAD_ELEVATION
2026-02-05 15:09:00,RED_CONFIRMED,LOW,1015577.64,1419656.6977294562,-404079.0577294562,5,0,21.93526226006632,771990.61,1015577.64,,1,BROAD_ELEVATION
2026-02-05 15:41:00,RED_CONFIRMED,LOW,541350.78,967876.5569718961,-426525.77697189606,4,1,79.41765046933682,396525.63,541350.78,,1,DR_CR_IMBALANCE
2026-02-05 16:15:00,RED_CONFIRMED,LOW,250193.11,1391666.7807921257,-1141473.6707921256,4,1,84.63130470225559,95753.15,250193.11000000002,,1,BROAD_ELEVATION
2026-02-05 16:16:00,RED_CONFIRMED,LOW,286935.02,1381133.6409801045,-1094198.6209801044,3,1,83.21865550101188,185877.1,286935.02,,1,BROAD_ELEVATION
2026-02-05 16:17:00,RED_CONFIRMED,LOW,1139802.16,1371898.5585246566,-232096.39852465666,6,1,81.6271429070939,509045.36,1109317.53,,1,BROAD_ELEVATION
2026-02-05 16:18:00,RED_CONFIRMED,LOW,166320.98,1371898.5585246566,-1205577.5785246566,1,1,82.10176761865232,166320.98,166320.98,,1,FLOW_STALL_or_OUTAGE
2026-02-05 16:19:00,RED_CONFIRMED,LOW,226301.16000000003,1371898.5585246566,-1145597.3985246564,4,1,82.36347717417212,108650.61,226301.16,,1,BROAD_ELEVATION
2026-02-05 16:20:00,RED_CONFIRMED,LOW,558232.2000000001,1371898.5585246566,-813666.3585246565,2,1,84.14722953687759,499483.15,558232.2000000001,,1,DR_CR_IMBALANCE
2026-02-05 16:21:00,RED_CONFIRMED,LOW,589011.24,1371898.5585246566,-782887.3185246566,3,1,82.16942998030986,384153.46,589011.24,,1,DR_CR_IMBALANCE
2026-02-05 16:22:00,RED_CONFIRMED,LOW,358382.39,1371898.5585246566,-1013516.1685246566,3,1,80.36656000522017,175655.85,358382.39,,1,DR_CR_IMBALANCE
2026-02-05 16:23:00,RED_CONFIRMED,LOW,932188.49,1371898.5585246566,-439710.0685246566,5,1,77.64527879843729,290229.18,932188.49,,1,BROAD_ELEVATION
2026-02-05 16:24:00,RED_CONFIRMED,LOW,466576.75,1371898.5585246566,-905321.8085246566,2,1,75.46241329112499,388136.72,466576.75,,1,DR_CR_IMBALANCE
2026-02-05 16:27:00,RED_CONFIRMED,LOW,727662.28,1371898.5585246566,-644236.2785246565,6,0,64.6971407546657,217933.63,722646.56,,1,BROAD_ELEVATION
2026-02-05 16:28:00,RED_CONFIRMED,LOW,37529.01,1371898.5585246566,-1334369.5485246566,1,2,70.47513275529981,37529.01,37529.01,,1,FLOW_STALL_or_OUTAGE
2026-02-05 16:29:00,RED_CONFIRMED,HIGH,2330980.8200000003,1366671.2362438396,964309.5837561607,8,1,69.72076548373545,606108.83,2082796.2,215.98833352740633,1,SINGLE_LARGE_PAYMENT
2026-02-05 16:30:00,RED_CONFIRMED,HIGH,2825802.38,1665017.7028812536,1160784.6771187463,12,0,68.56155900082913,1019984.46,2237178.44,192.7298390562008,1,SINGLE_LARGE_PAYMENT
2026-02-05 16:31:00,RED_CONFIRMED,LOW,1024822.26,1675027.3116950742,-650205.0516950742,6,0,60.28934457343353,345137.43,968311.64,,1,BROAD_ELEVATION
2026-02-05 16:32:00,RED_CONFIRMED,HIGH,2480936.67,1675027.3116950742,805909.3583049257,8,0,55.18503586944042,1306155.67,2318505.96,287.6881793352702,1,SINGLE_LARGE_PAYMENT
2026-02-05 16:33:00,RED_CONFIRMED,HIGH,2034043.9299999997,1680140.50175978,353903.4282402196,9,0,50.867131074464744,512482.22,1848805.9000000001,522.4040663276885,1,SINGLE_LARGE_PAYMENT
2026-02-05 16:34:00,RED_CONFIRMED,LOW,721419.45,1724956.513869129,-1003537.0638691289,4,0,47.95068074194665,287845.67,721419.45,,1,BROAD_ELEVATION
2026-02-05 16:35:00,RED_CONFIRMED,LOW,1403408.49,1724956.513869129,-321548.0238691289,5,0,46.597259871133,948917.65,1403408.49,,1,BROAD_ELEVATION
2026-02-05 16:36:00,RED_CONFIRMED,LOW,445199.31,1680140.50175978,-1234941.19175978,4,0,48.725433497762175,215458.55,445199.30999999994,,1,BROAD_ELEVATION
2026-02-05 16:37:00,RED_CONFIRMED,LOW,1192537.58,1680140.50175978,-487602.92175978003,5,0,49.52127783710328,894691.78,1192537.58,,1,DR_CR_IMBALANCE
2026-02-06 07:05:00,RED_CONFIRMED,LOW,431474.08999999997,901041.1334167387,-469567.04341673874,4,0,42.64622745015483,223006.01,431474.0900000001,,1,DR_CR_IMBALANCE
2026-02-06 07:06:00,RED_CONFIRMED,HIGH,905608.1699999999,901041.1334167387,4567.036583261215,4,0,39.72058080414055,365670.81,905608.17,19829.229599762177,1,SINGLE_LARGE_PAYMENT
2026-02-06 07:07:00,RED_CONFIRMED,LOW,648936.81,899481.6266378631,-250544.81663786306,5,0,36.65442438197578,268645.13,648936.81,,1,BROAD_ELEVATION
2026-02-06 07:08:00,RED_CONFIRMED,LOW,0.0,899481.6266378631,-899481.6266378631,0,3,51.015192201750615,0.0,0.0,,0,FLOW_STALL_or_OUTAGE
2026-02-06 07:09:00,RED_CONFIRMED,HIGH,2036211.7699999998,860431.8061955122,1175779.9638044876,4,1,65.59416689742316,1811346.43,2036211.7699999998,173.1796622398124,1,SINGLE_LARGE_PAYMENT
2026-02-06 07:10:00,RED_CONFIRMED,LOW,457471.0,899481.6266378631,-442010.6266378631,2,1,78.28318631494294,322169.73,457471.0,,1,BROAD_ELEVATION
2026-02-06 07:11:00,RED_CONFIRMED,HIGH,1899913.5,899481.6266378631,1000431.8733621369,3,0,72.15731151468871,1667421.68,1899913.5,189.90933321776205,1,SINGLE_LARGE_PAYMENT
2026-02-06 07:12:00,RED_CONFIRMED,LOW,706382.22,907178.2988694228,-200796.07886942278,3,0,67.27873178322346,609554.68,706382.22,,1,DR_CR_IMBALANCE
2026-02-06 07:13:00,RED_CONFIRMED,HIGH,2215604.8000000003,899481.6266378631,1316123.1733621373,4,0,62.06107162986876,1910616.33,2215604.8,168.34327096756968,1,SINGLE_LARGE_PAYMENT
2026-02-06 07:14:00,RED_CONFIRMED,HIGH,1385401.31,907178.2988694228,478223.0111305773,5,0,55.60113299142989,797796.85,1385401.31,289.6977514161736,1,SINGLE_LARGE_PAYMENT
2026-02-06 15:35:00,RED_CONFIRMED,LOW,389962.47000000003,967876.5569718961,-577914.086971896,4,0,40.54890955795474,183192.39,389962.47,,1,BROAD_ELEVATION
2026-02-06 15:36:00,RED_CONFIRMED,HIGH,1187540.77,967876.5569718961,219664.21302810393,3,0,43.865275112000226,681292.24,1187540.77,540.6164042970739,1,SINGLE_LARGE_PAYMENT
2026-02-06 15:37:00,RED_CONFIRMED,LOW,430533.37,971989.4055684777,-541456.0355684777,2,0,40.92789514869514,358138.95,430533.37,,1,BROAD_ELEVATION
2026-02-06 15:38:00,RED_CONFIRMED,HIGH,2366689.29,971989.4055684777,1394699.8844315223,6,0,37.56387429460683,911661.43,2308066.3400000003,165.48838683963646,1,SINGLE_LARGE_PAYMENT
2026-02-06 15:39:00,RED_CONFIRMED,HIGH,1790126.8200000003,976080.8706883526,814045.9493116477,5,0,34.17219159023313,1076087.82,1790126.82,219.90488639046978,1,SINGLE_LARGE_PAYMENT
2026-02-06 15:40:00,RED_CONFIRMED,LOW,839419.58,976080.8706883526,-136661.29068835266,5,0,28.610399851959667,440662.76,839419.58,,1,DR_CR_IMBALANCE
2026-02-06 15:41:00,RED_CONFIRMED,LOW,817417.63,976080.8706883526,-158663.2406883526,5,0,25.452332921020844,331807.85,817417.6299999999,,1,DR_CR_IMBALANCE
2026-02-06 15:42:00,RED_CONFIRMED,LOW,560163.27,976080.8706883526,-415917.6006883526,5,0,24.966394294632494,288841.5,560163.27,,1,DR_CR_IMBALANCE
2026-02-06 15:43:00,RED_CONFIRMED,HIGH,3577597.97,971989.4055684777,2605608.5644315225,3,0,28.956046090208222,2863171.18,3577597.97,137.30373851379096,1,SINGLE_LARGE_PAYMENT
2026-02-06 15:44:00,RED_CONFIRMED,HIGH,1012492.84,976080.8706883526,36411.96931164735,8,0,28.70992771366842,508164.9,925392.8500000001,2541.4523506807095,1,SINGLE_LARGE_PAYMENT
2026-02-06 15:45:00,RED_CONFIRMED,LOW,674703.81,1050130.8116439893,-375427.00164398924,4,0,27.750016376476765,338506.43,674703.8099999999,,1,DR_CR_IMBALANCE
2026-02-06 15:46:00,RED_CONFIRMED,LOW,10405.96,1047025.1633325358,-1036619.2033325358,1,2,34.47392353362871,10405.96,10405.96,,1,FLOW_STALL_or_OUTAGE
2026-02-06 15:47:00,RED_CONFIRMED,LOW,173176.63999999998,1042129.552452243,-868952.912452243,2,0,43.30538498092978,165779.12,173176.63999999998,,1,DR_CR_IMBALANCE
2026-02-06 15:48:00,RED_CONFIRMED,LOW,365491.23,1042129.552452243,-676638.3224522431,7,0,51.510974551865566,111280.43,334432.65,,1,BROAD_ELEVATION
2026-02-06 15:49:00,RED_CONFIRMED,HIGH,1136094.4100000001,1042129.552452243,93964.8575477571,4,0,47.56252012051882,505789.63,1136094.41,1209.0630898073637,1,SINGLE_LARGE_PAYMENT
2026-02-06 15:50:00,RED_CONFIRMED,LOW,813090.99,1047025.1633325358,-233934.17333253578,5,0,45.217287243447494,307752.51,813090.99,,1,BROAD_ELEVATION
2026-02-06 15:51:00,RED_CONFIRMED,HIGH,2401363.7600000002,1047025.1633325358,1354338.5966674644,8,0,41.0697121461159,864594.79,2146445.0,158.48658565011894,1,SINGLE_LARGE_PAYMENT
2026-02-06 15:52:00,RED_CONFIRMED,LOW,551822.14,1047025.1633325358,-495203.02333253575,2,0,38.102323573298904,465907.87,551822.14,,1,BROAD_ELEVATION
2026-02-06 15:53:00,RED_CONFIRMED,LOW,991115.9899999999,1042129.552452243,-51013.562452243175,6,0,34.924976815011696,393070.67,968162.9500000001,,1,BROAD_ELEVATION
2026-02-06 15:54:00,RED_CONFIRMED,HIGH,1234758.72,1037041.0582966391,197717.66170336085,8,0,33.16873796720086,576462.96,1191469.92,602.6117797142383,1,SINGLE_LARGE_PAYMENT
2026-02-09 09:04:00,RED_CONFIRMED,HIGH,18448377.94,2787448.448102571,15660929.49189743,19,1,33.4098375437079,15910092.75,16921446.39,108.04880003294014,1,SINGLE_LARGE_PAYMENT
2026-02-09 11:19:00,RED_CONFIRMED,HIGH,14769968.52,1489508.7326941763,13280459.787305823,14,2,27.910343304725753,13489902.31,14363768.440000001,108.15716225224116,1,SINGLE_LARGE_PAYMENT
2026-02-10 07:04:00,RED_CONFIRMED,HIGH,1521082.1099999999,899481.6266378631,621600.4833621368,3,0,25.39603382523425,1327671.43,1521082.1099999999,244.70413886628788,1,SINGLE_LARGE_PAYMENT
2026-02-10 07:05:00,RED_CONFIRMED,HIGH,1670568.65,907178.2988694228,763390.3511305772,6,0,25.086420901823374,916667.97,1640586.8699999999,214.90799137954775,1,SINGLE_LARGE_PAYMENT
2026-02-10 07:06:00,RED_CONFIRMED,HIGH,1096715.67,921634.6889026391,175080.98109736084,4,0,24.0553497959508,671670.32,1096715.67,626.4048002964565,1,SINGLE_LARGE_PAYMENT
2026-02-10 10:11:00,RED_CONFIRMED,HIGH,23230104.65,2702128.581336457,20527976.06866354,11,1,32.107720156772864,20534772.42,22458554.47,109.40462125871011,1,SINGLE_LARGE_PAYMENT
2026-02-10 13:40:00,RED_CONFIRMED,HIGH,12899113.51,2176719.883345222,10722393.626654778,10,2,49.14503194903737,11051058.54,12497590.899999999,116.5559793377876,1,SINGLE_LARGE_PAYMENT
2026-02-10 14:37:00,RED_CONFIRMED,HIGH,30470036.93,1657265.5777402583,28812771.35225974,4,2,31.96479346072695,30290710.26,30470036.93,105.75184371360473,1,SINGLE_LARGE_PAYMENT
2026-02-11 07:49:00,RED_CONFIRMED,LOW,738499.49,1504756.00649329,-766256.51649329,6,1,84.33006242019957,361995.49,701510.7999999999,,1,BROAD_ELEVATION
2026-02-11 07:50:00,RED_CONFIRMED,LOW,799580.09,1504756.00649329,-705175.91649329,6,1,82.62994247601837,221291.76,783598.65,,1,BROAD_ELEVATION
2026-02-11 07:51:00,RED_CONFIRMED,LOW,1003416.23,1504756.00649329,-501339.77649329,8,1,81.66985777523625,331170.2,873534.2000000001,,1,BROAD_ELEVATION
2026-02-11 07:52:00,RED_CONFIRMED,HIGH,1921964.77,1504756.00649329,417208.76350671006,10,1,78.93723885274825,943703.51,1605742.52,384.8774667395438,1,SINGLE_LARGE_PAYMENT
2026-02-11 12:38:00,RED_CONFIRMED,LOW,1824058.82,1928878.5246589035,-104819.70465890341,10,0,21.760282853086135,465389.17,1560541.21,,1,BROAD_ELEVATION
2026-02-11 12:39:00,RED_CONFIRMED,HIGH,3874601.95,1926435.1430210301,1948166.80697897,7,0,26.54447340256122,2501375.31,3733026.9800000004,191.61742036806487,1,SINGLE_LARGE_PAYMENT
2026-02-11 12:40:00,RED_CONFIRMED,HIGH,2007546.65,1926435.1430210301,81111.50697896979,5,0,26.204265964182998,1471369.91,2007546.65,2475.045434084349,1,SINGLE_LARGE_PAYMENT
2026-02-11 12:41:00,RED_CONFIRMED,HIGH,2399990.8600000003,1926435.1430210301,473555.7169789702,5,0,28.43701732262318,1335628.35,2399990.860000001,506.8022143858059,1,SINGLE_LARGE_PAYMENT
2026-02-11 12:42:00,RED_CONFIRMED,LOW,1449196.08,1926435.1430210301,-477239.06302103004,9,0,19.796854405670405,487851.43,1187538.27,,1,BROAD_ELEVATION
2026-02-11 12:43:00,RED_CONFIRMED,LOW,1589542.32,1919536.9363953017,-329994.61639530165,7,0,19.360950796482012,581082.65,1413113.08,,1,BROAD_ELEVATION
2026-02-11 15:18:00,RED_CONFIRMED,HIGH,2518925.31,1200450.2844725284,1318475.0255274717,6,0,35.444701042055804,1005940.24,2506819.77,190.13024300533237,1,SINGLE_LARGE_PAYMENT
2026-02-11 15:19:00,RED_CONFIRMED,LOW,503456.22,1219479.26842254,-716023.0484225401,6,0,32.482068395914276,118393.9,445043.92,,1,BROAD_ELEVATION
2026-02-11 15:20:00,RED_CONFIRMED,HIGH,3874404.09,1200450.2844725284,2673953.8055274715,7,0,33.58793777493121,2775824.73,3728328.7600000002,139.43130776204788,1,SINGLE_LARGE_PAYMENT
2026-02-11 15:21:00,RED_CONFIRMED,HIGH,3302554.39,1219479.26842254,2083075.12157746,8,0,34.21574850433125,2349441.97,3103860.69,149.0037808933902,1,SINGLE_LARGE_PAYMENT
2026-02-11 15:22:00,RED_CONFIRMED,LOW,85271.73,1219479.26842254,-1134207.53842254,3,0,40.623823374523504,32842.14,85271.73,,1,BROAD_ELEVATION
2026-02-11 15:23:00,RED_CONFIRMED,LOW,718560.61,1200450.2844725284,-481889.6744725284,4,0,38.08234709063533,459621.29,718560.61,,1,DR_CR_IMBALANCE
2026-02-11 15:24:00,RED_CONFIRMED,LOW,107240.48,1180545.9878665754,-1073305.5078665754,1,0,43.49863815527514,107240.48,107240.48,,1,FLOW_STALL_or_OUTAGE
2026-02-11 15:25:00,RED_CONFIRMED,HIGH,2030285.08,1180545.9878665754,849739.0921334247,7,0,39.28876436740504,1188422.49,1905601.93,224.25729822734638,1,SINGLE_LARGE_PAYMENT
2026-02-11 15:26:00,RED_CONFIRMED,LOW,838055.25,1180545.9878665754,-342490.73786657536,4,0,40.40743951278028,526100.26,838055.25,,1,DR_CR_IMBALANCE
2026-02-11 15:27:00,RED_CONFIRMED,HIGH,2095361.13,1156833.8124495917,938527.3175504082,6,0,34.391169281263124,1462006.54,2057097.22,219.18352098360882,1,SINGLE_LARGE_PAYMENT
2026-02-11 15:28:00,RED_CONFIRMED,HIGH,1618968.58,1156833.8124495917,462134.7675504084,8,0,30.383323730950423,575342.79,1407696.31,304.6073156238894,1,SINGLE_LARGE_PAYMENT
2026-02-11 15:29:00,RED_CONFIRMED,LOW,272234.05000000005,1156833.8124495917,-884599.7624495917,2,0,30.32151897068269,180650.23,272234.05000000005,,1,DR_CR_IMBALANCE
2026-02-11 15:30:00,RED_CONFIRMED,LOW,210974.24,1023102.2028087275,-812127.9628087275,2,0,33.987616448944166,168652.88,210974.24,,1,DR_CR_IMBALANCE
2026-02-11 15:31:00,RED_CONFIRMED,LOW,763738.7200000001,1023102.2028087275,-259363.48280872742,5,0,37.27624280894607,298352.33,763738.72,,1,BROAD_ELEVATION
2026-02-11 15:32:00,RED_CONFIRMED,LOW,648444.67,1023102.2028087275,-374657.53280872747,5,0,37.57251985860264,201264.51,648444.67,,1,BROAD_ELEVATION
2026-02-11 15:33:00,RED_CONFIRMED,LOW,828718.5900000001,1015198.9181714642,-186480.32817146415,5,0,35.25889807324271,448680.64,828718.5900000001,,1,DR_CR_IMBALANCE
2026-02-11 15:34:00,RED_CONFIRMED,LOW,332977.78,1012932.3146226575,-679954.5346226575,4,0,36.861620195040416,102838.52,332977.78,,1,BROAD_ELEVATION
2026-02-11 15:35:00,RED_CONFIRMED,HIGH,2421324.8000000003,1005852.7063490587,1415472.0936509417,4,0,37.23020449173615,2089156.75,2421324.8000000003,171.06128837585575,1,SINGLE_LARGE_PAYMENT
2026-02-11 15:36:00,RED_CONFIRMED,LOW,518732.2100000001,1012932.3146226575,-494200.1046226574,3,0,35.96022122796577,256156.67,518732.21,,1,BROAD_ELEVATION
2026-02-11 15:37:00,RED_CONFIRMED,LOW,977772.5599999999,1012932.3146226575,-35159.75462265755,7,0,33.16263693540994,519801.68,918455.6699999999,,1,BROAD_ELEVATION
2026-02-11 15:38:00,RED_CONFIRMED,LOW,451450.38999999996,1005852.7063490587,-554402.3163490586,4,0,33.07921580397329,226244.49,451450.38999999996,,1,DR_CR_IMBALANCE
2026-02-11 15:57:00,RED_CONFIRMED,HIGH,1335642.0,916881.4806164195,418760.51938358054,8,0,30.406564220783014,651434.6,1194377.8199999998,285.21738910777344,1,SINGLE_LARGE_PAYMENT
2026-02-11 15:58:00,RED_CONFIRMED,HIGH,966945.0900000001,916881.4806164195,50063.609383580624,5,0,31.76848132688816,652304.05,966945.0900000001,1931.4330347047037,1,SINGLE_LARGE_PAYMENT
2026-02-11 15:59:00,RED_CONFIRMED,HIGH,1894158.77,916881.4806164195,977277.2893835806,4,0,28.651885783267417,867017.8,1894158.77,193.81999260360837,1,SINGLE_LARGE_PAYMENT
2026-02-11 16:00:00,RED_CONFIRMED,HIGH,2132062.27,1041048.4227619604,1091013.8472380396,6,0,27.272938874497967,1359924.71,2126601.2,194.91972584799046,1,SINGLE_LARGE_PAYMENT
2026-02-11 16:01:00,RED_CONFIRMED,HIGH,1496570.75,1050675.7869630244,445894.9630369756,6,0,25.747785624784274,667801.88,1481583.49,332.27186059895917,1,SINGLE_LARGE_PAYMENT
2026-02-11 16:02:00,RED_CONFIRMED,LOW,42223.75,1065015.6645938666,-1022791.9145938666,1,2,35.044788202396866,42223.75,42223.75,,1,FLOW_STALL_or_OUTAGE
2026-02-11 16:03:00,RED_CONFIRMED,HIGH,1405187.26,1050675.7869630244,354511.4730369756,6,0,34.907426829208454,629094.17,1382019.5399999998,389.83774718508334,1,SINGLE_LARGE_PAYMENT
2026-02-11 16:04:00,RED_CONFIRMED,LOW,673138.14,1050675.7869630244,-377537.6469630244,4,0,36.31638576821761,342468.96,673138.1399999999,,1,DR_CR_IMBALANCE
2026-02-11 16:05:00,RED_CONFIRMED,LOW,0.0,1041048.4227619604,-1041048.4227619604,0,3,47.24175649401968,0.0,0.0,,0,FLOW_STALL_or_OUTAGE
2026-02-11 16:06:00,RED_CONFIRMED,LOW,487820.4,1037351.9918875362,-549531.5918875362,3,1,66.13599441341252,211048.48,487820.39999999997,,1,BROAD_ELEVATION
2026-02-11 16:07:00,RED_CONFIRMED,LOW,362841.94999999995,1027897.8870569239,-665055.937056924,3,1,84.37461120925023,179341.73,362841.94999999995,,1,BROAD_ELEVATION
2026-02-11 16:08:00,RED_CONFIRMED,LOW,279951.82,1021711.886563634,-741760.066563634,4,1,82.83141232159385,96720.92,279951.82,,1,BROAD_ELEVATION
2026-02-11 16:09:00,RED_CONFIRMED,LOW,660241.77,1010706.6061442484,-350464.8361442484,3,1,83.01208050511742,450434.82,660241.77,,1,DR_CR_IMBALANCE
2026-02-11 16:10:00,RED_CONFIRMED,LOW,974765.5800000001,994314.998489061,-19549.418489060947,6,1,82.52041510952978,636037.56,961356.4100000001,,1,BROAD_ELEVATION
2026-02-11 16:11:00,RED_CONFIRMED,HIGH,1084675.15,987339.5364153857,97335.61358461424,6,1,80.783461575493,363844.77,1048620.49,1077.3245797525383,1,SINGLE_LARGE_PAYMENT
2026-02-11 16:12:00,RED_CONFIRMED,LOW,330224.6,1010706.6061442484,-680482.0061442484,1,1,79.2136997038074,330224.6,330224.6,,1,FLOW_STALL_or_OUTAGE
2026-02-11 16:13:00,RED_CONFIRMED,HIGH,1391745.85,987339.5364153857,404406.3135846144,7,1,75.33612818961056,1095994.31,1356103.2200000002,335.33186165657156,1,SINGLE_LARGE_PAYMENT
2026-02-11 16:14:00,RED_CONFIRMED,LOW,604716.65,987339.5364153857,-382622.88641538564,3,0,71.68350823792915,291224.44,604716.6499999999,,1,DR_CR_IMBALANCE
2026-02-11 16:15:00,RED_CONFIRMED,LOW,158033.58,1255665.503621578,-1097631.923621578,4,1,70.37516368226407,67715.81,158033.58,,1,DR_CR_IMBALANCE
2026-02-11 16:16:00,RED_CONFIRMED,LOW,104620.47,1227284.4233419797,-1122663.9533419798,2,1,73.64403019815553,63446.41,104620.47,,1,BROAD_ELEVATION
2026-02-11 16:17:00,RED_CONFIRMED,LOW,516331.87999999995,1227284.4233419797,-710952.5433419799,6,1,76.26831967411077,311946.54,499871.54,,1,BROAD_ELEVATION
2026-02-11 16:18:00,RED_CONFIRMED,LOW,963672.72,1224657.622601371,-260984.90260137105,6,1,74.34251157178947,321058.18,924794.4299999999,,1,BROAD_ELEVATION
2026-02-11 16:19:00,RED_CONFIRMED,HIGH,1597998.08,1224657.622601371,373340.45739862905,6,0,68.56908564084553,737999.2,1550586.3099999998,415.32769333498265,1,SINGLE_LARGE_PAYMENT
2026-02-11 16:20:00,RED_CONFIRMED,LOW,337813.88,1224657.622601371,-886843.742601371,2,0,65.43352676316813,245276.86,337813.88,,1,BROAD_ELEVATION
2026-02-11 16:21:00,RED_CONFIRMED,LOW,177449.33,1222662.5087689806,-1045213.1787689807,1,1,66.40101450031672,177449.33,177449.33,,1,FLOW_STALL_or_OUTAGE
2026-02-11 16:22:00,RED_CONFIRMED,LOW,587396.51,1208905.1524075256,-621508.6424075256,4,0,67.93797406721477,539366.67,587396.51,,1,DR_CR_IMBALANCE
2026-02-11 16:23:00,RED_CONFIRMED,HIGH,1252087.71,1173735.3883339923,78352.32166600763,2,0,66.72101386004864,1230660.02,1252087.71,1598.0224751185715,1,SINGLE_LARGE_PAYMENT
2026-02-11 16:24:00,RED_CONFIRMED,LOW,1097321.33,1173735.3883339923,-76414.05833399226,3,0,62.22381599580893,1044861.18,1097321.33,,1,DR_CR_IMBALANCE
2026-02-11 16:25:00,RED_CONFIRMED,LOW,967028.09,1148360.1680303018,-181332.07803030184,7,0,58.01825788041026,642296.23,927361.11,,1,DR_CR_IMBALANCE
2026-02-11 16:26:00,RED_CONFIRMED,LOW,755231.3099999999,1142810.1957711382,-387578.88577113824,5,0,54.876923581891106,304689.88,755231.3100000002,,1,DR_CR_IMBALANCE
2026-02-11 16:27:00,RED_CONFIRMED,LOW,582554.3600000001,1138579.8796371538,-556025.5196371537,5,0,52.90798793623307,249053.12,582554.3600000001,,1,DR_CR_IMBALANCE
2026-02-11 16:28:00,RED_CONFIRMED,HIGH,1334729.53,1135959.8795484456,198769.65045155445,8,0,50.740522374302536,705244.42,1287765.32,647.8681816235639,1,SINGLE_LARGE_PAYMENT
2026-02-11 16:29:00,RED_CONFIRMED,LOW,572747.59,1135959.8795484456,-563212.2895484456,8,0,49.46661752593977,130758.62,502834.1,,1,BROAD_ELEVATION
2026-02-11 16:30:00,RED_CONFIRMED,LOW,1644256.3199999998,1719759.7164986858,-75503.39649868594,10,0,47.63644309581934,798075.54,1452978.65,,1,BROAD_ELEVATION
2026-02-11 16:31:00,RED_CONFIRMED,LOW,166320.46000000002,1719759.7164986858,-1553439.2564986858,2,1,52.710991741766996,92179.94,166320.46000000002,,1,FLOW_STALL_or_OUTAGE
2026-02-11 16:32:00,RED_CONFIRMED,LOW,971366.31,1719759.7164986858,-748393.4064986857,5,0,55.18898423338148,371205.94,971366.3099999999,,1,BROAD_ELEVATION
2026-02-11 16:33:00,RED_CONFIRMED,LOW,976443.61,1663319.5965929406,-686875.9865929406,6,0,58.46152769776606,613169.11,947224.5699999998,,1,BROAD_ELEVATION
2026-02-11 16:34:00,RED_CONFIRMED,LOW,1330448.79,1631382.300228914,-300933.510228914,8,0,55.48725211535168,335187.94,1167377.37,,1,BROAD_ELEVATION
2026-02-11 16:35:00,RED_CONFIRMED,LOW,922237.74,1600294.318166907,-678056.578166907,9,0,52.869348083578295,280417.29,809197.0399999999,,1,BROAD_ELEVATION
2026-02-11 16:36:00,RED_CONFIRMED,LOW,1105678.8800000001,1600294.318166907,-494615.4381669068,7,0,49.84740904564317,293919.39,972638.1700000002,,1,BROAD_ELEVATION
2026-02-11 16:37:00,RED_CONFIRMED,HIGH,2588817.74,1578354.3083526355,1010463.4316473647,10,0,46.28213678967443,1014357.34,2360977.1699999995,233.65290579104715,1,SINGLE_LARGE_PAYMENT
2026-02-11 17:44:00,RED_CONFIRMED,HIGH,17279932.68,1981523.6853281516,15298408.994671848,13,2,37.5369425139242,15378983.84,16913563.18,110.55766116522759,1,SINGLE_LARGE_PAYMENT
2026-02-12 11:56:00,RED_CONFIRMED,LOW,811723.9600000001,1399870.3422771248,-588146.3822771247,4,0,25.50564278427885,753942.56,811723.9600000001,,1,DR_CR_IMBALANCE
2026-02-12 11:57:00,RED_CONFIRMED,HIGH,1713539.8900000001,1348394.003513022,365145.88648697804,8,0,21.967007553023944,657773.5,1514412.17,414.74167614757107,1,SINGLE_LARGE_PAYMENT
2026-02-12 11:58:00,RED_CONFIRMED,LOW,1253338.96,1399870.3422771248,-146531.3822771248,7,0,20.46300328336483,520921.9,1200566.86,,1,BROAD_ELEVATION
2026-02-12 15:52:00,RED_CONFIRMED,HIGH,21193272.580000002,886708.742837627,20306563.837162375,3,2,29.48964143788191,20476576.35,21193272.580000002,104.3666114560204,1,SINGLE_LARGE_PAYMENT
2026-02-12 17:39:00,RED_CONFIRMED,HIGH,15693052.52,1964108.264732607,13728944.255267393,8,2,33.17411488085015,14330681.52,15627563.499999998,113.82931716693483,1,SINGLE_LARGE_PAYMENT
2026-02-16 12:57:00,RED_CONFIRMED,HIGH,26033792.890000004,1909427.230198906,24124365.6598011,16,2,42.74110297638697,21935217.55,24401507.080000002,101.14880293271591,1,SINGLE_LARGE_PAYMENT
2026-02-16 14:46:00,RED_CONFIRMED,HIGH,16708447.229999999,1213562.6936347613,15494884.536365237,10,2,40.9936131616682,14800606.35,16382003.389999999,105.72523694224869,1,SINGLE_LARGE_PAYMENT
2026-02-17 16:11:00,RED_CONFIRMED,HIGH,16108083.61,874704.834225084,15233378.775774915,7,2,42.82738743810998,14883207.99,15939595.0,104.63597888964826,1,SINGLE_LARGE_PAYMENT
2026-02-17 17:31:00,RED_CONFIRMED,HIGH,20919211.0,1829760.1449978342,19089450.855002165,13,2,39.614712194108364,13851468.41,20158229.42,105.59879156878824,1,SINGLE_LARGE_PAYMENT
2026-02-18 08:15:00,RED_CONFIRMED,LOW,800539.8999999999,2049478.1377421794,-1248938.2377421795,6,0,34.65072717347015,250570.49,790404.16,,1,DR_CR_IMBALANCE
2026-02-18 08:16:00,RED_CONFIRMED,LOW,2006952.55,2049478.1377421794,-42525.5877421794,9,0,34.36560591539428,1146811.95,1901870.02,,1,DR_CR_IMBALANCE
2026-02-18 08:17:00,RED_CONFIRMED,LOW,1687639.58,2049478.1377421794,-361838.5577421794,7,0,34.55932252845471,1111352.58,1539412.0600000003,,1,BROAD_ELEVATION
2026-02-18 08:18:00,RED_CONFIRMED,HIGH,5778893.66,2025800.7094354099,3753092.9505645903,10,0,34.22273293464523,3135284.16,5088413.2700000005,135.57919659928842,1,SINGLE_LARGE_PAYMENT
2026-02-18 12:27:00,RED_CONFIRMED,HIGH,16283710.780000001,1368325.1450597972,14915385.634940203,5,2,46.137042107389675,15095156.96,16283710.780000001,109.1739173129685,1,SINGLE_LARGE_PAYMENT
2026-02-18 16:09:00,RED_CONFIRMED,LOW,134808.6,865007.1107379002,-730198.5107379003,2,1,87.8845461413835,105712.15,134808.6,,1,DR_CR_IMBALANCE
2026-02-18 16:10:00,RED_CONFIRMED,LOW,0.0,865007.1107379002,-865007.1107379002,0,4,88.89785682342097,0.0,0.0,,0,FLOW_STALL_or_OUTAGE
2026-02-18 16:11:00,RED_CONFIRMED,HIGH,1898521.94,853006.5282663319,1045515.4117336681,7,1,87.95422215687593,1332845.99,1863799.5399999998,178.26609910125165,1,SINGLE_LARGE_PAYMENT
2026-02-18 16:12:00,RED_CONFIRMED,HIGH,1134189.27,853006.5282663319,281182.74173366814,5,1,87.59977963149231,584531.02,1134189.27,403.36375661145166,1,SINGLE_LARGE_PAYMENT
2026-02-18 16:13:00,RED_CONFIRMED,HIGH,1507181.9,865007.1107379002,642174.7892620997,7,1,84.8636202788593,527896.02,1439357.29,224.1379316142128,1,SINGLE_LARGE_PAYMENT
2026-02-18 16:14:00,RED_CONFIRMED,HIGH,1071574.64,874704.834225084,196869.80577491585,3,1,84.64206274987556,889448.1,1071574.64,544.3062412654316,1,SINGLE_LARGE_PAYMENT
2026-02-18 16:15:00,RED_CONFIRMED,HIGH,1177471.56,967470.2339217338,210001.32607826625,5,1,84.29644789617974,832416.82,1177471.5599999998,560.6972022458388,1,SINGLE_LARGE_PAYMENT
2026-02-18 16:16:00,RED_CONFIRMED,LOW,641053.6200000001,984460.2486639158,-343406.6286639157,4,1,83.76503235234527,299462.96,641053.6200000001,,1,DR_CR_IMBALANCE
2026-02-18 16:17:00,RED_CONFIRMED,HIGH,1715017.5,984460.2486639158,730557.2513360842,6,1,82.8389499369609,1047249.71,1686764.8899999997,230.8874337931968,1,SINGLE_LARGE_PAYMENT
2026-02-18 16:18:00,RED_CONFIRMED,LOW,958245.04,984460.2486639158,-26215.20866391575,6,1,81.654446772072,709610.76,932391.16,,1,DR_CR_IMBALANCE
2026-02-18 16:19:00,RED_CONFIRMED,HIGH,1081285.1300000001,967470.2339217338,113814.89607826632,5,1,78.58650418966754,680808.61,1081285.1300000001,950.0383229770206,1,SINGLE_LARGE_PAYMENT
2026-02-19 07:17:00,RED_CONFIRMED,LOW,25309.3,956590.1167881174,-931280.8167881174,1,1,44.0257519215549,25309.3,25309.3,,1,FLOW_STALL_or_OUTAGE
2026-02-19 07:18:00,RED_CONFIRMED,HIGH,4581563.83,956590.1167881174,3624973.713211883,5,0,45.79936711554492,3419990.83,4581563.83,126.38888423664008,1,SINGLE_LARGE_PAYMENT
2026-02-19 07:19:00,RED_CONFIRMED,LOW,889303.03,965506.2435835857,-76203.21358358569,4,0,45.1088784715314,590509.04,889303.0300000001,,1,DR_CR_IMBALANCE
2026-02-19 07:20:00,RED_CONFIRMED,HIGH,1424246.98,960370.8936074694,463876.0863925306,5,0,35.96875221271087,725466.4,1424246.98,307.0317746008589,1,SINGLE_LARGE_PAYMENT
2026-02-19 07:21:00,RED_CONFIRMED,LOW,154371.03,960370.8936074694,-805999.8636074694,3,0,37.163444934582564,61680.48,154371.03000000003,,1,DR_CR_IMBALANCE
2026-02-19 07:22:00,RED_CONFIRMED,LOW,612372.76,960370.8936074694,-347998.1336074694,3,0,36.937434623065506,352823.21,612372.76,,1,BROAD_ELEVATION
2026-02-19 07:23:00,RED_CONFIRMED,LOW,634869.4299999999,960370.8936074694,-325501.46360746946,5,0,38.190673717960415,346464.95,634869.43,,1,DR_CR_IMBALANCE
2026-02-19 07:24:00,RED_CONFIRMED,LOW,878198.04,960370.8936074694,-82172.85360746935,2,0,35.619332223227815,738690.35,878198.04,,1,DR_CR_IMBALANCE
2026-02-19 07:25:00,RED_CONFIRMED,HIGH,2497711.36,949289.8129580847,1548421.5470419151,5,0,35.61302610644102,1744853.68,2497711.36,161.30693639413607,1,SINGLE_LARGE_PAYMENT
2026-02-19 07:26:00,RED_CONFIRMED,LOW,490724.10000000003,949289.8129580847,-458565.7129580847,4,0,34.52784745441331,216553.32,490724.0999999999,,1,BROAD_ELEVATION
2026-02-19 07:27:00,RED_CONFIRMED,LOW,266933.61,949289.8129580847,-682356.2029580848,3,0,34.834227760305936,152061.96,266933.61,,1,DR_CR_IMBALANCE
2026-02-19 07:28:00,RED_CONFIRMED,LOW,906655.06,942559.6500581106,-35904.59005811054,7,0,34.71450903435554,572769.8,842018.04,,1,DR_CR_IMBALANCE
2026-02-19 07:29:00,RED_CONFIRMED,LOW,899218.82,942559.6500581106,-43340.830058110645,6,0,34.94638602520459,370017.1,878232.85,,1,BROAD_ELEVATION
2026-02-19 07:30:00,RED_CONFIRMED,LOW,833559.37,1293754.0133631504,-460194.6433631504,3,0,32.85769668964473,344072.08,833559.37,,1,BROAD_ELEVATION
2026-02-19 07:31:00,RED_CONFIRMED,HIGH,1798311.78,1275553.1240404407,522758.6559595594,6,0,32.336951390272084,778261.59,1778131.25,340.14381775010844,1,SINGLE_LARGE_PAYMENT
2026-02-19 07:32:00,RED_CONFIRMED,LOW,24305.03,1293754.0133631504,-1269448.9833631504,1,1,40.90531530887889,24305.03,24305.03,,1,FLOW_STALL_or_OUTAGE
2026-02-19 07:33:00,RED_CONFIRMED,HIGH,2333256.05,1293754.0133631504,1039502.0366368494,8,0,42.415137541658716,794059.84,1938346.3499999999,186.4687400008589,1,SINGLE_LARGE_PAYMENT
2026-02-19 07:34:00,RED_CONFIRMED,LOW,311303.35,1303424.734708092,-992121.384708092,4,0,44.637477321732746,136549.62,311303.35,,1,BROAD_ELEVATION
2026-02-19 07:35:00,RED_CONFIRMED,HIGH,2063060.82,1293754.0133631504,769306.8066368497,8,0,35.990470489810626,975734.93,1898171.09,246.7378520018775,1,SINGLE_LARGE_PAYMENT
2026-02-19 07:36:00,RED_CONFIRMED,LOW,441246.44999999995,1303424.734708092,-862178.284708092,5,0,36.26240586070528,256278.96,441246.45,,1,DR_CR_IMBALANCE
2026-02-19 13:13:00,RED_CONFIRMED,HIGH,15488291.08,1725767.8717629241,13762523.208237076,12,2,40.38327112398334,12566122.91,15140537.84,110.01280514417707,1,SINGLE_LARGE_PAYMENT
2026-02-19 16:03:00,RED_CONFIRMED,LOW,505936.55000000005,882357.7339084307,-376421.1839084306,2,0,32.56562336124647,340890.21,505936.55000000005,,1,BROAD_ELEVATION
2026-02-19 16:04:00,RED_CONFIRMED,HIGH,1802376.7600000002,882357.7339084307,920019.0260915696,8,0,31.7794614768388,795744.36,1705952.81,185.42581855586607,1,SINGLE_LARGE_PAYMENT
2026-02-19 16:39:00,RED_CONFIRMED,HIGH,2020830.0899999999,1367959.1006159442,652870.9893840556,6,0,35.09850393182786,1575716.79,1976872.5599999998,302.79681470684733,1,SINGLE_LARGE_PAYMENT
2026-02-19 16:40:00,RED_CONFIRMED,HIGH,2610538.31,1394803.8882141737,1215734.4217858263,15,0,34.87921328454359,929855.32,2270067.94,186.72399985725775,1,SINGLE_LARGE_PAYMENT
2026-02-19 16:41:00,RED_CONFIRMED,LOW,1064074.1700000002,1394803.8882141737,-330729.71821417357,7,0,34.61902045064857,504806.93,985412.93,,1,BROAD_ELEVATION
2026-02-20 13:26:00,RED_CONFIRMED,HIGH,38060092.53,1801291.0383877505,36258801.49161225,13,2,43.94166150273549,34462294.64,37256534.800000004,102.75169963524185,1,SINGLE_LARGE_PAYMENT
2026-02-20 16:00:00,RED_CONFIRMED,HIGH,1086281.19,882357.7339084307,203923.45609156927,6,1,84.87912982532845,279805.34,1019563.76,499.97375463378654,1,SINGLE_LARGE_PAYMENT
2026-02-20 16:01:00,RED_CONFIRMED,HIGH,1103113.24,891306.0722312748,211807.1677687252,4,1,80.63535420409742,763466.03,1103113.24,520.8101555866621,1,SINGLE_LARGE_PAYMENT
2026-02-23 06:58:00,RED_CONFIRMED,HIGH,37634616.21,729401.4808980653,36905214.72910193,5,1,45.62851074505438,37349182.68,37634616.21,101.9764184716229,1,SINGLE_LARGE_PAYMENT
2026-02-24 07:17:00,RED_CONFIRMED,HIGH,1358341.8299999998,959984.1150544222,398357.71494557767,6,0,43.08481326206279,664019.52,1304810.9400000002,327.5475511195407,1,SINGLE_LARGE_PAYMENT
2026-02-24 07:18:00,RED_CONFIRMED,LOW,715455.28,968931.8763887804,-253476.5963887804,3,0,39.48577811988522,342052.76,715455.28,,1,BROAD_ELEVATION
2026-02-24 07:19:00,RED_CONFIRMED,LOW,227432.72,968931.8763887804,-741499.1563887805,3,0,39.31607412601224,107340.18,227432.72,,1,BROAD_ELEVATION
2026-02-24 07:20:00,RED_CONFIRMED,HIGH,1277450.79,968931.8763887804,308518.9136112196,6,0,38.70953948648317,511731.66,1264951.68,410.0078225978813,1,SINGLE_LARGE_PAYMENT
2026-02-24 07:21:00,RED_CONFIRMED,LOW,119826.17,980816.8909862852,-860990.7209862851,2,0,44.41435846091441,80680.0,119826.17,,1,DR_CR_IMBALANCE
2026-02-24 07:22:00,RED_CONFIRMED,HIGH,1241935.23,968931.8763887804,273003.35361121956,7,0,42.71938475264656,671261.94,1158518.51,424.3605416107198,1,SINGLE_LARGE_PAYMENT
2026-02-24 07:23:00,RED_CONFIRMED,HIGH,1455388.71,980816.8909862852,474571.8190137148,7,0,41.76101819369499,604038.58,1416771.54,298.5368037538395,1,SINGLE_LARGE_PAYMENT
2026-02-24 07:24:00,RED_CONFIRMED,HIGH,1164053.72,980816.8909862852,183236.8290137148,5,0,34.64257136256527,709485.86,1164053.7200000002,635.2727921922692,1,SINGLE_LARGE_PAYMENT
2026-02-24 07:25:00,RED_CONFIRMED,LOW,506390.78,980816.8909862852,-474426.11098628514,3,0,33.937848023130506,418681.27,506390.78,,1,DR_CR_IMBALANCE
2026-02-24 07:26:00,RED_CONFIRMED,LOW,744200.27,980816.8909862852,-236616.62098628515,9,0,33.822274937067675,287186.04,660903.9999999999,,1,BROAD_ELEVATION
2026-02-24 07:27:00,RED_CONFIRMED,LOW,267566.46,980816.8909862852,-713250.4309862852,4,0,35.38028315661479,137467.01,267566.46,,1,BROAD_ELEVATION
2026-02-24 07:28:00,RED_CONFIRMED,LOW,289888.61,980816.8909862852,-690928.2809862852,3,0,36.78220692345167,133815.2,289888.61,,1,DR_CR_IMBALANCE
2026-02-24 07:29:00,RED_CONFIRMED,LOW,25937.97,980816.8909862852,-954878.9209862852,1,1,45.796077135686495,25937.97,25937.97,,1,FLOW_STALL_or_OUTAGE
2026-02-24 07:30:00,RED_CONFIRMED,LOW,1036213.76,1410668.0333975395,-374454.2733975395,4,0,48.42372243633773,384695.61,1036213.76,,1,BROAD_ELEVATION
2026-02-24 07:31:00,RED_CONFIRMED,LOW,1282524.47,1410668.0333975395,-128143.56339753955,7,0,49.05042711614266,355031.79,1171509.8599999999,,1,BROAD_ELEVATION
2026-02-24 07:32:00,RED_CONFIRMED,LOW,290707.82,1410668.0333975395,-1119960.2133975395,2,0,46.41057871542413,196017.4,290707.82,,1,DR_CR_IMBALANCE
2026-02-24 07:33:00,RED_CONFIRMED,LOW,228255.71000000002,1410668.0333975395,-1182412.3233975396,3,0,50.497074857101204,109353.2,228255.71,,1,BROAD_ELEVATION
2026-02-24 07:34:00,RED_CONFIRMED,LOW,648246.28,1397313.5811399668,-749067.3011399668,9,0,54.482471704159046,220931.63,559776.48,,1,BROAD_ELEVATION
2026-02-24 07:35:00,RED_CONFIRMED,HIGH,1977377.1300000001,1379587.74058446,597789.38941554,7,0,52.97426892811195,765741.73,1946600.16,325.63310665369875,1,SINGLE_LARGE_PAYMENT
2026-02-24 11:44:00,RED_CONFIRMED,LOW,1153985.86,1246450.0301176715,-92464.17011767137,7,1,83.7345615935783,787478.67,1107851.24,,1,BROAD_ELEVATION
2026-02-24 11:49:00,RED_CONFIRMED,HIGH,1504481.73,1436754.2145840449,67727.5154159551,6,0,63.236974808822566,604067.76,1446672.1800000002,2136.01838354046,1,SINGLE_LARGE_PAYMENT
2026-02-24 14:17:00,RED_CONFIRMED,HIGH,3133508.34,1685992.5992861271,1447515.7407138727,5,1,86.59422827125967,2781698.37,3133508.34,216.4749060659364,1,SINGLE_LARGE_PAYMENT
2026-02-24 14:18:00,RED_CONFIRMED,LOW,1536583.1199999999,1698967.6167051962,-162384.49670519633,4,1,84.96340054800972,1047997.7,1536583.1199999999,,1,BROAD_ELEVATION
2026-02-24 14:19:00,RED_CONFIRMED,LOW,454097.67000000004,1698967.6167051962,-1244869.946705196,3,1,84.79440400019045,310370.69,454097.67000000004,,1,BROAD_ELEVATION
2026-02-24 14:20:00,RED_CONFIRMED,LOW,1489564.9,1685992.5992861271,-196427.69928612723,6,1,84.30013363499944,807785.08,1437949.8900000001,,1,BROAD_ELEVATION
2026-02-24 14:21:00,RED_CONFIRMED,LOW,1221358.09,1685992.5992861271,-464634.50928612705,6,1,82.91781164478225,717422.42,1182835.5799999998,,1,BROAD_ELEVATION
2026-02-24 14:22:00,RED_CONFIRMED,LOW,683594.3300000001,1685992.5992861271,-1002398.2692861271,3,1,81.20946515814936,433393.57,683594.33,,1,BROAD_ELEVATION
2026-02-24 14:23:00,RED_CONFIRMED,LOW,712288.46,1685992.5992861271,-973704.1392861272,6,1,79.2991521663704,363490.24,695604.7600000001,,1,BROAD_ELEVATION
2026-02-24 14:29:00,RED_CONFIRMED,LOW,1069754.0,1608108.1605990184,-538354.1605990184,4,1,86.59452585398482,428497.74,1069754.0,,1,BROAD_ELEVATION
2026-02-24 14:30:00,RED_CONFIRMED,LOW,1073640.29,1447608.091295518,-373967.80129551794,5,1,84.39028315176033,509909.62,1073640.29,,1,BROAD_ELEVATION
2026-02-24 14:31:00,RED_CONFIRMED,HIGH,2955853.8499999996,1447608.091295518,1508245.7587044816,8,1,83.58248663665397,1006351.99,2797759.6500000004,185.49759771266693,1,SINGLE_LARGE_PAYMENT
2026-02-24 14:32:00,RED_CONFIRMED,HIGH,1625380.49,1462731.9365328033,162648.55346719665,6,1,82.87382535039869,1001660.64,1601652.0,984.7317826426444,1,SINGLE_LARGE_PAYMENT
2026-02-24 14:33:00,RED_CONFIRMED,LOW,313726.88,1462731.9365328033,-1149005.0565328035,4,1,83.77392029812421,182810.95,313726.88000000006,,1,BROAD_ELEVATION
2026-02-24 14:34:00,RED_CONFIRMED,LOW,1064748.13,1436241.7330658392,-371493.60306583927,7,1,83.2526953195641,435728.37,989355.19,,1,BROAD_ELEVATION
2026-02-24 14:35:00,RED_CONFIRMED,LOW,733909.77,1416911.398771588,-683001.628771588,3,1,83.42878839600321,626557.73,733909.77,,1,DR_CR_IMBALANCE
2026-02-24 14:36:00,RED_CONFIRMED,HIGH,2429152.26,1409647.4053995933,1019504.8546004065,11,1,79.55842252459652,648872.37,2004532.03,196.61819371970265,1,SINGLE_LARGE_PAYMENT
2026-02-24 15:52:00,RED_CONFIRMED,HIGH,2158768.6300000004,797760.0198487022,1361008.610151298,6,0,33.840687472643395,1358713.86,2141868.31,157.37360469467544,1,SINGLE_LARGE_PAYMENT
2026-02-24 15:53:00,RED_CONFIRMED,HIGH,1963307.02,806933.1510225289,1156373.8689774713,7,0,34.34033922640739,731337.38,1855497.9500000002,160.45830849158952,1,SINGLE_LARGE_PAYMENT
2026-02-24 15:54:00,RED_CONFIRMED,HIGH,1021763.97,810933.4942164677,210830.47578353225,3,0,34.00402533713787,747532.56,1021763.97,484.63770059935945,1,SINGLE_LARGE_PAYMENT
2026-02-24 15:55:00,RED_CONFIRMED,HIGH,1569687.6900000002,814340.5735063177,755347.1164936825,4,0,33.472051067903436,586510.41,1569687.69,207.8101121622708,1,SINGLE_LARGE_PAYMENT
2026-02-24 15:56:00,RED_CONFIRMED,HIGH,1359962.4500000002,814340.5735063177,545621.8764936825,5,0,32.22770954777495,717288.5,1359962.4500000002,249.24998585824602,1,SINGLE_LARGE_PAYMENT
2026-02-24 15:57:00,RED_CONFIRMED,HIGH,1178085.72,814340.5735063177,363745.1464936823,6,0,31.48586812871896,386653.82,1136899.14,312.5537621488913,1,SINGLE_LARGE_PAYMENT
2026-02-24 16:08:00,RED_CONFIRMED,LOW,136206.76,865183.2280751776,-728976.4680751776,2,0,35.114297793297915,89582.72,136206.76,,1,BROAD_ELEVATION
2026-02-24 16:09:00,RED_CONFIRMED,HIGH,2405026.69,855947.277262477,1549079.412737523,4,0,36.04733343480974,1739907.77,2405026.69,155.25522256795426,1,SINGLE_LARGE_PAYMENT
2026-02-24 16:10:00,RED_CONFIRMED,LOW,363016.58,865183.2280751776,-502166.6480751776,4,0,36.883723831681785,188713.96,363016.57999999996,,1,DR_CR_IMBALANCE
2026-02-24 16:11:00,RED_CONFIRMED,LOW,681794.77,865183.2280751776,-183388.45807517762,3,0,35.12485724388662,584399.86,681794.77,,1,BROAD_ELEVATION
2026-02-24 16:12:00,RED_CONFIRMED,HIGH,934146.52,865183.2280751776,68963.29192482238,5,0,33.69852328860632,379288.45,934146.52,1354.5561615856784,1,SINGLE_LARGE_PAYMENT
2026-02-24 16:13:00,RED_CONFIRMED,LOW,268408.41,879934.7652688136,-611526.3552688137,4,0,34.49330873781715,136785.11,268408.41,,1,DR_CR_IMBALANCE
2026-02-24 16:26:00,RED_CONFIRMED,LOW,806366.9099999999,1014085.5275608622,-207718.61756086233,6,0,39.98718332166674,530171.21,778267.0000000001,,1,BROAD_ELEVATION
2026-02-24 16:27:00,RED_CONFIRMED,LOW,477448.86000000004,993751.4450648528,-516302.5850648528,5,0,40.01656546577649,231857.73,477448.86000000004,,1,BROAD_ELEVATION
2026-02-24 16:28:00,RED_CONFIRMED,HIGH,1259396.6,993751.4450648528,265645.15493514726,2,0,37.73346894646037,748091.61,1259396.6,474.0898061202962,1,SINGLE_LARGE_PAYMENT
2026-02-24 16:29:00,RED_CONFIRMED,LOW,316574.16000000003,993751.4450648528,-677177.2850648528,4,0,37.700117937017104,144477.9,316574.16,,1,BROAD_ELEVATION
2026-02-24 16:30:00,RED_CONFIRMED,HIGH,1732636.94,1518479.9137936467,214157.0262063532,8,0,37.09062812055061,660671.67,1435919.9500000002,670.4986408507582,1,SINGLE_LARGE_PAYMENT
2026-02-24 16:31:00,RED_CONFIRMED,HIGH,3895269.99,1535097.2966442409,2360172.6933557596,10,0,37.69524404744349,1129589.06,3630892.0599999996,153.84010120198008,1,SINGLE_LARGE_PAYMENT
2026-02-25 06:39:00,RED_CONFIRMED,HIGH,839023.8300000001,385695.6765668218,453328.15343317826,5,0,48.11761545377025,480467.34,839023.83,185.08090081011795,1,SINGLE_LARGE_PAYMENT
2026-02-25 06:40:00,RED_CONFIRMED,LOW,305299.47000000003,394047.53492377914,-88748.06492377911,5,0,42.175715109942345,152868.5,305299.47,,1,DR_CR_IMBALANCE
2026-02-25 06:41:00,RED_CONFIRMED,LOW,256850.21000000002,394047.53492377914,-137197.32492377912,5,0,41.878064635499456,135563.35,256850.21000000002,,1,DR_CR_IMBALANCE
2026-02-25 06:42:00,RED_CONFIRMED,HIGH,755865.75,385695.6765668218,370170.0734331782,6,0,40.64758014833752,387962.71,727543.22,196.54296017296318,1,SINGLE_LARGE_PAYMENT
2026-02-25 06:43:00,RED_CONFIRMED,HIGH,1949641.55,385695.6765668218,1563945.8734331783,4,0,39.54818364666965,1809196.45,1949641.55,124.66170237209946,1,SINGLE_LARGE_PAYMENT
2026-02-25 06:44:00,RED_CONFIRMED,HIGH,896337.1799999999,394047.53492377914,502289.6450762208,8,0,36.89499365810992,265775.83,749216.81,149.16031364459224,1,SINGLE_LARGE_PAYMENT
2026-02-25 06:45:00,RED_CONFIRMED,HIGH,982859.91,703609.4446762345,279250.46532376553,4,0,35.04592171403266,428083.13,982859.91,351.96357107604575,1,SINGLE_LARGE_PAYMENT
2026-02-25 06:46:00,RED_CONFIRMED,HIGH,1272533.28,703609.4446762345,568923.8353237655,6,0,32.07665628494987,694313.19,1254767.7699999998,220.551098775099,1,SINGLE_LARGE_PAYMENT
2026-02-25 11:58:00,RED_CONFIRMED,HIGH,16298388.879999999,1572220.7480827507,14726168.131917248,16,0,38.97806251072917,14791855.52,15674530.51,106.43998064932647,1,SINGLE_LARGE_PAYMENT
2026-02-25 12:48:00,RED_CONFIRMED,HIGH,12699879.110000001,1710016.3876997156,10989862.722300285,14,2,42.6561638212913,5583593.29,12037758.6,109.53511344207566,1,SINGLE_LARGE_PAYMENT
2026-02-26 06:39:00,RED_CONFIRMED,HIGH,567753.3,419698.4186018696,148054.88139813044,3,0,43.697992534019555,416211.07,567753.3,383.4748943354794,1,SINGLE_LARGE_PAYMENT
2026-02-26 06:40:00,RED_CONFIRMED,HIGH,1203568.92,419698.4186018696,783870.5013981303,5,0,43.45701394314383,856904.14,1203568.9200000002,153.5418054198092,1,SINGLE_LARGE_PAYMENT
2026-02-26 06:41:00,RED_CONFIRMED,HIGH,660627.98,425288.8117752977,235339.1682247023,6,0,43.27226346534933,262860.65,654243.74,278.00036217317074,1,SINGLE_LARGE_PAYMENT
2026-02-26 06:42:00,RED_CONFIRMED,HIGH,3757358.9899999998,425288.8117752977,3332070.178224702,9,0,43.656173855051435,2109426.67,3343957.3200000003,100.35674944222308,1,SINGLE_LARGE_PAYMENT
2026-02-26 06:43:00,RED_CONFIRMED,HIGH,2416712.44,425288.8117752977,1991423.6282247023,11,0,43.086755350813014,559278.28,1946886.34,97.7635452550894,1,SINGLE_LARGE_PAYMENT
2026-02-26 06:44:00,RED_CONFIRMED,HIGH,1828835.84,441165.53347634425,1387670.3065236558,10,0,42.61600304427599,750733.45,1609993.39,116.02131878380393,1,SINGLE_LARGE_PAYMENT
2026-02-26 06:45:00,RED_CONFIRMED,HIGH,957305.0599999999,716580.3094536079,240724.75054639205,5,0,40.945964677212324,475968.62,957305.0599999999,397.67620812863186,1,SINGLE_LARGE_PAYMENT
2026-02-26 06:46:00,RED_CONFIRMED,HIGH,937710.37,724206.9754206131,213503.39457938692,9,0,39.41256142938482,264995.42,640297.3300000001,299.9003042838827,1,SINGLE_LARGE_PAYMENT
2026-02-26 06:47:00,RED_CONFIRMED,LOW,539558.96,724206.9754206131,-184648.0154206131,4,0,37.5939536417623,249858.3,539558.9600000001,,1,BROAD_ELEVATION
2026-02-26 06:48:00,RED_CONFIRMED,LOW,586458.5800000001,724206.9754206131,-137748.395420613,8,0,36.32177700145856,255527.12,495243.17000000004,,1,BROAD_ELEVATION
2026-02-26 13:24:00,RED_CONFIRMED,HIGH,17320969.369999997,1850120.663519821,15470848.706480177,18,2,51.285938946870004,12549530.53,15064775.25,97.37523477745543,1,SINGLE_LARGE_PAYMENT
2026-02-26 13:45:00,RED_CONFIRMED,HIGH,12428207.97,1807197.5054067066,10621010.464593295,24,3,54.83536155857527,8930616.71,10729550.8,101.02193982171981,1,SINGLE_LARGE_PAYMENT
2026-02-26 14:12:00,RED_CONFIRMED,HIGH,13937492.260000002,1735922.8383104613,12201569.42168954,15,2,55.52454348085181,7622610.43,13075933.739999998,107.16599879976248,1,SINGLE_LARGE_PAYMENT
2026-02-27 06:32:00,RED_CONFIRMED,HIGH,1459214.92,459697.9877201032,999516.9322798967,4,1,85.12933683754734,898264.96,1459214.92,145.99201603033706,1,SINGLE_LARGE_PAYMENT
2026-02-27 06:33:00,RED_CONFIRMED,HIGH,799200.48,467402.5710829528,331797.9089170472,5,1,84.85254194705453,406582.05,799200.48,240.86965545036273,1,SINGLE_LARGE_PAYMENT
2026-02-27 06:34:00,RED_CONFIRMED,HIGH,2024366.9900000002,468465.47085014166,1555901.5191498585,8,1,84.92430226144437,583487.05,1811644.6000000003,116.43697095879688,1,SINGLE_LARGE_PAYMENT
2026-02-27 06:35:00,RED_CONFIRMED,HIGH,1215208.26,468465.47085014166,746742.7891498583,8,1,84.97426781712774,337261.73,1106282.8900000001,148.1477834234551,1,SINGLE_LARGE_PAYMENT
2026-02-27 06:36:00,RED_CONFIRMED,LOW,255090.65,468891.63707169896,-213800.98707169897,3,1,85.07337247663385,195688.83,255090.65,,1,DR_CR_IMBALANCE
2026-02-27 06:37:00,RED_CONFIRMED,HIGH,1201480.32,468891.63707169896,732588.6829283012,5,1,84.41396974798694,371711.54,1201480.32,164.00476119798176,1,SINGLE_LARGE_PAYMENT
2026-02-27 06:38:00,RED_CONFIRMED,HIGH,1575717.98,478867.50609552884,1096850.4739044711,5,1,82.95014212556268,1251188.55,1575717.9799999997,143.65841265408753,1,SINGLE_LARGE_PAYMENT
2026-02-27 06:39:00,RED_CONFIRMED,LOW,406658.86,478867.50609552884,-72208.64609552885,4,1,79.45386179094724,163040.3,406658.8599999999,,1,BROAD_ELEVATION
2026-02-27 07:30:00,RED_CONFIRMED,HIGH,22322072.07,1634168.9755965436,20687903.094403457,10,1,51.17001988538368,19824517.48,21684722.630000003,104.81836912638191,1,SINGLE_LARGE_PAYMENT
2026-02-27 10:11:00,RED_CONFIRMED,HIGH,61139224.50999999,2993466.9527787454,58145757.55722125,25,3,49.91877593129082,55704706.73,58983839.279999994,101.44134629590815,1,SINGLE_LARGE_PAYMENT
2026-02-27 10:12:00,RED_CONFIRMED,HIGH,20096919.44,2993466.9527787454,17103452.487221256,31,2,58.641925417583614,14488254.8,16415667.259999998,95.97867607294415,1,SINGLE_LARGE_PAYMENT
2026-03-02 06:59:00,RED_CONFIRMED,HIGH,18372272.009999998,748392.0410528892,17623879.96894711,9,0,42.82548593500527,15718198.28,18112750.8,102.77391148778969,1,SINGLE_LARGE_PAYMENT
2026-03-02 07:29:00,RED_CONFIRMED,HIGH,17202137.0,1186272.1031849242,16015864.896815076,3,0,38.66895799912097,16883591.41,17202137.0,107.40685633169163,1,SINGLE_LARGE_PAYMENT
2026-03-02 12:11:00,RED_CONFIRMED,HIGH,11914247.08,1646464.527982191,10267782.55201781,10,2,38.20423376940689,10903732.62,11784694.14,114.77350713552157,1,SINGLE_LARGE_PAYMENT
2026-03-02 13:42:00,RED_CONFIRMED,HIGH,18772926.15,2127308.3957920196,16645617.75420798,10,2,43.938940290207604,16720563.33,18263119.41,109.71728222812949,1,SINGLE_LARGE_PAYMENT
2026-03-02 14:48:00,RED_CONFIRMED,HIGH,10848049.65,1487066.0445994912,9360983.60540051,6,2,51.76498091451588,10280854.32,10812179.379999999,115.50259925423083,1,SINGLE_LARGE_PAYMENT
2026-03-02 14:50:00,RED_CONFIRMED,HIGH,1756794.84,1498965.46398084,257829.37601916003,7,0,50.84460774372209,823309.8,1708148.7399999998,662.5112957931769,1,SINGLE_LARGE_PAYMENT
2026-03-02 14:51:00,RED_CONFIRMED,LOW,1388418.31,1498965.46398084,-110547.15398084,7,0,43.77308425845782,1001426.49,1359063.9000000001,,1,BROAD_ELEVATION
2026-03-02 14:52:00,RED_CONFIRMED,LOW,386763.99,1487066.0445994912,-1100302.0545994912,4,0,38.88346317130098,170484.6,386763.99,,1,DR_CR_IMBALANCE
2026-03-02 14:53:00,RED_CONFIRMED,LOW,1230468.75,1487066.0445994912,-256597.29459949117,9,0,38.80647649520514,317674.25,1052605.41,,1,BROAD_ELEVATION
2026-03-02 14:54:00,RED_CONFIRMED,HIGH,1678469.02,1477292.958688348,201176.06131165195,6,0,39.03577231420795,658921.46,1659177.32,824.7389421893915,1,SINGLE_LARGE_PAYMENT
2026-03-02 14:55:00,RED_CONFIRMED,LOW,534257.95,1487066.0445994912,-952808.0945994912,6,0,37.98295445545994,215311.7,524170.31,,1,BROAD_ELEVATION
2026-03-02 14:56:00,RED_CONFIRMED,HIGH,1812608.1099999999,1487066.0445994912,325542.0654005087,9,0,37.52431694372733,829517.2,1696010.41,520.9804170509971,1,SINGLE_LARGE_PAYMENT
2026-03-02 14:57:00,RED_CONFIRMED,LOW,536380.74,1487066.0445994912,-950685.3045994912,3,0,39.144578842646894,402467.93,536380.74,,1,BROAD_ELEVATION
2026-03-02 14:58:00,RED_CONFIRMED,LOW,882601.6599999999,1487066.0445994912,-604464.3845994913,5,0,39.11645359155097,434081.74,882601.6599999999,,1,DR_CR_IMBALANCE
2026-03-02 14:59:00,RED_CONFIRMED,LOW,639518.76,1477292.958688348,-837774.198688348,4,0,41.03387315987075,279580.12,639518.7599999999,,1,BROAD_ELEVATION
2026-03-03 16:19:00,RED_CONFIRMED,HIGH,1324760.83,1177587.9142511152,147172.9157488849,4,1,84.7816771665619,929727.93,1324760.83,900.1390121674187,1,SINGLE_LARGE_PAYMENT
2026-03-03 16:20:00,RED_CONFIRMED,LOW,1148070.87,1184945.3890569336,-36874.519056933466,5,1,79.64518882500205,437563.75,1148070.8699999999,,1,BROAD_ELEVATION
2026-03-03 16:21:00,RED_CONFIRMED,LOW,533296.7000000001,1184945.3890569336,-651648.6890569335,3,1,75.57047525765245,216938.29,533296.7,,1,BROAD_ELEVATION
2026-03-04 06:44:00,RED_CONFIRMED,HIGH,839623.19,533900.904230248,305722.285769752,5,1,81.61359842517862,432547.87,839623.1900000001,274.63591274871726,1,SINGLE_LARGE_PAYMENT
2026-03-04 06:45:00,RED_CONFIRMED,LOW,38915.45,748392.0410528892,-709476.5910528892,1,2,79.6116031669691,38915.45,38915.45,,1,FLOW_STALL_or_OUTAGE
2026-03-04 06:46:00,RED_CONFIRMED,HIGH,861465.14,728594.3883225054,132870.7516774946,5,1,75.33354893357603,413325.64,861465.1400000001,648.348209913765,1,SINGLE_LARGE_PAYMENT
2026-03-04 06:53:00,RED_CONFIRMED,LOW,596188.8899999999,724206.9754206131,-128018.08542061318,3,1,84.2587895623944,286136.98,596188.89,,1,BROAD_ELEVATION
2026-03-04 06:54:00,RED_CONFIRMED,HIGH,1521809.5099999998,724206.9754206131,797602.5345793867,4,1,79.77165453994182,1258443.13,1521809.5099999998,190.7979781938032,1,SINGLE_LARGE_PAYMENT
2026-03-04 06:55:00,RED_CONFIRMED,LOW,478393.82,724206.9754206131,-245813.15542061307,3,1,75.42530786721754,247087.03,478393.82,,1,BROAD_ELEVATION
2026-03-04 07:17:00,RED_CONFIRMED,HIGH,2592792.57,1177990.139459934,1414802.4305400657,9,0,40.29132512828491,1413783.16,2318964.2299999995,163.9072834441479,1,SINGLE_LARGE_PAYMENT
2026-03-04 07:18:00,RED_CONFIRMED,HIGH,1439740.27,1177990.139459934,261750.13054006593,5,0,39.28051750932563,790010.68,1439740.27,550.043763886345,1,SINGLE_LARGE_PAYMENT
2026-03-04 07:19:00,RED_CONFIRMED,LOW,651618.26,1200474.5279300632,-548856.2679300632,3,0,34.53390216257332,412048.11,651618.26,,1,DR_CR_IMBALANCE
2026-03-04 07:52:00,RED_CONFIRMED,LOW,1473871.74,1608805.4120305132,-134933.67203051317,10,0,44.696297207495356,355316.32,1137741.71,,1,BROAD_ELEVATION
2026-03-04 07:53:00,RED_CONFIRMED,LOW,236272.63999999998,1608805.4120305132,-1372532.7720305133,3,1,51.53086423404977,130491.04,236272.63999999998,,1,BROAD_ELEVATION
2026-03-04 07:54:00,RED_CONFIRMED,HIGH,1984394.33,1608805.4120305132,375588.9179694869,10,0,44.910048266106465,481681.26,1750991.0699999998,466.19881104752176,1,SINGLE_LARGE_PAYMENT
2026-03-04 07:55:00,RED_CONFIRMED,LOW,868351.55,1608805.4120305132,-740453.8620305131,5,0,45.550451013629186,297924.18,868351.5499999999,,1,BROAD_ELEVATION
2026-03-04 16:35:00,RED_CONFIRMED,HIGH,2335635.2199999997,1766591.2800227676,569043.9399772321,7,1,83.21093365809337,1054050.2,2269391.8,398.8078319735379,1,SINGLE_LARGE_PAYMENT
2026-03-05 07:53:00,RED_CONFIRMED,HIGH,17209889.71,1638499.191491594,15571390.518508406,4,1,40.299646423055265,16837380.87,17209889.71,110.5224975864811,1,SINGLE_LARGE_PAYMENT
2026-03-05 17:46:00,RED_CONFIRMED,HIGH,9757638.45,1367316.8210578398,8390321.62894216,13,2,40.94994347822725,6401749.69,9070726.39,108.109400225026,1,SINGLE_LARGE_PAYMENT
2026-03-06 06:58:00,RED_CONFIRMED,LOW,484885.05,655087.4793942581,-170202.42939425813,5,0,32.31729852996859,303803.42,484885.05000000005,,1,BROAD_ELEVATION
2026-03-06 12:04:00,RED_CONFIRMED,HIGH,11745143.82,1609654.5194256408,10135489.300574359,12,2,38.6489288836896,7315746.72,11022102.66,108.74761280025622,1,SINGLE_LARGE_PAYMENT
2026-03-06 14:28:00,RED_CONFIRMED,HIGH,13873996.950000001,1701772.8410328585,12172224.108967142,15,2,37.03163801032273,9335556.14,11846802.860000001,97.32652598199036,1,SINGLE_LARGE_PAYMENT
2026-03-10 15:56:00,RED_CONFIRMED,HIGH,1057544.1,983564.3555961521,73979.74440384796,4,0,34.54124929437672,964108.18,1057544.1,1429.5049388478199,1,SINGLE_LARGE_PAYMENT
2026-03-10 15:57:00,RED_CONFIRMED,LOW,291032.68,983564.3555961521,-692531.6755961522,4,0,35.37469234968229,102732.08,291032.67999999993,,1,DR_CR_IMBALANCE
2026-03-10 15:58:00,RED_CONFIRMED,LOW,285467.02999999997,966908.0519712411,-681441.0219712411,4,0,37.01573174403371,105211.0,285467.03,,1,BROAD_ELEVATION
2026-03-10 15:59:00,RED_CONFIRMED,HIGH,1703647.4200000002,957046.3464814707,746601.0735185294,5,0,37.046333072900204,1367333.57,1703647.4200000002,228.18711095219425,1,SINGLE_LARGE_PAYMENT
2026-03-10 16:00:00,RED_CONFIRMED,LOW,490792.62,953318.7268418918,-462526.1068418918,5,0,36.16651993396311,171488.34,490792.62,,1,DR_CR_IMBALANCE
2026-03-10 16:01:00,RED_CONFIRMED,HIGH,1133186.79,941807.3453080601,191379.44469193998,1,0,35.228794294876764,1133186.79,1133186.79,592.1152043387262,1,SINGLE_LARGE_PAYMENT
2026-03-10 16:02:00,RED_CONFIRMED,LOW,376473.88,953318.7268418918,-576844.8468418918,4,0,35.36046130669788,136570.39,376473.88,,1,DR_CR_IMBALANCE
2026-03-10 16:03:00,RED_CONFIRMED,HIGH,1071156.6099999999,941807.3453080601,129349.26469193981,5,0,33.55059908440629,478837.66,1071156.6099999999,828.1118663883269,1,SINGLE_LARGE_PAYMENT
2026-03-10 16:04:00,RED_CONFIRMED,LOW,337611.4,953318.7268418918,-615707.3268418917,2,0,32.53175495628907,201361.03,337611.4,,1,BROAD_ELEVATION
2026-03-10 16:05:00,RED_CONFIRMED,LOW,449359.01999999996,953318.7268418918,-503959.7068418918,4,0,31.63003816042993,266386.17,449359.01999999996,,1,BROAD_ELEVATION
2026-03-10 16:06:00,RED_CONFIRMED,LOW,24328.7,953318.7268418918,-928990.0268418918,1,2,41.713957422058975,24328.7,24328.7,,1,FLOW_STALL_or_OUTAGE
2026-03-10 16:07:00,RED_CONFIRMED,HIGH,1851081.79,953318.7268418918,897763.0631581083,7,0,43.81132254614342,900081.4,1795253.6399999997,199.96964830394577,1,SINGLE_LARGE_PAYMENT
2026-03-10 16:08:00,RED_CONFIRMED,HIGH,12687000.08,968666.9818818693,11718333.09811813,7,1,51.74214147132928,10223978.9,12607145.700000001,107.58480403688651,1,SINGLE_LARGE_PAYMENT
2026-03-10 16:09:00,RED_CONFIRMED,LOW,372719.36,976121.2994930494,-603401.9394930494,3,0,43.8697413899685,187807.51,372719.36,,1,DR_CR_IMBALANCE
2026-03-10 16:10:00,RED_CONFIRMED,HIGH,2394920.75,968666.9818818693,1426253.7681181307,2,0,42.69166496096324,2371100.28,2394920.75,167.91687450964466,1,SINGLE_LARGE_PAYMENT
2026-03-10 16:11:00,RED_CONFIRMED,HIGH,1318580.1400000001,976121.2994930494,342458.84050695074,2,0,35.28035393347943,757378.79,1318580.1400000001,385.03317305170793,1,SINGLE_LARGE_PAYMENT
2026-03-10 16:12:00,RED_CONFIRMED,LOW,494456.11,991222.3268786288,-496766.2168786288,3,0,34.33211316532808,363698.54,494456.11,,1,BROAD_ELEVATION
2026-03-10 16:13:00,RED_CONFIRMED,LOW,451712.14999999997,991222.3268786288,-539510.1768786288,3,0,33.54226982754929,320415.47,451712.14999999997,,1,BROAD_ELEVATION
2026-03-10 16:14:00,RED_CONFIRMED,HIGH,1248366.87,991222.3268786288,257144.5431213713,6,0,32.84397641750093,826803.46,1215864.7599999998,472.83319538541247,1,SINGLE_LARGE_PAYMENT
2026-03-10 16:15:00,RED_CONFIRMED,HIGH,1450457.5,1169942.6074765658,280514.89252343425,6,0,31.870781689612475,604795.76,1438699.9600000002,512.8782814551677,1,SINGLE_LARGE_PAYMENT
2026-03-10 16:16:00,RED_CONFIRMED,LOW,176116.24,1206132.8104333,-1030016.5704333,3,0,36.35993374887679,89166.35,176116.24000000002,,1,DR_CR_IMBALANCE
2026-03-10 16:17:00,RED_CONFIRMED,HIGH,1909330.51,1206132.8104333,703197.6995667,9,0,36.137770812211734,532956.47,1701732.43,241.99914633517463,1,SINGLE_LARGE_PAYMENT
2026-03-10 16:18:00,RED_CONFIRMED,HIGH,1299434.36,1206132.8104333,93301.54956670012,5,0,36.37808286947168,778730.93,1299434.36,1392.7253791975347,1,SINGLE_LARGE_PAYMENT
2026-03-10 16:19:00,RED_CONFIRMED,HIGH,1229232.52,1221990.6712248723,7241.84877512767,9,0,30.140549476158977,321979.0,985626.54,13610.150813769567,1,SINGLE_LARGE_PAYMENT
2026-03-10 16:20:00,RED_CONFIRMED,LOW,796564.13,1226506.8781480142,-429942.7481480142,5,0,30.560528922568043,684711.46,796564.13,,1,DR_CR_IMBALANCE
2026-03-10 16:21:00,RED_CONFIRMED,HIGH,1802849.04,1221990.6712248723,580858.3687751277,5,0,30.620710411316526,876013.98,1802849.04,310.37670057189985,1,SINGLE_LARGE_PAYMENT
2026-03-10 16:22:00,RED_CONFIRMED,HIGH,1820262.75,1226506.8781480142,593755.8718519858,10,0,31.964679229375715,413298.21,1475725.0199999998,248.54070333604636,1,SINGLE_LARGE_PAYMENT
2026-03-10 16:23:00,RED_CONFIRMED,HIGH,1721695.2400000002,1233799.0129429055,487896.2270570947,13,0,31.74254872356227,371258.34,1266321.56,259.54731555073334,1,SINGLE_LARGE_PAYMENT
2026-03-10 16:24:00,RED_CONFIRMED,LOW,496298.9,1238618.1325768773,-742319.2325768772,4,0,32.30547911925418,201455.4,496298.9,,1,DR_CR_IMBALANCE
2026-03-10 17:28:00,RED_CONFIRMED,LOW,1164046.53,2711939.2947623413,-1547892.7647623413,8,1,75.97700910026516,333947.7,1045883.99,,1,BROAD_ELEVATION
2026-03-10 17:35:00,RED_CONFIRMED,HIGH,12790587.82,2172763.813665096,10617824.006334905,11,2,57.05320029870668,6377674.61,12290672.3,115.75509532524768,1,SINGLE_LARGE_PAYMENT
2026-03-11 06:45:00,RED_CONFIRMED,HIGH,901881.56,708330.1298787062,193551.43012129387,3,1,83.19426190502658,445977.08,901881.5599999999,465.96481329784706,1,SINGLE_LARGE_PAYMENT
2026-03-11 06:46:00,RED_CONFIRMED,LOW,478377.25999999995,708330.1298787062,-229952.86987870623,3,1,78.15076507940948,276771.73,478377.25999999995,,1,BROAD_ELEVATION
2026-03-11 06:47:00,RED_CONFIRMED,LOW,510808.84,687779.4499288631,-176970.60992886306,4,1,73.51286865565771,270465.61,510808.83999999997,,1,DR_CR_IMBALANCE
2026-03-11 08:29:00,RED_CONFIRMED,HIGH,16585299.82,2391235.2636643127,14194064.556335688,10,1,51.51972062788849,15626742.16,16421140.12,115.6901890563139,1,SINGLE_LARGE_PAYMENT
2026-03-11 11:11:00,RED_CONFIRMED,HIGH,9202957.91,1605150.5168298269,7597807.393170173,11,2,55.70076727433031,6114463.25,8563684.34,112.71257478437889,1,SINGLE_LARGE_PAYMENT
2026-03-11 16:01:00,RED_CONFIRMED,LOW,554261.86,990636.6243613615,-436374.7643613615,4,1,86.44184761852216,265570.14,554261.86,,1,BROAD_ELEVATION
2026-03-11 16:02:00,RED_CONFIRMED,LOW,745139.3200000001,990636.6243613615,-245497.30436136143,6,1,84.7418204977087,240274.39,736006.5399999999,,1,BROAD_ELEVATION
2026-03-11 16:03:00,RED_CONFIRMED,HIGH,1673547.71,968666.9818818693,704880.7281181307,5,1,84.52807477538605,729451.56,1673547.7100000002,237.42282108747497,1,SINGLE_LARGE_PAYMENT
2026-03-11 16:04:00,RED_CONFIRMED,LOW,690322.98,968666.9818818693,-278344.0018818693,5,1,84.28995528406868,257267.62,690322.9800000001,,1,BROAD_ELEVATION
2026-03-11 16:05:00,RED_CONFIRMED,HIGH,3878239.4299999997,953318.7268418918,2924920.703158108,7,1,80.73176290360932,3586372.32,3846271.08,131.50001214894775,1,SINGLE_LARGE_PAYMENT
2026-03-12 07:04:00,RED_CONFIRMED,LOW,408251.17000000004,947628.7968873425,-539377.6268873424,4,1,79.38364067174776,192114.44,408251.17000000004,,1,BROAD_ELEVATION
2026-03-13 08:14:00,RED_CONFIRMED,HIGH,14425247.59,1771611.050063408,12653636.539936591,4,1,37.77771012024524,14057996.32,14425247.59,114.0008055745237,1,SINGLE_LARGE_PAYMENT
2026-03-18 06:32:00,RED_CONFIRMED,HIGH,488312.20999999996,412776.2996478694,75535.91035213054,4,1,83.2571025900631,212916.2,488312.20999999996,646.463659104132,1,SINGLE_LARGE_PAYMENT
2026-03-18 06:33:00,RED_CONFIRMED,LOW,147643.63,417723.3461068305,-270079.7161068305,2,1,76.9188335215252,125720.12,147643.63,,1,DR_CR_IMBALANCE
2026-03-18 11:23:00,RED_CONFIRMED,HIGH,1363596.29,1156133.1424882906,207463.14751170948,6,0,30.482061274788887,571926.68,1334716.03,643.3509015979173,1,SINGLE_LARGE_PAYMENT
2026-03-18 11:24:00,RED_CONFIRMED,LOW,853525.62,1156133.1424882906,-302607.52248829056,6,0,30.44888693259506,240801.25,805299.5700000001,,1,BROAD_ELEVATION
2026-03-18 11:25:00,RED_CONFIRMED,HIGH,1194087.48,1156133.1424882906,37954.337511709426,8,0,30.681250524865884,816170.41,1142892.86,3011.2312186911504,1,SINGLE_LARGE_PAYMENT
2026-03-18 11:32:00,RED_CONFIRMED,HIGH,8915481.95,1315394.0427428866,7600087.907257113,9,2,47.09296928815359,5949322.4,8626092.81,113.499908359786,1,SINGLE_LARGE_PAYMENT
2026-03-18 11:45:00,RED_CONFIRMED,LOW,659973.73,1330254.5186186489,-670280.7886186489,5,0,46.867729525042364,506155.79,659973.73,,1,DR_CR_IMBALANCE
2026-03-18 11:46:00,RED_CONFIRMED,LOW,639047.9500000001,1318887.3234988016,-679839.3734988015,4,0,46.460845650075704,455114.94,639047.95,,1,BROAD_ELEVATION
2026-03-18 11:47:00,RED_CONFIRMED,LOW,353934.02,1314599.1295302613,-960665.1095302613,6,0,51.651930278407995,150386.19,348236.59,,1,BROAD_ELEVATION
2026-03-18 12:01:00,RED_CONFIRMED,LOW,1389086.99,1438288.8211003963,-49201.831100396346,7,0,48.280419697938015,528977.76,1357076.9899999998,,1,DR_CR_IMBALANCE
2026-03-18 14:39:00,RED_CONFIRMED,LOW,161979.46,1560903.9405041973,-1398924.4805041973,3,2,72.74986821614465,88428.04,161979.45999999996,,1,BROAD_ELEVATION
2026-03-18 14:40:00,RED_CONFIRMED,HIGH,1725608.1400000001,1542717.827499914,182890.31250008615,8,1,79.26210155543085,655170.56,1538645.42,841.2941062689009,1,SINGLE_LARGE_PAYMENT
2026-03-18 14:41:00,RED_CONFIRMED,LOW,324328.36,1560903.9405041973,-1236575.5805041972,3,1,81.72398553973598,212149.73,324328.36000000004,,1,BROAD_ELEVATION
2026-03-18 14:42:00,RED_CONFIRMED,LOW,510814.06999999995,1560903.9405041973,-1050089.8705041972,5,1,80.0954489162037,253640.55,510814.07,,1,BROAD_ELEVATION
2026-03-18 14:43:00,RED_CONFIRMED,LOW,1477071.08,1542717.827499914,-65646.74749991391,7,1,80.9034192726731,531007.02,1421420.18,,1,BROAD_ELEVATION
2026-03-18 14:44:00,RED_CONFIRMED,LOW,1413267.28,1503798.279461194,-90530.99946119403,9,1,77.21835705148483,396515.63,1107033.5299999998,,1,BROAD_ELEVATION
2026-03-18 17:57:00,RED_CONFIRMED,HIGH,2635742.71,1126921.6100974954,1508821.0999025046,7,1,85.9918403870825,1437056.01,2516818.78,166.8069713607948,1,SINGLE_LARGE_PAYMENT
2026-03-18 17:58:00,RED_CONFIRMED,HIGH,2203266.55,1148798.8704128584,1054467.6795871414,6,1,83.66536699701533,1600738.23,2152014.23,204.08536664135443,1,SINGLE_LARGE_PAYMENT
2026-03-18 17:59:00,RED_CONFIRMED,HIGH,1944951.63,1175992.779953438,768958.8500465618,7,1,80.07239330780251,557197.95,1782654.1899999997,231.82699436934197,1,SINGLE_LARGE_PAYMENT
2026-03-20 06:35:00,RED_CONFIRMED,LOW,0.0,397082.188635171,-397082.188635171,0,4,68.92484337420824,0.0,0.0,,0,FLOW_STALL_or_OUTAGE
2026-03-20 10:58:00,RED_CONFIRMED,HIGH,15799001.77,1753601.2951854416,14045400.474814558,8,2,49.49879078070925,11431581.03,15584688.76,110.95937625947802,1,SINGLE_LARGE_PAYMENT
2026-03-23 07:55:00,RED_CONFIRMED,HIGH,37050392.71000001,1362579.9103339624,35687812.79966605,13,1,38.70215492980963,35237448.07,36379340.04,101.93771258613087,1,SINGLE_LARGE_PAYMENT
2026-03-24 06:59:00,RED_CONFIRMED,LOW,356339.45,808918.6796756317,-452579.2296756317,2,0,52.73366120324107,311447.06,356339.45,,1,DR_CR_IMBALANCE
2026-03-24 07:00:00,RED_CONFIRMED,HIGH,1671061.77,934080.8098774126,736980.9601225874,5,0,50.84238200705814,615008.09,1671061.7699999998,226.7442254847452,1,SINGLE_LARGE_PAYMENT
2026-03-24 07:01:00,RED_CONFIRMED,HIGH,1543757.5499999998,958582.9443854336,585174.6056145662,5,0,46.691336171035,655496.24,1543757.55,263.811439387173,1,SINGLE_LARGE_PAYMENT
2026-03-24 07:02:00,RED_CONFIRMED,HIGH,1313248.0299999998,958582.9443854336,354665.0856145662,3,0,41.43363735138301,1013224.58,1313248.03,370.27835083467386,1,SINGLE_LARGE_PAYMENT
2026-03-24 07:03:00,RED_CONFIRMED,LOW,333134.28,988265.9849007769,-655131.7049007769,4,0,39.400500968393864,128018.58,333134.28,,1,BROAD_ELEVATION
2026-03-24 07:04:00,RED_CONFIRMED,LOW,76709.17,958582.9443854336,-881873.7743854335,2,1,45.455638061947546,65954.75,76709.17,,1,DR_CR_IMBALANCE
2026-03-24 07:05:00,RED_CONFIRMED,HIGH,6887544.05,958582.9443854336,5928961.105614566,5,0,49.41811584611599,5977649.0,6887544.05,116.16780625323517,1,SINGLE_LARGE_PAYMENT
2026-03-24 07:06:00,RED_CONFIRMED,HIGH,1820933.25,958582.9443854336,862350.3056145664,7,0,47.96370460989986,1213545.23,1716033.9600000002,198.9949964448663,1,SINGLE_LARGE_PAYMENT
2026-03-24 07:07:00,RED_CONFIRMED,LOW,311562.45,958582.9443854336,-647020.4943854336,1,0,41.0054131651412,311562.45,311562.45,,1,FLOW_STALL_or_OUTAGE
2026-03-24 07:08:00,RED_CONFIRMED,LOW,67704.58,958582.9443854336,-890878.3643854336,2,1,43.98561094488755,40379.21,67704.58,,1,BROAD_ELEVATION
2026-03-24 07:09:00,RED_CONFIRMED,HIGH,1133263.57,958582.9443854336,174680.6256145665,7,0,44.170517691978944,399456.0,1037600.13,593.998405003122,1,SINGLE_LARGE_PAYMENT
2026-03-24 07:10:00,RED_CONFIRMED,LOW,349479.25,988265.9849007769,-638786.7349007769,3,0,44.70129125039449,211677.11,349479.25,,1,BROAD_ELEVATION
2026-03-24 07:11:00,RED_CONFIRMED,HIGH,2431798.44,988265.9849007769,1443532.4550992232,4,0,37.67668163292418,2060670.88,2431798.44,168.4616394601843,1,SINGLE_LARGE_PAYMENT
2026-03-24 07:12:00,RED_CONFIRMED,HIGH,3746232.8800000004,988265.9849007769,2757966.8950992236,6,0,38.143549344824144,2966394.06,3711718.5000000005,134.58169155676046,1,SINGLE_LARGE_PAYMENT
2026-03-24 07:13:00,RED_CONFIRMED,LOW,99981.08,988265.9849007769,-888284.9049007769,2,0,43.04194938082541,56157.3,99981.08,,1,DR_CR_IMBALANCE
2026-03-24 07:14:00,RED_CONFIRMED,LOW,720040.37,988265.9849007769,-268225.6149007769,2,0,43.06561346676394,622334.15,720040.37,,1,DR_CR_IMBALANCE
2026-03-24 07:15:00,RED_CONFIRMED,LOW,173508.65,933837.8356431382,-760329.1856431381,2,0,46.191761235258184,96851.95,173508.65,,1,BROAD_ELEVATION
2026-03-24 07:16:00,RED_CONFIRMED,LOW,861495.8899999999,933837.8356431382,-72341.94564313826,3,0,41.837700638744046,528039.23,861495.8899999999,,1,DR_CR_IMBALANCE
2026-03-24 07:17:00,RED_CONFIRMED,LOW,293744.38,933837.8356431382,-640093.4556431381,3,0,43.53487612494084,149041.89,293744.38,,1,BROAD_ELEVATION
2026-03-24 07:18:00,RED_CONFIRMED,HIGH,1386494.92,923573.4100761712,462921.50992382877,4,0,42.313548873774266,921246.0,1386494.9199999997,299.5097203904264,1,SINGLE_LARGE_PAYMENT
2026-03-24 07:19:00,RED_CONFIRMED,HIGH,3163273.66,923573.4100761712,2239700.249923829,7,0,42.811428292897936,1665227.12,2905654.48,129.73407848210132,1,SINGLE_LARGE_PAYMENT
2026-03-24 07:20:00,RED_CONFIRMED,HIGH,1402949.88,923573.4100761712,479376.4699238287,5,0,39.36745080169768,975861.83,1402949.88,292.66139829994654,1,SINGLE_LARGE_PAYMENT
2026-03-24 11:25:00,RED_CONFIRMED,HIGH,11988270.06,1144441.2402063517,10843828.819793649,10,2,47.4963650523286,10862120.52,11785154.08,108.68074621842163,1,SINGLE_LARGE_PAYMENT
2026-03-24 11:49:00,RED_CONFIRMED,HIGH,1623649.72,1171428.742991877,452220.97700812295,5,0,40.63541643254058,690786.77,1623649.7200000002,359.03901025158234,1,SINGLE_LARGE_PAYMENT
2026-03-24 11:50:00,RED_CONFIRMED,LOW,344814.52999999997,1171428.742991877,-826614.212991877,3,0,40.1997772280709,236688.69,344814.52999999997,,1,BROAD_ELEVATION
2026-03-24 11:51:00,RED_CONFIRMED,HIGH,1551156.91,1165997.549522812,385159.3604771879,5,0,39.321321312860505,690823.23,1551156.91,402.73119886745457,1,SINGLE_LARGE_PAYMENT
2026-03-24 11:52:00,RED_CONFIRMED,HIGH,1199162.8900000001,1171428.742991877,27734.14700812311,8,0,39.149153340068025,524243.01,1080419.82,3895.630248457087,1,SINGLE_LARGE_PAYMENT
2026-03-24 11:53:00,RED_CONFIRMED,LOW,317183.44,1171428.742991877,-854245.3029918771,5,0,38.8964021465463,112321.83,317183.44,,1,BROAD_ELEVATION
2026-03-24 11:54:00,RED_CONFIRMED,HIGH,3645989.77,1165997.549522812,2479992.220477188,8,0,38.79178720118209,2957994.65,3582007.94,144.43625711498268,1,SINGLE_LARGE_PAYMENT
2026-03-24 11:55:00,RED_CONFIRMED,HIGH,3496682.42,1171428.742991877,2325253.677008123,4,0,39.651370937798404,3208774.52,3496682.42,150.37853523573997,1,SINGLE_LARGE_PAYMENT
2026-03-24 11:56:00,RED_CONFIRMED,LOW,683144.46,1171428.742991877,-488284.28299187706,3,0,36.685309876963025,394045.99,683144.46,,1,BROAD_ELEVATION
2026-03-24 11:57:00,RED_CONFIRMED,HIGH,2093250.27,1171428.742991877,921821.527008123,9,0,35.35101853768853,711470.86,1792663.39,194.46968176348557,1,SINGLE_LARGE_PAYMENT
2026-03-24 11:58:00,RED_CONFIRMED,LOW,211506.58000000002,1171428.742991877,-959922.162991877,2,0,35.92257071900316,185941.75,211506.58000000002,,1,DR_CR_IMBALANCE
2026-03-24 11:59:00,RED_CONFIRMED,LOW,941424.63,1165997.549522812,-224572.919522812,5,0,35.923775189207525,375301.08,941424.63,,1,BROAD_ELEVATION
2026-03-24 12:00:00,RED_CONFIRMED,LOW,986947.9199999999,1247514.3937333508,-260566.47373335087,7,0,34.78507181701726,274280.89,917126.4299999999,,1,BROAD_ELEVATION
2026-03-24 12:01:00,RED_CONFIRMED,HIGH,1346052.27,1247514.3937333508,98537.87626664923,6,0,31.96809392132815,418320.08,1249517.12,1268.0576924742463,1,SINGLE_LARGE_PAYMENT
2026-03-24 12:02:00,RED_CONFIRMED,HIGH,4297384.7,1247514.3937333508,3049870.3062666496,4,0,33.363003413090105,3524246.21,4297384.7,140.9038506053864,1,SINGLE_LARGE_PAYMENT
2026-03-24 12:03:00,RED_CONFIRMED,LOW,660360.25,1247514.3937333508,-587154.1437333508,2,0,34.7309184134839,544908.78,660360.25,,1,BROAD_ELEVATION
2026-03-24 12:04:00,RED_CONFIRMED,LOW,173215.37,1247514.3937333508,-1074299.023733351,3,0,37.70384568813527,120827.4,173215.37,,1,DR_CR_IMBALANCE
2026-03-24 12:05:00,RED_CONFIRMED,HIGH,2357892.87,1247514.3937333508,1110378.4762666493,3,0,37.628646556937404,2265151.72,2357892.87,212.35037605626005,1,SINGLE_LARGE_PAYMENT
2026-03-24 12:06:00,RED_CONFIRMED,HIGH,1966671.11,1247514.3937333508,719156.7162666493,4,0,37.26129048718471,1312100.08,1966671.11,273.4690597356247,1,SINGLE_LARGE_PAYMENT
2026-03-24 12:07:00,RED_CONFIRMED,LOW,484209.94,1247514.3937333508,-763304.4537333508,5,0,35.50748605381577,167000.73,484209.93999999994,,1,BROAD_ELEVATION
2026-03-24 12:08:00,RED_CONFIRMED,LOW,535462.3400000001,1235644.725369024,-700182.385369024,7,0,34.50418298288991,137253.41,491549.84,,1,BROAD_ELEVATION
2026-03-24 12:09:00,RED_CONFIRMED,HIGH,1251979.17,1235644.725369024,16334.444630975835,5,0,34.55393480930491,638967.49,1251979.17,7664.657099059299,1,SINGLE_LARGE_PAYMENT
2026-03-24 12:10:00,RED_CONFIRMED,LOW,709154.88,1246971.2089973493,-537816.3289973493,6,0,34.064762532173354,379607.36,697687.99,,1,BROAD_ELEVATION
2026-03-24 12:11:00,RED_CONFIRMED,HIGH,2326538.02,1246971.2089973493,1079566.8110026508,9,0,32.82248064139999,921745.34,2138059.3699999996,198.04789737971575,1,SINGLE_LARGE_PAYMENT
2026-03-24 12:12:00,RED_CONFIRMED,LOW,511142.80000000005,1246971.2089973493,-735828.4089973492,4,0,32.07657593692833,233084.46,511142.79999999993,,1,BROAD_ELEVATION
2026-03-24 12:13:00,RED_CONFIRMED,HIGH,1376565.46,1246971.2089973493,129594.25100265071,5,0,30.87932466497568,551673.23,1376565.46,1062.2118260260202,1,SINGLE_LARGE_PAYMENT
2026-03-24 13:13:00,RED_CONFIRMED,HIGH,2061322.1900000002,1889991.1911277215,171330.99887227872,11,0,34.18301201291208,590580.17,1749458.2599999998,1021.098500280244,1,SINGLE_LARGE_PAYMENT
2026-03-24 13:14:00,RED_CONFIRMED,HIGH,2225145.24,1889991.1911277215,335154.04887227877,12,0,32.35052917527997,456837.66,1715539.12,511.8658496808915,1,SINGLE_LARGE_PAYMENT
2026-03-24 13:15:00,RED_CONFIRMED,HIGH,1883277.88,1865261.7514117884,18016.12858821149,8,0,30.667719775192182,1275179.43,1722886.44,9563.022552621755,1,SINGLE_LARGE_PAYMENT
2026-03-24 13:16:00,RED_CONFIRMED,LOW,1775302.0,1865261.7514117884,-89959.7514117884,7,0,30.28598315375639,615728.74,1718669.8599999999,,1,BROAD_ELEVATION
2026-03-24 13:17:00,RED_CONFIRMED,LOW,1024491.5,1839613.9381627205,-815122.4381627205,6,0,30.531457051612332,332202.08,988406.6599999999,,1,BROAD_ELEVATION
2026-03-24 13:18:00,RED_CONFIRMED,HIGH,2164591.79,1810421.174033492,354170.61596650793,8,0,30.521569324777847,1251002.26,1934706.5399999998,546.2639905121194,1,SINGLE_LARGE_PAYMENT
2026-03-24 13:19:00,RED_CONFIRMED,LOW,545431.86,1839613.9381627205,-1294182.0781627204,5,0,34.096946443015646,306907.57,545431.86,,1,BROAD_ELEVATION
2026-03-24 13:20:00,RED_CONFIRMED,LOW,748879.27,1810421.174033492,-1061541.904033492,6,0,36.41549144882277,200744.6,729823.54,,1,BROAD_ELEVATION
2026-03-24 13:39:00,RED_CONFIRMED,LOW,662815.09,1565056.1666697913,-902241.0766697914,8,1,77.06845968438212,176622.25,563433.6799999999,,1,BROAD_ELEVATION
2026-03-24 13:46:00,RED_CONFIRMED,HIGH,12939181.450000003,1753971.9910411367,11185209.458958866,15,2,61.16318539431379,9541742.64,12012082.93,107.39256134697455,1,SINGLE_LARGE_PAYMENT
2026-03-24 15:56:00,RED_CONFIRMED,LOW,444244.13,837314.340189846,-393070.210189846,3,0,40.52040365741368,297750.64,444244.13,,1,DR_CR_IMBALANCE
2026-03-24 15:57:00,RED_CONFIRMED,LOW,69688.65,836384.5336867524,-766695.8836867524,1,0,45.70692215498815,69688.65,69688.65,,1,FLOW_STALL_or_OUTAGE
2026-03-24 15:58:00,RED_CONFIRMED,HIGH,1037004.98,836384.5336867524,200620.44631324755,6,0,47.57886783466663,565621.5,1000221.67,498.56417348322515,1,SINGLE_LARGE_PAYMENT
2026-03-24 15:59:00,RED_CONFIRMED,LOW,340209.24,837314.340189846,-497105.100189846,3,0,49.81475486745114,165287.65,340209.24,,1,BROAD_ELEVATION
2026-03-24 16:00:00,RED_CONFIRMED,LOW,694266.2300000001,893818.8942985993,-199552.66429859924,4,0,46.9451317838565,481448.34,694266.2300000001,,1,DR_CR_IMBALANCE
2026-03-24 16:13:00,RED_CONFIRMED,LOW,642368.41,868893.9045022216,-226525.49450222158,4,0,38.588075317112526,352325.96,642368.41,,1,BROAD_ELEVATION
2026-03-24 16:14:00,RED_CONFIRMED,LOW,433827.71,868893.9045022216,-435066.1945022216,5,0,40.373339464222575,135512.44,433827.71,,1,BROAD_ELEVATION
2026-03-24 16:15:00,RED_CONFIRMED,LOW,633252.65,955632.3777497045,-322379.7277497045,7,0,40.68775836760247,213948.09,581667.4199999999,,1,BROAD_ELEVATION
2026-03-24 16:16:00,RED_CONFIRMED,HIGH,2695650.4800000004,934536.847022329,1761113.6329776715,7,0,39.68763322111585,1218402.08,2612058.03,148.31854010371612,1,SINGLE_LARGE_PAYMENT
2026-03-24 16:59:00,RED_CONFIRMED,HIGH,19719648.759999998,1727013.8042626572,17992634.95573734,11,2,50.08706219037531,18744330.04,19449545.849999998,108.09726256241356,1,SINGLE_LARGE_PAYMENT
2026-03-24 17:55:00,RED_CONFIRMED,HIGH,3314741.2899999996,1148798.8704128584,2165942.419587141,6,1,86.6170538600714,2127884.21,3226005.89,148.94236618787505,1,SINGLE_LARGE_PAYMENT
2026-03-24 17:56:00,RED_CONFIRMED,LOW,1023534.1300000001,1148798.8704128584,-125264.74041285831,5,1,84.94766478967009,508066.44,1023534.1300000001,,1,BROAD_ELEVATION
2026-03-24 17:57:00,RED_CONFIRMED,LOW,851708.05,1126921.6100974954,-275213.5600974953,6,1,84.3637174264709,184320.47,777701.79,,1,BROAD_ELEVATION
2026-03-24 17:58:00,RED_CONFIRMED,LOW,1007635.49,1096801.2919227432,-89165.80192274321,5,1,83.63078771341922,469180.31,1007635.49,,1,DR_CR_IMBALANCE
2026-03-24 17:59:00,RED_CONFIRMED,LOW,22151.78,1085263.5939285746,-1063111.8139285746,1,3,84.96688357733234,22151.78,22151.78,,1,FLOW_STALL_or_OUTAGE
2026-03-24 18:00:00,RED_CONFIRMED,HIGH,1505858.8599999999,968176.3747993987,537682.4852006012,6,1,84.67994855151464,1033693.52,1482044.51,275.63563084021075,1,SINGLE_LARGE_PAYMENT
2026-03-25 15:07:00,RED_CONFIRMED,LOW,686959.94,1156645.480128355,-469685.54012835515,3,0,33.41571273745232,364230.46,686959.9400000001,,1,DR_CR_IMBALANCE
2026-03-25 15:08:00,RED_CONFIRMED,LOW,966429.9600000001,1156645.480128355,-190215.520128355,6,0,32.86257716818428,725479.05,951462.93,,1,BROAD_ELEVATION
2026-03-25 15:09:00,RED_CONFIRMED,LOW,82556.86,1152616.5665313352,-1070059.7065313351,1,2,41.71512834879625,82556.86,82556.86,,1,FLOW_STALL_or_OUTAGE
2026-03-25 15:10:00,RED_CONFIRMED,LOW,522616.50000000006,1139116.52871964,-616500.0287196401,6,0,42.823031140844385,312043.59,517929.66000000003,,1,BROAD_ELEVATION
2026-03-25 15:11:00,RED_CONFIRMED,LOW,911633.6299999999,1126162.6385465667,-214529.00854656682,7,0,44.399059017289915,579278.46,873242.1299999999,,1,DR_CR_IMBALANCE
2026-03-25 15:12:00,RED_CONFIRMED,LOW,665257.6299999999,1126162.6385465667,-460905.0085465668,4,0,36.53879875454974,281282.67,665257.63,,1,BROAD_ELEVATION
2026-03-25 15:13:00,RED_CONFIRMED,LOW,568459.73,1114435.5273603087,-545975.7973603087,6,0,36.05920582885984,183472.75,516516.62,,1,BROAD_ELEVATION
2026-03-25 15:14:00,RED_CONFIRMED,HIGH,1479331.1800000002,1114435.5273603087,364895.6526396915,10,0,35.17499092178335,417524.02,1195188.7200000002,327.54260330422846,1,SINGLE_LARGE_PAYMENT
2026-03-25 15:15:00,RED_CONFIRMED,HIGH,1315210.56,978289.3072780693,336921.25272193074,4,0,34.947326989737995,813081.39,1315210.5599999998,390.3614121622286,1,SINGLE_LARGE_PAYMENT
2026-03-25 15:16:00,RED_CONFIRMED,LOW,258172.90000000002,978289.3072780693,-720116.4072780693,3,0,35.74350766667289,162684.26,258172.90000000002,,1,DR_CR_IMBALANCE
2026-03-26 07:12:00,RED_CONFIRMED,LOW,53571.21,988265.9849007769,-934694.7749007769,2,1,42.20832288090639,41514.7,53571.21,,1,BROAD_ELEVATION
2026-03-26 07:13:00,RED_CONFIRMED,LOW,688824.16,976447.7842327432,-287623.62423274317,5,0,43.12697502330366,440882.44,688824.1599999999,,1,BROAD_ELEVATION
2026-03-26 07:26:00,RED_CONFIRMED,HIGH,2916494.46,973470.370485673,1943024.089514327,4,0,36.643885841549874,2625102.78,2916494.46,150.10078751669,1,SINGLE_LARGE_PAYMENT
2026-03-26 07:27:00,RED_CONFIRMED,LOW,744303.1699999999,978073.3952644652,-233770.22526446532,3,0,37.48680965112309,531023.32,744303.1699999999,,1,DR_CR_IMBALANCE
2026-03-26 07:28:00,RED_CONFIRMED,HIGH,1705718.3800000001,978073.3952644652,727644.9847355349,4,0,35.98746521473919,802982.17,1705718.3800000001,234.41629033146563,1,SINGLE_LARGE_PAYMENT
2026-03-26 07:29:00,RED_CONFIRMED,HIGH,1046647.55,986666.4805969588,59981.06940304127,7,0,34.386033626079964,485098.99,984013.75,1640.5405235240885,1,SINGLE_LARGE_PAYMENT
2026-03-26 07:30:00,RED_CONFIRMED,LOW,270734.72,1269963.2058463653,-999228.4858463653,4,0,35.28483572932412,172523.66,270734.72000000003,,1,DR_CR_IMBALANCE
2026-03-26 07:31:00,RED_CONFIRMED,HIGH,4609908.33,1250215.4198961845,3359692.9101038156,9,0,36.75061666035594,3624211.69,4423432.1,131.6617982166505,1,SINGLE_LARGE_PAYMENT
2026-03-26 07:32:00,RED_CONFIRMED,LOW,1178207.7,1269963.2058463653,-91755.50584636535,4,0,37.3371751249665,1079002.18,1178207.6999999997,,1,DR_CR_IMBALANCE
2026-03-26 07:33:00,RED_CONFIRMED,LOW,638527.17,1250215.4198961845,-611688.2498961844,7,0,35.529876073038075,302048.9,595839.05,,1,BROAD_ELEVATION
2026-03-26 07:34:00,RED_CONFIRMED,LOW,1047952.1299999999,1250215.4198961845,-202263.28989618458,5,0,32.157964043638444,333589.92,1047952.1299999999,,1,BROAD_ELEVATION
2026-03-26 11:29:00,RED_CONFIRMED,LOW,768453.9300000002,1144441.2402063517,-375987.31020635157,5,1,86.44426126699494,304504.21,768453.9300000002,,1,BROAD_ELEVATION
2026-03-26 11:30:00,RED_CONFIRMED,LOW,932613.56,1273043.5133860582,-340429.9533860581,5,1,84.7271864409621,450355.2,932613.5599999999,,1,BROAD_ELEVATION
2026-03-26 11:31:00,RED_CONFIRMED,HIGH,1614123.29,1273043.5133860582,341079.7766139419,9,1,83.03268550768188,709745.93,1445769.9399999997,423.8802881697744,1,SINGLE_LARGE_PAYMENT
2026-03-26 11:32:00,RED_CONFIRMED,LOW,1175224.71,1273043.5133860582,-97818.80338605819,7,1,79.50528256611027,501002.7,1094517.02,,1,DR_CR_IMBALANCE
2026-03-26 11:33:00,RED_CONFIRMED,LOW,146247.63,1273043.5133860582,-1126795.8833860583,2,2,79.64385185387214,122228.67,146247.63,,1,DR_CR_IMBALANCE
2026-03-26 11:34:00,RED_CONFIRMED,LOW,294677.1,1273043.5133860582,-978366.4133860582,2,1,80.65034639999946,177627.74,294677.1,,1,BROAD_ELEVATION
2026-03-26 11:35:00,RED_CONFIRMED,LOW,360599.41000000003,1273043.5133860582,-912444.1033860581,3,1,84.07311237592221,137185.07,360599.41000000003,,1,DR_CR_IMBALANCE
2026-03-26 11:36:00,RED_CONFIRMED,HIGH,1615713.77,1273043.5133860582,342670.25661394186,14,1,81.0824513558183,475285.79,1173191.36,342.36743264290294,1,SINGLE_LARGE_PAYMENT
2026-03-26 11:37:00,RED_CONFIRMED,LOW,778973.4099999999,1274950.1524018042,-495976.7424018043,4,1,77.49777183057921,585961.14,778973.4100000001,,1,DR_CR_IMBALANCE
2026-03-26 12:02:00,RED_CONFIRMED,HIGH,15968272.52,1254847.674246362,14713424.845753638,8,1,40.06069279456469,14822018.69,15834562.719999999,107.61982941429117,1,SINGLE_LARGE_PAYMENT
2026-03-26 16:19:00,RED_CONFIRMED,HIGH,1215096.31,931156.8302650831,283939.47973491694,6,1,82.33825961109682,476042.27,1202251.83,423.41833940190725,1,SINGLE_LARGE_PAYMENT
2026-03-26 16:20:00,RED_CONFIRMED,LOW,535319.41,936035.0955910404,-400715.6855910404,4,1,76.24906657729998,242909.15,535319.41,,1,BROAD_ELEVATION
2026-03-26 17:08:00,RED_CONFIRMED,HIGH,19184110.18,2192700.064536549,16991410.11546345,11,1,37.43465626509432,15551746.04,18549703.72,109.17106699177594,1,SINGLE_LARGE_PAYMENT
2026-03-27 07:25:00,RED_CONFIRMED,HIGH,22733161.02,1020240.542922372,21712920.477077626,3,1,39.57711248829898,22534839.04,22733161.02,104.69877160927956,1,SINGLE_LARGE_PAYMENT
2026-03-27 11:53:00,RED_CONFIRMED,HIGH,14423425.58,1178365.033884657,13245060.546115343,9,2,38.938061137620544,13512460.38,14195306.72,107.17434375310091,1,SINGLE_LARGE_PAYMENT
2026-03-27 13:29:00,RED_CONFIRMED,HIGH,14407336.700000001,1782822.351539541,12624514.34846046,10,2,38.7499049868677,8205269.05,14060788.36,111.37686545316248,1,SINGLE_LARGE_PAYMENT
2026-03-31 10:11:00,RED_CONFIRMED,HIGH,23678253.71,2621541.3945814352,21056712.315418564,15,2,41.701310620170666,11597641.97,23011148.27,109.28177165221713,1,SINGLE_LARGE_PAYMENT
2026-03-31 16:02:00,RED_CONFIRMED,HIGH,9200857.18,803485.1678640468,8397372.012135953,9,0,37.846330918828095,5483079.74,9019490.44,107.40848954845583,1,SINGLE_LARGE_PAYMENT
2026-04-01 14:26:00,RED_CONFIRMED,LOW,1477098.42,1564529.0567541136,-87430.63675411372,9,1,83.83880871305358,520608.13,1309038.85,,1,BROAD_ELEVATION
2026-04-01 14:27:00,RED_CONFIRMED,LOW,1029759.29,1564529.0567541136,-534769.7667541136,7,1,78.78737068662493,468557.84,988209.79,,1,DR_CR_IMBALANCE
2026-04-01 15:44:00,RED_CONFIRMED,HIGH,7390999.5600000005,1057101.5632886866,6333897.996711314,6,1,83.7642860676292,5469738.11,7341043.039999999,115.90087247713201,1,SINGLE_LARGE_PAYMENT
2026-04-01 15:45:00,RED_CONFIRMED,LOW,317596.99,779680.8805292282,-462083.89052922826,2,1,78.17359043845389,217092.77,317596.99,,1,DR_CR_IMBALANCE
2026-04-01 15:46:00,RED_CONFIRMED,HIGH,1316146.55,764493.4149156655,551653.1350843345,9,0,71.0922423863505,416397.65,1107906.76,200.83394610467096,1,SINGLE_LARGE_PAYMENT
2026-04-01 15:47:00,RED_CONFIRMED,HIGH,962561.1799999999,764493.4149156655,198067.76508433442,8,0,64.90066376154967,269825.48,876774.72,442.66401432190736,1,SINGLE_LARGE_PAYMENT
2026-04-01 15:48:00,RED_CONFIRMED,LOW,650128.06,779680.8805292282,-129552.8205292282,5,0,58.490779623435486,240341.3,650128.0599999999,,1,BROAD_ELEVATION
2026-04-01 15:49:00,RED_CONFIRMED,LOW,209785.5,764493.4149156655,-554707.9149156655,4,0,55.95714328613758,102504.86,209785.5,,1,BROAD_ELEVATION
2026-04-01 15:50:00,RED_CONFIRMED,HIGH,901545.25,745964.0021889972,155581.24781100277,4,0,53.367267274996685,428020.32,901545.25,579.4690958483509,1,SINGLE_LARGE_PAYMENT
2026-04-01 15:51:00,RED_CONFIRMED,LOW,349042.76,764493.4149156655,-415450.6549156655,2,0,52.66573899673071,267594.98,349042.76,,1,BROAD_ELEVATION
2026-04-01 15:52:00,RED_CONFIRMED,LOW,641389.79,759918.4163218569,-118528.62632185686,3,0,50.029924639912,499826.73,641389.7899999999,,1,BROAD_ELEVATION
2026-04-01 15:53:00,RED_CONFIRMED,HIGH,1008496.98,738757.3431495618,269739.6368504382,7,0,48.09571508985905,745025.63,973745.55,360.9946099764011,1,SINGLE_LARGE_PAYMENT
2026-04-01 15:54:00,RED_CONFIRMED,LOW,456613.64,759918.4163218569,-303304.7763218569,2,0,45.24398103282721,323916.89,456613.64,,1,BROAD_ELEVATION
2026-04-01 15:55:00,RED_CONFIRMED,LOW,358084.19,759918.4163218569,-401834.2263218569,3,0,43.14994920287818,168029.6,358084.19,,1,BROAD_ELEVATION
2026-04-01 15:56:00,RED_CONFIRMED,HIGH,860946.27,759918.4163218569,101027.85367814312,6,0,41.92545303344241,496459.26,829710.74,821.2692933607317,1,SINGLE_LARGE_PAYMENT
2026-04-01 15:57:00,RED_CONFIRMED,LOW,135612.31,779680.8805292282,-644068.5705292283,1,0,43.766724228536845,135612.31,135612.31,,1,FLOW_STALL_or_OUTAGE
2026-04-01 15:58:00,RED_CONFIRMED,HIGH,1125077.21,759918.4163218569,365158.79367814306,7,0,42.68201430666357,422239.41,1065116.6400000001,291.6858797980397,1,SINGLE_LARGE_PAYMENT
2026-04-01 15:59:00,RED_CONFIRMED,LOW,610211.97,779680.8805292282,-169468.91052922828,4,0,42.26399230370988,360890.61,610211.97,,1,DR_CR_IMBALANCE
2026-04-01 16:00:00,RED_CONFIRMED,LOW,53632.19,849179.3728348396,-795547.1828348397,1,0,42.58274400710858,53632.19,53632.19,,1,FLOW_STALL_or_OUTAGE
2026-04-01 16:01:00,RED_CONFIRMED,HIGH,3451345.34,849179.3728348396,2602165.96716516,7,0,43.13460039613233,2635565.78,3405846.24,130.88505049162495,1,SINGLE_LARGE_PAYMENT
2026-04-01 16:02:00,RED_CONFIRMED,LOW,491525.27,849179.3728348396,-357654.1028348396,1,0,43.079638994865014,491525.27,491525.27,,1,FLOW_STALL_or_OUTAGE
2026-04-01 16:03:00,RED_CONFIRMED,HIGH,850605.84,849179.3728348396,1426.4671651603421,3,0,38.52727056327572,458753.68,850605.8399999999,59630.24321729744,1,SINGLE_LARGE_PAYMENT
2026-04-01 16:04:00,RED_CONFIRMED,LOW,26449.74,844194.5984151604,-817744.8584151604,1,1,44.812900901623095,26449.74,26449.74,,1,FLOW_STALL_or_OUTAGE
2026-04-01 16:05:00,RED_CONFIRMED,LOW,407729.07999999996,834654.4054836545,-426925.3254836545,2,0,46.331631910588015,291196.61,407729.07999999996,,1,DR_CR_IMBALANCE
2026-04-01 16:06:00,RED_CONFIRMED,LOW,308164.62,834654.4054836545,-526489.7854836545,5,0,49.024112433944644,130649.09,308164.62,,1,DR_CR_IMBALANCE
2026-04-01 16:07:00,RED_CONFIRMED,LOW,509259.23,834654.4054836545,-325395.1754836545,4,0,43.376215093267035,259229.07,509259.23,,1,BROAD_ELEVATION
2026-04-01 16:08:00,RED_CONFIRMED,HIGH,2767006.99,829773.3596607306,1937233.6303392695,5,0,42.377240301109985,2203795.79,2767006.99,142.83290082649515,1,SINGLE_LARGE_PAYMENT
2026-04-01 16:09:00,RED_CONFIRMED,LOW,566131.35,834654.4054836545,-268523.0554836545,5,0,41.29242234258039,227781.39,566131.35,,1,BROAD_ELEVATION
2026-04-01 16:10:00,RED_CONFIRMED,LOW,277024.79000000004,834654.4054836545,-557629.6154836544,4,0,40.49377884411617,114554.66,277024.79,,1,DR_CR_IMBALANCE
2026-04-01 16:11:00,RED_CONFIRMED,HIGH,930715.8499999999,834654.4054836545,96061.4445163454,7,0,41.23001980381978,327722.86,851292.15,886.1954494710393,1,SINGLE_LARGE_PAYMENT
2026-04-01 16:12:00,RED_CONFIRMED,LOW,302614.03,834654.4054836545,-532040.3754836544,4,0,39.824579533519206,135766.89,302614.03,,1,BROAD_ELEVATION
2026-04-01 16:13:00,RED_CONFIRMED,LOW,98522.29000000001,834654.4054836545,-736132.1154836544,2,0,40.44674010995491,55773.62,98522.29000000001,,1,DR_CR_IMBALANCE
2026-04-01 16:14:00,RED_CONFIRMED,LOW,177045.47,832932.053547987,-655886.583547987,3,0,40.058269178896786,111760.91,177045.47,,1,BROAD_ELEVATION
2026-04-01 16:15:00,RED_CONFIRMED,HIGH,1588614.95,950380.867336436,638234.082663564,9,0,39.83304888058379,522142.77,1242709.7000000002,194.71064516231374,1,SINGLE_LARGE_PAYMENT
2026-04-01 17:05:00,RED_CONFIRMED,HIGH,16142896.77,2202240.7505659107,13940656.019434089,13,1,42.872488209784784,14401752.58,15546190.309999999,111.51692064080558,1,SINGLE_LARGE_PAYMENT
2026-04-02 12:10:00,RED_CONFIRMED,HIGH,19637788.66,1327851.4844239731,18309937.175576027,7,2,44.10605320353854,17717995.66,19547999.66,106.76169706401531,1,SINGLE_LARGE_PAYMENT
2026-04-02 12:44:00,RED_CONFIRMED,HIGH,11463014.32,1618781.209248362,9844233.110751638,15,2,39.78228522543818,6868090.11,10335137.05,104.98671591504886,1,SINGLE_LARGE_PAYMENT
2026-04-02 14:45:00,RED_CONFIRMED,HIGH,13925076.870000001,1300282.470075552,12624794.39992445,5,2,40.54168051751489,13297888.81,13925076.870000001,110.29943481759459,1,SINGLE_LARGE_PAYMENT
2026-04-03 16:39:00,RED_CONFIRMED,LOW,713650.2,1512977.1219962456,-799326.9219962456,6,0,29.27649103198709,257313.42,698987.49,,1,BROAD_ELEVATION
2026-04-03 16:40:00,RED_CONFIRMED,LOW,995093.1799999999,1480078.4992976075,-484985.3192976075,6,0,30.194730520441016,311209.04,970615.18,,1,BROAD_ELEVATION
2026-04-03 16:41:00,RED_CONFIRMED,LOW,985052.4199999999,1480078.4992976075,-495026.07929760753,8,0,29.099014741253683,260093.61,803924.55,,1,BROAD_ELEVATION
2026-04-03 16:42:00,RED_CONFIRMED,LOW,518116.61,1480078.4992976075,-961961.8892976075,7,0,29.789310044910696,160275.16,482197.60000000003,,1,BROAD_ELEVATION
2026-04-03 16:43:00,RED_CONFIRMED,HIGH,1977773.4100000001,1449424.711297334,528348.6987026662,7,0,30.081497039795135,969485.51,1898059.22,359.24366325886473,1,SINGLE_LARGE_PAYMENT
2026-04-03 16:44:00,RED_CONFIRMED,LOW,1392623.6300000001,1449424.711297334,-56801.08129733382,5,0,30.96857877533682,768619.5,1392623.6300000001,,1,BROAD_ELEVATION
2026-04-03 16:45:00,RED_CONFIRMED,LOW,1334793.9,2042136.6175851757,-707342.7175851758,11,0,29.917429055960003,347527.88,979746.67,,1,BROAD_ELEVATION
2026-04-03 16:46:00,RED_CONFIRMED,LOW,1544344.5899999999,2027522.1638090345,-483177.57380903466,10,0,29.667298378238524,443005.81,1292251.48,,1,BROAD_ELEVATION
2026-04-03 16:47:00,RED_CONFIRMED,HIGH,4634490.49,2027522.1638090345,2606968.3261909657,19,0,31.56495975513964,838195.05,3047958.66,116.91583013796583,1,SINGLE_LARGE_PAYMENT
2026-04-06 16:47:00,RED_CONFIRMED,HIGH,19049235.19,1979828.2642252822,17069406.92577472,17,2,39.21166930790791,15771890.16,18330819.43,107.38990235402117,1,SINGLE_LARGE_PAYMENT
2026-04-07 15:18:00,RED_CONFIRMED,HIGH,10829870.989999998,1040871.5668444186,9788999.42315558,5,2,41.85006335267561,9924149.02,10829870.989999998,110.63307414629394,1,SINGLE_LARGE_PAYMENT
2026-04-07 15:55:00,RED_CONFIRMED,HIGH,927818.0700000001,802041.0254909721,125777.04450902797,4,0,34.22417432911524,416464.45,927818.07,737.6688438035317,1,SINGLE_LARGE_PAYMENT
2026-04-07 15:56:00,RED_CONFIRMED,HIGH,1470444.1099999999,832057.6032889595,638386.5067110404,5,0,30.099199053729283,968033.4,1470444.1099999996,230.33759243686242,1,SINGLE_LARGE_PAYMENT
2026-04-07 15:57:00,RED_CONFIRMED,HIGH,1237222.09,851475.211829433,385746.8781705671,7,0,29.181754417405035,530573.38,1166761.37,302.4681302758564,1,SINGLE_LARGE_PAYMENT
2026-04-07 15:58:00,RED_CONFIRMED,HIGH,1205772.52,854823.6227407374,350948.8972592626,4,0,30.32927111475276,531275.74,1205772.5199999998,343.5749561877775,1,SINGLE_LARGE_PAYMENT
2026-04-07 15:59:00,RED_CONFIRMED,LOW,217828.57,854823.6227407374,-636995.0527407373,1,0,33.468546803091236,217828.57,217828.57,,1,FLOW_STALL_or_OUTAGE
2026-04-07 16:00:00,RED_CONFIRMED,LOW,686407.87,911575.6090539587,-225167.73905395868,5,0,33.80190090206454,307452.35,686407.8699999999,,1,BROAD_ELEVATION
2026-04-07 16:01:00,RED_CONFIRMED,LOW,683254.1,911575.6090539587,-228321.5090539587,6,0,33.03026046604844,195576.24,658629.02,,1,BROAD_ELEVATION
2026-04-07 16:34:00,RED_CONFIRMED,HIGH,12348920.23,1526548.5842999893,10822371.645700011,8,2,49.92658905014704,9348876.35,12173193.309999999,112.48175269268914,1,SINGLE_LARGE_PAYMENT
2026-04-08 10:34:00,RED_CONFIRMED,HIGH,11811890.74,2249450.120544975,9562440.619455025,9,2,41.11694398239589,6529448.26,11616783.879999999,121.48346162134969,1,SINGLE_LARGE_PAYMENT
2026-04-08 12:14:00,RED_CONFIRMED,HIGH,74833666.59000002,1491203.1618203232,73342463.4281797,10,2,40.93683727438333,72469974.23,74385020.52,101.42149178400753,1,SINGLE_LARGE_PAYMENT
2026-04-10 11:38:00,RED_CONFIRMED,HIGH,19870859.05,1239733.675082447,18631125.374917552,6,2,38.04539465471215,17906264.5,19764474.02,106.08309279378388,1,SINGLE_LARGE_PAYMENT
2026-04-10 13:12:00,RED_CONFIRMED,HIGH,5125403.7299999995,1920732.0886134696,3204671.64138653,5,1,86.92520218291072,1503184.2,5125403.73,159.9353788328357,1,SINGLE_LARGE_PAYMENT
2026-04-10 13:13:00,RED_CONFIRMED,LOW,1268080.9100000001,1920732.0886134696,-652651.1786134695,8,1,85.28203503678237,341889.04,1091863.18,,1,BROAD_ELEVATION
2026-04-10 13:14:00,RED_CONFIRMED,LOW,891637.08,1920732.0886134696,-1029095.0086134697,4,1,85.16106231321497,666688.46,891637.0799999998,,1,DR_CR_IMBALANCE
2026-04-10 13:15:00,RED_CONFIRMED,HIGH,3169205.1899999995,1896742.628543352,1272462.5614566475,11,1,82.81935492125643,804194.46,2567705.0799999996,201.7902261156216,1,SINGLE_LARGE_PAYMENT
2026-04-10 13:16:00,RED_CONFIRMED,LOW,1157812.71,1896742.628543352,-738929.918543352,8,1,79.985499534491,448515.54,1014912.11,,1,BROAD_ELEVATION
2026-04-10 13:17:00,RED_CONFIRMED,LOW,648921.54,1896742.628543352,-1247821.088543352,7,1,77.66660814378282,153652.62,505438.11999999994,,1,BROAD_ELEVATION
2026-04-10 13:18:00,RED_CONFIRMED,LOW,1438883.0299999998,1896742.628543352,-457859.5985433522,6,1,76.34786765597411,601403.94,1410309.06,,1,BROAD_ELEVATION
2026-04-10 15:04:00,RED_CONFIRMED,HIGH,2873031.3800000004,1243891.8155485278,1629139.5644514726,5,0,42.94219461042629,2260856.72,2873031.38,176.3526859632399,1,SINGLE_LARGE_PAYMENT
2026-04-10 15:05:00,RED_CONFIRMED,HIGH,2141858.44,1243891.8155485278,897966.6244514722,6,0,42.09375660162749,740482.65,2115738.1599999997,235.61434271484308,1,SINGLE_LARGE_PAYMENT
2026-04-10 15:28:00,RED_CONFIRMED,LOW,778262.7999999999,1077937.4399043743,-299674.6399043744,5,1,86.15702239582681,584588.58,778262.7999999999,,1,BROAD_ELEVATION
2026-04-10 15:29:00,RED_CONFIRMED,HIGH,1247436.79,1077937.4399043743,169499.35009562573,7,1,82.61506361286952,450059.77,1127333.04,665.0957890776557,1,SINGLE_LARGE_PAYMENT
2026-04-10 16:38:00,RED_CONFIRMED,HIGH,16412808.319999998,1644887.371518574,14767920.948481424,9,1,39.719799739708236,14472888.11,16237986.189999998,109.95444955757121,1,SINGLE_LARGE_PAYMENT
2026-04-14 06:39:00,RED_CONFIRMED,HIGH,920693.77,408554.1747313205,512139.5952686795,1,1,88.82164564895253,920693.77,920693.77,179.7739871132175,1,SINGLE_LARGE_PAYMENT
2026-04-14 06:40:00,RED_CONFIRMED,HIGH,634603.31,418850.03645778866,215753.2735422114,4,1,87.6651575212433,478979.94,634603.3099999999,294.133803664324,1,SINGLE_LARGE_PAYMENT
2026-04-14 06:41:00,RED_CONFIRMED,HIGH,696137.99,418850.03645778866,277287.9535422113,3,1,84.50744747986558,570467.83,696137.99,251.05237393373721,1,SINGLE_LARGE_PAYMENT
2026-04-14 06:42:00,RED_CONFIRMED,HIGH,718845.13,418850.03645778866,299995.09354221134,2,1,81.29080086214556,506001.98,718845.13,239.61896226774576,1,SINGLE_LARGE_PAYMENT
2026-04-14 06:43:00,RED_CONFIRMED,LOW,57720.79,418850.03645778866,-361129.2464577887,1,1,78.70611902491079,57720.79,57720.79,,1,FLOW_STALL_or_OUTAGE
2026-04-14 06:44:00,RED_CONFIRMED,LOW,160865.72,408554.1747313205,-247688.45473132053,1,1,74.75212703740159,160865.72,160865.72,,1,FLOW_STALL_or_OUTAGE
2026-04-14 06:45:00,RED_CONFIRMED,LOW,0.0,686731.8699788875,-686731.8699788875,0,4,79.28921279116992,0.0,0.0,,0,FLOW_STALL_or_OUTAGE
2026-04-14 06:46:00,RED_CONFIRMED,HIGH,854990.94,683231.0954888923,171759.84451110766,3,1,81.67257987409677,489087.55,854990.9400000001,497.78278644442304,1,SINGLE_LARGE_PAYMENT
2026-04-14 06:47:00,RED_CONFIRMED,LOW,123669.81,683231.0954888923,-559561.2854888923,1,1,86.56799381102603,123669.81,123669.81,,1,FLOW_STALL_or_OUTAGE
2026-04-14 06:48:00,RED_CONFIRMED,LOW,426353.88,682309.8677543115,-255955.98775431153,3,1,84.26743006296527,261625.91,426353.88,,1,BROAD_ELEVATION
2026-04-14 06:49:00,RED_CONFIRMED,HIGH,1845932.52,682309.8677543115,1163622.6522456885,6,1,83.63653582061629,875865.71,1792490.22,154.0439434159049,1,SINGLE_LARGE_PAYMENT
2026-04-14 06:50:00,RED_CONFIRMED,LOW,582557.99,683231.0954888923,-100673.1054888923,4,1,82.33212697554971,216563.58,582557.99,,1,BROAD_ELEVATION
2026-04-14 06:51:00,RED_CONFIRMED,HIGH,1874091.31,682309.8677543115,1191781.4422456885,3,1,81.59284000674678,912312.61,1874091.3099999998,157.25125795453118,1,SINGLE_LARGE_PAYMENT
2026-04-14 06:52:00,RED_CONFIRMED,LOW,116487.26,683231.0954888923,-566743.8354888923,1,1,82.95892763883784,116487.26,116487.26,,1,FLOW_STALL_or_OUTAGE
2026-04-14 06:53:00,RED_CONFIRMED,LOW,287864.83,683231.0954888923,-395366.26548889227,2,1,82.31281513394435,154297.51,287864.83,,1,BROAD_ELEVATION
2026-04-14 06:54:00,RED_CONFIRMED,LOW,530881.63,682309.8677543115,-151428.23775431153,3,1,80.75766878006132,366493.85,530881.63,,1,BROAD_ELEVATION
2026-04-14 06:55:00,RED_CONFIRMED,LOW,145567.63999999998,678704.3176750944,-533136.6776750943,3,1,78.7141205472942,54872.56,145567.63999999998,,1,BROAD_ELEVATION
2026-04-14 06:56:00,RED_CONFIRMED,LOW,52233.39,668661.9079591901,-616428.5179591901,1,2,81.2563007553273,52233.39,52233.39,,1,FLOW_STALL_or_OUTAGE
2026-04-14 06:57:00,RED_CONFIRMED,LOW,546772.61,660426.1059957522,-113653.49599575216,5,1,81.59375598587928,195315.88,546772.61,,1,BROAD_ELEVATION
2026-04-14 06:58:00,RED_CONFIRMED,LOW,372043.68,651519.3347130144,-279475.65471301443,3,1,79.9498927826967,201984.63,372043.68,,1,DR_CR_IMBALANCE
2026-04-14 06:59:00,RED_CONFIRMED,LOW,291413.2,639748.1336715023,-348334.93367150234,2,1,75.29230096926621,234994.43,291413.2,,1,BROAD_ELEVATION
2026-04-14 07:30:00,RED_CONFIRMED,LOW,542103.11,1305526.2942008576,-763423.1842008576,6,1,86.11012724757991,251514.92,524879.17,,1,BROAD_ELEVATION
2026-04-14 07:31:00,RED_CONFIRMED,LOW,1032254.4099999999,1302681.8199757102,-270427.4099757103,7,1,84.0659054797173,481754.73,981914.2699999999,,1,BROAD_ELEVATION
2026-04-14 07:32:00,RED_CONFIRMED,LOW,522109.81,1298781.4398821166,-776671.6298821166,2,1,83.7793704376367,479679.75,522109.81,,1,DR_CR_IMBALANCE
2026-04-14 07:33:00,RED_CONFIRMED,HIGH,2124210.92,1287954.5823020926,836256.3376979074,7,1,81.05672626036215,947866.71,2072960.23,247.88574227210756,1,SINGLE_LARGE_PAYMENT
2026-04-14 07:43:00,RED_CONFIRMED,LOW,477365.19,1202157.4180897742,-724792.2280897743,4,1,86.0152870973712,357460.75,477365.19000000006,,1,BROAD_ELEVATION
2026-04-14 07:44:00,RED_CONFIRMED,HIGH,1743846.21,1133284.2395998938,610561.9704001062,9,1,83.4965586025865,652241.53,1532948.1300000001,251.07166910435757,1,SINGLE_LARGE_PAYMENT
2026-04-14 07:45:00,RED_CONFIRMED,HIGH,2291011.42,1595368.4779758467,695642.9420241532,11,1,82.26705498145473,643331.26,1790189.5899999999,257.3431687225892,1,SINGLE_LARGE_PAYMENT
2026-04-14 07:46:00,RED_CONFIRMED,LOW,460925.58,1618201.3767062896,-1157275.7967062895,4,1,82.43165349176572,224998.76,460925.58,,1,BROAD_ELEVATION
2026-04-14 07:47:00,RED_CONFIRMED,LOW,504530.50000000006,1618201.3767062896,-1113670.8767062896,4,1,82.78116217984685,263366.56,504530.50000000006,,1,DR_CR_IMBALANCE
2026-04-14 07:48:00,RED_CONFIRMED,LOW,227034.85,1595368.4779758467,-1368333.6279758466,3,1,84.3540877980648,187902.29,227034.85,,1,BROAD_ELEVATION
2026-04-14 07:49:00,RED_CONFIRMED,HIGH,1894626.2999999998,1579437.9767715866,315188.32322841324,8,1,83.76122232496517,1024192.7,1841920.8599999999,584.3874040553151,1,SINGLE_LARGE_PAYMENT
2026-04-14 07:50:00,RED_CONFIRMED,HIGH,2203552.63,1579437.9767715866,624114.6532284133,7,1,80.83166970592175,1722146.89,2145314.8,343.737290720982,1,SINGLE_LARGE_PAYMENT
2026-04-14 07:51:00,RED_CONFIRMED,LOW,1319925.69,1595368.4779758467,-275442.7879758468,3,1,74.58568004075217,647070.9,1319925.6900000002,,1,BROAD_ELEVATION
2026-04-14 14:17:00,RED_CONFIRMED,HIGH,2333754.89,1590239.1694834845,743515.7205165157,12,0,35.94227557441982,547214.18,1786898.13,240.33091442352466,1,SINGLE_LARGE_PAYMENT
2026-04-14 16:02:00,RED_CONFIRMED,HIGH,1024762.8500000001,933837.0265377604,90925.8234622397,6,0,35.62951927386229,402600.96,969829.6000000001,1066.6162406577023,1,SINGLE_LARGE_PAYMENT
2026-04-14 16:03:00,RED_CONFIRMED,HIGH,1447749.19,933837.0265377604,513912.16346223955,1,0,35.572199722833744,1447749.19,1447749.19,281.71140769396783,1,SINGLE_LARGE_PAYMENT
2026-04-14 16:04:00,RED_CONFIRMED,HIGH,2038735.66,945115.8094927839,1093619.850507216,4,0,34.959015986228465,1627104.43,2038735.66,186.4208718463224,1,SINGLE_LARGE_PAYMENT
2026-04-14 16:05:00,RED_CONFIRMED,LOW,789061.01,945115.8094927839,-156054.79949278384,5,0,34.2170553148637,312658.4,789061.01,,1,DR_CR_IMBALANCE
2026-04-14 16:06:00,RED_CONFIRMED,HIGH,1030253.6299999999,933837.0265377604,96416.6034622395,8,0,32.07403911427847,471787.74,919367.04,953.5360166053351,1,SINGLE_LARGE_PAYMENT
2026-04-14 16:07:00,RED_CONFIRMED,LOW,364101.85,933837.0265377604,-569735.1765377604,4,0,32.47846739175741,218955.52,364101.8499999999,,1,DR_CR_IMBALANCE
2026-04-14 16:08:00,RED_CONFIRMED,HIGH,1227119.47,933837.0265377604,293282.4434622396,7,0,31.1328361085628,547399.11,1144256.46,390.1551168531928,1,SINGLE_LARGE_PAYMENT
2026-04-14 16:09:00,RED_CONFIRMED,LOW,102808.08,933837.0265377604,-831028.9465377604,1,0,35.45590486450042,102808.08,102808.08,,1,FLOW_STALL_or_OUTAGE
2026-04-14 16:10:00,RED_CONFIRMED,LOW,222944.38,930331.3055588531,-707386.9255588531,5,0,37.17562754092928,72657.72,222944.38000000003,,1,BROAD_ELEVATION
2026-04-14 16:11:00,RED_CONFIRMED,HIGH,927141.7,924324.0005409099,2817.699459090014,6,0,39.83798791207195,235944.73,868767.3500000001,30832.505830148813,1,SINGLE_LARGE_PAYMENT
2026-04-14 16:12:00,RED_CONFIRMED,HIGH,1175413.5999999999,922928.8184578366,252484.78154216323,4,0,36.596494296762586,680763.29,1175413.5999999999,465.5383951542101,1,SINGLE_LARGE_PAYMENT
2026-04-14 16:13:00,RED_CONFIRMED,HIGH,1958630.2,922928.8184578366,1035701.3815421633,4,0,34.492870920457186,1525407.12,1958630.2,189.11147893648575,1,SINGLE_LARGE_PAYMENT
2026-04-15 06:58:00,RED_CONFIRMED,LOW,361633.43,637271.1607771612,-275637.73077716125,3,0,41.560679190453925,286863.35,361633.42999999993,,1,DR_CR_IMBALANCE
2026-04-15 06:59:00,RED_CONFIRMED,LOW,483063.96,637271.1607771612,-154207.20077716123,1,0,39.791270559496134,483063.96,483063.96,,1,FLOW_STALL_or_OUTAGE
2026-04-15 07:00:00,RED_CONFIRMED,LOW,588928.59,761996.4564300816,-173067.86643008166,4,0,39.61676156863251,204781.35,588928.59,,1,BROAD_ELEVATION
2026-04-15 07:01:00,RED_CONFIRMED,HIGH,944414.28,747915.6485981381,196498.6314018619,7,0,37.882566334978335,291497.3,906729.14,461.44297979645285,1,SINGLE_LARGE_PAYMENT
2026-04-15 07:02:00,RED_CONFIRMED,LOW,760542.01,761996.4564300816,-1454.446430081618,5,0,34.48577868663514,356214.3,760542.01,,1,BROAD_ELEVATION
2026-04-15 07:03:00,RED_CONFIRMED,HIGH,1300077.57,761232.0419709439,538845.5280290561,5,0,32.02541692290056,616587.98,1300077.57,241.27092132606433,1,SINGLE_LARGE_PAYMENT
2026-04-15 07:04:00,RED_CONFIRMED,LOW,29691.26,761996.4564300816,-732305.1964300816,1,1,39.873830941403135,29691.26,29691.26,,1,FLOW_STALL_or_OUTAGE
2026-04-15 07:05:00,RED_CONFIRMED,LOW,192526.8,761996.4564300816,-569469.6564300817,2,0,44.09537594921688,126719.78,192526.8,,1,BROAD_ELEVATION
2026-04-15 07:06:00,RED_CONFIRMED,HIGH,891989.2,761232.0419709439,130757.15802905604,3,0,45.81857458483402,580462.37,891989.2000000001,682.1723670392009,1,SINGLE_LARGE_PAYMENT
2026-04-15 07:07:00,RED_CONFIRMED,LOW,369336.0,761996.4564300816,-392660.4564300816,2,0,38.58563159202684,251957.31,369336.0,,1,BROAD_ELEVATION
2026-04-15 07:08:00,RED_CONFIRMED,LOW,205464.40000000002,761232.0419709439,-555767.6419709439,5,0,38.219873556396244,53879.72,205464.4,,1,BROAD_ELEVATION
2026-04-15 07:09:00,RED_CONFIRMED,LOW,96607.21,761232.0419709439,-664624.831970944,1,0,42.20775793256406,96607.21,96607.21,,1,FLOW_STALL_or_OUTAGE
2026-04-15 07:10:00,RED_CONFIRMED,HIGH,827141.8500000001,761232.0419709439,65909.80802905618,3,0,42.52460956523466,399548.53,827141.8500000001,1254.9601868592254,1,SINGLE_LARGE_PAYMENT
2026-04-15 07:20:00,RED_CONFIRMED,LOW,0.0,1000109.9172671844,-1000109.9172671844,0,4,87.94124473400723,0.0,0.0,,0,FLOW_STALL_or_OUTAGE
2026-04-15 07:21:00,RED_CONFIRMED,HIGH,1016657.1000000001,1000109.9172671844,16547.182732815738,8,1,86.48172974514894,247647.21,848055.1499999999,5125.072731070827,1,SINGLE_LARGE_PAYMENT
2026-04-15 07:22:00,RED_CONFIRMED,LOW,554501.4,1004245.0635430522,-449743.66354305216,3,1,86.33156579811201,475794.84,554501.4,,1,DR_CR_IMBALANCE
2026-04-15 07:23:00,RED_CONFIRMED,LOW,841161.84,1000109.9172671844,-158948.0772671844,7,1,84.57972876899017,346811.75,780559.36,,1,BROAD_ELEVATION
2026-04-15 07:24:00,RED_CONFIRMED,LOW,941482.8999999999,1000109.9172671844,-58627.01726718445,5,1,84.24028664383889,483044.79,941482.8999999999,,1,BROAD_ELEVATION
2026-04-15 07:25:00,RED_CONFIRMED,LOW,649041.9400000001,991582.4713808823,-342540.53138088225,6,1,84.0957561538322,227208.66,623951.95,,1,BROAD_ELEVATION
2026-04-15 07:26:00,RED_CONFIRMED,LOW,866963.71,991582.4713808823,-124618.76138088235,5,1,83.97808693933736,361939.84,866963.7100000001,,1,BROAD_ELEVATION
2026-04-15 07:27:00,RED_CONFIRMED,LOW,566864.3099999999,991582.4713808823,-424718.1613808824,5,1,83.69617010729748,253314.83,566864.3099999998,,1,DR_CR_IMBALANCE
2026-04-15 07:28:00,RED_CONFIRMED,LOW,911948.1499999999,991582.4713808823,-79634.32138088241,6,1,81.16156165275832,507137.17,878656.2899999999,,1,DR_CR_IMBALANCE
2026-04-15 07:29:00,RED_CONFIRMED,LOW,480422.12,991582.4713808823,-511160.3513808823,6,1,77.62263802905544,128288.56,452138.83999999997,,1,BROAD_ELEVATION
2026-04-15 07:30:00,RED_CONFIRMED,LOW,685150.94,1133284.2395998938,-448133.29959989386,3,1,73.14300322888785,355431.35,685150.9400000001,,1,BROAD_ELEVATION
2026-04-15 07:31:00,RED_CONFIRMED,LOW,208077.43,1133284.2395998938,-925206.8095998939,2,1,72.3650677313869,136379.12,208077.43,,1,DR_CR_IMBALANCE
2026-04-15 07:32:00,RED_CONFIRMED,LOW,254135.22999999998,1092014.142294725,-837878.912294725,4,1,72.26441971566146,79870.03,254135.22999999998,,1,BROAD_ELEVATION
2026-04-15 07:33:00,RED_CONFIRMED,LOW,587369.85,1092014.142294725,-504644.29229472496,3,0,71.7722597274584,310271.37,587369.85,,1,DR_CR_IMBALANCE
2026-04-15 07:34:00,RED_CONFIRMED,LOW,0.0,1092014.142294725,-1092014.142294725,0,4,76.90569190521876,0.0,0.0,,0,FLOW_STALL_or_OUTAGE
2026-04-15 07:35:00,RED_CONFIRMED,LOW,279660.55,1092014.142294725,-812353.5922947249,2,1,80.70888008341367,209831.36,279660.55,,1,DR_CR_IMBALANCE
2026-04-15 07:36:00,RED_CONFIRMED,LOW,385573.28,1092014.142294725,-706440.8622947249,4,1,85.31784677222005,161742.17,385573.27999999997,,1,DR_CR_IMBALANCE
2026-04-15 07:37:00,RED_CONFIRMED,LOW,767828.4299999999,1092014.142294725,-324185.712294725,4,1,82.7365212125626,445748.41,767828.4299999999,,1,BROAD_ELEVATION
2026-04-15 07:38:00,RED_CONFIRMED,LOW,817563.2,1092014.142294725,-274450.942294725,5,1,81.83048696720623,304686.24,817563.2,,1,BROAD_ELEVATION
2026-04-15 07:39:00,RED_CONFIRMED,LOW,600543.38,1092014.142294725,-491470.76229472493,4,1,81.75252580826827,461357.81,600543.38,,1,BROAD_ELEVATION
2026-04-15 07:40:00,RED_CONFIRMED,LOW,821373.0700000001,1087126.9624211949,-265753.8924211948,7,1,81.36797650967237,367045.93,771499.7100000001,,1,DR_CR_IMBALANCE
2026-04-15 07:41:00,RED_CONFIRMED,LOW,596629.63,1079108.0107599548,-482478.3807599548,5,1,79.77367916200419,263898.38,596629.63,,1,BROAD_ELEVATION
2026-04-15 07:42:00,RED_CONFIRMED,LOW,227625.31,1063598.881181135,-835973.571181135,2,1,78.83485107292091,209584.48,227625.31,,1,DR_CR_IMBALANCE
2026-04-15 07:43:00,RED_CONFIRMED,HIGH,2073556.27,1063598.881181135,1009957.388818865,3,0,75.83863017693358,1408476.54,2073556.2700000003,205.31126292615212,1,SINGLE_LARGE_PAYMENT
2026-04-15 07:44:00,RED_CONFIRMED,LOW,485583.63,1063598.881181135,-578015.2511811351,2,0,73.46546385373377,413593.22,485583.63,,1,DR_CR_IMBALANCE
2026-04-15 07:45:00,RED_CONFIRMED,LOW,1386532.46,1523324.236592991,-136791.77659299108,7,0,68.71807813711705,544369.62,1338284.3599999999,,1,BROAD_ELEVATION
2026-04-15 07:46:00,RED_CONFIRMED,HIGH,3115878.13,1523324.236592991,1592553.8934070088,3,0,64.2079619037617,2921381.79,3115878.13,195.65291591696703,1,SINGLE_LARGE_PAYMENT
2026-04-15 07:47:00,RED_CONFIRMED,LOW,1496972.47,1523324.236592991,-26351.766592991073,5,0,58.883619495392686,509403.17,1496972.47,,1,BROAD_ELEVATION
2026-04-15 07:48:00,RED_CONFIRMED,LOW,859683.2,1504193.797333785,-644510.5973337851,6,0,54.34635155318367,426605.67,824271.96,,1,BROAD_ELEVATION
2026-04-15 07:49:00,RED_CONFIRMED,HIGH,2175868.77,1504193.797333785,671674.9726662149,8,0,50.77579985886637,773329.05,1926312.07,286.7922951414285,1,SINGLE_LARGE_PAYMENT
2026-04-15 08:16:00,RED_CONFIRMED,LOW,983514.65,1784761.6376261464,-801246.9876261464,6,0,33.487740066331746,432755.94,955319.2599999999,,1,BROAD_ELEVATION
2026-04-15 08:17:00,RED_CONFIRMED,LOW,796761.94,1757500.4200589678,-960738.4800589678,9,0,33.46295332099474,205746.36,637652.3799999999,,1,BROAD_ELEVATION
2026-04-15 11:33:00,RED_CONFIRMED,HIGH,19324423.76,1128275.283254805,18196148.476745196,4,2,40.32457208695612,18478644.21,19324423.759999998,106.20062693320374,1,SINGLE_LARGE_PAYMENT
2026-04-15 11:44:00,RED_CONFIRMED,HIGH,13617555.879999999,1128275.283254805,12489280.596745193,7,2,45.784796459356805,11580931.02,13551137.19,108.50214377865395,1,SINGLE_LARGE_PAYMENT
2026-04-15 14:31:00,RED_CONFIRMED,HIGH,16021621.23,1610116.9062755466,14411504.323724454,9,2,38.90270411504647,13944489.66,15775287.53,109.46315648693567,1,SINGLE_LARGE_PAYMENT
2026-04-15 15:26:00,RED_CONFIRMED,HIGH,1934755.86,911909.540360138,1022846.319639862,4,0,46.82369847200005,1245713.98,1934755.8599999999,189.1541107251787,1,SINGLE_LARGE_PAYMENT
2026-04-15 15:27:00,RED_CONFIRMED,LOW,97725.04,929379.3694413473,-831654.3294413473,1,0,46.71473805663468,97725.04,97725.04,,1,FLOW_STALL_or_OUTAGE
2026-04-15 15:28:00,RED_CONFIRMED,LOW,627004.47,929379.3694413473,-302374.89944134734,4,0,46.09942822648649,417943.05,627004.47,,1,DR_CR_IMBALANCE
2026-04-15 15:29:00,RED_CONFIRMED,HIGH,3843025.44,911909.540360138,2931115.8996398617,3,0,45.8938359323674,2025584.67,3843025.44,131.11134365148038,1,SINGLE_LARGE_PAYMENT
2026-04-15 15:30:00,RED_CONFIRMED,LOW,739692.3200000001,885094.4140056141,-145402.09400561405,5,0,41.265418462238664,259674.02,739692.32,,1,DR_CR_IMBALANCE
2026-04-15 15:31:00,RED_CONFIRMED,HIGH,2692807.15,885094.4140056141,1807712.7359943858,7,0,38.46770529568398,1256483.4,2589650.03,143.25561680437497,1,SINGLE_LARGE_PAYMENT
2026-04-15 15:32:00,RED_CONFIRMED,HIGH,1835934.96,900293.0050473657,935641.9549526343,10,0,36.436167534139734,474361.75,1505188.78,160.87230505564474,1,SINGLE_LARGE_PAYMENT
2026-04-15 15:33:00,RED_CONFIRMED,LOW,580658.6300000001,900293.0050473657,-319634.37504736555,4,0,35.843207504979894,350554.82,580658.6300000001,,1,DR_CR_IMBALANCE
2026-04-15 15:34:00,RED_CONFIRMED,LOW,430297.33,900293.0050473657,-469995.67504736566,3,0,34.9855470946772,201960.73,430297.3300000001,,1,BROAD_ELEVATION
2026-04-15 15:35:00,RED_CONFIRMED,LOW,305715.71,885094.4140056141,-579378.7040056142,3,0,35.541276790082954,151711.39,305715.7100000001,,1,BROAD_ELEVATION
2026-04-16 06:53:00,RED_CONFIRMED,LOW,131517.49,608150.4231341718,-476632.93313417176,3,1,83.10971852110004,83204.03,131517.49,,1,BROAD_ELEVATION
2026-04-16 06:54:00,RED_CONFIRMED,LOW,391941.36,608150.4231341718,-216209.06313417177,3,1,78.147351137873,292628.48,391941.36,,1,BROAD_ELEVATION
2026-04-16 06:55:00,RED_CONFIRMED,LOW,196704.72,596177.8387469727,-399473.11874697276,2,1,75.80990389572419,108463.72,196704.72,,1,DR_CR_IMBALANCE
2026-04-16 06:56:00,RED_CONFIRMED,LOW,243090.63,596177.8387469727,-353087.2087469727,2,1,72.8637278005395,168353.18,243090.63,,1,DR_CR_IMBALANCE
2026-04-16 06:57:00,RED_CONFIRMED,LOW,145111.08,585614.0043109206,-440502.92431092064,3,1,71.5455943621221,89071.26,145111.08,,1,DR_CR_IMBALANCE
2026-04-16 08:55:00,RED_CONFIRMED,HIGH,29517241.28,2088084.5876450192,27429156.69235498,14,1,38.42510151859105,27005117.19,28274664.580000002,103.08251506646093,1,SINGLE_LARGE_PAYMENT
2026-04-16 11:47:00,RED_CONFIRMED,HIGH,17589418.63,1183786.6348084584,16405631.99519154,6,2,47.96131164969518,16333401.04,17555029.94,107.0061180522966,1,SINGLE_LARGE_PAYMENT
2026-04-16 12:03:00,RED_CONFIRMED,HIGH,1871748.72,1381297.8040118532,490450.9159881468,8,1,84.81374881171246,664415.13,1775460.81,362.00580978075067,1,SINGLE_LARGE_PAYMENT
2026-04-16 12:04:00,RED_CONFIRMED,LOW,935355.27,1381297.8040118532,-445942.53401185316,8,1,80.79623525528955,373272.88,848917.5699999998,,1,BROAD_ELEVATION
2026-04-16 12:05:00,RED_CONFIRMED,HIGH,1848257.19,1374190.7484361744,474066.4415638256,10,1,76.23946593865121,442773.2,1344185.5899999999,283.54371289515257,1,SINGLE_LARGE_PAYMENT
2026-04-16 16:03:00,RED_CONFIRMED,LOW,459119.57999999996,929056.5487605702,-469936.9687605703,3,1,85.45635284983693,337462.42,459119.57999999996,,1,BROAD_ELEVATION
2026-04-16 16:04:00,RED_CONFIRMED,LOW,909860.86,929056.5487605702,-19195.68876057025,2,1,81.05875048220268,787995.44,909860.86,,1,DR_CR_IMBALANCE
2026-04-16 16:05:00,RED_CONFIRMED,LOW,574761.85,929056.5487605702,-354294.69876057026,6,1,76.81486288541845,145104.21,536382.9299999999,,1,BROAD_ELEVATION
2026-04-16 16:06:00,RED_CONFIRMED,LOW,373553.53,927654.2233388666,-554100.6933388666,3,1,73.46417621033511,164796.53,373553.52999999997,,1,BROAD_ELEVATION
2026-04-17 10:02:00,RED_CONFIRMED,HIGH,14691421.280000001,2119946.731124978,12571474.548875023,14,0,38.966223075948925,12860021.8,13779938.35,109.61274507955885,1,SINGLE_LARGE_PAYMENT
2026-04-17 11:59:00,RED_CONFIRMED,HIGH,22673780.31,1214434.1257928438,21459346.184207156,14,2,40.655116303842924,20610254.15,21895221.389999997,102.0311672222037,1,SINGLE_LARGE_PAYMENT
2026-04-17 13:50:00,RED_CONFIRMED,HIGH,12887845.46,1513753.4785212881,11374091.981478713,11,2,38.45642084074857,10812799.96,12366878.99,108.72849463621286,1,SINGLE_LARGE_PAYMENT
2026-04-17 14:04:00,RED_CONFIRMED,HIGH,12430473.86,1599337.3145918446,10831136.545408156,17,2,41.312216963809995,6323173.53,11560464.41,106.73362265847383,1,SINGLE_LARGE_PAYMENT
2026-04-20 14:33:00,RED_CONFIRMED,HIGH,13640421.12,1411204.9678940705,12229216.15210593,12,2,41.078340484615914,12468980.54,13275430.74,108.55504208022285,1,SINGLE_LARGE_PAYMENT
2026-04-21 07:23:00,RED_CONFIRMED,LOW,197546.69,1000109.9172671844,-802563.2272671843,4,0,35.14888064774386,96810.38,197546.68999999997,,1,BROAD_ELEVATION
2026-04-21 07:24:00,RED_CONFIRMED,LOW,578442.45,993987.5641482499,-415545.11414824997,9,0,36.296461795231544,193185.4,458378.45,,1,BROAD_ELEVATION
2026-04-21 07:25:00,RED_CONFIRMED,HIGH,2337253.82,989079.7737791744,1348174.0462208255,8,0,36.413372945371925,533435.34,2021755.0399999998,149.96246557833857,1,SINGLE_LARGE_PAYMENT
2026-04-21 07:26:00,RED_CONFIRMED,HIGH,1140494.32,993987.5641482499,146506.75585175015,6,0,33.44493662429395,461312.0,1123703.17,766.9975104336298,1,SINGLE_LARGE_PAYMENT
2026-04-21 11:19:00,RED_CONFIRMED,LOW,762825.49,1196898.0707673158,-434072.5807673158,6,0,36.30356735056998,256745.86,740448.79,,1,BROAD_ELEVATION
2026-04-21 11:20:00,RED_CONFIRMED,LOW,1048133.8,1196898.0707673158,-148764.27076731576,5,0,34.204680826868234,560029.26,1048133.7999999999,,1,DR_CR_IMBALANCE
2026-04-21 11:21:00,RED_CONFIRMED,HIGH,2289107.6799999997,1196898.0707673158,1092209.609232684,7,0,33.50293956080326,877733.14,2216725.98,202.95792687241865,1,SINGLE_LARGE_PAYMENT
2026-04-21 11:22:00,RED_CONFIRMED,LOW,487329.97,1196898.0707673158,-709568.1007673158,6,0,33.79199108530029,181061.66,472544.23,,1,BROAD_ELEVATION
2026-04-21 11:23:00,RED_CONFIRMED,HIGH,2040177.48,1188353.1449198807,851824.3350801193,6,0,32.92769625953634,862660.19,1991729.09,233.81922868083663,1,SINGLE_LARGE_PAYMENT
2026-04-21 11:24:00,RED_CONFIRMED,LOW,962918.7200000001,1188353.1449198807,-225434.42491988058,6,0,32.033684574448905,457935.9,930146.3500000001,,1,BROAD_ELEVATION
2026-04-21 11:25:00,RED_CONFIRMED,LOW,783606.69,1188353.1449198807,-404746.4549198807,4,0,31.467059098319282,484570.77,783606.6900000001,,1,BROAD_ELEVATION
2026-04-21 14:00:00,RED_CONFIRMED,HIGH,9330920.350000001,1583100.0579452824,7747820.292054719,11,2,49.02150755192235,5275016.63,8773384.12,113.23680453710293,1,SINGLE_LARGE_PAYMENT
2026-04-21 16:11:00,RED_CONFIRMED,LOW,205997.6,888048.5906672969,-682050.9906672969,4,1,86.46085356059882,138171.62,205997.6,,1,BROAD_ELEVATION
2026-04-21 16:12:00,RED_CONFIRMED,HIGH,1620196.3,871903.9650915128,748292.3349084873,3,1,83.37718837442264,1480086.56,1620196.3,216.51916295496233,1,SINGLE_LARGE_PAYMENT
2026-04-21 16:13:00,RED_CONFIRMED,LOW,591668.29,888048.5906672969,-296380.30066729686,3,1,80.26359853484286,471699.41,591668.29,,1,BROAD_ELEVATION
2026-04-21 16:38:00,RED_CONFIRMED,HIGH,2333851.64,1394574.0715424598,939277.5684575404,7,0,39.127790982552284,728015.34,2236375.82,238.09530804323623,1,SINGLE_LARGE_PAYMENT
2026-04-21 16:39:00,RED_CONFIRMED,LOW,691915.76,1417466.1004203064,-725550.3404203064,6,0,36.63706097773104,350324.34,679888.4900000001,,1,BROAD_ELEVATION
2026-04-21 16:40:00,RED_CONFIRMED,LOW,753826.1099999999,1394574.0715424598,-640747.9615424599,5,0,34.882453151574104,358227.16,753826.11,,1,BROAD_ELEVATION
2026-04-21 17:42:00,RED_CONFIRMED,HIGH,23881484.43,1615757.341214274,22265727.088785727,9,2,49.30118973704774,22033422.34,23534565.830000002,105.6986180426748,1,SINGLE_LARGE_PAYMENT
2026-04-21 17:51:00,RED_CONFIRMED,HIGH,14023959.67,1238813.2030137447,12785146.466986256,6,1,39.94965697168323,12554436.05,13992915.57,109.44665832442702,1,SINGLE_LARGE_PAYMENT
2026-04-22 11:25:00,RED_CONFIRMED,LOW,1019862.87,1166209.0034247066,-146346.13342470664,6,1,86.60810452389707,325318.98,999763.0299999999,,1,BROAD_ELEVATION
2026-04-22 11:26:00,RED_CONFIRMED,HIGH,2158142.14,1166209.0034247066,991933.1365752935,12,1,81.84934574295467,710586.17,1899136.87,191.45815377807418,1,SINGLE_LARGE_PAYMENT
2026-04-22 11:27:00,RED_CONFIRMED,LOW,615923.9199999999,1169325.989382939,-553402.069382939,4,1,77.98995043034178,311567.79,615923.9199999999,,1,DR_CR_IMBALANCE
2026-04-22 15:46:00,RED_CONFIRMED,HIGH,2782503.21,852031.4778418223,1930471.7321581775,6,1,86.99728648874982,1516149.03,2647723.42,137.15421862406492,1,SINGLE_LARGE_PAYMENT
2026-04-22 15:47:00,RED_CONFIRMED,HIGH,1071381.52,872349.4847810529,199032.0352189471,4,1,83.50378639768108,607061.7,1071381.52,538.296017935714,1,SINGLE_LARGE_PAYMENT
2026-04-22 15:48:00,RED_CONFIRMED,LOW,182271.80000000002,882412.8500136323,-700141.0500136323,2,1,81.79728453224457,157139.89,182271.80000000002,,1,DR_CR_IMBALANCE
2026-04-22 15:49:00,RED_CONFIRMED,HIGH,1138646.09,872349.4847810529,266296.60521894717,7,1,77.59727035308066,277124.7,993947.58,373.2483105380872,1,SINGLE_LARGE_PAYMENT
2026-04-22 17:18:00,RED_CONFIRMED,HIGH,16655045.219999999,2263933.251270395,14391111.968729604,9,0,38.72230842322992,15660812.25,16511730.530000001,114.73561296638009,1,SINGLE_LARGE_PAYMENT
2026-04-23 09:05:00,RED_CONFIRMED,HIGH,15155062.87,2528798.38461119,12626264.48538881,13,1,37.4871260203471,12941917.43,14523807.35,115.02853727487681,1,SINGLE_LARGE_PAYMENT
2026-04-23 10:33:00,RED_CONFIRMED,HIGH,11445676.030000001,2050798.1665969633,9394877.863403037,13,2,45.31498211183251,10027562.05,10968893.280000001,116.75397423449654,1,SINGLE_LARGE_PAYMENT
2026-04-24 16:12:00,RED_CONFIRMED,HIGH,14805721.76,886354.6282740242,13919367.131725976,6,2,39.69533459334375,13444831.19,14691256.23,105.54543242497485,1,SINGLE_LARGE_PAYMENT
2026-04-28 06:32:00,RED_CONFIRMED,LOW,32393.14,337342.0804171603,-304948.9404171603,1,1,82.4769682191959,32393.14,32393.14,,1,FLOW_STALL_or_OUTAGE
2026-04-28 17:42:00,RED_CONFIRMED,HIGH,28321891.080000002,1874081.4223024799,26447809.65769752,12,2,50.17642301488028,27272839.28,27999836.359999996,105.86826176681427,1,SINGLE_LARGE_PAYMENT
2026-04-29 16:44:00,RED_CONFIRMED,HIGH,63376568.72,1402695.5485400674,61973873.17145993,9,2,44.57362621395692,61439099.93,63286837.53,102.11857721867337,1,SINGLE_LARGE_PAYMENT
2026-04-30 10:36:00,RED_CONFIRMED,HIGH,13036546.139999999,2124952.313428229,10911593.82657177,17,2,48.05756130569868,11186184.73,12226344.219999999,112.04911412874043,1,SINGLE_LARGE_PAYMENT
2026-04-30 10:37:00,RED_CONFIRMED,HIGH,11885579.57,2139726.0570578855,9745853.512942115,17,2,50.884826152803385,8760660.54,10795822.74,110.77349690987626,1,SINGLE_LARGE_PAYMENT
2026-04-30 11:30:00,RED_CONFIRMED,HIGH,17468235.14,1262836.4747935415,16205398.665206458,14,2,45.93760841961592,14849877.63,16442956.79,101.46591965863566,1,SINGLE_LARGE_PAYMENT
2026-04-30 13:14:00,RED_CONFIRMED,HIGH,22355882.84,1794418.85918425,20561463.98081575,11,2,59.412199742344704,20582253.27,21835134.229999997,106.19445313024698,1,SINGLE_LARGE_PAYMENT
2026-04-30 13:56:00,RED_CONFIRMED,HIGH,15958876.61,1966315.8085734516,13992560.801426549,21,1,48.54059374174226,12492061.5,14762270.43,105.50084891176587,1,SINGLE_LARGE_PAYMENT
2026-05-01 10:15:00,RED_CONFIRMED,HIGH,36989276.86,2503388.8569680606,34485888.00303194,22,2,41.07066677482696,32647028.2,35274932.78000001,102.28802221041458,1,SINGLE_LARGE_PAYMENT
2026-05-01 15:54:00,RED_CONFIRMED,HIGH,4110748.5700000003,984853.2198134026,3125895.3501865976,5,0,32.0877869410878,2153722.56,4110748.5700000008,131.50627610596794,1,SINGLE_LARGE_PAYMENT
2026-05-01 15:55:00,RED_CONFIRMED,LOW,777397.46,988031.4524720056,-210633.99247200566,5,0,31.96441506651702,278894.16,777397.46,,1,BROAD_ELEVATION
2026-05-04 12:32:00,RED_CONFIRMED,HIGH,12932681.37,2089324.337698197,10843357.032301802,13,2,42.08301342569036,10003974.2,12361483.079999998,114.00051702785194,1,SINGLE_LARGE_PAYMENT
2026-05-04 13:41:00,RED_CONFIRMED,HIGH,13065378.760000002,2036008.0467735725,11029370.71322643,21,2,40.760020687964136,8899248.22,11236108.62,101.8744306647128,1,SINGLE_LARGE_PAYMENT
2026-05-05 12:15:00,RED_CONFIRMED,HIGH,8554034.58,1894858.0605165446,6659176.519483455,10,2,49.1509407308962,5663364.99,7973335.600000001,119.73455841982219,1,SINGLE_LARGE_PAYMENT
2026-05-05 12:32:00,RED_CONFIRMED,HIGH,17103099.6,2153612.1781010493,14949487.421898952,18,2,47.12212111945366,9698443.06,14431081.97,96.53228610942502,1,SINGLE_LARGE_PAYMENT
2026-05-05 15:51:00,RED_CONFIRMED,HIGH,1289434.3800000001,883311.6063181594,406122.77368184074,7,1,88.11306424112881,486570.48,1228181.21,302.4162370569657,1,SINGLE_LARGE_PAYMENT
2026-05-05 15:52:00,RED_CONFIRMED,HIGH,1316072.11,886455.6202479055,429616.4897520946,8,1,86.53824219347321,826532.52,1234085.26,287.25276832649394,1,SINGLE_LARGE_PAYMENT
2026-05-05 15:53:00,RED_CONFIRMED,LOW,277410.60000000003,887780.9042154101,-610370.30421541,2,1,85.12287637993533,237661.92,277410.60000000003,,1,DR_CR_IMBALANCE
2026-05-05 15:54:00,RED_CONFIRMED,LOW,335953.22000000003,886455.6202479055,-550502.4002479054,3,1,84.97695742240747,296974.4,335953.22000000003,,1,DR_CR_IMBALANCE
2026-05-05 15:55:00,RED_CONFIRMED,LOW,589414.29,886455.6202479055,-297041.33024790545,5,1,84.96722812509022,213038.68,589414.29,,1,BROAD_ELEVATION
2026-05-05 15:56:00,RED_CONFIRMED,LOW,760296.84,886455.6202479055,-126158.78024790552,4,1,84.8211231077791,447033.8,760296.84,,1,BROAD_ELEVATION
2026-05-05 15:57:00,RED_CONFIRMED,HIGH,2759934.7499999995,883311.6063181594,1876623.14368184,7,1,84.66831075314819,1967419.42,2647991.6900000004,141.10407296825585,1,SINGLE_LARGE_PAYMENT
2026-05-05 15:58:00,RED_CONFIRMED,HIGH,4426387.279999999,886455.6202479055,3539931.6597520937,5,1,83.07010882794792,3822448.07,4426387.28,125.0416026480575,1,SINGLE_LARGE_PAYMENT
2026-05-05 15:59:00,RED_CONFIRMED,HIGH,1573529.7600000002,886455.6202479055,687074.1397520948,6,0,77.70206992677736,835873.43,1534033.83,223.27049458643566,1,SINGLE_LARGE_PAYMENT
2026-05-05 16:00:00,RED_CONFIRMED,LOW,906537.29,1178893.8715975508,-272356.5815975508,6,0,70.9529449639415,450073.68,838712.3400000001,,1,BROAD_ELEVATION
2026-05-05 16:01:00,RED_CONFIRMED,LOW,650666.15,1178893.8715975508,-528227.7215975508,7,0,65.3591499190684,376466.82,616674.8400000001,,1,BROAD_ELEVATION
2026-05-05 16:02:00,RED_CONFIRMED,HIGH,1436638.31,1178893.8715975508,257744.43840244925,3,0,62.04982970564286,603094.68,1436638.31,557.3886749621319,1,SINGLE_LARGE_PAYMENT
2026-05-05 16:03:00,RED_CONFIRMED,LOW,172481.55,1191177.6922896844,-1018696.1422896844,1,0,63.5525798495735,172481.55,172481.55,,1,FLOW_STALL_or_OUTAGE
2026-05-05 16:04:00,RED_CONFIRMED,LOW,1062181.22,1191177.6922896844,-128996.47228968446,5,0,62.950758904479805,639472.58,1062181.22,,1,BROAD_ELEVATION
2026-05-05 16:05:00,RED_CONFIRMED,LOW,595040.1699999999,1178893.8715975508,-583853.7015975509,3,0,63.51112773921336,282332.26,595040.17,,1,BROAD_ELEVATION
2026-05-05 16:06:00,RED_CONFIRMED,LOW,332407.76,1178893.8715975508,-846486.1115975508,4,0,61.964503273802556,134143.52,332407.76,,1,DR_CR_IMBALANCE
2026-05-05 16:07:00,RED_CONFIRMED,HIGH,2859608.61,1178893.8715975508,1680714.738402449,4,0,60.127572211363514,2514054.55,2859608.61,170.14241290691078,1,SINGLE_LARGE_PAYMENT
2026-05-05 16:08:00,RED_CONFIRMED,HIGH,2353867.4000000004,1191177.6922896844,1162689.707710316,6,0,55.82035200853331,1334884.56,2341807.7100000004,201.41295605099322,1,SINGLE_LARGE_PAYMENT
2026-05-05 16:09:00,RED_CONFIRMED,HIGH,2700043.7600000002,1212579.1628778493,1487464.597122151,6,0,48.66374951357227,1504227.14,2627543.0500000003,176.6457537936431,1,SINGLE_LARGE_PAYMENT
2026-05-05 16:10:00,RED_CONFIRMED,HIGH,2563220.82,1229791.5555609309,1333429.264439069,5,0,44.47550198275732,1830703.15,2563220.82,192.2277310359065,1,SINGLE_LARGE_PAYMENT
2026-05-05 16:11:00,RED_CONFIRMED,LOW,233172.16,1229791.5555609309,-996619.3955609308,3,0,43.5694850789064,148341.69,233172.16,,1,BROAD_ELEVATION
2026-05-05 16:12:00,RED_CONFIRMED,HIGH,1395146.6,1229791.5555609309,165355.04443906923,7,0,43.949277741038536,424328.15,1229041.65,743.274361038851,1,SINGLE_LARGE_PAYMENT
2026-05-05 16:13:00,RED_CONFIRMED,LOW,835043.48,1229791.5555609309,-394748.0755609309,4,0,44.10510493404411,377523.43,835043.4800000001,,1,BROAD_ELEVATION
2026-05-06 06:33:00,RED_CONFIRMED,LOW,132709.8,450782.7920070848,-318072.99200708483,2,1,87.77763687599527,74585.86,132709.8,,1,BROAD_ELEVATION
2026-05-06 06:34:00,RED_CONFIRMED,HIGH,616333.74,443885.56820458965,172448.17179541034,3,1,86.29952557409717,428297.12,616333.74,357.4023044623565,1,SINGLE_LARGE_PAYMENT
2026-05-06 06:35:00,RED_CONFIRMED,LOW,53806.17,450782.7920070848,-396976.62200708484,1,1,85.01811093793152,53806.17,53806.17,,1,FLOW_STALL_or_OUTAGE
2026-05-06 06:36:00,RED_CONFIRMED,HIGH,1036636.61,443885.56820458965,592751.0417954103,8,1,84.91282564669113,498383.16,934712.1299999999,157.69050817166143,1,SINGLE_LARGE_PAYMENT
2026-05-06 06:37:00,RED_CONFIRMED,HIGH,542539.8,450782.7920070848,91757.00799291523,2,1,84.95402425991735,495647.82,542539.8,591.2788699931135,1,SINGLE_LARGE_PAYMENT
2026-05-06 06:38:00,RED_CONFIRMED,LOW,252364.81,464336.9611389301,-211972.15113893012,2,1,84.8257203137941,198125.0,252364.81,,1,DR_CR_IMBALANCE
2026-05-06 06:39:00,RED_CONFIRMED,HIGH,975305.93,450782.7920070848,524523.1379929152,5,1,80.9848705257987,367762.77,975305.93,185.94145031084855,1,SINGLE_LARGE_PAYMENT
2026-05-06 06:40:00,RED_CONFIRMED,LOW,375307.9,464336.9611389301,-89029.06113893009,5,0,75.23288632524667,171095.51,375307.89999999997,,1,BROAD_ELEVATION
2026-05-06 07:11:00,RED_CONFIRMED,HIGH,1334032.6199999999,951883.4874544411,382149.13254555874,3,1,86.23860355727511,1053847.66,1334032.6199999999,349.08691565352706,1,SINGLE_LARGE_PAYMENT
2026-05-06 07:12:00,RED_CONFIRMED,LOW,276585.33999999997,951883.4874544411,-675298.1474544412,5,1,84.3797440366152,79255.65,276585.34,,1,BROAD_ELEVATION
2026-05-06 07:13:00,RED_CONFIRMED,LOW,329394.62,948390.9949575412,-618996.3749575412,3,1,84.03737954866959,155880.07,329394.62,,1,DR_CR_IMBALANCE
2026-05-06 07:14:00,RED_CONFIRMED,LOW,429665.06,948390.9949575412,-518725.93495754123,6,1,83.7542704625534,146561.47,410025.38,,1,DR_CR_IMBALANCE
2026-05-06 07:15:00,RED_CONFIRMED,LOW,411496.2,1269545.4496915182,-858049.2496915183,4,1,83.57239988547452,159606.86,411496.2,,1,DR_CR_IMBALANCE
2026-05-06 07:16:00,RED_CONFIRMED,LOW,849959.27,1251978.1099426725,-402018.8399426725,5,1,81.7769078156502,299284.89,849959.27,,1,BROAD_ELEVATION
2026-05-06 07:17:00,RED_CONFIRMED,HIGH,1799450.27,1251978.1099426725,547472.1600573275,5,1,77.57444106858502,1233490.0,1799450.27,328.68342927457246,1,SINGLE_LARGE_PAYMENT
2026-05-06 13:12:00,RED_CONFIRMED,LOW,959003.8,1995054.2661431553,-1036050.4661431552,8,1,86.79479680014715,247584.38,779056.0799999998,,1,BROAD_ELEVATION
2026-05-06 13:13:00,RED_CONFIRMED,HIGH,2534008.45,1995054.2661431553,538954.1838568449,6,1,85.20785253253287,1796101.16,2515468.13,466.73134847917794,1,SINGLE_LARGE_PAYMENT
2026-05-06 13:14:00,RED_CONFIRMED,LOW,700176.49,1995054.2661431553,-1294877.7761431553,7,1,85.05342943576629,188944.02,628983.19,,1,BROAD_ELEVATION
2026-05-06 13:15:00,RED_CONFIRMED,HIGH,2583273.35,1796425.75197328,786847.5980267201,14,1,84.99408407087054,506804.83,1713051.54,217.71071606446304,1,SINGLE_LARGE_PAYMENT
2026-05-06 13:16:00,RED_CONFIRMED,LOW,1374624.95,1812431.5822126616,-437806.6322126617,15,1,84.97012092338474,282323.81,931660.1199999999,,1,BROAD_ELEVATION
2026-05-06 13:17:00,RED_CONFIRMED,LOW,1752415.59,1796425.75197328,-44010.1619732799,10,1,84.72337404305058,520136.84,1384719.6,,1,BROAD_ELEVATION
2026-05-06 13:18:00,RED_CONFIRMED,HIGH,1979871.62,1796425.75197328,183445.86802672013,9,1,84.09175177188148,475997.0,1718930.68,937.0233837862328,1,SINGLE_LARGE_PAYMENT
2026-05-06 13:19:00,RED_CONFIRMED,HIGH,3370248.67,1812431.5822126616,1557817.0877873383,11,1,81.54427856762227,974814.87,2474293.89,158.83083510878606,1,SINGLE_LARGE_PAYMENT
2026-05-06 13:41:00,RED_CONFIRMED,HIGH,26859250.529999997,2011225.4815171254,24848025.048482873,18,3,59.05008451087456,24503994.47,25739180.060000002,103.58642189783023,1,SINGLE_LARGE_PAYMENT
2026-05-06 15:39:00,RED_CONFIRMED,LOW,850162.46,1082982.9607201836,-232820.5007201836,3,1,85.63405675276567,481788.73,850162.46,,1,BROAD_ELEVATION
2026-05-06 15:40:00,RED_CONFIRMED,HIGH,1155810.66,1061270.1963967395,94540.46360326046,5,1,81.14428694996862,557213.5,1155810.6600000001,1222.556581539906,1,SINGLE_LARGE_PAYMENT
2026-05-06 15:41:00,RED_CONFIRMED,LOW,772881.11,1082982.9607201836,-310101.8507201836,8,1,76.82797031457092,175466.59,632214.63,,1,BROAD_ELEVATION
2026-05-06 16:17:00,RED_CONFIRMED,LOW,690144.02,1056199.925619257,-366055.9056192569,5,1,86.28305587221159,310272.83,690144.02,,1,DR_CR_IMBALANCE
2026-05-06 16:18:00,RED_CONFIRMED,HIGH,1251264.16,1056199.925619257,195064.234380743,6,1,84.25268908111025,576471.49,1235319.01,633.2883185488524,1,SINGLE_LARGE_PAYMENT
2026-05-06 16:19:00,RED_CONFIRMED,LOW,827135.89,1080073.40368138,-252937.51368137996,6,1,83.67572841053509,355701.02,788931.9299999999,,1,DR_CR_IMBALANCE
2026-05-06 16:20:00,RED_CONFIRMED,LOW,212233.85,1080073.40368138,-867839.55368138,3,1,83.2513979551182,146877.54,212233.85,,1,BROAD_ELEVATION
2026-05-06 16:21:00,RED_CONFIRMED,LOW,261825.63,1080073.40368138,-818247.77368138,2,1,82.92004059684943,154162.35,261825.63,,1,BROAD_ELEVATION
2026-05-06 16:22:00,RED_CONFIRMED,LOW,630968.05,1080073.40368138,-449105.35368137993,5,1,82.35463026457204,311070.02,630968.0499999999,,1,BROAD_ELEVATION
2026-05-06 16:23:00,RED_CONFIRMED,HIGH,1985118.61,1080073.40368138,905045.2063186201,11,1,79.58262351434776,399517.47,1448834.6899999997,160.0842344542444,1,SINGLE_LARGE_PAYMENT
2026-05-06 16:24:00,RED_CONFIRMED,LOW,166332.24,1101063.740415937,-934731.500415937,5,1,79.16663544937441,66328.98,166332.24,,1,BROAD_ELEVATION
2026-05-06 16:25:00,RED_CONFIRMED,LOW,977010.6399999999,1101063.740415937,-124053.10041593714,5,1,76.56262123399607,280782.49,977010.6399999999,,1,BROAD_ELEVATION
2026-05-06 16:26:00,RED_CONFIRMED,LOW,806557.66,1101063.740415937,-294506.080415937,5,1,74.50747953665194,274845.95,806557.66,,1,BROAD_ELEVATION
2026-05-07 06:39:00,RED_CONFIRMED,HIGH,826088.26,541403.6403579189,284684.6196420811,4,0,42.54780724879729,404113.87,826088.2600000001,290.1766386391359,1,SINGLE_LARGE_PAYMENT
2026-05-07 06:40:00,RED_CONFIRMED,HIGH,868624.1000000001,541403.6403579189,327220.4596420812,4,0,42.01536402130573,552263.31,868624.1000000001,265.4553144232224,1,SINGLE_LARGE_PAYMENT
2026-05-07 06:41:00,RED_CONFIRMED,LOW,246158.93,542710.048288203,-296551.11828820297,1,0,41.88419044752515,246158.93,246158.93,,1,FLOW_STALL_or_OUTAGE
2026-05-07 06:42:00,RED_CONFIRMED,HIGH,881667.83,542710.048288203,338957.781711797,7,0,41.673249222440525,289050.85,844105.21,249.02960060014516,1,SINGLE_LARGE_PAYMENT
2026-05-07 06:43:00,RED_CONFIRMED,LOW,517751.89,546924.7101529146,-29172.820152914617,4,0,41.7358401923089,376704.94,517751.88999999996,,1,BROAD_ELEVATION
2026-05-07 07:02:00,RED_CONFIRMED,LOW,649519.61,948390.9949575412,-298871.38495754125,4,1,85.25233684939012,317132.75,649519.61,,1,DR_CR_IMBALANCE
2026-05-07 07:03:00,RED_CONFIRMED,LOW,841052.29,948390.9949575412,-107338.7049575412,6,1,80.80504767534329,212253.75,772938.8,,1,DR_CR_IMBALANCE
2026-05-07 12:24:00,RED_CONFIRMED,HIGH,10873091.68,1886924.808645736,8986166.871354263,10,2,48.1003443961302,8168030.62,10604222.51,118.00607157434064,1,SINGLE_LARGE_PAYMENT
2026-05-07 13:04:00,RED_CONFIRMED,HIGH,21366446.54,1940593.5997560269,19425852.94024397,10,2,48.19449537006668,19100560.86,21196046.93,109.11256764478419,1,SINGLE_LARGE_PAYMENT
2026-05-07 14:55:00,RED_CONFIRMED,LOW,1098551.03,1424304.645038844,-325753.61503884406,7,1,86.61066973080666,283183.65,974786.1400000001,,1,BROAD_ELEVATION
2026-05-07 14:56:00,RED_CONFIRMED,HIGH,1515548.23,1422473.8064554236,93074.42354457639,6,1,84.79651524004066,473802.76,1501977.0,1613.737633605277,1,SINGLE_LARGE_PAYMENT
2026-05-07 14:57:00,RED_CONFIRMED,HIGH,1588096.1600000001,1424304.645038844,163791.51496115606,9,1,83.16532716374734,665595.74,1277748.8599999999,780.1068695793089,1,SINGLE_LARGE_PAYMENT
2026-05-07 14:58:00,RED_CONFIRMED,HIGH,1603883.9899999998,1424304.645038844,179579.34496115567,9,1,79.34096286382417,498583.66,1369858.97,762.8154397691508,1,SINGLE_LARGE_PAYMENT
2026-05-07 16:52:00,RED_CONFIRMED,HIGH,17245891.36,2341938.678994831,14903952.681005169,7,2,39.60627119058331,13890984.48,17194929.4,115.37160488918245,1,SINGLE_LARGE_PAYMENT
2026-05-08 06:39:00,RED_CONFIRMED,LOW,173775.49,558713.2610142567,-384937.77101425675,3,0,41.7815933132523,101274.34,173775.49,,1,BROAD_ELEVATION
2026-05-08 06:40:00,RED_CONFIRMED,HIGH,944803.39,558713.2610142567,386090.1289857433,4,0,41.78712132280003,302102.6,944803.3899999999,244.71057897335874,1,SINGLE_LARGE_PAYMENT
2026-05-08 06:41:00,RED_CONFIRMED,LOW,316172.8,569535.8526733078,-253363.05267330777,2,0,38.79152488926206,192119.33,316172.8,,1,BROAD_ELEVATION
2026-05-11 09:24:00,RED_CONFIRMED,HIGH,36281114.63999999,3130181.481081727,33150933.158918265,12,1,39.56060897864803,33428168.64,35838764.06000001,108.10785894984276,1,SINGLE_LARGE_PAYMENT
2026-05-11 11:22:00,RED_CONFIRMED,HIGH,9896221.889999999,1634486.9946597852,8261734.895340214,7,2,38.928980851995085,8321019.56,9841768.15,119.12471502263959,1,SINGLE_LARGE_PAYMENT
2026-05-11 12:00:00,RED_CONFIRMED,LOW,1603447.64,1649674.5322463473,-46226.89224634739,5,0,35.09472146479712,586806.0,1603447.64,,1,DR_CR_IMBALANCE
2026-05-11 12:01:00,RED_CONFIRMED,HIGH,2136003.81,1640888.2156258628,495115.59437413723,10,0,32.020944083478064,507989.75,1923029.26,388.40005886521334,1,SINGLE_LARGE_PAYMENT
2026-05-11 12:02:00,RED_CONFIRMED,HIGH,3811454.1100000003,1649674.5322463473,2161779.577753653,10,0,31.347992737118194,1392977.26,3515221.87,162.60778416885293,1,SINGLE_LARGE_PAYMENT
2026-05-11 12:03:00,RED_CONFIRMED,HIGH,2700446.42,1649674.5322463473,1050771.8877536526,13,0,30.35072180197032,1038667.99,2276899.48,216.68827521333594,1,SINGLE_LARGE_PAYMENT
2026-05-11 12:04:00,RED_CONFIRMED,LOW,802748.9500000001,1649674.5322463473,-846925.5822463472,7,0,31.6249145217762,267635.59,745909.7699999999,,1,BROAD_ELEVATION
2026-05-11 12:05:00,RED_CONFIRMED,LOW,613069.5900000001,1649674.5322463473,-1036604.9422463472,7,0,30.652094679231308,228138.26,563607.39,,1,BROAD_ELEVATION
2026-05-11 13:32:00,RED_CONFIRMED,HIGH,16406104.94,1948280.6868171236,14457824.253182877,15,2,39.15814691430953,12228991.17,15302854.93,105.84479837366325,1,SINGLE_LARGE_PAYMENT
2026-05-12 06:39:00,RED_CONFIRMED,HIGH,815898.5099999999,542710.048288203,273188.46171179693,4,0,41.93550824961813,414346.82,815898.51,298.6577488989051,1,SINGLE_LARGE_PAYMENT
2026-05-12 06:40:00,RED_CONFIRMED,HIGH,3101923.9899999998,546924.7101529146,2554999.279847085,5,0,42.322670238887106,2508505.17,3101923.9899999998,121.40606122541246,1,SINGLE_LARGE_PAYMENT
2026-05-12 06:41:00,RED_CONFIRMED,LOW,383243.86,546924.7101529146,-163680.85015291465,3,0,41.82970008280094,196852.81,383243.86,,1,BROAD_ELEVATION
2026-05-12 07:28:00,RED_CONFIRMED,HIGH,17826042.810000002,1112819.6765050602,16713223.133494942,2,1,41.83253662002078,17719548.89,17826042.810000002,106.65831879115441,1,SINGLE_LARGE_PAYMENT
2026-05-12 11:15:00,RED_CONFIRMED,HIGH,13643588.16,1616354.0626578648,12027234.097342135,9,2,39.376299947982396,12323734.67,13496577.32,112.2168007271312,1,SINGLE_LARGE_PAYMENT
2026-05-12 14:15:00,RED_CONFIRMED,LOW,1384932.49,1673020.8879892153,-288088.39798921533,6,1,86.28456563711967,813011.12,1361012.9,,1,BROAD_ELEVATION
2026-05-12 14:16:00,RED_CONFIRMED,HIGH,1839279.44,1673020.8879892153,166258.55201078462,11,1,84.6542618425582,692787.75,1498850.5499999998,901.5178659217329,1,SINGLE_LARGE_PAYMENT
2026-05-12 14:17:00,RED_CONFIRMED,LOW,1295922.97,1673020.8879892153,-377097.91798921535,8,1,82.85219494197163,583582.76,1208658.45,,1,BROAD_ELEVATION
2026-05-13 15:46:00,RED_CONFIRMED,LOW,306819.9,856684.3977324868,-549864.4977324868,3,1,88.38692391849821,133082.62,306819.89999999997,,1,BROAD_ELEVATION
2026-05-13 15:47:00,RED_CONFIRMED,LOW,382036.8,856684.3977324868,-474647.59773248684,2,1,86.89485201482144,361010.69,382036.8,,1,DR_CR_IMBALANCE
2026-05-13 15:48:00,RED_CONFIRMED,HIGH,1559656.5899999999,843809.1355972287,715847.4544027712,9,1,85.44567810582775,455904.99,1303543.73,182.09797659859552,1,SINGLE_LARGE_PAYMENT
2026-05-13 15:49:00,RED_CONFIRMED,LOW,109446.22,843809.1355972287,-734362.9155972287,3,1,85.05284861924058,61977.44,109446.22,,1,BROAD_ELEVATION
2026-05-13 15:50:00,RED_CONFIRMED,HIGH,2339833.59,834871.6515642795,1504961.9384357203,9,1,84.89923871656022,832558.75,1993726.03,132.4768407148096,1,SINGLE_LARGE_PAYMENT
2026-05-13 15:51:00,RED_CONFIRMED,LOW,821485.9600000001,843809.1355972287,-22323.175597228575,3,1,83.04452547783036,653380.51,821485.9600000001,,1,DR_CR_IMBALANCE
2026-05-13 15:52:00,RED_CONFIRMED,HIGH,1104851.63,843809.1355972287,261042.49440277123,3,1,78.50905875355551,549499.87,1104851.63,423.2458904929429,1,SINGLE_LARGE_PAYMENT
2026-05-13 16:22:00,RED_CONFIRMED,HIGH,12061941.89,1070257.7019465633,10991684.188053437,5,2,41.10454716102654,7705773.71,12061941.889999999,109.73697645998415,1,SINGLE_LARGE_PAYMENT
2026-05-14 12:04:00,RED_CONFIRMED,LOW,799058.14,1459638.7313718775,-660580.5913718775,8,1,87.01971767929973,292921.06,738914.6699999999,,1,BROAD_ELEVATION
2026-05-14 12:05:00,RED_CONFIRMED,HIGH,2140027.91,1450718.5249380176,689309.3850619826,14,1,85.5223659936356,459709.08,1297196.08,188.18778738713334,1,SINGLE_LARGE_PAYMENT
2026-05-14 12:06:00,RED_CONFIRMED,HIGH,1778352.85,1450718.5249380176,327634.3250619825,5,1,84.83042551862181,1201160.61,1778352.85,542.7858786357529,1,SINGLE_LARGE_PAYMENT
2026-05-14 12:07:00,RED_CONFIRMED,HIGH,2882294.5,1459638.7313718775,1422655.7686281225,5,1,84.67808091721939,2121596.35,2882294.5,202.59957212133037,1,SINGLE_LARGE_PAYMENT
2026-05-14 12:08:00,RED_CONFIRMED,LOW,1044693.3,1459638.7313718775,-414945.43137187744,9,1,83.4540499329937,458628.12,887804.0399999999,,1,BROAD_ELEVATION
2026-05-14 16:13:00,RED_CONFIRMED,HIGH,1010546.99,763866.1915997968,246680.79840020323,6,1,79.85060833794195,462271.24,1007444.7699999999,408.4001578288916,1,SINGLE_LARGE_PAYMENT
2026-05-15 06:32:00,RED_CONFIRMED,HIGH,577084.64,435392.20189738076,141692.43810261926,5,1,84.85742691840015,363639.7,577084.64,407.2797728147303,1,SINGLE_LARGE_PAYMENT
2026-05-15 06:33:00,RED_CONFIRMED,LOW,388095.26,435392.20189738076,-47296.94189738075,2,1,83.80183685861185,293163.51,388095.26,,1,DR_CR_IMBALANCE
2026-05-15 06:34:00,RED_CONFIRMED,HIGH,448401.1,435392.20189738076,13008.89810261922,4,1,80.82163783803024,171485.28,448401.1,3446.8799468090124,1,SINGLE_LARGE_PAYMENT
2026-05-15 06:39:00,RED_CONFIRMED,LOW,253313.71,435392.20189738076,-182078.49189738077,3,0,42.26204215442846,221439.91,253313.71,,1,DR_CR_IMBALANCE
2026-05-15 06:40:00,RED_CONFIRMED,HIGH,563262.38,431803.89744779177,131458.48255220824,4,0,41.97217724780722,294925.8,563262.38,428.4716886004693,1,SINGLE_LARGE_PAYMENT
2026-05-15 06:41:00,RED_CONFIRMED,LOW,330533.21,431803.89744779177,-101270.68744779174,2,0,42.064326403997505,263615.82,330533.21,,1,BROAD_ELEVATION
2026-05-15 06:42:00,RED_CONFIRMED,LOW,231212.72,421991.3610141643,-190778.64101416428,1,0,42.08237276370774,231212.72,231212.72,,1,FLOW_STALL_or_OUTAGE
2026-05-15 10:56:00,RED_CONFIRMED,HIGH,12085528.14,1714927.2869531165,10370600.853046885,10,2,38.32828338494313,11193564.05,11927367.72,115.01134687384808,1,SINGLE_LARGE_PAYMENT
2026-05-18 06:39:00,RED_CONFIRMED,LOW,255640.55,431803.89744779177,-176163.34744779178,2,0,42.564301553628866,181745.66,255640.55,,1,DR_CR_IMBALANCE
2026-05-19 06:39:00,RED_CONFIRMED,HIGH,2041913.8900000001,435392.20189738076,1606521.6881026193,2,0,47.79613786468178,1926655.62,2041913.8900000001,127.10154522791413,1,SINGLE_LARGE_PAYMENT
2026-05-19 06:40:00,RED_CONFIRMED,HIGH,1797907.1500000001,435392.20189738076,1362514.9481026195,3,0,45.11905288180114,1127915.58,1797907.1500000001,131.9550403834974,1,SINGLE_LARGE_PAYMENT
2026-05-19 09:06:00,RED_CONFIRMED,HIGH,15969243.280000001,2461270.4700465007,13507972.8099535,10,1,40.60273409833727,14472642.9,15597530.3,115.46906793080593,1,SINGLE_LARGE_PAYMENT
2026-05-19 15:46:00,RED_CONFIRMED,LOW,441213.19,800667.4546034691,-359454.2646034691,3,1,80.78827597350481,357611.62,441213.19,,1,BROAD_ELEVATION
2026-05-19 15:47:00,RED_CONFIRMED,LOW,377754.2,785300.4006538405,-407546.2006538405,2,1,75.32965106083542,281715.09,377754.2,,1,BROAD_ELEVATION
2026-05-20 06:47:00,RED_CONFIRMED,HIGH,633011.55,546843.1620274213,86168.38797257876,3,1,84.6216761070022,346684.6,633011.55,734.6215530937429,1,SINGLE_LARGE_PAYMENT
2026-05-20 06:48:00,RED_CONFIRMED,HIGH,571939.05,547870.2177317477,24068.832268252387,5,1,85.73870144176645,294325.28,571939.0499999999,2376.2642226495013,1,SINGLE_LARGE_PAYMENT
2026-05-20 06:49:00,RED_CONFIRMED,HIGH,875620.72,547870.2177317477,327750.5022682523,5,1,83.35132502796513,469433.97,875620.7200000001,267.16075610567185,1,SINGLE_LARGE_PAYMENT
2026-05-20 06:50:00,RED_CONFIRMED,HIGH,862862.75,560133.039926861,302729.71007313905,2,1,80.47447547765528,735144.99,862862.75,285.0274423978848,1,SINGLE_LARGE_PAYMENT
2026-05-20 06:51:00,RED_CONFIRMED,LOW,0.0,560133.039926861,-560133.039926861,0,4,82.31906263557016,0.0,0.0,,0,FLOW_STALL_or_OUTAGE
2026-05-20 06:52:00,RED_CONFIRMED,HIGH,751424.4,560133.039926861,191291.36007313908,2,1,83.41448852802189,606664.92,751424.4,392.81669580513073,1,SINGLE_LARGE_PAYMENT
2026-05-20 06:53:00,RED_CONFIRMED,HIGH,917516.8700000001,579206.0827789678,338310.7872210323,3,1,85.8217060587835,447520.44,917516.87,271.2053250021107,1,SINGLE_LARGE_PAYMENT
2026-05-20 06:54:00,RED_CONFIRMED,HIGH,846660.6499999999,589038.9447543109,257621.70524568902,4,1,83.62554877069596,466672.42,846660.6499999999,328.6449211228361,1,SINGLE_LARGE_PAYMENT
2026-05-20 06:55:00,RED_CONFIRMED,HIGH,699299.75,593699.649776849,105600.10022315104,6,1,80.93062411214186,399027.74,684109.0100000001,647.8298870496913,1,SINGLE_LARGE_PAYMENT
2026-05-20 07:04:00,RED_CONFIRMED,LOW,552967.1900000001,772933.4582178923,-219966.26821789227,4,1,80.62890507398033,341262.52,552967.19,,1,DR_CR_IMBALANCE
2026-05-20 08:07:00,RED_CONFIRMED,HIGH,14515701.03,1812992.7592773056,12702708.270722695,8,1,39.65880006532053,12706895.95,14406271.549999997,113.4110241924054,1,SINGLE_LARGE_PAYMENT
2026-05-20 11:37:00,RED_CONFIRMED,LOW,1030139.59,1319797.283832928,-289657.69383292797,6,0,33.47244851413626,285611.32,973423.37,,1,BROAD_ELEVATION
2026-05-20 11:38:00,RED_CONFIRMED,LOW,192202.82,1319797.283832928,-1127594.4638329279,4,0,39.09384779970754,65937.25,192202.82,,1,BROAD_ELEVATION
2026-05-20 11:54:00,RED_CONFIRMED,HIGH,1405053.9000000001,1257120.1335119747,147933.76648802543,7,0,64.59112790452808,856865.18,1277663.0200000003,863.6723381902274,1,SINGLE_LARGE_PAYMENT
2026-05-20 11:55:00,RED_CONFIRMED,HIGH,1962009.23,1257120.1335119747,704889.0964880253,4,0,64.65272096922963,1671543.05,1962009.23,278.3429676775162,1,SINGLE_LARGE_PAYMENT
2026-05-20 11:56:00,RED_CONFIRMED,LOW,116156.68,1257120.1335119747,-1140963.4535119748,1,0,63.52183128804878,116156.68,116156.68,,1,FLOW_STALL_or_OUTAGE
2026-05-20 11:57:00,RED_CONFIRMED,LOW,1078836.9100000001,1257120.1335119747,-178283.22351197456,5,0,63.19365786779726,512687.68,1078836.9100000001,,1,BROAD_ELEVATION
2026-05-20 11:58:00,RED_CONFIRMED,LOW,1161019.3900000001,1237951.4502514307,-76932.06025143061,5,0,63.344021983781396,391553.3,1161019.3900000001,,1,BROAD_ELEVATION
2026-05-20 11:59:00,RED_CONFIRMED,LOW,579100.18,1237951.4502514307,-658851.2702514307,5,0,58.48771308848101,222681.23,579100.18,,1,BROAD_ELEVATION
2026-05-20 12:00:00,RED_CONFIRMED,LOW,717803.4199999999,1442645.399581297,-724841.9795812971,5,0,57.36048644048324,390244.2,717803.4199999999,,1,DR_CR_IMBALANCE
2026-05-20 12:01:00,RED_CONFIRMED,LOW,978421.8999999999,1407307.1219544674,-428885.2219544675,5,0,56.7981604166578,456667.98,978421.8999999999,,1,BROAD_ELEVATION
2026-05-20 12:02:00,RED_CONFIRMED,LOW,350433.05000000005,1407307.1219544674,-1056874.0719544673,4,0,58.6162567419422,171759.01,350433.05000000005,,1,BROAD_ELEVATION
2026-05-20 12:03:00,RED_CONFIRMED,HIGH,1450823.6999999997,1407307.1219544674,43516.57804553234,6,0,57.98889167090366,710813.75,1427668.0899999999,3280.745302413714,1,SINGLE_LARGE_PAYMENT
2026-05-20 12:04:00,RED_CONFIRMED,HIGH,3764011.32,1435622.5896881989,2328388.7303118007,7,0,56.162481836394,2211186.39,3652780.1,156.88016577501844,1,SINGLE_LARGE_PAYMENT
2026-05-20 12:05:00,RED_CONFIRMED,HIGH,7344771.33,1435622.5896881989,5909148.740311801,12,1,54.64365271840446,4766753.28,6730975.3100000005,113.90769814409572,1,SINGLE_LARGE_PAYMENT
2026-05-20 12:06:00,RED_CONFIRMED,LOW,1013462.49,1435622.5896881989,-422160.0996881989,6,0,47.095645737778284,342094.5,934849.0800000001,,1,BROAD_ELEVATION
2026-05-20 12:07:00,RED_CONFIRMED,HIGH,2171129.03,1435622.5896881989,735506.4403118009,7,0,42.11093166217617,1157009.01,2082187.31,283.0957277705556,1,SINGLE_LARGE_PAYMENT
2026-05-20 12:08:00,RED_CONFIRMED,HIGH,1502692.92,1435622.5896881989,67070.33031180105,8,0,33.77576549283734,422714.13,1313262.2999999998,1958.0376209492601,1,SINGLE_LARGE_PAYMENT
2026-05-20 12:09:00,RED_CONFIRMED,HIGH,2552546.6399999997,1435622.5896881989,1116924.0503118008,7,0,34.62063248347385,1899613.7,2488319.88,222.78326617690433,1,SINGLE_LARGE_PAYMENT
2026-05-20 12:10:00,RED_CONFIRMED,LOW,314380.13,1435622.5896881989,-1121242.4596881988,3,0,36.31314882949062,212201.52,314380.13,,1,DR_CR_IMBALANCE
2026-05-20 12:11:00,RED_CONFIRMED,LOW,773723.6799999999,1407307.1219544674,-633583.4419544674,6,0,36.92529022157896,403705.19,726845.2400000001,,1,BROAD_ELEVATION
2026-05-20 12:12:00,RED_CONFIRMED,HIGH,2239107.51,1407307.1219544674,831800.3880455324,8,0,35.979132213323545,1226311.75,2052866.97,246.7980298522807,1,SINGLE_LARGE_PAYMENT
2026-05-20 12:13:00,RED_CONFIRMED,HIGH,1497528.63,1435622.5896881989,61906.040311801014,8,0,33.87933899552468,336851.19,1247723.06,2015.511012682472,1,SINGLE_LARGE_PAYMENT
2026-05-20 12:14:00,RED_CONFIRMED,LOW,867845.7100000001,1457920.8709642414,-590075.1609642414,7,0,33.09323612253669,360474.78,802445.3900000001,,1,BROAD_ELEVATION
2026-05-20 12:15:00,RED_CONFIRMED,LOW,1595044.7,1834464.9750214946,-239420.2750214946,10,0,32.5454778268016,373124.89,1294339.5900000003,,1,BROAD_ELEVATION
2026-05-20 12:16:00,RED_CONFIRMED,LOW,1305906.52,1834464.9750214946,-528558.4550214945,5,0,32.645773503499505,981967.02,1305906.52,,1,DR_CR_IMBALANCE
2026-05-20 12:17:00,RED_CONFIRMED,LOW,141389.09,1808466.478967838,-1667077.388967838,2,2,41.53305926319612,89634.12,141389.09,,1,FLOW_STALL_or_OUTAGE
2026-05-20 12:18:00,RED_CONFIRMED,LOW,913024.71,1777643.8584948764,-864619.1484948765,7,0,44.201253465504635,233717.78,812587.14,,1,BROAD_ELEVATION
2026-05-20 12:19:00,RED_CONFIRMED,HIGH,5083485.5600000005,1757651.39822358,3325834.1617764207,8,0,47.74222610944853,4259675.15,4979444.41,149.72016546189843,1,SINGLE_LARGE_PAYMENT
2026-05-20 12:20:00,RED_CONFIRMED,HIGH,3801831.0700000003,1757651.39822358,2044179.6717764202,8,0,40.10676770837471,2028685.13,3581739.3499999996,175.21646455310943,1,SINGLE_LARGE_PAYMENT
2026-05-20 14:57:00,RED_CONFIRMED,LOW,512235.96,1224803.9732567775,-712568.0132567775,6,1,86.72835099911218,247564.29,493808.77,,1,BROAD_ELEVATION
2026-05-20 14:58:00,RED_CONFIRMED,LOW,775166.56,1224803.9732567775,-449637.41325677745,5,1,85.0628652792056,254561.51,775166.5599999999,,1,BROAD_ELEVATION
2026-05-20 14:59:00,RED_CONFIRMED,HIGH,1839748.78,1224803.9732567775,614944.8067432225,6,1,84.74079649276663,1114370.5,1817409.73,295.5403005393427,1,SINGLE_LARGE_PAYMENT
2026-05-20 15:00:00,RED_CONFIRMED,LOW,922435.9,1306905.8477619288,-384469.9477619288,5,1,84.70775603327682,390397.32,922435.9,,1,BROAD_ELEVATION
2026-05-20 15:01:00,RED_CONFIRMED,LOW,1016786.35,1297040.1827950154,-280253.8327950154,7,1,84.34649816203834,743692.01,986447.4299999999,,1,DR_CR_IMBALANCE
2026-05-20 15:02:00,RED_CONFIRMED,LOW,979813.25,1283485.8669238645,-303672.61692386447,5,1,83.02000246762303,460424.87,979813.2500000001,,1,BROAD_ELEVATION
2026-05-20 15:03:00,RED_CONFIRMED,HIGH,2130919.11,1283485.8669238645,847433.2430761354,7,1,78.80747876219874,679356.33,2022368.4899999998,238.64634843199153,1,SINGLE_LARGE_PAYMENT
2026-05-20 15:04:00,RED_CONFIRMED,LOW,337779.33,1283485.8669238645,-945706.5369238644,3,1,75.64231087660718,220046.03,337779.32999999996,,1,DR_CR_IMBALANCE
2026-05-20 15:31:00,RED_CONFIRMED,HIGH,2681311.15,853929.4544008978,1827381.695599102,3,1,82.35359720454977,2568308.11,2681311.15,146.72967100729,1,SINGLE_LARGE_PAYMENT
2026-05-20 15:32:00,RED_CONFIRMED,LOW,123885.88,853929.4544008978,-730043.5744008978,2,1,78.06057670443919,97402.35,123885.88,,1,BROAD_ELEVATION
2026-05-20 16:17:00,RED_CONFIRMED,LOW,99249.69,1066842.569535391,-967592.879535391,1,1,86.45381063215962,99249.69,99249.69,,1,FLOW_STALL_or_OUTAGE
2026-05-20 16:18:00,RED_CONFIRMED,LOW,354384.82999999996,1066842.569535391,-712457.739535391,3,1,84.32275742555035,189186.24,354384.82999999996,,1,BROAD_ELEVATION
2026-05-20 16:19:00,RED_CONFIRMED,LOW,380865.36,1019402.4839393442,-638537.1239393442,4,1,83.77195743320507,156644.12,380865.36000000004,,1,BROAD_ELEVATION
2026-05-20 16:20:00,RED_CONFIRMED,LOW,522923.60000000003,1019402.4839393442,-496478.88393934414,4,1,82.72223015602728,412468.83,522923.60000000003,,1,DR_CR_IMBALANCE
2026-05-20 16:21:00,RED_CONFIRMED,LOW,636358.03,1019402.4839393442,-383044.45393934415,3,1,81.43778517545672,388762.26,636358.03,,1,BROAD_ELEVATION
2026-05-20 16:22:00,RED_CONFIRMED,HIGH,1075091.59,1019402.4839393442,55689.106060655904,4,1,78.45736900221922,474474.49,1075091.59,1930.5240576658264,1,SINGLE_LARGE_PAYMENT
2026-05-20 16:23:00,RED_CONFIRMED,LOW,323620.52999999997,1066842.569535391,-743222.0395353909,3,1,75.51902708107923,174859.05,323620.52999999997,,1,DR_CR_IMBALANCE
2026-05-20 16:57:00,RED_CONFIRMED,HIGH,40332587.010000005,1882965.2507662114,38449621.759233795,17,2,42.28167345335016,37906524.45,39335904.68000001,102.30504977738401,1,SINGLE_LARGE_PAYMENT
2026-05-21 06:39:00,RED_CONFIRMED,LOW,0.0,407387.0299556625,-407387.0299556625,0,3,47.676390050299496,0.0,0.0,,0,FLOW_STALL_or_OUTAGE
2026-05-21 06:40:00,RED_CONFIRMED,HIGH,416373.82,402044.4028769665,14329.41712303349,4,0,48.758943035325984,219472.34,416373.82,2905.727542334639,1,SINGLE_LARGE_PAYMENT
2026-05-21 06:41:00,RED_CONFIRMED,HIGH,517356.94999999995,402044.4028769665,115312.54712303344,2,0,49.137458080004706,355576.86,517356.94999999995,448.6562502587015,1,SINGLE_LARGE_PAYMENT
2026-05-21 06:42:00,RED_CONFIRMED,HIGH,539354.14,407387.0299556625,131967.11004433752,4,0,43.1887611390875,279024.34,539354.14,408.7034563527163,1,SINGLE_LARGE_PAYMENT
2026-05-21 06:43:00,RED_CONFIRMED,LOW,162413.52,407387.0299556625,-244973.5099556625,2,0,42.74194966099491,82975.62,162413.52,,1,DR_CR_IMBALANCE
2026-05-21 09:24:00,RED_CONFIRMED,HIGH,16225649.48,2193869.9301977823,14031779.549802218,19,1,39.97020624081602,13498243.91,14942870.17,106.49305112700851,1,SINGLE_LARGE_PAYMENT
2026-05-21 16:06:00,RED_CONFIRMED,LOW,88013.76,808018.5858198131,-720004.8258198131,3,1,87.3375471719741,40500.74,88013.76000000001,,1,DR_CR_IMBALANCE
2026-05-21 16:07:00,RED_CONFIRMED,LOW,521281.62,808018.5858198131,-286736.9658198131,4,1,85.68245075886507,330005.27,521281.62000000005,,1,BROAD_ELEVATION
2026-05-21 16:08:00,RED_CONFIRMED,LOW,757648.03,790883.6526811325,-33235.62268113252,2,1,85.12874927798826,634470.86,757648.03,,1,BROAD_ELEVATION
2026-05-21 16:09:00,RED_CONFIRMED,LOW,586577.52,789229.0457023751,-202651.5257023751,5,1,82.3656573175693,321382.29,586577.52,,1,DR_CR_IMBALANCE
2026-05-21 16:10:00,RED_CONFIRMED,LOW,614350.7799999999,783298.8723830784,-168948.09238307853,5,1,78.80348338974885,293552.63,614350.78,,1,DR_CR_IMBALANCE
2026-05-21 16:42:00,RED_CONFIRMED,HIGH,22624646.580000002,1318145.8176177377,21306500.762382265,12,2,41.57269889158028,15622873.75,21683941.639999997,101.77148224303507,1,SINGLE_LARGE_PAYMENT
2026-05-22 06:32:00,RED_CONFIRMED,HIGH,3810891.7899999996,401264.08703450026,3409627.7029654994,6,1,80.236407779924,2469483.07,3730209.26,109.40224519984034,1,SINGLE_LARGE_PAYMENT
2026-05-22 06:33:00,RED_CONFIRMED,HIGH,1005217.67,407237.4149762735,597980.2550237265,2,1,76.2513937391971,912413.31,1005217.67,168.10215079093462,1,SINGLE_LARGE_PAYMENT
2026-05-22 06:39:00,RED_CONFIRMED,HIGH,1195365.49,397992.280857161,797373.2091428391,9,0,56.72153620981157,262142.28,976481.5,122.46229103304071,1,SINGLE_LARGE_PAYMENT
2026-05-22 06:40:00,RED_CONFIRMED,HIGH,1934137.2100000002,401264.08703450026,1532873.1229655,7,0,55.73331562718343,680494.18,1917306.2200000002,125.07925093570532,1,SINGLE_LARGE_PAYMENT
2026-05-22 06:41:00,RED_CONFIRMED,HIGH,846517.97,401264.08703450026,445253.8829654997,4,0,54.38427591646687,380860.11,846517.97,190.12028920713357,1,SINGLE_LARGE_PAYMENT
2026-05-22 06:42:00,RED_CONFIRMED,HIGH,648563.7699999999,407237.4149762735,241326.3550237264,4,0,52.27829997267806,408055.22,648563.77,268.74966471699094,1,SINGLE_LARGE_PAYMENT
2026-05-22 06:43:00,RED_CONFIRMED,HIGH,709939.87,414507.2511744981,295432.6188255019,3,0,48.63356862118666,448094.4,709939.87,240.30517443279615,1,SINGLE_LARGE_PAYMENT
2026-05-22 06:44:00,RED_CONFIRMED,LOW,44745.67,414507.2511744981,-369761.58117449813,1,0,45.50968125432758,44745.67,44745.67,,1,FLOW_STALL_or_OUTAGE
2026-05-22 06:45:00,RED_CONFIRMED,HIGH,1831916.08,617435.1268799688,1214480.9531200314,5,0,41.735822445530495,1246794.05,1831916.08,150.8394244713153,1,SINGLE_LARGE_PAYMENT
2026-05-22 06:46:00,RED_CONFIRMED,LOW,296070.82,625866.1010677832,-329795.2810677832,3,0,38.919799002939236,174376.03,296070.82,,1,BROAD_ELEVATION
2026-05-22 10:40:00,RED_CONFIRMED,HIGH,27694992.090000004,2008433.210872471,25686558.879127532,17,2,40.41772605871946,24385548.16,26276351.54,102.29611394678375,1,SINGLE_LARGE_PAYMENT
2026-05-22 12:26:00,RED_CONFIRMED,HIGH,22641997.249999996,1618441.084929354,21023556.16507064,10,2,40.70660013261269,21862233.49,22448417.74,106.77745269992276,1,SINGLE_LARGE_PAYMENT
2026-05-25 09:24:00,RED_CONFIRMED,HIGH,17300817.369999997,2280442.962460147,15020374.40753985,11,1,39.21624841393195,15271207.69,16374154.199999997,109.01295637331505,1,SINGLE_LARGE_PAYMENT
2026-05-26 06:47:00,RED_CONFIRMED,HIGH,1419993.0799999998,657265.7274577034,762727.3525422964,4,1,84.332901017324,1141884.76,1419993.0799999998,186.17308993402796,1,SINGLE_LARGE_PAYMENT
2026-05-26 06:48:00,RED_CONFIRMED,LOW,515740.86,657265.7274577034,-141524.86745770345,4,1,78.28910854864021,214284.28,515740.86,,1,BROAD_ELEVATION
2026-05-26 06:49:00,RED_CONFIRMED,LOW,104461.75,657265.7274577034,-552803.9774577034,2,1,74.57831065125693,79625.69,104461.75,,1,DR_CR_IMBALANCE
2026-05-26 06:50:00,RED_CONFIRMED,HIGH,685417.24,649180.259612964,36236.98038703599,2,0,71.82444154276233,618257.68,685417.24,1891.485528538168,1,SINGLE_LARGE_PAYMENT
2026-05-26 06:51:00,RED_CONFIRMED,LOW,479885.75,649180.259612964,-169294.509612964,4,0,68.78551475466354,188651.48,479885.75,,1,BROAD_ELEVATION
2026-05-26 07:11:00,RED_CONFIRMED,LOW,161336.74,764637.259252191,-603300.5192521911,2,0,43.19580249939653,101694.17,161336.74,,1,DR_CR_IMBALANCE
2026-05-26 09:01:00,RED_CONFIRMED,HIGH,12297995.84,2413595.8580459156,9884399.981954085,10,0,43.542045783395054,11217269.34,12085290.729999999,122.26630601821125,1,SINGLE_LARGE_PAYMENT
2026-05-26 11:48:00,RED_CONFIRMED,HIGH,1807954.99,1264141.0289010536,543813.9610989464,8,1,86.5594483348894,794574.97,1656076.71,304.53000997866593,1,SINGLE_LARGE_PAYMENT
2026-05-26 11:49:00,RED_CONFIRMED,HIGH,2320307.94,1264141.0289010536,1056166.9110989464,9,1,84.06814745384803,691575.47,2037165.7300000002,192.8829343725908,1,SINGLE_LARGE_PAYMENT
2026-05-26 11:50:00,RED_CONFIRMED,HIGH,1495117.1099999999,1272417.2799841654,222699.83001583442,9,1,80.69915951948501,833030.84,1409804.76,633.0515653737858,1,SINGLE_LARGE_PAYMENT
2026-05-27 13:40:00,RED_CONFIRMED,HIGH,34056560.370000005,1650876.7447287324,32405683.625271272,13,2,44.49309568219288,29356829.96,32629497.62,100.69066277791525,1,SINGLE_LARGE_PAYMENT
2026-05-27 13:59:00,RED_CONFIRMED,HIGH,13151460.85,1666619.9630794895,11484840.88692051,10,0,40.58320296031544,12076071.32,12886453.58,112.20402360711601,1,SINGLE_LARGE_PAYMENT
2026-05-27 14:26:00,RED_CONFIRMED,HIGH,24655787.5,1599796.923942176,23055990.576057825,13,1,44.15746910192454,22190453.95,23954811.47,103.89842670596656,1,SINGLE_LARGE_PAYMENT
2026-05-27 17:30:00,RED_CONFIRMED,HIGH,51121215.83,1761673.3118693065,49359542.51813069,13,2,48.830904173622024,49063083.08,50479865.65,102.26971943967631,1,SINGLE_LARGE_PAYMENT
2026-05-28 06:32:00,RED_CONFIRMED,HIGH,1103773.44,450398.6406801052,653374.7993198948,4,1,79.95589121304859,782738.11,1103773.44,168.934192311814,1,SINGLE_LARGE_PAYMENT
2026-05-28 10:36:00,RED_CONFIRMED,HIGH,10105044.14,2129201.785654325,7975842.354345676,19,3,68.00198966929999,5855642.2,8853540.770000001,111.00446042763255,1,SINGLE_LARGE_PAYMENT
2026-05-29 06:17:00,RED_CONFIRMED,HIGH,323984.61,179094.12140852117,144890.48859147882,2,1,85.87869352985967,177742.96,323984.61,223.60654115362954,1,SINGLE_LARGE_PAYMENT
2026-05-29 06:18:00,RED_CONFIRMED,LOW,0.0,181624.45121464774,-181624.45121464774,0,4,86.7295760920157,0.0,0.0,,0,FLOW_STALL_or_OUTAGE
2026-05-29 06:19:00,RED_CONFIRMED,HIGH,346058.46,181624.45121464774,164434.0087853523,1,1,86.7369335435905,346058.46,346058.46,210.45431085471824,1,SINGLE_LARGE_PAYMENT
2026-05-29 06:20:00,RED_CONFIRMED,HIGH,917746.94,181624.45121464774,736122.4887853522,4,1,86.66500867338739,647300.28,917746.94,124.67312899437964,1,SINGLE_LARGE_PAYMENT
2026-05-29 06:21:00,RED_CONFIRMED,HIGH,975785.8,181624.45121464774,794161.3487853523,4,1,85.29458637623718,397594.5,975785.7999999999,122.8699686143675,1,SINGLE_LARGE_PAYMENT
2026-05-29 06:22:00,RED_CONFIRMED,HIGH,1414436.58,184429.74863350106,1230006.831366499,6,1,85.12227881148193,692856.92,1381252.05,112.29629094543097,1,SINGLE_LARGE_PAYMENT
2026-05-29 06:23:00,RED_CONFIRMED,HIGH,1194114.7000000002,190093.37513072687,1004021.3248692733,3,1,84.25648328449175,815662.06,1194114.7,118.93320096119247,1,SINGLE_LARGE_PAYMENT
2026-05-29 06:24:00,RED_CONFIRMED,HIGH,313087.98,190093.37513072687,122994.60486927311,2,1,83.49856367857592,289484.6,313087.98,254.55423864548433,1,SINGLE_LARGE_PAYMENT
2026-05-29 06:25:00,RED_CONFIRMED,HIGH,626148.83,190093.37513072687,436055.4548692731,5,1,83.41067871284353,321605.79,626148.83,143.59385326063992,1,SINGLE_LARGE_PAYMENT
2026-05-29 06:26:00,RED_CONFIRMED,HIGH,458760.18,190093.37513072687,268666.8048692731,4,1,84.20192893170243,242434.85,458760.18,170.7543215929567,1,SINGLE_LARGE_PAYMENT
2026-05-29 06:27:00,RED_CONFIRMED,HIGH,870512.45,197848.09329393884,672664.3567060612,4,1,84.93597147708253,470362.19,870512.45,129.41260248465846,1,SINGLE_LARGE_PAYMENT
2026-05-29 06:28:00,RED_CONFIRMED,HIGH,387642.38,197848.09329393884,189794.28670606116,4,1,84.96234249140868,135550.12,387642.38,204.24343995156758,1,SINGLE_LARGE_PAYMENT
2026-05-29 06:29:00,RED_CONFIRMED,HIGH,331264.67,207241.69024135472,124022.97975864526,4,1,84.96073263788251,232390.2,331264.67,267.09942838388264,1,SINGLE_LARGE_PAYMENT
2026-05-29 06:30:00,RED_CONFIRMED,LOW,354772.97,492643.94467122917,-137870.9746712292,3,1,84.91836581690673,198218.34,354772.97,,1,BROAD_ELEVATION
2026-05-29 06:31:00,RED_CONFIRMED,HIGH,897410.47,492643.94467122917,404766.5253287708,4,1,84.80844607446198,334049.13,897410.47,221.71064399929813,1,SINGLE_LARGE_PAYMENT
2026-05-29 06:32:00,RED_CONFIRMED,LOW,15251.97,492643.94467122917,-477391.9746712292,1,2,85.84606033967373,15251.97,15251.97,,1,FLOW_STALL_or_OUTAGE
2026-05-29 06:33:00,RED_CONFIRMED,HIGH,2214300.02,479108.7723018195,1735191.2476981804,4,1,86.04281572189576,2069901.99,2214300.02,127.61129488967755,1,SINGLE_LARGE_PAYMENT
2026-05-29 06:34:00,RED_CONFIRMED,HIGH,1650901.2599999998,492643.94467122917,1158257.3153287705,6,1,85.11973565628999,986333.08,1636356.7300000002,141.2774785312296,1,SINGLE_LARGE_PAYMENT
2026-05-29 06:35:00,RED_CONFIRMED,HIGH,605382.1699999999,507831.4861619755,97550.68383802444,5,1,81.18017615300779,264679.97,605382.1699999999,620.5821898749489,1,SINGLE_LARGE_PAYMENT
2026-05-29 10:34:00,RED_CONFIRMED,HIGH,12621158.03,2203145.329467189,10418012.70053281,15,2,62.20039958077083,10946152.65,11915040.43,114.36960937272256,1,SINGLE_LARGE_PAYMENT
2026-05-29 13:05:00,RED_CONFIRMED,HIGH,16301218.97,1902486.69368934,14398732.27631066,19,2,50.163994487816076,8349627.24,13415099.55,93.1686157681467,1,SINGLE_LARGE_PAYMENT
2026-05-29 15:58:00,RED_CONFIRMED,HIGH,11156951.130000003,899425.4785730673,10257525.651426936,18,2,48.04608671774392,8100304.28,9980639.990000002,97.30065835722851,1,SINGLE_LARGE_PAYMENT
2026-06-01 06:17:00,RED_CONFIRMED,HIGH,1031457.83,207241.69024135472,824216.1397586452,3,1,86.85820126299215,656677.52,1031457.83,125.14409512801355,1,SINGLE_LARGE_PAYMENT
2026-06-01 06:18:00,RED_CONFIRMED,HIGH,233105.94,212862.39366569495,20243.54633430505,3,1,85.38160100939929,212783.94,233105.94,1151.5074293330451,1,SINGLE_LARGE_PAYMENT
2026-06-01 06:19:00,RED_CONFIRMED,HIGH,434762.45,212862.39366569495,221900.05633430506,2,1,85.05630671880836,408037.49,434762.45,195.92714719504428,1,SINGLE_LARGE_PAYMENT
2026-06-01 06:20:00,RED_CONFIRMED,LOW,0.0,212862.39366569495,-212862.39366569495,0,3,86.31088426353062,0.0,0.0,,0,FLOW_STALL_or_OUTAGE
2026-06-01 06:21:00,RED_CONFIRMED,LOW,190303.37,207241.69024135472,-16938.320241354726,2,1,86.28151601447546,99210.46,190303.37,,1,BROAD_ELEVATION
2026-06-01 06:22:00,RED_CONFIRMED,HIGH,354285.16000000003,197848.09329393884,156437.0667060612,3,1,85.48663165188675,199103.62,354285.16,226.47136478574305,1,SINGLE_LARGE_PAYMENT
2026-06-01 06:23:00,RED_CONFIRMED,LOW,194924.95,197848.09329393884,-2923.1432939388324,2,1,83.5134589845279,141535.31,194924.95,,1,DR_CR_IMBALANCE
2026-06-01 06:24:00,RED_CONFIRMED,LOW,62130.979999999996,194022.73203465473,-131891.75203465472,2,1,83.20590506857492,47645.5,62130.979999999996,,1,DR_CR_IMBALANCE
2026-06-01 06:25:00,RED_CONFIRMED,LOW,0.0,191708.84003505216,-191708.84003505216,0,3,85.38080224695966,0.0,0.0,,0,FLOW_STALL_or_OUTAGE
2026-06-02 06:17:00,RED_CONFIRMED,LOW,0.0,198768.0993392056,-198768.0993392056,0,3,88.27182949801404,0.0,0.0,,0,FLOW_STALL_or_OUTAGE
2026-06-02 06:18:00,RED_CONFIRMED,HIGH,242051.09,198768.0993392056,43282.9906607944,2,1,87.05083999658473,216207.63,242051.09,559.2291251243162,1,SINGLE_LARGE_PAYMENT
2026-06-02 06:35:00,RED_CONFIRMED,LOW,29234.96,479108.7723018195,-449873.8123018195,1,1,85.8824555622633,29234.96,29234.96,,1,FLOW_STALL_or_OUTAGE
2026-06-02 06:36:00,RED_CONFIRMED,HIGH,1912258.13,465644.2533553609,1446613.876644639,4,1,81.20132460087163,1745276.53,1912258.13,132.18856537139015,1,SINGLE_LARGE_PAYMENT
2026-06-02 06:43:00,RED_CONFIRMED,HIGH,1061305.33,502530.3493308021,558774.980669198,5,0,44.85999481224139,460694.77,1061305.33,189.93429675912898,1,SINGLE_LARGE_PAYMENT
2026-06-02 06:44:00,RED_CONFIRMED,LOW,131206.78,502530.3493308021,-371323.5693308021,1,0,43.2132616239046,131206.78,131206.78,,1,FLOW_STALL_or_OUTAGE
2026-06-02 06:45:00,RED_CONFIRMED,LOW,672963.96,842046.1709906753,-169082.21099067538,6,0,42.08468630693928,321660.35,650794.1699999999,,1,DR_CR_IMBALANCE
2026-06-02 06:46:00,RED_CONFIRMED,LOW,132324.1,842046.1709906753,-709722.0709906754,2,0,44.20762465714572,84175.75,132324.1,,1,DR_CR_IMBALANCE
2026-06-02 06:47:00,RED_CONFIRMED,HIGH,1039520.8,842046.1709906753,197474.6290093247,9,0,43.87570446783531,330764.63,936512.3699999999,474.2444002544641,1,SINGLE_LARGE_PAYMENT
2026-06-02 06:48:00,RED_CONFIRMED,HIGH,1011975.26,844569.6830935319,167405.57690646814,6,0,43.617305895199586,414249.31,981303.6,586.1833387714844,1,SINGLE_LARGE_PAYMENT
2026-06-02 06:49:00,RED_CONFIRMED,LOW,197792.32,844569.6830935319,-646777.3630935319,2,0,43.20892263927853,109791.27,197792.32,,1,BROAD_ELEVATION
2026-06-02 06:50:00,RED_CONFIRMED,LOW,523524.21,844569.6830935319,-321045.47309353185,1,0,43.322181593859824,523524.21,523524.21,,1,FLOW_STALL_or_OUTAGE
2026-06-02 06:51:00,RED_CONFIRMED,LOW,753836.79,844569.6830935319,-90732.89309353183,7,0,43.40463663938997,385430.96,728653.3600000001,,1,DR_CR_IMBALANCE
2026-06-02 06:52:00,RED_CONFIRMED,LOW,332095.77,844569.6830935319,-512473.91309353185,3,0,43.17053555841911,140134.01,332095.77,,1,BROAD_ELEVATION
2026-06-02 06:53:00,RED_CONFIRMED,LOW,439466.33,844569.6830935319,-405103.35309353186,1,0,43.07348936415659,439466.33,439466.33,,1,FLOW_STALL_or_OUTAGE
2026-06-02 06:54:00,RED_CONFIRMED,HIGH,1174558.73,844569.6830935319,329989.0469064681,5,0,42.80267553745588,495346.2,1174558.7300000002,355.9387019087686,1,SINGLE_LARGE_PAYMENT
2026-06-02 06:55:00,RED_CONFIRMED,HIGH,901398.81,844569.6830935319,56829.126906468184,7,0,41.59935401153774,297908.22,788742.6599999999,1387.9197216915657,1,SINGLE_LARGE_PAYMENT
2026-06-02 06:56:00,RED_CONFIRMED,LOW,201754.98,846193.716243056,-644438.736243056,4,0,39.26753318687559,80053.16,201754.98,,1,BROAD_ELEVATION
2026-06-02 06:57:00,RED_CONFIRMED,LOW,562687.89,846193.716243056,-283505.826243056,6,0,36.99806453263745,203633.39,537953.77,,1,DR_CR_IMBALANCE
2026-06-02 06:58:00,RED_CONFIRMED,LOW,216437.51,846193.716243056,-629756.206243056,2,0,35.78307962118666,154083.35,216437.51,,1,BROAD_ELEVATION
2026-06-02 06:59:00,RED_CONFIRMED,LOW,274397.45,846193.716243056,-571796.2662430559,3,0,35.93910670104549,206048.06,274397.45,,1,DR_CR_IMBALANCE
2026-06-02 07:00:00,RED_CONFIRMED,LOW,242171.53,908400.5579164929,-666229.0279164929,1,0,36.99680271261028,242171.53,242171.53,,1,FLOW_STALL_or_OUTAGE
2026-06-02 07:01:00,RED_CONFIRMED,LOW,747119.3999999999,903438.2460841446,-156318.84608414466,5,0,36.853645808511295,231486.79,747119.4,,1,BROAD_ELEVATION
2026-06-02 07:02:00,RED_CONFIRMED,HIGH,1275355.29,903438.2460841446,371917.04391585547,7,0,35.614656405349336,419740.98,1200929.06,322.9023997813084,1,SINGLE_LARGE_PAYMENT
2026-06-02 07:03:00,RED_CONFIRMED,LOW,875347.79,908400.5579164929,-33052.767916492885,5,0,33.449049861311586,504104.73,875347.79,,1,BROAD_ELEVATION
2026-06-02 07:04:00,RED_CONFIRMED,LOW,420570.76,903438.2460841446,-482867.48608414456,3,0,33.36647787685826,290890.02,420570.76,,1,DR_CR_IMBALANCE
2026-06-02 07:05:00,RED_CONFIRMED,LOW,550010.08,891336.6092171234,-341326.5292171234,4,0,33.60480711543392,451710.82,550010.0800000001,,1,DR_CR_IMBALANCE
2026-06-02 07:06:00,RED_CONFIRMED,LOW,459027.7,891336.6092171234,-432308.90921712335,5,0,34.546753165656376,243922.82,459027.7,,1,DR_CR_IMBALANCE
2026-06-02 07:07:00,RED_CONFIRMED,LOW,380068.13,891336.6092171234,-511268.47921712336,3,0,33.86627466508086,185459.36,380068.13,,1,BROAD_ELEVATION
2026-06-02 07:08:00,RED_CONFIRMED,LOW,755483.16,891336.6092171234,-135853.44921712333,3,0,33.861796230761705,611323.52,755483.1599999999,,1,BROAD_ELEVATION
2026-06-02 07:09:00,RED_CONFIRMED,HIGH,1250610.9100000001,891336.6092171234,359274.3007828768,8,0,32.31243227116798,288388.58,1073471.56,298.7888523228217,1,SINGLE_LARGE_PAYMENT
2026-06-02 07:10:00,RED_CONFIRMED,LOW,696929.76,903438.2460841446,-206508.48608414456,3,0,32.62369203969661,612307.91,696929.76,,1,DR_CR_IMBALANCE
2026-06-02 07:11:00,RED_CONFIRMED,LOW,508357.11,903438.2460841446,-395081.1360841446,4,0,31.637772687974763,236027.77,508357.11,,1,BROAD_ELEVATION
2026-06-02 07:12:00,RED_CONFIRMED,LOW,204745.97,903438.2460841446,-698692.2760841446,2,0,34.31611357060385,139068.78,204745.97,,1,DR_CR_IMBALANCE
2026-06-02 07:13:00,RED_CONFIRMED,LOW,688437.62,895722.5850047052,-207284.96500470524,7,0,33.07217009179251,212305.16,628421.93,,1,BROAD_ELEVATION
2026-06-02 07:14:00,RED_CONFIRMED,HIGH,1362369.7000000002,895722.5850047052,466647.11499529495,7,0,32.9755998663569,398999.97,1228152.88,263.1866437259304,1,SINGLE_LARGE_PAYMENT
2026-06-02 07:15:00,RED_CONFIRMED,LOW,465976.31,1135922.2868163604,-669945.9768163604,3,0,31.89549902265213,256730.34,465976.31,,1,DR_CR_IMBALANCE
2026-06-02 13:56:00,RED_CONFIRMED,HIGH,19978548.51,2055437.9024524447,17923110.60754756,7,2,51.78912617495399,18159059.25,19836891.77,110.67772890742822,1,SINGLE_LARGE_PAYMENT
2026-06-02 16:20:00,RED_CONFIRMED,LOW,426638.57999999996,1124671.3150558488,-698032.7350558488,5,0,43.39022885656751,143413.92,426638.57999999996,,1,BROAD_ELEVATION
2026-06-02 16:21:00,RED_CONFIRMED,HIGH,1386531.8900000001,1124671.3150558488,261860.57494415133,8,0,44.18330844996118,740916.33,1287150.77,491.54049641665944,1,SINGLE_LARGE_PAYMENT
2026-06-02 16:22:00,RED_CONFIRMED,LOW,765662.8899999999,1124671.3150558488,-359008.4250558489,7,0,43.063386462688094,362370.8,693662.53,,1,BROAD_ELEVATION
2026-06-03 06:17:00,RED_CONFIRMED,HIGH,391449.58,191708.84003505216,199740.73996494786,3,1,84.99776269380997,365615.74,391449.58,195.97883740127065,1,SINGLE_LARGE_PAYMENT
2026-06-03 06:18:00,RED_CONFIRMED,LOW,188268.31,194022.73203465473,-5754.422034654737,1,1,84.80317622748744,188268.31,188268.31,,1,FLOW_STALL_or_OUTAGE
2026-06-03 06:19:00,RED_CONFIRMED,HIGH,586992.33,194022.73203465473,392969.59796534525,2,1,83.83914728066347,530866.37,586992.33,149.37347139301218,1,SINGLE_LARGE_PAYMENT
2026-06-03 06:20:00,RED_CONFIRMED,LOW,138273.34,203679.11912817624,-65405.77912817625,2,1,80.28478848307721,90148.15,138273.34,,1,DR_CR_IMBALANCE
2026-06-03 06:21:00,RED_CONFIRMED,HIGH,709683.3,203679.11912817624,506004.1808718238,2,1,75.664645325383,410030.75,709683.3,140.25245775187977,1,SINGLE_LARGE_PAYMENT
2026-06-03 06:56:00,RED_CONFIRMED,LOW,594519.11,857609.8114754275,-263090.7014754275,3,1,80.1626180512924,497003.39,594519.1100000001,,1,DR_CR_IMBALANCE
2026-06-03 07:54:00,RED_CONFIRMED,LOW,877495.21,1855166.5723867973,-977671.3623867973,3,0,42.63565753583289,659708.75,877495.2100000001,,1,DR_CR_IMBALANCE
2026-06-03 07:55:00,RED_CONFIRMED,HIGH,1981612.5499999998,1838645.4842957724,142967.06570422743,7,0,39.381158415443394,966266.79,1946354.6500000001,1361.4007117042258,1,SINGLE_LARGE_PAYMENT
2026-06-03 07:56:00,RED_CONFIRMED,HIGH,2753305.14,1855166.5723867973,898138.5676132028,9,0,37.12086422496272,794362.29,2386536.5800000005,265.7203093217793,1,SINGLE_LARGE_PAYMENT
2026-06-03 07:57:00,RED_CONFIRMED,LOW,1690883.8599999999,1870922.4426704969,-180038.582670497,6,0,35.22600733810248,659246.0,1624983.1099999999,,1,DR_CR_IMBALANCE
2026-06-03 07:58:00,RED_CONFIRMED,HIGH,8856973.56,1870922.4426704969,6986051.117329503,11,0,39.99883864896906,7091284.99,8410898.71,120.39560788692256,1,SINGLE_LARGE_PAYMENT
2026-06-03 07:59:00,RED_CONFIRMED,HIGH,5642514.1899999995,1888039.55804243,3754474.631957569,9,0,41.749070246320244,2061939.49,5232292.76,139.36151586865034,1,SINGLE_LARGE_PAYMENT
2026-06-03 08:00:00,RED_CONFIRMED,LOW,1551073.2799999998,2152385.086183865,-601311.8061838653,9,0,40.10620782301836,396102.72,1351487.8499999999,,1,BROAD_ELEVATION
2026-06-03 08:01:00,RED_CONFIRMED,LOW,1856458.98,2152385.086183865,-295926.1061838651,12,0,33.080186980771494,305535.91,1260042.4899999998,,1,BROAD_ELEVATION
2026-06-03 08:02:00,RED_CONFIRMED,LOW,1058972.19,2136565.6550102727,-1077593.4650102728,6,0,31.164418585706034,840859.1,1031327.5399999999,,1,BROAD_ELEVATION
2026-06-03 08:03:00,RED_CONFIRMED,HIGH,2146142.12,2136565.6550102727,9576.464989727363,9,0,31.15835047263489,720671.0,1790145.64,18693.177930690315,1,SINGLE_LARGE_PAYMENT
2026-06-03 08:04:00,RED_CONFIRMED,LOW,1319863.1800000002,2147278.089361528,-827414.9093615278,12,0,31.24682749156251,303684.9,1012008.5700000001,,1,BROAD_ELEVATION
2026-06-03 10:53:00,RED_CONFIRMED,HIGH,21527693.999999996,1966963.3751605493,19560730.624839447,9,2,49.07530517413045,19752531.45,21183489.84,108.29600512518623,1,SINGLE_LARGE_PAYMENT
2026-06-03 12:36:00,RED_CONFIRMED,LOW,805595.95,2084995.0057847693,-1279399.0557847694,4,1,78.21899941920564,358998.37,805595.95,,1,DR_CR_IMBALANCE
2026-06-03 12:37:00,RED_CONFIRMED,HIGH,2519191.01,2084995.0057847693,434196.00421523047,8,1,85.21140455418626,1460786.03,2349679.2199999997,541.1563434921125,1,SINGLE_LARGE_PAYMENT
2026-06-03 12:38:00,RED_CONFIRMED,HIGH,3094142.57,2100275.445177526,993867.1248224736,8,1,81.53807410382741,1642017.75,2907484.9099999997,292.5426183625241,1,SINGLE_LARGE_PAYMENT
2026-06-03 15:28:00,RED_CONFIRMED,LOW,898869.12,1321699.8866745506,-422830.7666745506,5,0,36.13097413679844,396463.63,898869.12,,1,DR_CR_IMBALANCE
2026-06-03 15:29:00,RED_CONFIRMED,LOW,879689.51,1311839.670060648,-432150.1600606479,4,0,33.10627416945857,386023.58,879689.5099999999,,1,BROAD_ELEVATION
2026-06-03 16:01:00,RED_CONFIRMED,LOW,669583.37,1048907.2826415151,-379323.91264151514,5,1,83.63634770129899,305723.35,669583.3699999999,,1,DR_CR_IMBALANCE
2026-06-03 16:02:00,RED_CONFIRMED,LOW,443551.6,1048907.2826415151,-605355.6826415152,5,1,82.49704806630523,200825.55,443551.60000000003,,1,BROAD_ELEVATION
2026-06-03 16:03:00,RED_CONFIRMED,LOW,0.0,1048907.2826415151,-1048907.2826415151,0,4,83.40671925236552,0.0,0.0,,0,FLOW_STALL_or_OUTAGE
2026-06-03 16:04:00,RED_CONFIRMED,LOW,30274.57,1048907.2826415151,-1018632.7126415152,1,2,85.60938912877985,30274.57,30274.57,,1,FLOW_STALL_or_OUTAGE
2026-06-03 16:05:00,RED_CONFIRMED,LOW,137774.91,1048907.2826415151,-911132.3726415151,2,1,87.7554601457981,106474.45,137774.91,,1,BROAD_ELEVATION
2026-06-03 16:06:00,RED_CONFIRMED,LOW,684812.07,1048907.2826415151,-364095.2126415152,4,1,86.22086756020845,603808.75,684812.07,,1,DR_CR_IMBALANCE
2026-06-03 16:07:00,RED_CONFIRMED,LOW,804614.2999999999,1040822.5593119729,-236208.259311973,4,1,84.93777601852365,642607.61,804614.2999999999,,1,BROAD_ELEVATION
2026-06-03 16:08:00,RED_CONFIRMED,HIGH,1295204.92,1040822.5593119729,254382.360688027,3,1,84.69720682535741,947359.84,1295204.92,509.1567341764044,1,SINGLE_LARGE_PAYMENT
2026-06-03 16:09:00,RED_CONFIRMED,LOW,119937.43000000001,1048907.2826415151,-928969.8526415151,2,1,84.87037707118579,88414.24,119937.43000000001,,1,DR_CR_IMBALANCE
2026-06-03 16:10:00,RED_CONFIRMED,LOW,502444.3,1040822.5593119729,-538378.2593119729,3,1,84.9502137441536,275792.85,502444.3,,1,BROAD_ELEVATION
2026-06-03 16:11:00,RED_CONFIRMED,LOW,755032.85,1040822.5593119729,-285789.70931197295,3,1,84.61106526583615,557166.64,755032.85,,1,DR_CR_IMBALANCE
2026-06-03 16:12:00,RED_CONFIRMED,HIGH,1286777.1099999999,1030564.5590036949,256212.55099630496,6,1,83.54598137381107,622266.39,1247623.6500000001,486.9486858268677,1,SINGLE_LARGE_PAYMENT
2026-06-03 16:13:00,RED_CONFIRMED,LOW,598075.89,1040822.5593119729,-442746.6693119729,6,1,82.68730097629572,195560.72,566409.03,,1,BROAD_ELEVATION
2026-06-03 16:14:00,RED_CONFIRMED,LOW,120760.95,1030564.5590036949,-909803.609003695,1,1,83.18058614852434,120760.95,120760.95,,1,FLOW_STALL_or_OUTAGE
2026-06-03 16:15:00,RED_CONFIRMED,LOW,357409.68000000005,1154627.7753216662,-797218.0953216661,5,1,82.81160622409004,135249.16,357409.68,,1,BROAD_ELEVATION
2026-06-03 16:16:00,RED_CONFIRMED,LOW,1126092.23,1154627.7753216662,-28535.54532166617,4,1,82.80691600971896,923518.18,1126092.2300000002,,1,DR_CR_IMBALANCE
2026-06-03 16:17:00,RED_CONFIRMED,LOW,644310.61,1139787.643989447,-495477.03398944705,3,1,81.93069497922438,568136.26,644310.61,,1,DR_CR_IMBALANCE
2026-06-03 16:18:00,RED_CONFIRMED,HIGH,2035460.6400000001,1139787.643989447,895672.9960105531,6,1,82.01711437628445,1434792.49,2026322.0,226.23457545616628,1,SINGLE_LARGE_PAYMENT
2026-06-03 16:19:00,RED_CONFIRMED,HIGH,2011330.58,1154627.7753216662,856702.8046783339,5,1,78.5275990197568,1034541.73,2011330.5799999998,234.77576693065618,1,SINGLE_LARGE_PAYMENT
2026-06-03 17:56:00,RED_CONFIRMED,LOW,392425.49,1571069.3306173054,-1178643.8406173054,5,1,83.01143592361068,144078.03,392425.49,,1,DR_CR_IMBALANCE
2026-06-03 17:57:00,RED_CONFIRMED,LOW,143019.64,1571069.3306173054,-1428049.6906173052,2,1,83.72761393435168,76869.84,143019.64,,1,FLOW_STALL_or_OUTAGE
2026-06-03 17:58:00,RED_CONFIRMED,HIGH,1736306.3099999998,1571069.3306173054,165236.97938269447,7,1,83.324173759645,727344.83,1659724.46,1004.4509807674599,1,SINGLE_LARGE_PAYMENT
2026-06-03 17:59:00,RED_CONFIRMED,LOW,555409.3099999999,1579939.7677765773,-1024530.4577765773,4,1,83.24357216799069,270831.17,555409.3099999999,,1,DR_CR_IMBALANCE
2026-06-03 18:00:00,RED_CONFIRMED,LOW,237181.09999999998,1001391.0400000005,-764209.9400000005,3,1,82.01189611916065,88833.89,237181.09999999998,,1,BROAD_ELEVATION
2026-06-04 06:17:00,RED_CONFIRMED,LOW,0.0,203679.11912817624,-203679.11912817624,0,4,87.29854729818946,0.0,0.0,,0,FLOW_STALL_or_OUTAGE
2026-06-04 06:18:00,RED_CONFIRMED,LOW,0.0,203679.11912817624,-203679.11912817624,0,3,87.75337077676956,0.0,0.0,,0,FLOW_STALL_or_OUTAGE
2026-06-04 06:19:00,RED_CONFIRMED,HIGH,429367.37,194022.73203465473,235344.63796534526,4,1,87.73918715439045,266975.45,429367.37,182.4419598899996,1,SINGLE_LARGE_PAYMENT
2026-06-04 06:20:00,RED_CONFIRMED,LOW,0.0,203679.11912817624,-203679.11912817624,0,3,87.80474631863954,0.0,0.0,,0,FLOW_STALL_or_OUTAGE
2026-06-04 06:21:00,RED_CONFIRMED,HIGH,285988.6,194022.73203465473,91965.86796534524,1,1,86.49017877207352,285988.6,285988.6,310.97254484431846,1,SINGLE_LARGE_PAYMENT
2026-06-04 06:22:00,RED_CONFIRMED,LOW,178047.85,194022.73203465473,-15974.882034654729,2,1,86.34849039217134,173169.65,178047.85,,1,DR_CR_IMBALANCE
2026-06-04 06:23:00,RED_CONFIRMED,HIGH,559777.82,194022.73203465473,365755.08796534524,2,1,84.84300137761234,460832.47,559777.82,153.0471723890381,1,SINGLE_LARGE_PAYMENT
2026-06-04 06:24:00,RED_CONFIRMED,LOW,111004.38,203679.11912817624,-92674.73912817624,1,1,84.23032196721091,111004.38,111004.38,,1,FLOW_STALL_or_OUTAGE
2026-06-04 06:25:00,RED_CONFIRMED,HIGH,349449.32,192600.29831182744,156849.02168817256,1,1,83.42769362199088,349449.32,349449.32,222.79343297067612,1,SINGLE_LARGE_PAYMENT
2026-06-04 06:26:00,RED_CONFIRMED,HIGH,539594.94,203679.11912817624,335915.8208718237,3,1,82.66662967578232,274986.43,539594.9400000001,160.63397627404242,1,SINGLE_LARGE_PAYMENT
2026-06-04 06:27:00,RED_CONFIRMED,LOW,113049.75,203679.11912817624,-90629.36912817624,2,1,82.59390380549799,94139.45,113049.75,,1,DR_CR_IMBALANCE
2026-06-04 06:28:00,RED_CONFIRMED,HIGH,531880.9199999999,192600.29831182744,339280.62168817245,3,1,83.27769635948374,236927.6,531880.92,156.76725577591154,1,SINGLE_LARGE_PAYMENT
2026-06-04 06:29:00,RED_CONFIRMED,LOW,24059.67,192600.29831182744,-168540.62831182743,1,1,81.94134468948134,24059.67,24059.67,,1,FLOW_STALL_or_OUTAGE
2026-06-04 13:15:00,RED_CONFIRMED,HIGH,19937928.21,2083896.3207842787,17854031.889215723,10,2,41.21864105176249,17429578.63,19606963.47,109.81812730962517,1,SINGLE_LARGE_PAYMENT
2026-06-04 15:11:00,RED_CONFIRMED,LOW,1022956.26,1504518.4125077727,-481562.15250777267,4,0,52.36324603433733,658266.27,1022956.26,,1,BROAD_ELEVATION
2026-06-05 06:17:00,RED_CONFIRMED,LOW,133471.88999999998,189283.10506401423,-55811.21506401425,2,1,85.48648686544897,101487.62,133471.88999999998,,1,DR_CR_IMBALANCE
2026-06-05 06:18:00,RED_CONFIRMED,LOW,0.0,184833.2223725115,-184833.2223725115,0,3,86.31864530057703,0.0,0.0,,0,FLOW_STALL_or_OUTAGE
2026-06-05 06:19:00,RED_CONFIRMED,LOW,62913.69,179746.22971277902,-116832.53971277902,1,1,86.40236867429856,62913.69,62913.69,,1,FLOW_STALL_or_OUTAGE
2026-06-05 06:20:00,RED_CONFIRMED,HIGH,799488.01,179746.22971277902,619741.780287221,2,1,85.61243948611515,558296.76,799488.01,129.00340681073257,1,SINGLE_LARGE_PAYMENT
2026-06-05 06:21:00,RED_CONFIRMED,HIGH,1024759.34,179746.22971277902,845013.1102872209,3,1,83.51564109216281,553599.6,1024759.34,121.27141313247591,1,SINGLE_LARGE_PAYMENT
2026-06-05 16:09:00,RED_CONFIRMED,LOW,580826.69,1030564.5590036949,-449737.86900369497,6,0,43.02524803005878,184160.71,566128.88,,1,BROAD_ELEVATION
2026-06-05 16:10:00,RED_CONFIRMED,LOW,751088.2100000001,1030564.5590036949,-279476.34900369484,8,0,41.12167048675176,209305.89,680109.5800000001,,1,DR_CR_IMBALANCE
2026-06-05 16:11:00,RED_CONFIRMED,HIGH,1201904.68,1023513.6929852121,178390.98701478785,7,0,39.49901614241792,311517.19,1180057.14,661.5004265334202,1,SINGLE_LARGE_PAYMENT
2026-06-05 16:12:00,RED_CONFIRMED,HIGH,1704249.83,1023513.6929852121,680736.137014788,8,0,37.54970922800957,1311592.86,1592856.92,233.9903574070723,1,SINGLE_LARGE_PAYMENT
2026-06-05 16:13:00,RED_CONFIRMED,LOW,197791.1,1023513.6929852121,-825722.5929852121,3,0,37.46711890785918,114899.05,197791.1,,1,BROAD_ELEVATION
2026-06-08 06:22:00,RED_CONFIRMED,HIGH,949984.23,174320.21037978996,775664.01962021,3,1,83.42321586800075,851619.12,949984.23,122.47367493791226,1,SINGLE_LARGE_PAYMENT
2026-06-08 06:23:00,RED_CONFIRMED,HIGH,945720.01,174320.21037978996,771399.7996202101,2,1,82.60806387030811,861422.22,945720.01,122.59790713785699,1,SINGLE_LARGE_PAYMENT
2026-06-08 06:24:00,RED_CONFIRMED,HIGH,212679.92,174320.21037978996,38359.70962021005,1,1,83.28945641683396,212679.92,212679.92,554.4356881365658,1,SINGLE_LARGE_PAYMENT
2026-06-08 06:25:00,RED_CONFIRMED,HIGH,220832.65,177401.90327896277,43430.74672103723,1,1,84.02537250048478,220832.65,220832.65,508.4707647751123,1,SINGLE_LARGE_PAYMENT
2026-06-08 06:26:00,RED_CONFIRMED,LOW,15438.59,179746.22971277902,-164307.63971277903,1,1,83.8137924634764,15438.59,15438.59,,1,FLOW_STALL_or_OUTAGE
2026-06-08 06:27:00,RED_CONFIRMED,HIGH,659691.49,174954.9362617842,484736.5537382158,3,1,81.41891705767283,391108.79,659691.49,136.09278790975384,1,SINGLE_LARGE_PAYMENT
2026-06-08 09:28:00,RED_CONFIRMED,HIGH,36676450.050000004,2943303.319244923,33733146.73075508,9,1,44.185647920332286,34033395.35,36363604.71000001,107.7978434690372,1,SINGLE_LARGE_PAYMENT
2026-06-09 06:17:00,RED_CONFIRMED,LOW,0.0,174954.9362617842,-174954.9362617842,0,3,88.04278995464688,0.0,0.0,,0,FLOW_STALL_or_OUTAGE
2026-06-09 06:18:00,RED_CONFIRMED,LOW,0.0,169613.39816607555,-169613.39816607555,0,3,87.91236195393743,0.0,0.0,,0,FLOW_STALL_or_OUTAGE
2026-06-09 06:19:00,RED_CONFIRMED,HIGH,373378.76,169613.39816607555,203765.36183392446,3,1,87.73804003973036,271056.18,373378.76,183.23956370186022,1,SINGLE_LARGE_PAYMENT
2026-06-09 06:20:00,RED_CONFIRMED,LOW,56582.74,174954.9362617842,-118372.19626178421,1,1,86.47604230587997,56582.74,56582.74,,1,FLOW_STALL_or_OUTAGE
2026-06-09 06:21:00,RED_CONFIRMED,LOW,0.0,174954.9362617842,-174954.9362617842,0,4,83.2427173857961,0.0,0.0,,0,FLOW_STALL_or_OUTAGE
2026-06-09 15:58:00,RED_CONFIRMED,HIGH,1038607.4100000001,1011470.4214903757,27136.988509624498,4,1,85.67252353090414,410074.15,1038607.4100000001,3827.275858674016,1,SINGLE_LARGE_PAYMENT
2026-06-09 15:59:00,RED_CONFIRMED,HIGH,1957885.41,1011470.4214903757,946414.9885096243,4,1,80.049512604935,916000.69,1957885.41,206.87388025026928,1,SINGLE_LARGE_PAYMENT
2026-06-09 16:00:00,RED_CONFIRMED,LOW,294568.55,1013644.7358839978,-719076.1858839977,6,1,75.81862260573617,91432.56,275587.37,,1,BROAD_ELEVATION
2026-06-09 16:01:00,RED_CONFIRMED,LOW,154885.97,1013644.7358839978,-858758.7658839978,2,1,73.84269570700242,126256.96,154885.97,,1,BROAD_ELEVATION
2026-06-09 16:05:00,RED_CONFIRMED,HIGH,3396225.29,1040822.5593119729,2355402.730688027,7,0,53.584654523871315,1698713.71,3284183.9299999997,139.43194882179108,1,SINGLE_LARGE_PAYMENT
2026-06-09 16:06:00,RED_CONFIRMED,LOW,504444.78,1045624.9426732684,-541180.1626732684,2,0,49.62585278762051,370073.7,504444.78,,1,DR_CR_IMBALANCE
2026-06-09 16:07:00,RED_CONFIRMED,LOW,798963.16,1045624.9426732684,-246661.78267326835,5,0,46.08845205794669,386148.03,798963.16,,1,BROAD_ELEVATION
2026-06-09 16:08:00,RED_CONFIRMED,HIGH,1447529.1,1045624.9426732684,401904.1573267317,8,0,43.20340028643616,539259.78,1327913.01,330.4053928759092,1,SINGLE_LARGE_PAYMENT
2026-06-09 16:09:00,RED_CONFIRMED,HIGH,3105960.13,1045624.9426732684,2060335.1873267316,5,0,40.474174182883935,2746018.06,3105960.13,150.75023467564802,1,SINGLE_LARGE_PAYMENT
2026-06-09 16:10:00,RED_CONFIRMED,LOW,832370.0900000001,1045624.9426732684,-213254.8526732683,5,0,37.73985873130845,332437.52,832370.09,,1,DR_CR_IMBALANCE
2026-06-09 16:11:00,RED_CONFIRMED,LOW,618006.87,1040822.5593119729,-422815.68931197294,6,0,36.44924708539148,264714.93,608615.64,,1,BROAD_ELEVATION
2026-06-09 16:12:00,RED_CONFIRMED,LOW,303368.83999999997,1040822.5593119729,-737453.719311973,3,0,36.61208374977607,192221.76,303368.83999999997,,1,DR_CR_IMBALANCE
2026-06-09 16:42:00,RED_CONFIRMED,LOW,1427398.5799999998,1719507.3532882421,-292108.7732882423,9,0,40.58331777572807,346317.87,1113337.45,,1,BROAD_ELEVATION
2026-06-09 16:43:00,RED_CONFIRMED,LOW,1248981.88,1706530.9071863864,-457549.0271863865,7,0,38.683337672548625,393431.32,1164940.04,,1,BROAD_ELEVATION
2026-06-09 16:44:00,RED_CONFIRMED,LOW,1616175.07,1690898.4526173812,-74723.38261738117,12,0,36.874901717096655,608789.06,1461615.31,,1,BROAD_ELEVATION
2026-06-09 16:45:00,RED_CONFIRMED,LOW,1889477.54,2432804.604712461,-543327.0647124611,6,0,35.58903384985978,831959.9,1853944.4399999997,,1,BROAD_ELEVATION
2026-06-09 16:46:00,RED_CONFIRMED,LOW,779326.89,2432804.604712461,-1653477.714712461,7,0,36.260587665301124,336138.75,724472.5499999999,,1,DR_CR_IMBALANCE
2026-06-09 16:47:00,RED_CONFIRMED,LOW,1624016.14,2411743.3588614305,-787727.2188614307,9,0,38.20080886863646,734450.87,1483017.7000000002,,1,BROAD_ELEVATION
2026-06-10 06:17:00,RED_CONFIRMED,LOW,160236.52,183086.77713379316,-22850.257133793173,2,1,86.4410275545062,143296.0,160236.52,,1,DR_CR_IMBALANCE
2026-06-10 06:18:00,RED_CONFIRMED,LOW,26875.53,183086.77713379316,-156211.24713379316,1,1,85.78043694509027,26875.53,26875.53,,1,FLOW_STALL_or_OUTAGE
2026-06-10 06:19:00,RED_CONFIRMED,LOW,70914.47,183086.77713379316,-112172.30713379316,1,1,80.87977673131029,70914.47,70914.47,,1,FLOW_STALL_or_OUTAGE
2026-06-10 06:27:00,RED_CONFIRMED,HIGH,12794264.62,158813.96038700367,12635450.659612995,1,0,48.3891804059324,12794264.62,12794264.62,101.25689193575522,1,SINGLE_LARGE_PAYMENT
2026-06-10 11:05:00,RED_CONFIRMED,HIGH,9208342.81,1722478.9006392136,7485863.909360787,14,2,43.03538740769346,7337499.62,8424991.44,112.5453460283304,1,SINGLE_LARGE_PAYMENT
2026-06-10 12:08:00,RED_CONFIRMED,HIGH,23197554.26,1860997.6904847946,21336556.569515206,11,2,40.794232664134825,11221386.72,22732655.130000003,106.54322339191079,1,SINGLE_LARGE_PAYMENT
2026-06-10 14:45:00,RED_CONFIRMED,HIGH,17262457.99,1745391.1983028203,15517066.791697178,8,2,41.593479346655556,15659678.42,17187139.05,110.76280898137551,1,SINGLE_LARGE_PAYMENT
2026-06-10 15:22:00,RED_CONFIRMED,LOW,681856.98,1192241.5957643124,-510384.61576431245,5,0,45.42205742576127,280177.37,681856.98,,1,BROAD_ELEVATION
2026-06-10 15:23:00,RED_CONFIRMED,LOW,779672.94,1190199.759521133,-410526.8195211331,2,0,46.06360130508018,464581.78,779672.94,,1,DR_CR_IMBALANCE
2026-06-10 15:24:00,RED_CONFIRMED,LOW,216189.13999999998,1187936.6482765456,-971747.5082765456,3,0,47.27995843978855,78169.2,216189.13999999998,,1,BROAD_ELEVATION
2026-06-10 15:25:00,RED_CONFIRMED,HIGH,2913260.25,1182626.6388030339,1730633.6111969661,4,0,46.42061908927494,2438647.57,2913260.25,168.33489371474118,1,SINGLE_LARGE_PAYMENT
2026-06-10 15:26:00,RED_CONFIRMED,LOW,324261.12,1182626.6388030339,-858365.5188030339,2,0,46.55327809893779,222208.11,324261.12,,1,DR_CR_IMBALANCE
2026-06-10 15:27:00,RED_CONFIRMED,HIGH,2348125.87,1182626.6388030339,1165499.2311969663,7,0,42.823361827382506,757115.11,2236284.8,191.87355427968308,1,SINGLE_LARGE_PAYMENT
2026-06-10 15:28:00,RED_CONFIRMED,HIGH,2940930.2199999997,1187936.6482765456,1752993.5717234542,12,0,40.4099180765242,754727.38,2067663.9000000001,117.95045534406485,1,SINGLE_LARGE_PAYMENT
2026-06-10 15:29:00,RED_CONFIRMED,LOW,311064.28,1190199.759521133,-879135.479521133,3,0,37.191640846347234,189011.97,311064.28,,1,BROAD_ELEVATION
2026-06-10 15:30:00,RED_CONFIRMED,HIGH,1388472.64,1164602.4015167311,223870.23848326877,4,0,36.021810282284825,545354.1,1388472.64,620.2131419553426,1,SINGLE_LARGE_PAYMENT
2026-06-10 15:31:00,RED_CONFIRMED,LOW,1102180.3,1164602.4015167311,-62422.10151673108,4,0,35.33676915958238,895870.52,1102180.3,,1,BROAD_ELEVATION
2026-06-10 15:32:00,RED_CONFIRMED,LOW,876825.6200000001,1157942.1281145571,-281116.508114557,5,0,33.47876319803854,349378.18,876825.6200000001,,1,BROAD_ELEVATION
2026-06-10 15:33:00,RED_CONFIRMED,LOW,445785.52,1151980.093370893,-706194.573370893,5,0,32.538122820931086,170340.82,445785.51999999996,,1,BROAD_ELEVATION
2026-06-10 15:34:00,RED_CONFIRMED,LOW,32283.11,1151640.2363108308,-1119357.1263108307,1,2,41.32927485355228,32283.11,32283.11,,1,FLOW_STALL_or_OUTAGE
2026-06-10 15:35:00,RED_CONFIRMED,HIGH,3953933.52,1126502.638910823,2827430.881089177,5,0,45.36718922613488,3366231.5,3953933.52,139.84191608167177,1,SINGLE_LARGE_PAYMENT
2026-06-10 15:36:00,RED_CONFIRMED,LOW,79531.79,1126502.638910823,-1046970.848910823,1,0,53.0873565824508,79531.79,79531.79,,1,FLOW_STALL_or_OUTAGE
2026-06-10 15:37:00,RED_CONFIRMED,HIGH,2917068.78,1099838.852943507,1817229.9270564928,3,0,47.518983252774206,2766347.67,2917068.78,160.52282303786404,1,SINGLE_LARGE_PAYMENT
2026-06-10 15:38:00,RED_CONFIRMED,LOW,1043156.8500000001,1126502.638910823,-83345.78891082294,4,0,45.653490084433656,349771.71,1043156.8500000001,,1,BROAD_ELEVATION
2026-06-10 15:39:00,RED_CONFIRMED,LOW,377386.75999999995,1126502.638910823,-749115.878910823,5,0,41.15417823692452,136572.19,377386.76,,1,BROAD_ELEVATION
2026-06-10 15:40:00,RED_CONFIRMED,LOW,720542.94,1099838.852943507,-379295.9129435071,3,0,39.295261841276975,374211.68,720542.94,,1,BROAD_ELEVATION
2026-06-10 15:41:00,RED_CONFIRMED,HIGH,1271719.16,1080765.3087279988,190953.85127200116,6,0,39.018263468555624,367293.28,1172022.67,613.7727320987786,1,SINGLE_LARGE_PAYMENT
2026-06-10 15:59:00,RED_CONFIRMED,HIGH,10099056.920000002,952610.6691307874,9146446.250869215,8,2,55.55609016543978,9082086.74,9905631.98,108.30033554353022,1,SINGLE_LARGE_PAYMENT
2026-06-10 16:05:00,RED_CONFIRMED,HIGH,2341606.23,995599.8536112788,1346006.3763887212,7,1,85.83469425436844,855457.32,2217890.79,164.77565254560741,1,SINGLE_LARGE_PAYMENT
2026-06-10 16:06:00,RED_CONFIRMED,HIGH,1723357.57,995599.8536112788,727757.7163887213,4,1,81.14545381296129,692715.93,1723357.57,236.8037509174954,1,SINGLE_LARGE_PAYMENT
2026-06-10 16:07:00,RED_CONFIRMED,LOW,507278.04,995599.8536112788,-488321.81361127883,3,1,77.43221590782571,414791.17,507278.04,,1,DR_CR_IMBALANCE
2026-06-10 16:08:00,RED_CONFIRMED,LOW,638967.94,967735.515041794,-328767.5750417941,4,1,73.10905985817341,467620.05,638967.94,,1,DR_CR_IMBALANCE
2026-06-10 16:09:00,RED_CONFIRMED,HIGH,1596455.2,932179.097960524,664276.1020394759,3,0,68.95151721571727,1110718.44,1596455.2,240.33006683493898,1,SINGLE_LARGE_PAYMENT
2026-06-10 16:10:00,RED_CONFIRMED,LOW,347991.4,932179.097960524,-584187.697960524,5,0,65.08909091032397,139670.65,347991.4,,1,BROAD_ELEVATION
2026-06-10 16:26:00,RED_CONFIRMED,LOW,558584.97,1251437.0441753706,-692852.0741753706,5,0,53.55905984254335,241561.63,558584.97,,1,BROAD_ELEVATION
2026-06-10 16:27:00,RED_CONFIRMED,LOW,550073.2100000001,1236758.871668649,-686685.6616686488,4,0,54.72321093775546,211194.23,550073.21,,1,BROAD_ELEVATION
2026-06-10 16:28:00,RED_CONFIRMED,HIGH,1824556.84,1214082.647943457,610474.1920565432,8,0,53.00209218732658,799969.0,1679491.7899999998,275.1126602653241,1,SINGLE_LARGE_PAYMENT
2026-06-10 16:29:00,RED_CONFIRMED,LOW,1213707.13,1214082.647943457,-375.5179434570018,8,0,50.237964552301946,315341.63,1083196.1300000001,,1,BROAD_ELEVATION
2026-06-10 16:30:00,RED_CONFIRMED,LOW,55932.75,1690898.4526173812,-1634965.7026173812,1,1,53.92252811061676,55932.75,55932.75,,1,FLOW_STALL_or_OUTAGE
2026-06-10 16:31:00,RED_CONFIRMED,LOW,708444.7,1690898.4526173812,-982453.7526173813,7,0,56.85762633567873,153467.21,665724.92,,1,BROAD_ELEVATION
2026-06-10 16:32:00,RED_CONFIRMED,LOW,1048136.56,1690898.4526173812,-642761.8926173812,7,0,60.60241551445514,363728.38,943042.5099999999,,1,BROAD_ELEVATION
2026-06-10 16:33:00,RED_CONFIRMED,LOW,106194.29999999999,1690898.4526173812,-1584704.1526173812,3,0,62.24407384921431,67272.45,106194.3,,1,BROAD_ELEVATION
2026-06-10 16:34:00,RED_CONFIRMED,LOW,1106504.49,1690898.4526173812,-584393.9626173812,4,0,63.760729987323295,486354.12,1106504.49,,1,DR_CR_IMBALANCE
2026-06-10 16:35:00,RED_CONFIRMED,LOW,1391600.3,1672585.3317217447,-280985.0317217447,4,0,64.59370443990662,603706.84,1391600.3,,1,DR_CR_IMBALANCE
2026-06-10 16:36:00,RED_CONFIRMED,LOW,1048665.22,1657271.383232126,-608606.163232126,6,0,59.61551855122385,279573.17,1019517.9400000001,,1,BROAD_ELEVATION
2026-06-10 16:37:00,RED_CONFIRMED,HIGH,2414680.44,1657271.383232126,757409.0567678739,5,0,55.592115301600046,1286152.71,2414680.4400000004,318.8079702009738,1,SINGLE_LARGE_PAYMENT
2026-06-11 06:17:00,RED_CONFIRMED,LOW,0.0,163502.32967699473,-163502.32967699473,0,4,89.24154427949388,0.0,0.0,,0,FLOW_STALL_or_OUTAGE
2026-06-11 06:18:00,RED_CONFIRMED,HIGH,1254135.8900000001,163502.32967699473,1090633.5603230053,4,1,86.88379961779542,603529.8,1254135.89,114.99149995242868,1,SINGLE_LARGE_PAYMENT
2026-06-11 06:19:00,RED_CONFIRMED,LOW,0.0,163502.32967699473,-163502.32967699473,0,4,87.94528564133195,0.0,0.0,,0,FLOW_STALL_or_OUTAGE
2026-06-11 06:20:00,RED_CONFIRMED,LOW,74711.52,158813.96038700367,-84102.44038700366,2,1,86.6837569694646,43880.62,74711.52,,1,BROAD_ELEVATION
2026-06-11 06:21:00,RED_CONFIRMED,HIGH,5427906.76,158813.96038700367,5269092.799612996,2,1,87.00077938291547,5423059.35,5427906.76,103.01406648975073,1,SINGLE_LARGE_PAYMENT
2026-06-11 06:22:00,RED_CONFIRMED,HIGH,276767.89,158813.96038700367,117953.92961299635,1,1,85.57673646018549,276767.89,276767.89,234.64066937665237,1,SINGLE_LARGE_PAYMENT
2026-06-11 06:23:00,RED_CONFIRMED,LOW,83124.1,158813.96038700367,-75689.86038700366,1,1,84.71767191589176,83124.1,83124.1,,1,FLOW_STALL_or_OUTAGE
2026-06-11 06:24:00,RED_CONFIRMED,LOW,0.0,153612.3824923536,-153612.3824923536,0,3,85.432644485722,0.0,0.0,,0,FLOW_STALL_or_OUTAGE
2026-06-11 13:14:00,RED_CONFIRMED,HIGH,9359412.56,1940156.6553675658,7419255.904632434,9,2,38.96253741805654,5983731.36,9049093.82,121.9676735284185,1,SINGLE_LARGE_PAYMENT
2026-06-11 16:54:00,RED_CONFIRMED,HIGH,26921231.77,2329163.980343399,24592067.7896566,13,2,39.022474249871614,22538738.73,26112685.91,106.18336828504908,1,SINGLE_LARGE_PAYMENT
2026-06-15 06:51:00,RED_CONFIRMED,LOW,27633.95,615175.8946269721,-587541.9446269722,1,2,87.28340513938053,27633.95,27633.95,,1,FLOW_STALL_or_OUTAGE
2026-06-15 06:52:00,RED_CONFIRMED,LOW,156293.5,603383.3943985996,-447089.89439859963,4,1,85.84442727916216,66704.11,156293.5,,1,BROAD_ELEVATION
2026-06-15 06:53:00,RED_CONFIRMED,HIGH,2224142.02,598673.0928136789,1625468.927186321,8,1,84.21350367591496,1051280.91,2105473.03,129.53019247464567,1,SINGLE_LARGE_PAYMENT
2026-06-15 06:54:00,RED_CONFIRMED,HIGH,837683.27,598673.0928136789,239010.17718632112,3,1,79.16457667673632,582906.82,837683.2699999999,350.480167774187,1,SINGLE_LARGE_PAYMENT
2026-06-15 06:56:00,RED_CONFIRMED,HIGH,2046172.0499999998,598673.0928136789,1447498.9571863208,4,0,65.97876957991261,887345.09,2046172.0499999998,141.3591381079398,1,SINGLE_LARGE_PAYMENT
2026-06-15 07:23:00,RED_CONFIRMED,HIGH,1733905.49,1026885.2273701195,707020.2626298805,9,0,50.99431309138374,849257.17,1542946.4,218.23227445572098,1,SINGLE_LARGE_PAYMENT
2026-06-15 07:24:00,RED_CONFIRMED,LOW,644254.8,1034304.0088318406,-390049.20883184054,4,0,45.20577091180425,359737.17,644254.8,,1,BROAD_ELEVATION
2026-06-15 07:25:00,RED_CONFIRMED,LOW,762043.73,1034304.0088318406,-272260.2788318406,4,0,41.270334287708806,541173.08,762043.73,,1,BROAD_ELEVATION
2026-06-15 07:26:00,RED_CONFIRMED,LOW,987568.73,1026885.2273701195,-39316.497370119556,7,0,39.46171665783329,350324.32,891972.2999999999,,1,BROAD_ELEVATION
2026-06-15 12:00:00,RED_CONFIRMED,LOW,1268185.24,1602541.1460273152,-334355.9060273152,8,0,33.02796088264689,408064.42,1127508.24,,1,DR_CR_IMBALANCE
2026-06-15 12:01:00,RED_CONFIRMED,LOW,931310.8800000001,1592571.868538813,-661260.9885388128,8,0,32.2043035635731,366705.09,859445.3400000001,,1,DR_CR_IMBALANCE
2026-06-15 12:02:00,RED_CONFIRMED,LOW,944683.9299999999,1592571.868538813,-647887.938538813,6,0,31.819989955410175,534934.99,917985.01,,1,BROAD_ELEVATION
2026-06-15 12:03:00,RED_CONFIRMED,HIGH,1899655.5400000003,1592571.868538813,307083.6714611873,8,0,31.692973564873437,631327.18,1774052.28,577.7097400062265,1,SINGLE_LARGE_PAYMENT
2026-06-15 13:16:00,RED_CONFIRMED,HIGH,11737293.31,1708230.8741520445,10029062.435847957,9,2,42.96377704849876,9976295.49,11511615.010000002,114.78256400970042,1,SINGLE_LARGE_PAYMENT
2026-06-16 10:49:00,RED_CONFIRMED,HIGH,9045795.27,1779551.878533839,7266243.39146616,14,2,41.6753704195717,7216734.78,8334229.340000001,114.69791047445695,1,SINGLE_LARGE_PAYMENT
2026-06-16 13:06:00,RED_CONFIRMED,HIGH,11801866.529999997,1792140.5859140567,10009725.94408594,11,2,39.33812850641575,9405506.78,10922938.35,109.12325083638892,1,SINGLE_LARGE_PAYMENT
2026-06-16 15:59:00,RED_CONFIRMED,LOW,380084.21,803205.7541784188,-423121.54417841876,3,0,35.2859962582572,300934.19,380084.21,,1,BROAD_ELEVATION
2026-06-17 06:58:00,RED_CONFIRMED,HIGH,682450.77,615175.8946269721,67274.87537302787,4,1,86.13780203232245,580791.55,682450.7700000001,1014.4214555819322,1,SINGLE_LARGE_PAYMENT
2026-06-17 06:59:00,RED_CONFIRMED,LOW,425174.16,615175.8946269721,-190001.73462697217,1,1,84.46866235567343,425174.16,425174.16,,1,FLOW_STALL_or_OUTAGE
2026-06-17 07:00:00,RED_CONFIRMED,LOW,461213.24,745994.5977388816,-284781.3577388816,4,1,82.66125093009629,173789.64,461213.23999999993,,1,BROAD_ELEVATION
2026-06-17 07:01:00,RED_CONFIRMED,HIGH,1345004.69,745994.5977388816,599010.0922611183,5,1,78.5005991731807,971125.9,1345004.69,224.53790134368728,1,SINGLE_LARGE_PAYMENT
2026-06-17 13:24:00,RED_CONFIRMED,HIGH,10861277.290000001,1705531.1966799065,9155746.093320094,6,2,39.38286349578405,8841199.07,10776102.780000001,117.69770229716283,1,SINGLE_LARGE_PAYMENT
2026-06-17 16:25:00,RED_CONFIRMED,HIGH,6131942.05,1010024.8479994549,5121917.202000545,8,0,44.6831824497822,1926403.58,5866316.569999999,114.53360799562911,1,SINGLE_LARGE_PAYMENT
2026-06-17 16:26:00,RED_CONFIRMED,LOW,607416.8,1010024.8479994549,-402608.0479994549,3,0,40.940981255227435,383706.0,607416.8,,1,DR_CR_IMBALANCE
2026-06-17 16:27:00,RED_CONFIRMED,LOW,758967.79,1005579.9530030383,-246612.16300303827,5,0,38.11565626139125,329317.83,758967.7899999999,,1,BROAD_ELEVATION
2026-06-17 16:28:00,RED_CONFIRMED,HIGH,1910251.9300000002,1005579.9530030383,904671.9769969619,7,0,34.36817320845003,625365.78,1842209.3099999998,203.6328477991738,1,SINGLE_LARGE_PAYMENT
2026-06-17 16:29:00,RED_CONFIRMED,LOW,917211.1600000001,1005579.9530030383,-88368.79300303815,4,0,33.47662861769885,605101.43,917211.16,,1,DR_CR_IMBALANCE
2026-06-17 16:30:00,RED_CONFIRMED,HIGH,1689641.9899999998,1305042.4507509905,384599.5392490092,7,0,33.76620958776333,845591.2,1624929.0899999999,422.49896949250854,1,SINGLE_LARGE_PAYMENT
2026-06-17 16:31:00,RED_CONFIRMED,HIGH,5808530.47,1305042.4507509905,4503488.019249009,10,0,36.25799224778536,1443795.13,4871532.84,108.17243921107101,1,SINGLE_LARGE_PAYMENT
2026-06-17 16:32:00,RED_CONFIRMED,LOW,416071.98,1305042.4507509905,-888970.4707509906,4,0,36.50830809643654,305439.35,416071.98,,1,DR_CR_IMBALANCE
2026-06-17 16:33:00,RED_CONFIRMED,HIGH,6073817.42,1305042.4507509905,4768774.969249009,10,0,38.73466282103002,5020453.82,5884006.780000001,123.38612784084924,1,SINGLE_LARGE_PAYMENT
2026-06-18 06:59:00,RED_CONFIRMED,LOW,433527.15,617268.4567891159,-183741.3067891159,4,1,78.39178113114372,264177.02,433527.15,,1,BROAD_ELEVATION
2026-06-18 07:01:00,RED_CONFIRMED,LOW,375576.22000000003,779755.5741912546,-404179.35419125453,4,0,64.30993119440295,190853.84,375576.22,,1,BROAD_ELEVATION
2026-06-18 07:02:00,RED_CONFIRMED,LOW,239826.82,760273.2858226381,-520446.46582263807,3,0,61.231547089854296,142129.73,239826.82,,1,DR_CR_IMBALANCE
2026-06-18 07:03:00,RED_CONFIRMED,LOW,138840.14,745986.4318236628,-607146.2918236628,3,0,61.04067880102843,63483.51,138840.14,,1,BROAD_ELEVATION
2026-06-18 08:22:00,RED_CONFIRMED,HIGH,16474583.510000002,1664421.2350647675,14810162.274935234,12,1,40.64487914471565,14802342.96,15996759.91,108.01205019254223,1,SINGLE_LARGE_PAYMENT
2026-06-18 14:52:00,RED_CONFIRMED,HIGH,14279016.08,1365573.4234418753,12913442.656558124,6,2,38.469333351853045,11480533.35,14235706.440000001,110.23943667547368,1,SINGLE_LARGE_PAYMENT
2026-06-18 17:29:00,RED_CONFIRMED,HIGH,13774283.41,2326088.0562735647,11448195.353726435,12,2,41.72266546155723,12655727.14,13491055.46,117.84438545249498,1,SINGLE_LARGE_PAYMENT
2026-06-18 17:39:00,RED_CONFIRMED,HIGH,11114042.34,2120291.969940865,8993750.370059134,16,2,39.43753735550814,7850979.35,10094573.819999998,112.23987107320197,1,SINGLE_LARGE_PAYMENT
2026-06-19 06:32:00,RED_CONFIRMED,HIGH,1115295.62,353148.67234492395,762146.9476550762,1,1,81.58762498297067,1115295.62,1115295.62,146.3360344657246,1,SINGLE_LARGE_PAYMENT
2026-06-22 13:21:00,RED_CONFIRMED,HIGH,7703267.54,1723402.354371286,5979865.185628714,7,2,41.739135759640135,5585387.76,7573183.459999999,126.64471898464322,1,SINGLE_LARGE_PAYMENT
2026-06-23 07:00:00,RED_CONFIRMED,HIGH,827508.41,757676.7535552954,69831.65644470463,6,0,45.16936522322959,282420.84,795758.9600000001,1139.539000668146,1,SINGLE_LARGE_PAYMENT
2026-06-23 07:01:00,RED_CONFIRMED,LOW,136127.78,760700.0298549501,-624572.2498549501,3,0,43.09442222589098,68393.15,136127.78,,1,BROAD_ELEVATION
2026-06-23 17:10:00,RED_CONFIRMED,HIGH,13267510.32,2092084.7653889337,11175425.554611066,7,2,39.01099060696213,11048183.16,13189635.37,118.02356255290746,1,SINGLE_LARGE_PAYMENT
2026-06-24 17:52:00,RED_CONFIRMED,LOW,974112.27,1182783.5880219783,-208671.31802197825,10,0,38.31706230702233,318362.01,791001.2999999999,,1,BROAD_ELEVATION
2026-06-24 17:53:00,RED_CONFIRMED,LOW,275336.29000000004,1169162.375775142,-893826.0857751421,3,0,39.65177004104641,117354.74,275336.29,,1,BROAD_ELEVATION
2026-06-24 17:54:00,RED_CONFIRMED,HIGH,1656661.13,1169162.375775142,487498.7542248578,10,0,38.80594365802881,403558.15,1380276.03,283.13426814693986,1,SINGLE_LARGE_PAYMENT
2026-06-24 17:55:00,RED_CONFIRMED,LOW,208534.59999999998,1182783.5880219783,-974248.9880219783,2,0,42.85280992218433,168874.99,208534.59999999998,,1,BROAD_ELEVATION
2026-06-25 06:39:00,RED_CONFIRMED,HIGH,1826579.7000000002,338867.55178301793,1487712.1482169824,4,0,48.59052553546797,764272.74,1826579.7,122.77776330516284,1,SINGLE_LARGE_PAYMENT
2026-06-26 06:39:00,RED_CONFIRMED,LOW,279794.64,346120.1097786561,-66325.46977865609,3,0,48.700913065497126,224281.75,279794.64,,1,DR_CR_IMBALANCE
2026-06-26 06:40:00,RED_CONFIRMED,LOW,276237.54,346120.1097786561,-69882.56977865612,4,0,46.32949478078847,142854.84,276237.54,,1,BROAD_ELEVATION
2026-06-26 06:41:00,RED_CONFIRMED,LOW,128513.25,340883.5620858301,-212370.31208583008,2,0,44.48198228677082,106227.08,128513.25,,1,BROAD_ELEVATION
2026-06-26 06:42:00,RED_CONFIRMED,HIGH,1913801.14,338867.55178301793,1574933.5882169819,1,0,42.95596962167857,1913801.14,1913801.14,121.51630737437364,1,SINGLE_LARGE_PAYMENT
2026-06-26 06:43:00,RED_CONFIRMED,HIGH,1025148.02,338867.55178301793,686280.4682169821,3,0,42.20811311121704,832666.62,1025148.02,149.37741455230776,1,SINGLE_LARGE_PAYMENT
2026-06-26 06:44:00,RED_CONFIRMED,LOW,90995.58,340883.5620858301,-249887.98208583007,1,0,41.597001166582466,90995.58,90995.58,,1,FLOW_STALL_or_OUTAGE
2026-06-26 15:41:00,RED_CONFIRMED,HIGH,10453456.170000002,1015868.3156320493,9437587.854367953,13,2,39.18869467958742,6767404.87,9653706.67,102.28997937785577,1,SINGLE_LARGE_PAYMENT
2026-06-26 16:49:00,RED_CONFIRMED,HIGH,17695338.67,1989816.064332636,15705522.605667366,7,2,39.140897397304464,17049080.85,17614378.020000003,112.15403945643823,1,SINGLE_LARGE_PAYMENT
2026-06-29 06:32:00,RED_CONFIRMED,HIGH,408837.9,336775.77938614483,72062.1206138552,5,1,85.5415338368111,128736.2,408837.9,567.3409226891304,1,SINGLE_LARGE_PAYMENT
2026-06-29 06:33:00,RED_CONFIRMED,HIGH,1881677.16,338867.55178301793,1542809.6082169819,3,1,84.43515942396866,753601.05,1881677.1600000001,121.96431432486644,1,SINGLE_LARGE_PAYMENT
2026-06-29 06:34:00,RED_CONFIRMED,HIGH,1239905.87,338867.55178301793,901038.3182169822,4,1,82.16341310832107,884265.54,1239905.8699999999,137.60856169286842,1,SINGLE_LARGE_PAYMENT
2026-06-29 06:35:00,RED_CONFIRMED,HIGH,1512731.48,338867.55178301793,1173863.9282169822,8,1,79.17876397551066,788384.37,1399695.44,119.23830406187199,1,SINGLE_LARGE_PAYMENT
2026-06-29 06:36:00,RED_CONFIRMED,HIGH,2287963.7,338867.55178301793,1949096.1482169824,7,1,76.61494622606905,1523539.54,2243857.89,115.12299647468205,1,SINGLE_LARGE_PAYMENT
2026-06-29 06:39:00,RED_CONFIRMED,HIGH,1050251.55,338867.55178301793,711383.9982169821,5,0,66.96811572898679,400940.5,1050251.5499999998,147.6349696693147,1,SINGLE_LARGE_PAYMENT
2026-06-29 06:40:00,RED_CONFIRMED,HIGH,1324278.71,340883.5620858301,983395.1479141698,5,0,64.89429136856758,1018971.56,1324278.71,134.66394590301377,1,SINGLE_LARGE_PAYMENT
2026-06-29 06:41:00,RED_CONFIRMED,HIGH,1630581.24,346120.1097786561,1284461.1302213438,8,0,62.85703575837963,509343.21,1446462.7700000003,112.61242056820666,1,SINGLE_LARGE_PAYMENT
2026-06-29 06:42:00,RED_CONFIRMED,HIGH,2108899.49,352544.89396941144,1756354.5960305887,6,0,60.746370756002186,1176616.59,2068117.7200000002,117.75057979032282,1,SINGLE_LARGE_PAYMENT
2026-06-29 06:43:00,RED_CONFIRMED,HIGH,538724.18,352544.89396941144,186179.2860305886,6,0,58.49335400495253,157763.67,518007.24,278.23032897166297,1,SINGLE_LARGE_PAYMENT
2026-06-29 06:44:00,RED_CONFIRMED,HIGH,1035957.7100000001,352544.89396941144,683412.8160305887,7,0,55.734616555799924,475121.15,1000933.1900000001,146.46099202728436,1,SINGLE_LARGE_PAYMENT
2026-06-29 06:45:00,RED_CONFIRMED,HIGH,2979823.85,571268.182376386,2408555.667623614,3,0,54.93597859388556,2645843.17,2979823.85,123.71828851853046,1,SINGLE_LARGE_PAYMENT
2026-06-29 06:46:00,RED_CONFIRMED,HIGH,897746.62,571268.182376386,326478.437623614,5,0,53.363310715886804,470761.74,897746.6200000001,274.978839807786,1,SINGLE_LARGE_PAYMENT
2026-06-29 06:47:00,RED_CONFIRMED,HIGH,824546.74,575681.8506377387,248864.88936226128,4,0,52.01319384778194,563442.55,824546.74,331.3230492710223,1,SINGLE_LARGE_PAYMENT
2026-06-29 06:48:00,RED_CONFIRMED,HIGH,835262.52,580852.0330506415,254410.48694935848,4,0,48.77308733591591,406746.48,835262.52,328.31292845497467,1,SINGLE_LARGE_PAYMENT
2026-06-29 06:49:00,RED_CONFIRMED,LOW,555229.51,598634.2533193767,-43404.74331937672,5,0,46.095325300427525,180886.6,555229.5099999999,,1,BROAD_ELEVATION
2026-06-29 09:57:00,RED_CONFIRMED,HIGH,13966859.04,2856973.6840734594,11109885.35592654,26,2,47.18633266333501,7510393.49,11319758.25,101.88906444440944,1,SINGLE_LARGE_PAYMENT
2026-06-29 17:19:00,RED_CONFIRMED,HIGH,39161608.169999994,2322233.0735424343,36839375.09645756,18,3,62.24933611118874,36733564.96,38036123.31999999,103.24855733955572,1,SINGLE_LARGE_PAYMENT
2026-06-30 06:39:00,RED_CONFIRMED,LOW,180259.78,407625.6878884681,-227365.9078884681,2,0,44.171945331750116,133405.8,180259.78,,1,BROAD_ELEVATION
2026-06-30 06:40:00,RED_CONFIRMED,LOW,300328.92,390831.5337857218,-90502.61378572183,4,0,43.04250072715075,140632.93,300328.92000000004,,1,BROAD_ELEVATION
2026-06-30 06:41:00,RED_CONFIRMED,LOW,295607.79000000004,390831.5337857218,-95223.74378572177,3,0,42.91395530447756,147766.41,295607.79,,1,DR_CR_IMBALANCE
2026-06-30 06:42:00,RED_CONFIRMED,HIGH,475225.64,374742.55198941316,100483.08801058686,2,0,41.97786073147709,253481.27,475225.64,472.94091912255965,1,SINGLE_LARGE_PAYMENT
2026-06-30 06:43:00,RED_CONFIRMED,HIGH,561554.8300000001,374742.55198941316,186812.27801058692,7,0,39.08311519227406,155277.11,518681.98,277.64876352003245,1,SINGLE_LARGE_PAYMENT
2026-06-30 12:19:00,RED_CONFIRMED,HIGH,9364426.530000001,1572077.3160269856,7792349.213973016,16,2,40.50920982917078,3339808.73,7899845.859999999,101.37951525368271,1,SINGLE_LARGE_PAYMENT
2026-06-30 12:40:00,RED_CONFIRMED,HIGH,24480880.709999997,1880781.538003296,22600099.1719967,18,3,47.4428718004634,22385811.4,23431971.49,103.68083481259256,1,SINGLE_LARGE_PAYMENT
2026-07-01 09:16:00,RED_CONFIRMED,HIGH,17307665.14,2572555.603133433,14735109.536866568,11,1,47.25758677328952,13438085.26,16359270.11,111.02238547375475,1,SINGLE_LARGE_PAYMENT
2026-07-01 11:25:00,RED_CONFIRMED,HIGH,7365266.039999999,1182341.761360496,6182924.278639503,8,2,41.82443091101789,6177382.6,7097389.479999999,114.79017306616144,1,SINGLE_LARGE_PAYMENT
2026-07-01 12:10:00,RED_CONFIRMED,HIGH,2779088.61,1420582.5796348955,1358506.0303651043,6,1,86.40571497103114,2341040.01,2747023.63,202.20915981224798,1,SINGLE_LARGE_PAYMENT
2026-07-01 12:11:00,RED_CONFIRMED,LOW,369787.36,1420582.5796348955,-1050795.2196348957,3,1,84.66730411062603,235942.11,369787.36,,1,DR_CR_IMBALANCE
2026-07-01 12:12:00,RED_CONFIRMED,LOW,1329063.4500000002,1395678.4208524956,-66614.9708524954,7,1,83.86295878304612,554497.56,1272268.15,,1,BROAD_ELEVATION
2026-07-01 12:13:00,RED_CONFIRMED,LOW,263453.26,1359317.981247624,-1095864.721247624,5,1,83.59353160729025,164262.79,263453.26,,1,BROAD_ELEVATION
2026-07-01 12:14:00,RED_CONFIRMED,HIGH,2070915.75,1313407.200453954,757508.549546046,10,1,81.16218321944622,459991.11,1693365.22,223.54404065997505,1,SINGLE_LARGE_PAYMENT
2026-07-01 12:15:00,RED_CONFIRMED,LOW,1231350.5699999998,1580209.7828983972,-348859.21289839735,4,1,78.08710289741192,915850.6,1231350.5699999998,,1,DR_CR_IMBALANCE
2026-07-01 12:16:00,RED_CONFIRMED,LOW,842872.13,1580209.7828983972,-737337.6528983972,5,1,74.52880671445752,351714.31,842872.1300000001,,1,BROAD_ELEVATION
2026-07-01 12:17:00,RED_CONFIRMED,LOW,610861.46,1572077.3160269856,-961215.8560269857,8,1,73.84768731647235,188250.05,503065.13,,1,DR_CR_IMBALANCE
2026-07-01 12:18:00,RED_CONFIRMED,LOW,978920.53,1564167.6010641498,-585247.0710641497,8,1,73.38976938532424,228240.16,789774.78,,1,BROAD_ELEVATION
2026-07-02 10:30:00,RED_CONFIRMED,HIGH,16106756.579999998,2214958.0029521333,13891798.577047866,11,2,40.73773126687518,14189780.86,15765627.180000002,113.4887400832898,1,SINGLE_LARGE_PAYMENT
2026-07-02 13:48:00,RED_CONFIRMED,HIGH,23540480.67,1842658.619114658,21697822.050885342,8,2,41.3097480142889,16228336.79,23463824.729999997,108.13907808338116,1,SINGLE_LARGE_PAYMENT
2026-07-03 16:18:00,RED_CONFIRMED,HIGH,2860106.91,1026890.8848150849,1833216.0251849154,7,1,85.8336752545113,2447012.33,2820886.8899999997,153.87640361235978,1,SINGLE_LARGE_PAYMENT
2026-07-03 16:19:00,RED_CONFIRMED,HIGH,1163869.26,1048413.642795534,115455.61720446602,8,1,81.2837277921341,335864.5,1078245.47,933.9047298932906,1,SINGLE_LARGE_PAYMENT
2026-07-03 16:20:00,RED_CONFIRMED,LOW,635911.27,1048413.642795534,-412502.372795534,10,1,77.29515230911413,232589.37,504392.36,,1,BROAD_ELEVATION
2026-07-07 06:33:00,RED_CONFIRMED,LOW,0.0,476361.9065936487,-476361.9065936487,0,4,82.04166674233619,0.0,0.0,,0,FLOW_STALL_or_OUTAGE
2026-07-07 06:34:00,RED_CONFIRMED,LOW,275279.74,476361.9065936487,-201082.16659364873,3,1,83.29646043611108,197285.18,275279.74,,1,DR_CR_IMBALANCE
2026-07-07 06:35:00,RED_CONFIRMED,LOW,291759.88,474877.1322107845,-183117.25221078447,1,1,85.60440853184063,291759.88,291759.88,,1,FLOW_STALL_or_OUTAGE
2026-07-07 06:36:00,RED_CONFIRMED,LOW,0.0,474877.1322107845,-474877.1322107845,0,4,85.60540724018942,0.0,0.0,,0,FLOW_STALL_or_OUTAGE
2026-07-07 06:37:00,RED_CONFIRMED,LOW,380729.54,474877.1322107845,-94147.5922107845,5,1,85.46716764266621,124377.83,380729.5399999999,,1,BROAD_ELEVATION
2026-07-07 06:38:00,RED_CONFIRMED,LOW,237261.97999999998,474877.1322107845,-237615.1522107845,3,1,86.30069365115976,109965.42,237261.97999999998,,1,DR_CR_IMBALANCE
2026-07-07 06:39:00,RED_CONFIRMED,HIGH,511131.83999999997,458309.97283365426,52821.867166345706,3,1,83.50989491096298,274942.8,511131.84,967.651973358595,1,SINGLE_LARGE_PAYMENT
2026-07-07 07:28:00,RED_CONFIRMED,LOW,770345.71,1009704.1767737321,-239358.4667737321,4,0,37.32656958278548,660466.6,770345.71,,1,DR_CR_IMBALANCE
2026-07-07 07:29:00,RED_CONFIRMED,HIGH,1096208.62,1009704.1767737321,86504.44322626805,6,0,34.764435419767,603011.53,1090250.7699999998,1260.340774806505,1,SINGLE_LARGE_PAYMENT
2026-07-07 07:30:00,RED_CONFIRMED,LOW,174851.33000000002,1333773.8549528879,-1158922.5249528878,2,0,38.42567212362044,116639.52,174851.33000000002,,1,DR_CR_IMBALANCE
2026-07-07 07:31:00,RED_CONFIRMED,LOW,1134681.3900000001,1300436.8035744028,-165755.4135744027,7,0,37.023219865967356,423534.19,1044878.9400000001,,1,BROAD_ELEVATION
2026-07-07 07:32:00,RED_CONFIRMED,HIGH,1498835.05,1300436.8035744028,198398.24642559723,7,0,36.959720046478516,798048.68,1414340.2800000003,712.8794258423056,1,SINGLE_LARGE_PAYMENT
2026-07-07 07:33:00,RED_CONFIRMED,LOW,238567.55,1333773.8549528879,-1095206.3049528878,2,0,35.0317524932814,205393.37,238567.55,,1,DR_CR_IMBALANCE
2026-07-07 07:34:00,RED_CONFIRMED,LOW,253207.83999999997,1333773.8549528879,-1080566.0149528878,3,0,38.07462008086376,130753.54,253207.83999999997,,1,DR_CR_IMBALANCE
2026-07-07 07:35:00,RED_CONFIRMED,LOW,353934.47,1300436.8035744028,-946502.3335744028,3,0,39.8867464098821,184325.78,353934.47,,1,BROAD_ELEVATION
2026-07-07 07:36:00,RED_CONFIRMED,HIGH,2117892.52,1300436.8035744028,817455.7164255972,7,0,37.772307704261635,786054.21,2060870.1199999999,252.10786084062758,1,SINGLE_LARGE_PAYMENT
2026-07-07 07:37:00,RED_CONFIRMED,LOW,149302.39,1333773.8549528879,-1184471.464952888,2,0,40.36385029272603,114068.46,149302.39,,1,BROAD_ELEVATION
2026-07-07 07:38:00,RED_CONFIRMED,HIGH,1853313.86,1333773.8549528879,519540.00504711224,5,0,39.12525913131314,999324.15,1853313.8599999999,356.72206990719417,1,SINGLE_LARGE_PAYMENT
2026-07-07 07:39:00,RED_CONFIRMED,HIGH,2082164.48,1358186.8385982024,723977.6414017975,8,0,38.486618624474254,1052909.5,1828613.3299999998,252.57870207971584,1,SINGLE_LARGE_PAYMENT
2026-07-07 07:40:00,RED_CONFIRMED,LOW,657103.76,1388863.9398091452,-731760.1798091452,3,0,33.489440554894536,382935.62,657103.76,,1,BROAD_ELEVATION
2026-07-07 07:41:00,RED_CONFIRMED,LOW,703422.53,1388863.9398091452,-685441.4098091451,6,0,33.25036429869485,176626.32,646960.66,,1,BROAD_ELEVATION
2026-07-07 07:42:00,RED_CONFIRMED,LOW,893681.6699999999,1388863.9398091452,-495182.26980914525,6,0,33.55872447964816,275370.95,816603.8400000001,,1,BROAD_ELEVATION
2026-07-07 07:43:00,RED_CONFIRMED,LOW,1128548.31,1358186.8385982024,-229638.5285982024,8,0,32.417950865719426,472967.63,975342.17,,1,BROAD_ELEVATION
2026-07-07 07:44:00,RED_CONFIRMED,LOW,1122097.42,1358186.8385982024,-236089.41859820252,4,0,32.48391299386293,730728.25,1122097.4200000002,,1,DR_CR_IMBALANCE
2026-07-07 07:45:00,RED_CONFIRMED,HIGH,1965028.8900000001,1659624.9629831202,305403.9270168799,10,0,31.71804982337204,638942.77,1801405.48,589.8435876695308,1,SINGLE_LARGE_PAYMENT
2026-07-07 07:46:00,RED_CONFIRMED,LOW,667897.71,1659624.9629831202,-991727.2529831203,4,0,33.91556136053242,362567.77,667897.7100000001,,1,DR_CR_IMBALANCE
2026-07-07 07:47:00,RED_CONFIRMED,LOW,881415.0700000001,1638488.1518530217,-757073.0818530216,4,0,34.23866569235363,350082.23,881415.0700000001,,1,DR_CR_IMBALANCE
2026-07-07 07:48:00,RED_CONFIRMED,HIGH,1975012.59,1638488.1518530217,336524.4381469784,12,0,35.021736718318415,719014.86,1434124.85,426.1577132100108,1,SINGLE_LARGE_PAYMENT
2026-07-07 07:49:00,RED_CONFIRMED,HIGH,2108056.38,1659624.9629831202,448431.41701687966,12,0,33.58819650327699,679743.63,1760165.0,392.51598643761946,1,SINGLE_LARGE_PAYMENT
2026-07-07 11:47:00,RED_CONFIRMED,LOW,506386.33999999997,1524263.210653683,-1017876.870653683,8,0,51.585362930248245,208211.34,417708.09,,1,BROAD_ELEVATION
2026-07-07 11:48:00,RED_CONFIRMED,HIGH,3315601.3899999997,1524263.210653683,1791338.1793463167,5,0,49.540882155236126,2390963.34,3315601.3899999997,185.09075663255874,1,SINGLE_LARGE_PAYMENT
2026-07-07 11:49:00,RED_CONFIRMED,LOW,1203826.16,1534988.4691167146,-331162.30911671463,9,0,48.01145223087033,711687.45,1136863.0999999999,,1,DR_CR_IMBALANCE
2026-07-07 11:50:00,RED_CONFIRMED,LOW,1402636.62,1534988.4691167146,-132351.84911671444,5,0,43.80020049135117,462926.09,1402636.62,,1,BROAD_ELEVATION
2026-07-07 15:34:00,RED_CONFIRMED,LOW,730683.6599999999,1022365.630958288,-291681.97095828806,4,0,33.60270053171477,276288.94,730683.6599999999,,1,BROAD_ELEVATION
2026-07-07 15:35:00,RED_CONFIRMED,HIGH,1974131.09,1022365.630958288,951765.4590417121,8,0,33.45850955222321,970542.02,1933527.5799999998,203.15168633528452,1,SINGLE_LARGE_PAYMENT
2026-07-07 15:36:00,RED_CONFIRMED,HIGH,2480346.0500000003,1028461.0044958445,1451885.0455041558,4,0,34.26016810389192,1241396.3,2480346.0500000003,170.8362557821318,1,SINGLE_LARGE_PAYMENT
2026-07-07 15:37:00,RED_CONFIRMED,LOW,735464.01,1035269.0439790076,-299805.0339790076,6,0,33.23591356850579,409508.99,716218.94,,1,BROAD_ELEVATION
2026-07-07 15:38:00,RED_CONFIRMED,LOW,395514.24,1028461.0044958445,-632946.7644958445,3,0,32.56383140846206,235245.4,395514.24,,1,BROAD_ELEVATION
2026-07-07 15:39:00,RED_CONFIRMED,LOW,73510.4,1022365.630958288,-948855.230958288,2,1,39.74268585983982,56615.0,73510.4,,1,BROAD_ELEVATION
2026-07-07 15:40:00,RED_CONFIRMED,LOW,851454.8,1019104.2635956084,-167649.46359560837,4,0,42.00246180543092,571085.28,851454.8,,1,BROAD_ELEVATION
2026-07-07 15:41:00,RED_CONFIRMED,LOW,519119.89,1009417.8536146559,-490297.9636146559,7,0,44.26036570814019,229216.63,492414.13,,1,BROAD_ELEVATION
2026-07-07 15:42:00,RED_CONFIRMED,LOW,374120.83,1009417.8536146559,-635297.023614656,4,0,38.86847003023849,137515.42,374120.8300000001,,1,BROAD_ELEVATION
2026-07-07 15:43:00,RED_CONFIRMED,LOW,701962.06,1009417.8536146559,-307455.79361465585,2,0,40.876444611093966,427658.21,701962.06,,1,DR_CR_IMBALANCE
2026-07-07 15:44:00,RED_CONFIRMED,HIGH,1758051.95,995265.8851255684,762786.0648744316,3,0,40.44988632443698,1561062.31,1758051.95,230.4777225170477,1,SINGLE_LARGE_PAYMENT
2026-07-07 15:45:00,RED_CONFIRMED,LOW,189120.09,887227.6467804388,-698107.5567804389,3,0,39.88530243841725,124242.25,189120.09,,1,BROAD_ELEVATION
2026-07-07 15:46:00,RED_CONFIRMED,HIGH,3275094.53,887227.6467804388,2387866.883219561,2,0,38.62628231088643,2975748.98,3275094.53,137.15565775526773,1,SINGLE_LARGE_PAYMENT
2026-07-07 15:47:00,RED_CONFIRMED,HIGH,1761491.3699999999,896131.0682514579,865360.301748542,8,0,37.500054064052144,698288.96,1609605.6999999997,186.00410681511966,1,SINGLE_LARGE_PAYMENT
2026-07-07 15:48:00,RED_CONFIRMED,HIGH,1338279.17,900737.491988648,437541.67801135196,8,0,35.01890976732704,247156.79,997454.86,227.96796513956807,1,SINGLE_LARGE_PAYMENT
2026-07-07 15:49:00,RED_CONFIRMED,LOW,717657.8300000001,911521.694055427,-193863.8640554269,2,0,33.10980922734237,608370.93,717657.8300000001,,1,BROAD_ELEVATION
2026-07-07 16:10:00,RED_CONFIRMED,LOW,612772.78,1001088.8605653958,-388316.08056539577,4,0,33.48191408613718,225324.51,612772.78,,1,DR_CR_IMBALANCE
2026-07-08 09:45:00,RED_CONFIRMED,HIGH,38043850.349999994,2697057.451985934,35346792.89801406,14,1,53.69352673474242,35817456.65,37259767.379999995,105.41201711709867,1,SINGLE_LARGE_PAYMENT
2026-07-08 14:43:00,RED_CONFIRMED,LOW,884496.1699999999,1733283.720978202,-848787.5509782021,3,1,78.33291305864047,411288.67,884496.1699999999,,1,BROAD_ELEVATION
2026-07-08 14:47:00,RED_CONFIRMED,LOW,637475.55,1451996.1830342286,-814520.6330342286,5,1,80.89388258992817,223540.95,637475.55,,1,BROAD_ELEVATION
2026-07-08 14:48:00,RED_CONFIRMED,LOW,619585.4099999999,1451996.1830342286,-832410.7730342287,4,1,82.11427945418421,477344.23,619585.4099999999,,1,BROAD_ELEVATION
2026-07-08 14:49:00,RED_CONFIRMED,LOW,656056.71,1451996.1830342286,-795939.4730342287,6,1,79.66283523058782,423391.38,648449.96,,1,BROAD_ELEVATION
2026-07-08 15:15:00,RED_CONFIRMED,LOW,756743.12,958578.5211063935,-201835.40110639355,6,1,83.90387006918954,319641.48,749531.0499999999,,1,BROAD_ELEVATION
2026-07-08 15:39:00,RED_CONFIRMED,HIGH,1576539.1500000001,978688.8188366914,597850.3311633087,3,1,85.09253844268697,1228793.76,1576539.1500000001,263.701309144103,1,SINGLE_LARGE_PAYMENT
2026-07-08 15:40:00,RED_CONFIRMED,LOW,336028.68,978688.8188366914,-642660.1388366914,3,1,82.77356899506651,295616.81,336028.68,,1,DR_CR_IMBALANCE
2026-07-08 15:41:00,RED_CONFIRMED,HIGH,2691373.28,978688.8188366914,1712684.4611633085,2,1,81.77531660791169,2599961.96,2691373.28,157.1435568564647,1,SINGLE_LARGE_PAYMENT
2026-07-08 15:42:00,RED_CONFIRMED,LOW,74723.53,985148.2078181138,-910424.6778181138,1,1,83.17793646525989,74723.53,74723.53,,1,FLOW_STALL_or_OUTAGE
2026-07-08 15:43:00,RED_CONFIRMED,LOW,133936.49,978688.8188366914,-844752.3288366914,2,1,83.74185353787641,97355.69,133936.49,,1,BROAD_ELEVATION
2026-07-08 15:44:00,RED_CONFIRMED,HIGH,5604785.0,978688.8188366914,4626096.181163308,4,1,82.87230658055223,3876059.58,5604785.0,121.15582513873684,1,SINGLE_LARGE_PAYMENT
2026-07-09 06:17:00,RED_CONFIRMED,HIGH,214474.91,208530.20107026433,5944.708929735672,2,1,85.6103709053213,125486.31,214474.91,3607.828617599558,1,SINGLE_LARGE_PAYMENT
2026-07-09 06:18:00,RED_CONFIRMED,LOW,87685.9,208530.20107026433,-120844.30107026434,1,1,85.32313317593544,87685.9,87685.9,,1,FLOW_STALL_or_OUTAGE
2026-07-09 06:19:00,RED_CONFIRMED,HIGH,609237.21,208530.20107026433,400707.00892973563,3,1,85.10858972168505,350890.6,609237.21,152.04056740291017,1,SINGLE_LARGE_PAYMENT
2026-07-09 06:20:00,RED_CONFIRMED,LOW,0.0,213655.37925154922,-213655.37925154922,0,4,86.33602773521523,0.0,0.0,,0,FLOW_STALL_or_OUTAGE
2026-07-09 06:21:00,RED_CONFIRMED,LOW,202143.08,213655.37925154922,-11512.299251549237,1,1,86.33112943744948,202143.08,202143.08,,1,FLOW_STALL_or_OUTAGE
2026-07-09 06:22:00,RED_CONFIRMED,HIGH,579245.3400000001,213655.37925154922,365589.96074845083,2,1,86.22269954786418,370684.15,579245.3400000001,158.44125993343613,1,SINGLE_LARGE_PAYMENT
2026-07-09 06:23:00,RED_CONFIRMED,LOW,129888.58,214935.8347192089,-85047.25471920891,1,1,84.51572684105184,129888.58,129888.58,,1,FLOW_STALL_or_OUTAGE
2026-07-09 06:24:00,RED_CONFIRMED,HIGH,651937.28,213655.37925154922,438281.9007484508,1,1,83.59092837533161,651937.28,651937.28,148.74839204783302,1,SINGLE_LARGE_PAYMENT
2026-07-09 06:25:00,RED_CONFIRMED,HIGH,458483.21,214935.8347192089,243547.3752807911,4,1,82.86555828404514,368477.38,458483.21,188.25216632755934,1,SINGLE_LARGE_PAYMENT
2026-07-09 06:26:00,RED_CONFIRMED,HIGH,253410.28,219374.93210471503,34035.34789528497,1,1,82.42417799019991,253410.28,253410.28,744.5502857195879,1,SINGLE_LARGE_PAYMENT
2026-07-09 06:27:00,RED_CONFIRMED,LOW,0.0,219374.93210471503,-219374.93210471503,0,3,84.56594365803058,0.0,0.0,,0,FLOW_STALL_or_OUTAGE
2026-07-09 06:28:00,RED_CONFIRMED,LOW,75377.84,219374.93210471503,-143997.09210471503,1,1,83.2956163703434,75377.84,75377.84,,1,FLOW_STALL_or_OUTAGE
2026-07-09 06:29:00,RED_CONFIRMED,HIGH,564107.8200000001,214935.8347192089,349171.9852807912,4,1,80.56288967078886,190268.79,564107.8200000001,161.55586466834256,1,SINGLE_LARGE_PAYMENT
2026-07-09 09:13:00,RED_CONFIRMED,HIGH,14980561.56,2731404.045393452,12249157.514606548,10,1,38.19323554707625,13968485.49,14789296.85,120.73725750007259,1,SINGLE_LARGE_PAYMENT
2026-07-09 15:43:00,RED_CONFIRMED,HIGH,1568140.25,985148.2078181138,582992.0421818862,5,0,33.01611259533622,948013.7,1568140.25,268.98141596086487,1,SINGLE_LARGE_PAYMENT
2026-07-09 15:44:00,RED_CONFIRMED,LOW,762830.77,985148.2078181138,-222317.43781811383,4,0,32.04978447928479,350310.21,762830.77,,1,DR_CR_IMBALANCE
2026-07-09 15:45:00,RED_CONFIRMED,LOW,358751.92000000004,905090.8189746984,-546338.8989746984,4,0,31.62039785450052,179959.19,358751.92,,1,DR_CR_IMBALANCE
2026-07-09 15:46:00,RED_CONFIRMED,LOW,578953.36,900737.491988648,-321784.131988648,4,0,31.745338427379494,254546.75,578953.3600000001,,1,DR_CR_IMBALANCE
2026-07-09 15:47:00,RED_CONFIRMED,HIGH,1323030.06,896131.0682514579,426898.9917485422,4,0,30.855341802134777,814323.69,1323030.06,309.91641713206695,1,SINGLE_LARGE_PAYMENT
2026-07-09 15:48:00,RED_CONFIRMED,LOW,570744.27,900737.491988648,-329993.22198864794,4,0,29.899885986243532,418848.54,570744.27,,1,BROAD_ELEVATION
2026-07-09 15:49:00,RED_CONFIRMED,HIGH,960537.7000000001,896131.0682514579,64406.63174854219,3,0,29.715645077275653,691007.05,960537.7,1491.3645907616356,1,SINGLE_LARGE_PAYMENT
2026-07-09 15:50:00,RED_CONFIRMED,LOW,727198.1799999999,900737.491988648,-173539.31198864803,3,0,29.02125877672832,341640.25,727198.1799999999,,1,BROAD_ELEVATION
2026-07-10 06:17:00,RED_CONFIRMED,LOW,187132.16,214935.8347192089,-27803.67471920891,1,1,87.54277441021988,187132.16,187132.16,,1,FLOW_STALL_or_OUTAGE
2026-07-10 06:18:00,RED_CONFIRMED,LOW,57820.61,214935.8347192089,-157115.2247192089,2,1,86.77204231753439,47894.71,57820.61,,1,BROAD_ELEVATION
2026-07-10 06:19:00,RED_CONFIRMED,LOW,162641.22,214935.8347192089,-52294.61471920891,1,1,85.45192674564673,162641.22,162641.22,,1,FLOW_STALL_or_OUTAGE
2026-07-10 06:20:00,RED_CONFIRMED,HIGH,228792.28,214935.8347192089,13856.445280791086,2,1,85.18485023159121,213141.45,228792.28,1651.1614296717944,1,SINGLE_LARGE_PAYMENT
2026-07-10 06:21:00,RED_CONFIRMED,LOW,134363.4,214935.8347192089,-80572.43471920892,2,1,85.05911007602971,122225.22,134363.4,,1,DR_CR_IMBALANCE
2026-07-10 06:22:00,RED_CONFIRMED,LOW,0.0,214935.8347192089,-214935.8347192089,0,4,86.35842493764056,0.0,0.0,,0,FLOW_STALL_or_OUTAGE
2026-07-10 06:23:00,RED_CONFIRMED,HIGH,1173886.77,213655.37925154922,960231.3907484508,2,1,86.5137933155605,1141422.09,1173886.77,122.25040561161158,1,SINGLE_LARGE_PAYMENT
2026-07-10 06:24:00,RED_CONFIRMED,HIGH,747112.62,214935.8347192089,532176.7852807911,3,1,85.8514346769498,476173.44,747112.6199999999,140.38805161442784,1,SINGLE_LARGE_PAYMENT
2026-07-10 06:25:00,RED_CONFIRMED,HIGH,465871.9,219374.93210471503,246496.967895285,3,1,83.68959454008406,346822.94,465871.9,188.99701038022837,1,SINGLE_LARGE_PAYMENT
2026-07-10 06:26:00,RED_CONFIRMED,HIGH,261626.19,219374.93210471503,42251.25789528497,2,1,82.73385016377576,148953.75,261626.19,619.2151501108235,1,SINGLE_LARGE_PAYMENT
2026-07-10 06:27:00,RED_CONFIRMED,LOW,30858.35,219374.93210471503,-188516.58210471502,1,1,83.51667737987596,30858.35,30858.35,,1,FLOW_STALL_or_OUTAGE
2026-07-10 13:15:00,RED_CONFIRMED,HIGH,27418602.629999995,2129584.3006042973,25289018.329395697,18,2,39.99474149699258,23748769.74,26018261.849999998,102.88363712306159,1,SINGLE_LARGE_PAYMENT
2026-07-13 06:17:00,RED_CONFIRMED,LOW,0.0,213655.37925154922,-213655.37925154922,0,3,89.04148639424643,0.0,0.0,,0,FLOW_STALL_or_OUTAGE
2026-07-13 06:18:00,RED_CONFIRMED,HIGH,976355.38,208530.20107026433,767825.1789297357,2,1,87.80138691334189,850033.83,976355.38,127.15855207573847,1,SINGLE_LARGE_PAYMENT
2026-07-13 06:21:00,RED_CONFIRMED,LOW,0.0,203222.98046089927,-203222.98046089927,0,3,76.44069548602039,0.0,0.0,,0,FLOW_STALL_or_OUTAGE
2026-07-13 10:26:00,RED_CONFIRMED,HIGH,20121223.890000004,2226226.7275896757,17894997.16241033,12,2,40.85611843481396,17571539.78,19504359.82,108.99336637487849,1,SINGLE_LARGE_PAYMENT
2026-07-13 11:35:00,RED_CONFIRMED,HIGH,3683171.4899999998,1274010.1089787676,2409161.3810212323,6,1,83.83270153633701,3105050.38,3664580.7600000002,152.11022345238663,1,SINGLE_LARGE_PAYMENT
2026-07-13 12:04:00,RED_CONFIRMED,HIGH,27092651.569999997,1661959.4016085432,25430692.168391455,7,2,40.68139420872708,25890534.07,26992876.26,106.14290826716164,1,SINGLE_LARGE_PAYMENT
2026-07-13 16:25:00,RED_CONFIRMED,LOW,79521.28,1127198.5991581124,-1047677.3191581124,1,2,39.57258804790456,79521.28,79521.28,,1,FLOW_STALL_or_OUTAGE
2026-07-13 16:26:00,RED_CONFIRMED,HIGH,1222189.36,1112757.0725132332,109432.28748676693,6,0,42.126884116928814,842351.46,1216094.0799999998,1111.2753904071096,1,SINGLE_LARGE_PAYMENT
2026-07-13 16:27:00,RED_CONFIRMED,LOW,684804.99,1126852.441723308,-442047.45172330807,5,0,41.5224289617998,231747.56,684804.9899999999,,1,BROAD_ELEVATION
2026-07-14 06:17:00,RED_CONFIRMED,LOW,0.0,203222.98046089927,-203222.98046089927,0,4,87.3149279071307,0.0,0.0,,0,FLOW_STALL_or_OUTAGE
2026-07-14 06:18:00,RED_CONFIRMED,LOW,177259.16,201798.69664514388,-24539.536645143875,1,1,86.64374121961754,177259.16,177259.16,,1,FLOW_STALL_or_OUTAGE
2026-07-14 06:19:00,RED_CONFIRMED,LOW,0.0,201798.69664514388,-201798.69664514388,0,4,87.81138635081004,0.0,0.0,,0,FLOW_STALL_or_OUTAGE
2026-07-14 14:14:00,RED_CONFIRMED,HIGH,11183701.61,1456191.8556282222,9727509.754371777,9,2,36.80819391599221,9693776.61,10912671.689999998,112.18361086809068,1,SINGLE_LARGE_PAYMENT
2026-07-15 06:36:00,RED_CONFIRMED,LOW,0.0,486250.3146489475,-486250.3146489475,0,4,79.44519869978471,0.0,0.0,,0,FLOW_STALL_or_OUTAGE
2026-07-15 06:37:00,RED_CONFIRMED,LOW,170527.45,486250.3146489475,-315722.8646489475,2,1,87.36859934750491,100096.46,170527.45,,1,BROAD_ELEVATION
2026-07-15 06:38:00,RED_CONFIRMED,HIGH,1441222.09,486250.3146489475,954971.7753510526,2,1,86.43945568570257,1202606.03,1441222.09,150.91776816861412,1,SINGLE_LARGE_PAYMENT
2026-07-15 06:39:00,RED_CONFIRMED,LOW,52648.2,492798.91049146495,-440150.71049146494,1,1,85.43099110601973,52648.2,52648.2,,1,FLOW_STALL_or_OUTAGE
2026-07-15 06:40:00,RED_CONFIRMED,LOW,21821.81,486250.3146489475,-464428.5046489475,1,2,86.2978767662077,21821.81,21821.81,,1,FLOW_STALL_or_OUTAGE
2026-07-15 06:41:00,RED_CONFIRMED,HIGH,953963.18,486250.3146489475,467712.86535105255,5,1,86.3606594836118,593084.27,953963.18,203.96342514204332,1,SINGLE_LARGE_PAYMENT
2026-07-15 06:42:00,RED_CONFIRMED,LOW,84249.20999999999,486250.3146489475,-402001.1046489475,2,1,85.98176541878563,57853.27,84249.20999999999,,1,BROAD_ELEVATION
2026-07-15 06:43:00,RED_CONFIRMED,LOW,83665.53,484061.7418090857,-400396.2118090857,1,1,84.44912978220401,83665.53,83665.53,,1,FLOW_STALL_or_OUTAGE
2026-07-15 06:44:00,RED_CONFIRMED,HIGH,555568.6399999999,484061.7418090857,71506.89819091419,3,1,81.18519482234741,377745.93,555568.64,776.9441187571911,1,SINGLE_LARGE_PAYMENT
2026-07-15 06:52:00,RED_CONFIRMED,LOW,225409.57,616204.6275590373,-390795.0575590373,2,1,84.55970857724468,193184.69,225409.57,,1,DR_CR_IMBALANCE
2026-07-15 06:53:00,RED_CONFIRMED,HIGH,1240048.59,590388.8845912167,649659.7054087834,5,1,81.8277305619485,325868.55,1240048.59,190.87663582578637,1,SINGLE_LARGE_PAYMENT
2026-07-15 06:54:00,RED_CONFIRMED,LOW,319315.25,590388.8845912167,-271073.6345912167,3,1,81.76564625639051,219745.07,319315.25,,1,DR_CR_IMBALANCE
2026-07-15 06:55:00,RED_CONFIRMED,HIGH,2108020.1399999997,590388.8845912167,1517631.255408783,5,1,78.30692801754748,941533.94,2108020.14,138.9019982612438,1,SINGLE_LARGE_PAYMENT
2026-07-15 07:00:00,RED_CONFIRMED,LOW,493856.02,910136.0192474643,-416279.99924746423,3,1,84.31755673084722,230950.23,493856.02,,1,BROAD_ELEVATION
2026-07-15 07:01:00,RED_CONFIRMED,LOW,606461.55,881558.8004853154,-275097.25048531534,3,1,82.20429006729508,487781.78,606461.55,,1,BROAD_ELEVATION
2026-07-15 07:02:00,RED_CONFIRMED,LOW,738121.96,869952.3328173978,-131830.37281739782,5,1,81.3725044571087,267447.83,738121.96,,1,DR_CR_IMBALANCE
2026-07-15 07:03:00,RED_CONFIRMED,LOW,425609.94999999995,869952.3328173978,-444342.3828173978,6,1,79.47390998985276,128557.09,406132.10000000003,,1,DR_CR_IMBALANCE
2026-07-15 07:04:00,RED_CONFIRMED,LOW,66786.05,855757.4123995602,-788971.3623995602,2,2,79.36064144634553,59916.51,66786.05,,1,DR_CR_IMBALANCE
2026-07-15 07:05:00,RED_CONFIRMED,LOW,397326.03,855757.4123995602,-458431.3823995602,3,1,77.5100900320794,224167.75,397326.03,,1,BROAD_ELEVATION
2026-07-15 07:19:00,RED_CONFIRMED,LOW,330410.14,989187.1169814902,-658776.9769814902,3,1,87.02757182438056,210518.6,330410.14,,1,BROAD_ELEVATION
2026-07-15 07:20:00,RED_CONFIRMED,LOW,291148.24,989187.1169814902,-698038.8769814902,4,1,85.03705047295487,134527.94,291148.24,,1,BROAD_ELEVATION
2026-07-15 07:21:00,RED_CONFIRMED,LOW,378256.67,989187.1169814902,-610930.4469814901,4,1,82.14204143939162,117217.53,378256.67000000004,,1,BROAD_ELEVATION
2026-07-15 07:22:00,RED_CONFIRMED,LOW,777155.51,989187.1169814902,-212031.60698149016,4,1,78.94176946367897,409834.56,777155.51,,1,BROAD_ELEVATION
2026-07-15 07:23:00,RED_CONFIRMED,LOW,667861.85,975655.4024214612,-307793.5524214612,7,1,74.28297174799924,130491.52,568051.02,,1,BROAD_ELEVATION
2026-07-15 12:11:00,RED_CONFIRMED,HIGH,2713805.73,1435878.292875724,1277927.437124276,11,0,38.45786699258656,784651.03,2406625.8099999996,188.32257138289768,1,SINGLE_LARGE_PAYMENT
2026-07-15 12:12:00,RED_CONFIRMED,HIGH,4939350.390000001,1470976.3370398304,3468374.0529601704,9,0,37.24490711767621,2491123.95,4309654.82,124.25576809749855,1,SINGLE_LARGE_PAYMENT
2026-07-16 06:37:00,RED_CONFIRMED,LOW,155105.46,448696.66773059673,-293591.20773059677,2,1,88.02616121607292,84856.53,155105.46,,1,BROAD_ELEVATION
2026-07-16 06:38:00,RED_CONFIRMED,HIGH,901267.17,442615.38398162357,458651.7860183765,2,1,83.7614010671718,643014.02,901267.17,196.50357798102843,1,SINGLE_LARGE_PAYMENT
2026-07-16 06:39:00,RED_CONFIRMED,HIGH,701626.27,442615.38398162357,259010.88601837645,3,1,79.29588308099476,643751.9,701626.27,270.8867881136936,1,SINGLE_LARGE_PAYMENT
2026-07-16 06:40:00,RED_CONFIRMED,LOW,0.0,448696.66773059673,-448696.66773059673,0,4,80.79794845323649,0.0,0.0,,0,FLOW_STALL_or_OUTAGE
2026-07-16 06:41:00,RED_CONFIRMED,LOW,164025.35,442615.38398162357,-278590.0339816236,2,1,81.46304380616532,113537.3,164025.35,,1,BROAD_ELEVATION
2026-07-16 06:42:00,RED_CONFIRMED,HIGH,2857865.9699999997,442615.38398162357,2415250.586018376,5,1,84.93417598466506,2149649.63,2857865.97,118.32585763745908,1,SINGLE_LARGE_PAYMENT
2026-07-16 06:43:00,RED_CONFIRMED,HIGH,970849.76,442615.38398162357,528234.3760183764,4,1,80.5807427021473,590374.03,970849.7600000001,183.7914766770548,1,SINGLE_LARGE_PAYMENT
2026-07-16 06:44:00,RED_CONFIRMED,LOW,211408.67,448696.66773059673,-237287.99773059672,1,1,77.61516026087459,211408.67,211408.67,,1,FLOW_STALL_or_OUTAGE
2026-07-16 10:46:00,RED_CONFIRMED,HIGH,13450252.77,1708580.51775332,11741672.25224668,11,2,47.1571478056797,4893693.27,12042992.489999998,102.56624636832001,1,SINGLE_LARGE_PAYMENT
2026-07-16 12:44:00,RED_CONFIRMED,HIGH,11510143.89,1821777.328037982,9688366.561962018,4,2,40.656380047828485,11147673.16,11510143.89,118.80376136046043,1,SINGLE_LARGE_PAYMENT
2026-07-17 11:43:00,RED_CONFIRMED,HIGH,11510227.12,1166022.9723186227,10344204.147681376,8,2,40.237346729741134,10346558.62,11299172.36,109.23191575383473,1,SINGLE_LARGE_PAYMENT
2026-07-21 17:28:00,RED_CONFIRMED,HIGH,11455000.329999998,2099937.8097010395,9355062.520298958,11,2,37.19980867588957,9578598.25,10919881.27,116.72697265577479,1,SINGLE_LARGE_PAYMENT
2026-07-22 12:26:00,RED_CONFIRMED,HIGH,8862740.1,1545053.3735471382,7317686.726452861,5,2,38.53329839565364,7213185.21,8862740.1,121.11395897779953,1,SINGLE_LARGE_PAYMENT
2026-07-22 17:03:00,RED_CONFIRMED,HIGH,19153697.6,2092303.302254658,17061394.297745343,22,2,40.79798904012258,7399051.8,16534427.73,96.91135109740134,1,SINGLE_LARGE_PAYMENT
2026-07-23 13:43:00,RED_CONFIRMED,HIGH,15268385.169999998,2118794.948087308,13149590.22191269,11,2,39.4048105535957,12173274.03,14741575.180000002,112.10672675894038,1,SINGLE_LARGE_PAYMENT
2026-07-24 07:56:00,RED_CONFIRMED,HIGH,224867915.08,1632014.1336827255,223235900.9463173,13,2,39.761876347333754,223885757.78,224449626.52999997,100.54369641197387,1,SINGLE_LARGE_PAYMENT
2026-07-24 17:00:00,RED_CONFIRMED,HIGH,33378255.270000003,2165046.156026051,31213209.113973953,18,2,40.91883763128134,28449087.46,31742325.91,101.6951694844769,1,SINGLE_LARGE_PAYMENT
2026-07-28 06:35:00,RED_CONFIRMED,LOW,0.0,334819.48541999224,-334819.48541999224,0,4,81.31549388891099,0.0,0.0,,0,FLOW_STALL_or_OUTAGE
2026-07-28 06:36:00,RED_CONFIRMED,HIGH,669994.76,305549.6562682118,364445.10373178823,3,1,82.74745216598187,592534.0,669994.76,183.8396930400469,1,SINGLE_LARGE_PAYMENT
2026-07-28 06:37:00,RED_CONFIRMED,HIGH,543799.15,305549.6562682118,238249.49373178824,3,1,84.04656772198167,327825.51,543799.15,228.24776728054138,1,SINGLE_LARGE_PAYMENT
2026-07-28 06:38:00,RED_CONFIRMED,HIGH,560052.39,305549.6562682118,254502.73373178823,4,1,77.62204936651304,352394.64,560052.39,220.05751442741678,1,SINGLE_LARGE_PAYMENT
2026-07-28 06:39:00,RED_CONFIRMED,LOW,10259.3,305549.6562682118,-295290.3562682118,1,1,75.03151942590162,10259.3,10259.3,,1,FLOW_STALL_or_OUTAGE
2026-07-28 06:44:00,RED_CONFIRMED,LOW,143882.87,290079.0674144816,-146196.1974144816,2,1,80.49485782574855,124657.6,143882.87,,1,BROAD_ELEVATION
2026-07-28 06:50:00,RED_CONFIRMED,LOW,638722.21,724733.0813666239,-86010.8713666239,4,1,83.34176165956522,548552.23,638722.21,,1,DR_CR_IMBALANCE
2026-07-28 06:51:00,RED_CONFIRMED,LOW,0.0,717918.0222759885,-717918.0222759885,0,4,83.34266754084064,0.0,0.0,,0,FLOW_STALL_or_OUTAGE
2026-07-28 06:52:00,RED_CONFIRMED,LOW,652837.5,717918.0222759885,-65080.52227598848,3,1,83.33015973180214,469322.25,652837.5,,1,DR_CR_IMBALANCE
2026-07-28 06:53:00,RED_CONFIRMED,LOW,520546.48000000004,717918.0222759885,-197371.54227598844,5,1,84.542372172559,151049.89,520546.48000000004,,1,BROAD_ELEVATION
2026-07-28 06:54:00,RED_CONFIRMED,LOW,673319.41,717918.0222759885,-44598.612275988446,4,1,81.96526696016367,466099.77,673319.41,,1,BROAD_ELEVATION
2026-07-28 06:55:00,RED_CONFIRMED,HIGH,729611.82,717918.0222759885,11693.79772401147,1,1,81.8831725200592,729611.82,729611.82,6239.30597415629,1,SINGLE_LARGE_PAYMENT
2026-07-28 06:56:00,RED_CONFIRMED,LOW,332440.45,724733.0813666239,-392292.63136662386,3,1,81.43239892581717,243949.31,332440.45,,1,BROAD_ELEVATION
2026-07-28 06:58:00,RED_CONFIRMED,HIGH,760074.26,724733.0813666239,35341.17863337614,2,0,71.87324704897436,660499.88,760074.26,2150.676036826308,1,SINGLE_LARGE_PAYMENT
2026-07-28 11:10:00,RED_CONFIRMED,HIGH,10077090.540000001,1560544.455574483,8516546.084425518,5,1,43.70005435378997,9604555.34,10077090.54,118.32367769873633,1,SINGLE_LARGE_PAYMENT
2026-07-28 16:27:00,RED_CONFIRMED,HIGH,1599516.19,1000652.8879481689,598863.302051831,3,0,32.314914765363724,1544168.89,1599516.19,267.09203661665737,1,SINGLE_LARGE_PAYMENT
2026-07-28 16:28:00,RED_CONFIRMED,LOW,482319.58999999997,1000652.8879481689,-518333.29794816894,4,0,32.59424051369502,225493.53,482319.58999999997,,1,BROAD_ELEVATION
2026-07-28 16:29:00,RED_CONFIRMED,HIGH,2720352.4099999997,1000652.8879481689,1719699.5220518308,7,0,33.119564373444184,1221324.2,2622089.3600000003,152.47369243154165,1,SINGLE_LARGE_PAYMENT
2026-07-28 16:30:00,RED_CONFIRMED,LOW,786227.0800000001,1367770.1555717108,-581543.0755717107,4,0,33.06082249940919,474452.28,786227.0800000001,,1,DR_CR_IMBALANCE
2026-07-28 16:31:00,RED_CONFIRMED,LOW,547889.49,1367770.1555717108,-819880.6655717108,4,0,32.449773837352836,249561.92,547889.49,,1,BROAD_ELEVATION
2026-07-29 06:39:00,RED_CONFIRMED,LOW,94563.34,304423.88798336807,-209860.54798336807,1,0,48.225722557833706,94563.34,94563.34,,1,FLOW_STALL_or_OUTAGE
2026-07-29 06:40:00,RED_CONFIRMED,HIGH,469086.77,304423.88798336807,164662.88201663195,3,0,45.32283829082203,414783.45,469086.77,284.87705562727814,1,SINGLE_LARGE_PAYMENT
2026-07-29 06:41:00,RED_CONFIRMED,LOW,175928.99,315182.0578246521,-139253.06782465213,3,0,43.761235084150506,70497.95,175928.99,,1,BROAD_ELEVATION
2026-07-29 06:42:00,RED_CONFIRMED,HIGH,494512.33999999997,304423.88798336807,190088.4520166319,3,0,40.4518244993191,401359.19,494512.34,260.14854387721164,1,SINGLE_LARGE_PAYMENT
2026-07-29 06:43:00,RED_CONFIRMED,HIGH,1810075.19,315182.0578246521,1494893.1321753478,9,0,38.19252876656713,756259.23,1580874.2000000002,105.7516531432273,1,SINGLE_LARGE_PAYMENT
2026-07-29 06:44:00,RED_CONFIRMED,HIGH,2084302.44,332332.4685302074,1751969.9714697925,6,0,36.577849407936135,1579382.28,2056738.6900000002,117.39577295805623,1,SINGLE_LARGE_PAYMENT
2026-07-29 10:31:00,RED_CONFIRMED,HIGH,63477664.5,2150428.081431004,61327236.418569,7,2,49.72685502740406,62365452.08,63391725.62,103.36634963842248,1,SINGLE_LARGE_PAYMENT
2026-07-29 15:37:00,RED_CONFIRMED,HIGH,14577364.98,974999.9603412346,13602365.019658767,8,2,39.844075518624074,11320611.33,13892366.18,102.13199072309934,1,SINGLE_LARGE_PAYMENT
2026-07-29 16:34:00,RED_CONFIRMED,HIGH,15843316.030000001,1306780.4046532647,14536535.625346737,11,2,39.02134244626116,8031965.41,14758365.73,101.52601768654195,1,SINGLE_LARGE_PAYMENT
2026-07-30 06:39:00,RED_CONFIRMED,LOW,251337.53,373691.32996137784,-122353.79996137784,1,0,42.131546150239814,251337.53,251337.53,,1,FLOW_STALL_or_OUTAGE
2026-07-30 06:40:00,RED_CONFIRMED,HIGH,544640.1699999999,367002.05836494634,177638.1116350536,5,0,42.003815093067296,354712.16,544640.1699999999,306.60096810696183,1,SINGLE_LARGE_PAYMENT
2026-07-30 06:41:00,RED_CONFIRMED,HIGH,519197.06000000006,373691.32996137784,145505.73003862222,4,0,41.89079100537119,366238.46,519197.06000000006,356.8224150775281,1,SINGLE_LARGE_PAYMENT
2026-07-30 06:42:00,RED_CONFIRMED,HIGH,1596656.54,375320.1452520583,1221336.3947479418,4,0,38.76273215254659,1098551.75,1596656.54,130.73028420884128,1,SINGLE_LARGE_PAYMENT
2026-07-30 06:43:00,RED_CONFIRMED,LOW,63770.78,375320.1452520583,-311549.36525205825,2,0,37.59771995996678,43374.79,63770.78,,1,DR_CR_IMBALANCE
2026-07-31 12:30:00,RED_CONFIRMED,HIGH,50147533.910000004,1760203.923277017,48387329.98672298,13,2,57.81626300022858,48796683.7,49857836.900000006,103.03903297346746,1,SINGLE_LARGE_PAYMENT
2026-07-31 15:01:00,RED_CONFIRMED,HIGH,46269723.09,1289679.1098478965,44980043.98015211,114,3,49.327554013263644,4044817.34,13754671.55,30.579497779213792,6,DUPLICATE_or_REPLAYED_FILE
2026-07-31 15:02:00,RED_CONFIRMED,HIGH,37679748.879999995,1289679.1098478965,36390069.7701521,104,3,57.72203513637775,2416493.67,12082468.35,33.20265233431977,6,DUPLICATE_or_REPLAYED_FILE
2026-07-31 15:03:00,RED_CONFIRMED,HIGH,40837920.37,1299446.0479326416,39538474.32206736,114,3,66.05676023010405,2416493.67,12082468.35,30.55876221115717,6,DUPLICATE_or_REPLAYED_FILE
2026-07-31 15:04:00,RED_CONFIRMED,HIGH,39339569.129999995,1299446.0479326416,38040123.082067356,108,4,76.01972736800059,4806467.15,14472441.83,38.045202426862055,6,DUPLICATE_or_REPLAYED_FILE
2026-07-31 15:05:00,RED_CONFIRMED,HIGH,35858194.239999995,1299446.0479326416,34558748.192067355,97,4,86.25897187923336,2416493.67,12082468.35,34.96211229309926,6,DUPLICATE_or_REPLAYED_FILE
2026-07-31 15:06:00,RED_CONFIRMED,HIGH,39708973.129999995,1299446.0479326416,38409527.082067356,99,4,92.28079388222467,3135476.05,12801450.729999999,33.32884235374182,6,DUPLICATE_or_REPLAYED_FILE
2026-07-31 15:07:00,RED_CONFIRMED,HIGH,37712961.87,1308356.5057347605,36404605.36426523,116,4,92.72727272727272,2416493.67,12082468.35,33.189395212783026,6,DUPLICATE_or_REPLAYED_FILE
2026-07-31 15:08:00,RED_CONFIRMED,HIGH,38642092.14,1316309.6208699427,37325782.51913006,99,4,92.72727272727272,5209056.3,14875030.98,39.85189318502917,6,DUPLICATE_or_REPLAYED_FILE
2026-07-31 15:09:00,RED_CONFIRMED,HIGH,1520655.5100000002,1316309.6208699427,204345.88913005753,10,1,90.84105368062991,407095.33,1062334.56,519.8707762228918,1,SINGLE_LARGE_PAYMENT
2026-07-31 15:10:00,RED_CONFIRMED,HIGH,1934187.6500000001,1329808.0363510381,604379.613648962,13,1,88.55677226704078,710752.06,1379159.19,228.19419431990445,1,SINGLE_LARGE_PAYMENT
2026-07-31 15:11:00,RED_CONFIRMED,LOW,1045683.51,1338782.6929134056,-293099.1829134056,7,1,85.96445708107528,441136.23,986239.64,,1,BROAD_ELEVATION
2026-07-31 15:12:00,RED_CONFIRMED,HIGH,8396275.0,1329808.0363510381,7066466.963648962,18,2,85.90472520277581,2095509.18,6216781.16,87.97580448589257,1,SINGLE_LARGE_PAYMENT
2026-07-31 15:13:00,RED_CONFIRMED,HIGH,13841166.209999999,1329808.0363510381,12511358.17364896,10,2,86.91796309728464,11531537.99,13513667.22,108.01119296913801,1,SINGLE_LARGE_PAYMENT
2026-07-31 15:14:00,RED_CONFIRMED,HIGH,2954555.41,1329808.0363510381,1624747.373648962,8,1,87.09743991931315,1225635.3,2723775.01,167.64298586818276,1,SINGLE_LARGE_PAYMENT
2026-07-31 15:15:00,RED_CONFIRMED,HIGH,2048794.5799999998,1357980.0978791087,690814.4821208911,10,1,86.33257420227959,503400.04,1601663.16,231.85141618378987,1,SINGLE_LARGE_PAYMENT
2026-07-31 15:16:00,RED_CONFIRMED,HIGH,6408106.79,1357980.0978791087,5050126.692120891,11,1,85.26674995048289,4442383.72,5897359.739999999,116.77647115667304,1,SINGLE_LARGE_PAYMENT
2026-07-31 15:17:00,RED_CONFIRMED,LOW,1037728.1000000001,1375896.4702493662,-338168.37024936615,6,1,84.98025966623815,345558.65,1018961.9099999999,,1,DR_CR_IMBALANCE
2026-07-31 15:18:00,RED_CONFIRMED,HIGH,2539867.25,1375896.4702493662,1163970.7797506338,11,1,84.94328527933031,793655.9,1970170.8600000003,169.26291400735033,1,SINGLE_LARGE_PAYMENT
2026-07-31 15:19:00,RED_CONFIRMED,LOW,1277382.78,1375896.4702493662,-98513.69024936622,8,1,83.03272196433149,380919.19,1186705.1300000001,,1,BROAD_ELEVATION
2026-07-31 15:20:00,RED_CONFIRMED,HIGH,4035029.62,1357980.0978791087,2677049.522120891,12,1,81.73664839205316,1706716.11,3576336.02,133.59244909173924,1,SINGLE_LARGE_PAYMENT
2026-07-31 15:21:00,RED_CONFIRMED,LOW,874851.6499999999,1357980.0978791087,-483128.44787910883,7,1,77.69871877181863,308203.43,793477.0699999998,,1,BROAD_ELEVATION
2026-07-31 15:22:00,RED_CONFIRMED,HIGH,7298392.819999999,1357980.0978791087,5940412.72212089,12,1,77.15187846584284,4888292.18,6838420.6,115.1169273901645,1,SINGLE_LARGE_PAYMENT
2026-07-31 15:23:00,RED_CONFIRMED,HIGH,1846355.47,1375896.4702493662,470458.9997506337,10,1,73.92088758033769,354641.39,1376234.58,292.5301845069329,1,SINGLE_LARGE_PAYMENT
2026-07-31 16:08:00,RED_CONFIRMED,HIGH,25588826.62,1085449.947253823,24503376.672746178,8,2,45.05586053532432,24808773.05,25454400.51,103.88119502856763,1,SINGLE_LARGE_PAYMENT
2026-08-03 09:43:00,RED_CONFIRMED,HIGH,13765853.799999999,2907961.2484040875,10857892.551595911,13,0,39.36238831889191,12535981.35,13300854.95,122.49941585621067,1,SINGLE_LARGE_PAYMENT
2026-08-03 11:42:00,RED_CONFIRMED,HIGH,2644590.76,1499841.2425827652,1144749.5174172346,9,1,87.02791608561274,782246.51,2437063.4,212.89053744250208,1,SINGLE_LARGE_PAYMENT
2026-08-03 11:43:00,RED_CONFIRMED,LOW,1058631.43,1544000.5497935624,-485369.11979356245,6,1,82.68116017983742,566457.74,1035957.65,,1,BROAD_ELEVATION
2026-08-03 11:44:00,RED_CONFIRMED,HIGH,1506216.65,1499841.2425827652,6375.407417234732,13,1,78.36450429884312,426777.87,1170363.25,18357.46601599358,1,SINGLE_LARGE_PAYMENT
2026-08-03 11:49:00,RED_CONFIRMED,HIGH,1992407.98,1270161.7575351356,722246.2224648644,8,0,53.946645069310456,973089.91,1846096.25,255.60483289198626,1,SINGLE_LARGE_PAYMENT
2026-08-03 11:50:00,RED_CONFIRMED,HIGH,2811969.21,1270161.7575351356,1541807.4524648644,7,0,47.54633994621998,1959882.0,2710038.5900000003,175.770235490009,1,SINGLE_LARGE_PAYMENT
2026-08-03 11:51:00,RED_CONFIRMED,LOW,1235837.74,1270161.7575351356,-34324.017535135616,4,0,40.82993941885163,658467.15,1235837.74,,1,BROAD_ELEVATION
2026-08-03 13:16:00,RED_CONFIRMED,LOW,485482.45999999996,2161531.487931539,-1676049.0279315389,8,0,38.33453897895381,232249.73,456833.63,,1,BROAD_ELEVATION
2026-08-03 17:28:00,RED_CONFIRMED,HIGH,13807865.05,2722262.858451342,11085602.191548659,11,2,39.53255770626246,11455072.47,13342754.82,120.36111876874067,1,SINGLE_LARGE_PAYMENT
2026-08-04 07:14:00,RED_CONFIRMED,HIGH,1243011.93,966428.0681010311,276583.8618989688,6,1,81.53308949998971,422836.24,1204321.6500000001,435.4273028554058,1,SINGLE_LARGE_PAYMENT
2026-08-04 07:39:00,RED_CONFIRMED,LOW,857086.9099999999,1437837.4526992405,-580750.5426992406,5,0,51.87760200532389,300330.47,857086.91,,1,BROAD_ELEVATION
2026-08-04 07:40:00,RED_CONFIRMED,HIGH,2064552.56,1437837.4526992405,626715.1073007595,10,0,46.25004909766046,495473.34,1544550.9100000001,246.45183944142147,1,SINGLE_LARGE_PAYMENT
2026-08-04 07:41:00,RED_CONFIRMED,LOW,458870.93000000005,1444958.6490151295,-986087.7190151295,4,0,46.27560098121026,179651.87,458870.93000000005,,1,BROAD_ELEVATION
2026-08-04 07:42:00,RED_CONFIRMED,LOW,1317341.6500000001,1437837.4526992405,-120495.80269924039,10,0,44.764098428665,375868.15,1020228.4899999999,,1,BROAD_ELEVATION
2026-08-04 07:43:00,RED_CONFIRMED,LOW,448155.52,1425690.6456977355,-977535.1256977355,5,0,46.794273462522284,241176.63,448155.52,,1,DR_CR_IMBALANCE
2026-08-04 11:04:00,RED_CONFIRMED,HIGH,14079382.879999999,1601179.897507874,12478202.982492125,6,2,39.84543121535753,12512047.94,14054836.629999999,112.63510178284494,1,SINGLE_LARGE_PAYMENT
2026-08-04 12:31:00,RED_CONFIRMED,LOW,710715.27,1815170.0617834597,-1104454.7917834597,4,1,86.69944633290622,439023.63,710715.27,,1,BROAD_ELEVATION
2026-08-04 12:32:00,RED_CONFIRMED,LOW,488369.42000000004,1815170.0617834597,-1326800.6417834596,4,1,85.19394790749115,338816.12,488369.42000000004,,1,BROAD_ELEVATION
2026-08-04 12:33:00,RED_CONFIRMED,HIGH,2068991.81,1815170.0617834597,253821.74821654032,11,1,84.91211066870497,695567.07,1608603.7,633.7532978567576,1,SINGLE_LARGE_PAYMENT
2026-08-04 12:34:00,RED_CONFIRMED,HIGH,1861519.6600000001,1843146.0368298148,18373.62317018537,10,1,83.34541337422682,491574.65,1621947.48,8827.586507988868,1,SINGLE_LARGE_PAYMENT
2026-08-04 12:35:00,RED_CONFIRMED,LOW,667208.04,1851252.1990705275,-1184044.1590705274,7,1,82.0532932312834,427516.64,631087.97,,1,BROAD_ELEVATION
2026-08-04 12:36:00,RED_CONFIRMED,LOW,1284555.02,1851252.1990705275,-566697.1790705274,9,1,79.3689809361212,514216.18,1101965.25,,1,BROAD_ELEVATION
2026-08-05 06:36:00,RED_CONFIRMED,LOW,75190.03,388960.7257497162,-313770.69574971625,1,1,80.21163061554184,75190.03,75190.03,,1,FLOW_STALL_or_OUTAGE
2026-08-05 06:55:00,RED_CONFIRMED,LOW,330985.53,634262.918570172,-303277.388570172,4,1,84.83229662446529,178834.25,330985.53,,1,BROAD_ELEVATION
2026-08-05 06:56:00,RED_CONFIRMED,HIGH,1895159.29,634262.918570172,1260896.371429828,11,1,80.03369038766262,463910.59,1523422.8900000001,120.82062606560386,1,SINGLE_LARGE_PAYMENT
2026-08-05 06:57:00,RED_CONFIRMED,LOW,250557.1,640270.259026378,-389713.15902637807,2,1,76.62023731779696,210970.25,250557.1,,1,BROAD_ELEVATION
2026-08-05 07:19:00,RED_CONFIRMED,LOW,555451.16,1095939.4911266884,-540488.3311266884,4,1,84.0668811583917,229482.04,555451.1599999999,,1,BROAD_ELEVATION
2026-08-05 07:20:00,RED_CONFIRMED,LOW,366662.85000000003,1087067.2139757487,-720404.3639757487,3,1,81.00191031911574,252068.8,366662.85,,1,BROAD_ELEVATION
2026-08-05 07:21:00,RED_CONFIRMED,LOW,602700.1,1087067.2139757487,-484367.11397574877,4,1,79.13447128357386,322655.41,602700.1,,1,DR_CR_IMBALANCE
2026-08-05 12:05:00,RED_CONFIRMED,LOW,1651378.96,1699493.0416319934,-48114.08163199341,11,0,42.290814306933214,401014.04,1302730.48,,1,BROAD_ELEVATION
2026-08-05 12:06:00,RED_CONFIRMED,LOW,332756.65,1699493.0416319934,-1366736.3916319935,8,0,44.45741602117854,100934.32,293961.34,,1,BROAD_ELEVATION
2026-08-05 12:07:00,RED_CONFIRMED,HIGH,1896684.3399999999,1698219.2884667898,198465.0515332101,7,0,45.13364766161329,997794.78,1788687.9400000002,901.2609153005917,1,SINGLE_LARGE_PAYMENT
2026-08-05 12:08:00,RED_CONFIRMED,LOW,475090.92999999993,1699493.0416319934,-1224402.1116319934,6,0,49.49829680108052,137598.58,461917.81000000006,,1,BROAD_ELEVATION
2026-08-05 13:08:00,RED_CONFIRMED,HIGH,15958598.450000001,2010850.7502445816,13947747.699755419,11,2,41.726715784818985,14923337.81,15684981.81,112.45530208633645,1,SINGLE_LARGE_PAYMENT
2026-08-05 15:55:00,RED_CONFIRMED,LOW,812009.3300000001,1033982.714012649,-221973.38401264895,6,0,30.68779617167263,345665.64,773487.66,,1,BROAD_ELEVATION
2026-08-05 15:56:00,RED_CONFIRMED,HIGH,2339434.51,1026497.8120275823,1312936.6979724173,7,0,31.02396775705815,1661709.08,2286087.4099999997,174.12015472874128,1,SINGLE_LARGE_PAYMENT
2026-08-05 15:57:00,RED_CONFIRMED,HIGH,1540837.09,1026497.8120275823,514339.27797241777,4,0,31.175070407085226,736914.09,1540837.0899999999,299.57601061971195,1,SINGLE_LARGE_PAYMENT
2026-08-05 15:58:00,RED_CONFIRMED,LOW,221724.49,1026497.8120275823,-804773.3220275823,4,0,31.79694686869536,87085.73,221724.49,,1,BROAD_ELEVATION
2026-08-05 15:59:00,RED_CONFIRMED,HIGH,2331407.16,1026497.8120275823,1304909.3479724177,5,0,32.1948359939209,1597459.73,2331407.16,178.66430059854855,1,SINGLE_LARGE_PAYMENT
2026-08-05 16:00:00,RED_CONFIRMED,LOW,482834.57,1127650.4420833562,-644815.8720833561,7,0,32.93745901142691,196705.75,453481.0,,1,DR_CR_IMBALANCE
2026-08-05 16:01:00,RED_CONFIRMED,LOW,319139.85,1120794.2556286666,-801654.4056286666,3,0,33.296596081020695,210992.61,319139.85,,1,BROAD_ELEVATION
2026-08-05 16:02:00,RED_CONFIRMED,LOW,368766.42000000004,1120794.2556286666,-752027.8356286666,4,0,32.92745271022722,113562.33,368766.42,,1,BROAD_ELEVATION
2026-08-05 16:03:00,RED_CONFIRMED,HIGH,1130906.0899999999,1120794.2556286666,10111.834371333243,7,0,32.416842057628585,549285.7,1053788.42,10421.337823604583,1,SINGLE_LARGE_PAYMENT
2026-08-05 16:04:00,RED_CONFIRMED,LOW,127398.5,1127049.4991756384,-999650.9991756384,3,0,35.895394160617435,80520.76,127398.49999999999,,1,BROAD_ELEVATION
2026-08-05 16:05:00,RED_CONFIRMED,LOW,554412.56,1127049.4991756384,-572636.9391756384,3,0,37.17306359706265,417568.71,554412.56,,1,BROAD_ELEVATION
2026-08-05 16:06:00,RED_CONFIRMED,LOW,765923.05,1120794.2556286666,-354871.20562866656,2,0,38.73619910674066,574733.27,765923.05,,1,DR_CR_IMBALANCE
2026-08-05 16:07:00,RED_CONFIRMED,HIGH,2894350.7499999995,1120794.2556286666,1773556.494371333,5,0,35.72505243520739,2519547.01,2894350.7499999995,163.19473099310272,1,SINGLE_LARGE_PAYMENT
2026-08-05 16:08:00,RED_CONFIRMED,LOW,472843.67,1127049.4991756384,-654205.8291756385,3,0,35.01178040858819,332697.88,472843.67,,1,BROAD_ELEVATION
2026-08-05 16:09:00,RED_CONFIRMED,LOW,224470.84000000003,1127049.4991756384,-902578.6591756383,2,0,35.93246189151915,128444.52,224470.84000000003,,1,DR_CR_IMBALANCE
2026-08-05 16:10:00,RED_CONFIRMED,LOW,159818.65000000002,1127049.4991756384,-967230.8491756384,3,0,39.87860932566461,83814.86,159818.65,,1,BROAD_ELEVATION
2026-08-05 16:11:00,RED_CONFIRMED,LOW,490383.02,1127049.4991756384,-636666.4791756384,5,0,43.85316201993539,163849.26,490383.02,,1,DR_CR_IMBALANCE
2026-08-05 16:12:00,RED_CONFIRMED,HIGH,1893869.22,1120794.2556286666,773074.9643713334,5,0,44.26052232891925,1023461.02,1893869.22,244.9787287498179,1,SINGLE_LARGE_PAYMENT
2026-08-05 16:13:00,RED_CONFIRMED,LOW,895680.12,1120794.2556286666,-225114.1356286666,7,0,41.5574619894392,475082.98,881859.4,,1,DR_CR_IMBALANCE
2026-08-05 16:14:00,RED_CONFIRMED,LOW,614475.64,1120794.2556286666,-506318.6156286666,6,0,38.63488480446454,174044.3,547561.7899999999,,1,BROAD_ELEVATION
2026-08-05 16:15:00,RED_CONFIRMED,LOW,422714.49,1205035.4669607212,-782320.9769607212,3,0,39.099343810610485,282208.54,422714.49,,1,DR_CR_IMBALANCE
2026-08-05 16:16:00,RED_CONFIRMED,LOW,759006.8400000001,1195706.5651624878,-436699.7251624877,5,0,38.99478955034285,338815.9,759006.8400000001,,1,BROAD_ELEVATION
2026-08-05 16:17:00,RED_CONFIRMED,LOW,367592.36,1175394.170788854,-807801.8107888539,5,0,40.803376323672786,110103.1,367592.36,,1,BROAD_ELEVATION
2026-08-05 17:27:00,RED_CONFIRMED,HIGH,11843590.610000001,2713655.656779371,9129934.95322063,14,2,48.63559539357738,7452256.49,10205493.15,111.78056801379468,1,SINGLE_LARGE_PAYMENT
2026-08-06 16:57:00,RED_CONFIRMED,HIGH,13925113.05,2113244.367983774,11811868.682016227,7,2,40.585894580584075,13209581.34,13840084.069999998,117.17099506085573,1,SINGLE_LARGE_PAYMENT
2026-08-07 13:25:00,RED_CONFIRMED,HIGH,24253566.400000002,2164443.7911781245,22089122.608821876,13,2,47.02474492331164,19726225.71,23609132.019999996,106.88125752251953,1,SINGLE_LARGE_PAYMENT
2026-08-07 14:02:00,RED_CONFIRMED,HIGH,3383391.67,1904170.0241367687,1479221.6458632313,17,1,79.36607430623864,669801.11,2222525.22,150.24964150676678,1,SINGLE_LARGE_PAYMENT
2026-08-07 14:03:00,RED_CONFIRMED,HIGH,4226628.8,1911120.1155860624,2315508.6844139374,20,1,80.04253830716651,601488.71,2135406.88,92.22193353770461,1,SINGLE_LARGE_PAYMENT
2026-08-07 14:04:00,RED_CONFIRMED,HIGH,3645707.8,1911120.1155860624,1734587.6844139374,16,1,77.39487899302353,1234040.58,2597919.75,149.77160124815225,1,SINGLE_LARGE_PAYMENT
2026-08-07 14:05:00,RED_CONFIRMED,HIGH,8805864.33,1911120.1155860624,6894744.214413937,20,2,80.69487291455478,1928842.56,5532308.12,80.23949762246914,1,SINGLE_LARGE_PAYMENT
2026-08-07 14:06:00,RED_CONFIRMED,HIGH,4677884.14,1917861.6177656162,2760022.5222343835,19,1,83.61919722997659,1457261.01,3055005.04,110.68768516884467,1,SINGLE_LARGE_PAYMENT
2026-08-07 14:07:00,RED_CONFIRMED,HIGH,11665788.67,1917861.6177656162,9747927.052234383,24,2,88.55679768532627,2521119.71,7459222.52,76.52111551542873,1,BROAD_ELEVATION
2026-08-07 14:08:00,RED_CONFIRMED,HIGH,7958702.1,1917861.6177656162,6040840.482234383,22,1,89.63352783707295,2024066.62,5134271.030000001,84.99266029453139,1,SINGLE_LARGE_PAYMENT
2026-08-07 14:09:00,RED_CONFIRMED,HIGH,3010924.1999999997,1924298.1417645274,1086626.0582354723,13,1,90.62722319386768,842600.13,2377020.98,218.7524366809266,1,SINGLE_LARGE_PAYMENT
2026-08-07 14:10:00,RED_CONFIRMED,HIGH,4326763.970000001,1924298.1417645274,2402465.8282354735,17,1,88.71545189862883,614395.9,2166981.04,90.19820446693184,1,SINGLE_LARGE_PAYMENT
2026-08-07 14:11:00,RED_CONFIRMED,HIGH,4724991.699999999,1924298.1417645274,2800693.558235472,19,1,87.24693893863423,865278.74,2975432.43,106.23912856337697,1,SINGLE_LARGE_PAYMENT
2026-08-07 14:12:00,RED_CONFIRMED,HIGH,5265807.960000001,1929995.749774116,3335812.210225885,10,1,86.06236306795704,1800360.79,4621897.06,138.55387440071237,1,SINGLE_LARGE_PAYMENT
2026-08-07 14:13:00,RED_CONFIRMED,HIGH,10351685.48,1929995.749774116,8421689.730225883,23,1,86.40124535590324,2590695.32,6347347.460000001,75.36904900710174,1,BROAD_ELEVATION
2026-08-07 14:14:00,RED_CONFIRMED,HIGH,5401163.18,1937606.8534352733,3463556.3265647264,11,1,86.32100516548041,1372558.26,4328910.8,124.98456476074004,1,SINGLE_LARGE_PAYMENT
2026-08-07 14:15:00,RED_CONFIRMED,HIGH,5665871.26,1886932.7069361715,3778938.5530638285,18,1,86.48252384062596,1131599.02,3799882.3499999996,100.55422433157032,1,SINGLE_LARGE_PAYMENT
2026-08-07 14:16:00,RED_CONFIRMED,HIGH,7856053.58,1886932.7069361715,5969120.873063829,19,1,86.36055184903023,1379803.68,4681303.39,78.42534084248123,1,BROAD_ELEVATION
2026-08-07 14:17:00,RED_CONFIRMED,HIGH,4068811.41,1894906.2458923133,2173905.164107687,16,1,86.35137252884715,759149.43,2863561.34,131.72429907610038,1,SINGLE_LARGE_PAYMENT
2026-08-07 14:18:00,RED_CONFIRMED,HIGH,7854491.0600000005,1910213.0368940255,5944278.023105975,22,1,87.78091305633679,1672428.24,5026062.87,84.55295749060213,1,SINGLE_LARGE_PAYMENT
2026-08-07 14:19:00,RED_CONFIRMED,HIGH,2279860.07,1910213.0368940255,369647.0331059743,12,1,86.28457891569882,609307.52,1741787.4499999997,471.2028757175621,1,SINGLE_LARGE_PAYMENT
2026-08-07 14:20:00,RED_CONFIRMED,HIGH,6025729.42,1918756.483579897,4106972.9364201026,13,1,85.06757993978032,2315930.68,4831694.16,117.64611636841246,1,SINGLE_LARGE_PAYMENT
2026-08-07 14:21:00,RED_CONFIRMED,HIGH,4358312.949999999,1918756.483579897,2439556.466420102,18,1,82.45648782236863,1638897.42,3295240.9599999995,135.0754124923192,1,SINGLE_LARGE_PAYMENT
2026-08-07 14:22:00,RED_CONFIRMED,HIGH,4165302.9,1927330.2953587365,2237972.6046412634,15,1,81.86778827376118,1041844.48,3120863.78,139.45049074898125,1,SINGLE_LARGE_PAYMENT
2026-08-07 14:23:00,RED_CONFIRMED,HIGH,3505730.5599999996,1954665.379269905,1551065.1807300947,17,1,81.24764322920099,689406.18,2327270.06,150.0433436913684,1,SINGLE_LARGE_PAYMENT
2026-08-07 14:24:00,RED_CONFIRMED,HIGH,2095520.0,1954665.379269905,140854.62073009508,13,1,79.8021312242057,396872.12,1445647.77,1026.3403234531745,1,SINGLE_LARGE_PAYMENT
2026-08-07 14:25:00,RED_CONFIRMED,HIGH,11122751.15,1954665.379269905,9168085.770730095,19,1,81.48552005376352,2250283.79,6891886.640000001,75.172580322088,1,BROAD_ELEVATION
2026-08-07 14:26:00,RED_CONFIRMED,HIGH,5346037.46,1954665.379269905,3391372.080730095,16,1,82.18963195015999,1256485.83,4254429.91,125.44863284609295,1,SINGLE_LARGE_PAYMENT
2026-08-07 14:27:00,RED_CONFIRMED,HIGH,5642820.29,1954665.379269905,3688154.910730095,13,1,83.4903635808901,2363513.08,4448019.07,120.60282655316897,1,SINGLE_LARGE_PAYMENT
2026-08-07 14:28:00,RED_CONFIRMED,HIGH,3513419.9099999997,1954665.379269905,1558754.5307300948,10,1,82.35948800057396,1516933.95,3171675.6399999997,203.47499092845874,1,SINGLE_LARGE_PAYMENT
2026-08-07 14:29:00,RED_CONFIRMED,HIGH,6277093.46,1954665.379269905,4322428.0807300955,22,1,82.53338500830763,1030944.82,3288627.88,76.08288255069179,1,BROAD_ELEVATION
2026-08-07 14:30:00,RED_CONFIRMED,HIGH,2129518.45,1556740.1944836415,572778.2555163587,17,1,82.19224455193087,523353.74,1323831.95,231.12468695351706,1,SINGLE_LARGE_PAYMENT
2026-08-07 14:31:00,RED_CONFIRMED,HIGH,6451518.460000001,1556740.1944836415,4894778.265516359,15,1,82.47060588266511,1627619.89,5391948.08,110.15714681063685,1,SINGLE_LARGE_PAYMENT
2026-08-07 14:32:00,RED_CONFIRMED,HIGH,3791191.58,1556740.1944836415,2234451.3855163585,15,1,81.63274088930662,1130634.63,2832918.04,126.78360596085835,1,SINGLE_LARGE_PAYMENT
2026-08-07 14:33:00,RED_CONFIRMED,HIGH,2921992.3,1556740.1944836415,1365252.1055163583,20,1,81.25441462761775,701014.22,1894480.0899999999,138.76412146483963,1,SINGLE_LARGE_PAYMENT
2026-08-07 14:34:00,RED_CONFIRMED,HIGH,2943234.17,1556740.1944836415,1386493.9755163584,17,1,79.87866692064281,877485.08,1813219.4399999997,130.7773039060426,1,SINGLE_LARGE_PAYMENT
2026-08-07 14:35:00,RED_CONFIRMED,HIGH,7172057.930000001,1565267.6231001657,5606790.306899834,19,1,80.91967826994829,997129.52,4031732.0700000003,71.90802311687074,1,BROAD_ELEVATION
2026-08-07 14:36:00,RED_CONFIRMED,HIGH,3369615.61,1568186.5104240032,1801429.0995759966,10,1,81.10805141738616,904546.82,2618207.57,145.3405837962898,1,SINGLE_LARGE_PAYMENT
2026-08-07 14:37:00,RED_CONFIRMED,HIGH,4374448.029999999,1568186.5104240032,2806261.5195759963,14,1,81.39468442175234,882788.48,3118918.1499999994,111.14139321096641,1,SINGLE_LARGE_PAYMENT
2026-08-07 14:38:00,RED_CONFIRMED,HIGH,8035941.68,1568186.5104240032,6467755.169575997,23,1,81.50638135027798,1667554.58,4647598.090000001,71.85797804873744,1,BROAD_ELEVATION
2026-08-07 14:39:00,RED_CONFIRMED,HIGH,5504679.42,1568186.5104240032,3936492.909575997,18,1,83.42208182300021,1466276.15,3717750.4499999997,94.44321469387434,1,SINGLE_LARGE_PAYMENT
2026-08-07 14:40:00,RED_CONFIRMED,HIGH,3587461.66,1568186.5104240032,2019275.149575997,13,1,84.30481813607965,711244.41,2708297.45,134.12225919626073,1,SINGLE_LARGE_PAYMENT
2026-08-07 14:41:00,RED_CONFIRMED,HIGH,2333434.56,1576448.8132926212,756985.7467073789,13,1,82.94242596024283,652499.3,1717621.8599999999,226.90280067637326,1,SINGLE_LARGE_PAYMENT
2026-08-07 14:42:00,RED_CONFIRMED,HIGH,8167117.43,1593550.2807754187,6573567.149224581,19,1,81.89103466985726,3324976.11,5838409.33,88.81645531967676,1,SINGLE_LARGE_PAYMENT
2026-08-07 14:43:00,RED_CONFIRMED,HIGH,8335881.899999999,1593550.2807754187,6742331.619224581,15,1,82.18084770799669,4073363.3,7092389.8,105.19194546553136,1,SINGLE_LARGE_PAYMENT
2026-08-07 14:44:00,RED_CONFIRMED,HIGH,1629028.62,1593550.2807754187,35478.339224581374,5,1,82.26708035891333,1225938.61,1629028.6200000003,4591.614646018487,1,SINGLE_LARGE_PAYMENT
2026-08-07 14:45:00,RED_CONFIRMED,HIGH,1825568.2700000003,1511184.0805618279,314384.1894381724,12,1,79.59197159753232,654596.73,1336054.34,424.97504164812716,1,SINGLE_LARGE_PAYMENT
2026-08-07 14:49:00,RED_CONFIRMED,HIGH,17663116.44,1486074.298424812,16177042.14157519,10,1,62.20201859773627,14115808.96,17474244.040000003,108.01878295841851,1,SINGLE_LARGE_PAYMENT
2026-08-07 16:47:00,RED_CONFIRMED,HIGH,27260232.68,2113244.367983774,25146988.312016226,5,1,37.319619556080454,26816049.01,27260232.680000003,108.4035684184654,1,SINGLE_LARGE_PAYMENT
2026-08-10 12:03:00,RED_CONFIRMED,LOW,1103684.03,1693148.027426389,-589463.997426389,9,0,36.42110981919686,217219.91,869909.31,,1,BROAD_ELEVATION
2026-08-10 12:04:00,RED_CONFIRMED,HIGH,3081157.33,1685982.1205529813,1395175.2094470188,5,0,34.86717338252642,1924889.48,3081157.33,220.84375561842333,1,SINGLE_LARGE_PAYMENT
2026-08-10 15:15:00,RED_CONFIRMED,LOW,723268.02,1345858.9281022705,-622590.9081022704,7,1,82.38197690011765,310679.39,645326.7200000001,,1,BROAD_ELEVATION
2026-08-10 15:16:00,RED_CONFIRMED,LOW,502089.19,1345858.9281022705,-843769.7381022705,5,1,78.701285458573,280618.82,502089.19000000006,,1,BROAD_ELEVATION
2026-08-10 15:17:00,RED_CONFIRMED,LOW,1278789.05,1342164.5481497261,-63375.498149726074,4,1,76.21069929224734,938276.59,1278789.05,,1,DR_CR_IMBALANCE
2026-08-10 15:23:00,RED_CONFIRMED,HIGH,8191263.27,1335409.285593293,6855853.984406707,9,1,56.7168094070449,5639572.37,7976554.46,116.34662112323673,1,SINGLE_LARGE_PAYMENT
2026-08-10 15:24:00,RED_CONFIRMED,LOW,1323463.09,1342164.5481497261,-18701.458149726037,3,0,50.96697358046825,1024923.89,1323463.0899999999,,1,BROAD_ELEVATION
2026-08-11 06:45:00,RED_CONFIRMED,LOW,672120.05,674460.8025727653,-2340.7525727652246,2,0,37.9278815480329,382557.02,672120.05,,1,BROAD_ELEVATION
2026-08-11 09:59:00,RED_CONFIRMED,HIGH,11946151.89,2810031.2066743765,9136120.683325624,8,0,41.24085040510197,11299128.75,11886880.26,130.108616906679,1,SINGLE_LARGE_PAYMENT
2026-08-11 14:41:00,RED_CONFIRMED,HIGH,10050416.01,1559643.1799980886,8490772.830001911,12,2,37.7307716297609,7415321.86,9420654.97,110.95167847044945,1,SINGLE_LARGE_PAYMENT
2026-08-12 16:00:00,RED_CONFIRMED,LOW,284661.82999999996,1120794.2556286666,-836132.4256286666,2,0,35.418360059529476,182240.4,284661.82999999996,,1,DR_CR_IMBALANCE
2026-08-12 16:01:00,RED_CONFIRMED,LOW,1041501.19,1117869.1648243605,-76367.97482436057,6,0,34.88060938107462,520204.06,990852.1,,1,DR_CR_IMBALANCE
2026-08-12 16:02:00,RED_CONFIRMED,LOW,581011.06,1116206.8192345486,-535195.7592345485,6,0,33.80331351937682,140129.79,541579.4400000001,,1,BROAD_ELEVATION
2026-08-12 16:03:00,RED_CONFIRMED,HIGH,1127235.5,1116206.8192345486,11028.680765451398,3,0,31.902755630980817,522672.2,1127235.5,10220.945949684155,1,SINGLE_LARGE_PAYMENT
2026-08-12 16:04:00,RED_CONFIRMED,LOW,300211.28,1117869.1648243605,-817657.8848243605,1,0,33.45548418021161,300211.28,300211.28,,1,FLOW_STALL_or_OUTAGE
2026-08-12 16:05:00,RED_CONFIRMED,LOW,419168.88,1116206.8192345486,-697037.9392345486,4,0,33.63588624701885,153676.36,419168.88,,1,BROAD_ELEVATION
2026-08-12 16:06:00,RED_CONFIRMED,LOW,294496.37,1108266.8439121367,-813770.4739121367,3,0,34.71759166480722,128805.28,294496.37,,1,BROAD_ELEVATION
2026-08-12 16:07:00,RED_CONFIRMED,LOW,808651.01,1097568.9552951884,-288917.94529518834,8,0,32.59520308566382,227427.4,715812.07,,1,BROAD_ELEVATION
2026-08-12 16:08:00,RED_CONFIRMED,LOW,1024141.5700000001,1097568.9552951884,-73427.38529518829,4,0,32.50040564864934,426339.02,1024141.5700000001,,1,BROAD_ELEVATION
2026-08-12 16:09:00,RED_CONFIRMED,HIGH,1401324.0,1075729.030148652,325594.9698513481,8,0,30.755829148614918,368255.67,1275280.88,391.67708290525354,1,SINGLE_LARGE_PAYMENT
2026-08-12 16:10:00,RED_CONFIRMED,LOW,388175.31,1075729.030148652,-687553.7201486519,4,0,31.62027669460019,163594.23,388175.31,,1,DR_CR_IMBALANCE
2026-08-12 16:11:00,RED_CONFIRMED,LOW,642891.2,1075729.030148652,-432837.83014865196,3,0,32.61864357148296,446913.73,642891.2,,1,DR_CR_IMBALANCE
2026-08-12 16:12:00,RED_CONFIRMED,LOW,394454.55,1051258.0957062962,-656803.5457062961,6,0,34.10819952347986,127457.78,385069.09,,1,BROAD_ELEVATION
2026-08-12 16:59:00,RED_CONFIRMED,HIGH,18133744.53,2199241.1870070095,15934503.342992991,11,2,39.353922132976464,15000140.69,17229040.59,108.12411418882577,1,SINGLE_LARGE_PAYMENT
2026-08-12 17:58:00,RED_CONFIRMED,LOW,823950.5700000001,1598685.4593784483,-774734.8893784482,5,1,88.05169344140342,241818.13,823950.57,,1,BROAD_ELEVATION
2026-08-12 17:59:00,RED_CONFIRMED,LOW,663477.28,1598685.4593784483,-935208.1793784483,6,1,86.49642030917391,347313.47,646400.0599999999,,1,BROAD_ELEVATION
2026-08-12 18:00:00,RED_CONFIRMED,LOW,951254.98,1003565.1400000005,-52310.1600000005,6,1,85.35866709365958,462126.42,926986.0399999998,,1,BROAD_ELEVATION
2026-08-13 06:39:00,RED_CONFIRMED,LOW,256791.33,407736.11457377597,-150944.78457377598,3,1,81.16559274747534,144787.41,256791.33000000002,,1,BROAD_ELEVATION
2026-08-13 06:56:00,RED_CONFIRMED,LOW,574279.01,614075.9164437305,-39796.90644373046,3,0,42.59574705657286,370902.03,574279.01,,1,BROAD_ELEVATION
2026-08-13 06:57:00,RED_CONFIRMED,LOW,294685.77,614075.9164437305,-319390.14644373045,3,0,40.62088489030838,137924.11,294685.76999999996,,1,BROAD_ELEVATION
2026-08-13 06:58:00,RED_CONFIRMED,HIGH,1243431.6099999999,614075.9164437305,629355.6935562694,4,0,38.76747825523128,734192.63,1243431.6099999999,197.5721555760943,1,SINGLE_LARGE_PAYMENT
2026-08-13 06:59:00,RED_CONFIRMED,HIGH,2661444.68,614075.9164437305,2047368.7635562697,4,0,37.00653112886513,1941555.31,2661444.6799999997,129.9934202071679,1,SINGLE_LARGE_PAYMENT
2026-08-13 07:00:00,RED_CONFIRMED,LOW,716778.71,927244.7924611163,-210466.08246111637,3,0,37.06564458554259,352565.34,716778.71,,1,DR_CR_IMBALANCE
2026-08-13 07:01:00,RED_CONFIRMED,LOW,523457.51,925138.413100883,-401680.903100883,4,0,38.86475890732357,279556.85,523457.51,,1,BROAD_ELEVATION
2026-08-13 15:08:00,RED_CONFIRMED,LOW,727665.63,1512176.2797680155,-784510.6497680155,8,1,83.13699262613652,178611.74,582317.72,,1,BROAD_ELEVATION
2026-08-13 15:09:00,RED_CONFIRMED,LOW,1251751.09,1512176.2797680155,-260425.1897680154,5,1,77.67041609852691,477224.92,1251751.0900000003,,1,BROAD_ELEVATION
2026-08-13 15:30:00,RED_CONFIRMED,LOW,33193.16,1198282.518596568,-1165089.358596568,1,2,47.54899489245475,33193.16,33193.16,,1,FLOW_STALL_or_OUTAGE
2026-08-13 15:31:00,RED_CONFIRMED,LOW,1021217.54,1198282.518596568,-177064.97859656787,4,0,51.73887213294288,703321.41,1021217.54,,1,DR_CR_IMBALANCE
2026-08-14 07:05:00,RED_CONFIRMED,LOW,455732.55,827174.4483114392,-371441.89831143926,4,0,31.531198377556127,149938.2,455732.55,,1,BROAD_ELEVATION
2026-08-14 07:06:00,RED_CONFIRMED,HIGH,1055035.33,806463.4938902556,248571.8361097445,6,0,31.470478757164653,330983.62,990547.59,398.49550355442244,1,SINGLE_LARGE_PAYMENT
2026-08-14 07:07:00,RED_CONFIRMED,HIGH,1482404.8099999998,806463.4938902556,675941.3161097442,7,0,31.0700605134858,516994.98,1404683.76,207.81149583878062,1,SINGLE_LARGE_PAYMENT
2026-08-14 07:08:00,RED_CONFIRMED,HIGH,966764.31,806463.4938902556,160300.81610974448,4,0,30.919034273656905,693138.76,966764.3100000002,603.0938166516495,1,SINGLE_LARGE_PAYMENT
2026-08-14 07:09:00,RED_CONFIRMED,LOW,713376.38,827174.4483114392,-113798.06831143925,4,0,31.30744491975298,456670.23,713376.38,,1,BROAD_ELEVATION
2026-08-14 07:10:00,RED_CONFIRMED,HIGH,909662.3800000001,806463.4938902556,103198.88610974455,5,0,30.387530398473938,336416.03,909662.3800000001,881.4653086784677,1,SINGLE_LARGE_PAYMENT
2026-08-14 17:19:00,RED_CONFIRMED,HIGH,22095893.230000004,2442057.5784833077,19653835.6515167,18,2,38.687631884995874,19188373.26,21297600.75,108.3635842266568,1,SINGLE_LARGE_PAYMENT
2026-08-17 07:27:00,RED_CONFIRMED,HIGH,1569005.43,1196112.1616121312,372893.26838786877,7,0,31.236481516688254,795261.92,1521223.06,407.9513332532686,1,SINGLE_LARGE_PAYMENT
2026-08-17 07:28:00,RED_CONFIRMED,HIGH,1600390.8499999999,1196112.1616121312,404278.6883878687,9,0,31.26018927751304,422060.22,1406653.88,347.94163541226374,1,SINGLE_LARGE_PAYMENT
2026-08-17 09:46:00,RED_CONFIRMED,HIGH,19267393.26,2510849.762458377,16756543.497541625,18,1,42.17242657445144,15373575.84,17937726.279999997,107.04908373634254,1,SINGLE_LARGE_PAYMENT
2026-08-17 11:14:00,RED_CONFIRMED,LOW,22504.03,1517780.665897731,-1495276.635897731,1,3,88.09093524768976,22504.03,22504.03,,1,FLOW_STALL_or_OUTAGE
2026-08-17 11:15:00,RED_CONFIRMED,LOW,0.0,1381746.849297907,-1381746.849297907,0,4,90.30303030303031,0.0,0.0,,0,FLOW_STALL_or_OUTAGE
2026-08-17 11:16:00,RED_CONFIRMED,LOW,0.0,1373408.3988587665,-1373408.3988587665,0,4,91.51515151515154,0.0,0.0,,0,FLOW_STALL_or_OUTAGE
2026-08-17 11:17:00,RED_CONFIRMED,LOW,0.0,1373408.3988587665,-1373408.3988587665,0,4,92.72727272727272,0.0,0.0,,0,FLOW_STALL_or_OUTAGE
2026-08-17 11:18:00,RED_CONFIRMED,LOW,0.0,1373408.3988587665,-1373408.3988587665,0,4,92.72727272727272,0.0,0.0,,0,FLOW_STALL_or_OUTAGE
2026-08-17 11:19:00,RED_CONFIRMED,LOW,52378.37,1373408.3988587665,-1321030.0288587664,1,3,92.72727272727272,52378.37,52378.37,,1,FLOW_STALL_or_OUTAGE
2026-08-17 11:20:00,RED_CONFIRMED,LOW,1345057.34,1373408.3988587665,-28351.058858766453,1,1,90.7573550943737,1345057.34,1345057.34,,1,FLOW_STALL_or_OUTAGE
2026-08-17 11:21:00,RED_CONFIRMED,LOW,0.0,1364676.1462918986,-1364676.1462918986,0,4,90.7573550943737,0.0,0.0,,0,FLOW_STALL_or_OUTAGE
2026-08-17 11:22:00,RED_CONFIRMED,LOW,0.0,1364676.1462918986,-1364676.1462918986,0,4,90.7573550943737,0.0,0.0,,0,FLOW_STALL_or_OUTAGE
2026-08-17 11:23:00,RED_CONFIRMED,LOW,102178.67,1364676.1462918986,-1262497.4762918986,1,2,91.51515151515152,102178.67,102178.67,,1,FLOW_STALL_or_OUTAGE
2026-08-17 11:24:00,RED_CONFIRMED,LOW,0.0,1352844.3242957722,-1352844.3242957722,0,4,91.51515151515152,0.0,0.0,,0,FLOW_STALL_or_OUTAGE
2026-08-17 11:25:00,RED_CONFIRMED,LOW,184451.99,1352844.3242957722,-1168392.3342957722,1,2,90.30303030303031,184451.99,184451.99,,1,FLOW_STALL_or_OUTAGE
2026-08-17 11:26:00,RED_CONFIRMED,LOW,100858.34,1335030.7338211907,-1234172.3938211906,1,2,90.11145603795232,100858.34,100858.34,,1,FLOW_STALL_or_OUTAGE
2026-08-17 11:27:00,RED_CONFIRMED,LOW,0.0,1312339.7388945404,-1312339.7388945404,0,4,89.09698896020454,0.0,0.0,,0,FLOW_STALL_or_OUTAGE
2026-08-17 11:28:00,RED_CONFIRMED,LOW,0.0,1286052.7991341515,-1286052.7991341515,0,4,90.30911017232575,0.0,0.0,,0,FLOW_STALL_or_OUTAGE
2026-08-17 11:29:00,RED_CONFIRMED,LOW,0.0,1286052.7991341515,-1286052.7991341515,0,4,91.71280564952495,0.0,0.0,,0,FLOW_STALL_or_OUTAGE
2026-08-17 11:30:00,RED_CONFIRMED,LOW,0.0,1191287.6806883414,-1191287.6806883414,0,4,92.72727272727272,0.0,0.0,,0,FLOW_STALL_or_OUTAGE
2026-08-17 11:31:00,RED_CONFIRMED,LOW,268076.93,1185424.6174898928,-917347.6874898928,1,1,92.12775272248011,268076.93,268076.93,,1,FLOW_STALL_or_OUTAGE
2026-08-17 11:32:00,RED_CONFIRMED,LOW,0.0,1185424.6174898928,-1185424.6174898928,0,4,92.12775272248011,0.0,0.0,,0,FLOW_STALL_or_OUTAGE
2026-08-17 11:33:00,RED_CONFIRMED,LOW,0.0,1174207.5398463432,-1174207.5398463432,0,4,92.12775272248011,0.0,0.0,,0,FLOW_STALL_or_OUTAGE
2026-08-17 11:34:00,RED_CONFIRMED,LOW,364114.37,1145960.0431694794,-781845.6731694794,1,1,90.8945822096523,364114.37,364114.37,,1,FLOW_STALL_or_OUTAGE
2026-08-17 11:35:00,RED_CONFIRMED,LOW,0.0,1145960.0431694794,-1145960.0431694794,0,4,90.8945822096523,0.0,0.0,,0,FLOW_STALL_or_OUTAGE
2026-08-17 11:36:00,RED_CONFIRMED,LOW,0.0,1145960.0431694794,-1145960.0431694794,0,4,90.8945822096523,0.0,0.0,,0,FLOW_STALL_or_OUTAGE
2026-08-17 11:37:00,RED_CONFIRMED,LOW,0.0,1145960.0431694794,-1145960.0431694794,0,4,92.72727272727272,0.0,0.0,,0,FLOW_STALL_or_OUTAGE
2026-08-17 11:38:00,RED_CONFIRMED,LOW,0.0,1145960.0431694794,-1145960.0431694794,0,4,92.72727272727272,0.0,0.0,,0,FLOW_STALL_or_OUTAGE
2026-08-17 11:39:00,RED_CONFIRMED,LOW,182493.63,1145960.0431694794,-963466.4131694793,1,1,92.03758715221409,182493.63,182493.63,,1,FLOW_STALL_or_OUTAGE
2026-08-17 11:40:00,RED_CONFIRMED,LOW,0.0,1145960.0431694794,-1145960.0431694794,0,4,92.03758715221409,0.0,0.0,,0,FLOW_STALL_or_OUTAGE
2026-08-17 11:41:00,RED_CONFIRMED,LOW,0.0,1145960.0431694794,-1145960.0431694794,0,4,92.03758715221409,0.0,0.0,,0,FLOW_STALL_or_OUTAGE
2026-08-17 11:42:00,RED_CONFIRMED,LOW,0.0,1145960.0431694794,-1145960.0431694794,0,4,92.72727272727272,0.0,0.0,,0,FLOW_STALL_or_OUTAGE
2026-08-17 11:43:00,RED_CONFIRMED,LOW,98454.14,1118830.6021767522,-1020376.4621767522,2,1,91.27438573098702,83224.7,98454.14,,1,BROAD_ELEVATION
2026-08-17 11:44:00,RED_CONFIRMED,LOW,91109.58,1118830.6021767522,-1027721.0221767522,1,1,89.60568460202192,91109.58,91109.58,,1,FLOW_STALL_or_OUTAGE
2026-08-17 11:45:00,RED_CONFIRMED,LOW,0.0,1382549.248630244,-1382549.248630244,0,4,88.52123803474639,0.0,0.0,,0,FLOW_STALL_or_OUTAGE
2026-08-17 11:46:00,RED_CONFIRMED,LOW,0.0,1377280.3247905828,-1377280.3247905828,0,4,89.97412503103213,0.0,0.0,,0,FLOW_STALL_or_OUTAGE
2026-08-17 11:47:00,RED_CONFIRMED,LOW,0.0,1377280.3247905828,-1377280.3247905828,0,4,91.6428261599972,0.0,0.0,,0,FLOW_STALL_or_OUTAGE
2026-08-17 11:48:00,RED_CONFIRMED,LOW,0.0,1370157.2348983544,-1370157.2348983544,0,4,92.72727272727272,0.0,0.0,,0,FLOW_STALL_or_OUTAGE
2026-08-17 11:49:00,RED_CONFIRMED,LOW,0.0,1370157.2348983544,-1370157.2348983544,0,4,92.72727272727272,0.0,0.0,,0,FLOW_STALL_or_OUTAGE
2026-08-17 11:50:00,RED_CONFIRMED,LOW,0.0,1363493.6967308726,-1363493.6967308726,0,4,92.72727272727272,0.0,0.0,,0,FLOW_STALL_or_OUTAGE
2026-08-17 11:51:00,RED_CONFIRMED,LOW,0.0,1356496.226234455,-1356496.226234455,0,4,92.72727272727272,0.0,0.0,,0,FLOW_STALL_or_OUTAGE
2026-08-17 11:52:00,RED_CONFIRMED,LOW,19460.09,1356496.226234455,-1337036.1362344548,1,2,92.72727272727272,19460.09,19460.09,,1,FLOW_STALL_or_OUTAGE
2026-08-17 11:53:00,RED_CONFIRMED,LOW,114268.57,1336937.8099696264,-1222669.2399696263,1,1,91.26411401125434,114268.57,114268.57,,1,FLOW_STALL_or_OUTAGE
2026-08-17 11:54:00,RED_CONFIRMED,LOW,44630.18,1321634.5156486838,-1277004.3356486838,1,2,89.80311055782236,44630.18,44630.18,,1,FLOW_STALL_or_OUTAGE
2026-08-17 11:55:00,RED_CONFIRMED,LOW,0.0,1312272.3092826095,-1312272.3092826095,0,4,88.6739409396384,0.0,0.0,,0,FLOW_STALL_or_OUTAGE
2026-08-17 11:56:00,RED_CONFIRMED,LOW,0.0,1296606.6121078264,-1296606.6121078264,0,4,90.13709965565681,0.0,0.0,,0,FLOW_STALL_or_OUTAGE
2026-08-17 11:57:00,RED_CONFIRMED,LOW,0.0,1296606.6121078264,-1296606.6121078264,0,4,91.5981031090888,0.0,0.0,,0,FLOW_STALL_or_OUTAGE
2026-08-17 11:58:00,RED_CONFIRMED,LOW,824577.25,1275952.7783597703,-451375.5283597703,1,1,89.68699867969633,824577.25,824577.25,,1,FLOW_STALL_or_OUTAGE
2026-08-17 11:59:00,RED_CONFIRMED,LOW,0.0,1261746.1354966299,-1261746.1354966299,0,4,89.68699867969633,0.0,0.0,,0,FLOW_STALL_or_OUTAGE
2026-08-17 12:00:00,RED_CONFIRMED,LOW,0.0,1398795.4059103148,-1398795.4059103148,0,4,89.68699867969633,0.0,0.0,,0,FLOW_STALL_or_OUTAGE
2026-08-17 12:01:00,RED_CONFIRMED,LOW,0.0,1398795.4059103148,-1398795.4059103148,0,4,92.72727272727272,0.0,0.0,,0,FLOW_STALL_or_OUTAGE
2026-08-17 12:02:00,RED_CONFIRMED,LOW,0.0,1398795.4059103148,-1398795.4059103148,0,4,92.72727272727272,0.0,0.0,,0,FLOW_STALL_or_OUTAGE
2026-08-17 12:03:00,RED_CONFIRMED,LOW,0.0,1378009.6125911605,-1378009.6125911605,0,4,92.72727272727272,0.0,0.0,,0,FLOW_STALL_or_OUTAGE
2026-08-17 12:04:00,RED_CONFIRMED,LOW,0.0,1378009.6125911605,-1378009.6125911605,0,4,92.72727272727272,0.0,0.0,,0,FLOW_STALL_or_OUTAGE
2026-08-17 12:05:00,RED_CONFIRMED,LOW,0.0,1378009.6125911605,-1378009.6125911605,0,4,92.72727272727272,0.0,0.0,,0,FLOW_STALL_or_OUTAGE
2026-08-17 12:06:00,RED_CONFIRMED,LOW,0.0,1373642.858258686,-1373642.858258686,0,4,92.72727272727272,0.0,0.0,,0,FLOW_STALL_or_OUTAGE
2026-08-17 12:07:00,RED_CONFIRMED,HIGH,1935082.3900000001,1373642.858258686,561439.5317413141,9,1,90.70707070707071,495274.37,1691806.0599999998,301.3336190903471,1,SINGLE_LARGE_PAYMENT
2026-08-17 12:08:00,RED_CONFIRMED,HIGH,1941319.06,1373642.858258686,567676.201741314,11,1,87.11160867397875,737247.34,1671796.42,294.49823946677014,1,SINGLE_LARGE_PAYMENT
2026-08-17 12:09:00,RED_CONFIRMED,HIGH,7933833.220000001,1373642.858258686,6560190.361741315,6,1,84.93075644554311,7007895.88,7926208.63,120.82284496232354,1,SINGLE_LARGE_PAYMENT
2026-08-17 12:10:00,RED_CONFIRMED,HIGH,1661072.4400000002,1373642.858258686,287429.58174131415,7,1,84.19749108144674,723837.97,1547959.1199999999,538.5524727907648,1,SINGLE_LARGE_PAYMENT
2026-08-17 12:11:00,RED_CONFIRMED,HIGH,1550086.01,1378009.6125911605,172076.39740883955,8,1,84.9461219851241,730543.12,1412028.42,820.5822769784836,1,SINGLE_LARGE_PAYMENT
2026-08-17 12:12:00,RED_CONFIRMED,HIGH,1608595.2,1398795.4059103148,209799.7940896852,5,1,84.39631550290287,1196086.01,1608595.1999999997,766.7286838767619,1,SINGLE_LARGE_PAYMENT
2026-08-17 12:13:00,RED_CONFIRMED,HIGH,3009509.29,1398795.4059103148,1610713.8840896853,7,1,84.45454386301633,1708265.54,2996798.3100000005,186.05404346493714,1,SINGLE_LARGE_PAYMENT
2026-08-17 12:14:00,RED_CONFIRMED,LOW,1305952.34,1398795.4059103148,-92843.06591031468,6,1,85.28117297222893,529536.47,1216041.23,,1,DR_CR_IMBALANCE
2026-08-17 12:15:00,RED_CONFIRMED,LOW,1074285.16,1663513.0163818845,-589227.8563818845,5,1,85.99162966268379,647807.48,1074285.1600000001,,1,BROAD_ELEVATION
2026-08-17 12:16:00,RED_CONFIRMED,LOW,1086185.23,1654891.2096729963,-568705.9796729963,5,1,86.66666666666667,669362.25,1086185.23,,1,DR_CR_IMBALANCE
2026-08-17 12:17:00,RED_CONFIRMED,LOW,679847.88,1654891.2096729963,-975043.3296729963,6,1,86.66666666666667,237057.38,662350.23,,1,BROAD_ELEVATION
2026-08-17 12:18:00,RED_CONFIRMED,LOW,1416352.71,1652304.5060250883,-235951.7960250883,5,1,86.66666666666667,688097.22,1416352.71,,1,BROAD_ELEVATION
2026-08-17 12:19:00,RED_CONFIRMED,LOW,1557636.31,1633520.2357943426,-75883.92579434253,6,1,86.66666666666667,825798.39,1476812.71,,1,BROAD_ELEVATION
2026-08-17 12:20:00,RED_CONFIRMED,HIGH,3721784.09,1614711.7777019222,2107072.3122980776,8,1,86.66666666666667,3290127.84,3651202.3499999996,173.28320099360127,1,SINGLE_LARGE_PAYMENT
2026-08-17 12:21:00,RED_CONFIRMED,LOW,1233561.85,1614711.7777019222,-381149.92770192213,11,1,86.66666666666667,467336.64,993805.9400000001,,1,BROAD_ELEVATION
2026-08-17 12:22:00,RED_CONFIRMED,HIGH,1771931.61,1614711.7777019222,157219.83229807788,10,1,86.66666666666667,454489.14,1436408.76,913.6307671901525,1,SINGLE_LARGE_PAYMENT
2026-08-17 12:23:00,RED_CONFIRMED,LOW,1111550.06,1633520.2357943426,-521970.17579434253,5,1,86.66666666666667,403466.05,1111550.06,,1,BROAD_ELEVATION
2026-08-17 12:24:00,RED_CONFIRMED,HIGH,2121315.9499999997,1633520.2357943426,487795.71420565713,11,1,86.66666666666667,1290460.39,1831382.7299999997,375.44051262981776,1,SINGLE_LARGE_PAYMENT
2026-08-17 12:25:00,RED_CONFIRMED,HIGH,3483344.11,1633520.2357943426,1849823.8742056573,9,1,86.66666666666667,2678409.71,3382444.6299999994,182.85225297205514,1,SINGLE_LARGE_PAYMENT
2026-08-17 12:26:00,RED_CONFIRMED,LOW,1148930.6600000001,1652304.5060250883,-503373.8460250881,4,1,86.1814359639241,748065.51,1148930.66,,1,BROAD_ELEVATION
2026-08-17 12:27:00,RED_CONFIRMED,HIGH,2575950.2399999998,1652304.5060250883,923645.7339749115,8,1,83.24493298220621,1004669.42,2346983.69,254.09998700473074,1,SINGLE_LARGE_PAYMENT
2026-08-17 14:36:00,RED_CONFIRMED,HIGH,14352321.28,1372360.5612741704,12979960.718725828,13,1,49.909262713142446,11745084.38,13391777.18,103.17270961136312,1,SINGLE_LARGE_PAYMENT
2026-08-17 17:07:00,RED_CONFIRMED,HIGH,17438133.27,2414280.7108025863,15023852.559197413,10,2,38.45878095392155,14582658.85,17156173.060000002,114.19290087146928,1,SINGLE_LARGE_PAYMENT
2026-08-18 11:01:00,RED_CONFIRMED,HIGH,14233221.299999999,1517780.665897731,12715440.634102268,7,2,41.13550426278494,12960978.11,14186181.36,111.56657302109743,1,SINGLE_LARGE_PAYMENT
2026-08-18 12:27:00,RED_CONFIRMED,HIGH,8376165.01,1567426.9621102493,6808738.04788975,16,2,39.28517902374019,3699244.85,7005084.24,102.88373837749718,1,SINGLE_LARGE_PAYMENT
2026-08-18 13:09:00,RED_CONFIRMED,HIGH,9140153.92,1834270.6594674876,7305883.260532512,14,2,46.010239658800295,4273414.74,8302943.07,113.64735479491928,1,SINGLE_LARGE_PAYMENT
2026-08-19 06:37:00,RED_CONFIRMED,LOW,176038.26,385604.3024475725,-209566.04244757252,1,1,86.77666570072472,176038.26,176038.26,,1,FLOW_STALL_or_OUTAGE
2026-08-19 06:38:00,RED_CONFIRMED,LOW,336494.0,378588.5366302287,-42094.536630228686,4,1,83.64843805855891,179971.28,336494.0,,1,BROAD_ELEVATION
2026-08-19 06:39:00,RED_CONFIRMED,HIGH,378665.41000000003,375045.29338966677,3620.1166103332653,4,1,78.79022495199747,157120.31,378665.41000000003,10460.033495029884,1,SINGLE_LARGE_PAYMENT
2026-08-19 06:58:00,RED_CONFIRMED,LOW,497791.99,707777.1041612471,-209985.11416124715,5,1,83.86915121484469,197711.99,497791.99,,1,DR_CR_IMBALANCE
2026-08-19 06:59:00,RED_CONFIRMED,LOW,608358.63,687050.996974,-78692.366974,3,1,79.32019353919829,392036.24,608358.63,,1,DR_CR_IMBALANCE
2026-08-19 07:00:00,RED_CONFIRMED,HIGH,1821400.74,779974.2471535039,1041426.492846496,5,0,74.79138644846863,1529032.8,1821400.74,174.89479598522854,1,SINGLE_LARGE_PAYMENT
2026-08-19 07:01:00,RED_CONFIRMED,LOW,326799.2,787817.5000306695,-461018.3000306695,2,0,69.71274729707125,252092.19,326799.2,,1,BROAD_ELEVATION
2026-08-19 07:02:00,RED_CONFIRMED,HIGH,1547828.05,787817.5000306695,760010.5499693305,3,0,64.11774594700661,1371719.87,1547828.05,203.6587584294009,1,SINGLE_LARGE_PAYMENT
2026-08-19 07:22:00,RED_CONFIRMED,LOW,492091.14,1235562.9132803103,-743471.7732803103,3,0,37.862928256297806,248556.19,492091.14,,1,BROAD_ELEVATION
2026-08-19 07:23:00,RED_CONFIRMED,LOW,891417.89,1214149.168419365,-322731.27841936506,5,0,37.77102315939812,262064.1,891417.89,,1,DR_CR_IMBALANCE
2026-08-19 07:24:00,RED_CONFIRMED,HIGH,2230142.05,1214149.168419365,1015992.8815806347,8,0,36.85627064702857,985233.99,1884322.9200000002,185.46615376561078,1,SINGLE_LARGE_PAYMENT
2026-08-19 07:25:00,RED_CONFIRMED,HIGH,3779149.01,1214149.168419365,2564999.841580635,8,0,35.6852044996164,1501250.32,3455993.9099999997,134.73661299995658,1,SINGLE_LARGE_PAYMENT
2026-08-19 07:26:00,RED_CONFIRMED,LOW,829010.24,1235562.9132803103,-406552.67328031035,5,0,34.05324469756963,452533.41,829010.24,,1,DR_CR_IMBALANCE
2026-08-19 07:27:00,RED_CONFIRMED,LOW,890731.13,1214149.168419365,-323418.03841936507,6,0,33.99278164601042,399507.23,833124.8,,1,DR_CR_IMBALANCE
2026-08-19 07:28:00,RED_CONFIRMED,LOW,1030416.59,1214149.168419365,-183732.5784193651,6,0,32.91176782391528,713573.2,1007855.22,,1,DR_CR_IMBALANCE
2026-08-19 11:04:00,RED_CONFIRMED,HIGH,4177276.5500000003,1516055.8348011363,2661220.715198864,14,0,55.064813231275195,2257242.36,3614365.1899999995,135.8160625068601,1,SINGLE_LARGE_PAYMENT
2026-08-19 11:05:00,RED_CONFIRMED,LOW,1247216.72,1517780.665897731,-270563.945897731,12,0,50.0041773709684,396250.59,899192.4400000001,,1,BROAD_ELEVATION
2026-08-19 12:08:00,RED_CONFIRMED,HIGH,15288972.36,1378009.6125911605,13910962.747408839,9,1,43.56217052555677,14451294.4,15163792.0,109.00605713162822,1,SINGLE_LARGE_PAYMENT
2026-08-19 13:16:00,RED_CONFIRMED,LOW,615254.34,2269229.435072073,-1653975.095072073,5,0,43.73316125430606,190998.6,615254.34,,1,BROAD_ELEVATION
2026-08-19 14:30:00,RED_CONFIRMED,HIGH,12894969.63,1431397.6506661219,11463571.97933388,8,2,43.54345085324626,9036462.31,12684913.560000002,110.65411010519159,1,SINGLE_LARGE_PAYMENT
2026-08-20 06:41:00,RED_CONFIRMED,LOW,0.0,362517.8668204696,-362517.8668204696,0,4,88.99876190111688,0.0,0.0,,0,FLOW_STALL_or_OUTAGE
2026-08-20 06:42:00,RED_CONFIRMED,HIGH,495946.99999999994,362517.8668204696,133429.13317953033,4,1,87.705537985704,211397.09,495947.0,371.69318887255156,1,SINGLE_LARGE_PAYMENT
2026-08-20 06:43:00,RED_CONFIRMED,HIGH,763573.7000000001,362517.8668204696,401055.83317953045,4,1,87.52517916079141,605416.56,763573.7000000001,190.39087249933863,1,SINGLE_LARGE_PAYMENT
2026-08-20 06:44:00,RED_CONFIRMED,HIGH,646077.4,368568.07530815975,277509.3246918403,4,1,84.75170155528869,400506.96,646077.4,232.81286159210524,1,SINGLE_LARGE_PAYMENT
2026-08-20 06:45:00,RED_CONFIRMED,LOW,658400.72,687050.996974,-28650.276974000037,3,1,84.36758281851257,398662.0,658400.72,,1,BROAD_ELEVATION
2026-08-20 06:46:00,RED_CONFIRMED,HIGH,844250.55,687050.996974,157199.55302600004,6,1,82.24127893135348,481857.09,833688.1200000001,530.3374621314045,1,SINGLE_LARGE_PAYMENT
2026-08-20 06:56:00,RED_CONFIRMED,LOW,217448.32,668852.4269663079,-451404.1069663079,3,1,86.17452228703446,140240.56,217448.32,,1,DR_CR_IMBALANCE
2026-08-20 06:57:00,RED_CONFIRMED,LOW,342780.38,668852.4269663079,-326072.0469663079,5,1,83.00393150254138,178434.52,342780.37999999995,,1,DR_CR_IMBALANCE
2026-08-20 06:58:00,RED_CONFIRMED,HIGH,827754.98,661990.916514777,165764.06348522299,1,1,78.61463423046918,827754.98,827754.98,499.35731701810636,1,SINGLE_LARGE_PAYMENT
2026-08-20 10:38:00,RED_CONFIRMED,HIGH,23234818.83,1828322.2807044005,21406496.549295597,10,2,42.039763797695436,21836711.25,22983988.820000004,107.36922208205209,1,SINGLE_LARGE_PAYMENT
2026-08-20 11:33:00,RED_CONFIRMED,LOW,1071003.83,1138362.5481661377,-67358.71816613758,7,1,85.97655338139714,242484.08,874129.0299999999,,1,BROAD_ELEVATION
2026-08-20 11:34:00,RED_CONFIRMED,LOW,989990.96,1138362.5481661377,-148371.5881661377,5,1,82.04390463197238,301307.26,989990.96,,1,BROAD_ELEVATION
2026-08-20 11:35:00,RED_CONFIRMED,LOW,430827.82999999996,1092894.71546308,-662066.88546308,6,1,79.27940251003862,147012.71,393970.11,,1,BROAD_ELEVATION
2026-08-20 12:24:00,RED_CONFIRMED,HIGH,17793263.65,1488846.3461661602,16304417.303833839,9,2,37.98068545932617,16558003.54,17407808.95,106.76743992504846,1,SINGLE_LARGE_PAYMENT
2026-08-20 15:34:00,RED_CONFIRMED,HIGH,1026841.0700000001,856769.3088691228,170071.7611308773,5,0,34.05710680542557,394659.02,1026841.0700000001,603.7692931337397,1,SINGLE_LARGE_PAYMENT
2026-08-20 15:35:00,RED_CONFIRMED,HIGH,1609160.1099999999,875800.5449571831,733359.5650428168,5,0,32.0528323328711,714188.11,1609160.11,219.42307521495957,1,SINGLE_LARGE_PAYMENT
2026-08-20 15:36:00,RED_CONFIRMED,HIGH,927259.62,884942.1753402626,42317.444659737404,6,0,30.982038190850897,349716.88,907487.99,2144.4772889687792,1,SINGLE_LARGE_PAYMENT
2026-08-21 06:32:00,RED_CONFIRMED,HIGH,680195.11,375045.29338966677,305149.8166103332,1,1,76.19259117348639,680195.11,680195.11,222.90529863519072,1,SINGLE_LARGE_PAYMENT
2026-08-21 10:55:00,RED_CONFIRMED,HIGH,12670182.29,1751884.6057435991,10918297.6842564,12,0,54.19877883205788,11460167.92,12251359.07,112.20942517134151,1,SINGLE_LARGE_PAYMENT
2026-08-24 08:00:00,RED_CONFIRMED,HIGH,13269889.229999999,1795456.9582050515,11474432.271794947,15,0,42.34508535074226,11074509.35,12404175.88,108.10274169721177,1,SINGLE_LARGE_PAYMENT
2026-08-24 10:22:00,RED_CONFIRMED,HIGH,4858531.68,2031691.7554906055,2826839.924509394,14,0,36.05802588265801,1071166.31,3526315.65,124.74408683088068,1,SINGLE_LARGE_PAYMENT
2026-08-24 10:23:00,RED_CONFIRMED,LOW,1359493.75,2031691.7554906055,-672198.0054906055,7,0,35.61611956003627,517536.64,1258340.5899999999,,1,DR_CR_IMBALANCE
2026-08-24 10:24:00,RED_CONFIRMED,LOW,912561.0599999999,2031691.7554906055,-1119130.6954906057,5,0,37.354170360809725,552591.98,912561.0599999999,,1,DR_CR_IMBALANCE
2026-08-24 10:25:00,RED_CONFIRMED,LOW,1069983.21,2004255.1675626002,-934271.9575626003,8,0,37.54909090334449,409830.99,1001149.8099999998,,1,DR_CR_IMBALANCE
2026-08-24 10:26:00,RED_CONFIRMED,LOW,1888342.75,1976363.1618045731,-88020.41180457314,6,0,38.06817162141505,946464.55,1862775.87,,1,DR_CR_IMBALANCE
2026-08-24 10:27:00,RED_CONFIRMED,HIGH,3150244.3000000003,1956381.9042148897,1193862.3957851105,8,0,36.15487972132148,1397155.79,2958868.89,247.84002749782417,1,SINGLE_LARGE_PAYMENT
2026-08-24 10:28:00,RED_CONFIRMED,LOW,1376233.64,1976363.1618045731,-600129.5218045732,7,0,35.33199352646975,395742.0,1292002.19,,1,DR_CR_IMBALANCE
2026-08-24 10:29:00,RED_CONFIRMED,LOW,1521595.8599999999,1956381.9042148897,-434786.0442148899,9,0,34.06376465567246,311797.65,1190190.84,,1,BROAD_ELEVATION
2026-08-24 10:30:00,RED_CONFIRMED,HIGH,2810886.32,1860165.953154861,950720.3668451388,13,0,34.260297543021835,604941.76,2221769.43,233.69326118180237,1,SINGLE_LARGE_PAYMENT
2026-08-24 10:31:00,RED_CONFIRMED,HIGH,4302384.74,1916893.1386879988,2385491.6013120012,8,0,34.51298733243109,1740102.71,4017731.4499999997,168.42362588031244,1,SINGLE_LARGE_PAYMENT
2026-08-24 10:32:00,RED_CONFIRMED,LOW,1887458.11,1945974.464684617,-58516.354684616905,7,0,34.42587306357966,712993.06,1829539.13,,1,DR_CR_IMBALANCE
2026-08-24 10:33:00,RED_CONFIRMED,LOW,185571.25,1945974.464684617,-1760403.214684617,3,2,41.68848347648845,135941.01,185571.25,,1,DR_CR_IMBALANCE
2026-08-24 10:34:00,RED_CONFIRMED,LOW,872466.5800000001,1916893.1386879988,-1044426.5586879987,6,0,42.46639857806144,611079.01,853629.78,,1,DR_CR_IMBALANCE
2026-08-24 10:35:00,RED_CONFIRMED,HIGH,2957647.36,1887869.2152288293,1069778.1447711706,9,0,43.70404505824364,1858224.04,2721570.66,254.40514683370674,1,SINGLE_LARGE_PAYMENT
2026-08-24 10:36:00,RED_CONFIRMED,LOW,1303048.91,1916893.1386879988,-613844.2286879988,7,0,36.617366177383495,325729.78,1231329.08,,1,DR_CR_IMBALANCE
2026-08-24 10:37:00,RED_CONFIRMED,HIGH,7081534.15,1887869.2152288293,5193664.934771171,12,0,38.25622142834012,5837054.72,6708592.499999999,129.16875817472376,1,SINGLE_LARGE_PAYMENT
2026-08-24 10:38:00,RED_CONFIRMED,HIGH,2024754.38,1916893.1386879988,107861.24131200113,5,0,38.31802691836159,1653030.4,2024754.38,1877.1843855784705,1,SINGLE_LARGE_PAYMENT
2026-08-24 10:39:00,RED_CONFIRMED,LOW,882588.48,1945974.464684617,-1063385.984684617,7,0,38.737817516616076,413698.67,865577.1799999999,,1,DR_CR_IMBALANCE
2026-08-24 10:40:00,RED_CONFIRMED,HIGH,4919968.050000001,1945974.464684617,2973993.585315384,8,0,37.191176736703135,3117442.91,4772760.51,160.4832146769362,1,SINGLE_LARGE_PAYMENT
2026-08-24 10:41:00,RED_CONFIRMED,HIGH,2740095.91,1945974.464684617,794121.4453153831,10,0,37.10847369336427,1196595.68,2481226.7199999997,312.449277706458,1,SINGLE_LARGE_PAYMENT
2026-08-24 10:42:00,RED_CONFIRMED,HIGH,3187369.5999999996,1948917.2675779387,1238452.332422061,10,0,36.78484716100001,1116714.57,2935082.38,236.9959911383761,1,SINGLE_LARGE_PAYMENT
2026-08-24 10:43:00,RED_CONFIRMED,HIGH,2309709.74,1953448.7981907823,356260.9418092179,7,0,34.90225277618309,1630405.1,2232015.92,626.5115419796065,1,SINGLE_LARGE_PAYMENT
2026-08-24 10:44:00,RED_CONFIRMED,LOW,1166337.05,1953448.7981907823,-787111.7481907823,6,0,33.741715849402745,877520.6,1125742.67,,1,BROAD_ELEVATION
2026-08-24 10:45:00,RED_CONFIRMED,HIGH,2346927.05,1751884.6057435991,595042.4442564007,11,0,32.97448531440233,654106.4,1906451.9700000002,320.3892408687606,1,SINGLE_LARGE_PAYMENT
2026-08-24 10:46:00,RED_CONFIRMED,HIGH,2823667.25,1751884.6057435991,1071782.6442564009,10,0,32.54300643557829,1398815.36,2512785.56,234.44917432334074,1,SINGLE_LARGE_PAYMENT
2026-08-24 10:47:00,RED_CONFIRMED,LOW,1266786.18,1751884.6057435991,-485098.4257435992,10,0,32.363123434025006,641674.38,1081425.75,,1,DR_CR_IMBALANCE
2026-08-24 10:48:00,RED_CONFIRMED,LOW,625742.94,1751884.6057435991,-1126141.6657435992,7,0,33.21741182045038,175112.01,575600.49,,1,DR_CR_IMBALANCE
2026-08-24 10:49:00,RED_CONFIRMED,LOW,907074.54,1741338.7764226466,-834264.2364226466,5,0,34.1206052816053,294031.61,907074.54,,1,DR_CR_IMBALANCE
2026-08-24 10:50:00,RED_CONFIRMED,LOW,98569.6,1735815.0646319946,-1637245.4646319945,4,2,42.2146056097098,43456.48,98569.6,,1,DR_CR_IMBALANCE
2026-08-24 10:51:00,RED_CONFIRMED,HIGH,2208449.62,1719691.8732587122,488757.7467412879,6,0,42.25124972876421,1370329.23,2177663.83,445.55075485129726,1,SINGLE_LARGE_PAYMENT
2026-08-24 10:52:00,RED_CONFIRMED,LOW,1078194.74,1719691.8732587122,-641497.1332587122,6,0,42.2866891406468,526689.95,1047529.47,,1,DR_CR_IMBALANCE
2026-08-24 10:53:00,RED_CONFIRMED,LOW,670717.87,1719691.8732587122,-1048974.0032587121,3,0,35.06612469009905,341818.73,670717.87,,1,BROAD_ELEVATION
2026-08-24 10:54:00,RED_CONFIRMED,LOW,1652719.95,1719691.8732587122,-66971.92325871228,9,0,34.64672378883196,717967.57,1386597.5499999998,,1,DR_CR_IMBALANCE
2026-08-24 10:55:00,RED_CONFIRMED,HIGH,1996488.0999999999,1719691.8732587122,276796.2267412876,11,0,34.049868279009665,708277.48,1656130.7999999998,598.3213064345458,1,SINGLE_LARGE_PAYMENT
2026-08-24 10:56:00,RED_CONFIRMED,LOW,316401.33999999997,1719691.8732587122,-1403290.5332587124,4,0,39.29053861805597,208182.27,316401.33999999997,,1,DR_CR_IMBALANCE
2026-08-24 10:57:00,RED_CONFIRMED,LOW,1086200.12,1719691.8732587122,-633491.7532587121,6,0,39.75332063842314,381577.81,1067212.36,,1,DR_CR_IMBALANCE
2026-08-24 10:58:00,RED_CONFIRMED,HIGH,5642007.44,1719691.8732587122,3922315.566741288,7,0,41.617533895378095,4260262.82,5577671.47,142.20353704569476,1,SINGLE_LARGE_PAYMENT
2026-08-24 10:59:00,RED_CONFIRMED,HIGH,4113488.28,1735815.0646319946,2377673.2153680054,10,0,36.499767317764224,1502331.18,3738702.3999999994,157.24206235890748,1,SINGLE_LARGE_PAYMENT
2026-08-24 11:00:00,RED_CONFIRMED,LOW,305585.29000000004,1525229.4461734053,-1219644.1561734052,4,0,39.123714486007515,156404.14,305585.29000000004,,1,BROAD_ELEVATION
2026-08-24 11:01:00,RED_CONFIRMED,LOW,710554.88,1519938.930264868,-809384.0502648681,3,0,38.59340060571218,456323.13,710554.88,,1,DR_CR_IMBALANCE
2026-08-24 11:02:00,RED_CONFIRMED,LOW,1273809.6400000001,1519938.930264868,-246129.29026486794,7,0,38.07236239504358,256001.77,1106685.05,,1,BROAD_ELEVATION
2026-08-24 11:03:00,RED_CONFIRMED,HIGH,1635516.32,1497588.6816024452,137927.63839755487,4,0,35.13184414639097,1340105.57,1635516.32,1185.7785277856203,1,SINGLE_LARGE_PAYMENT
2026-08-24 11:04:00,RED_CONFIRMED,LOW,346837.47,1497588.6816024452,-1150751.2116024452,3,0,36.78826290909763,170439.74,346837.47,,1,DR_CR_IMBALANCE
2026-08-24 11:05:00,RED_CONFIRMED,HIGH,2195512.52,1473815.0973056217,721697.4226943783,5,0,36.28296798933795,1034868.25,2195512.52,304.21509776261837,1,SINGLE_LARGE_PAYMENT
2026-08-24 11:06:00,RED_CONFIRMED,LOW,515938.72,1497588.6816024452,-981649.9616024452,5,0,36.9812899370518,196212.62,515938.72,,1,DR_CR_IMBALANCE
2026-08-24 11:07:00,RED_CONFIRMED,LOW,847084.5,1497588.6816024452,-650504.1816024452,6,0,34.924255948468634,379772.75,825662.0599999999,,1,DR_CR_IMBALANCE
2026-08-24 11:08:00,RED_CONFIRMED,HIGH,1722611.86,1497588.6816024452,225023.1783975549,6,0,35.739570018742945,893158.28,1702490.4999999998,756.5845048158376,1,SINGLE_LARGE_PAYMENT
2026-08-24 11:09:00,RED_CONFIRMED,LOW,749195.9700000001,1519938.930264868,-770742.960264868,9,0,35.111746046232234,151515.97,513836.26,,1,DR_CR_IMBALANCE
2026-08-24 11:10:00,RED_CONFIRMED,LOW,787560.5,1499219.0593404346,-711658.5593404346,4,0,34.67576299235513,245752.12,787560.5,,1,BROAD_ELEVATION
2026-08-24 11:11:00,RED_CONFIRMED,LOW,519583.67,1499219.0593404346,-979635.3893404347,8,0,35.106605790838636,135424.47,443766.56,,1,BROAD_ELEVATION
2026-08-24 11:12:00,RED_CONFIRMED,LOW,494056.56,1473815.0973056217,-979758.5373056217,4,0,36.281566083078324,351286.54,494056.55999999994,,1,DR_CR_IMBALANCE
2026-08-24 11:13:00,RED_CONFIRMED,HIGH,1744868.7399999998,1473815.0973056217,271053.64269437804,6,0,36.572569374127845,774708.59,1673073.3699999996,617.2480669763385,1,SINGLE_LARGE_PAYMENT
2026-08-24 11:14:00,RED_CONFIRMED,LOW,1475310.82,1499219.0593404346,-23908.23934043455,5,0,36.370375419566784,613920.77,1475310.8199999998,,1,DR_CR_IMBALANCE
2026-08-24 11:15:00,RED_CONFIRMED,LOW,334701.29999999993,1054696.0568342477,-719994.7568342477,6,0,35.739323258689154,159553.71,330431.31000000006,,1,BROAD_ELEVATION
2026-08-24 11:16:00,RED_CONFIRMED,LOW,550679.77,1035206.3138616136,-484526.5438616136,5,0,36.26902495408168,250620.02,550679.7699999999,,1,BROAD_ELEVATION
2026-08-24 11:17:00,RED_CONFIRMED,LOW,299801.89,1022701.6978619018,-722899.8078619018,4,0,38.105544446044576,123633.3,299801.89,,1,BROAD_ELEVATION
2026-08-24 11:18:00,RED_CONFIRMED,HIGH,1389561.3900000001,1022701.6978619018,366859.6921380983,7,0,37.74627509145195,663667.03,1374800.25,374.74824284660826,1,SINGLE_LARGE_PAYMENT
2026-08-24 11:19:00,RED_CONFIRMED,LOW,14693.71,1022701.6978619018,-1008007.9878619019,1,2,45.928858359675964,14693.71,14693.71,,1,FLOW_STALL_or_OUTAGE
2026-08-24 11:20:00,RED_CONFIRMED,HIGH,1367583.94,1022701.6978619018,344882.2421380981,4,0,48.263152919777916,991727.17,1367583.9400000002,396.5364906936527,1,SINGLE_LARGE_PAYMENT
2026-08-24 11:21:00,RED_CONFIRMED,LOW,827579.54,1022701.6978619018,-195122.1578619018,6,0,51.36536286902259,438038.16,794280.65,,1,DR_CR_IMBALANCE
2026-08-24 11:22:00,RED_CONFIRMED,LOW,569978.86,1010311.5449434824,-440332.6849434824,4,0,45.47162634321773,295597.84,569978.86,,1,BROAD_ELEVATION
2026-08-24 11:23:00,RED_CONFIRMED,HIGH,2986056.39,991069.5943022707,1994986.7956977296,6,0,41.9739755118263,2238195.59,2931142.2299999995,146.92539501119143,1,SINGLE_LARGE_PAYMENT
2026-08-24 11:24:00,RED_CONFIRMED,HIGH,1684011.59,991069.5943022707,692941.9956977294,7,0,37.96322271453152,797334.88,1627670.2300000002,234.89270965040654,1,SINGLE_LARGE_PAYMENT
2026-08-24 11:25:00,RED_CONFIRMED,HIGH,2162213.3400000003,991069.5943022707,1171143.7456977298,6,0,34.51045395639511,1636145.98,2138608.7399999998,182.60856089240227,1,SINGLE_LARGE_PAYMENT
2026-08-24 11:26:00,RED_CONFIRMED,LOW,218562.95,991069.5943022707,-772506.6443022706,2,0,35.63023610293427,121103.22,218562.95,,1,DR_CR_IMBALANCE
2026-08-24 11:27:00,RED_CONFIRMED,LOW,757451.76,969783.1042848448,-212331.34428484482,4,0,36.25771060324541,528086.25,757451.7600000001,,1,DR_CR_IMBALANCE
2026-08-24 11:28:00,RED_CONFIRMED,LOW,466933.52,949264.6138930534,-482331.09389305336,3,0,37.19381672723026,257545.57,466933.52,,1,DR_CR_IMBALANCE
2026-08-24 11:29:00,RED_CONFIRMED,LOW,524017.41,949264.6138930534,-425247.2038930534,7,0,35.356314270925736,191133.72,502111.64999999997,,1,DR_CR_IMBALANCE
2026-08-24 11:30:00,RED_CONFIRMED,HIGH,4170997.43,1092894.71546308,3078102.71453692,10,0,35.47988851016848,1849612.5,3871308.93,125.7693225023653,1,SINGLE_LARGE_PAYMENT
2026-08-24 11:31:00,RED_CONFIRMED,HIGH,1449267.6199999999,1136207.9103089415,313059.7096910584,5,0,34.33710141707429,697667.73,1449267.6199999999,462.93648627931185,1,SINGLE_LARGE_PAYMENT
2026-08-24 11:32:00,RED_CONFIRMED,LOW,369645.67000000004,1171074.3858471448,-801428.7158471447,4,0,34.255574858448625,219149.42,369645.67,,1,DR_CR_IMBALANCE
2026-08-24 11:33:00,RED_CONFIRMED,HIGH,2292644.23,1171074.3858471448,1121569.8441528552,7,0,33.56013249902329,1057306.57,2221728.2600000002,198.090941155619,1,SINGLE_LARGE_PAYMENT
2026-08-24 11:34:00,RED_CONFIRMED,LOW,815942.05,1171074.3858471448,-355132.3358471447,4,0,33.39657308455188,315639.57,815942.05,,1,BROAD_ELEVATION
2026-08-24 11:35:00,RED_CONFIRMED,LOW,373233.07,1136207.9103089415,-762974.8403089414,3,0,33.341141762387046,205108.96,373233.07,,1,DR_CR_IMBALANCE
2026-08-24 11:36:00,RED_CONFIRMED,LOW,553222.84,1092894.71546308,-539671.87546308,3,0,33.58230049012026,479118.24,553222.84,,1,DR_CR_IMBALANCE
2026-08-24 11:37:00,RED_CONFIRMED,LOW,484588.67,1092894.71546308,-608306.04546308,5,0,33.60690175749498,150050.91,484588.67,,1,BROAD_ELEVATION
2026-08-24 11:38:00,RED_CONFIRMED,HIGH,3491824.09,1092894.71546308,2398929.37453692,6,0,33.29922754741751,2256002.61,3440395.78,143.41380019426876,1,SINGLE_LARGE_PAYMENT
2026-08-24 11:39:00,RED_CONFIRMED,LOW,522552.93,1136207.9103089415,-613654.9803089416,5,0,32.796721615925264,282723.29,522552.93,,1,DR_CR_IMBALANCE
2026-08-24 11:40:00,RED_CONFIRMED,LOW,194075.31,1136207.9103089415,-942132.6003089414,2,0,34.87579361025949,189315.93,194075.31,,1,DR_CR_IMBALANCE
2026-08-24 11:41:00,RED_CONFIRMED,LOW,688648.05,1136207.9103089415,-447559.86030894145,4,0,35.16252910380525,413628.25,688648.05,,1,DR_CR_IMBALANCE
2026-08-24 11:42:00,RED_CONFIRMED,LOW,825755.79,1092894.71546308,-267138.92546307994,6,0,34.63744319012644,245429.09,794350.31,,1,BROAD_ELEVATION
2026-08-24 11:43:00,RED_CONFIRMED,LOW,340279.58,1072842.8411266704,-732563.2611266703,5,0,33.544964891384815,187653.31,340279.57999999996,,1,DR_CR_IMBALANCE
2026-08-24 11:44:00,RED_CONFIRMED,HIGH,1186628.8199999998,1061553.9954715725,125074.82452842733,6,0,33.32823706292476,905279.1,1166134.4400000002,932.3494511359144,1,SINGLE_LARGE_PAYMENT
2026-08-24 11:45:00,RED_CONFIRMED,LOW,317289.1,1281366.4149781005,-964077.3149781005,5,0,35.63131208939233,105714.73,317289.1,,1,DR_CR_IMBALANCE
2026-08-24 11:46:00,RED_CONFIRMED,LOW,806679.08,1281366.4149781005,-474687.3349781005,9,0,35.91266975017476,323794.11,662676.75,,1,DR_CR_IMBALANCE
2026-08-24 11:47:00,RED_CONFIRMED,LOW,974209.67,1281366.4149781005,-307156.7449781004,7,0,35.78506541331973,601545.16,937700.0800000001,,1,DR_CR_IMBALANCE
2026-08-24 11:48:00,RED_CONFIRMED,LOW,251503.38,1270806.7186148928,-1019303.3386148928,4,0,35.75979694993623,96122.37,251503.38,,1,BROAD_ELEVATION
2026-08-24 11:49:00,RED_CONFIRMED,LOW,1050133.28,1264088.873284584,-213955.59328458388,3,0,36.18380391750848,946652.35,1050133.28,,1,DR_CR_IMBALANCE
2026-08-24 11:50:00,RED_CONFIRMED,LOW,735770.6200000001,1264088.873284584,-528318.2532845838,3,0,36.540489577228584,552344.04,735770.6200000001,,1,BROAD_ELEVATION
2026-08-24 11:51:00,RED_CONFIRMED,HIGH,5326753.0,1264088.873284584,4062664.126715416,7,0,35.9491258757437,3731190.1,5148700.949999999,126.73213412211418,1,SINGLE_LARGE_PAYMENT
2026-08-24 11:52:00,RED_CONFIRMED,LOW,155347.05,1264088.873284584,-1108741.8232845839,3,0,37.844709832998554,77490.57,155347.05000000002,,1,BROAD_ELEVATION
2026-08-24 11:53:00,RED_CONFIRMED,LOW,634294.45,1264088.873284584,-629794.423284584,5,0,38.03169017963116,286326.2,634294.4500000001,,1,DR_CR_IMBALANCE
2026-08-24 11:54:00,RED_CONFIRMED,LOW,893025.45,1264088.873284584,-371063.42328458396,5,0,37.33122257441793,354432.11,893025.45,,1,BROAD_ELEVATION
2026-08-24 11:55:00,RED_CONFIRMED,HIGH,1439830.1400000001,1264088.873284584,175741.26671541622,4,0,34.88834614272815,1361887.32,1439830.14,819.2897245537473,1,SINGLE_LARGE_PAYMENT
2026-08-24 11:56:00,RED_CONFIRMED,HIGH,2416377.56,1270806.7186148928,1145570.8413851073,7,0,34.305572933913226,991687.2,2301785.44,200.92912256887718,1,SINGLE_LARGE_PAYMENT
2026-08-24 11:57:00,RED_CONFIRMED,HIGH,3133142.82,1270806.7186148928,1862336.101385107,5,0,34.229977613713295,1596541.55,3133142.82,168.23723804042322,1,SINGLE_LARGE_PAYMENT
2026-08-24 11:58:00,RED_CONFIRMED,LOW,24808.48,1270806.7186148928,-1245998.2386148928,1,2,41.735952145760386,24808.48,24808.48,,1,FLOW_STALL_or_OUTAGE
2026-08-24 11:59:00,RED_CONFIRMED,HIGH,1555266.45,1264088.873284584,291177.57671541604,7,0,42.620473570401735,1103158.38,1455335.5099999998,499.8102966638738,1,SINGLE_LARGE_PAYMENT
2026-08-24 12:00:00,RED_CONFIRMED,LOW,857196.62,1504908.842156141,-647712.2221561411,5,0,42.03023075518195,374659.23,857196.6199999999,,1,BROAD_ELEVATION
2026-08-24 12:01:00,RED_CONFIRMED,LOW,347369.14,1486593.8433506184,-1139224.7033506185,3,0,36.049092163237596,147940.93,347369.14,,1,DR_CR_IMBALANCE
2026-08-24 12:02:00,RED_CONFIRMED,LOW,1309571.25,1486593.8433506184,-177022.59335061838,10,0,35.87248573076014,270156.71,1101741.6700000002,,1,BROAD_ELEVATION
2026-08-24 12:03:00,RED_CONFIRMED,LOW,681916.88,1486593.8433506184,-804676.9633506184,5,0,37.20845397196147,234816.52,681916.88,,1,BROAD_ELEVATION
2026-08-24 12:04:00,RED_CONFIRMED,LOW,1197531.5,1486593.8433506184,-289062.3433506184,7,0,35.81773533818812,363351.05,1140375.53,,1,DR_CR_IMBALANCE
2026-08-24 12:05:00,RED_CONFIRMED,LOW,1042589.9600000001,1448560.6472498726,-405970.6872498725,4,0,35.972507101986686,772881.72,1042589.9600000001,,1,DR_CR_IMBALANCE
2026-08-24 12:06:00,RED_CONFIRMED,LOW,527592.5700000001,1423356.4187361046,-895763.8487361046,8,0,36.536295675555856,129101.52,447491.85,,1,DR_CR_IMBALANCE
2026-08-24 12:07:00,RED_CONFIRMED,LOW,202961.99,1423356.4187361046,-1220394.4287361046,4,0,40.22828410530223,58374.94,202961.99,,1,DR_CR_IMBALANCE
2026-08-24 12:08:00,RED_CONFIRMED,LOW,1279389.72,1423356.4187361046,-143966.69873610465,6,0,42.02441529265945,437205.1,1255818.2299999997,,1,DR_CR_IMBALANCE
2026-08-24 12:09:00,RED_CONFIRMED,HIGH,3171602.05,1423356.4187361046,1748245.6312638952,8,0,40.82547955233719,1771799.67,3038103.5199999996,173.78012938625798,1,SINGLE_LARGE_PAYMENT
2026-08-24 12:10:00,RED_CONFIRMED,HIGH,2695021.12,1448560.6472498726,1246460.4727501275,11,0,36.878280756977105,1682045.54,2396010.63,192.22515935170915,1,SINGLE_LARGE_PAYMENT
2026-08-24 12:11:00,RED_CONFIRMED,LOW,761530.64,1448560.6472498726,-687030.0072498725,3,0,35.07610850018309,544998.61,761530.64,,1,DR_CR_IMBALANCE
2026-08-24 12:12:00,RED_CONFIRMED,LOW,1237264.02,1423356.4187361046,-186092.3987361046,4,0,35.59986728469904,941389.0,1237264.02,,1,DR_CR_IMBALANCE
2026-08-24 12:13:00,RED_CONFIRMED,LOW,1185331.68,1423356.4187361046,-238024.7387361047,9,0,34.78341322871111,314555.42,1033590.69,,1,DR_CR_IMBALANCE
2026-08-24 12:14:00,RED_CONFIRMED,LOW,45188.17,1423356.4187361046,-1378168.2487361047,1,2,42.510808285784016,45188.17,45188.17,,1,FLOW_STALL_or_OUTAGE
2026-08-24 12:15:00,RED_CONFIRMED,LOW,236984.99,1476186.236981161,-1239201.246981161,3,0,49.11049310354801,111741.61,236984.99000000002,,1,BROAD_ELEVATION
2026-08-24 12:16:00,RED_CONFIRMED,LOW,491824.63,1476186.236981161,-984361.6069811609,4,0,56.56053202443828,237163.02,491824.63,,1,BROAD_ELEVATION
2026-08-24 12:17:00,RED_CONFIRMED,LOW,609644.77,1463422.1365957423,-853777.3665957423,4,0,55.34642863932192,464973.78,609644.77,,1,DR_CR_IMBALANCE
2026-08-24 12:18:00,RED_CONFIRMED,LOW,1226433.37,1453770.7947795906,-227337.42477959045,5,0,55.662298817134804,872467.25,1226433.3699999999,,1,DR_CR_IMBALANCE
2026-08-24 12:19:00,RED_CONFIRMED,LOW,738876.8799999999,1453770.7947795906,-714893.9147795907,4,0,55.076320856409446,423725.22,738876.88,,1,DR_CR_IMBALANCE
2026-08-24 12:20:00,RED_CONFIRMED,LOW,980960.51,1453402.4095192996,-472441.8995192996,6,0,53.71419322528698,352873.46,955793.7000000001,,1,DR_CR_IMBALANCE
2026-08-24 12:21:00,RED_CONFIRMED,LOW,1200793.5899999999,1445020.0653109539,-244226.47531095403,6,0,51.344286658846976,650918.23,1155685.43,,1,DR_CR_IMBALANCE
2026-08-24 12:22:00,RED_CONFIRMED,LOW,990800.3300000001,1445020.0653109539,-454219.7353109538,3,0,49.769519536554505,733726.41,990800.3300000001,,1,DR_CR_IMBALANCE
2026-08-24 12:23:00,RED_CONFIRMED,LOW,861069.8200000001,1445020.0653109539,-583950.2453109538,9,0,48.54884206876747,253130.7,718762.47,,1,DR_CR_IMBALANCE
2026-08-24 12:24:00,RED_CONFIRMED,HIGH,2757549.44,1445020.0653109539,1312529.374689046,11,0,45.90787146210862,911438.46,2343376.41,178.53896874157002,1,SINGLE_LARGE_PAYMENT
2026-08-24 12:25:00,RED_CONFIRMED,LOW,373590.01,1453402.4095192996,-1079812.3995192996,2,0,45.94525999578468,352744.68,373590.01,,1,FLOW_STALL_or_OUTAGE
2026-08-24 12:26:00,RED_CONFIRMED,HIGH,2978077.71,1445020.0653109539,1533057.644689046,9,0,43.05834188828279,1472575.05,2603048.42,169.7945559332169,1,SINGLE_LARGE_PAYMENT
2026-08-24 12:27:00,RED_CONFIRMED,LOW,568973.8700000001,1453402.4095192996,-884428.5395192995,4,0,43.43123029685821,324465.34,568973.87,,1,DR_CR_IMBALANCE
2026-08-24 12:28:00,RED_CONFIRMED,HIGH,1819510.24,1445020.0653109539,374490.1746890461,9,0,39.940083492573066,705633.0,1631364.7199999997,435.62283612769977,1,SINGLE_LARGE_PAYMENT
2026-08-24 12:29:00,RED_CONFIRMED,LOW,361837.86,1453402.4095192996,-1091564.5495192995,4,0,42.07400184433766,190778.46,361837.86,,1,DR_CR_IMBALANCE
2026-08-24 12:30:00,RED_CONFIRMED,LOW,865132.73,1770620.8589795274,-905488.1289795274,7,0,42.92515517569339,387174.66,805397.24,,1,DR_CR_IMBALANCE
2026-08-24 12:31:00,RED_CONFIRMED,LOW,1117998.52,1770620.8589795274,-652622.3389795274,4,0,45.186908564949086,411604.56,1117998.52,,1,DR_CR_IMBALANCE
2026-08-24 12:32:00,RED_CONFIRMED,LOW,1471678.47,1770620.8589795274,-298942.3889795274,9,0,44.18531528867906,451138.81,1290443.27,,1,DR_CR_IMBALANCE
2026-08-24 12:33:00,RED_CONFIRMED,LOW,539560.2,1750759.5697169697,-1211199.3697169698,4,0,45.09068361000791,341871.66,539560.2,,1,DR_CR_IMBALANCE
2026-08-24 12:34:00,RED_CONFIRMED,HIGH,2289411.8,1728798.5410117353,560613.2589882645,6,0,44.19490336559081,1438129.98,2276102.51,406.00226154259514,1,SINGLE_LARGE_PAYMENT
2026-08-24 12:35:00,RED_CONFIRMED,LOW,1354333.54,1728798.5410117353,-374465.0010117353,5,0,43.57227801345291,472204.98,1354333.54,,1,DR_CR_IMBALANCE
2026-08-24 12:36:00,RED_CONFIRMED,HIGH,2046472.48,1728798.5410117353,317673.93898826465,7,0,40.0779858189043,709534.35,1807593.0299999998,569.0089139061466,1,SINGLE_LARGE_PAYMENT
2026-08-24 12:37:00,RED_CONFIRMED,LOW,1358172.43,1728798.5410117353,-370626.1110117354,6,0,38.074286935337305,911049.38,1298805.51,,1,DR_CR_IMBALANCE
2026-08-24 12:38:00,RED_CONFIRMED,HIGH,2445009.0,1728798.5410117353,716210.4589882647,6,0,36.23301280625216,1596668.88,2377355.56,331.93533132123025,1,SINGLE_LARGE_PAYMENT
2026-08-24 12:39:00,RED_CONFIRMED,HIGH,2085147.93,1728798.5410117353,356349.3889882646,13,0,35.33054019483392,848606.26,1640393.29,460.33284767439915,1,SINGLE_LARGE_PAYMENT
2026-08-24 12:40:00,RED_CONFIRMED,HIGH,1970998.66,1728798.5410117353,242200.11898826458,7,0,34.2512853074472,1035664.57,1875296.13,774.275478407533,1,SINGLE_LARGE_PAYMENT
2026-08-24 12:41:00,RED_CONFIRMED,LOW,916463.3799999999,1750759.5697169697,-834296.1897169698,4,0,34.4167615053949,509416.47,916463.38,,1,DR_CR_IMBALANCE
2026-08-24 12:42:00,RED_CONFIRMED,HIGH,2699601.51,1728798.5410117353,970802.9689882644,11,0,33.4727777364732,1013016.07,2407484.34,247.98897581751245,1,SINGLE_LARGE_PAYMENT
2026-08-24 12:43:00,RED_CONFIRMED,LOW,623924.37,1750759.5697169697,-1126835.1997169699,7,0,34.49239911553244,180354.7,551812.31,,1,DR_CR_IMBALANCE
2026-08-24 12:44:00,RED_CONFIRMED,HIGH,3607608.08,1750759.5697169697,1856848.5102830303,8,0,33.86978993895207,2119276.51,3393656.44,182.76431390101507,1,SINGLE_LARGE_PAYMENT
2026-08-24 12:45:00,RED_CONFIRMED,LOW,508686.76,1628731.9652086948,-1120045.2052086948,6,0,35.72383581385011,154130.32,496163.77,,1,DR_CR_IMBALANCE
2026-08-24 12:46:00,RED_CONFIRMED,LOW,467692.68,1616868.7947167396,-1149176.1147167396,6,0,35.94797576527041,278590.35,461271.94,,1,DR_CR_IMBALANCE
2026-08-24 12:47:00,RED_CONFIRMED,HIGH,3657425.1100000003,1616868.7947167396,2040556.3152832608,6,0,36.806182741891355,2879503.49,3619776.9300000006,177.39167024643078,1,SINGLE_LARGE_PAYMENT
2026-08-24 12:48:00,RED_CONFIRMED,LOW,223467.16999999998,1628731.9652086948,-1405264.7952086949,4,0,41.347647323783356,170519.86,223467.16999999998,,1,DR_CR_IMBALANCE
2026-08-24 12:49:00,RED_CONFIRMED,LOW,841626.6900000001,1628731.9652086948,-787105.2752086947,7,0,42.26345730595455,207999.64,722409.81,,1,DR_CR_IMBALANCE
2026-08-24 12:50:00,RED_CONFIRMED,LOW,626566.1,1628731.9652086948,-1002165.8652086948,9,0,44.23113058078593,100599.97,489289.66,,1,DR_CR_IMBALANCE
2026-08-24 12:51:00,RED_CONFIRMED,LOW,1237955.5899999999,1616868.7947167396,-378913.2047167397,7,0,40.91940005940412,569080.72,1202997.71,,1,DR_CR_IMBALANCE
2026-08-24 12:52:00,RED_CONFIRMED,HIGH,1793268.5,1604558.4361832382,188710.06381676183,5,0,40.37041649043283,565210.28,1793268.5,950.2770884234719,1,SINGLE_LARGE_PAYMENT
2026-08-24 12:53:00,RED_CONFIRMED,LOW,1003423.28,1604558.4361832382,-601135.1561832381,10,0,38.23661466528065,190756.77,729450.32,,1,BROAD_ELEVATION
2026-08-24 12:54:00,RED_CONFIRMED,LOW,512924.16000000003,1593356.9441963723,-1080432.7841963721,5,0,38.68311759259805,219390.35,512924.16,,1,BROAD_ELEVATION
2026-08-24 12:55:00,RED_CONFIRMED,HIGH,1951310.77,1586061.9267811547,365248.8432188453,2,0,39.133361386847575,1902126.72,1951310.77,534.2414647514263,1,SINGLE_LARGE_PAYMENT
2026-08-24 12:56:00,RED_CONFIRMED,HIGH,1604942.8699999999,1593356.9441963723,11585.925803627586,5,0,39.08355507029872,802227.95,1604942.8699999999,13852.521561095167,1,SINGLE_LARGE_PAYMENT
2026-08-24 12:57:00,RED_CONFIRMED,HIGH,3714213.1999999997,1600775.1436134838,2113438.056386516,5,0,37.30526118294976,3053714.3,3714213.1999999997,175.74270458394386,1,SINGLE_LARGE_PAYMENT
2026-08-24 12:58:00,RED_CONFIRMED,LOW,503304.05,1600775.1436134838,-1097471.0936134837,3,0,36.816097050829256,255004.28,503304.05000000005,,1,BROAD_ELEVATION
2026-08-24 12:59:00,RED_CONFIRMED,LOW,805647.6699999999,1600775.1436134838,-795127.4736134838,6,0,36.194504541458926,256702.37,776208.8099999999,,1,BROAD_ELEVATION
2026-08-24 13:00:00,RED_CONFIRMED,HIGH,2740896.09,1778326.2375900608,962569.852409939,8,0,35.413761928136836,1936973.5,2659793.06,276.3220823237718,1,SINGLE_LARGE_PAYMENT
2026-08-24 13:01:00,RED_CONFIRMED,LOW,1311884.38,1787592.6407218508,-475708.2607218509,6,0,34.19581973353706,504601.95,1287399.4700000002,,1,DR_CR_IMBALANCE
2026-08-24 13:02:00,RED_CONFIRMED,HIGH,2532527.2800000003,1778326.2375900608,754201.0424099395,10,0,32.89357979169648,1123157.84,2422665.6200000006,321.2227885894623,1,SINGLE_LARGE_PAYMENT
2026-08-24 13:03:00,RED_CONFIRMED,LOW,927913.86,1778326.2375900608,-850412.3775900608,9,0,32.81446423127172,208502.04,738497.73,,1,DR_CR_IMBALANCE
2026-08-24 13:04:00,RED_CONFIRMED,HIGH,2246213.22,1778326.2375900608,467886.9824099394,7,0,32.584672484958375,576335.01,2183961.68,466.7711994787923,1,SINGLE_LARGE_PAYMENT
2026-08-24 13:05:00,RED_CONFIRMED,HIGH,3785737.2800000003,1778326.2375900608,2007411.0424099395,9,0,34.12792575841192,2067615.09,3492024.5700000003,173.95662852425832,1,SINGLE_LARGE_PAYMENT
2026-08-24 13:06:00,RED_CONFIRMED,LOW,1125291.96,1778326.2375900608,-653034.2775900608,6,0,33.226618698271466,519164.13,1100519.36,,1,BROAD_ELEVATION
2026-08-24 13:07:00,RED_CONFIRMED,LOW,913449.74,1774016.0635264346,-860566.3235264346,9,0,32.905763460897376,257614.18,795514.74,,1,DR_CR_IMBALANCE
2026-08-24 13:08:00,RED_CONFIRMED,LOW,492147.13,1758550.2775505385,-1266403.1475505386,4,0,33.52308636371486,327555.85,492147.13,,1,DR_CR_IMBALANCE
2026-08-24 13:09:00,RED_CONFIRMED,HIGH,3028201.88,1749142.198883256,1279059.681116744,9,0,34.25036838516902,739108.33,2333428.42,182.4331150805011,1,SINGLE_LARGE_PAYMENT
2026-08-24 13:10:00,RED_CONFIRMED,HIGH,3908236.15,1758550.2775505385,2149685.8724494614,6,0,35.167764339513155,3194385.84,3895895.38,181.23091517370483,1,SINGLE_LARGE_PAYMENT
2026-08-24 13:11:00,RED_CONFIRMED,LOW,668518.57,1774016.0635264346,-1105497.4935264345,8,0,34.4702774614446,380045.97,590968.48,,1,DR_CR_IMBALANCE
2026-08-24 13:12:00,RED_CONFIRMED,LOW,574836.04,1774016.0635264346,-1199180.0235264346,4,0,34.520620673274756,420861.34,574836.04,,1,BROAD_ELEVATION
2026-08-24 13:13:00,RED_CONFIRMED,HIGH,1866936.31,1758550.2775505385,108386.03244946152,8,0,32.27352951268955,765817.6,1774322.0999999999,1637.0394412465782,1,SINGLE_LARGE_PAYMENT
2026-08-24 13:14:00,RED_CONFIRMED,LOW,1582292.96,1758550.2775505385,-176257.31755053857,6,0,31.58066206371724,563726.55,1563469.74,,1,DR_CR_IMBALANCE
2026-08-24 13:15:00,RED_CONFIRMED,LOW,1179790.0699999998,2086111.5058776515,-906321.4358776517,3,0,31.986125382857946,617793.63,1179790.07,,1,DR_CR_IMBALANCE
2026-08-24 13:16:00,RED_CONFIRMED,LOW,945994.86,2063579.1457702506,-1117584.2857702505,5,0,33.803780511737756,639854.83,945994.8599999999,,1,BROAD_ELEVATION
2026-08-24 13:17:00,RED_CONFIRMED,LOW,597239.91,2046397.3657125235,-1449157.4557125233,5,0,35.16862687440703,298256.25,597239.9099999999,,1,BROAD_ELEVATION
2026-08-24 13:18:00,RED_CONFIRMED,LOW,1816540.49,2046397.3657125235,-229856.87571252347,7,0,35.19981640310296,633369.81,1720154.5999999999,,1,DR_CR_IMBALANCE
2026-08-24 13:19:00,RED_CONFIRMED,LOW,1341357.4,2046397.3657125235,-705039.9657125236,7,0,35.479479406616896,706872.06,1258198.35,,1,BROAD_ELEVATION
2026-08-24 13:20:00,RED_CONFIRMED,LOW,1643954.68,2046397.3657125235,-402442.6857125235,8,0,33.607604417321234,658572.1,1496118.58,,1,BROAD_ELEVATION
2026-08-24 13:21:00,RED_CONFIRMED,HIGH,2329290.09,2034480.0695921688,294810.02040783106,11,0,31.700577495889252,537216.74,1946897.19,660.3904396827227,1,SINGLE_LARGE_PAYMENT
2026-08-24 13:22:00,RED_CONFIRMED,LOW,1040927.9500000001,2034480.0695921688,-993552.1195921687,9,0,31.438316134617043,196355.11,753661.1599999999,,1,BROAD_ELEVATION
2026-08-24 13:23:00,RED_CONFIRMED,LOW,1469361.6099999999,2028031.6806300427,-558670.0706300428,9,0,31.048254522980823,340829.21,1279789.1400000001,,1,BROAD_ELEVATION
2026-08-24 13:24:00,RED_CONFIRMED,HIGH,3240095.36,2028031.6806300427,1212063.6793699572,13,0,31.596893752973973,1167106.72,2704793.01,223.15601531810424,1,SINGLE_LARGE_PAYMENT
2026-08-24 13:25:00,RED_CONFIRMED,LOW,1813040.35,2034480.0695921688,-221439.7195921687,11,0,31.10051585162159,955520.76,1534009.59,,1,DR_CR_IMBALANCE
2026-08-24 13:26:00,RED_CONFIRMED,HIGH,2906210.17,2034480.0695921688,871730.1004078311,11,0,31.200573021911637,803919.46,2347608.1700000004,269.304474963259,1,SINGLE_LARGE_PAYMENT
2026-08-24 13:27:00,RED_CONFIRMED,HIGH,2834021.41,2034480.0695921688,799541.3404078314,11,0,30.81444382370041,796294.35,2486308.7399999998,310.96687742647293,1,SINGLE_LARGE_PAYMENT
2026-08-24 13:28:00,RED_CONFIRMED,HIGH,2189062.0,2046397.3657125235,142664.63428747654,9,0,29.865032618905918,711874.32,2050543.79,1437.3175245857003,1,SINGLE_LARGE_PAYMENT
2026-08-24 13:29:00,RED_CONFIRMED,LOW,763279.06,2063579.1457702506,-1300300.0857702505,10,0,30.868847832228155,338837.76,642508.56,,1,BROAD_ELEVATION
2026-08-24 16:28:00,RED_CONFIRMED,HIGH,13514415.86,1070825.8068536965,12443590.053146303,7,1,36.56072072176491,12305509.77,13272909.51,106.66463177677576,1,SINGLE_LARGE_PAYMENT
2026-08-24 17:24:00,RED_CONFIRMED,HIGH,13573635.859999998,2382952.407926866,11190683.45207313,14,0,55.46631153045913,11062021.53,12472374.1,111.4531936625321,1,SINGLE_LARGE_PAYMENT
2026-08-25 12:48:00,RED_CONFIRMED,HIGH,15682995.989999998,1586061.9267811547,14096934.063218843,13,2,38.87146561109481,14629321.62,15260174.329999998,108.25172524440072,1,SINGLE_LARGE_PAYMENT
2026-08-26 06:52:00,RED_CONFIRMED,HIGH,13980277.85,587054.4957611039,13393223.354238896,7,0,41.06319541856399,11257633.36,13919196.219999999,103.9271566810288,1,SINGLE_LARGE_PAYMENT
2026-08-26 10:05:00,RED_CONFIRMED,HIGH,24329866.97,2543618.87818766,21786248.09181234,9,1,38.54133220070102,21730247.84,24052615.610000003,110.40274355013612,1,SINGLE_LARGE_PAYMENT
2026-08-26 10:14:00,RED_CONFIRMED,HIGH,12232975.91,2543618.87818766,9689357.03181234,9,1,40.20296584400216,11249423.2,12012965.469999999,123.98103847921725,1,SINGLE_LARGE_PAYMENT
2026-08-26 17:43:00,RED_CONFIRMED,HIGH,12777679.46,1913991.2846295864,10863688.175370414,7,2,38.66789209263572,10657452.12,12573913.069999998,115.74258085303771,1,SINGLE_LARGE_PAYMENT
2026-08-27 17:32:00,RED_CONFIRMED,HIGH,20224641.9,1936071.869488633,18288570.030511364,5,2,39.56925265262436,19204688.14,20224641.9,110.5862397456916,1,SINGLE_LARGE_PAYMENT
2026-08-28 06:39:00,RED_CONFIRMED,LOW,171116.53,453079.8631290107,-281963.33312901075,2,1,81.48774482740451,124435.77,171116.53,,1,BROAD_ELEVATION
2026-08-31 10:29:00,RED_CONFIRMED,HIGH,15374177.66,2388657.368068246,12985520.291931754,19,2,47.79566017693487,10608016.7,13972023.62,107.59694880058971,1,SINGLE_LARGE_PAYMENT
2026-09-01 06:33:00,RED_CONFIRMED,LOW,168502.2,470481.0273261152,-301978.82732611516,1,1,86.57878265644051,168502.2,168502.2,,1,FLOW_STALL_or_OUTAGE
2026-09-01 06:34:00,RED_CONFIRMED,LOW,0.0,470481.0273261152,-470481.0273261152,0,4,86.61068217251538,0.0,0.0,,0,FLOW_STALL_or_OUTAGE
2026-09-01 06:35:00,RED_CONFIRMED,HIGH,540057.37,470481.0273261152,69576.34267388482,3,1,86.52855942744036,294154.76,540057.37,776.2083335298798,1,SINGLE_LARGE_PAYMENT
2026-09-01 06:36:00,RED_CONFIRMED,LOW,58977.61,470481.0273261152,-411503.4173261152,2,1,86.64309714216057,49909.98,58977.61,,1,DR_CR_IMBALANCE
2026-09-01 06:37:00,RED_CONFIRMED,HIGH,943889.4099999999,462059.51105721906,481829.89894278086,6,1,85.20962761815657,245766.97,908943.4500000001,188.64405301422372,1,SINGLE_LARGE_PAYMENT
2026-09-01 06:38:00,RED_CONFIRMED,LOW,175148.91,462059.51105721906,-286910.6010572191,2,1,84.9896766034057,122278.89,175148.91,,1,BROAD_ELEVATION
2026-09-01 06:39:00,RED_CONFIRMED,LOW,35480.59,447985.57617557555,-412504.9861755755,1,1,85.3435080446781,35480.59,35480.59,,1,FLOW_STALL_or_OUTAGE
2026-09-01 06:40:00,RED_CONFIRMED,HIGH,1533819.0899999999,445391.25231285003,1088427.8376871499,4,1,85.35379624939446,1300992.41,1533819.0899999999,140.9206046456219,1,SINGLE_LARGE_PAYMENT
2026-09-01 06:41:00,RED_CONFIRMED,LOW,275746.70999999996,462059.51105721906,-186312.8010572191,3,1,84.12355268397276,163127.52,275746.70999999996,,1,BROAD_ELEVATION
2026-09-01 06:42:00,RED_CONFIRMED,HIGH,878752.19,462059.51105721906,416692.6789427809,6,1,78.23543045419689,428742.94,869985.1399999999,208.78339936456237,1,SINGLE_LARGE_PAYMENT
2026-09-01 07:40:00,RED_CONFIRMED,LOW,592102.53,1453512.1919678496,-861409.6619678496,6,0,36.06423077695061,240338.73,563290.56,,1,BROAD_ELEVATION
2026-09-01 07:41:00,RED_CONFIRMED,LOW,937916.5700000001,1434788.945508216,-496872.375508216,7,0,37.14009869519202,590678.05,898594.93,,1,BROAD_ELEVATION
2026-09-01 07:42:00,RED_CONFIRMED,LOW,565639.1599999999,1397049.8646442662,-831410.7046442663,6,0,37.90655987476292,165794.18,540310.95,,1,BROAD_ELEVATION
2026-09-01 07:43:00,RED_CONFIRMED,LOW,794309.53,1370530.7084627107,-576221.1784627107,3,0,38.64830890927201,356536.34,794309.53,,1,BROAD_ELEVATION
2026-09-01 07:44:00,RED_CONFIRMED,HIGH,1597733.67,1368105.3419721252,229628.3280278747,7,0,38.35489381036487,726239.39,1426858.97,621.377589713928,1,SINGLE_LARGE_PAYMENT
2026-09-01 07:45:00,RED_CONFIRMED,LOW,1078885.8599999999,1671009.7632042724,-592123.9032042725,4,0,36.954307307676906,700798.72,1078885.86,,1,BROAD_ELEVATION
2026-09-01 07:46:00,RED_CONFIRMED,LOW,1487030.46,1671009.7632042724,-183979.3032042724,7,0,35.310163110167494,638357.71,1391795.6199999999,,1,BROAD_ELEVATION
2026-09-01 07:47:00,RED_CONFIRMED,LOW,1476772.0399999998,1671009.7632042724,-194237.72320427257,8,0,34.42062281923494,537467.47,1279472.22,,1,BROAD_ELEVATION
2026-09-01 08:12:00,RED_CONFIRMED,HIGH,12978894.84,2286984.535277966,10691910.304722033,7,0,47.75891997169106,10840523.32,12947833.83,121.09934951737901,1,SINGLE_LARGE_PAYMENT
2026-09-01 10:36:00,RED_CONFIRMED,HIGH,18158507.11,2243827.192607686,15914679.917392313,14,2,46.301593006623555,12079901.95,16870438.39,106.00551489297116,1,SINGLE_LARGE_PAYMENT
2026-09-01 14:51:00,RED_CONFIRMED,HIGH,1813593.76,1444485.1378864362,369108.6221135638,9,0,31.406899880923845,626309.09,1582204.3599999999,428.65548654488015,1,SINGLE_LARGE_PAYMENT
2026-09-01 15:38:00,RED_CONFIRMED,LOW,791416.8300000001,945071.8625778579,-153655.03257785784,4,1,86.32246991353524,366648.64,791416.8299999998,,1,BROAD_ELEVATION
2026-09-01 15:39:00,RED_CONFIRMED,LOW,343642.4,923586.1736161843,-579943.7736161842,2,1,84.70263820919236,215644.4,343642.4,,1,BROAD_ELEVATION
2026-09-01 15:40:00,RED_CONFIRMED,HIGH,986147.2100000001,923586.1736161843,62561.03638381581,3,1,84.33990050819926,641610.3,986147.2100000001,1576.29615332765,1,SINGLE_LARGE_PAYMENT
2026-09-01 15:41:00,RED_CONFIRMED,LOW,404515.53,945071.8625778579,-540556.3325778579,4,1,84.16989119897656,217459.43,404515.53,,1,DR_CR_IMBALANCE
2026-09-01 15:42:00,RED_CONFIRMED,HIGH,1350877.48,923586.1736161843,427291.3063838157,3,1,83.24913720172914,841139.94,1350877.48,316.14906734998493,1,SINGLE_LARGE_PAYMENT
2026-09-01 15:43:00,RED_CONFIRMED,LOW,903099.0,923586.1736161843,-20487.17361618427,3,1,80.16247397809401,690421.58,903099.0,,1,BROAD_ELEVATION
2026-09-01 15:44:00,RED_CONFIRMED,LOW,834333.54,923586.1736161843,-89252.63361618423,5,1,75.20690963798934,379196.55,834333.5399999999,,1,BROAD_ELEVATION
2026-09-01 15:45:00,RED_CONFIRMED,LOW,792876.36,998279.1230110463,-205402.76301104634,3,0,70.15021286933215,577991.14,792876.3600000001,,1,DR_CR_IMBALANCE
2026-09-01 15:46:00,RED_CONFIRMED,HIGH,3098532.56,998279.1230110463,2100253.4369889535,8,0,63.93971714330433,1481814.76,2959851.43,140.92829836019297,1,SINGLE_LARGE_PAYMENT
2026-09-01 15:47:00,RED_CONFIRMED,LOW,768412.38,998279.1230110463,-229866.74301104632,6,0,58.280798447403185,244978.26,725549.06,,1,BROAD_ELEVATION
2026-09-01 15:48:00,RED_CONFIRMED,LOW,846868.75,998279.1230110463,-151410.37301104632,2,0,52.991811657084895,721645.73,846868.75,,1,BROAD_ELEVATION
2026-09-01 15:49:00,RED_CONFIRMED,HIGH,2053526.3900000001,985652.3733152956,1067874.0166847045,5,0,48.634057720641096,1466971.56,2053526.3900000001,192.30043599855796,1,SINGLE_LARGE_PAYMENT
2026-09-01 15:50:00,RED_CONFIRMED,HIGH,1900419.87,985652.3733152956,914767.4966847046,6,0,43.586290971010094,743110.31,1837330.03,200.85213310036067,1,SINGLE_LARGE_PAYMENT
2026-09-01 15:51:00,RED_CONFIRMED,HIGH,2139571.43,998279.1230110463,1141292.3069889538,8,0,38.66872181960256,1217277.06,2007684.28,175.91324042977462,1,SINGLE_LARGE_PAYMENT
2026-09-01 16:05:00,RED_CONFIRMED,LOW,588622.74,1075318.8714320015,-486696.1314320015,2,1,84.49938322616572,317318.05,588622.74,,1,BROAD_ELEVATION
2026-09-01 16:06:00,RED_CONFIRMED,LOW,957554.17,1058761.1700865366,-101207.00008653651,4,1,82.82105788174813,538112.27,957554.17,,1,BROAD_ELEVATION
2026-09-01 16:07:00,RED_CONFIRMED,HIGH,1110069.55,1051462.8747375591,58606.67526244093,5,1,83.2159768895364,645919.93,1110069.55,1894.1008767842643,1,SINGLE_LARGE_PAYMENT
2026-09-01 16:08:00,RED_CONFIRMED,LOW,942870.11,1058761.1700865366,-115891.06008653657,6,1,82.57260574908128,320140.06,879301.8799999999,,1,BROAD_ELEVATION
2026-09-01 16:09:00,RED_CONFIRMED,HIGH,1435532.87,1058761.1700865366,376771.69991346356,3,1,78.75245752240808,1377864.87,1435532.87,381.0086772254157,1,SINGLE_LARGE_PAYMENT
2026-09-01 16:10:00,RED_CONFIRMED,LOW,72430.39,1058761.1700865366,-986330.7800865365,1,1,79.76697521342254,72430.39,72430.39,,1,FLOW_STALL_or_OUTAGE
2026-09-01 16:11:00,RED_CONFIRMED,LOW,238997.87000000002,1058761.1700865366,-819763.3000865366,6,1,81.40199929260274,84702.58,222383.42,,1,BROAD_ELEVATION
2026-09-01 16:12:00,RED_CONFIRMED,LOW,416511.57,1051462.8747375591,-634951.304737559,6,1,85.15461464755522,119451.29,403668.48,,1,BROAD_ELEVATION
2026-09-01 16:13:00,RED_CONFIRMED,HIGH,3799813.1799999997,1048888.2254511067,2750924.954548893,10,0,79.84699510647648,1046232.97,3428009.8099999996,124.61298896327536,1,SINGLE_LARGE_PAYMENT
2026-09-01 16:14:00,RED_CONFIRMED,LOW,0.0,1051094.056185123,-1051094.056185123,0,4,81.38074162455582,0.0,0.0,,0,FLOW_STALL_or_OUTAGE
2026-09-01 16:15:00,RED_CONFIRMED,LOW,167966.58000000002,1162985.8790540746,-995019.2990540746,3,1,81.84883908832641,67700.61,167966.58,,1,BROAD_ELEVATION
2026-09-01 16:16:00,RED_CONFIRMED,HIGH,1154746.09,1146123.4910143744,8622.598985625664,6,1,86.49417085053443,346789.46,1105139.8,12816.78298900746,1,SINGLE_LARGE_PAYMENT
2026-09-01 16:17:00,RED_CONFIRMED,LOW,328182.47,1151882.1033914422,-823699.6333914422,1,1,85.06881467553286,328182.47,328182.47,,1,FLOW_STALL_or_OUTAGE
2026-09-01 16:18:00,RED_CONFIRMED,LOW,617869.4900000001,1151882.1033914422,-534012.6133914421,3,1,84.78541994343091,336228.52,617869.4900000001,,1,DR_CR_IMBALANCE
2026-09-01 16:19:00,RED_CONFIRMED,LOW,0.0,1146123.4910143744,-1146123.4910143744,0,4,86.4130374684559,0.0,0.0,,0,FLOW_STALL_or_OUTAGE
2026-09-01 16:20:00,RED_CONFIRMED,LOW,894122.49,1142711.918021425,-248589.42802142492,5,1,86.50324376838694,409410.31,894122.4899999999,,1,BROAD_ELEVATION
2026-09-01 16:21:00,RED_CONFIRMED,LOW,786862.15,1142711.918021425,-355849.7680214249,3,1,86.523065017126,643603.4,786862.15,,1,BROAD_ELEVATION
2026-09-01 16:22:00,RED_CONFIRMED,HIGH,2622393.98,1142711.918021425,1479682.061978575,7,1,84.83698818799839,1192970.01,2490271.12,168.2977163803759,1,SINGLE_LARGE_PAYMENT
2026-09-01 16:23:00,RED_CONFIRMED,HIGH,2680182.12,1146123.4910143744,1534058.6289856257,7,1,83.80204210114027,950464.38,2584285.6300000004,168.46068208676107,1,SINGLE_LARGE_PAYMENT
2026-09-01 16:24:00,RED_CONFIRMED,LOW,395430.55000000005,1146123.4910143744,-750692.9410143744,2,1,83.10641128575183,310054.84,395430.55000000005,,1,DR_CR_IMBALANCE
2026-09-01 16:25:00,RED_CONFIRMED,HIGH,1494527.34,1142711.918021425,351815.4219785752,8,1,82.0993053123017,536536.45,1429633.08,406.358843498072,1,SINGLE_LARGE_PAYMENT
2026-09-01 16:26:00,RED_CONFIRMED,LOW,500825.99,1146123.4910143744,-645297.5010143744,5,1,82.08977300712579,186222.99,500825.99,,1,BROAD_ELEVATION
2026-09-01 16:27:00,RED_CONFIRMED,HIGH,1366977.51,1146123.4910143744,220854.0189856256,5,1,81.96592714568827,890627.15,1366977.5099999998,618.9507061173156,1,SINGLE_LARGE_PAYMENT
2026-09-01 16:28:00,RED_CONFIRMED,LOW,934440.53,1151882.1033914422,-217441.5733914422,3,1,82.27527253712198,631026.39,934440.5299999999,,1,BROAD_ELEVATION
2026-09-01 16:29:00,RED_CONFIRMED,LOW,908816.28,1146123.4910143744,-237307.2110143744,8,1,82.32989925353189,257409.07,803460.7699999999,,1,BROAD_ELEVATION
2026-09-01 16:30:00,RED_CONFIRMED,LOW,782671.73,1673936.7151472957,-891264.9851472958,4,1,82.71108287220942,343379.33,782671.73,,1,BROAD_ELEVATION
2026-09-01 16:31:00,RED_CONFIRMED,LOW,345500.08,1673936.7151472957,-1328436.6351472957,4,1,83.18187024743018,146719.57,345500.08,,1,BROAD_ELEVATION
2026-09-01 16:32:00,RED_CONFIRMED,LOW,109487.78,1673936.7151472957,-1564448.9351472957,3,1,84.94436768013962,71982.31,109487.78,,1,BROAD_ELEVATION
2026-09-01 16:33:00,RED_CONFIRMED,LOW,906865.16,1666412.557763134,-759547.3977631339,3,1,84.48025594781448,639448.91,906865.1600000001,,1,BROAD_ELEVATION
2026-09-01 16:34:00,RED_CONFIRMED,LOW,506720.33999999997,1654886.2954453682,-1148165.9554453683,4,1,83.80245401779922,239991.77,506720.33999999997,,1,BROAD_ELEVATION
2026-09-01 16:35:00,RED_CONFIRMED,HIGH,2440120.66,1654886.2954453682,785234.364554632,7,1,81.77463556779625,866597.95,2291542.1899999995,291.82907593450943,1,SINGLE_LARGE_PAYMENT
2026-09-01 16:36:00,RED_CONFIRMED,HIGH,1733504.9600000002,1654886.2954453682,78618.66455463204,7,1,79.57005449398218,1066048.55,1654872.5799999998,2104.93600899317,1,SINGLE_LARGE_PAYMENT
2026-09-01 16:37:00,RED_CONFIRMED,LOW,1369994.78,1666412.557763134,-296417.77776313387,11,1,76.33325455134344,338198.88,1068423.69,,1,BROAD_ELEVATION
2026-09-01 16:38:00,RED_CONFIRMED,LOW,579635.65,1654886.2954453682,-1075250.6454453683,5,1,73.5944570843359,299966.48,579635.65,,1,BROAD_ELEVATION
2026-09-01 16:39:00,RED_CONFIRMED,LOW,427843.78,1654886.2954453682,-1227042.5154453681,6,1,73.86667203780337,226225.55,408447.79,,1,BROAD_ELEVATION
2026-09-01 16:40:00,RED_CONFIRMED,LOW,684964.17,1654886.2954453682,-969922.1254453681,5,1,74.99016348893262,197001.45,684964.17,,1,BROAD_ELEVATION
2026-09-01 17:34:00,RED_CONFIRMED,HIGH,6976392.13,2107311.650383448,4869080.479616552,31,1,85.4070200207276,588517.42,2683187.5199999996,55.10665784294666,1,VOLUME_BURST
2026-09-01 17:35:00,RED_CONFIRMED,HIGH,4346124.54,2120078.832175657,2226045.707824343,25,1,84.59650763997855,580486.3,2211974.25,99.36787201741262,1,SINGLE_LARGE_PAYMENT
2026-09-01 17:36:00,RED_CONFIRMED,HIGH,6249608.13,2139118.459058017,4110489.670941983,33,1,83.88367023315442,1174842.03,3191201.71,77.63556085688171,1,VOLUME_BURST
2026-09-01 17:37:00,RED_CONFIRMED,HIGH,9385269.26,2139118.459058017,7246150.800941983,24,1,84.92231631619808,1815992.43,4837905.9,66.76518379069731,1,BROAD_ELEVATION
2026-09-01 17:38:00,RED_CONFIRMED,HIGH,12239626.39,2150308.4824037384,10089317.907596262,33,2,86.50386686988043,2387731.36,7086493.600000001,70.23758855556102,1,VOLUME_BURST
2026-09-01 17:39:00,RED_CONFIRMED,HIGH,7465978.81,2172909.542306618,5293069.267693382,24,1,87.63529380425744,2174885.4,4439837.62,83.88021005315119,1,SINGLE_LARGE_PAYMENT
2026-09-01 17:40:00,RED_CONFIRMED,HIGH,7594628.1,2213258.1310237665,5381369.968976233,19,1,87.49577115394476,1463447.0,5489505.07,102.00943443114244,1,SINGLE_LARGE_PAYMENT
2026-09-01 17:41:00,RED_CONFIRMED,HIGH,9829231.4,2213258.1310237665,7615973.268976234,35,1,87.44501829611569,1579280.35,4423335.260000001,58.07971094145662,1,VOLUME_BURST
2026-09-01 17:42:00,RED_CONFIRMED,HIGH,5570969.45,2236228.6351989093,3334740.814801091,23,1,87.39074638153511,849987.54,3048102.66,91.40448476448722,1,SINGLE_LARGE_PAYMENT
2026-09-01 17:43:00,RED_CONFIRMED,HIGH,4471603.18,2247344.783628312,2224258.3963716878,17,1,87.17761004703475,1112884.01,3088000.9799999995,138.83283457701174,1,SINGLE_LARGE_PAYMENT
2026-09-01 17:44:00,RED_CONFIRMED,HIGH,10761624.59,2267930.9287817115,8493693.66121829,26,1,87.18346437369452,2165194.61,6433020.66,75.73878828916091,1,BROAD_ELEVATION
2026-09-01 17:45:00,RED_CONFIRMED,HIGH,5183533.61,1323404.1846505408,3860129.4253494595,23,1,87.20775664284922,1300088.61,3016621.32,78.14819109923765,1,VOLUME_BURST
2026-09-01 17:46:00,RED_CONFIRMED,HIGH,9097616.77,1323404.1846505408,7774212.585349459,25,2,87.59936541210521,2969290.84,6139484.359999999,78.97242701556537,1,VOLUME_BURST
2026-09-01 17:47:00,RED_CONFIRMED,HIGH,5213818.62,1323404.1846505408,3890414.4353494593,22,1,87.51853362930929,657187.72,2731555.88,70.2124651600167,1,VOLUME_BURST
2026-09-01 17:48:00,RED_CONFIRMED,HIGH,12132937.05,1339565.2044143393,10793371.845585661,24,2,88.85015146616443,4875451.62,8728920.22,80.87296856700075,1,SINGLE_LARGE_PAYMENT
2026-09-01 17:49:00,RED_CONFIRMED,HIGH,8085292.710000001,1339565.2044143393,6745727.505585661,23,2,88.86734200087336,2101070.21,5471389.34,81.108958751588,1,SINGLE_LARGE_PAYMENT
2026-09-01 17:50:00,RED_CONFIRMED,HIGH,4562263.93,1339565.2044143393,3222698.7255856604,15,1,88.69326958018077,1126955.72,3590601.34,111.41597914485415,1,SINGLE_LARGE_PAYMENT
2026-09-01 17:51:00,RED_CONFIRMED,HIGH,7511982.35,1374425.593009207,6137556.756990792,24,1,87.38391678206943,1380069.61,4602133.86,74.98315766706489,1,VOLUME_BURST
2026-09-01 17:52:00,RED_CONFIRMED,HIGH,5251332.41,1397654.4583368828,3853677.9516631174,18,1,87.19351404292892,1630810.14,3803072.9899999993,98.6868398891174,1,SINGLE_LARGE_PAYMENT
2026-09-01 17:53:00,RED_CONFIRMED,HIGH,3929407.5,1397654.4583368828,2531753.0416631172,12,1,87.08887467963173,1939279.62,3226918.3300000005,127.45786326300717,1,SINGLE_LARGE_PAYMENT
2026-09-01 17:54:00,RED_CONFIRMED,HIGH,4092367.04,1397654.4583368828,2694712.5816631173,21,1,86.98420974983901,968245.25,2232972.37,82.8649550677445,1,SINGLE_LARGE_PAYMENT
2026-09-01 17:55:00,RED_CONFIRMED,HIGH,6134516.52,1405545.1939450738,4728971.326054926,20,1,87.02981184166647,1138871.06,4086078.9800000004,86.40523907360527,1,SINGLE_LARGE_PAYMENT
2026-09-01 17:56:00,RED_CONFIRMED,HIGH,4377069.51,1418256.006195719,2958813.503804281,14,1,87.10391368049879,1082634.7,3014831.29,101.89325167414893,1,SINGLE_LARGE_PAYMENT
2026-09-01 17:57:00,RED_CONFIRMED,HIGH,6121235.859999999,1438374.758004982,4682861.101995017,26,1,87.21015084175929,1821912.98,3929981.4699999997,83.92265720471035,1,SINGLE_LARGE_PAYMENT
2026-09-01 17:58:00,RED_CONFIRMED,LOW,1152411.73,1455556.0069938006,-303144.27699380065,4,1,86.89876996320582,675954.12,1152411.73,,1,DR_CR_IMBALANCE
2026-09-01 17:59:00,RED_CONFIRMED,HIGH,2007872.0899999999,1455556.0069938006,552316.0830061992,9,1,85.50769707702962,466218.45,1609663.6999999997,291.43886074053233,1,SINGLE_LARGE_PAYMENT
2026-09-01 18:00:00,RED_CONFIRMED,HIGH,1644157.55,1028766.0797003662,615391.4702996338,7,1,83.23421676297329,401633.4,1493124.4699999997,242.63002366168615,1,SINGLE_LARGE_PAYMENT
2026-09-02 16:02:00,RED_CONFIRMED,LOW,52855.06,1043939.9270363799,-991084.8670363799,1,2,46.47035959409991,52855.06,52855.06,,1,FLOW_STALL_or_OUTAGE
2026-09-02 16:03:00,RED_CONFIRMED,LOW,1015191.07,1021287.137356222,-6096.067356222076,5,0,49.85718262786196,682273.21,1015191.07,,1,DR_CR_IMBALANCE
2026-09-02 16:04:00,RED_CONFIRMED,HIGH,1192570.94,1007428.6784866644,185142.2615133355,3,0,50.54608339606733,845619.27,1192570.94,644.1376108577462,1,SINGLE_LARGE_PAYMENT
2026-09-02 16:05:00,RED_CONFIRMED,HIGH,1181660.1400000001,1029156.3103013678,152503.82969863235,7,0,43.77707154477806,359756.74,1141171.16,748.2901657322996,1,SINGLE_LARGE_PAYMENT
2026-09-03 14:19:00,RED_CONFIRMED,HIGH,17720291.91,1763529.2843624465,15956762.625637554,8,1,39.622257507564,16627834.05,17549404.48,109.98098355993318,1,SINGLE_LARGE_PAYMENT
2026-09-03 15:57:00,RED_CONFIRMED,LOW,649278.84,926076.8720813937,-276798.03208139376,3,1,81.53669606413767,264859.55,649278.84,,1,DR_CR_IMBALANCE
2026-09-03 16:12:00,RED_CONFIRMED,HIGH,2799328.37,1043939.9270363799,1755388.4429636202,7,1,82.37528011312061,1171390.92,2735716.01,155.84675978504757,1,SINGLE_LARGE_PAYMENT
2026-09-04 09:27:00,RED_CONFIRMED,HIGH,17565740.080000002,2549978.9821877102,15015761.097812291,12,1,38.20278755090151,14709587.13,16843356.89,112.17118320065693,1,SINGLE_LARGE_PAYMENT
2026-09-04 16:13:00,RED_CONFIRMED,LOW,752580.82,1051094.056185123,-298513.2361851231,4,0,34.92400944541577,536949.24,752580.82,,1,DR_CR_IMBALANCE
2026-09-04 16:14:00,RED_CONFIRMED,LOW,895053.65,1051094.056185123,-156040.40618512302,8,0,35.084908891794946,242506.47,768336.24,,1,BROAD_ELEVATION
2026-09-04 16:15:00,RED_CONFIRMED,HIGH,1774977.6800000002,1165877.473555056,609100.2064449443,8,0,34.274576510937315,914793.53,1667619.54,273.7841035604269,1,SINGLE_LARGE_PAYMENT
2026-09-04 16:16:00,RED_CONFIRMED,HIGH,4408279.720000001,1165877.473555056,3242402.2464449448,9,0,35.39787335294561,1669732.02,3812616.11,117.58615434529298,1,SINGLE_LARGE_PAYMENT
2026-09-04 16:17:00,RED_CONFIRMED,LOW,1082366.74,1194969.0509757816,-112602.31097578164,8,0,36.381203754524506,395005.64,1047636.54,,1,DR_CR_IMBALANCE
2026-09-04 16:18:00,RED_CONFIRMED,HIGH,1664085.8599999999,1194969.0509757816,469116.80902421824,9,0,36.991453961948714,587590.49,1472043.19,313.79033146603905,1,SINGLE_LARGE_PAYMENT
2026-09-04 16:19:00,RED_CONFIRMED,HIGH,1258227.4500000002,1194969.0509757816,63258.399024218554,7,0,35.60065301997934,574291.02,1165987.37,1843.2135305125262,1,SINGLE_LARGE_PAYMENT
2026-09-07 06:32:00,RED_CONFIRMED,LOW,0.0,414567.75199228403,-414567.75199228403,0,2,61.721341872671985,0.0,0.0,,0,FLOW_STALL_or_OUTAGE
2026-09-08 08:31:00,RED_CONFIRMED,HIGH,17854208.67,2563584.7021853533,15290623.967814649,12,1,46.5880554077256,15684418.92,17518493.819999997,114.57016964693403,1,SINGLE_LARGE_PAYMENT
2026-09-08 09:24:00,RED_CONFIRMED,LOW,2370998.2,2456302.9483328066,-85304.7483328064,9,0,34.27286308111503,1915374.67,2296708.8000000003,,1,DR_CR_IMBALANCE
2026-09-08 10:12:00,RED_CONFIRMED,HIGH,15410721.31,2745534.6987268054,12665186.611273196,9,0,40.77190759122368,13210370.31,14687085.09,115.96422177409629,1,SINGLE_LARGE_PAYMENT
2026-09-08 15:31:00,RED_CONFIRMED,LOW,140031.47,902959.284192501,-762927.814192501,3,1,78.19920042809854,60415.44,140031.47,,1,BROAD_ELEVATION
2026-09-08 15:43:00,RED_CONFIRMED,LOW,297076.08,882996.8834263965,-585920.8034263966,2,1,86.39857910544828,219965.22,297076.08,,1,DR_CR_IMBALANCE
2026-09-08 15:44:00,RED_CONFIRMED,LOW,297718.89,882996.8834263965,-585277.9934263965,2,1,84.42624125158183,214980.46,297718.89,,1,BROAD_ELEVATION
2026-09-08 15:45:00,RED_CONFIRMED,LOW,102097.39,872483.4155757498,-770386.0255757498,1,1,84.40712323974033,102097.39,102097.39,,1,FLOW_STALL_or_OUTAGE
2026-09-08 15:46:00,RED_CONFIRMED,HIGH,1039369.49,850452.4673522194,188917.0226477806,5,1,83.65516783513351,582648.63,1039369.49,550.1724913047218,1,SINGLE_LARGE_PAYMENT
2026-09-08 15:47:00,RED_CONFIRMED,LOW,506655.92000000004,872483.4155757498,-365827.4955757498,8,1,83.2214180245919,115040.42,433800.69000000006,,1,BROAD_ELEVATION
2026-09-08 15:48:00,RED_CONFIRMED,HIGH,1682805.41,872483.4155757498,810321.9944242501,5,1,81.85790885279476,976958.61,1682805.41,207.67120003890142,1,SINGLE_LARGE_PAYMENT
2026-09-08 15:49:00,RED_CONFIRMED,LOW,662905.03,872483.4155757498,-209578.3855757498,4,1,79.92847156482873,390064.33,662905.0300000001,,1,DR_CR_IMBALANCE
2026-09-08 16:00:00,RED_CONFIRMED,HIGH,235366266.51000002,989975.6091570273,234376290.900843,4,2,53.719740800943526,234706350.52,235366266.51000002,100.42238726679733,1,SINGLE_LARGE_PAYMENT
2026-09-08 17:37:00,RED_CONFIRMED,HIGH,28398889.71,2253263.084808092,26145626.62519191,5,1,40.99804330198575,24965533.58,28398889.709999997,108.61812614824468,1,SINGLE_LARGE_PAYMENT
2026-09-09 16:19:00,RED_CONFIRMED,HIGH,5039599.03,1085730.552923764,3953868.477076236,8,1,87.99981360768317,2091730.71,4838064.100000001,122.36279805588272,1,SINGLE_LARGE_PAYMENT
2026-09-09 16:20:00,RED_CONFIRMED,LOW,462187.07,1085730.552923764,-623543.482923764,4,1,86.08402389408339,215770.37,462187.06999999995,,1,DR_CR_IMBALANCE
2026-09-09 16:21:00,RED_CONFIRMED,HIGH,1415857.65,1085730.552923764,330127.0970762358,5,1,81.60456151285372,1042203.77,1415857.65,428.8825917470924,1,SINGLE_LARGE_PAYMENT
2026-09-09 16:22:00,RED_CONFIRMED,LOW,678696.6,1090690.9699828634,-411994.3699828634,5,1,76.98759855623456,414638.64,678696.6,,1,BROAD_ELEVATION
2026-09-09 16:23:00,RED_CONFIRMED,LOW,167012.01,1090690.9699828634,-923678.9599828634,3,1,75.83276725896259,82641.31,167012.01,,1,DR_CR_IMBALANCE
2026-09-09 16:26:00,RED_CONFIRMED,HIGH,2003764.8900000001,1090690.9699828634,913073.9200171367,13,0,64.95006974394424,782747.12,1671567.2999999998,183.07031482934346,1,SINGLE_LARGE_PAYMENT
2026-09-10 15:37:00,RED_CONFIRMED,HIGH,1982056.1300000001,904343.9069591751,1077712.223040825,7,0,32.97679765583203,1089662.44,1895204.0099999998,175.8543671939227,1,SINGLE_LARGE_PAYMENT
2026-09-10 15:38:00,RED_CONFIRMED,LOW,248329.8,906798.0099969192,-658468.2099969191,3,0,32.67395322660118,109196.79,248329.8,,1,BROAD_ELEVATION
2026-09-10 15:39:00,RED_CONFIRMED,LOW,569883.53,906798.0099969192,-336914.47999691917,3,0,31.48360347333924,409473.68,569883.53,,1,BROAD_ELEVATION
2026-09-10 15:40:00,RED_CONFIRMED,HIGH,1126184.04,906798.0099969192,219386.03000308084,6,0,31.010982130726756,475181.08,1099763.02,501.29127182097966,1,SINGLE_LARGE_PAYMENT
2026-09-11 15:25:00,RED_CONFIRMED,LOW,625945.55,1085407.6994699629,-459462.1494699628,6,0,33.22050002023164,180855.29,576762.6499999999,,1,BROAD_ELEVATION
2026-09-14 08:34:00,RED_CONFIRMED,HIGH,53682882.839999996,2243707.4695149777,51439175.370485015,10,2,40.72311512882154,50607799.97,53168858.330000006,103.3625790986289,1,SINGLE_LARGE_PAYMENT
2026-09-15 15:33:00,RED_CONFIRMED,HIGH,978401.27,829957.1521275816,148444.11787241837,8,1,87.7605085509245,437880.57,860106.36,579.4142417547499,1,SINGLE_LARGE_PAYMENT
2026-09-15 15:34:00,RED_CONFIRMED,HIGH,1577424.92,829957.1521275816,747467.7678724183,8,1,86.18745663851679,480919.35,1458214.2599999998,195.08724291224493,1,SINGLE_LARGE_PAYMENT
2026-09-15 15:35:00,RED_CONFIRMED,HIGH,899219.44,852087.436442453,47132.003557546996,4,1,84.70802001657817,516023.2,899219.44,1907.874421044027,1,SINGLE_LARGE_PAYMENT
2026-09-15 15:36:00,RED_CONFIRMED,HIGH,1502829.1099999999,852087.436442453,650741.6735575469,8,1,82.28103073239913,604021.53,1436242.3699999999,220.70852818572234,1,SINGLE_LARGE_PAYMENT
2026-09-15 15:37:00,RED_CONFIRMED,LOW,492226.89999999997,884600.4465301605,-392373.5465301605,4,1,79.13882249757125,323419.79,492226.89999999997,,1,BROAD_ELEVATION
2026-09-15 15:46:00,RED_CONFIRMED,HIGH,11358261.78,791439.0097559327,10566822.770244066,10,2,47.310611413805624,7632284.29,10639016.65,100.68321274356215,1,SINGLE_LARGE_PAYMENT
2026-09-15 16:10:00,RED_CONFIRMED,HIGH,3524353.52,751497.9081232904,2772855.6118767094,7,0,41.785232713798635,1681473.64,3264721.8499999996,117.7386170421758,1,SINGLE_LARGE_PAYMENT
2026-09-15 16:11:00,RED_CONFIRMED,LOW,282912.05,752203.6454849512,-469291.5954849512,2,0,37.31480092191048,255057.79,282912.05,,1,DR_CR_IMBALANCE
2026-09-15 16:12:00,RED_CONFIRMED,HIGH,1718738.48,752203.6454849512,966534.8345150488,8,0,34.80641744246633,472772.82,1511289.3699999999,156.3616039517373,1,SINGLE_LARGE_PAYMENT
2026-09-15 16:13:00,RED_CONFIRMED,HIGH,3769773.21,781829.8879623711,2987943.322037629,11,0,34.2696679018329,862195.23,2910979.4,97.42418400409471,1,SINGLE_LARGE_PAYMENT
2026-09-16 06:39:00,RED_CONFIRMED,LOW,151162.76,297900.17453246564,-146737.41453246563,2,1,79.99739971349668,88861.41,151162.76,,1,DR_CR_IMBALANCE
2026-09-16 06:52:00,RED_CONFIRMED,HIGH,816455.5800000001,605228.8172576827,211226.7627423174,3,1,84.99277558475536,461650.43,816455.5800000001,386.5303664176407,1,SINGLE_LARGE_PAYMENT
2026-09-16 06:53:00,RED_CONFIRMED,LOW,341998.70999999996,605228.8172576827,-263230.1072576827,3,1,81.46764310147175,288498.97,341998.70999999996,,1,BROAD_ELEVATION
2026-09-16 09:22:00,RED_CONFIRMED,HIGH,7318549.9,2439856.945011706,4878692.954988294,26,1,75.03216459271727,1787363.79,5229526.180000001,107.19113148231621,1,SINGLE_LARGE_PAYMENT
2026-09-16 09:23:00,RED_CONFIRMED,HIGH,3165772.6100000003,2459117.958395758,706654.6516042422,14,1,72.94008837319824,711531.74,2415566.4600000004,341.8312544205574,1,SINGLE_LARGE_PAYMENT
2026-09-16 09:24:00,RED_CONFIRMED,HIGH,10174345.190000001,2459117.958395758,7715227.231604243,23,1,75.2250601146692,3768781.57,7711925.029999999,99.95719890671896,1,SINGLE_LARGE_PAYMENT
2026-09-16 09:25:00,RED_CONFIRMED,HIGH,9294939.43,2473146.1234236946,6821793.306576305,35,1,77.50834300604117,1566903.11,4711285.49,69.06227260591807,1,BROAD_ELEVATION
2026-09-16 09:26:00,RED_CONFIRMED,LOW,2310223.62,2473873.969789111,-163650.34978911094,14,1,79.2265221793811,366859.65,1352479.4400000002,,1,DR_CR_IMBALANCE
2026-09-16 09:27:00,RED_CONFIRMED,HIGH,6658196.09,2473873.969789111,4184322.120210889,23,1,78.13006309849013,805371.57,3721568.2899999996,88.94076945042734,1,SINGLE_LARGE_PAYMENT
2026-09-16 09:31:00,RED_CONFIRMED,HIGH,7874695.84,2779292.4608018417,5095403.379198158,25,1,75.5581583276375,1113486.04,4560847.210000001,89.50905101290964,1,SINGLE_LARGE_PAYMENT
2026-09-16 09:32:00,RED_CONFIRMED,HIGH,5327422.77,2795719.100714984,2531703.6692850157,18,1,73.53652782825993,1656350.71,3578239.84,141.33723007995397,1,SINGLE_LARGE_PAYMENT
2026-09-16 09:33:00,RED_CONFIRMED,HIGH,6498557.67,2795719.100714984,3702838.569285016,20,1,73.53203912244986,1488276.76,4780895.75,129.11434459113207,1,SINGLE_LARGE_PAYMENT
2026-09-16 09:34:00,RED_CONFIRMED,HIGH,6569350.29,2832246.4754749318,3737103.8145250683,23,1,72.62121578921062,1055512.34,3330019.58,89.10695943359008,1,SINGLE_LARGE_PAYMENT
2026-09-16 09:35:00,RED_CONFIRMED,HIGH,5975674.72,2832246.4754749318,3143428.244525068,23,1,72.60215421490636,1186181.74,3560729.85,113.27536603393919,1,SINGLE_LARGE_PAYMENT
2026-09-16 09:36:00,RED_CONFIRMED,HIGH,9656809.66,2832246.4754749318,6824563.184525069,20,1,73.73781563404658,3163760.52,6799518.640000001,99.63302347933627,1,SINGLE_LARGE_PAYMENT
2026-09-16 09:37:00,RED_CONFIRMED,HIGH,3343593.73,2892741.9954545363,450851.7345454637,15,1,72.72486423637336,781096.3,2432767.06,539.5935899975296,1,SINGLE_LARGE_PAYMENT
2026-09-16 09:38:00,RED_CONFIRMED,HIGH,16154210.989999998,2892741.9954545363,13261468.994545462,26,1,75.47150284930127,8967971.93,12881057.64,97.13145387813427,1,SINGLE_LARGE_PAYMENT
2026-09-16 09:39:00,RED_CONFIRMED,HIGH,10225622.14,2918711.585315329,7306910.554684672,19,1,76.41588297618075,2957274.75,7750122.430000001,106.0656534933382,1,SINGLE_LARGE_PAYMENT
2026-09-16 09:40:00,RED_CONFIRMED,HIGH,7286688.98,2920323.2947722403,4366365.68522776,22,1,79.12920744482388,1247028.1,4809773.0600000005,110.1550673199996,1,SINGLE_LARGE_PAYMENT
2026-09-16 09:41:00,RED_CONFIRMED,HIGH,6469071.52,2922800.723861177,3546270.7961388226,21,1,78.13688358642709,854441.31,3262918.7800000003,92.00985958412042,1,SINGLE_LARGE_PAYMENT
2026-09-16 09:42:00,RED_CONFIRMED,HIGH,7534879.890000001,2944811.7914623683,4590068.098537632,21,1,77.4771784516655,1132288.4,4035760.9299999997,87.92377026575637,1,SINGLE_LARGE_PAYMENT
2026-09-16 11:07:00,RED_CONFIRMED,LOW,423311.49000000005,1436665.3188680012,-1013353.8288680012,3,0,42.60629976200055,149512.64,423311.49000000005,,1,BROAD_ELEVATION
2026-09-16 13:30:00,RED_CONFIRMED,LOW,1247993.6900000002,1929788.0013191928,-681794.3113191926,7,0,31.487021449450154,469776.7,1187899.6700000002,,1,BROAD_ELEVATION
2026-09-16 13:31:00,RED_CONFIRMED,LOW,1092763.75,1920322.7384757176,-827558.9884757176,11,0,30.260349943845373,510361.82,920198.5400000002,,1,BROAD_ELEVATION
2026-09-16 13:32:00,RED_CONFIRMED,LOW,1504869.91,1920322.7384757176,-415452.8284757177,6,0,31.317647091901577,1001499.53,1440033.4800000002,,1,DR_CR_IMBALANCE
2026-09-16 13:33:00,RED_CONFIRMED,LOW,1805683.29,1910538.0126298177,-104854.72262981767,5,0,32.71132504514452,1682915.26,1805683.29,,1,DR_CR_IMBALANCE
2026-09-16 13:34:00,RED_CONFIRMED,LOW,1853565.01,1898908.3488005644,-45343.33880056441,9,0,32.87175805808764,854298.02,1695059.2,,1,BROAD_ELEVATION
2026-09-16 15:25:00,RED_CONFIRMED,HIGH,2144543.37,1116108.8323510757,1028434.5376489244,8,1,86.47477418295689,591300.11,1889425.5299999998,183.7185995638928,1,SINGLE_LARGE_PAYMENT
2026-09-16 15:26:00,RED_CONFIRMED,HIGH,1974412.0,1116108.8323510757,858303.1676489243,8,1,84.3327553157354,1002254.23,1814794.49,211.43979871018183,1,SINGLE_LARGE_PAYMENT
2026-09-16 15:27:00,RED_CONFIRMED,LOW,571835.3300000001,1147235.1719277895,-575399.8419277894,6,1,82.90584260276319,246954.68,558908.22,,1,BROAD_ELEVATION
2026-09-16 15:28:00,RED_CONFIRMED,LOW,567808.87,1147235.1719277895,-579426.3019277895,5,1,80.7481960223479,360394.64,567808.87,,1,BROAD_ELEVATION
2026-09-16 15:29:00,RED_CONFIRMED,LOW,54255.45,1147235.1719277895,-1092979.7219277895,2,2,82.43040471899,46936.03,54255.45,,1,BROAD_ELEVATION
2026-09-16 15:30:00,RED_CONFIRMED,HIGH,2749048.7600000002,847617.9229311532,1901430.837068847,6,1,81.33205614542324,1965384.68,2732479.1899999995,143.70647286925546,1,SINGLE_LARGE_PAYMENT
2026-09-16 15:31:00,RED_CONFIRMED,LOW,389875.13,884600.4465301605,-494725.3165301605,4,1,80.23496483390196,138697.15,389875.13,,1,BROAD_ELEVATION
2026-09-16 15:32:00,RED_CONFIRMED,LOW,558363.92,884600.4465301605,-326236.52653016045,5,1,74.86909260086263,344958.89,558363.92,,1,DR_CR_IMBALANCE
2026-09-16 16:19:00,RED_CONFIRMED,HIGH,2177016.98,1049628.7645088602,1127388.2154911398,9,1,86.09931882332639,1026770.11,2005903.05,177.92478424356605,1,SINGLE_LARGE_PAYMENT
2026-09-16 16:20:00,RED_CONFIRMED,LOW,734718.87,1058584.0499523438,-323865.1799523438,5,1,83.53162308432064,429564.98,734718.87,,1,BROAD_ELEVATION
2026-09-16 16:21:00,RED_CONFIRMED,HIGH,1461385.3699999999,1049628.7645088602,411756.6054911397,8,1,79.78329656906561,670610.45,1361732.9399999997,330.71307705573696,1,SINGLE_LARGE_PAYMENT
2026-09-17 06:49:00,RED_CONFIRMED,LOW,421748.03,591669.5573653129,-169921.5273653129,2,1,84.32921821052015,221755.12,421748.03,,1,DR_CR_IMBALANCE
2026-09-17 06:50:00,RED_CONFIRMED,LOW,329073.74,586446.2557140832,-257372.51571408322,4,1,80.071014737408,132076.2,329073.74,,1,DR_CR_IMBALANCE
2026-09-17 10:45:00,RED_CONFIRMED,HIGH,11167517.41,1668161.039639433,9499356.370360568,12,2,40.03287742418332,8297398.04,10311390.24,108.54830409535008,1,SINGLE_LARGE_PAYMENT
2026-09-17 13:20:00,RED_CONFIRMED,HIGH,11858354.280000001,1741348.5866622408,10117005.69333776,7,2,39.792730416534255,9143562.34,11801337.85,116.6485243531236,1,SINGLE_LARGE_PAYMENT
2026-09-18 06:37:00,RED_CONFIRMED,HIGH,970969.32,318636.03208083037,652333.2879191695,2,1,84.90036479042179,916761.85,970969.32,148.84558828773316,1,SINGLE_LARGE_PAYMENT
2026-09-18 06:38:00,RED_CONFIRMED,LOW,278922.35,318636.03208083037,-39713.68208083039,3,1,79.96682928087411,180559.85,278922.35000000003,,1,BROAD_ELEVATION
2026-09-18 14:36:00,RED_CONFIRMED,HIGH,15439018.37,1303201.2040007543,14135817.165999245,7,2,41.01783460299251,10354018.76,15313279.469999999,108.32963733312067,1,SINGLE_LARGE_PAYMENT
2026-09-18 14:51:00,RED_CONFIRMED,LOW,379387.67000000004,1303158.3028373378,-923770.6328373378,4,0,53.87572405130848,168206.75,379387.67,,1,BROAD_ELEVATION
2026-09-18 14:52:00,RED_CONFIRMED,HIGH,3824292.98,1294619.9542006422,2529673.025799358,7,0,58.642863143259234,2591282.03,3751502.32,148.299890212671,1,SINGLE_LARGE_PAYMENT
2026-09-18 14:53:00,RED_CONFIRMED,HIGH,2730000.0,1303158.3028373378,1426841.6971626622,6,0,51.54852365662665,1468168.83,2700712.4899999998,189.27905564930475,1,SINGLE_LARGE_PAYMENT
2026-09-18 14:54:00,RED_CONFIRMED,LOW,732681.14,1320532.9416947914,-587851.8016947914,6,0,44.400248836633445,289997.34,720296.4200000002,,1,BROAD_ELEVATION
2026-09-18 14:55:00,RED_CONFIRMED,LOW,1272763.75,1320532.9416947914,-47769.19169479143,5,0,40.48753690674321,416144.62,1272763.75,,1,BROAD_ELEVATION
2026-09-18 14:56:00,RED_CONFIRMED,LOW,429296.36,1303158.3028373378,-873861.9428373378,3,0,41.871953339416756,223753.08,429296.36,,1,BROAD_ELEVATION
2026-09-18 16:47:00,RED_CONFIRMED,HIGH,13283252.87,1682185.0188601401,11601067.851139858,3,2,39.706402622521516,13157583.58,13283252.870000001,114.50026015230021,1,SINGLE_LARGE_PAYMENT
2026-09-18 17:24:00,RED_CONFIRMED,HIGH,16046225.530000001,2282282.880324737,13763942.649675265,13,2,40.18235656957741,12602079.99,15214967.98,110.54222156584596,1,SINGLE_LARGE_PAYMENT
