timestamp,rank,txn_id,direction,counterparty,channel,amount,pct_of_minute,pct_of_excess
2026-01-22 06:31:00,1,TXN00016177,CR,COBAGB2X,CHAPS,1685089.58,61.558908125915984,67.17915053438584
2026-01-22 06:31:00,2,TXN00016175,DR,CITIGB2L,BACS,841563.16,30.7435936127476,33.55044080792039
2026-01-22 06:31:00,3,TXN00016179,CR,BARCGB22,FPS,146107.52,5.33753190746419,5.824841122265908
2026-01-22 06:31:00,4,TXN00016176,DR,BARCGB22,BACS,41323.84,1.5096232865970554,1.6474497860338526
2026-01-22 06:31:00,5,TXN00016178,DR,BNPAGB22,CHAPS,23276.96,0.8503430672751661,0.9279782026916799
2026-01-22 06:32:00,1,TXN00016180,DR,RBOSGB2L,SWIFT,45633.53,100.0,
2026-01-22 06:33:00,1,TXN00016181,CR,BARCGB22,CHAPS,449017.09,40.49032859482563,51.02815136200965
2026-01-22 06:33:00,2,TXN00016182,DR,HSBCGB2L,BACS,353280.38,31.85722546174103,40.14823735076161
2026-01-22 06:33:00,3,TXN00016183,DR,LOYDGB2L,CHAPS,292774.19,26.40105114302868,33.27206472744673
2026-01-22 06:33:00,4,TXN00016184,DR,NWBKGB2L,CHAPS,13877.33,1.2513948004046607,1.5770769342889766
2026-01-22 06:34:00,1,TXN00016186,CR,NTSBGB2L,FPS,311709.63,53.82224651467689,91.36856918661618
2026-01-22 06:34:00,2,TXN00016185,CR,MIDLGB22,BACS,222746.68,38.46120096220912,65.29168008915559
2026-01-22 06:34:00,3,TXN00016187,DR,SANTGB2L,SWIFT,44690.14,7.716552523113972,13.099608595825426
2026-01-22 06:35:00,1,TXN00016189,CR,BOFAGB22,CHAPS,116261.18,55.71612343358699,
2026-01-22 06:35:00,2,TXN00016188,DR,NTSBGB2L,CHAPS,92405.85,44.28387656641301,
2026-01-22 06:36:00,1,TXN00016190,CR,NTSBGB2L,SWIFT,137793.21,55.883423381186724,1605.5230149898737
2026-01-22 06:36:00,2,TXN00016191,DR,NWBKGB2L,CHAPS,108779.39,44.11657661881328,1267.4631369830147
2026-01-22 06:37:00,1,TXN00016193,DR,DEUTGB2L,CHAPS,109291.39,71.16709292146155,
2026-01-22 06:37:00,2,TXN00016192,DR,HSBCGB2L,INTERNAL,44278.73,28.832907078538454,
2026-01-22 06:39:00,1,TXN00016194,CR,BNPAGB22,SWIFT,724280.64,49.68720577397366,58.94828240279316
2026-01-22 06:39:00,2,TXN00016197,DR,CHASGB2L,CHAPS,255333.53,17.516427949951936,20.78127206788526
2026-01-22 06:39:00,3,TXN00016199,CR,RBOSGB2L,CHAPS,160977.83,11.043424499456108,13.10178135291429
2026-01-22 06:39:00,4,TXN00016198,CR,COBAGB2X,SWIFT,124507.47,8.541479560031942,10.133505022055122
2026-01-22 06:39:00,5,TXN00016196,DR,HSBCGB2L,CHAPS,103668.18,7.111859557468415,8.437421647530982
2026-01-22 06:40:00,1,TXN00016202,CR,SANTGB2L,CHAPS,528465.63,74.13240403455201,111.28471556114201
2026-01-22 06:40:00,2,TXN00016201,CR,BARCGB22,CHAPS,164380.23,23.059023962736404,34.615320469232984
2026-01-22 06:40:00,3,TXN00016200,CR,TSBSGB2A,CHAPS,20021.39,2.8085720027115846,4.216120339346748
2026-01-22 06:41:00,1,TXN00016205,CR,COBAGB2X,FPS,576287.23,69.50598997393378,98.09528294129787
2026-01-22 06:41:00,2,TXN00016203,CR,CITIGB2L,CHAPS,182529.87,22.01492355498392,31.07013015521499
2026-01-22 06:41:00,3,TXN00016204,DR,DEUTGB2L,BACS,70301.7,8.479086471082312,11.966715196438138
2026-01-22 06:42:00,1,TXN00016208,CR,CITIGB2L,FPS,4054719.41,93.23525977707699,98.8097383791792
2026-01-22 06:42:00,2,TXN00016206,DR,DEUTGB2L,CHAPS,164004.42,3.7711597664630614,3.996635079917657
2026-01-22 06:42:00,3,TXN00016207,CR,MIDLGB22,CHAPS,53324.38,1.2261544928337145,1.299465512715203
2026-01-22 06:42:00,4,TXN00016210,DR,HSBCGB2L,INTERNAL,50752.21,1.167009355059359,1.2367841236800063
2026-01-22 06:42:00,5,TXN00016209,DR,CHASGB2L,CHAPS,26111.59,0.6004166085668862,0.6363151467895016
2026-01-22 06:56:00,1,TXN00016259,DR,TSBSGB2A,CHAPS,131470.57,59.93148958303418,
2026-01-22 06:56:00,2,TXN00016257,DR,RBOSGB2L,FPS,31747.28,14.4721497792979,
2026-01-22 06:56:00,3,TXN00016258,DR,HSBCGB2L,FPS,31212.25,14.228253788951083,
2026-01-22 06:56:00,4,TXN00016256,CR,HSBCGB2L,FPS,24938.0,11.368106848716836,
2026-01-22 06:57:00,1,TXN00016260,DR,LOYDGB2L,CHAPS,184621.96,56.243176071015654,
2026-01-22 06:57:00,2,TXN00016261,DR,BNPAGB22,BACS,143634.68,43.756823928984346,
2026-01-22 06:58:00,1,TXN00016265,DR,NTSBGB2L,CHAPS,146556.01,23.49714955430597,73.88643357294809
2026-01-22 06:58:00,2,TXN00016263,CR,CITIGB2L,FPS,143258.83,22.968516633912824,72.22415530098877
2026-01-22 06:58:00,3,TXN00016262,DR,DEUTGB2L,FPS,108153.14,17.34006340202487,54.52556871816963
2026-01-22 06:58:00,4,TXN00016267,CR,CITIGB2L,FPS,77218.42,12.380336794698568,38.92978295423031
2026-01-22 06:58:00,5,TXN00016264,CR,BARCGB22,CHAPS,74686.26,11.974358614646917,37.65319066957356
2026-01-22 06:59:00,1,TXN00016271,DR,BARCGB22,CHAPS,332271.69,51.68517193915893,158.24896201887066
2026-01-22 06:59:00,2,TXN00016269,DR,BOFAGB22,CHAPS,156503.83,24.344317033710873,74.53710139879142
2026-01-22 06:59:00,3,TXN00016268,DR,NWBKGB2L,CHAPS,115965.57,18.038552801391447,55.23019756039609
2026-01-22 06:59:00,4,TXN00016270,DR,CITIGB2L,SWIFT,38135.15,5.931958225738752,18.162389651474477
2026-01-22 07:00:00,1,TXN00016272,CR,SANTGB2L,CHAPS,47163.76,60.88583898735145,
2026-01-22 07:00:00,2,TXN00016273,CR,LOYDGB2L,INTERNAL,30298.85,39.11416101264855,
2026-01-22 07:01:00,1,TXN00016274,DR,HSBCGB2L,SWIFT,205834.2,79.51140978775797,
2026-01-22 07:01:00,2,TXN00016275,CR,COBAGB2X,SWIFT,53039.59,20.488590212242034,
2026-01-22 07:02:00,1,TXN00016276,CR,MIDLGB22,CHAPS,18775.71,100.0,
2026-01-22 07:04:00,1,TXN00016277,CR,SANTGB2L,SWIFT,1626712.12,92.92047664724808,183.58167101389444
2026-01-22 07:04:00,2,TXN00016279,CR,NTSBGB2L,CHAPS,61155.92,3.493326917734511,6.901716565554357
2026-01-22 07:04:00,3,TXN00016278,CR,HSBCGB2L,SWIFT,42190.25,2.409976597375176,4.761356665550608
2026-01-22 07:04:00,4,TXN00016280,CR,CHASGB2L,BACS,20591.49,1.1762198376422268,2.32384089132249
2026-01-22 07:05:00,1,TXN00016281,CR,BOFAGB22,CHAPS,189200.83,24.263563365396365,
2026-01-22 07:05:00,2,TXN00016283,CR,COBAGB2X,CHAPS,161410.08,20.699611644905023,
2026-01-22 07:05:00,3,TXN00016285,DR,CHASGB2L,CHAPS,129306.37,16.582555700439514,
2026-01-22 07:05:00,4,TXN00016286,CR,LOYDGB2L,CHAPS,127216.06,16.314489386257268,
2026-01-22 07:05:00,5,TXN00016284,DR,LOYDGB2L,BACS,100607.51,12.902145798830524,
2026-01-22 07:06:00,1,TXN00016290,DR,LOYDGB2L,FPS,881520.79,62.806489419557685,163.5480784296116
2026-01-22 07:06:00,2,TXN00016287,CR,TSBSGB2A,FPS,461498.77,32.88081000919318,85.62161878352215
2026-01-22 07:06:00,3,TXN00016288,CR,LOYDGB2L,FPS,56458.57,4.022553545615591,10.474728150635809
2026-01-22 07:06:00,4,TXN00016289,CR,TSBSGB2A,CHAPS,4072.36,0.29014702563354167,0.7555427622683898
2026-01-22 07:07:00,1,TXN00016292,DR,CITIGB2L,SWIFT,3167885.21,95.70626095675112,130.2702916213704
2026-01-22 07:07:00,2,TXN00016293,DR,LOYDGB2L,FPS,100358.44,3.0319694089712454,4.126956117032348
2026-01-22 07:07:00,3,TXN00016291,DR,COBAGB2X,FPS,41764.68,1.2617696342776272,1.7174539739945993
2026-01-22 07:08:00,1,TXN00016297,DR,BOFAGB22,CHAPS,135265.44,35.05399655854397,
2026-01-22 07:08:00,2,TXN00016296,DR,BOFAGB22,CHAPS,97946.67,25.38284896053894,
2026-01-22 07:08:00,3,TXN00016298,DR,LOYDGB2L,CHAPS,76594.28,19.849383756295428,
2026-01-22 07:08:00,4,TXN00016294,DR,CHASGB2L,BACS,57561.0,14.916915184738613,
2026-01-22 07:08:00,5,TXN00016295,CR,BNPAGB22,SWIFT,18509.98,4.796855539883047,
2026-01-22 07:09:00,1,TXN00016303,DR,RBOSGB2L,SWIFT,19438334.6,95.32869206397872,99.6192723111059
2026-01-22 07:09:00,2,TXN00016299,DR,CHASGB2L,CHAPS,399810.66,1.960735221166328,2.048984536536529
2026-01-22 07:09:00,3,TXN00016300,DR,RBOSGB2L,CHAPS,350928.04,1.721007058998542,1.7984666226685213
2026-01-22 07:09:00,4,TXN00016302,DR,NTSBGB2L,SWIFT,121652.57,0.5966035991746749,0.6234556996552508
2026-01-22 07:09:00,5,TXN00016301,DR,CITIGB2L,CHAPS,80128.32,0.3929620566817461,0.41064860206241294
2026-01-22 07:10:00,1,TXN00016305,DR,TSBSGB2A,CHAPS,675961.3,65.74642149265411,496.9905353173916
2026-01-22 07:10:00,2,TXN00016306,DR,COBAGB2X,CHAPS,301395.24,29.314782495565414,221.5963867601795
2026-01-22 07:10:00,3,TXN00016304,CR,TSBSGB2A,SWIFT,29100.86,2.830454062027986,21.395976351895396
2026-01-22 07:10:00,4,TXN00016307,DR,BNPAGB22,CHAPS,21676.58,2.108341949752502,15.937384430218513
2026-01-22 07:11:00,1,TXN00016309,CR,BNPAGB22,BACS,753954.49,66.32345199394274,326.8975939286111
2026-01-22 07:11:00,2,TXN00016311,DR,RBOSGB2L,CHAPS,131309.3,11.550943950089382,56.93273904430249
2026-01-22 07:11:00,3,TXN00016308,CR,NTSBGB2L,FPS,116868.25,10.28060164280088,50.671426774907076
2026-01-22 07:11:00,4,TXN00016310,CR,COBAGB2X,SWIFT,70111.84,6.167559602234075,30.398906175235794
2026-01-22 07:11:00,5,TXN00016312,CR,BOFAGB22,INTERNAL,64540.27,5.677442810932929,27.983199588748285
2026-01-22 07:12:00,1,TXN00016314,CR,BARCGB22,FPS,1123813.0,68.03560081760192,153.6492666422292
2026-01-22 07:12:00,2,TXN00016315,DR,CITIGB2L,SWIFT,174020.67,10.53520544621893,23.792346525702566
2026-01-22 07:12:00,3,TXN00016318,DR,LOYDGB2L,CHAPS,134278.05,8.129188582411834,18.358680588895645
2026-01-22 07:12:00,4,TXN00016313,CR,CITIGB2L,SWIFT,131983.82,7.990295976200867,18.045010292317304
2026-01-22 07:12:00,5,TXN00016316,DR,BOFAGB22,FPS,74585.03,4.515375180789744,10.197368389570743
2026-01-22 07:13:00,1,TXN00016319,CR,HSBCGB2L,BACS,88459.08,100.0,
2026-01-22 07:14:00,1,TXN00016321,DR,COBAGB2X,CHAPS,718975.34,91.05232899836774,
2026-01-22 07:14:00,2,TXN00016320,DR,BNPAGB22,SWIFT,60534.61,7.666211786217705,
2026-01-22 07:14:00,3,TXN00016322,DR,BOFAGB22,CHAPS,10118.77,1.2814592154145559,
2026-01-22 07:15:00,1,TXN00016326,DR,CHASGB2L,FPS,83353.88,33.04253686687689,
2026-01-22 07:15:00,2,TXN00016324,DR,MIDLGB22,CHAPS,62626.34,24.825876711288863,
2026-01-22 07:15:00,3,TXN00016323,DR,LOYDGB2L,CHAPS,58142.71,23.048508824245868,
2026-01-22 07:15:00,4,TXN00016325,DR,COBAGB2X,FPS,48139.42,19.08307759758838,
2026-01-22 07:17:00,1,TXN00016327,DR,MIDLGB22,BACS,41861.86,100.0,
2026-01-22 07:18:00,1,TXN00016328,DR,COBAGB2X,INTERNAL,867947.25,75.52779516076538,184.27402922882845
2026-01-22 07:18:00,2,TXN00016329,CR,MIDLGB22,SWIFT,281228.69,24.472204839234628,59.70771131660955
2026-01-22 07:19:00,1,TXN00016332,CR,DEUTGB2L,CHAPS,366747.51,27.21850767779756,58.65011326145397
2026-01-22 07:19:00,2,TXN00016330,DR,NWBKGB2L,SWIFT,328016.95,24.344083132351027,52.45633779265927
2026-01-22 07:19:00,3,TXN00016335,DR,HSBCGB2L,SWIFT,265374.5,19.695015422849604,42.43858255970631
2026-01-22 07:19:00,4,TXN00016333,DR,RBOSGB2L,CHAPS,216291.43,16.052269715742074,34.58923788461943
2026-01-22 07:19:00,5,TXN00016334,DR,NWBKGB2L,INTERNAL,134952.5,10.015625347771211,21.581549142395993
2026-01-22 07:20:00,1,TXN00016338,CR,NWBKGB2L,SWIFT,177617.37,16.166506340218668,49.982924961837846
2026-01-22 07:20:00,2,TXN00016339,DR,MIDLGB22,SWIFT,170878.54,15.553146633785364,48.08656519578241
2026-01-22 07:20:00,3,TXN00016342,DR,BARCGB22,FPS,161039.06,14.657569721434648,45.317658131661915
2026-01-22 07:20:00,4,TXN00016346,CR,NWBKGB2L,INTERNAL,140006.15,12.74318109565864,39.39883182396977
2026-01-22 07:20:00,5,TXN00016345,CR,NTSBGB2L,CHAPS,137375.92,12.50378091778621,38.65866441397843
2026-01-22 07:21:00,1,TXN00016347,CR,HSBCGB2L,CHAPS,240372.73,21.37115324499632,66.8449428511011
2026-01-22 07:21:00,2,TXN00016354,DR,BARCGB22,CHAPS,199520.63,17.739058666381208,55.484434985473136
2026-01-22 07:21:00,3,TXN00016349,CR,LOYDGB2L,SWIFT,193716.54,17.223026349247103,53.87038307387464
2026-01-22 07:21:00,4,TXN00016352,DR,COBAGB2X,BACS,179987.96,16.002440357582444,50.052619946057405
2026-01-22 07:21:00,5,TXN00016353,DR,BNPAGB22,SWIFT,151121.14,13.435937768392211,42.02508315686746
2026-01-22 07:22:00,1,TXN00016358,CR,BARCGB22,SWIFT,596163.46,31.393114999459673,52.84341429330551
2026-01-22 07:22:00,2,TXN00016360,DR,LOYDGB2L,SWIFT,363533.59,19.143158819288292,32.22330349784045
2026-01-22 07:22:00,3,TXN00016357,DR,LOYDGB2L,CHAPS,362609.37,19.09449071617308,32.141381435126036
2026-01-22 07:22:00,4,TXN00016356,CR,RBOSGB2L,BACS,228859.93,12.051436532621926,20.285946569296442
2026-01-22 07:22:00,5,TXN00016359,DR,NTSBGB2L,CHAPS,141512.11,7.45182528135184,12.543511231382446
2026-01-22 07:23:00,1,TXN00016364,CR,NTSBGB2L,SWIFT,164693.39,43.03239089485856,
2026-01-22 07:23:00,2,TXN00016366,CR,BNPAGB22,SWIFT,80681.85,21.08119158467953,
2026-01-22 07:23:00,3,TXN00016363,DR,CHASGB2L,CHAPS,70329.8,18.376326124304217,
2026-01-22 07:23:00,4,TXN00016365,DR,TSBSGB2A,CHAPS,33184.54,8.670718945952048,
2026-01-22 07:23:00,5,TXN00016368,DR,BOFAGB22,SWIFT,22692.05,5.92915821215214,
2026-01-22 07:24:00,1,TXN00016370,CR,HSBCGB2L,CHAPS,131185.23,49.73918490743225,
2026-01-22 07:24:00,2,TXN00016369,CR,HSBCGB2L,CHAPS,56360.3,21.369138760044503,
2026-01-22 07:24:00,3,TXN00016372,CR,SANTGB2L,SWIFT,55191.14,20.925849028217428,
2026-01-22 07:24:00,4,TXN00016371,CR,LOYDGB2L,FPS,21009.57,7.965827304305836,
2026-01-22 07:25:00,1,TXN00016378,DR,NWBKGB2L,CHAPS,680433.03,49.47889127462911,111.53855409185151
2026-01-22 07:25:00,2,TXN00016377,DR,DEUTGB2L,CHAPS,297915.39,21.66344451392774,48.83515405228056
2026-01-22 07:25:00,3,TXN00016376,DR,MIDLGB22,CHAPS,214158.97,15.572948291643863,35.10555896970522
2026-01-22 07:25:00,4,TXN00016375,DR,COBAGB2X,CHAPS,114447.9,8.322281475238826,18.760631424445712
2026-01-22 07:25:00,5,TXN00016373,CR,BARCGB22,SWIFT,61883.0,4.4999317989426135,10.144040689597398
2026-01-22 07:26:00,1,TXN00016382,DR,NWBKGB2L,CHAPS,288762.92,27.305258555139588,100.72669785905174
2026-01-22 07:26:00,2,TXN00016384,CR,TSBSGB2A,CHAPS,217302.42,20.547994052551957,75.79974327514336
2026-01-22 07:26:00,3,TXN00016385,DR,NWBKGB2L,CHAPS,205580.8,19.43960428843302,71.71099089599919
2026-01-22 07:26:00,4,TXN00016379,CR,BOFAGB22,CHAPS,100379.35,9.491814618534994,35.01446951269922
2026-01-22 07:26:00,5,TXN00016386,CR,CHASGB2L,SWIFT,96016.92,9.07930570264407,33.492760393878626
2026-01-22 07:27:00,1,TXN00016391,CR,CITIGB2L,CHAPS,529316.37,54.771512331068145,278.8681779312558
2026-01-22 07:27:00,2,TXN00016387,CR,LOYDGB2L,SWIFT,282814.09,29.26445561816805,148.99945371344967
2026-01-22 07:27:00,3,TXN00016389,CR,NTSBGB2L,CHAPS,88340.69,9.141136503430015,46.54193343291065
2026-01-22 07:27:00,4,TXN00016390,DR,CITIGB2L,FPS,39699.88,4.107982654989351,20.915720403072932
2026-01-22 07:27:00,5,TXN00016388,CR,TSBSGB2A,FPS,26237.14,2.7149128923444428,13.8229305583866
2026-01-22 07:28:00,1,TXN00016392,CR,DEUTGB2L,CHAPS,750935.54,49.238546734158945,107.03753224877399
2026-01-22 07:28:00,2,TXN00016397,DR,LOYDGB2L,CHAPS,302913.34,19.86190805137573,43.17693686309459
2026-01-22 07:28:00,3,TXN00016396,CR,CHASGB2L,CHAPS,275490.84,18.06382555841305,39.26816364390189
2026-01-22 07:28:00,4,TXN00016393,DR,LOYDGB2L,FPS,89563.11,5.87261774478222,12.76622794404629
2026-01-22 07:28:00,5,TXN00016394,CR,RBOSGB2L,SWIFT,66502.05,4.3605131498269145,9.479129622077256
2026-01-22 07:29:00,1,TXN00016400,CR,RBOSGB2L,CHAPS,151317.37,41.27569144122261,
2026-01-22 07:29:00,2,TXN00016399,CR,RBOSGB2L,FPS,122435.42,33.3973992370902,
2026-01-22 07:29:00,3,TXN00016398,DR,BOFAGB22,CHAPS,52009.69,14.186976130986423,
2026-01-22 07:29:00,4,TXN00016401,DR,MIDLGB22,BACS,28557.39,7.7897601445667215,
2026-01-22 07:29:00,5,TXN00016402,CR,MIDLGB22,CHAPS,12281.79,3.350173046134052,
2026-01-22 07:30:00,1,TXN00016406,DR,LOYDGB2L,FPS,1349696.79,67.79748284632201,212.18438519494956
2026-01-22 07:30:00,2,TXN00016405,CR,BOFAGB22,SWIFT,302429.3,15.19151962936444,47.54458598470769
2026-01-22 07:30:00,3,TXN00016403,DR,BARCGB22,CHAPS,124425.3,6.250086837947114,19.560768002713527
2026-01-22 07:30:00,4,TXN00016404,CR,NTSBGB2L,FPS,110606.49,5.555945353079551,17.388327699305957
2026-01-22 07:30:00,5,TXN00016409,DR,COBAGB2X,CHAPS,52623.39,2.64335916575775,8.272866718475381
2026-01-22 07:31:00,1,TXN00016415,CR,RBOSGB2L,FPS,1324127.25,55.215263037747896,128.00576631531715
2026-01-22 07:31:00,2,TXN00016411,DR,HSBCGB2L,BACS,478221.34,19.941525316667466,46.23051832445698
2026-01-22 07:31:00,3,TXN00016410,CR,NTSBGB2L,FPS,225992.8,9.423755833615804,21.847131041026614
2026-01-22 07:31:00,4,TXN00016414,DR,CHASGB2L,FPS,141895.59,5.916955734991807,13.717302271903288
2026-01-22 07:31:00,5,TXN00016412,DR,SANTGB2L,FPS,138006.03,5.75476356010748,13.341291500710863
2026-01-22 07:32:00,1,TXN00016418,DR,MIDLGB22,INTERNAL,282589.19,51.38253489559428,
2026-01-22 07:32:00,2,TXN00016416,DR,NTSBGB2L,SWIFT,99755.41,18.138294091678862,
2026-01-22 07:32:00,3,TXN00016419,DR,BOFAGB22,CHAPS,76097.34,13.83660227063853,
2026-01-22 07:32:00,4,TXN00016417,DR,RBOSGB2L,FPS,72987.4,13.27112911657625,
2026-01-22 07:32:00,5,TXN00016420,CR,COBAGB2X,CHAPS,18541.95,3.3714396255120884,
2026-01-22 07:33:00,1,TXN00016421,CR,SANTGB2L,CHAPS,1545176.94,85.20592760876423,343.54714186277425
2026-01-22 07:33:00,2,TXN00016423,DR,BARCGB22,CHAPS,145149.31,8.003990533486785,32.27179315389848
2026-01-22 07:33:00,3,TXN00016422,CR,RBOSGB2L,FPS,123135.54,6.790081857748985,27.37735836824572
2026-01-22 07:34:00,1,TXN00016430,CR,COBAGB2X,CHAPS,286630.13,38.34061523343395,
2026-01-22 07:34:00,2,TXN00016429,CR,NTSBGB2L,CHAPS,153741.34,20.564961410067212,
2026-01-22 07:34:00,3,TXN00016426,CR,BARCGB22,CHAPS,141237.6,18.89241887478351,
2026-01-22 07:34:00,4,TXN00016424,DR,HSBCGB2L,CHAPS,96322.1,12.884369743600747,
2026-01-22 07:34:00,5,TXN00016428,DR,SANTGB2L,SWIFT,22562.83,3.0180804216478587,
2026-01-22 07:35:00,1,TXN00016433,DR,SANTGB2L,SWIFT,276189.24,46.40300533833443,
2026-01-22 07:35:00,2,TXN00016436,CR,BNPAGB22,CHAPS,108695.56,18.262118578309753,
2026-01-22 07:35:00,3,TXN00016432,DR,BNPAGB22,BACS,86615.92,14.552482197151303,
2026-01-22 07:35:00,4,TXN00016435,CR,BARCGB22,BACS,63855.15,10.728408052138983,
2026-01-22 07:35:00,5,TXN00016434,CR,BARCGB22,SWIFT,59841.01,10.053985834065529,
2026-01-22 07:36:00,1,TXN00016442,CR,BOFAGB22,FPS,1597283.25,50.580971601841725,88.5808331593595
2026-01-22 07:36:00,2,TXN00016437,DR,LOYDGB2L,CHAPS,831809.86,26.340820206304635,46.12983353388961
2026-01-22 07:36:00,3,TXN00016441,CR,COBAGB2X,CHAPS,432478.44,13.69524139945048,23.98403698195675
2026-01-22 07:36:00,4,TXN00016443,CR,LOYDGB2L,SWIFT,92867.69,2.940829681034119,5.150180691987547
2026-01-22 07:36:00,5,TXN00016444,CR,CHASGB2L,BACS,86249.61,2.7312557582256773,4.783160603149018
2026-01-22 07:37:00,1,TXN00016446,DR,NWBKGB2L,SWIFT,510129.08,64.62791430763733,
2026-01-22 07:37:00,2,TXN00016445,DR,CHASGB2L,CHAPS,279203.34,35.37208569236267,
2026-01-22 07:38:00,1,TXN00016449,DR,RBOSGB2L,INTERNAL,507507.18,25.50647272747303,79.9175791353537
2026-01-22 07:38:00,2,TXN00016452,CR,COBAGB2X,FPS,466582.87,23.44968449266293,73.47319388944497
2026-01-22 07:38:00,3,TXN00016451,CR,CITIGB2L,FPS,391484.87,19.6753830357106,61.64744916223383
2026-01-22 07:38:00,4,TXN00016448,DR,LOYDGB2L,FPS,206109.84,10.358740171565316,32.45628849778064
2026-01-22 07:38:00,5,TXN00016457,CR,SANTGB2L,FPS,188067.3,9.451951908107958,29.615114667978304
2026-01-22 07:39:00,1,TXN00016461,DR,BNPAGB22,CHAPS,376384.14,66.59447243295534,
2026-01-22 07:39:00,2,TXN00016459,DR,NWBKGB2L,CHAPS,106028.88,18.7599225787174,
2026-01-22 07:39:00,3,TXN00016460,DR,BOFAGB22,CHAPS,55580.69,9.834013537365408,
2026-01-22 07:39:00,4,TXN00016458,DR,COBAGB2X,CHAPS,27194.55,4.811591450961844,
2026-01-22 07:40:00,1,TXN00016467,CR,COBAGB2X,FPS,2498028.36,57.20055976867294,82.92323842468136
2026-01-22 07:40:00,2,TXN00016463,CR,COBAGB2X,FPS,1018675.63,23.325922632321742,33.8154215926926
2026-01-22 07:40:00,3,TXN00016466,CR,COBAGB2X,BACS,566039.32,12.961328411451255,18.78994419827343
2026-01-22 07:40:00,4,TXN00016465,DR,COBAGB2X,CHAPS,165640.8,3.792889877571606,5.498525065285871
2026-01-22 07:40:00,5,TXN00016464,DR,RBOSGB2L,FPS,104090.53,2.3834943901989343,3.455334605144934
2026-01-22 07:41:00,1,TXN00016469,CR,NWBKGB2L,FPS,570140.98,44.3778382777493,
2026-01-22 07:41:00,2,TXN00016471,CR,LOYDGB2L,CHAPS,214327.32,16.68251095626107,
2026-01-22 07:41:00,3,TXN00016470,CR,TSBSGB2A,FPS,179230.09,13.950661726730205,
2026-01-22 07:41:00,4,TXN00016472,CR,CITIGB2L,CHAPS,169625.53,13.203075383420977,
2026-01-22 07:41:00,5,TXN00016473,DR,TSBSGB2A,INTERNAL,117840.95,9.17233948276502,
2026-01-22 07:42:00,1,TXN00016475,CR,MIDLGB22,CHAPS,1976335.13,84.07628203362461,198.43433444351362
2026-01-22 07:42:00,2,TXN00016477,DR,CHASGB2L,CHAPS,150152.55,6.387716308958147,15.07609760711302
2026-01-22 07:42:00,3,TXN00016474,CR,DEUTGB2L,CHAPS,136233.68,5.795586552245602,13.678570607400282
2026-01-22 07:42:00,4,TXN00016476,DR,NTSBGB2L,SWIFT,87923.89,3.740415105171655,8.828016225079551
2026-01-22 07:43:00,1,TXN00016485,CR,DEUTGB2L,FPS,441559.93,35.60666157553793,
2026-01-22 07:43:00,2,TXN00016484,DR,CHASGB2L,CHAPS,298910.04,24.10361066007621,
2026-01-22 07:43:00,3,TXN00016486,DR,SANTGB2L,CHAPS,161106.81,12.991386381423899,
2026-01-22 07:43:00,4,TXN00016482,CR,HSBCGB2L,FPS,123367.6,9.948158979430795,
2026-01-22 07:43:00,5,TXN00016483,DR,TSBSGB2A,CHAPS,64126.9,5.1710870281829315,
2026-01-22 07:44:00,1,TXN00016488,CR,TSBSGB2A,BACS,141187.68,25.49430724017901,
2026-01-22 07:44:00,2,TXN00016491,DR,BARCGB22,FPS,136226.83,24.598524873952417,
2026-01-22 07:44:00,3,TXN00016487,CR,HSBCGB2L,FPS,94938.28,17.14303740364699,
2026-01-22 07:44:00,4,TXN00016492,CR,CHASGB2L,INTERNAL,93672.72,16.91451480542255,
2026-01-22 07:44:00,5,TXN00016489,DR,RBOSGB2L,BACS,71013.53,12.822937185664282,
2026-01-22 07:45:00,1,TXN00016500,CR,DEUTGB2L,FPS,1172218.19,31.245788867638836,51.66251806160289
2026-01-22 07:45:00,2,TXN00016496,DR,BOFAGB22,BACS,662323.43,17.654407884482985,29.1902108813017
2026-01-22 07:45:00,3,TXN00016494,CR,LOYDGB2L,CHAPS,479352.93,12.777280349031317,21.12625415240081
2026-01-22 07:45:00,4,TXN00016499,DR,CHASGB2L,CHAPS,428993.82,11.434944824770088,18.906805203275354
2026-01-22 07:45:00,5,TXN00016495,CR,SANTGB2L,BACS,388455.89,10.354395475923075,17.120199638994702
2026-01-22 07:46:00,1,TXN00016501,CR,TSBSGB2A,FPS,980602.45,51.068030560541324,237.73394238758553
2026-01-22 07:46:00,2,TXN00016504,DR,BARCGB22,SWIFT,470411.64,24.49820108807026,114.04500745659938
2026-01-22 07:46:00,3,TXN00016503,DR,NTSBGB2L,INTERNAL,167977.96,8.747993230872906,40.72400865919124
2026-01-22 07:46:00,4,TXN00016505,DR,NWBKGB2L,CHAPS,140774.36,7.331278153160483,34.12885985537689
2026-01-22 07:46:00,5,TXN00016502,DR,BARCGB22,BACS,85440.38,4.449582944591117,20.713876838155375
2026-01-22 07:47:00,1,TXN00016509,CR,CITIGB2L,CHAPS,446754.66,33.32939129267078,
2026-01-22 07:47:00,2,TXN00016513,DR,SANTGB2L,SWIFT,368163.94,27.466260824478848,
2026-01-22 07:47:00,3,TXN00016508,DR,COBAGB2X,CHAPS,196298.1,14.644494553023394,
2026-01-22 07:47:00,4,TXN00016512,DR,BOFAGB22,FPS,95366.76,7.114679140345674,
2026-01-22 07:47:00,5,TXN00016514,CR,CHASGB2L,BACS,73936.96,5.515944413048872,
2026-01-22 07:48:00,1,TXN00016516,DR,SANTGB2L,FPS,371572.3,66.49665923331547,
2026-01-22 07:48:00,2,TXN00016517,CR,TSBSGB2A,BACS,163877.15,29.327490234543653,
2026-01-22 07:48:00,3,TXN00016518,CR,SANTGB2L,SWIFT,23333.96,4.175850532140888,
2026-01-22 07:49:00,1,TXN00016519,DR,MIDLGB22,CHAPS,186992.05,28.649994398458144,
2026-01-22 07:49:00,2,TXN00016523,CR,HSBCGB2L,CHAPS,153428.55,23.507561407362264,
2026-01-22 07:49:00,3,TXN00016521,DR,HSBCGB2L,CHAPS,95741.86,14.669092898323559,
2026-01-22 07:49:00,4,TXN00016522,CR,DEUTGB2L,FPS,83415.77,12.780550527378425,
2026-01-22 07:49:00,5,TXN00016520,DR,SANTGB2L,CHAPS,80763.97,12.374254884618045,
2026-01-22 07:50:00,1,TXN00016528,DR,NWBKGB2L,CHAPS,291455.74,36.309169887440675,
2026-01-22 07:50:00,2,TXN00016525,DR,NTSBGB2L,BACS,242948.91,30.2662532814023,
2026-01-22 07:50:00,3,TXN00016526,DR,BNPAGB22,CHAPS,194483.92,24.22854904712263,
2026-01-22 07:50:00,4,TXN00016527,DR,CHASGB2L,CHAPS,73817.03,9.196027784034396,
2026-01-22 07:51:00,1,TXN00016531,DR,RBOSGB2L,CHAPS,108030.84,27.64638432991679,
2026-01-22 07:51:00,2,TXN00016530,CR,NWBKGB2L,INTERNAL,107340.27,27.469659205621628,
2026-01-22 07:51:00,3,TXN00016529,CR,LOYDGB2L,CHAPS,97794.64,25.026818294163533,
2026-01-22 07:51:00,4,TXN00016532,CR,HSBCGB2L,SWIFT,77593.63,19.85713817029805,
2026-01-22 07:52:00,1,TXN00016535,CR,BNPAGB22,BACS,2004212.11,45.549368898352945,66.90318057429735
2026-01-22 07:52:00,2,TXN00016533,CR,TSBSGB2A,CHAPS,1444734.69,32.834225991707825,48.227103990017056
2026-01-22 07:52:00,3,TXN00016534,CR,BOFAGB22,FPS,559816.83,12.72285661679618,18.687406527057018
2026-01-22 07:52:00,4,TXN00016539,CR,MIDLGB22,BACS,160791.21,3.654272970091243,5.367417602017067
2026-01-22 07:52:00,5,TXN00016536,CR,NTSBGB2L,CHAPS,90143.49,2.048674917843396,3.0091057523184848
2026-01-22 07:53:00,1,TXN00016541,CR,DEUTGB2L,CHAPS,758155.05,74.74524060644718,
2026-01-22 07:53:00,2,TXN00016543,DR,COBAGB2X,CHAPS,118864.45,11.718647676096085,
2026-01-22 07:53:00,3,TXN00016540,DR,MIDLGB22,FPS,87582.21,8.634583861565499,
2026-01-22 07:53:00,4,TXN00016542,CR,NWBKGB2L,SWIFT,49717.12,4.901527855891229,
2026-01-22 07:54:00,1,TXN00016546,CR,DEUTGB2L,BACS,1198008.81,51.61031329319175,130.66412254618766
2026-01-22 07:54:00,2,TXN00016545,CR,NTSBGB2L,BACS,1058779.73,45.612313630465685,115.47872038615434
2026-01-22 07:54:00,3,TXN00016544,DR,BARCGB22,CHAPS,34085.75,1.4684167776140233,3.717655978739185
2026-01-22 07:54:00,4,TXN00016547,CR,CITIGB2L,FPS,30384.26,1.3089562987285497,3.3139428015685692
2026-01-22 07:55:00,1,TXN00016551,CR,NTSBGB2L,CHAPS,521290.35,23.423504486248067,69.12969971640247
2026-01-22 07:55:00,2,TXN00016555,DR,RBOSGB2L,CHAPS,333753.51,14.996780275687128,44.259940598546144
2026-01-22 07:55:00,3,TXN00016550,DR,HSBCGB2L,SWIFT,275454.05,12.377169797849124,36.52869415704111
2026-01-22 07:55:00,4,TXN00016561,CR,SANTGB2L,BACS,229727.39,10.322501750279972,30.464760161650567
2026-01-22 07:55:00,5,TXN00016556,DR,COBAGB2X,CHAPS,216683.4,9.7363870096492,28.734961956478042
2026-01-22 07:56:00,1,TXN00016564,DR,DEUTGB2L,CHAPS,3093162.94,72.38183023282294,110.61276243094088
2026-01-22 07:56:00,2,TXN00016566,DR,BNPAGB22,BACS,973983.03,22.791775181138856,34.830028549727146
2026-01-22 07:56:00,3,TXN00016567,CR,LOYDGB2L,CHAPS,83147.58,1.9457022266761232,2.9733912152871103
2026-01-22 07:56:00,4,TXN00016565,CR,HSBCGB2L,CHAPS,42592.88,0.9966984181205144,1.5231386797520512
2026-01-22 07:56:00,5,TXN00016568,CR,COBAGB2X,FPS,36295.4,0.8493336859365067,1.2979382384349825
2026-01-22 07:57:00,1,TXN00016570,DR,RBOSGB2L,CHAPS,322002.36,52.79288202395541,
2026-01-22 07:57:00,2,TXN00016571,DR,SANTGB2L,CHAPS,261871.75,42.93435738532085,
2026-01-22 07:57:00,3,TXN00016569,DR,RBOSGB2L,CHAPS,26061.07,4.272760590723756,
2026-01-22 07:58:00,1,TXN00016575,DR,NTSBGB2L,FPS,986778.9,62.68870900814527,1016.4032307547858
2026-01-22 07:58:00,2,TXN00016574,CR,HSBCGB2L,CHAPS,258812.14,16.441979993933142,266.58200256872124
2026-01-22 07:58:00,3,TXN00016572,DR,BOFAGB22,FPS,84434.38,5.364000261966647,86.9692051773475
2026-01-22 07:58:00,4,TXN00016578,CR,HSBCGB2L,BACS,76611.78,4.867041221712426,78.91176098908771
2026-01-22 07:58:00,5,TXN00016573,CR,DEUTGB2L,CHAPS,58240.16,3.6999174210431756,59.98860209077803
2026-01-22 07:59:00,1,TXN00016581,CR,COBAGB2X,BACS,266849.75,23.86848259671588,
2026-01-22 07:59:00,2,TXN00016586,DR,BNPAGB22,CHAPS,238235.02,21.30902662939823,
2026-01-22 07:59:00,3,TXN00016588,CR,RBOSGB2L,CHAPS,141644.49,12.669448048895292,
2026-01-22 07:59:00,4,TXN00016583,DR,LOYDGB2L,SWIFT,106812.56,9.553892141441656,
2026-01-22 07:59:00,5,TXN00016582,DR,COBAGB2X,INTERNAL,80025.28,7.157893170135312,
2026-01-22 08:00:00,1,TXN00016592,DR,MIDLGB22,CHAPS,1250449.96,69.31911409565107,414.8767587555183
2026-01-22 08:00:00,2,TXN00016593,DR,NWBKGB2L,CHAPS,159591.83,8.847026771470127,52.94969272841729
2026-01-22 08:00:00,3,TXN00016594,DR,NTSBGB2L,CHAPS,85370.82,4.732560119414368,28.32449936173438
2026-01-22 08:00:00,4,TXN00016597,CR,NTSBGB2L,FPS,68657.04,3.806026103779218,22.779168405065942
2026-01-22 08:00:00,5,TXN00016591,DR,BNPAGB22,FPS,68127.22,3.77665535388519,22.603383678483322
2026-01-22 08:01:00,1,TXN00016604,DR,BNPAGB22,BACS,220951.44,33.876731786177714,
2026-01-22 08:01:00,2,TXN00016605,CR,COBAGB2X,BACS,164183.73,25.17298907336481,
2026-01-22 08:01:00,3,TXN00016600,CR,NWBKGB2L,CHAPS,128887.43,19.761287352188134,
2026-01-22 08:01:00,4,TXN00016606,DR,CITIGB2L,BACS,55020.32,8.43582926379511,
2026-01-22 08:01:00,5,TXN00016601,CR,BOFAGB22,INTERNAL,42794.99,6.561416381907977,
2026-01-22 08:02:00,1,TXN00016608,DR,CHASGB2L,SWIFT,221761.4,30.906848397862284,
2026-01-22 08:02:00,2,TXN00016607,CR,SANTGB2L,CHAPS,144114.6,20.08522715909335,
2026-01-22 08:02:00,3,TXN00016611,CR,BARCGB22,BACS,122371.53,17.054899211154225,
2026-01-22 08:02:00,4,TXN00016613,CR,BOFAGB22,FPS,47159.62,6.572628175330757,
2026-01-22 08:02:00,5,TXN00016614,CR,BOFAGB22,CHAPS,43378.89,6.045708481717487,
2026-01-22 08:03:00,1,TXN00016621,DR,BNPAGB22,SWIFT,1281162.0,61.51718319233099,215.7320990340641
2026-01-22 08:03:00,2,TXN00016618,CR,CHASGB2L,FPS,189739.3,9.110656791947191,31.9497904700998
2026-01-22 08:03:00,3,TXN00016623,CR,DEUTGB2L,SWIFT,146943.94,7.055764435709842,24.7435723324104
2026-01-22 08:03:00,4,TXN00016617,CR,SANTGB2L,CHAPS,146932.2,7.0552007195438335,24.74159545919479
2026-01-22 08:03:00,5,TXN00016622,CR,BNPAGB22,FPS,121776.86,5.847324073931981,20.50574214781375
2026-01-22 08:04:00,1,TXN00016624,DR,CHASGB2L,FPS,1727789.4,50.04808214039656,88.61557476441075
2026-01-22 08:04:00,2,TXN00016628,CR,BNPAGB22,FPS,845469.82,24.490336032033934,43.362804543923524
2026-01-22 08:04:00,3,TXN00016625,DR,RBOSGB2L,CHAPS,536279.32,15.534156800334582,27.504914763377617
2026-01-22 08:04:00,4,TXN00016629,CR,CITIGB2L,FPS,227224.48,6.581907169559494,11.653982768816823
2026-01-22 08:04:00,5,TXN00016627,DR,HSBCGB2L,SWIFT,90790.14,2.6298762941004865,4.656482114684416
2026-01-22 08:05:00,1,TXN00016634,DR,NWBKGB2L,SWIFT,259447.25,55.62177691218365,
2026-01-22 08:05:00,2,TXN00016632,CR,LOYDGB2L,BACS,78052.85,16.733413863743532,
2026-01-22 08:05:00,3,TXN00016635,CR,BNPAGB22,BACS,41567.93,8.911569227121374,
2026-01-22 08:05:00,4,TXN00016631,DR,NWBKGB2L,CHAPS,38020.53,8.151057441321832,
2026-01-22 08:05:00,5,TXN00016630,CR,TSBSGB2A,INTERNAL,30108.87,6.454910777500779,
2026-01-22 08:06:00,1,TXN00016637,CR,DEUTGB2L,INTERNAL,662462.0,35.31753659459868,177.49418756920136
2026-01-22 08:06:00,2,TXN00016636,DR,TSBSGB2A,CHAPS,208710.69,11.126898496455556,55.920089542581216
2026-01-22 08:06:00,3,TXN00016642,DR,BOFAGB22,CHAPS,159040.52,8.478855217543048,42.61190511755137
2026-01-22 08:06:00,4,TXN00016646,CR,BNPAGB22,CHAPS,138604.5,7.389358938212385,37.13645933039989
2026-01-22 08:06:00,5,TXN00016643,CR,HSBCGB2L,CHAPS,137886.44,7.35107733062264,36.94406870825712
2026-01-22 16:16:00,1,TXN00020822,DR,COBAGB2X,SWIFT,13845518.49,97.73864298074616,105.91074759575454
2026-01-22 16:16:00,2,TXN00020824,DR,CHASGB2L,BACS,96861.48,0.6837670701277353,0.7409380708595787
2026-01-22 16:16:00,3,TXN00020821,CR,HSBCGB2L,CHAPS,77365.93,0.5461435782708198,0.5918076300760343
2026-01-22 16:16:00,4,TXN00020823,DR,BOFAGB22,CHAPS,77213.62,0.5450683875711615,0.5906425407384296
2026-01-22 16:16:00,5,TXN00020825,CR,CHASGB2L,FPS,68899.62,0.48637798328411164,0.527044925658353
2026-01-23 15:50:00,1,TXN00026887,DR,MIDLGB22,BACS,165901.69,53.784011962427954,
2026-01-23 15:50:00,2,TXN00026889,CR,BNPAGB22,CHAPS,92470.91,29.97833554086519,
2026-01-23 15:50:00,3,TXN00026888,CR,RBOSGB2L,CHAPS,50086.52,16.237652496706858,
2026-01-26 06:32:00,1,TXN00028056,DR,COBAGB2X,SWIFT,274066.78,71.78600556934146,315.4108681364067
2026-01-26 06:32:00,2,TXN00028055,CR,LOYDGB2L,SWIFT,107716.24,28.213994430658545,123.96567278525887
2026-01-26 06:34:00,1,TXN00028057,DR,CHASGB2L,INTERNAL,42507.41,99.99999999999999,
2026-01-26 06:35:00,1,TXN00028058,DR,RBOSGB2L,SWIFT,57720.96,62.58753516017513,
2026-01-26 06:35:00,2,TXN00028059,CR,CITIGB2L,BACS,34503.41,37.412464839824885,
2026-01-26 06:36:00,1,TXN00028064,CR,BNPAGB22,CHAPS,376588.39,30.02660578025197,39.230586966949296
2026-01-26 06:36:00,2,TXN00028060,CR,NWBKGB2L,SWIFT,362177.19,28.87755436838989,37.72931966845903
2026-01-26 06:36:00,3,TXN00028061,DR,BARCGB22,FPS,355769.75,28.366668531095176,37.061833259344006
2026-01-26 06:36:00,4,TXN00028062,CR,LOYDGB2L,SWIFT,123103.31,9.815423570583654,12.824121075199157
2026-01-26 06:36:00,5,TXN00028063,DR,RBOSGB2L,FPS,36543.71,2.913747749679303,3.806891639038513
2026-01-26 06:37:00,1,TXN00028066,CR,HSBCGB2L,FPS,448156.19,57.2010142749117,91.66486685533678
2026-01-26 06:37:00,2,TXN00028065,DR,HSBCGB2L,CHAPS,335319.76,42.79898572508831,68.58555530464388
2026-01-26 06:38:00,1,TXN00028068,CR,NWBKGB2L,FPS,285098.83,90.17962330067569,1341.3587629525573
2026-01-26 06:38:00,2,TXN00028067,DR,HSBCGB2L,CHAPS,31046.68,9.820376699324308,146.0712282775201
2026-01-26 06:39:00,1,TXN00028070,DR,DEUTGB2L,SWIFT,325868.21,48.37782488589054,88.48942843954883
2026-01-26 06:39:00,2,TXN00028071,CR,HSBCGB2L,BACS,157474.12,23.378332613112864,42.762056700225294
2026-01-26 06:39:00,3,TXN00028072,DR,BARCGB22,SWIFT,128329.17,19.051524277288898,34.84775303924766
2026-01-26 06:39:00,4,TXN00028069,CR,RBOSGB2L,FPS,61918.54,9.192318223707701,16.813963578746577
2026-01-26 06:40:00,1,TXN00028074,DR,BNPAGB22,FPS,189313.62,54.409715168820085,595.4132886810766
2026-01-26 06:40:00,2,TXN00028073,CR,BARCGB22,SWIFT,151242.56,43.467895289325625,475.67539006514716
2026-01-26 06:40:00,3,TXN00028075,CR,BARCGB22,CHAPS,7384.66,2.1223895418542993,23.225612063155303
2026-01-26 06:41:00,1,TXN00028077,CR,LOYDGB2L,CHAPS,136099.33,55.75529605204268,
2026-01-26 06:41:00,2,TXN00028076,DR,BNPAGB22,FPS,108001.84,44.24470394795732,
2026-01-26 06:42:00,1,TXN00028081,CR,BNPAGB22,FPS,294916.35,40.0680417897512,70.23601684742172
2026-01-26 06:42:00,2,TXN00028078,DR,SANTGB2L,FPS,222981.49,30.294799388575747,53.10431818481138
2026-01-26 06:42:00,3,TXN00028080,DR,NTSBGB2L,INTERNAL,112481.53,15.28201011783563,26.788120211387984
2026-01-26 06:42:00,4,TXN00028079,CR,COBAGB2X,CHAPS,69289.52,9.413840171803978,16.501695799740382
2026-01-26 06:42:00,5,TXN00028082,DR,TSBSGB2A,CHAPS,36369.95,4.941308532033445,8.661711773321098
2026-01-26 06:43:00,1,TXN00028083,DR,MIDLGB22,CHAPS,341336.85,62.4172279283009,152.7074665109202
2026-01-26 06:43:00,2,TXN00028084,CR,TSBSGB2A,CHAPS,205526.35,37.582772071699104,91.94849079358606
2026-01-26 15:33:00,1,TXN00032376,CR,CITIGB2L,INTERNAL,6528097.05,78.78387668100636,87.00903522018255
2026-01-26 15:33:00,2,TXN00032379,DR,LOYDGB2L,FPS,465812.83,5.621629132359572,6.2085359058016625
2026-01-26 15:33:00,3,TXN00032378,CR,CHASGB2L,FPS,403186.14,4.86582336168715,5.3738228440628735
2026-01-26 15:33:00,4,TXN00032383,CR,RBOSGB2L,CHAPS,390990.45,4.718640541082517,5.2112739094166844
2026-01-26 15:33:00,5,TXN00032382,DR,HSBCGB2L,CHAPS,230091.2,2.776839343432367,3.0667456643669335
2026-01-27 06:39:00,1,TXN00033594,CR,BARCGB22,CHAPS,304528.68,43.96927511398557,88.09808081434883
2026-01-27 06:39:00,2,TXN00033595,CR,SANTGB2L,SWIFT,287328.45,41.4858254602655,83.12217098357235
2026-01-27 06:39:00,3,TXN00033593,CR,MIDLGB22,CHAPS,100737.14,14.54489942574893,29.14257107319538
2026-01-27 06:40:00,1,TXN00033596,DR,COBAGB2X,SWIFT,1044936.54,92.43553136850933,133.45007210124004
2026-01-27 06:40:00,2,TXN00033597,CR,COBAGB2X,FPS,85512.46,7.564468631490673,10.92089664368939
2026-01-28 06:39:00,1,TXN00038880,DR,SANTGB2L,CHAPS,231878.36,31.584763934978895,59.9611870611861
2026-01-28 06:39:00,2,TXN00038882,CR,BNPAGB22,CHAPS,225309.19,30.689959936456802,58.26247213493454
2026-01-28 06:39:00,3,TXN00038878,CR,MIDLGB22,CHAPS,126827.01,17.275442052588296,32.796066312617185
2026-01-28 06:39:00,4,TXN00038881,CR,LOYDGB2L,CHAPS,117913.97,16.061373329905315,30.491252449331995
2026-01-28 06:39:00,5,TXN00038879,CR,CHASGB2L,BACS,32217.72,4.388460746070691,8.331147139409286
2026-01-28 06:40:00,1,TXN00038888,DR,COBAGB2X,BACS,264001.54,47.366091950073766,126.06129742580968
2026-01-28 06:40:00,2,TXN00038884,CR,BOFAGB22,SWIFT,193612.56,34.73718494084987,92.45040961326373
2026-01-28 06:40:00,3,TXN00038883,DR,RBOSGB2L,CHAPS,45729.44,8.2045917605836,21.835904960841212
2026-01-28 06:40:00,4,TXN00038886,DR,CHASGB2L,FPS,33609.08,6.030005634199655,16.048407255835826
2026-01-28 06:40:00,5,TXN00038887,CR,CHASGB2L,CHAPS,11155.77,2.0015232774546488,5.326903926332873
2026-01-28 06:41:00,1,TXN00038890,DR,RBOSGB2L,CHAPS,1882531.88,84.0775261608431,99.74971938210295
2026-01-28 06:41:00,2,TXN00038891,CR,BARCGB22,CHAPS,187187.21,8.3601439704438,9.918488960420037
2026-01-28 06:41:00,3,TXN00038889,CR,DEUTGB2L,CHAPS,85363.22,3.8124870229150143,4.523141058600675
2026-01-28 06:41:00,4,TXN00038892,CR,COBAGB2X,INTERNAL,83960.59,3.7498428457980864,4.448819900811348
2026-01-28 06:42:00,1,TXN00038893,CR,HSBCGB2L,CHAPS,879576.53,45.52205936444024,55.79222828282214
2026-01-28 06:42:00,2,TXN00038895,DR,CITIGB2L,FPS,608708.99,31.50344038676027,38.61088804618979
2026-01-28 06:42:00,3,TXN00038897,DR,CITIGB2L,CHAPS,211461.85,10.944106124585153,13.413190786602607
2026-01-28 06:42:00,4,TXN00038896,DR,BARCGB22,SWIFT,142592.43,7.379802486748695,9.044749529597311
2026-01-28 06:42:00,5,TXN00038894,CR,COBAGB2X,BACS,89858.66,4.650591637465646,5.699805191378285
2026-01-28 06:43:00,1,TXN00038902,DR,MIDLGB22,SWIFT,209496.44,30.605447543760068,64.48110292822419
2026-01-28 06:43:00,2,TXN00038903,CR,BOFAGB22,SWIFT,151473.74,22.12888010806843,46.622242458454515
2026-01-28 06:43:00,3,TXN00038901,CR,MIDLGB22,CHAPS,141213.95,20.630021871360476,43.46437221010106
2026-01-28 06:43:00,4,TXN00038898,CR,LOYDGB2L,FPS,114160.79,16.677811183327073,35.13765508548683
2026-01-28 06:43:00,5,TXN00038900,CR,BARCGB22,CHAPS,55508.86,8.109319198664767,17.085123332350594
2026-01-28 06:44:00,1,TXN00038909,CR,BNPAGB22,SWIFT,214353.33,38.993315028801575,115.16374891694838
2026-01-28 06:44:00,2,TXN00038904,DR,TSBSGB2A,INTERNAL,125069.19,22.7515118429326,67.19483571543354
2026-01-28 06:44:00,3,TXN00038908,DR,NWBKGB2L,CHAPS,122762.19,22.33184223588033,65.95537389437669
2026-01-28 06:44:00,4,TXN00038907,DR,HSBCGB2L,CHAPS,45980.28,8.364337251735275,24.703425046165524
2026-01-28 06:44:00,5,TXN00038905,DR,BARCGB22,BACS,22596.48,4.110557382906131,12.14021423939085
2026-01-28 06:45:00,1,TXN00038910,CR,BNPAGB22,FPS,727064.02,53.79352335952302,85.36482594587937
2026-01-28 06:45:00,2,TXN00038913,CR,HSBCGB2L,CHAPS,273299.66,20.220711299067855,32.088203053931906
2026-01-28 06:45:00,3,TXN00038912,CR,BARCGB22,CHAPS,224037.11,16.57590690594898,26.304270840644584
2026-01-28 06:45:00,4,TXN00038915,CR,LOYDGB2L,BACS,52318.76,3.8709252016091766,6.142762835526143
2026-01-28 06:45:00,5,TXN00038914,CR,TSBSGB2A,CHAPS,39056.67,2.889698612771654,4.585656482596469
2026-01-28 06:46:00,1,TXN00038919,CR,TSBSGB2A,CHAPS,356230.13,41.53211512213571,101.27670881606909
2026-01-28 06:46:00,2,TXN00038918,DR,LOYDGB2L,SWIFT,192988.01,22.500062665984704,54.86675283127406
2026-01-28 06:46:00,3,TXN00038916,CR,NWBKGB2L,CHAPS,144393.45,16.834526007899296,41.05125355510392
2026-01-28 06:46:00,4,TXN00038917,DR,BARCGB22,CHAPS,106508.62,12.417614050051874,30.280545034585792
2026-01-28 06:46:00,5,TXN00038920,DR,BNPAGB22,SWIFT,57601.89,6.715682153928411,16.37629540428049
2026-01-28 06:47:00,1,TXN00038922,CR,MIDLGB22,CHAPS,95712.32,58.430689000230025,
2026-01-28 06:47:00,2,TXN00038921,DR,SANTGB2L,FPS,47204.74,28.817664040289884,
2026-01-28 06:47:00,3,TXN00038923,CR,LOYDGB2L,SWIFT,20887.82,12.751646959480084,
2026-01-28 11:42:00,1,TXN00042789,DR,CHASGB2L,SWIFT,25633848.28,93.48974695552944,98.12537267736809
2026-01-28 11:42:00,2,TXN00042786,DR,SANTGB2L,FPS,710563.63,2.5915115529622867,2.720009896412381
2026-01-28 11:42:00,3,TXN00042788,CR,CITIGB2L,CHAPS,673340.45,2.455754110651322,2.5775210133605713
2026-01-28 11:42:00,4,TXN00042783,CR,SANTGB2L,SWIFT,120674.83,0.44011570940769934,0.46193854848422466
2026-01-28 11:42:00,5,TXN00042784,DR,TSBSGB2A,CHAPS,109504.46,0.3993760181489962,0.4191788072537483
2026-01-28 11:54:00,1,TXN00042923,DR,HSBCGB2L,SWIFT,6412918.49,76.34958275976363,88.03568049637302
2026-01-28 11:54:00,2,TXN00042920,DR,TSBSGB2A,CHAPS,450552.91,5.364098536935769,6.185129608823565
2026-01-28 11:54:00,3,TXN00042916,CR,COBAGB2X,FPS,359625.62,4.281555438375969,4.936892029736379
2026-01-28 11:54:00,4,TXN00042917,DR,LOYDGB2L,CHAPS,306637.56,3.650701283819372,4.209479085449503
2026-01-28 11:54:00,5,TXN00042922,CR,HSBCGB2L,CHAPS,224799.17,2.676366908608747,3.0860127002752287
2026-01-28 13:00:00,1,TXN00043759,DR,SANTGB2L,FPS,26931452.03,91.85760472780859,97.3497276280333
2026-01-28 13:00:00,2,TXN00043760,DR,BOFAGB22,CHAPS,941431.96,3.211029422530773,3.403015358556794
2026-01-28 13:00:00,3,TXN00043757,CR,RBOSGB2L,FPS,339662.92,1.1585198678221165,1.227787224784941
2026-01-28 13:00:00,4,TXN00043751,DR,NWBKGB2L,INTERNAL,138804.0,0.4734316943785947,0.5017379522882537
2026-01-28 13:00:00,5,TXN00043753,CR,TSBSGB2A,CHAPS,137246.54,0.4681195209057345,0.4961081664667294
2026-01-28 14:13:00,1,TXN00044700,CR,SANTGB2L,BACS,5560911.3,78.06896023939748,94.57939891159022
2026-01-28 14:13:00,2,TXN00044693,DR,SANTGB2L,BACS,366956.96,5.151664318006686,6.241165670674239
2026-01-28 14:13:00,3,TXN00044689,DR,DEUTGB2L,CHAPS,211526.94,2.9696010918968296,3.5976281151630687
2026-01-28 14:13:00,4,TXN00044697,DR,HSBCGB2L,CHAPS,201360.29,2.8268727238651596,3.424714793214467
2026-01-28 14:13:00,5,TXN00044694,CR,HSBCGB2L,SWIFT,168792.93,2.3696635011713645,2.8708125338964
2026-01-28 14:20:00,1,TXN00044791,DR,BOFAGB22,CHAPS,6409401.93,83.32543981879839,100.7797351934633
2026-01-28 14:20:00,2,TXN00044789,DR,BOFAGB22,INTERNAL,670082.85,8.711413139803499,10.536204924923657
2026-01-28 14:20:00,3,TXN00044792,DR,SANTGB2L,CHAPS,267833.92,3.48197529599971,4.211349487553082
2026-01-28 14:20:00,4,TXN00044786,DR,COBAGB2X,CHAPS,120304.91,1.5640241706781144,1.891642481574476
2026-01-28 14:20:00,5,TXN00044790,CR,CITIGB2L,BACS,89132.24,1.1587638255718962,1.401491690255134
2026-01-28 15:33:00,1,TXN00045508,DR,HSBCGB2L,CHAPS,9101589.75,81.18335898358178,87.71043613212979
2026-01-28 15:33:00,2,TXN00045510,DR,NWBKGB2L,SWIFT,573157.07,5.112383379814269,5.523414915719931
2026-01-28 15:33:00,3,TXN00045515,CR,COBAGB2X,BACS,438700.57,3.913073082711946,4.227681029691976
2026-01-28 15:33:00,4,TXN00045516,DR,RBOSGB2L,CHAPS,385152.04,3.4354367957069094,3.7116431671268746
2026-01-28 15:33:00,5,TXN00045506,DR,DEUTGB2L,CHAPS,317343.82,2.8306084945524117,3.0581871541766747
2026-01-29 06:32:00,1,TXN00047281,CR,BNPAGB22,FPS,374558.47,50.88597606604966,101.14022800987328
2026-01-29 06:32:00,2,TXN00047283,DR,BNPAGB22,SWIFT,157187.25,21.354814487009634,42.44451955724016
2026-01-29 06:32:00,3,TXN00047284,DR,TSBSGB2A,SWIFT,142343.14,19.338154641667444,38.43623569703634
2026-01-29 06:32:00,4,TXN00047282,CR,SANTGB2L,FPS,61985.2,8.421054805273263,16.73756639714381
2026-01-29 06:33:00,1,TXN00047285,DR,NTSBGB2L,CHAPS,477263.24,96.7039683391177,379.89621897334945
2026-01-29 06:33:00,2,TXN00047286,DR,RBOSGB2L,CHAPS,16266.91,3.2960316608823192,12.948279032300428
2026-01-29 06:39:00,1,TXN00047306,CR,CITIGB2L,SWIFT,239259.2,64.18121147900605,
2026-01-29 06:39:00,2,TXN00047307,CR,RBOSGB2L,SWIFT,90375.32,24.243153556489556,
2026-01-29 06:39:00,3,TXN00047305,CR,CHASGB2L,BACS,43152.46,11.575634964504394,
2026-01-29 06:40:00,1,TXN00047308,DR,COBAGB2X,SWIFT,97180.76,54.808549728500154,
2026-01-29 06:40:00,2,TXN00047309,CR,BOFAGB22,FPS,80128.73,45.19145027149985,
2026-01-29 06:41:00,1,TXN00047311,CR,DEUTGB2L,CHAPS,329419.71,34.372219325754024,56.25313235124383
2026-01-29 06:41:00,2,TXN00047310,DR,CHASGB2L,FPS,160076.67,16.70267516833267,27.335383495591028
2026-01-29 06:41:00,3,TXN00047315,CR,LOYDGB2L,SWIFT,150838.56,15.738754876266837,25.75784393517629
2026-01-29 06:41:00,4,TXN00047314,CR,DEUTGB2L,CHAPS,124561.89,12.997001918040807,21.270726284383755
2026-01-29 06:41:00,5,TXN00047316,DR,TSBSGB2A,BACS,91215.65,9.517597862438816,15.57637832889457
2026-01-29 06:42:00,1,TXN00047319,CR,CHASGB2L,SWIFT,705593.11,54.736696271600984,77.19989143631894
2026-01-29 06:42:00,2,TXN00047320,CR,BOFAGB22,FPS,296284.78,22.984422300776323,32.416916387170566
2026-01-29 06:42:00,3,TXN00047317,CR,NWBKGB2L,CHAPS,174614.1,13.545765712535037,19.10476359845767
2026-01-29 06:42:00,4,TXN00047318,DR,RBOSGB2L,CHAPS,71764.48,5.567161143125935,7.851848305298619
2026-01-29 06:42:00,5,TXN00047321,DR,CITIGB2L,FPS,40811.3,3.1659545719617213,4.465219238570858
2026-01-29 06:43:00,1,TXN00047323,CR,TSBSGB2A,INTERNAL,152033.69,58.44593407544759,
2026-01-29 06:43:00,2,TXN00047322,DR,NWBKGB2L,FPS,108093.37,41.55406592455241,
2026-01-29 06:44:00,1,TXN00047324,DR,COBAGB2X,BACS,1250959.87,64.0812843329952,79.32229170476089
2026-01-29 06:44:00,2,TXN00047325,DR,DEUTGB2L,FPS,508467.61,26.046604908699837,32.24149475142043
2026-01-29 06:44:00,3,TXN00047327,DR,NWBKGB2L,CHAPS,140015.54,7.172392852040779,8.878265221313306
2026-01-29 06:44:00,4,TXN00047326,CR,DEUTGB2L,CHAPS,52702.42,2.699717906264197,3.3418152196895203
2026-01-29 06:45:00,1,TXN00047333,DR,NWBKGB2L,FPS,1047761.66,55.94965837393289,78.17932216342429
2026-01-29 06:45:00,2,TXN00047331,DR,LOYDGB2L,CHAPS,590321.81,31.52272588422612,44.04719195784063
2026-01-29 06:45:00,3,TXN00047334,DR,MIDLGB22,CHAPS,62206.07,3.3217557944284346,4.6415406983402345
2026-01-29 06:45:00,4,TXN00047328,CR,BARCGB22,FPS,52712.79,2.814822020149951,3.933194302550573
2026-01-29 06:45:00,5,TXN00047332,DR,SANTGB2L,SWIFT,43161.94,2.3048140526121075,3.220552289018086
2026-01-29 06:46:00,1,TXN00047340,DR,LOYDGB2L,FPS,1016836.54,54.53917424253277,76.6713329590035
2026-01-29 06:46:00,2,TXN00047337,CR,NTSBGB2L,CHAPS,480000.08,25.745345460883684,36.192883031158885
2026-01-29 06:46:00,3,TXN00047335,DR,BOFAGB22,CHAPS,141628.96,7.596428947398669,10.679082351621025
2026-01-29 06:46:00,4,TXN00047339,DR,CITIGB2L,CHAPS,100574.02,5.39440095362031,7.583464864908843
2026-01-29 06:46:00,5,TXN00047336,CR,SANTGB2L,CHAPS,64597.53,3.464761351226853,4.870771786937571
2026-01-29 06:47:00,1,TXN00047345,CR,BNPAGB22,FPS,253485.22,23.90130559466106,48.73868502079701
2026-01-29 06:47:00,2,TXN00047342,CR,LOYDGB2L,FPS,227665.79,21.46677277767883,43.774273027914276
2026-01-29 06:47:00,3,TXN00047346,DR,NTSBGB2L,CHAPS,210784.98,19.875068935950267,40.52852764881123
2026-01-29 06:47:00,4,TXN00047344,DR,NTSBGB2L,SWIFT,178401.16,16.821575015703175,34.30195237649284
2026-01-29 06:47:00,5,TXN00047343,DR,SANTGB2L,CHAPS,155078.53,14.622467285078052,29.81761077493283
2026-01-29 14:09:00,1,TXN00053037,DR,BNPAGB22,FPS,4075618.12,43.48405563459521,50.58306465574634
2026-01-29 14:09:00,2,TXN00053035,DR,BNPAGB22,CHAPS,1379507.36,14.718399276960119,17.121258157513036
2026-01-29 14:09:00,3,TXN00053027,DR,RBOSGB2L,CHAPS,1108648.44,11.82851999984905,13.759590341847906
2026-01-29 14:09:00,4,TXN00053033,DR,DEUTGB2L,SWIFT,692878.43,7.392538582130698,8.599410786617568
2026-01-29 14:09:00,5,TXN00053022,DR,NWBKGB2L,CHAPS,476387.26,5.082725983525751,5.912508695430436
2026-01-29 14:12:00,1,TXN00053077,DR,COBAGB2X,CHAPS,4466297.81,67.3047354518738,84.63452903864709
2026-01-29 14:12:00,2,TXN00053075,CR,BOFAGB22,CHAPS,590261.96,8.894934183778604,11.185224344461874
2026-01-29 14:12:00,3,TXN00053074,DR,SANTGB2L,INTERNAL,362572.08,5.463768643460797,6.870593618870812
2026-01-29 14:12:00,4,TXN00053070,CR,CITIGB2L,BACS,283596.11,4.27364272843474,5.3740310718425555
2026-01-29 14:12:00,5,TXN00053072,DR,HSBCGB2L,CHAPS,252872.56,3.810655150610766,4.791832280973004
2026-01-30 14:05:00,1,TXN00061707,CR,CITIGB2L,CHAPS,1290109.09,20.610901176922575,26.463323606279268
2026-01-30 14:05:00,2,TXN00061711,CR,MIDLGB22,CHAPS,883031.03,14.107384744871576,18.113147238793655
2026-01-30 14:05:00,3,TXN00061716,CR,BNPAGB22,FPS,755837.37,12.07532716391841,15.504091143198623
2026-01-30 14:05:00,4,TXN00061706,CR,TSBSGB2A,CHAPS,705575.07,11.272332048036516,14.4730872378654
2026-01-30 14:05:00,5,TXN00061719,DR,BOFAGB22,CHAPS,438868.79,7.0114080510242625,9.002282753054796
2026-02-03 15:45:00,1,TXN00076205,DR,BNPAGB22,CHAPS,393951.02,36.57565790102819,
2026-02-03 15:45:00,2,TXN00076204,DR,CHASGB2L,CHAPS,179665.6,16.680722192781655,
2026-02-03 15:45:00,3,TXN00076209,DR,LOYDGB2L,FPS,161745.04,15.016920758900739,
2026-02-03 15:45:00,4,TXN00076211,CR,BARCGB22,FPS,88705.3,8.235680432577826,
2026-02-03 15:45:00,5,TXN00076210,CR,NWBKGB2L,CHAPS,74595.41,6.925673646299829,
2026-02-03 15:46:00,1,TXN00076215,DR,SANTGB2L,BACS,124636.61,34.999815223806095,
2026-02-03 15:46:00,2,TXN00076214,DR,BOFAGB22,SWIFT,122176.27,34.308915131227046,
2026-02-03 15:46:00,3,TXN00076213,DR,SANTGB2L,BACS,54136.96,15.20246416184283,
2026-02-03 15:46:00,4,TXN00076216,DR,NWBKGB2L,CHAPS,34292.67,9.62989216034485,
2026-02-03 15:46:00,5,TXN00076212,CR,RBOSGB2L,SWIFT,20863.97,5.858913322779187,
2026-02-03 15:47:00,1,TXN00076218,CR,BARCGB22,SWIFT,53113.27,39.39251156708315,
2026-02-03 15:47:00,2,TXN00076219,CR,BOFAGB22,SWIFT,44607.41,33.083971564970874,
2026-02-03 15:47:00,3,TXN00076217,DR,HSBCGB2L,CHAPS,37110.2,27.523516867945972,
2026-02-03 15:48:00,1,TXN00076223,CR,NWBKGB2L,BACS,221840.81,48.308302092416476,
2026-02-03 15:48:00,2,TXN00076221,CR,NTSBGB2L,FPS,111931.25,24.374273780292235,
2026-02-03 15:48:00,3,TXN00076220,DR,CITIGB2L,FPS,83865.1,18.26255766831503,
2026-02-03 15:48:00,4,TXN00076222,CR,NTSBGB2L,SWIFT,41581.65,9.054866458976278,
2026-02-03 15:49:00,1,TXN00076224,DR,COBAGB2X,INTERNAL,606486.85,33.299745341745044,83.2211169038267
2026-02-03 15:49:00,2,TXN00076227,DR,COBAGB2X,CHAPS,476734.93,26.175591052822742,65.41677423289167
2026-02-03 15:49:00,3,TXN00076229,CR,COBAGB2X,CHAPS,146864.81,8.063754016536008,20.152544976149603
2026-02-03 15:49:00,4,TXN00076231,CR,BNPAGB22,CHAPS,146637.09,8.051250830342898,20.12129761647257
2026-02-03 15:49:00,5,TXN00076232,CR,MIDLGB22,CHAPS,123431.41,6.777120592429205,16.937052800426198
2026-02-03 15:50:00,1,TXN00076233,DR,BOFAGB22,CHAPS,191469.65,24.06342949125152,
2026-02-03 15:50:00,2,TXN00076239,CR,SANTGB2L,SWIFT,183928.62,23.11569159286181,
2026-02-03 15:50:00,3,TXN00076237,DR,CHASGB2L,INTERNAL,135961.02,17.087242904181615,
2026-02-03 15:50:00,4,TXN00076238,CR,RBOSGB2L,CHAPS,131735.64,16.556207652883334,
2026-02-03 15:50:00,5,TXN00076236,DR,BNPAGB22,CHAPS,88721.11,11.150248485180654,
2026-02-03 15:51:00,1,TXN00076240,DR,CITIGB2L,INTERNAL,3027022.56,84.77107002428023,122.14157526429558
2026-02-03 15:51:00,2,TXN00076244,DR,BOFAGB22,CHAPS,264576.02,7.409390539251669,10.675748600947914
2026-02-03 15:51:00,3,TXN00076241,CR,LOYDGB2L,SWIFT,98824.21,2.7675492534169206,3.9875965389731194
2026-02-03 15:51:00,4,TXN00076243,DR,HSBCGB2L,CHAPS,95623.06,2.6779017845165813,3.8584288516145886
2026-02-03 15:51:00,5,TXN00076245,CR,BNPAGB22,BACS,33625.09,0.9416629055327308,1.3567858777384574
2026-02-03 17:50:00,1,TXN00077206,CR,NTSBGB2L,CHAPS,567502.58,27.045928061503997,85.04431891321046
2026-02-03 17:50:00,2,TXN00077203,DR,NWBKGB2L,SWIFT,528197.48,25.17273321708546,79.15416867051796
2026-02-03 17:50:00,3,TXN00077210,CR,RBOSGB2L,FPS,323207.97,15.403382845457271,48.43502504600307
2026-02-03 17:50:00,4,TXN00077209,DR,BOFAGB22,FPS,192796.8,9.18827255955061,28.891978860512772
2026-02-03 17:50:00,5,TXN00077207,DR,DEUTGB2L,CHAPS,107318.79,5.1145781116759945,16.082487945940024
2026-02-04 07:03:00,1,TXN00077396,CR,RBOSGB2L,CHAPS,116472.92,100.0,
2026-02-04 07:04:00,1,TXN00077397,CR,COBAGB2X,INTERNAL,161837.29,100.0,
2026-02-04 07:05:00,1,TXN00077398,DR,DEUTGB2L,BACS,962003.81,47.50177384104957,92.0241221331608
2026-02-04 07:05:00,2,TXN00077400,CR,TSBSGB2A,SWIFT,535103.24,26.422299811986058,51.18732940528589
2026-02-04 07:05:00,3,TXN00077399,DR,SANTGB2L,BACS,419337.25,20.706012809479063,40.113294674980324
2026-02-04 07:05:00,4,TXN00077401,DR,HSBCGB2L,CHAPS,108751.25,5.3699135374853055,10.403013177394696
2026-02-04 07:06:00,1,TXN00077402,CR,COBAGB2X,FPS,266143.23,26.016484479518557,670.9637889148863
2026-02-04 07:06:00,2,TXN00077408,CR,HSBCGB2L,BACS,227562.29,22.245054987529464,573.6988174095135
2026-02-04 07:06:00,3,TXN00077404,DR,HSBCGB2L,CHAPS,192314.23,18.799426834887225,484.83624559245374
2026-02-04 07:06:00,4,TXN00077405,CR,BNPAGB22,CHAPS,116230.59,11.36196979641483,293.02461330394425
2026-02-04 07:06:00,5,TXN00077407,CR,NTSBGB2L,FPS,105043.36,10.268376712481022,264.8209042399854
2026-02-04 08:22:00,1,TXN00077916,DR,BARCGB22,FPS,2126010.39,61.08793991808072,174.81249319934437
2026-02-04 08:22:00,2,TXN00077915,DR,TSBSGB2A,CHAPS,424813.95,12.20643566749575,34.9305845797685
2026-02-04 08:22:00,3,TXN00077914,CR,NWBKGB2L,CHAPS,388354.53,11.158825143631814,31.932686666954424
2026-02-04 08:22:00,4,TXN00077912,DR,COBAGB2X,CHAPS,306687.61,8.812240232419454,25.217574659852993
2026-02-04 08:22:00,5,TXN00077913,CR,TSBSGB2A,CHAPS,99541.9,2.860197501918887,8.184893074205444
2026-02-04 08:23:00,1,TXN00077920,DR,DEUTGB2L,FPS,211642.13,62.31514326950522,
2026-02-04 08:23:00,2,TXN00077921,DR,SANTGB2L,CHAPS,108010.01,31.802076683364938,
2026-02-04 08:23:00,3,TXN00077922,CR,NTSBGB2L,CHAPS,19979.8,5.882780047129843,
2026-02-04 08:24:00,1,TXN00077928,DR,RBOSGB2L,CHAPS,583578.21,56.89252444871074,
2026-02-04 08:24:00,2,TXN00077927,DR,MIDLGB22,FPS,147378.57,14.367806668006036,
2026-02-04 08:24:00,3,TXN00077924,DR,BOFAGB22,CHAPS,146698.2,14.301477997408195,
2026-02-04 08:24:00,4,TXN00077926,DR,BARCGB22,CHAPS,86317.86,8.415051960919499,
2026-02-04 08:24:00,5,TXN00077925,DR,BARCGB22,CHAPS,35931.7,3.502949708718116,
2026-02-04 08:25:00,1,TXN00077930,CR,BNPAGB22,CHAPS,453933.72,23.630208123670293,
2026-02-04 08:25:00,2,TXN00077932,DR,HSBCGB2L,CHAPS,434397.39,22.613214841319063,
2026-02-04 08:25:00,3,TXN00077936,DR,DEUTGB2L,SWIFT,353937.13,18.424733999920843,
2026-02-04 08:25:00,4,TXN00077937,CR,MIDLGB22,CHAPS,129359.1,6.73398410607319,
2026-02-04 08:25:00,5,TXN00077929,DR,HSBCGB2L,FPS,104175.93,5.423036004853104,
2026-02-04 08:26:00,1,TXN00077942,DR,MIDLGB22,FPS,239222.29,21.823853285264022,
2026-02-04 08:26:00,2,TXN00077949,CR,RBOSGB2L,FPS,233061.48,21.26181279330825,
2026-02-04 08:26:00,3,TXN00077944,CR,CHASGB2L,CHAPS,190652.8,17.392939159744625,
2026-02-04 08:26:00,4,TXN00077947,CR,BNPAGB22,SWIFT,141367.29,12.89670371559177,
2026-02-04 08:26:00,5,TXN00077943,CR,COBAGB2X,CHAPS,119024.97,10.858450868282182,
2026-02-04 08:27:00,1,TXN00077959,CR,CITIGB2L,BACS,659473.07,25.274203248219948,180.43980181770846
2026-02-04 08:27:00,2,TXN00077953,DR,NTSBGB2L,CHAPS,482855.09,18.505346524760345,132.11498802562446
2026-02-04 08:27:00,3,TXN00077955,CR,CHASGB2L,BACS,457974.6,17.551805599768056,125.30738527586018
2026-02-04 08:27:00,4,TXN00077951,DR,COBAGB2X,BACS,454437.49,17.416246406954752,124.33958923316895
2026-02-04 08:27:00,5,TXN00077957,DR,BOFAGB22,SWIFT,172121.29,6.596521775795648,47.094465064674026
2026-02-04 08:28:00,1,TXN00077966,DR,MIDLGB22,CHAPS,457787.77,27.806938689571446,
2026-02-04 08:28:00,2,TXN00077961,DR,MIDLGB22,CHAPS,373637.92,22.69550961035722,
2026-02-04 08:28:00,3,TXN00077963,DR,NTSBGB2L,FPS,199124.85,12.095239013309838,
2026-02-04 08:28:00,4,TXN00077969,DR,BOFAGB22,CHAPS,194611.97,11.821117715850551,
2026-02-04 08:28:00,5,TXN00077965,DR,BARCGB22,CHAPS,162659.24,9.880245411475906,
2026-02-04 12:21:00,1,TXN00080115,CR,NTSBGB2L,SWIFT,197236.35,20.810785217041968,
2026-02-04 12:21:00,2,TXN00080121,CR,DEUTGB2L,SWIFT,192730.57,20.33537173562618,
2026-02-04 12:21:00,3,TXN00080119,DR,HSBCGB2L,CHAPS,156473.58,16.509827247977533,
2026-02-04 12:21:00,4,TXN00080114,DR,SANTGB2L,INTERNAL,119489.87,12.607605140646065,
2026-02-04 12:21:00,5,TXN00080116,CR,COBAGB2X,SWIFT,84149.57,8.87878237138559,
2026-02-04 12:22:00,1,TXN00080126,CR,NTSBGB2L,BACS,411319.1,54.234087926132844,
2026-02-04 12:22:00,2,TXN00080127,CR,BNPAGB22,FPS,112956.73,14.893801981645023,
2026-02-04 12:22:00,3,TXN00080128,CR,BARCGB22,CHAPS,104013.46,13.71459563910672,
2026-02-04 12:22:00,4,TXN00080124,CR,COBAGB2X,SWIFT,88948.35,11.7281999177389,
2026-02-04 12:22:00,5,TXN00080125,DR,MIDLGB22,FPS,29439.97,3.881779186822866,
2026-02-04 12:23:00,1,TXN00080133,CR,CHASGB2L,FPS,272570.81,28.70022896306424,
2026-02-04 12:23:00,2,TXN00080134,CR,TSBSGB2A,CHAPS,175340.54,18.462408518752703,
2026-02-04 12:23:00,3,TXN00080131,CR,COBAGB2X,CHAPS,121272.88,12.769376966705327,
2026-02-04 12:23:00,4,TXN00080130,DR,COBAGB2X,CHAPS,119580.9,12.591220643213001,
2026-02-04 12:23:00,5,TXN00080132,CR,BNPAGB22,BACS,101896.69,10.729169178381127,
2026-02-04 12:24:00,1,TXN00080142,CR,BNPAGB22,BACS,735392.09,32.48226412420471,182.4210247902623
2026-02-04 12:24:00,2,TXN00080144,DR,MIDLGB22,SWIFT,357395.14,15.786141151160765,88.65527462208529
2026-02-04 12:24:00,3,TXN00080137,DR,TSBSGB2A,SWIFT,348998.67,15.415269122538644,86.57245012227227
2026-02-04 12:24:00,4,TXN00080139,CR,BOFAGB22,CHAPS,278002.02,12.279347525620572,68.96105366344503
2026-02-04 12:24:00,5,TXN00080145,CR,CITIGB2L,SWIFT,228925.19,10.111624244236497,56.78707770722079
2026-02-04 12:25:00,1,TXN00080152,CR,HSBCGB2L,BACS,179723.94,38.2772725498232,
2026-02-04 12:25:00,2,TXN00080147,DR,HSBCGB2L,INTERNAL,105135.99,22.391668822892967,
2026-02-04 12:25:00,3,TXN00080148,DR,MIDLGB22,SWIFT,102244.53,21.775851016501054,
2026-02-04 12:25:00,4,TXN00080151,CR,BNPAGB22,FPS,51622.78,10.994524267827437,
2026-02-04 12:25:00,5,TXN00080149,CR,COBAGB2X,FPS,24493.68,5.216618693692969,
2026-02-04 12:26:00,1,TXN00080156,DR,CHASGB2L,CHAPS,2210725.8,64.22077074187075,137.36711518710854
2026-02-04 12:26:00,2,TXN00080155,DR,COBAGB2X,BACS,421789.2,12.252821003218523,26.208571692191935
2026-02-04 12:26:00,3,TXN00080154,DR,CHASGB2L,CHAPS,308658.63,8.96641958705594,19.179016041114245
2026-02-04 12:26:00,4,TXN00080153,CR,MIDLGB22,CHAPS,263074.05,7.642204317326664,16.346542537789695
2026-02-04 12:26:00,5,TXN00080157,DR,MIDLGB22,FPS,167010.48,4.851592968956074,10.377473245942257
2026-02-04 12:27:00,1,TXN00080160,DR,CHASGB2L,INTERNAL,493830.91,36.97742212919159,
2026-02-04 12:27:00,2,TXN00080163,CR,NTSBGB2L,FPS,301617.98,22.584765640154167,
2026-02-04 12:27:00,3,TXN00080159,CR,COBAGB2X,CHAPS,269849.44,20.20597830582528,
2026-02-04 12:27:00,4,TXN00080161,DR,RBOSGB2L,SWIFT,217240.0,16.266651237658614,
2026-02-04 12:27:00,5,TXN00080162,DR,DEUTGB2L,FPS,27770.76,2.0794387199628077,
2026-02-04 12:28:00,1,TXN00080173,CR,BARCGB22,FPS,848129.08,36.193633336131946,166.2080305024279
2026-02-04 12:28:00,2,TXN00080170,DR,TSBSGB2A,BACS,350762.38,14.968670770997477,68.73897585747703
2026-02-04 12:28:00,3,TXN00080168,CR,CITIGB2L,FPS,331940.56,14.165455708735168,65.05045991522069
2026-02-04 12:28:00,4,TXN00080174,DR,BARCGB22,CHAPS,283236.83,12.087039831611877,55.50597991528717
2026-02-04 12:28:00,5,TXN00080172,DR,CITIGB2L,CHAPS,222612.8,9.499929019212114,43.625476269049614
2026-02-04 14:47:00,1,TXN00081364,CR,BNPAGB22,BACS,401102.56,23.846331109015747,398.87176081971205
2026-02-04 14:47:00,2,TXN00081356,DR,NTSBGB2L,CHAPS,351370.83,20.889682564553276,349.4166221795835
2026-02-04 14:47:00,3,TXN00081359,CR,DEUTGB2L,CHAPS,277797.37,16.515596575184556,276.25235332076926
2026-02-04 14:47:00,4,TXN00081357,DR,NTSBGB2L,FPS,212725.33,12.646936620037131,211.54222238834456
2026-02-04 14:47:00,5,TXN00081358,CR,CHASGB2L,CHAPS,164428.76,9.775611142459136,163.51426186509963
2026-02-04 14:48:00,1,TXN00081368,DR,COBAGB2X,CHAPS,1417948.96,74.39672629189529,484.18880934061394
2026-02-04 14:48:00,2,TXN00081366,CR,HSBCGB2L,CHAPS,416838.8,21.870633560351905,142.33846771111587
2026-02-04 14:48:00,3,TXN00081367,DR,CITIGB2L,BACS,39169.34,2.055130860996707,13.37520364432418
2026-02-04 14:48:00,4,TXN00081365,CR,DEUTGB2L,FPS,17314.47,0.9084529287141846,5.912393781553167
2026-02-04 14:48:00,5,TXN00081369,DR,HSBCGB2L,SWIFT,14657.67,0.7690563580419176,5.0051729541856265
2026-02-04 14:49:00,1,TXN00081371,DR,RBOSGB2L,CHAPS,704532.62,48.88488301969333,
2026-02-04 14:49:00,2,TXN00081374,CR,CHASGB2L,CHAPS,284794.2,19.76080419340576,
2026-02-04 14:49:00,3,TXN00081372,DR,CHASGB2L,FPS,243896.32,16.92305328904954,
2026-02-04 14:49:00,4,TXN00081373,DR,COBAGB2X,BACS,108399.01,7.521401810040489,
2026-02-04 14:49:00,5,TXN00081370,DR,CHASGB2L,CHAPS,99585.39,6.9098576878108755,
2026-02-04 14:50:00,1,TXN00081375,DR,BNPAGB22,FPS,1088346.23,58.45626060340809,388.2212618481825
2026-02-04 14:50:00,2,TXN00081378,DR,NTSBGB2L,CHAPS,544697.15,29.256276791930144,194.2975581383773
2026-02-04 14:50:00,3,TXN00081377,CR,COBAGB2X,CHAPS,100192.7,5.381458969871275,35.739487444153134
2026-02-04 14:50:00,4,TXN00081376,DR,BARCGB22,FPS,90311.23,4.850714460869982,32.21469299311253
2026-02-04 14:50:00,5,TXN00081379,DR,DEUTGB2L,FPS,38265.64,2.0552891739205057,13.649640745508245
2026-02-04 14:51:00,1,TXN00081382,CR,LOYDGB2L,CHAPS,105090.76,31.52084723489424,
2026-02-04 14:51:00,2,TXN00081381,CR,SANTGB2L,CHAPS,103541.3,31.05610331300635,
2026-02-04 14:51:00,3,TXN00081380,DR,HSBCGB2L,CHAPS,73947.13,22.179649173617786,
2026-02-04 14:51:00,4,TXN00081384,DR,MIDLGB22,SWIFT,26319.27,7.89418298053925,
2026-02-04 14:51:00,5,TXN00081383,DR,MIDLGB22,BACS,24502.35,7.349217297942378,
2026-02-04 14:52:00,1,TXN00081387,DR,BNPAGB22,CHAPS,361292.0,42.389740324650184,
2026-02-04 14:52:00,2,TXN00081386,DR,RBOSGB2L,INTERNAL,263643.76,30.93284801383478,
2026-02-04 14:52:00,3,TXN00081389,DR,LOYDGB2L,FPS,113977.47,13.372771487219774,
2026-02-04 14:52:00,4,TXN00081388,DR,CHASGB2L,CHAPS,61447.01,7.209467128046519,
2026-02-04 14:52:00,5,TXN00081390,DR,SANTGB2L,CHAPS,48357.67,5.673718416142971,
2026-02-04 14:53:00,1,TXN00081394,DR,BOFAGB22,CHAPS,411339.59,60.58938592329551,
2026-02-04 14:53:00,2,TXN00081391,DR,TSBSGB2A,CHAPS,138785.89,20.442845897517522,
2026-02-04 14:53:00,3,TXN00081393,CR,CHASGB2L,CHAPS,67317.45,9.915707256435368,
2026-02-04 14:53:00,4,TXN00081392,DR,NWBKGB2L,CHAPS,61454.18,9.052060922751608,
2026-02-04 14:54:00,1,TXN00081398,CR,COBAGB2X,CHAPS,230137.7,47.28032681974272,
2026-02-04 14:54:00,2,TXN00081396,CR,NWBKGB2L,FPS,130857.47,26.883834975341625,
2026-02-04 14:54:00,3,TXN00081397,CR,BARCGB22,BACS,103172.38,21.196109308343168,
2026-02-04 14:54:00,4,TXN00081395,DR,COBAGB2X,CHAPS,22583.95,4.63972889657248,
2026-02-04 14:55:00,1,TXN00081401,DR,COBAGB2X,CHAPS,305866.43,25.99366793079388,
2026-02-04 14:55:00,2,TXN00081400,CR,RBOSGB2L,SWIFT,267398.41,22.72451237869508,
2026-02-04 14:55:00,3,TXN00081399,DR,NTSBGB2L,FPS,225332.36,19.14958284209909,
2026-02-04 14:55:00,4,TXN00081402,DR,LOYDGB2L,CHAPS,153001.51,13.00263792875223,
2026-02-04 14:55:00,5,TXN00081404,DR,BARCGB22,CHAPS,131940.72,11.21281358738798,
2026-02-04 14:56:00,1,TXN00081408,DR,BOFAGB22,CHAPS,374250.39,60.816700897049046,
2026-02-04 14:56:00,2,TXN00081406,CR,BOFAGB22,FPS,136802.26,22.230737363988684,
2026-02-04 14:56:00,3,TXN00081407,CR,BOFAGB22,CHAPS,88888.57,14.444633110085489,
2026-02-04 14:56:00,4,TXN00081405,DR,HSBCGB2L,SWIFT,15433.15,2.5079286288767597,
2026-02-04 14:57:00,1,TXN00081411,DR,NWBKGB2L,BACS,879642.86,70.20207667991706,
2026-02-04 14:57:00,2,TXN00081409,CR,DEUTGB2L,CHAPS,202377.2,16.15121358759953,
2026-02-04 14:57:00,3,TXN00081412,CR,LOYDGB2L,FPS,132745.74,10.594102495656399,
2026-02-04 14:57:00,4,TXN00081410,DR,COBAGB2X,CHAPS,38249.64,3.052607236827026,
2026-02-04 16:14:00,1,TXN00081817,CR,SANTGB2L,FPS,193418.23,28.26837187317735,
2026-02-04 16:14:00,2,TXN00081815,DR,CITIGB2L,SWIFT,158922.65,23.22678978745079,
2026-02-04 16:14:00,3,TXN00081813,DR,CITIGB2L,INTERNAL,146428.78,21.400791466118132,
2026-02-04 16:14:00,4,TXN00081818,CR,RBOSGB2L,BACS,136854.16,20.001446023321137,
2026-02-04 16:14:00,5,TXN00081816,CR,BOFAGB22,FPS,32725.63,4.782901170298213,
2026-02-04 16:15:00,1,TXN00081820,DR,MIDLGB22,FPS,328550.92,44.21345466764999,
2026-02-04 16:15:00,2,TXN00081823,CR,BNPAGB22,FPS,226448.57,30.473430371916674,
2026-02-04 16:15:00,3,TXN00081819,DR,MIDLGB22,CHAPS,81743.42,11.000300941323413,
2026-02-04 16:15:00,4,TXN00081821,DR,NWBKGB2L,SWIFT,59265.22,7.975385117893761,
2026-02-04 16:15:00,5,TXN00081824,CR,NTSBGB2L,CHAPS,24869.98,3.3467802595572156,
2026-02-04 16:16:00,1,TXN00081830,CR,RBOSGB2L,SWIFT,393230.08,44.8097882252212,
2026-02-04 16:16:00,2,TXN00081828,DR,SANTGB2L,SWIFT,212178.97,24.178452247461745,
2026-02-04 16:16:00,3,TXN00081827,CR,HSBCGB2L,CHAPS,126582.19,14.424433469038567,
2026-02-04 16:16:00,4,TXN00081826,DR,MIDLGB22,CHAPS,64563.53,7.357214652482119,
2026-02-04 16:16:00,5,TXN00081829,DR,DEUTGB2L,BACS,48116.7,5.4830473220576135,
2026-02-04 16:51:00,1,TXN00082087,CR,CHASGB2L,FPS,14251997.22,87.1060229476205,99.07951209373337
2026-02-04 16:51:00,2,TXN00082082,DR,NWBKGB2L,FPS,790493.29,4.831373848575591,5.495488686782811
2026-02-04 16:51:00,3,TXN00082081,DR,BOFAGB22,CHAPS,404556.27,2.47258592562536,2.812464613016579
2026-02-04 16:51:00,4,TXN00082086,DR,NTSBGB2L,FPS,315522.94,1.9284278566636353,2.1935072303908507
2026-02-04 16:51:00,5,TXN00082084,DR,LOYDGB2L,BACS,272163.9,1.6634240487814167,1.8920763178150297
2026-02-04 17:09:00,1,TXN00082266,CR,NTSBGB2L,CHAPS,21849448.86,91.1582221120942,101.57564020212911
2026-02-04 17:09:00,2,TXN00082275,CR,MIDLGB22,SWIFT,692998.76,2.891264456703823,3.2216736063832054
2026-02-04 17:09:00,3,TXN00082268,DR,COBAGB2X,CHAPS,479733.76,2.001500217646684,2.2302285110625237
2026-02-04 17:09:00,4,TXN00082273,CR,BARCGB22,SWIFT,291943.35,1.218018674703031,1.3572119310200415
2026-02-04 17:09:00,5,TXN00082269,CR,NWBKGB2L,BACS,171893.82,0.7171592804769877,0.7991151138486677
2026-02-05 06:49:00,1,TXN00082786,DR,BARCGB22,CHAPS,86252.97,53.566815329903406,
2026-02-05 06:49:00,2,TXN00082787,DR,SANTGB2L,SWIFT,49530.7,30.760701458290033,
2026-02-05 06:49:00,3,TXN00082785,CR,RBOSGB2L,SWIFT,25235.74,15.672483211806579,
2026-02-05 06:50:00,1,TXN00082792,DR,BARCGB22,INTERNAL,265966.28,46.16280484938917,
2026-02-05 06:50:00,2,TXN00082788,DR,MIDLGB22,SWIFT,163562.24,28.38890616452941,
2026-02-05 06:50:00,3,TXN00082791,DR,COBAGB2X,CHAPS,92712.22,16.091724556261926,
2026-02-05 06:50:00,4,TXN00082789,CR,LOYDGB2L,SWIFT,35614.96,6.181559738320216,
2026-02-05 06:50:00,5,TXN00082790,DR,COBAGB2X,BACS,18292.74,3.1750046914992955,
2026-02-05 09:45:00,1,TXN00084144,DR,CHASGB2L,BACS,15461154.52,92.9749095567358,112.6573677520619
2026-02-05 09:45:00,2,TXN00084143,CR,COBAGB2X,FPS,308387.95,1.8544761144808195,2.2470621225933183
2026-02-05 09:45:00,3,TXN00084141,CR,RBOSGB2L,FPS,255458.37,1.5361866292415236,1.8613918835882832
2026-02-05 09:45:00,4,TXN00084142,CR,RBOSGB2L,FPS,190735.0,1.1469757547125272,1.3897864490257696
2026-02-05 09:45:00,5,TXN00084146,DR,BOFAGB22,CHAPS,184003.33,1.1064951807291172,1.3407362812783017
2026-02-05 12:34:00,1,TXN00085428,CR,TSBSGB2A,FPS,15517700.0,91.2330791996326,102.69785979576226
2026-02-05 12:34:00,2,TXN00085425,CR,RBOSGB2L,CHAPS,533724.49,3.137921771071326,3.532247874593833
2026-02-05 12:34:00,3,TXN00085427,DR,TSBSGB2A,CHAPS,363766.1,2.1386868808806376,2.407444398090647
2026-02-05 12:34:00,4,TXN00085424,CR,BARCGB22,SWIFT,272134.62,1.5999587142051928,1.8010170998494004
2026-02-05 12:34:00,5,TXN00085426,CR,BARCGB22,FPS,129462.38,0.7611470493638188,0.856796390577579
2026-02-05 15:07:00,1,TXN00086569,CR,CITIGB2L,CHAPS,758444.07,43.248060021808556,224.68194567944127
2026-02-05 15:07:00,2,TXN00086573,DR,CITIGB2L,FPS,303400.2,17.300511111160404,89.87946501517457
2026-02-05 15:07:00,3,TXN00086572,DR,TSBSGB2A,CHAPS,272353.79,15.530180171475322,80.68225709823263
2026-02-05 15:07:00,4,TXN00086571,CR,BNPAGB22,CHAPS,174020.49,9.923010666487952,51.55193880188126
2026-02-05 15:07:00,5,TXN00086567,DR,TSBSGB2A,CHAPS,115182.14,6.567925442624077,34.121629196364864
2026-02-05 15:08:00,1,TXN00086574,DR,TSBSGB2A,CHAPS,297282.29,45.58661259329672,
2026-02-05 15:08:00,2,TXN00086576,CR,CHASGB2L,BACS,179705.81,27.556902704276762,
2026-02-05 15:08:00,3,TXN00086575,CR,SANTGB2L,CHAPS,175138.2,26.856484702426506,
2026-02-05 15:09:00,1,TXN00086581,DR,COBAGB2X,CHAPS,771990.61,76.01492781979721,
2026-02-05 15:09:00,2,TXN00086580,CR,BARCGB22,BACS,145779.96,14.354388503472762,
2026-02-05 15:09:00,3,TXN00086579,CR,CHASGB2L,CHAPS,76701.54,7.552503814479412,
2026-02-05 15:09:00,4,TXN00086578,DR,BNPAGB22,BACS,15209.87,1.4976570378213525,
2026-02-05 15:09:00,5,TXN00086577,DR,LOYDGB2L,INTERNAL,5895.66,0.5805228244292578,
2026-02-05 15:41:00,1,TXN00086759,DR,CHASGB2L,CHAPS,396525.63,73.24744780085105,
2026-02-05 15:41:00,2,TXN00086760,DR,LOYDGB2L,CHAPS,84555.06,15.619273699023763,
2026-02-05 15:41:00,3,TXN00086758,CR,DEUTGB2L,SWIFT,31163.91,5.756694393236119,
2026-02-05 15:41:00,4,TXN00086761,DR,NWBKGB2L,INTERNAL,29106.18,5.376584106889067,
2026-02-05 16:15:00,1,TXN00086895,CR,BARCGB22,BACS,95753.15,38.27169741005258,
2026-02-05 16:15:00,2,TXN00086894,DR,TSBSGB2A,CHAPS,55477.84,22.174007909330516,
2026-02-05 16:15:00,3,TXN00086896,CR,NTSBGB2L,INTERNAL,53722.14,21.47226995979226,
2026-02-05 16:15:00,4,TXN00086897,DR,BNPAGB22,INTERNAL,45239.98,18.08202472082465,
2026-02-05 16:16:00,1,TXN00086899,DR,TSBSGB2A,CHAPS,185877.1,64.78020703084621,
2026-02-05 16:16:00,2,TXN00086898,CR,DEUTGB2L,FPS,74471.89,25.954270064351153,
2026-02-05 16:16:00,3,TXN00086900,CR,MIDLGB22,CHAPS,26586.03,9.265522904802626,
2026-02-05 16:17:00,1,TXN00086901,CR,CITIGB2L,CHAPS,509045.36,44.66085237108167,
2026-02-05 16:17:00,2,TXN00086902,DR,RBOSGB2L,CHAPS,226814.91,19.899498172560055,
2026-02-05 16:17:00,3,TXN00086906,DR,HSBCGB2L,CHAPS,204179.72,17.913610551501325,
2026-02-05 16:17:00,4,TXN00086904,DR,DEUTGB2L,CHAPS,108317.04,9.503143949121839,
2026-02-05 16:17:00,5,TXN00086905,DR,BARCGB22,CHAPS,60960.5,5.348340452346573,
2026-02-05 16:18:00,1,TXN00086907,DR,COBAGB2X,BACS,166320.98,100.0,
2026-02-05 16:19:00,1,TXN00086909,CR,HSBCGB2L,CHAPS,108650.61,48.011512623267144,
2026-02-05 16:19:00,2,TXN00086911,DR,CHASGB2L,CHAPS,96107.57,42.46888084886528,
2026-02-05 16:19:00,3,TXN00086910,DR,NTSBGB2L,FPS,12003.13,5.304051468406082,
2026-02-05 16:19:00,4,TXN00086908,CR,COBAGB2X,CHAPS,9539.85,4.215555059461471,
2026-02-05 16:20:00,1,TXN00086912,DR,HSBCGB2L,CHAPS,499483.15,89.4758758093854,
2026-02-05 16:20:00,2,TXN00086913,DR,CHASGB2L,FPS,58749.05,10.524124190614586,
2026-02-05 16:21:00,1,TXN00086916,DR,DEUTGB2L,CHAPS,384153.46,65.22005590249857,
2026-02-05 16:21:00,2,TXN00086914,DR,RBOSGB2L,CHAPS,148437.79,25.20118122024293,
2026-02-05 16:21:00,3,TXN00086915,DR,COBAGB2X,CHAPS,56419.99,9.578762877258505,
2026-02-05 16:22:00,1,TXN00086919,CR,CHASGB2L,SWIFT,175655.85,49.01352714345144,
2026-02-05 16:22:00,2,TXN00086918,CR,BOFAGB22,CHAPS,155380.32,43.35601422826607,
2026-02-05 16:22:00,3,TXN00086917,CR,CHASGB2L,FPS,27346.22,7.630458628282489,
2026-02-05 16:23:00,1,TXN00086921,DR,HSBCGB2L,CHAPS,290229.18,31.134173304371092,
2026-02-05 16:23:00,2,TXN00086920,DR,LOYDGB2L,CHAPS,246745.44,26.469479364629358,
2026-02-05 16:23:00,3,TXN00086923,DR,CITIGB2L,SWIFT,211614.53,22.700830601330424,
2026-02-05 16:23:00,4,TXN00086922,CR,NTSBGB2L,CHAPS,143244.15,15.366436245098885,
2026-02-05 16:23:00,5,TXN00086924,DR,COBAGB2X,BACS,40355.19,4.329080484570239,
2026-02-05 16:24:00,1,TXN00086925,CR,BNPAGB22,CHAPS,388136.72,83.18818286594863,
2026-02-05 16:24:00,2,TXN00086926,CR,DEUTGB2L,CHAPS,78440.03,16.811817134051363,
2026-02-05 16:27:00,1,TXN00086938,CR,LOYDGB2L,INTERNAL,217933.63,29.949831946765194,
2026-02-05 16:27:00,2,TXN00086939,CR,LOYDGB2L,FPS,197577.35,27.152341880356914,
2026-02-05 16:27:00,3,TXN00086942,DR,RBOSGB2L,FPS,140335.3,19.285773614649912,
2026-02-05 16:27:00,4,TXN00086941,DR,COBAGB2X,CHAPS,97245.46,13.364092474327514,
2026-02-05 16:27:00,5,TXN00086940,DR,COBAGB2X,SWIFT,69554.82,9.55866779297671,
2026-02-05 16:28:00,1,TXN00086944,DR,MIDLGB22,BACS,37529.01,100.0,
2026-02-05 16:29:00,1,TXN00086952,DR,NWBKGB2L,CHAPS,606108.83,26.00230876202576,62.85417465614063
2026-02-05 16:29:00,2,TXN00086948,CR,BARCGB22,CHAPS,576123.09,24.71590864484247,59.7446193322995
2026-02-05 16:29:00,3,TXN00086947,CR,COBAGB2X,FPS,525761.06,22.555357619802294,54.52201957301569
2026-02-05 16:29:00,4,TXN00086951,DR,CHASGB2L,CHAPS,209677.42,8.995244328093612,21.74378680166886
2026-02-05 16:29:00,5,TXN00086950,CR,LOYDGB2L,SWIFT,165125.8,7.083962192361581,17.123733164281646
2026-02-05 16:30:00,1,TXN00086953,CR,BARCGB22,CHAPS,1019984.46,36.09539248813287,87.87025536310188
2026-02-05 16:30:00,2,TXN00086955,DR,CHASGB2L,INTERNAL,393076.37,13.91025688073771,33.862987490124226
2026-02-05 16:30:00,3,TXN00086964,DR,SANTGB2L,FPS,324194.04,11.47263666753653,27.928869702579252
2026-02-05 16:30:00,4,TXN00086961,DR,COBAGB2X,FPS,285799.43,10.11392134222776,24.62122697117264
2026-02-05 16:30:00,5,TXN00086960,CR,BNPAGB22,CHAPS,214124.14,7.5774633610436695,18.446499529222805
2026-02-05 16:31:00,1,TXN00086969,DR,NTSBGB2L,CHAPS,345137.43,33.67778428232033,
2026-02-05 16:31:00,2,TXN00086970,DR,MIDLGB22,FPS,289607.46,28.259286639616906,
2026-02-05 16:31:00,3,TXN00086966,DR,LOYDGB2L,SWIFT,189615.14,18.50224642856606,
2026-02-05 16:31:00,4,TXN00086965,CR,MIDLGB22,CHAPS,82333.73,8.033952150883218,
2026-02-05 16:31:00,5,TXN00086968,CR,CITIGB2L,CHAPS,61617.88,6.012543092106528,
2026-02-05 16:32:00,1,TXN00086974,DR,LOYDGB2L,SWIFT,1306155.67,52.647682860844654,162.07227978432283
2026-02-05 16:32:00,2,TXN00086978,CR,SANTGB2L,CHAPS,478812.64,19.29967200654098,59.412716215020716
2026-02-05 16:32:00,3,TXN00086977,CR,BOFAGB22,CHAPS,225172.92,9.076125268445486,27.94022896986922
2026-02-05 16:32:00,4,TXN00086975,DR,NTSBGB2L,CHAPS,225134.94,9.074594395027423,27.935516281077533
2026-02-05 16:32:00,5,TXN00086971,CR,MIDLGB22,CHAPS,83229.79,3.354772856817824,10.327438084979896
2026-02-05 16:33:00,1,TXN00086985,DR,CHASGB2L,FPS,512482.22,25.195238531549318,144.80849268635555
2026-02-05 16:33:00,2,TXN00086981,CR,NTSBGB2L,FPS,429830.03,21.131796794575624,121.45404528498763
2026-02-05 16:33:00,3,TXN00086983,CR,COBAGB2X,FPS,388295.87,19.089846795983412,109.71803012217102
2026-02-05 16:33:00,4,TXN00086979,DR,NTSBGB2L,FPS,351174.22,17.264829673565607,99.22882684302027
2026-02-05 16:33:00,5,TXN00086987,DR,LOYDGB2L,BACS,167023.56,8.211403772385585,47.19467139115396
2026-02-05 16:34:00,1,TXN00086991,CR,CITIGB2L,SWIFT,287845.67,39.89990427898777,
2026-02-05 16:34:00,2,TXN00086989,CR,CHASGB2L,FPS,183573.31,25.446127076279968,
2026-02-05 16:34:00,3,TXN00086990,DR,BOFAGB22,FPS,142909.64,19.809507492485825,
2026-02-05 16:34:00,4,TXN00086988,DR,DEUTGB2L,SWIFT,107090.83,14.844461152246451,
2026-02-05 16:35:00,1,TXN00086994,DR,NTSBGB2L,SWIFT,948917.65,67.61521372868422,
2026-02-05 16:35:00,2,TXN00086992,CR,TSBSGB2A,CHAPS,220793.33,15.732648874028117,
2026-02-05 16:35:00,3,TXN00086996,CR,BARCGB22,CHAPS,98683.21,7.031681132269622,
2026-02-05 16:35:00,4,TXN00086993,DR,NTSBGB2L,CHAPS,91413.03,6.513643793048452,
2026-02-05 16:35:00,5,TXN00086995,DR,SANTGB2L,FPS,43601.27,3.106812471969583,
2026-02-05 16:36:00,1,TXN00087000,DR,SANTGB2L,CHAPS,215458.55,48.39597572601809,
2026-02-05 16:36:00,2,TXN00086999,CR,RBOSGB2L,CHAPS,118384.8,26.591415876183635,
2026-02-05 16:36:00,3,TXN00086997,DR,LOYDGB2L,CHAPS,90325.05,20.28867699727567,
2026-02-05 16:36:00,4,TXN00086998,CR,NWBKGB2L,CHAPS,21030.91,4.723931400522611,
2026-02-05 16:37:00,1,TXN00087002,CR,DEUTGB2L,FPS,894691.78,75.02420007594226,
2026-02-05 16:37:00,2,TXN00087001,CR,BARCGB22,CHAPS,166428.57,13.955834414878565,
2026-02-05 16:37:00,3,TXN00087005,CR,NWBKGB2L,CHAPS,84932.26,7.12197765708985,
2026-02-05 16:37:00,4,TXN00087003,DR,HSBCGB2L,INTERNAL,35974.56,3.016639525942654,
2026-02-05 16:37:00,5,TXN00087004,CR,MIDLGB22,FPS,10510.41,0.8813483261466695,
2026-02-06 07:05:00,1,TXN00087828,DR,CHASGB2L,CHAPS,223006.01,51.684681692010756,
2026-02-06 07:05:00,2,TXN00087827,DR,SANTGB2L,SWIFT,131993.03,30.591183354717778,
2026-02-06 07:05:00,3,TXN00087825,DR,CITIGB2L,BACS,56684.21,13.137338096014062,
2026-02-06 07:05:00,4,TXN00087826,DR,HSBCGB2L,CHAPS,19790.84,4.586796857257409,
2026-02-06 07:06:00,1,TXN00087832,DR,LOYDGB2L,INTERNAL,365670.81,40.37847958019195,8006.741424849348
2026-02-06 07:06:00,2,TXN00087830,CR,LOYDGB2L,SWIFT,291088.56,32.142881396487404,6373.68575208873
2026-02-06 07:06:00,3,TXN00087829,CR,MIDLGB22,CHAPS,228737.88,25.257930259176,5008.452983239814
2026-02-06 07:06:00,4,TXN00087831,DR,MIDLGB22,INTERNAL,20110.92,2.220708764144652,440.3494395842841
2026-02-06 07:07:00,1,TXN00087834,CR,RBOSGB2L,BACS,268645.13,41.397733317054396,
2026-02-06 07:07:00,2,TXN00087833,DR,CITIGB2L,CHAPS,214606.41,33.07046336298907,
2026-02-06 07:07:00,3,TXN00087837,DR,BNPAGB22,CHAPS,66638.3,10.26884266281643,
2026-02-06 07:07:00,4,TXN00087836,CR,COBAGB2X,CHAPS,55030.83,8.480152327928508,
2026-02-06 07:07:00,5,TXN00087835,CR,NWBKGB2L,SWIFT,44016.14,6.782808329211591,
2026-02-06 07:09:00,1,TXN00087841,DR,TSBSGB2A,INTERNAL,1811346.43,88.95668204491325,154.05488150512457
2026-02-06 07:09:00,2,TXN00087840,DR,LOYDGB2L,CHAPS,117825.03,5.78648212017751,10.021010191290546
2026-02-06 07:09:00,3,TXN00087838,CR,HSBCGB2L,FPS,79737.67,3.915981194824348,6.781683006571375
2026-02-06 07:09:00,4,TXN00087839,DR,DEUTGB2L,CHAPS,27302.64,1.3408546400849064,2.322087536825893
2026-02-06 07:10:00,1,TXN00087842,DR,COBAGB2X,FPS,322169.73,70.42407715461745,
2026-02-06 07:10:00,2,TXN00087843,CR,SANTGB2L,SWIFT,135301.27,29.575922845382546,
2026-02-06 07:11:00,1,TXN00087845,CR,RBOSGB2L,FPS,1667421.68,87.76303131695207,166.67018758571936
2026-02-06 07:11:00,2,TXN00087844,DR,DEUTGB2L,CHAPS,160981.86,8.47311522340359,16.09123662353845
2026-02-06 07:11:00,3,TXN00087846,CR,BARCGB22,CHAPS,71509.96,3.7638534596443476,7.14790900850425
2026-02-06 07:12:00,1,TXN00087848,DR,NTSBGB2L,CHAPS,609554.68,86.29247208402273,
2026-02-06 07:12:00,2,TXN00087849,DR,BARCGB22,CHAPS,52424.08,7.421489176213977,
2026-02-06 07:12:00,3,TXN00087847,CR,BOFAGB22,INTERNAL,44403.46,6.286038739763297,
2026-02-06 07:13:00,1,TXN00087852,DR,LOYDGB2L,FPS,1910616.33,86.23452747529703,145.17002425534264
2026-02-06 07:13:00,2,TXN00087853,CR,CHASGB2L,FPS,155040.07,6.997641005291196,11.780057758875127
2026-02-06 07:13:00,3,TXN00087850,CR,COBAGB2X,BACS,146534.56,6.613749888969368,11.133802896705046
2026-02-06 07:13:00,4,TXN00087851,DR,NTSBGB2L,FPS,3413.84,0.15408163044239656,0.25938605664689307
2026-02-06 07:14:00,1,TXN00087854,CR,BOFAGB22,SWIFT,797796.85,57.585974853741114,166.82527428237117
2026-02-06 07:14:00,2,TXN00087857,DR,COBAGB2X,INTERNAL,232278.01,16.766117393089516,48.57106508757631
2026-02-06 07:14:00,3,TXN00087858,CR,BNPAGB22,FPS,151493.77,10.935009870894374,31.67847771311763
2026-02-06 07:14:00,4,TXN00087855,DR,NWBKGB2L,CHAPS,126245.07,9.112527113172716,26.398786144050515
2026-02-06 07:14:00,5,TXN00087856,CR,BARCGB22,BACS,77587.61,5.600370769102275,16.22414818905796
2026-02-06 15:35:00,1,TXN00092126,CR,LOYDGB2L,CHAPS,183192.39,46.97692831825585,
2026-02-06 15:35:00,2,TXN00092129,CR,TSBSGB2A,BACS,119654.38,30.683562959276564,
2026-02-06 15:35:00,3,TXN00092128,DR,CHASGB2L,FPS,56082.23,14.381442911673012,
2026-02-06 15:35:00,4,TXN00092127,DR,MIDLGB22,CHAPS,31033.47,7.958065810794562,
2026-02-06 15:36:00,1,TXN00092132,DR,NTSBGB2L,SWIFT,681292.24,57.37000844189964,310.1516767835256
2026-02-06 15:36:00,2,TXN00092131,DR,MIDLGB22,SWIFT,491243.19,41.366427360637054,223.63369218323703
2026-02-06 15:36:00,3,TXN00092130,DR,CHASGB2L,CHAPS,15005.34,1.2635641974633005,6.831035330311274
2026-02-06 15:37:00,1,TXN00092133,CR,CITIGB2L,CHAPS,358138.95,83.184945687253,
2026-02-06 15:37:00,2,TXN00092134,DR,MIDLGB22,FPS,72394.42,16.815054312747,
2026-02-06 15:38:00,1,TXN00092136,DR,CHASGB2L,FPS,911661.43,38.52053726917402,65.36613648402157
2026-02-06 15:38:00,2,TXN00092139,CR,MIDLGB22,CHAPS,633420.27,26.763980919523238,45.41624166393196
2026-02-06 15:38:00,3,TXN00092138,DR,CHASGB2L,FPS,581829.89,24.584126545821313,41.717210741517555
2026-02-06 15:38:00,4,TXN00092137,CR,BOFAGB22,BACS,96873.83,4.093221294798693,6.945854881137072
2026-02-06 15:38:00,5,TXN00092135,CR,LOYDGB2L,SWIFT,84280.92,3.5611315923942004,6.042943069028272
2026-02-06 15:39:00,1,TXN00092143,DR,NTSBGB2L,BACS,1076087.82,60.11237907714269,132.19005891619918
2026-02-06 15:39:00,2,TXN00092142,DR,DEUTGB2L,FPS,370943.32,20.72162239321122,45.56786018205329
2026-02-06 15:39:00,3,TXN00092145,CR,COBAGB2X,CHAPS,206808.9,11.552751329651603,25.40506468644385
2026-02-06 15:39:00,4,TXN00092144,DR,CHASGB2L,FPS,86592.86,4.837247229221446,10.63734302384557
2026-02-06 15:39:00,5,TXN00092141,CR,NWBKGB2L,FPS,49693.92,2.77599997077302,6.104559581927885
2026-02-06 15:40:00,1,TXN00092150,DR,TSBSGB2A,CHAPS,440662.76,52.49612595407889,
2026-02-06 15:40:00,2,TXN00092147,DR,DEUTGB2L,FPS,294216.86,35.05003540660798,
2026-02-06 15:40:00,3,TXN00092149,CR,DEUTGB2L,BACS,61669.32,7.346662082864448,
2026-02-06 15:40:00,4,TXN00092148,CR,CHASGB2L,FPS,30723.29,3.660063540571689,
2026-02-06 15:40:00,5,TXN00092146,DR,CITIGB2L,CHAPS,12147.35,1.4471130158769945,
2026-02-06 15:41:00,1,TXN00092151,CR,SANTGB2L,SWIFT,331807.85,40.5922062140989,
2026-02-06 15:41:00,2,TXN00092153,CR,DEUTGB2L,FPS,311388.58,38.094184486821014,
2026-02-06 15:41:00,3,TXN00092155,CR,HSBCGB2L,CHAPS,70164.47,8.58367466334192,
2026-02-06 15:41:00,4,TXN00092152,CR,MIDLGB22,CHAPS,60340.32,7.381822679797107,
2026-02-06 15:41:00,5,TXN00092154,DR,DEUTGB2L,CHAPS,43716.41,5.348111955941053,
2026-02-06 15:42:00,1,TXN00092160,DR,RBOSGB2L,CHAPS,288841.5,51.56380567401358,
2026-02-06 15:42:00,2,TXN00092159,DR,SANTGB2L,CHAPS,152618.84,27.245420785979057,
2026-02-06 15:42:00,3,TXN00092157,DR,COBAGB2X,CHAPS,97536.77,17.41220376694816,
2026-02-06 15:42:00,4,TXN00092156,DR,MIDLGB22,FPS,10956.93,1.9560243569700668,
2026-02-06 15:42:00,5,TXN00092158,CR,LOYDGB2L,CHAPS,10209.23,1.8225454160891341,
2026-02-06 15:43:00,1,TXN00092162,DR,BOFAGB22,CHAPS,2863171.18,80.03054574631257,109.88493126267687
2026-02-06 15:43:00,2,TXN00092161,CR,SANTGB2L,BACS,416600.12,11.644687958049126,15.988591904666675
2026-02-06 15:43:00,3,TXN00092163,CR,BARCGB22,CHAPS,297826.67,8.324766295638298,11.430215346447412
2026-02-06 15:44:00,1,TXN00092165,CR,MIDLGB22,BACS,508164.9,50.18948084610653,1395.598506773018
2026-02-06 15:44:00,2,TXN00092164,DR,RBOSGB2L,FPS,127931.36,12.635285401129355,351.344248659129
2026-02-06 15:44:00,3,TXN00092166,CR,LOYDGB2L,CHAPS,127170.07,12.560095733615261,349.2534801168286
2026-02-06 15:44:00,4,TXN00092168,CR,MIDLGB22,CHAPS,106986.48,10.56664064903412,293.8222843271965
2026-02-06 15:44:00,5,TXN00092169,DR,RBOSGB2L,CHAPS,55140.04,5.445968388280158,151.43383080453705
2026-02-06 15:45:00,1,TXN00092174,DR,CHASGB2L,INTERNAL,338506.43,50.171115826365345,
2026-02-06 15:45:00,2,TXN00092175,DR,SANTGB2L,FPS,159145.31,23.5874331286198,
2026-02-06 15:45:00,3,TXN00092173,DR,SANTGB2L,BACS,115205.61,17.074990283514182,
2026-02-06 15:45:00,4,TXN00092172,DR,COBAGB2X,CHAPS,61846.46,9.166460761500664,
2026-02-06 15:46:00,1,TXN00092176,DR,HSBCGB2L,CHAPS,10405.96,100.0,
2026-02-06 15:47:00,1,TXN00092178,DR,SANTGB2L,CHAPS,165779.12,95.72833841792982,
2026-02-06 15:47:00,2,TXN00092177,CR,BARCGB22,CHAPS,7397.52,4.271661582070192,
2026-02-06 15:48:00,1,TXN00092180,CR,CHASGB2L,CHAPS,111280.43,30.44681263624301,
2026-02-06 15:48:00,2,TXN00092182,DR,BOFAGB22,CHAPS,102302.45,27.990398018578997,
2026-02-06 15:48:00,3,TXN00092185,DR,NTSBGB2L,FPS,62840.44,17.19341938792895,
2026-02-06 15:48:00,4,TXN00092179,DR,HSBCGB2L,SWIFT,36720.44,10.046873080921806,
2026-02-06 15:48:00,5,TXN00092184,DR,COBAGB2X,FPS,21288.89,5.824733468980911,
2026-02-06 15:49:00,1,TXN00092189,DR,MIDLGB22,BACS,505789.63,44.520035091097746,538.2753118557492
2026-02-06 15:49:00,2,TXN00092188,DR,HSBCGB2L,CHAPS,329222.75,28.978467555350434,350.3679552035445
2026-02-06 15:49:00,3,TXN00092186,CR,TSBSGB2A,BACS,236613.03,20.826880927967945,251.81013005818988
2026-02-06 15:49:00,4,TXN00092187,CR,HSBCGB2L,CHAPS,64469.0,5.674616425583856,68.60969268988036
2026-02-06 15:50:00,1,TXN00092190,CR,MIDLGB22,INTERNAL,307752.51,37.8497011755105,
2026-02-06 15:50:00,2,TXN00092191,CR,RBOSGB2L,CHAPS,264785.75,32.56532826664332,
2026-02-06 15:50:00,3,TXN00092194,DR,LOYDGB2L,CHAPS,134510.52,16.543107924489483,
2026-02-06 15:50:00,4,TXN00092192,CR,CITIGB2L,CHAPS,99587.96,12.248070784796177,
2026-02-06 15:50:00,5,TXN00092193,CR,CHASGB2L,SWIFT,6454.25,0.793791848560516,
2026-02-06 15:51:00,1,TXN00092196,CR,TSBSGB2A,SWIFT,864594.79,36.004324059591866,63.83889465510722
2026-02-06 15:51:00,2,TXN00092199,DR,MIDLGB22,FPS,496350.32,20.66951822409446,36.648909011478956
2026-02-06 15:51:00,3,TXN00092201,CR,TSBSGB2A,CHAPS,316958.18,13.199090670044923,23.40317117003968
2026-02-06 15:51:00,4,TXN00092200,CR,CITIGB2L,CHAPS,267102.17,11.122936659958588,19.721963965085354
2026-02-06 15:51:00,5,TXN00092202,DR,RBOSGB2L,FPS,201439.54,8.388547514350762,14.873646848407745
2026-02-06 15:52:00,1,TXN00092203,CR,DEUTGB2L,CHAPS,465907.87,84.43080409930634,
2026-02-06 15:52:00,2,TXN00092204,DR,CITIGB2L,CHAPS,85914.27,15.569195900693654,
2026-02-06 15:53:00,1,TXN00092208,CR,BARCGB22,INTERNAL,393070.67,39.65940151969499,
2026-02-06 15:53:00,2,TXN00092206,CR,BOFAGB22,CHAPS,347078.37,35.018945663463676,
2026-02-06 15:53:00,3,TXN00092207,DR,NWBKGB2L,SWIFT,163262.11,16.47255332849589,
2026-02-06 15:53:00,4,TXN00092209,DR,MIDLGB22,BACS,35810.43,3.6131421913594597,
2026-02-06 15:53:00,5,TXN00092205,CR,RBOSGB2L,CHAPS,28941.37,2.92007901113572,
2026-02-06 15:54:00,1,TXN00092217,DR,TSBSGB2A,CHAPS,576462.96,46.686283778583075,291.5586574480519
2026-02-06 15:54:00,2,TXN00092216,DR,LOYDGB2L,CHAPS,289942.33,23.481699323411135,146.64462825531763
2026-02-06 15:54:00,3,TXN00092214,CR,BOFAGB22,SWIFT,208981.78,16.92490821202704,105.6970723806854
2026-02-06 15:54:00,4,TXN00092211,DR,DEUTGB2L,CHAPS,84133.97,6.81379840751398,42.55258193687705
2026-02-06 15:54:00,5,TXN00092215,CR,COBAGB2X,CHAPS,31948.88,2.5874593540023754,16.15883969330643
2026-02-09 09:04:00,1,TXN00094453,DR,LOYDGB2L,CHAPS,15910092.75,86.24114706314391,101.59098639854984
2026-02-09 09:04:00,2,TXN00094456,CR,TSBSGB2A,CHAPS,379014.08,2.0544574771433806,2.4201250647101906
2026-02-09 09:04:00,3,TXN00094445,CR,NTSBGB2L,CHAPS,220191.67,1.1935557191864423,1.4059936232643255
2026-02-09 09:04:00,4,TXN00094447,DR,DEUTGB2L,FPS,214721.03,1.1639019468179868,1.371061852434054
2026-02-09 09:04:00,5,TXN00094455,CR,LOYDGB2L,BACS,197426.86,1.0701583664541945,1.2606330939817056
2026-02-09 11:19:00,1,TXN00096073,DR,CITIGB2L,FPS,13489902.31,91.3333179534766,101.577072827662
2026-02-09 11:19:00,2,TXN00096069,DR,TSBSGB2A,CHAPS,329357.19,2.2299112523768603,2.4800134579287483
2026-02-09 11:19:00,3,TXN00096072,DR,RBOSGB2L,CHAPS,205504.88,1.391369790136831,1.5474229303147518
2026-02-09 11:19:00,4,TXN00096068,DR,NTSBGB2L,CHAPS,189078.67,1.2801562152550885,1.4237358723131828
2026-02-09 11:19:00,5,TXN00096062,DR,MIDLGB22,INTERNAL,149925.39,1.0150691235190257,1.1289171640224893
2026-02-10 07:04:00,1,TXN00099646,CR,BARCGB22,FPS,1327671.43,87.28466538864231,213.589188801598
2026-02-10 07:04:00,2,TXN00099645,DR,COBAGB2X,CHAPS,144831.99,9.521641800126096,23.29985157293108
2026-02-10 07:04:00,3,TXN00099644,CR,DEUTGB2L,BACS,48578.69,3.1936928112316045,7.815098491758839
2026-02-10 07:05:00,1,TXN00099648,DR,SANTGB2L,CHAPS,916667.97,54.87161332759357,120.07853762395864
2026-02-10 07:05:00,2,TXN00099650,DR,LOYDGB2L,FPS,290066.43,17.363334933886136,37.99713076939119
2026-02-10 07:05:00,3,TXN00099652,DR,COBAGB2X,INTERNAL,168712.98,10.099134806582178,22.100486304305125
2026-02-10 07:05:00,4,TXN00099651,DR,TSBSGB2A,FPS,160928.6,9.633162935267581,21.08077469955778
2026-02-10 07:05:00,5,TXN00099649,CR,MIDLGB22,SWIFT,104210.89,6.238048942197018,13.651061982335015
2026-02-10 07:06:00,1,TXN00099654,CR,CITIGB2L,CHAPS,671670.32,61.24379712747243,383.63408509031063
2026-02-10 07:06:00,2,TXN00099653,CR,LOYDGB2L,FPS,249541.43,22.753520974128147,142.52914761839975
2026-02-10 07:06:00,3,TXN00099656,DR,BNPAGB22,BACS,162258.71,14.7949659550319,92.6763769445463
2026-02-10 07:06:00,4,TXN00099655,DR,BARCGB22,SWIFT,13245.21,1.2077159433675275,7.565190643199827
2026-02-10 10:11:00,1,TXN00101343,CR,TSBSGB2A,FPS,20534772.42,88.3972445642857,100.03310775165427
2026-02-10 10:11:00,2,TXN00101341,DR,LOYDGB2L,CHAPS,576864.63,2.4832631565437224,2.8101388469591897
2026-02-10 10:11:00,3,TXN00101347,DR,BNPAGB22,SWIFT,552582.24,2.3787333218061937,2.6918495917555667
2026-02-10 10:11:00,4,TXN00101342,CR,BOFAGB22,SWIFT,458532.93,1.973873716492276,2.233697703398835
2026-02-10 10:11:00,5,TXN00101349,CR,BOFAGB22,CHAPS,335802.25,1.445547728085676,1.6358273649422768
2026-02-10 13:40:00,1,TXN00103087,DR,BNPAGB22,CHAPS,11051058.54,85.67300792750369,103.06521962156094
2026-02-10 13:40:00,2,TXN00103092,DR,DEUTGB2L,INTERNAL,472881.58,3.6660006103008547,4.410224027072319
2026-02-10 13:40:00,3,TXN00103089,CR,TSBSGB2A,FPS,374800.97,2.905633551557141,3.495497209394393
2026-02-10 13:40:00,4,TXN00103086,DR,NTSBGB2L,CHAPS,347001.03,2.6901153302588465,3.236227302245189
2026-02-10 13:40:00,5,TXN00103084,DR,BOFAGB22,SWIFT,251848.78,1.9524502967181037,2.348811177514782
2026-02-10 14:37:00,1,TXN00103582,DR,DEUTGB2L,CHAPS,30290710.26,99.41146553116435,105.12945766192098
2026-02-10 14:37:00,2,TXN00103581,DR,LOYDGB2L,SWIFT,68694.58,0.22544961188532436,0.23841712121389666
2026-02-10 14:37:00,3,TXN00103580,CR,BARCGB22,CHAPS,66706.16,0.2189237911107448,0.23151594542733336
2026-02-10 14:37:00,4,TXN00103583,DR,COBAGB2X,BACS,43925.93,0.1441610658395746,0.15245298504253377
2026-02-11 07:49:00,1,TXN00105400,DR,NWBKGB2L,BACS,361995.49,49.017703451630005,
2026-02-11 07:49:00,2,TXN00105401,CR,LOYDGB2L,SWIFT,148378.69,20.091915026237864,
2026-02-11 07:49:00,3,TXN00105398,CR,COBAGB2X,CHAPS,93032.66,12.597525287390518,
2026-02-11 07:49:00,4,TXN00105396,CR,NTSBGB2L,BACS,50603.49,6.852203784189479,
2026-02-11 07:49:00,5,TXN00105397,DR,BNPAGB22,CHAPS,47500.47,6.43202475332786,
2026-02-11 07:50:00,1,TXN00105403,DR,DEUTGB2L,FPS,221291.76,27.67599678476236,
2026-02-11 07:50:00,2,TXN00105405,CR,DEUTGB2L,FPS,206144.57,25.781603691507627,
2026-02-11 07:50:00,3,TXN00105407,CR,NTSBGB2L,INTERNAL,166577.58,20.833132550861787,
2026-02-11 07:50:00,4,TXN00105406,CR,BARCGB22,CHAPS,153303.33,19.172979907491193,
2026-02-11 07:50:00,5,TXN00105404,DR,BARCGB22,CHAPS,36281.41,4.537557957452393,
2026-02-11 07:51:00,1,TXN00105408,CR,HSBCGB2L,BACS,331170.2,33.00426982330154,
2026-02-11 07:51:00,2,TXN00105414,DR,CHASGB2L,CHAPS,154587.36,15.406105201228407,
2026-02-11 07:51:00,3,TXN00105410,CR,TSBSGB2A,SWIFT,150082.34,14.957136979935036,
2026-02-11 07:51:00,4,TXN00105411,DR,BARCGB22,FPS,134635.25,13.417687094816078,
2026-02-11 07:51:00,5,TXN00105409,DR,BARCGB22,BACS,103059.05,10.27081752504641,
2026-02-11 07:52:00,1,TXN00105418,DR,RBOSGB2L,SWIFT,943703.51,49.100978578291006,226.1945559503623
2026-02-11 07:52:00,2,TXN00105417,DR,DEUTGB2L,CHAPS,276502.93,14.38647233892846,66.2744779558191
2026-02-11 07:52:00,3,TXN00105425,DR,BARCGB22,CHAPS,131445.61,6.839126921145385,31.505956129774802
2026-02-11 07:52:00,4,TXN00105420,CR,COBAGB2X,CHAPS,129483.87,6.737057412347886,31.035750282823933
2026-02-11 07:52:00,5,TXN00105422,DR,BARCGB22,SWIFT,124606.6,6.483292615191901,29.866726420763673
2026-02-11 12:38:00,1,TXN00107867,DR,NWBKGB2L,CHAPS,465389.17,25.51393435876152,
2026-02-11 12:38:00,2,TXN00107870,DR,BNPAGB22,CHAPS,413673.64,22.67874453741574,
2026-02-11 12:38:00,3,TXN00107872,CR,TSBSGB2A,SWIFT,312125.79,17.111607727649922,
2026-02-11 12:38:00,4,TXN00107869,CR,BOFAGB22,CHAPS,204784.11,11.226836972285795,
2026-02-11 12:38:00,5,TXN00107874,DR,BARCGB22,FPS,164568.5,9.02210489023594,
2026-02-11 12:39:00,1,TXN00107880,DR,TSBSGB2A,CHAPS,2501375.31,64.55825249352388,128.3963622128894
2026-02-11 12:39:00,2,TXN00107876,DR,CHASGB2L,SWIFT,528487.22,13.639780984469901,27.127411169658885
2026-02-11 12:39:00,3,TXN00107877,CR,DEUTGB2L,FPS,299064.49,7.718586163412218,15.351072040066244
2026-02-11 12:39:00,4,TXN00107879,CR,DEUTGB2L,FPS,212605.86,5.487166494612433,10.913124032212044
2026-02-11 12:39:00,5,TXN00107878,CR,RBOSGB2L,BACS,191494.1,4.942290910683096,9.82945091323831
2026-02-11 12:40:00,1,TXN00107883,DR,BARCGB22,FPS,1471369.91,73.29194118602425,1814.0088438764797
2026-02-11 12:40:00,2,TXN00107885,CR,BOFAGB22,CHAPS,206131.81,10.26784657781178,254.13386790291653
2026-02-11 12:40:00,3,TXN00107886,DR,BNPAGB22,FPS,165607.45,8.24924541604052,204.17257201612335
2026-02-11 12:40:00,4,TXN00107884,CR,BARCGB22,INTERNAL,112906.73,5.624114886695161,139.19939871080675
2026-02-11 12:40:00,5,TXN00107882,DR,TSBSGB2A,CHAPS,51530.75,2.5668519334282967,63.530751578022894
2026-02-11 12:41:00,1,TXN00107889,DR,NWBKGB2L,CHAPS,1335628.35,55.651393189055725,282.04249301868595
2026-02-11 12:41:00,2,TXN00107891,DR,MIDLGB22,BACS,658746.05,27.447856613920603,139.10634512079048
2026-02-11 12:41:00,3,TXN00107887,CR,NTSBGB2L,SWIFT,195604.75,8.15022895545527,41.30554082376044
2026-02-11 12:41:00,4,TXN00107890,DR,NTSBGB2L,CHAPS,150111.99,6.254690069944682,31.698907777448753
2026-02-11 12:41:00,5,TXN00107888,DR,DEUTGB2L,SWIFT,59899.72,2.4958311716237116,12.648927645120171
2026-02-11 12:42:00,1,TXN00107892,CR,BNPAGB22,CHAPS,487851.43,33.66359022997081,
2026-02-11 12:42:00,2,TXN00107897,DR,HSBCGB2L,CHAPS,226027.35,15.596740366562404,
2026-02-11 12:42:00,3,TXN00107894,DR,RBOSGB2L,INTERNAL,201056.57,13.873662285920618,
2026-02-11 12:42:00,4,TXN00107898,DR,SANTGB2L,CHAPS,148839.76,10.270505285937565,
2026-02-11 12:42:00,5,TXN00107899,CR,BOFAGB22,SWIFT,123763.16,8.540125225842454,
2026-02-11 12:43:00,1,TXN00107901,CR,RBOSGB2L,SWIFT,581082.65,36.55660139957771,
2026-02-11 12:43:00,2,TXN00107907,DR,RBOSGB2L,BACS,326778.16,20.558003136399662,
2026-02-11 12:43:00,3,TXN00107903,CR,HSBCGB2L,FPS,240284.26,15.116568900159889,
2026-02-11 12:43:00,4,TXN00107905,CR,NWBKGB2L,SWIFT,138626.03,8.721128607635938,
2026-02-11 12:43:00,5,TXN00107904,CR,TSBSGB2A,FPS,126341.98,7.948324395666295,
2026-02-11 15:18:00,1,TXN00109050,DR,SANTGB2L,INTERNAL,1005940.24,39.93529446889396,76.2957371602516
2026-02-11 15:18:00,2,TXN00109047,CR,BOFAGB22,FPS,672515.46,26.698507388454484,51.00706854352074
2026-02-11 15:18:00,3,TXN00109051,DR,HSBCGB2L,BACS,489479.17,19.43206366845391,37.12464479971306
2026-02-11 15:18:00,4,TXN00109049,CR,NTSBGB2L,CHAPS,269473.9,10.697971032733799,20.43830143025984
2026-02-11 15:18:00,5,TXN00109048,CR,LOYDGB2L,FPS,69411.0,2.7555799183263594,5.264491071587139
2026-02-11 15:19:00,1,TXN00109055,DR,NWBKGB2L,FPS,118393.9,23.516225502189645,
2026-02-11 15:19:00,2,TXN00109053,CR,NTSBGB2L,CHAPS,104249.12,20.706690246075418,
2026-02-11 15:19:00,3,TXN00109056,DR,RBOSGB2L,CHAPS,83159.55,16.517732167456387,
2026-02-11 15:19:00,4,TXN00109057,DR,COBAGB2X,CHAPS,72247.91,14.350385819048974,
2026-02-11 15:19:00,5,TXN00109058,CR,NTSBGB2L,FPS,66993.44,13.3067061918512,
2026-02-11 15:20:00,1,TXN00109063,DR,BARCGB22,CHAPS,2775824.73,71.6452044112931,103.80974885437234
2026-02-11 15:20:00,2,TXN00109059,CR,TSBSGB2A,CHAPS,343709.33,8.871282447980278,12.85397411464253
2026-02-11 15:20:00,3,TXN00109065,DR,RBOSGB2L,FPS,341686.08,8.819061514050798,12.778309007944813
2026-02-11 15:20:00,4,TXN00109064,DR,SANTGB2L,SWIFT,166719.51,4.303100712450466,6.234943537744193
2026-02-11 15:20:00,5,TXN00109062,DR,BOFAGB22,SWIFT,100389.11,2.591085175113988,3.7543322473440024
2026-02-11 15:21:00,1,TXN00109070,DR,TSBSGB2A,CHAPS,2349441.97,71.14014464421886,112.78719359006253
2026-02-11 15:21:00,2,TXN00109067,DR,BARCGB22,FPS,244881.11,7.414900137344899,11.755750307005622
2026-02-11 15:21:00,3,TXN00109069,CR,BNPAGB22,CHAPS,217970.32,6.6000523915671225,10.463872269519333
2026-02-11 15:21:00,4,TXN00109073,DR,LOYDGB2L,CHAPS,161691.21,4.895943893902078,7.762140132399802
2026-02-11 15:21:00,5,TXN00109066,CR,BARCGB22,CHAPS,129876.08,3.9325947331332216,6.2348245944029195
2026-02-11 15:22:00,1,TXN00109076,CR,DEUTGB2L,BACS,32842.14,38.51468710673514,
2026-02-11 15:22:00,2,TXN00109074,DR,BNPAGB22,SWIFT,28265.85,33.14797295657072,
2026-02-11 15:22:00,3,TXN00109075,DR,CHASGB2L,CHAPS,24163.74,28.337339936694143,
2026-02-11 15:23:00,1,TXN00109077,CR,NTSBGB2L,SWIFT,459621.29,63.96416441474575,
2026-02-11 15:23:00,2,TXN00109078,CR,BNPAGB22,INTERNAL,179913.31,25.03801453853698,
2026-02-11 15:23:00,3,TXN00109079,CR,BARCGB22,CHAPS,50979.0,7.094599855675362,
2026-02-11 15:23:00,4,TXN00109080,DR,DEUTGB2L,CHAPS,28047.01,3.9032211910419083,
2026-02-11 15:24:00,1,TXN00109081,DR,LOYDGB2L,BACS,107240.48,100.0,
2026-02-11 15:25:00,1,TXN00109082,DR,HSBCGB2L,BACS,1188422.49,58.53475956194289,139.8573398590206
2026-02-11 15:25:00,2,TXN00109087,CR,COBAGB2X,SWIFT,310548.07,15.295786441970996,36.54628495675214
2026-02-11 15:25:00,3,TXN00109084,DR,BOFAGB22,CHAPS,203528.4,10.02462176395445,23.951869683787866
2026-02-11 15:25:00,4,TXN00109088,CR,RBOSGB2L,CHAPS,111156.8,5.474935569146772,13.081285894582138
2026-02-11 15:25:00,5,TXN00109083,DR,LOYDGB2L,CHAPS,91946.17,4.528731994622154,10.820517833203649
2026-02-11 15:26:00,1,TXN00109092,DR,BOFAGB22,CHAPS,526100.26,62.77632172819155,
2026-02-11 15:26:00,2,TXN00109090,DR,RBOSGB2L,BACS,216986.09,25.891621107319594,
2026-02-11 15:26:00,3,TXN00109089,CR,CHASGB2L,CHAPS,79286.91,9.460821347995852,
2026-02-11 15:26:00,4,TXN00109091,CR,DEUTGB2L,CHAPS,15681.99,1.8712358164930056,
2026-02-11 15:27:00,1,TXN00109097,DR,BNPAGB22,SWIFT,1462006.54,69.77348768515144,155.77666335977224
2026-02-11 15:27:00,2,TXN00109095,DR,NWBKGB2L,FPS,374480.84,17.871899723557437,39.900899312916025
2026-02-11 15:27:00,3,TXN00109098,DR,BARCGB22,CHAPS,114537.62,5.4662472430229725,12.203972954026263
2026-02-11 15:27:00,4,TXN00109094,CR,BARCGB22,SWIFT,56398.27,2.6915775611433626,6.00923051949107
2026-02-11 15:27:00,5,TXN00109096,CR,BARCGB22,SWIFT,49673.95,2.3706629510684873,5.29275483740323
2026-02-11 15:28:00,1,TXN00109099,DR,NWBKGB2L,CHAPS,575342.79,35.537613089439944,124.49675514561739
2026-02-11 15:28:00,2,TXN00109103,DR,BARCGB22,SWIFT,313103.04,19.33966130460666,67.7514573637543
2026-02-11 15:28:00,3,TXN00109104,CR,LOYDGB2L,CHAPS,210539.94,13.004572330860181,45.55812606698865
2026-02-11 15:28:00,4,TXN00109106,CR,BNPAGB22,CHAPS,196995.96,12.167991549286274,42.62738357561731
2026-02-11 15:28:00,5,TXN00109100,DR,MIDLGB22,SWIFT,111714.58,6.900355039626525,24.173593471911737
2026-02-11 15:29:00,1,TXN00109107,DR,LOYDGB2L,CHAPS,180650.23,66.35842577370464,
2026-02-11 15:29:00,2,TXN00109108,DR,CHASGB2L,FPS,91583.82,33.64157422629535,
2026-02-11 15:30:00,1,TXN00109110,CR,MIDLGB22,CHAPS,168652.88,79.9400343852406,
2026-02-11 15:30:00,2,TXN00109109,CR,LOYDGB2L,SWIFT,42321.36,20.059965614759413,
2026-02-11 15:31:00,1,TXN00109115,CR,NWBKGB2L,CHAPS,298352.33,39.06471181662754,
2026-02-11 15:31:00,2,TXN00109114,DR,SANTGB2L,CHAPS,172082.42,22.531582528642776,
2026-02-11 15:31:00,3,TXN00109112,DR,HSBCGB2L,CHAPS,149772.12,19.61038717534185,
2026-02-11 15:31:00,4,TXN00109111,CR,BARCGB22,CHAPS,122693.33,16.06483039121023,
2026-02-11 15:31:00,5,TXN00109113,CR,DEUTGB2L,FPS,20838.52,2.72848808817759,
2026-02-11 15:32:00,1,TXN00109120,DR,NWBKGB2L,SWIFT,201264.51,31.038039066617664,
2026-02-11 15:32:00,2,TXN00109117,CR,TSBSGB2A,SWIFT,179305.06,27.651558921750407,
2026-02-11 15:32:00,3,TXN00109116,CR,CHASGB2L,CHAPS,162034.59,24.988190588412113,
2026-02-11 15:32:00,4,TXN00109119,DR,BARCGB22,FPS,58081.47,8.957043320288221,
2026-02-11 15:32:00,5,TXN00109118,DR,NTSBGB2L,BACS,47759.04,7.365168102931588,
2026-02-11 15:33:00,1,TXN00109121,DR,BOFAGB22,CHAPS,448680.64,54.14149572775964,
2026-02-11 15:33:00,2,TXN00109122,DR,SANTGB2L,CHAPS,166604.14,20.10382559416219,
2026-02-11 15:33:00,3,TXN00109123,DR,BOFAGB22,CHAPS,114825.17,13.855749271896988,
2026-02-11 15:33:00,4,TXN00109124,CR,BARCGB22,CHAPS,84800.03,10.23266896908877,
2026-02-11 15:33:00,5,TXN00109125,CR,NTSBGB2L,CHAPS,13808.61,1.666260437092403,
2026-02-11 15:34:00,1,TXN00109126,CR,BNPAGB22,CHAPS,102838.52,30.884499259980647,
2026-02-11 15:34:00,2,TXN00109127,DR,RBOSGB2L,FPS,92970.0,27.92078198130818,
2026-02-11 15:34:00,3,TXN00109128,CR,MIDLGB22,CHAPS,70467.88,21.162937659083436,
2026-02-11 15:34:00,4,TXN00109129,DR,NTSBGB2L,FPS,66701.38,20.03178109962773,
2026-02-11 15:35:00,1,TXN00109131,DR,RBOSGB2L,FPS,2089156.75,86.28155751760357,147.5943439203677
2026-02-11 15:35:00,2,TXN00109130,DR,DEUTGB2L,CHAPS,188667.14,7.791897229153229,13.328919789112119
2026-02-11 15:35:00,3,TXN00109132,DR,RBOSGB2L,FPS,113659.89,4.6941199297178136,8.029822029683105
2026-02-11 15:35:00,4,TXN00109133,CR,SANTGB2L,FPS,29841.02,1.232425323525369,2.1082026366928046
2026-02-11 15:36:00,1,TXN00109134,DR,MIDLGB22,FPS,256156.67,49.38129251700024,
2026-02-11 15:36:00,2,TXN00109135,CR,BOFAGB22,CHAPS,196816.91,37.941910335585284,
2026-02-11 15:36:00,3,TXN00109136,CR,BARCGB22,FPS,65758.63,12.67679714741446,
2026-02-11 15:37:00,1,TXN00109143,DR,CITIGB2L,CHAPS,519801.68,53.16181914534399,
2026-02-11 15:37:00,2,TXN00109138,DR,HSBCGB2L,FPS,139284.67,14.245099085210576,
2026-02-11 15:37:00,3,TXN00109142,CR,CITIGB2L,FPS,126362.81,12.923538169244594,
2026-02-11 15:37:00,4,TXN00109137,CR,CHASGB2L,CHAPS,78574.06,8.036026292249396,
2026-02-11 15:37:00,5,TXN00109139,DR,NTSBGB2L,CHAPS,54432.45,5.566984821091728,
2026-02-11 15:38:00,1,TXN00109144,CR,MIDLGB22,CHAPS,226244.49,50.11502814295941,
2026-02-11 15:38:00,2,TXN00109146,CR,MIDLGB22,FPS,116359.43,25.774577357215264,
2026-02-11 15:38:00,3,TXN00109147,CR,NTSBGB2L,BACS,73546.3,16.291114512050818,
2026-02-11 15:38:00,4,TXN00109145,DR,CHASGB2L,CHAPS,35300.17,7.819279987774515,
2026-02-11 15:57:00,1,TXN00109232,DR,HSBCGB2L,INTERNAL,651434.6,48.77314430064344,155.56256376769184
2026-02-11 15:57:00,2,TXN00109231,CR,SANTGB2L,INTERNAL,254981.22,19.090536236506487,60.88950801172345
2026-02-11 15:57:00,3,TXN00109227,CR,NWBKGB2L,BACS,143528.28,10.74601427628062,34.274549141183364
2026-02-11 15:57:00,4,TXN00109229,CR,DEUTGB2L,SWIFT,82915.4,6.2079060107423985,19.800195138274315
2026-02-11 15:57:00,5,TXN00109234,DR,NWBKGB2L,SWIFT,61518.32,4.605898886078754,14.690573048900491
2026-02-11 15:58:00,1,TXN00109235,DR,MIDLGB22,CHAPS,652304.05,67.46029911584742,1302.9505024340822
2026-02-11 15:58:00,2,TXN00109237,DR,MIDLGB22,FPS,163491.38,16.908031458125507,326.5673051004994
2026-02-11 15:58:00,3,TXN00109238,DR,BARCGB22,CHAPS,64871.37,6.708899054443722,129.57789260251755
2026-02-11 15:58:00,4,TXN00109239,CR,TSBSGB2A,INTERNAL,46720.41,4.831754200230749,93.32209677898874
2026-02-11 15:58:00,5,TXN00109236,DR,MIDLGB22,SWIFT,39557.88,4.091016171352604,79.01523778861578
2026-02-11 15:59:00,1,TXN00109241,DR,RBOSGB2L,CHAPS,867017.8,45.773237900221005,88.71768631264041
2026-02-11 15:59:00,2,TXN00109240,DR,CHASGB2L,CHAPS,748684.47,39.52596170172155,76.60921604678178
2026-02-11 15:59:00,3,TXN00109243,CR,HSBCGB2L,CHAPS,263525.19,13.912518537186827,26.965242399751148
2026-02-11 15:59:00,4,TXN00109242,CR,CITIGB2L,CHAPS,14931.31,0.7882818608706175,1.5278478444350172
2026-02-11 16:00:00,1,TXN00109249,DR,NWBKGB2L,FPS,1359924.71,63.78447426866195,124.64779557498035
2026-02-11 16:00:00,2,TXN00109245,DR,CHASGB2L,BACS,353214.68,16.566808810889,32.37490348029789
2026-02-11 16:00:00,3,TXN00109247,DR,RBOSGB2L,FPS,210182.36,9.858171731541406,19.264866393042396
2026-02-11 16:00:00,4,TXN00109246,DR,CHASGB2L,CHAPS,123092.31,5.773391881279339,11.28237834117457
2026-02-11 16:00:00,5,TXN00109248,CR,BOFAGB22,CHAPS,80187.14,3.7610130402054347,7.349782058495231
2026-02-11 16:01:00,1,TXN00109254,DR,DEUTGB2L,BACS,667801.88,44.622138980064925,149.76663460193043
2026-02-11 16:01:00,2,TXN00109251,DR,MIDLGB22,CHAPS,377269.38,25.208923801297065,84.60947336799477
2026-02-11 16:01:00,3,TXN00109252,DR,CHASGB2L,FPS,221560.93,14.80457439115391,49.68904077564724
2026-02-11 16:01:00,4,TXN00109253,DR,COBAGB2X,CHAPS,124865.74,8.343457200402987,28.00339773958056
2026-02-11 16:01:00,5,TXN00109250,CR,CHASGB2L,CHAPS,90085.56,6.019465501380406,20.203314113806147
2026-02-11 16:02:00,1,TXN00109256,DR,SANTGB2L,INTERNAL,42223.75,100.0,
2026-02-11 16:03:00,1,TXN00109258,DR,NTSBGB2L,SWIFT,629094.17,44.7694188459978,177.453825291117
2026-02-11 16:03:00,2,TXN00109261,CR,RBOSGB2L,CHAPS,565684.19,40.256854449420494,159.5672447929489
2026-02-11 16:03:00,3,TXN00109259,DR,RBOSGB2L,FPS,85040.44,6.051893752580706,23.988064270949636
2026-02-11 16:03:00,4,TXN00109260,CR,MIDLGB22,CHAPS,70102.14,4.988811242140069,19.774293734264656
2026-02-11 16:03:00,5,TXN00109262,CR,RBOSGB2L,BACS,32098.6,2.2842934115414626,9.054319095803173
2026-02-11 16:04:00,1,TXN00109265,DR,BARCGB22,FPS,342468.96,50.87647536952816,
2026-02-11 16:04:00,2,TXN00109263,DR,DEUTGB2L,INTERNAL,195776.67,29.084174312274147,
2026-02-11 16:04:00,3,TXN00109264,DR,TSBSGB2A,SWIFT,97585.81,14.497144672265932,
2026-02-11 16:04:00,4,TXN00109266,CR,BNPAGB22,CHAPS,37306.7,5.542205645931754,
2026-02-11 16:06:00,1,TXN00109268,CR,NWBKGB2L,CHAPS,211048.48,43.263561753465005,
2026-02-11 16:06:00,2,TXN00109269,DR,TSBSGB2A,CHAPS,185981.5,38.12499436267938,
2026-02-11 16:06:00,3,TXN00109267,DR,CITIGB2L,CHAPS,90790.42,18.611443883855614,
2026-02-11 16:07:00,1,TXN00109270,DR,RBOSGB2L,BACS,179341.73,49.42695573100079,
2026-02-11 16:07:00,2,TXN00109272,DR,NWBKGB2L,CHAPS,115991.25,31.967430998538074,
2026-02-11 16:07:00,3,TXN00109271,CR,RBOSGB2L,FPS,67508.97,18.60561327046115,
2026-02-11 16:08:00,1,TXN00109274,CR,HSBCGB2L,SWIFT,96720.92,34.549130632549556,
2026-02-11 16:08:00,2,TXN00109275,CR,CHASGB2L,FPS,93238.45,33.30517729800792,
2026-02-11 16:08:00,3,TXN00109273,DR,COBAGB2X,CHAPS,63209.01,22.578531548750068,
2026-02-11 16:08:00,4,TXN00109276,CR,HSBCGB2L,FPS,26783.44,9.567160520692454,
2026-02-11 16:09:00,1,TXN00109277,CR,HSBCGB2L,SWIFT,450434.82,68.2227087813605,
2026-02-11 16:09:00,2,TXN00109278,CR,CITIGB2L,CHAPS,131000.88,19.841349934585324,
2026-02-11 16:09:00,3,TXN00109279,CR,BOFAGB22,BACS,78806.07,11.935941284054174,
2026-02-11 16:10:00,1,TXN00109282,DR,CHASGB2L,INTERNAL,636037.56,65.25030972062022,
2026-02-11 16:10:00,2,TXN00109281,CR,BARCGB22,CHAPS,120907.62,12.403763784929705,
2026-02-11 16:10:00,3,TXN00109285,DR,LOYDGB2L,CHAPS,108058.02,11.085539150859224,
2026-02-11 16:10:00,4,TXN00109280,DR,MIDLGB22,FPS,51004.28,5.23246625101391,
2026-02-11 16:10:00,5,TXN00109284,CR,SANTGB2L,CHAPS,45348.93,4.652290861562838,
2026-02-11 16:11:00,1,TXN00109287,CR,CHASGB2L,BACS,363844.77,33.54412332577178,373.8043626588004
2026-02-11 16:11:00,2,TXN00109289,CR,CITIGB2L,SWIFT,319733.24,29.477326921336772,328.4853592894389
2026-02-11 16:11:00,3,TXN00109291,CR,CITIGB2L,CHAPS,138083.48,12.730399511780096,141.86326557644134
2026-02-11 16:11:00,4,TXN00109286,CR,MIDLGB22,CHAPS,131483.8,12.121951904217589,135.08293127026994
2026-02-11 16:11:00,5,TXN00109290,CR,CHASGB2L,BACS,95475.2,8.802192988379979,98.08866095758776
2026-02-11 16:12:00,1,TXN00109292,DR,LOYDGB2L,BACS,330224.6,100.0,
2026-02-11 16:13:00,1,TXN00109298,DR,NTSBGB2L,CHAPS,1095994.31,78.74960144483276,271.013155132328
2026-02-11 16:13:00,2,TXN00109299,DR,BOFAGB22,SWIFT,134522.39,9.665729558309803,33.264166626778874
2026-02-11 16:13:00,3,TXN00109295,DR,MIDLGB22,CHAPS,59346.12,4.264149233856167,14.674874750090403
2026-02-11 16:13:00,4,TXN00109294,DR,COBAGB2X,SWIFT,39086.18,2.808427989923591,9.66507660415691
2026-02-11 16:13:00,5,TXN00109293,DR,TSBSGB2A,CHAPS,27154.22,1.9510904235855993,6.714588543217313
2026-02-11 16:14:00,1,TXN00109300,CR,BOFAGB22,FPS,291224.44,48.15882612129168,
2026-02-11 16:14:00,2,TXN00109301,CR,LOYDGB2L,SWIFT,200018.15,33.07634244898003,
2026-02-11 16:14:00,3,TXN00109302,CR,MIDLGB22,FPS,113474.06,18.764831429728286,
2026-02-11 16:15:00,1,TXN00109304,DR,RBOSGB2L,SWIFT,67715.81,42.84900082628009,
2026-02-11 16:15:00,2,TXN00109305,DR,MIDLGB22,SWIFT,41612.5,26.331429054508543,
2026-02-11 16:15:00,3,TXN00109303,DR,RBOSGB2L,BACS,33278.8,21.058056142245217,
2026-02-11 16:15:00,4,TXN00109306,DR,RBOSGB2L,SWIFT,15426.47,9.761513976966162,
2026-02-11 16:16:00,1,TXN00109308,CR,BOFAGB22,BACS,63446.41,60.64435573650166,
2026-02-11 16:16:00,2,TXN00109307,DR,CITIGB2L,CHAPS,41174.06,39.35564426349834,
2026-02-11 16:17:00,1,TXN00109313,DR,MIDLGB22,SWIFT,311946.54,60.41589761995715,
2026-02-11 16:17:00,2,TXN00109312,DR,NWBKGB2L,BACS,66306.83,12.841901220587038,
2026-02-11 16:17:00,3,TXN00109309,CR,BARCGB22,FPS,55301.18,10.71039425262682,
2026-02-11 16:17:00,4,TXN00109314,DR,DEUTGB2L,FPS,39962.36,7.739665426043421,
2026-02-11 16:17:00,5,TXN00109310,CR,TSBSGB2A,BACS,26354.63,5.10420352119261,
2026-02-11 16:18:00,1,TXN00109320,DR,BARCGB22,FPS,321058.18,33.316101341957676,
2026-02-11 16:18:00,2,TXN00109318,CR,MIDLGB22,CHAPS,271975.9,28.22284935076299,
2026-02-11 16:18:00,3,TXN00109316,CR,HSBCGB2L,BACS,139931.2,14.520614426026299,
2026-02-11 16:18:00,4,TXN00109319,DR,BNPAGB22,BACS,107082.18,11.111882465657013,
2026-02-11 16:18:00,5,TXN00109317,DR,LOYDGB2L,CHAPS,84746.97,8.794165097876798,
2026-02-11 16:19:00,1,TXN00109322,DR,DEUTGB2L,SWIFT,737999.2,46.182733836576325,197.6745850536128
2026-02-11 16:19:00,2,TXN00109324,CR,DEUTGB2L,CHAPS,383425.6,23.994121444751674,102.70132593495022
2026-02-11 16:19:00,3,TXN00109323,CR,CITIGB2L,CHAPS,204999.16,12.8284985173449,54.90944148630402
2026-02-11 16:19:00,4,TXN00109321,CR,RBOSGB2L,SWIFT,119274.59,7.464000832842052,31.94794125209051
2026-02-11 16:19:00,5,TXN00109325,DR,DEUTGB2L,SWIFT,104887.76,6.563697498309885,28.09439960802522
2026-02-11 16:20:00,1,TXN00109328,CR,NWBKGB2L,CHAPS,245276.86,72.60709950698296,
2026-02-11 16:20:00,2,TXN00109327,DR,BARCGB22,SWIFT,92537.02,27.39290049301704,
2026-02-11 16:21:00,1,TXN00109329,DR,MIDLGB22,CHAPS,177449.33,100.00000000000001,
2026-02-11 16:22:00,1,TXN00109330,CR,RBOSGB2L,SWIFT,539366.67,91.82326772762066,
2026-02-11 16:22:00,2,TXN00109332,CR,LOYDGB2L,CHAPS,22486.38,3.828143275825728,
2026-02-11 16:22:00,3,TXN00109333,CR,LOYDGB2L,CHAPS,13393.88,2.280211028152006,
2026-02-11 16:22:00,4,TXN00109331,CR,MIDLGB22,CHAPS,12149.58,2.0683779684016166,
2026-02-11 16:23:00,1,TXN00109335,DR,RBOSGB2L,SWIFT,1230660.02,98.28864305360844,1570.6746064857316
2026-02-11 16:23:00,2,TXN00109334,DR,SANTGB2L,SWIFT,21427.69,1.7113569463915592,27.34786863284
2026-02-11 16:24:00,1,TXN00109336,DR,DEUTGB2L,SWIFT,1044861.18,95.21925359821448,
2026-02-11 16:24:00,2,TXN00109338,DR,LOYDGB2L,CHAPS,38213.28,3.4824147635952722,
2026-02-11 16:24:00,3,TXN00109337,CR,NWBKGB2L,FPS,14246.87,1.2983316381902463,
2026-02-11 16:25:00,1,TXN00109340,CR,BOFAGB22,CHAPS,642296.23,66.41960421232439,
2026-02-11 16:25:00,2,TXN00109345,CR,MIDLGB22,INTERNAL,148573.17,15.36389392783823,
2026-02-11 16:25:00,3,TXN00109341,DR,NTSBGB2L,CHAPS,56194.06,5.811005965710883,
2026-02-11 16:25:00,4,TXN00109343,CR,BNPAGB22,FPS,42111.6,4.354744234989079,
2026-02-11 16:25:00,5,TXN00109342,DR,COBAGB2X,CHAPS,38186.05,3.9488046308975373,
2026-02-11 16:26:00,1,TXN00109348,DR,BNPAGB22,FPS,304689.88,40.34391529662614,
2026-02-11 16:26:00,2,TXN00109349,DR,RBOSGB2L,BACS,301525.67,39.92494299527916,
2026-02-11 16:26:00,3,TXN00109346,DR,NWBKGB2L,CHAPS,71882.82,9.51798727730184,
2026-02-11 16:26:00,4,TXN00109347,DR,CITIGB2L,BACS,68724.32,9.099771035710901,
2026-02-11 16:26:00,5,TXN00109350,CR,CHASGB2L,CHAPS,8408.62,1.1133833950819652,
2026-02-11 16:27:00,1,TXN00109352,DR,CITIGB2L,FPS,249053.12,42.75191074014105,
2026-02-11 16:27:00,2,TXN00109351,DR,SANTGB2L,SWIFT,104480.52,17.934896238696073,
2026-02-11 16:27:00,3,TXN00109355,DR,MIDLGB22,FPS,102086.04,17.523865069004028,
2026-02-11 16:27:00,4,TXN00109354,DR,NWBKGB2L,SWIFT,73096.12,12.547519170571478,
2026-02-11 16:27:00,5,TXN00109353,CR,DEUTGB2L,CHAPS,53838.56,9.24180878158735,
2026-02-11 16:28:00,1,TXN00109356,CR,NTSBGB2L,SWIFT,705244.42,52.83800231796774,354.8048801202109
2026-02-11 16:28:00,2,TXN00109361,DR,COBAGB2X,SWIFT,159300.74,11.935057734131348,80.14339193036207
2026-02-11 16:28:00,3,TXN00109359,CR,LOYDGB2L,BACS,159223.41,11.929264050972185,80.10448760074016
2026-02-11 16:28:00,4,TXN00109360,DR,SANTGB2L,CHAPS,137460.61,10.298761427717867,69.15573362820943
2026-02-11 16:28:00,5,TXN00109363,CR,BNPAGB22,FPS,126536.14,9.480283245100601,63.65968834404138
2026-02-11 16:29:00,1,TXN00109366,DR,NWBKGB2L,CHAPS,130758.62,22.830060271401578,
2026-02-11 16:29:00,2,TXN00109367,DR,RBOSGB2L,SWIFT,127644.07,22.286269244712145,
2026-02-11 16:29:00,3,TXN00109369,DR,MIDLGB22,FPS,109125.49,19.052981087183625,
2026-02-11 16:29:00,4,TXN00109371,DR,BNPAGB22,CHAPS,71577.92,12.49728872713371,
2026-02-11 16:29:00,5,TXN00109365,CR,LOYDGB2L,CHAPS,63728.0,11.126716395262353,
2026-02-11 16:30:00,1,TXN00109374,CR,NTSBGB2L,CHAPS,798075.54,48.53717332830444,
2026-02-11 16:30:00,2,TXN00109379,DR,SANTGB2L,CHAPS,264441.31,16.082730337323564,
2026-02-11 16:30:00,3,TXN00109373,DR,MIDLGB22,FPS,238228.01,14.488495929880326,
2026-02-11 16:30:00,4,TXN00109377,CR,MIDLGB22,CHAPS,85952.62,5.227446533396934,
2026-02-11 16:30:00,5,TXN00109381,CR,HSBCGB2L,CHAPS,66281.17,4.0310728439225345,
2026-02-11 16:31:00,1,TXN00109383,CR,BOFAGB22,CHAPS,92179.94,55.42309106167695,
2026-02-11 16:31:00,2,TXN00109382,DR,CHASGB2L,CHAPS,74140.52,44.57690893832304,
2026-02-11 16:32:00,1,TXN00109384,CR,BNPAGB22,SWIFT,371205.94,38.21482546579158,
2026-02-11 16:32:00,2,TXN00109388,DR,NWBKGB2L,CHAPS,331903.04,34.16867937287221,
2026-02-11 16:32:00,3,TXN00109386,DR,BOFAGB22,CHAPS,226247.16,23.29164164649688,
2026-02-11 16:32:00,4,TXN00109387,DR,TSBSGB2A,CHAPS,33894.45,3.489358201027169,
2026-02-11 16:32:00,5,TXN00109385,DR,HSBCGB2L,SWIFT,8115.72,0.8354953138121498,
2026-02-11 16:33:00,1,TXN00109393,DR,DEUTGB2L,SWIFT,613169.11,62.79616187974234,
2026-02-11 16:33:00,2,TXN00109389,CR,BNPAGB22,CHAPS,165923.56,16.99264128524534,
2026-02-11 16:33:00,3,TXN00109392,CR,TSBSGB2A,CHAPS,73575.33,7.535031132007715,
2026-02-11 16:33:00,4,TXN00109390,DR,TSBSGB2A,FPS,61071.99,6.254533223889908,
2026-02-11 16:33:00,5,TXN00109391,CR,COBAGB2X,CHAPS,33484.58,3.4292384790146766,
2026-02-11 16:34:00,1,TXN00109397,CR,BNPAGB22,BACS,335187.94,25.193599522158234,
2026-02-11 16:34:00,2,TXN00109399,DR,HSBCGB2L,CHAPS,323470.28,24.312869644535514,
2026-02-11 16:34:00,3,TXN00109400,CR,BOFAGB22,CHAPS,315583.49,23.72007794452577,
2026-02-11 16:34:00,4,TXN00109396,DR,CITIGB2L,INTERNAL,102795.8,7.726400352470537,
2026-02-11 16:34:00,5,TXN00109395,DR,MIDLGB22,BACS,90339.86,6.790179425094595,
2026-02-11 16:35:00,1,TXN00109404,CR,BARCGB22,CHAPS,280417.29,30.406182466573096,
2026-02-11 16:35:00,2,TXN00109403,DR,TSBSGB2A,FPS,180146.28,19.53360529357647,
2026-02-11 16:35:00,3,TXN00109407,DR,HSBCGB2L,BACS,175607.08,19.04141116584537,
2026-02-11 16:35:00,4,TXN00109405,CR,RBOSGB2L,SWIFT,95284.48,10.33187819878202,
2026-02-11 16:35:00,5,TXN00109411,DR,BOFAGB22,SWIFT,77741.91,8.429703820188491,
2026-02-11 16:36:00,1,TXN00109417,CR,CHASGB2L,CHAPS,293919.39,26.582708172919062,
2026-02-11 16:36:00,2,TXN00109413,DR,NWBKGB2L,CHAPS,262976.15,23.784134322978115,
2026-02-11 16:36:00,3,TXN00109412,DR,BNPAGB22,CHAPS,171229.29,15.486348984073928,
2026-02-11 16:36:00,4,TXN00109414,DR,CITIGB2L,CHAPS,135061.42,12.215248246398628,
2026-02-11 16:36:00,5,TXN00109416,DR,CHASGB2L,FPS,109451.92,9.899069429634036,
2026-02-11 16:37:00,1,TXN00109424,DR,MIDLGB22,SWIFT,1014357.34,39.18226162958849,100.3853586612518
2026-02-11 16:37:00,2,TXN00109425,CR,BARCGB22,FPS,549797.73,21.23740584379648,54.41045294471086
2026-02-11 16:37:00,3,TXN00109428,DR,DEUTGB2L,SWIFT,468726.43,18.105810337965313,46.38727294028171
2026-02-11 16:37:00,4,TXN00109420,DR,HSBCGB2L,CHAPS,204901.33,7.914861167476394,20.2779559935136
2026-02-11 16:37:00,5,TXN00109421,CR,NWBKGB2L,CHAPS,123194.34,4.758710437452425,12.191865251289254
2026-02-11 17:44:00,1,TXN00110017,DR,RBOSGB2L,INTERNAL,15378983.84,88.99909579971813,100.52668774482507
2026-02-11 17:44:00,2,TXN00110012,DR,SANTGB2L,BACS,582211.82,3.369294491950532,3.8057017576322707
2026-02-11 17:44:00,3,TXN00110011,DR,MIDLGB22,CHAPS,549143.83,3.177928063548451,3.589548626862156
2026-02-11 17:44:00,4,TXN00110020,CR,COBAGB2X,CHAPS,238542.3,1.3804585030362515,1.55926214342341
2026-02-11 17:44:00,5,TXN00110016,CR,NWBKGB2L,CHAPS,164681.39,0.9530210160517826,1.0764608924846728
2026-02-12 11:56:00,1,TXN00113309,CR,RBOSGB2L,CHAPS,753942.56,92.88164414907747,
2026-02-12 11:56:00,2,TXN00113308,DR,TSBSGB2A,BACS,25061.81,3.087479393856995,
2026-02-12 11:56:00,3,TXN00113307,DR,LOYDGB2L,BACS,17129.82,2.1103011422750164,
2026-02-12 11:56:00,4,TXN00113306,CR,SANTGB2L,SWIFT,15589.77,1.9205753147905107,
2026-02-12 11:57:00,1,TXN00113310,DR,BARCGB22,CHAPS,657773.5,38.386821563868,180.13991786361197
2026-02-12 11:57:00,2,TXN00113314,CR,COBAGB2X,CHAPS,445621.94,26.005927413805345,122.03942492335646
2026-02-12 11:57:00,3,TXN00113317,DR,COBAGB2X,BACS,179620.69,10.482434114796124,49.19148664883171
2026-02-12 11:57:00,4,TXN00113312,CR,NWBKGB2L,INTERNAL,125211.36,7.307175090041236,34.290776545408335
2026-02-12 11:57:00,5,TXN00113311,CR,SANTGB2L,SWIFT,106184.68,6.196802339979374,29.080070166362614
2026-02-12 11:58:00,1,TXN00113320,DR,SANTGB2L,CHAPS,520921.9,41.56273096305887,
2026-02-12 11:58:00,2,TXN00113324,CR,LOYDGB2L,SWIFT,257617.17,20.55446915972356,
2026-02-12 11:58:00,3,TXN00113321,DR,RBOSGB2L,CHAPS,206631.03,16.486444337452017,
2026-02-12 11:58:00,4,TXN00113322,DR,DEUTGB2L,BACS,142832.98,11.39619724260387,
2026-02-12 11:58:00,5,TXN00113318,CR,SANTGB2L,FPS,72563.78,5.789637306096349,
2026-02-12 15:52:00,1,TXN00115273,CR,NWBKGB2L,FPS,20476576.35,96.61828428198322,100.83722935205066
2026-02-12 15:52:00,2,TXN00115274,DR,MIDLGB22,BACS,683309.25,3.224179972303267,3.364967384336577
2026-02-12 15:52:00,3,TXN00115272,CR,DEUTGB2L,SWIFT,33386.98,0.15753574571351076,0.16441471963316406
2026-02-12 17:39:00,1,TXN00116239,CR,CITIGB2L,SWIFT,14330681.52,91.31863607629091,104.38298279564897
2026-02-12 17:39:00,2,TXN00116235,CR,TSBSGB2A,CHAPS,482316.78,3.073441444137855,3.513138162935939
2026-02-12 17:39:00,3,TXN00116233,DR,HSBCGB2L,CHAPS,447439.79,2.851196664446007,3.2590983085121823
2026-02-12 17:39:00,4,TXN00116232,CR,DEUTGB2L,CHAPS,283267.27,1.805048887964851,2.0632851640527177
2026-02-12 17:39:00,5,TXN00116236,CR,HSBCGB2L,SWIFT,83858.14,0.5343647444824839,0.6108127357850266
2026-02-16 12:57:00,1,TXN00126321,CR,NTSBGB2L,CHAPS,21935217.55,84.25671066326132,90.92557234178837
2026-02-16 12:57:00,2,TXN00126327,DR,TSBSGB2A,BACS,753814.42,2.895522842887608,3.1247015180842483
2026-02-16 12:57:00,3,TXN00126331,CR,CITIGB2L,INTERNAL,671732.09,2.580231366356237,2.784454934370856
2026-02-16 12:57:00,4,TXN00126325,DR,TSBSGB2A,CHAPS,526952.87,2.024111016886867,2.1843180352637077
2026-02-16 12:57:00,5,TXN00126323,DR,NWBKGB2L,CHAPS,513790.15,1.973550885078121,2.1297561032087096
2026-02-16 14:46:00,1,TXN00127289,CR,BOFAGB22,CHAPS,14800606.35,88.58157880419628,95.51930713174518
2026-02-16 14:46:00,2,TXN00127288,CR,SANTGB2L,CHAPS,1096425.02,6.5621000258562034,7.076045112996999
2026-02-16 14:46:00,3,TXN00127284,DR,BNPAGB22,CHAPS,208083.98,1.2453819145227658,1.3429204942550155
2026-02-16 14:46:00,4,TXN00127286,DR,COBAGB2X,CHAPS,188046.12,1.1254553903869857,1.2136012989233382
2026-02-16 14:46:00,5,TXN00127285,CR,BARCGB22,FPS,88841.92,0.5317185898668335,0.5733629043281686
2026-02-17 16:11:00,1,TXN00133968,DR,DEUTGB2L,CHAPS,14883207.99,92.3958948211593,97.70129272744285
2026-02-17 16:11:00,2,TXN00133972,CR,CHASGB2L,FPS,414460.42,2.572996453424791,2.720738623391294
2026-02-17 16:11:00,3,TXN00133967,DR,HSBCGB2L,CHAPS,307914.09,1.9115501102120245,2.0213118477016048
2026-02-17 16:11:00,4,TXN00133973,DR,BARCGB22,SWIFT,197308.0,1.2249005206150654,1.295234648230317
2026-02-17 16:11:00,5,TXN00133971,DR,CHASGB2L,SWIFT,136704.5,0.8486701665437903,0.8974010428822013
2026-02-17 17:31:00,1,TXN00134778,DR,MIDLGB22,CHAPS,13851468.41,66.21410535034042,72.56085319170083
2026-02-17 17:31:00,2,TXN00134777,DR,RBOSGB2L,FPS,4942512.55,23.626668089919836,25.891329130114148
2026-02-17 17:31:00,3,TXN00134774,CR,BNPAGB22,SWIFT,677657.84,3.2394043924505564,3.5499074601322427
2026-02-17 17:31:00,4,TXN00134772,CR,LOYDGB2L,FPS,388108.92,1.8552751344207006,2.033106782106834
2026-02-17 17:31:00,5,TXN00134775,CR,BARCGB22,BACS,298481.7,1.4268305817078857,1.5635950047341796
2026-02-18 08:15:00,1,TXN00135515,CR,NTSBGB2L,FPS,250570.49,31.30018753593669,
2026-02-18 08:15:00,2,TXN00135520,CR,NTSBGB2L,BACS,199915.7,24.972609110426603,
2026-02-18 08:15:00,3,TXN00135517,CR,BOFAGB22,FPS,151792.55,18.9612722613826,
2026-02-18 08:15:00,4,TXN00135519,CR,TSBSGB2A,CHAPS,114772.37,14.336870654417101,
2026-02-18 08:15:00,5,TXN00135518,CR,HSBCGB2L,CHAPS,73353.05,9.162947405869465,
2026-02-18 08:16:00,1,TXN00135529,DR,CITIGB2L,FPS,1146811.95,57.14195634570434,
2026-02-18 08:16:00,2,TXN00135525,DR,RBOSGB2L,SWIFT,415469.63,20.701517332833802,
2026-02-18 08:16:00,3,TXN00135524,DR,BARCGB22,CHAPS,165938.62,8.268188503011693,
2026-02-18 08:16:00,4,TXN00135526,CR,BARCGB22,FPS,118328.19,5.895913682662801,
2026-02-18 08:16:00,5,TXN00135528,CR,BARCGB22,CHAPS,55321.63,2.7564991509141556,
2026-02-18 08:17:00,1,TXN00135535,CR,TSBSGB2A,BACS,1111352.58,65.85248373944867,
2026-02-18 08:17:00,2,TXN00135534,CR,TSBSGB2A,SWIFT,125364.0,7.428363347581596,
2026-02-18 08:17:00,3,TXN00135532,DR,BARCGB22,CHAPS,112736.55,6.680131903519352,
2026-02-18 08:17:00,4,TXN00135533,DR,LOYDGB2L,CHAPS,103317.58,6.122016882301374,
2026-02-18 08:17:00,5,TXN00135531,DR,SANTGB2L,CHAPS,86641.35,5.133877578291924,
2026-02-18 08:18:00,1,TXN00135539,DR,LOYDGB2L,BACS,3135284.16,54.254055264965714,83.53867600130577
2026-02-18 08:18:00,2,TXN00135538,CR,DEUTGB2L,FPS,860184.76,14.884938374173164,22.91935668341493
2026-02-18 08:18:00,3,TXN00135541,CR,RBOSGB2L,SWIFT,513222.41,8.880980343216766,13.674652260418817
2026-02-18 08:18:00,4,TXN00135543,CR,SANTGB2L,FPS,290434.98,5.025788621277381,7.738550145855271
2026-02-18 08:18:00,5,TXN00135544,DR,SANTGB2L,BACS,289286.96,5.005922881093473,7.707961508293623
2026-02-18 12:27:00,1,TXN00137651,CR,LOYDGB2L,CHAPS,15095156.96,92.70096456478576,101.20527440228345
2026-02-18 12:27:00,2,TXN00137654,DR,NTSBGB2L,SWIFT,772382.1,4.743280634464818,5.178425277792669
2026-02-18 12:27:00,3,TXN00137653,CR,LOYDGB2L,FPS,145938.06,0.8962211499067168,0.9784397371404945
2026-02-18 12:27:00,4,TXN00137655,CR,CHASGB2L,CHAPS,140965.27,0.8656827175605238,0.9450997342621851
2026-02-18 12:27:00,5,TXN00137652,CR,BNPAGB22,CHAPS,129268.39,0.793850933282174,0.8666781614897096
2026-02-18 16:09:00,1,TXN00139092,CR,DEUTGB2L,BACS,105712.15,78.41647342973667,
2026-02-18 16:09:00,2,TXN00139093,CR,RBOSGB2L,FPS,29096.45,21.58352657026332,
2026-02-18 16:11:00,1,TXN00139095,CR,MIDLGB22,CHAPS,1332845.99,70.20440279979067,127.48219443172836
2026-02-18 16:11:00,2,TXN00139097,CR,MIDLGB22,SWIFT,165718.68,8.728826173059659,15.850429189293935
2026-02-18 16:11:00,3,TXN00139100,CR,HSBCGB2L,CHAPS,156833.16,8.260803138256069,15.000559364298619
2026-02-18 16:11:00,4,TXN00139098,DR,CHASGB2L,CHAPS,137830.3,7.259873962794446,13.183000312874443
2026-02-18 16:11:00,5,TXN00139099,DR,SANTGB2L,FPS,70571.41,3.717176426204482,6.7499158030563
2026-02-18 16:12:00,1,TXN00139105,DR,NWBKGB2L,CHAPS,584531.02,51.53734349823288,207.88296479221992
2026-02-18 16:12:00,2,TXN00139104,CR,CHASGB2L,FPS,323572.78,28.52899322526654,115.07561879686168
2026-02-18 16:12:00,3,TXN00139101,DR,CITIGB2L,BACS,172357.31,15.196520947513461,61.29725776813647
2026-02-18 16:12:00,4,TXN00139102,DR,TSBSGB2A,CHAPS,30317.76,2.673077660133392,10.782226467055544
2026-02-18 16:12:00,5,TXN00139103,CR,MIDLGB22,FPS,23410.4,2.0640646688537267,8.325688787178112
2026-02-18 16:13:00,1,TXN00139107,CR,DEUTGB2L,SWIFT,527896.02,35.02536886888039,82.20441363115276
2026-02-18 16:13:00,2,TXN00139106,DR,BARCGB22,FPS,365469.96,24.248563494558955,56.91129052573811
2026-02-18 16:13:00,3,TXN00139109,DR,BOFAGB22,CHAPS,221883.6,14.721753226999343,34.551901399766656
2026-02-18 16:13:00,4,TXN00139108,DR,BOFAGB22,BACS,189813.79,12.593953656157893,29.557963528606958
2026-02-18 16:13:00,5,TXN00139112,DR,MIDLGB22,FPS,134293.92,8.910266239264155,20.912362528948297
2026-02-18 16:14:00,1,TXN00139113,DR,NWBKGB2L,CHAPS,889448.1,83.00384003115266,451.7950817795387
2026-02-18 16:14:00,2,TXN00139114,DR,DEUTGB2L,INTERNAL,151258.25,14.115512289465904,76.83161437815191
2026-02-18 16:14:00,3,TXN00139115,DR,CITIGB2L,SWIFT,30868.29,2.8806476793814384,15.679545107740987
2026-02-18 16:15:00,1,TXN00139118,CR,BOFAGB22,SWIFT,832416.82,70.69528031742864,396.38645885967554
2026-02-18 16:15:00,2,TXN00139116,DR,LOYDGB2L,SWIFT,159718.48,13.564529745414829,76.05593878034556
2026-02-18 16:15:00,3,TXN00139119,DR,BARCGB22,CHAPS,85273.28,7.242067061050714,40.6060673960788
2026-02-18 16:15:00,4,TXN00139117,DR,HSBCGB2L,FPS,82147.6,6.976610118719131,39.117657747258264
2026-02-18 16:15:00,5,TXN00139120,CR,COBAGB2X,BACS,17915.38,1.5215127573866836,8.531079462480653
2026-02-18 16:16:00,1,TXN00139122,CR,MIDLGB22,CHAPS,299462.96,46.71418281671976,
2026-02-18 16:16:00,2,TXN00139123,CR,HSBCGB2L,CHAPS,173030.62,26.991598612297043,
2026-02-18 16:16:00,3,TXN00139124,CR,BOFAGB22,SWIFT,90721.6,14.151951906924726,
2026-02-18 16:16:00,4,TXN00139121,DR,COBAGB2X,INTERNAL,77838.44,12.14226666405846,
2026-02-18 16:17:00,1,TXN00139128,CR,BARCGB22,CHAPS,1047249.71,61.06349993513186,143.34943744446184
2026-02-18 16:17:00,2,TXN00139125,DR,TSBSGB2A,INTERNAL,198812.44,11.592443808882416,27.213806944822
2026-02-18 16:17:00,3,TXN00139129,CR,COBAGB2X,CHAPS,169685.92,9.894121780098454,23.22691612322906
2026-02-18 16:17:00,4,TXN00139126,DR,NWBKGB2L,BACS,163639.11,9.54154170438494,22.39921781636245
2026-02-18 16:17:00,5,TXN00139127,DR,NWBKGB2L,CHAPS,107377.71,6.261027074067758,14.698055464321461
2026-02-18 16:18:00,1,TXN00139135,CR,LOYDGB2L,BACS,709610.76,74.0531628527918,
2026-02-18 16:18:00,2,TXN00139136,CR,BNPAGB22,CHAPS,79638.18,8.31083665196952,
2026-02-18 16:18:00,3,TXN00139133,CR,CHASGB2L,CHAPS,56724.67,5.9196413894299935,
2026-02-18 16:18:00,4,TXN00139132,DR,LOYDGB2L,CHAPS,46222.16,4.8236263242228725,
2026-02-18 16:18:00,5,TXN00139134,CR,TSBSGB2A,FPS,40195.39,4.194688030944569,
2026-02-18 16:19:00,1,TXN00139137,CR,BOFAGB22,CHAPS,680808.61,62.96291247434429,598.1717977687498
2026-02-18 16:19:00,2,TXN00139139,CR,HSBCGB2L,SWIFT,310154.16,28.68384586034212,272.50752817690784
2026-02-18 16:19:00,3,TXN00139138,CR,SANTGB2L,CHAPS,44401.78,4.106389588470527,39.01227478120836
2026-02-18 16:19:00,4,TXN00139140,DR,DEUTGB2L,FPS,31390.37,2.9030612859718135,27.580194756241745
2026-02-18 16:19:00,5,TXN00139141,CR,RBOSGB2L,BACS,14530.21,1.3437907908712292,12.766527493912667
2026-02-19 07:17:00,1,TXN00140138,CR,DEUTGB2L,CHAPS,25309.3,100.0,
2026-02-19 07:18:00,1,TXN00140139,CR,RBOSGB2L,CHAPS,3419990.83,74.64680089374636,94.3452587679523
2026-02-19 07:18:00,2,TXN00140142,DR,BARCGB22,SWIFT,640025.03,13.969575755097578,17.655990929460017
2026-02-19 07:18:00,3,TXN00140140,DR,HSBCGB2L,BACS,355198.13,7.752770520715412,9.798640158559362
2026-02-19 07:18:00,4,TXN00140143,CR,BNPAGB22,FPS,141556.04,3.0896882648036796,3.905022524275776
2026-02-19 07:18:00,5,TXN00140141,DR,LOYDGB2L,CHAPS,24793.8,0.5411645656369695,0.6839718563926254
2026-02-19 07:19:00,1,TXN00140144,DR,NTSBGB2L,CHAPS,590509.04,66.40133003932304,
2026-02-19 07:19:00,2,TXN00140147,DR,SANTGB2L,SWIFT,139397.32,15.674895429064263,
2026-02-19 07:19:00,3,TXN00140146,DR,CITIGB2L,CHAPS,114137.65,12.834505916391626,
2026-02-19 07:19:00,4,TXN00140145,DR,BNPAGB22,INTERNAL,45259.02,5.0892686152210675,
2026-02-19 07:20:00,1,TXN00140152,DR,CITIGB2L,INTERNAL,725466.4,50.93683962033046,156.392282611894
2026-02-19 07:20:00,2,TXN00140150,CR,TSBSGB2A,CHAPS,497062.17,34.899998173069676,107.15408372644315
2026-02-19 07:20:00,3,TXN00140149,CR,RBOSGB2L,CHAPS,90855.65,6.379206084045901,19.586189645292087
2026-02-19 07:20:00,4,TXN00140148,DR,MIDLGB22,CHAPS,71539.49,5.022969400995326,15.42211208953408
2026-02-19 07:20:00,5,TXN00140151,DR,NWBKGB2L,INTERNAL,39323.27,2.760986721558644,8.477106527695579
2026-02-19 07:21:00,1,TXN00140153,DR,NWBKGB2L,FPS,61680.48,39.955994333910965,
2026-02-19 07:21:00,2,TXN00140155,DR,NTSBGB2L,CHAPS,50197.22,32.51725404695428,
2026-02-19 07:21:00,3,TXN00140154,DR,CITIGB2L,CHAPS,42493.33,27.526751619134757,
2026-02-19 07:22:00,1,TXN00140157,CR,RBOSGB2L,CHAPS,352823.21,57.6157584148583,
2026-02-19 07:22:00,2,TXN00140156,DR,CHASGB2L,FPS,226716.83,37.022683700039174,
2026-02-19 07:22:00,3,TXN00140158,CR,BNPAGB22,FPS,32832.72,5.361557885102531,
2026-02-19 07:23:00,1,TXN00140159,CR,MIDLGB22,INTERNAL,346464.95,54.57263078488439,
2026-02-19 07:23:00,2,TXN00140160,CR,COBAGB2X,BACS,206924.63,32.593257797906574,
2026-02-19 07:23:00,3,TXN00140161,CR,SANTGB2L,CHAPS,47840.49,7.535484894901933,
2026-02-19 07:23:00,4,TXN00140163,DR,RBOSGB2L,INTERNAL,28352.47,4.465874187705022,
2026-02-19 07:23:00,5,TXN00140162,CR,HSBCGB2L,FPS,5286.89,0.832752334602093,
2026-02-19 07:24:00,1,TXN00140164,DR,LOYDGB2L,CHAPS,738690.35,84.11432460040562,
2026-02-19 07:24:00,2,TXN00140165,DR,COBAGB2X,FPS,139507.69,15.885675399594378,
2026-02-19 07:25:00,1,TXN00140166,CR,CITIGB2L,INTERNAL,1744853.68,69.85809921607596,112.68595966862812
2026-02-19 07:25:00,2,TXN00140168,DR,TSBSGB2A,SWIFT,485875.99,19.45284782625964,31.378792869952715
2026-02-19 07:25:00,3,TXN00140167,DR,BNPAGB22,FPS,192723.71,7.716012069545138,12.446462681185038
2026-02-19 07:25:00,4,TXN00140169,CR,BNPAGB22,SWIFT,42791.28,1.7132195771412115,2.763542013591061
2026-02-19 07:25:00,5,TXN00140170,CR,COBAGB2X,CHAPS,31466.7,1.2598213109780627,2.032179160779155
2026-02-19 07:26:00,1,TXN00140172,DR,CITIGB2L,SWIFT,216553.32,44.1293427406561,
2026-02-19 07:26:00,2,TXN00140173,CR,COBAGB2X,CHAPS,195672.28,39.87419407361489,
2026-02-19 07:26:00,3,TXN00140174,DR,CITIGB2L,CHAPS,68427.84,13.944259106084253,
2026-02-19 07:26:00,4,TXN00140171,CR,SANTGB2L,BACS,10070.66,2.0522040796447536,
2026-02-19 07:27:00,1,TXN00140177,DR,HSBCGB2L,CHAPS,152061.96,56.96620968786958,
2026-02-19 07:27:00,2,TXN00140176,DR,NTSBGB2L,CHAPS,77235.16,28.934220759985976,
2026-02-19 07:27:00,3,TXN00140175,DR,MIDLGB22,SWIFT,37636.49,14.099569552144446,
2026-02-19 07:28:00,1,TXN00140178,DR,BARCGB22,FPS,572769.8,63.173948425325065,
2026-02-19 07:28:00,2,TXN00140183,DR,SANTGB2L,FPS,105413.88,11.626679720951428,
2026-02-19 07:28:00,3,TXN00140181,DR,NTSBGB2L,CHAPS,77496.88,8.547559421330533,
2026-02-19 07:28:00,4,TXN00140184,CR,COBAGB2X,CHAPS,47729.1,5.264306361451289,
2026-02-19 07:28:00,5,TXN00140182,DR,LOYDGB2L,SWIFT,38608.38,4.258331718790605,
2026-02-19 07:29:00,1,TXN00140190,CR,TSBSGB2A,SWIFT,370017.1,41.14872729198439,
2026-02-19 07:29:00,2,TXN00140187,CR,CITIGB2L,CHAPS,351413.36,39.07984932966595,
2026-02-19 07:29:00,3,TXN00140189,DR,TSBSGB2A,CHAPS,84865.35,9.437675025529382,
2026-02-19 07:29:00,4,TXN00140185,DR,BNPAGB22,SWIFT,40047.99,4.453642329238616,
2026-02-19 07:29:00,5,TXN00140186,DR,NTSBGB2L,CHAPS,31889.05,3.546305892485658,
2026-02-19 07:30:00,1,TXN00140192,CR,CHASGB2L,FPS,344072.08,41.27745333844667,
2026-02-19 07:30:00,2,TXN00140191,DR,HSBCGB2L,INTERNAL,302254.18,36.26066611188115,
2026-02-19 07:30:00,3,TXN00140193,DR,MIDLGB22,CHAPS,187233.11,22.461880549672184,
2026-02-19 07:31:00,1,TXN00140199,DR,LOYDGB2L,SWIFT,778261.59,43.27734482170828,148.8758877787394
2026-02-19 07:31:00,2,TXN00140198,DR,CITIGB2L,CHAPS,582203.17,32.374985054037744,111.371311285382
2026-02-19 07:31:00,3,TXN00140196,DR,CHASGB2L,CHAPS,274796.49,15.28080353229961,52.56660733729836
2026-02-19 07:31:00,4,TXN00140197,CR,RBOSGB2L,CHAPS,91930.07,5.112020675302477,17.585566293733777
2026-02-19 07:31:00,5,TXN00140195,DR,BARCGB22,CHAPS,50939.93,2.8326528562249647,9.744445054954904
2026-02-19 07:32:00,1,TXN00140200,CR,NTSBGB2L,CHAPS,24305.03,100.0,
2026-02-19 07:33:00,1,TXN00140202,DR,SANTGB2L,CHAPS,794059.84,34.032263197174615,76.38848333275611
2026-02-19 07:33:00,2,TXN00140204,CR,COBAGB2X,CHAPS,350417.38,15.018385144656543,33.710119619748134
2026-02-19 07:33:00,3,TXN00140203,DR,NTSBGB2L,CHAPS,340519.62,14.594181380136142,32.75795602110597
2026-02-19 07:33:00,4,TXN00140207,DR,CITIGB2L,CHAPS,229069.25,9.817578743661675,22.036440711662163
2026-02-19 07:33:00,5,TXN00140201,DR,TSBSGB2A,CHAPS,224280.26,9.612329516942644,21.57574031558655
2026-02-19 07:34:00,1,TXN00140211,DR,TSBSGB2A,BACS,136549.62,43.86384534570541,
2026-02-19 07:34:00,2,TXN00140210,DR,CITIGB2L,FPS,126267.22,40.560829171931495,
2026-02-19 07:34:00,3,TXN00140209,CR,BNPAGB22,BACS,41125.75,13.210827959287943,
2026-02-19 07:34:00,4,TXN00140212,DR,CITIGB2L,SWIFT,7360.76,2.3644975230751615,
2026-02-19 07:35:00,1,TXN00140220,CR,TSBSGB2A,BACS,975734.93,47.295499994033136,126.833003631618
2026-02-19 07:35:00,2,TXN00140214,DR,BARCGB22,CHAPS,452772.98,21.94666175668054,58.85466969665471
2026-02-19 07:35:00,3,TXN00140216,DR,BOFAGB22,SWIFT,218360.26,10.58428611910724,28.384028077770108
2026-02-19 07:35:00,4,TXN00140219,CR,COBAGB2X,SWIFT,152289.17,7.38171015239386,19.795635328609272
2026-02-19 07:35:00,5,TXN00140217,DR,MIDLGB22,BACS,99013.75,4.799361659148759,12.87051526722541
2026-02-19 07:36:00,1,TXN00140223,DR,BOFAGB22,SWIFT,256278.96,58.080684841770406,
2026-02-19 07:36:00,2,TXN00140221,DR,NTSBGB2L,CHAPS,86862.86,19.685792372947137,
2026-02-19 07:36:00,3,TXN00140224,DR,LOYDGB2L,FPS,44047.5,9.982516573221156,
2026-02-19 07:36:00,4,TXN00140225,CR,COBAGB2X,CHAPS,31140.13,7.057310036148733,
2026-02-19 07:36:00,5,TXN00140222,DR,RBOSGB2L,FPS,22917.0,5.193696175912577,
2026-02-19 13:13:00,1,TXN00143115,DR,SANTGB2L,FPS,12566122.91,81.1330497670373,91.30682448171268
2026-02-19 13:13:00,2,TXN00143112,DR,DEUTGB2L,FPS,851841.99,5.499909483880903,6.1895771372080945
2026-02-19 13:13:00,3,TXN00143122,DR,MIDLGB22,SWIFT,764302.76,4.934713300855655,5.55350751047274
2026-02-19 13:13:00,4,TXN00143119,DR,BOFAGB22,CHAPS,633622.29,4.090976123364541,4.6039689118981295
2026-02-19 13:13:00,5,TXN00143120,DR,NTSBGB2L,CHAPS,324647.89,2.0960859291908402,2.358927102885417
2026-02-19 16:03:00,1,TXN00144201,DR,MIDLGB22,BACS,340890.21,67.37805560796112,
2026-02-19 16:03:00,2,TXN00144200,CR,NTSBGB2L,BACS,165046.34,32.62194439203888,
2026-02-19 16:04:00,1,TXN00144207,DR,CHASGB2L,SWIFT,795744.36,44.149723723690265,86.49216346975845
2026-02-19 16:04:00,2,TXN00144206,DR,DEUTGB2L,SWIFT,419961.06,23.300403629261172,45.6469973000538
2026-02-19 16:04:00,3,TXN00144208,DR,BOFAGB22,FPS,312981.1,17.364909876001725,34.01898125189956
2026-02-19 16:04:00,4,TXN00144204,CR,CHASGB2L,CHAPS,97292.23,5.397996254678738,10.575023694163962
2026-02-19 16:04:00,5,TXN00144202,CR,RBOSGB2L,CHAPS,79974.06,4.437144429225773,8.69265283999031
2026-02-19 16:39:00,1,TXN00144399,DR,TSBSGB2A,CHAPS,1575716.79,77.9737394943481,241.35193868647676
2026-02-19 16:39:00,2,TXN00144401,DR,CITIGB2L,FPS,231412.23,11.451345224179635,35.44532285288453
2026-02-19 16:39:00,3,TXN00144404,CR,CITIGB2L,SWIFT,65942.48,3.2631382680965526,10.100384466801435
2026-02-19 16:39:00,4,TXN00144402,DR,HSBCGB2L,CHAPS,52208.68,2.5835264557051407,7.996783568106731
2026-02-19 16:39:00,5,TXN00144403,CR,NTSBGB2L,CHAPS,51592.38,2.5530290871708075,7.902385132577923
2026-02-19 16:40:00,1,TXN00144409,CR,RBOSGB2L,CHAPS,929855.32,35.61929416772283,76.48506971071112
2026-02-19 16:40:00,2,TXN00144410,DR,DEUTGB2L,SWIFT,735186.27,28.162247885188094,60.472604610476054
2026-02-19 16:40:00,3,TXN00144406,DR,SANTGB2L,BACS,304570.62,11.66696611320751,25.052397509038833
2026-02-19 16:40:00,4,TXN00144407,DR,SANTGB2L,CHAPS,222378.82,8.518504369315307,18.291726878419837
2026-02-19 16:40:00,5,TXN00144418,DR,CHASGB2L,CHAPS,78076.91,2.9908356334368444,6.422201148611935
2026-02-19 16:41:00,1,TXN00144426,CR,NTSBGB2L,SWIFT,504806.93,47.440953293697554,
2026-02-19 16:41:00,2,TXN00144425,CR,DEUTGB2L,SWIFT,254702.64,23.936549460645207,
2026-02-19 16:41:00,3,TXN00144420,DR,TSBSGB2A,CHAPS,116123.95,10.913144334666068,
2026-02-19 16:41:00,4,TXN00144423,DR,SANTGB2L,CHAPS,59612.37,5.602275826317633,
2026-02-19 16:41:00,5,TXN00144424,CR,TSBSGB2A,CHAPS,50167.04,4.714618718730856,
2026-02-20 13:26:00,1,TXN00149305,DR,SANTGB2L,FPS,34462294.64,90.54705952917976,95.04532202470114
2026-02-20 13:26:00,2,TXN00149296,DR,SANTGB2L,CHAPS,1090540.97,2.8653135016432394,3.007658623940659
2026-02-20 13:26:00,3,TXN00149302,DR,TSBSGB2A,CHAPS,1077553.63,2.8311902530206483,2.971840175823987
2026-02-20 13:26:00,4,TXN00149300,DR,TSBSGB2A,CHAPS,396658.31,1.0421895577036318,1.0939642064334614
2026-02-20 13:26:00,5,TXN00149306,CR,DEUTGB2L,CHAPS,229487.25,0.6029603049942979,0.6329146043425823
2026-02-20 16:00:00,1,TXN00150518,CR,DEUTGB2L,SWIFT,279805.34,25.758094918314846,137.21096403660252
2026-02-20 16:00:00,2,TXN00150519,CR,DEUTGB2L,INTERNAL,267719.19,24.64547784354068,131.28415687491292
2026-02-20 16:00:00,3,TXN00150520,DR,CITIGB2L,CHAPS,213286.96,19.634599398706335,104.59167576300108
2026-02-20 16:00:00,4,TXN00150515,DR,BARCGB22,SWIFT,150714.02,13.874310020962435,73.90715265845816
2026-02-20 16:00:00,5,TXN00150516,DR,NWBKGB2L,BACS,108038.25,9.94569831408017,52.979805300811876
2026-02-20 16:01:00,1,TXN00150523,CR,CHASGB2L,FPS,763466.03,69.21012297885211,360.4533491678798
2026-02-20 16:01:00,2,TXN00150522,CR,NWBKGB2L,CHAPS,220890.59,20.024289618715844,104.28853391835781
2026-02-20 16:01:00,3,TXN00150521,DR,LOYDGB2L,SWIFT,94086.98,8.529222258269694,44.42105571362661
2026-02-20 16:01:00,4,TXN00150524,DR,MIDLGB22,SWIFT,24669.64,2.236365144162353,11.647216786797829
2026-02-23 06:58:00,1,TXN00151769,DR,COBAGB2X,CHAPS,37349182.68,99.24156651842206,101.20299517062008
2026-02-23 06:58:00,2,TXN00151767,DR,SANTGB2L,BACS,178187.62,0.473467349861411,0.4828250460211754
2026-02-23 06:58:00,3,TXN00151770,DR,SANTGB2L,CHAPS,37924.81,0.10077108210265977,0.102762740383391
2026-02-23 06:58:00,4,TXN00151766,DR,RBOSGB2L,SWIFT,37576.64,0.09984594977752265,0.10181932357209293
2026-02-23 06:58:00,5,TXN00151768,CR,LOYDGB2L,SWIFT,31744.46,0.08434909983634983,0.0860161910261631
2026-02-24 07:17:00,1,TXN00158316,DR,HSBCGB2L,FPS,664019.52,48.88456685457445,166.6892581936605
2026-02-24 07:17:00,2,TXN00158312,DR,HSBCGB2L,CHAPS,307728.07,22.654685529341318,77.24918043624204
2026-02-24 07:17:00,3,TXN00158313,DR,BOFAGB22,INTERNAL,165159.09,12.158875354666801,41.45999532670366
2026-02-24 07:17:00,4,TXN00158311,DR,NTSBGB2L,CHAPS,107971.67,7.948784879870777,27.104199554601507
2026-02-24 07:17:00,5,TXN00158314,DR,RBOSGB2L,SWIFT,59932.59,4.412187615542989,15.044917608332952
2026-02-24 07:18:00,1,TXN00158318,CR,TSBSGB2A,CHAPS,342052.76,47.809104155328896,
2026-02-24 07:18:00,2,TXN00158319,DR,BOFAGB22,CHAPS,323374.78,45.198461600562936,
2026-02-24 07:18:00,3,TXN00158317,DR,RBOSGB2L,BACS,50027.74,6.992434244108171,
2026-02-24 07:19:00,1,TXN00158321,DR,RBOSGB2L,FPS,107340.18,47.19645440638445,
2026-02-24 07:19:00,2,TXN00158322,DR,RBOSGB2L,FPS,81058.39,35.640601756862424,
2026-02-24 07:19:00,3,TXN00158320,CR,DEUTGB2L,FPS,39034.15,17.16294383675313,
2026-02-24 07:20:00,1,TXN00158327,DR,BARCGB22,CHAPS,511731.66,40.05881588597241,165.86719239030484
2026-02-24 07:20:00,2,TXN00158324,DR,NWBKGB2L,INTERNAL,434434.17,34.00789865259702,140.81281595184552
2026-02-24 07:20:00,3,TXN00158323,DR,COBAGB2X,SWIFT,195377.89,15.2943574444852,63.327686368753916
2026-02-24 07:20:00,4,TXN00158326,DR,NWBKGB2L,CHAPS,91253.79,7.14342898484567,29.578021305686804
2026-02-24 07:20:00,5,TXN00158328,CR,MIDLGB22,FPS,32154.17,2.5170574280986586,10.422106581290217
2026-02-24 07:21:00,1,TXN00158330,CR,DEUTGB2L,CHAPS,80680.0,67.33086770611128,
2026-02-24 07:21:00,2,TXN00158329,CR,CHASGB2L,BACS,39146.17,32.66913229388872,
2026-02-24 07:22:00,1,TXN00158337,DR,RBOSGB2L,CHAPS,671261.94,54.049673749894346,245.88047403840145
2026-02-24 07:22:00,2,TXN00158331,CR,NWBKGB2L,CHAPS,266572.44,21.46427877724348,97.64438292564796
2026-02-24 07:22:00,3,TXN00158336,CR,CITIGB2L,CHAPS,108495.87,8.736032876690357,39.74158872586874
2026-02-24 07:22:00,4,TXN00158332,CR,DEUTGB2L,CHAPS,57484.41,4.6286157773300305,21.056301777839252
2026-02-24 07:22:00,5,TXN00158335,DR,HSBCGB2L,FPS,54703.85,4.404726484810323,20.037794142962444
2026-02-24 07:23:00,1,TXN00158342,DR,HSBCGB2L,BACS,604038.58,41.50359116087962,127.28075199563075
2026-02-24 07:23:00,2,TXN00158343,CR,NTSBGB2L,FPS,359047.59,24.670219545677252,75.65716623169817
2026-02-24 07:23:00,3,TXN00158339,DR,BARCGB22,CHAPS,340777.87,23.41490404992904,71.80743911600696
2026-02-24 07:23:00,4,TXN00158344,CR,CITIGB2L,FPS,63771.39,4.381742799145392,13.437668956520373
2026-02-24 07:23:00,5,TXN00158338,DR,BARCGB22,SWIFT,49136.11,3.3761502794672635,10.35377745398321
2026-02-24 07:24:00,1,TXN00158348,CR,BOFAGB22,SWIFT,709485.86,60.94958057433982,387.19610234408543
2026-02-24 07:24:00,2,TXN00158346,CR,BOFAGB22,CHAPS,176506.45,15.163084569670891,96.3269507282234
2026-02-24 07:24:00,3,TXN00158347,DR,MIDLGB22,BACS,176110.14,15.129038890060848,96.11066778874383
2026-02-24 07:24:00,4,TXN00158349,DR,CHASGB2L,FPS,82535.35,7.090338579906777,45.04299187245947
2026-02-24 07:24:00,5,TXN00158345,CR,BOFAGB22,BACS,19415.92,1.667957386021669,10.596079458757043
2026-02-24 07:25:00,1,TXN00158352,DR,MIDLGB22,SWIFT,418681.27,82.67948124963885,
2026-02-24 07:25:00,2,TXN00158350,CR,COBAGB2X,BACS,46172.65,9.117987890695797,
2026-02-24 07:25:00,3,TXN00158351,DR,SANTGB2L,CHAPS,41536.86,8.202530859665336,
2026-02-24 07:26:00,1,TXN00158357,CR,RBOSGB2L,FPS,287186.04,38.58988656373371,
2026-02-24 07:26:00,2,TXN00158360,DR,HSBCGB2L,INTERNAL,112884.24,15.16852983673333,
2026-02-24 07:26:00,3,TXN00158359,CR,DEUTGB2L,BACS,93557.24,12.571513848012982,
2026-02-24 07:26:00,4,TXN00158361,DR,RBOSGB2L,CHAPS,86911.13,11.678459885535919,
2026-02-24 07:26:00,5,TXN00158355,CR,CHASGB2L,FPS,80365.35,10.79888750913783,
2026-02-24 07:27:00,1,TXN00158362,DR,BOFAGB22,SWIFT,137467.01,51.376771961627774,
2026-02-24 07:27:00,2,TXN00158363,DR,NWBKGB2L,CHAPS,60007.58,22.42716818841943,
2026-02-24 07:27:00,3,TXN00158364,CR,RBOSGB2L,CHAPS,44716.44,16.71227402717067,
2026-02-24 07:27:00,4,TXN00158365,CR,TSBSGB2A,FPS,25375.43,9.483785822782123,
2026-02-24 07:28:00,1,TXN00158366,DR,BNPAGB22,CHAPS,133815.2,46.16090297580165,
2026-02-24 07:28:00,2,TXN00158368,DR,RBOSGB2L,FPS,101288.05,34.9403344960673,
2026-02-24 07:28:00,3,TXN00158367,DR,SANTGB2L,SWIFT,54785.36,18.898762528131066,
2026-02-24 07:29:00,1,TXN00158369,DR,SANTGB2L,FPS,25937.97,100.0,
2026-02-24 07:30:00,1,TXN00158373,CR,NTSBGB2L,CHAPS,384695.61,37.12512078588881,
2026-02-24 07:30:00,2,TXN00158370,DR,TSBSGB2A,CHAPS,384072.93,37.065028937658575,
2026-02-24 07:30:00,3,TXN00158371,DR,RBOSGB2L,BACS,226267.53,21.835989709304766,
2026-02-24 07:30:00,4,TXN00158372,DR,SANTGB2L,SWIFT,41177.69,3.973860567147844,
2026-02-24 07:31:00,1,TXN00158377,CR,CITIGB2L,CHAPS,355031.79,27.682262467865428,
2026-02-24 07:31:00,2,TXN00158374,DR,SANTGB2L,FPS,256600.59,20.007461534047767,
2026-02-24 07:31:00,3,TXN00158378,DR,BOFAGB22,CHAPS,191628.99,14.94154649540527,
2026-02-24 07:31:00,4,TXN00158375,CR,NWBKGB2L,FPS,190535.21,14.856263132351776,
2026-02-24 07:31:00,5,TXN00158380,DR,TSBSGB2A,FPS,177713.28,13.856521583560896,
2026-02-24 07:32:00,1,TXN00158382,CR,RBOSGB2L,CHAPS,196017.4,67.42763232168987,
2026-02-24 07:32:00,2,TXN00158381,CR,NTSBGB2L,SWIFT,94690.42,32.57236767831013,
2026-02-24 07:33:00,1,TXN00158385,DR,CITIGB2L,INTERNAL,109353.2,47.908199098283234,
2026-02-24 07:33:00,2,TXN00158384,CR,BNPAGB22,INTERNAL,64305.36,28.172508806022858,
2026-02-24 07:33:00,3,TXN00158383,DR,BARCGB22,FPS,54597.15,23.9192920956939,
2026-02-24 07:34:00,1,TXN00158394,CR,RBOSGB2L,FPS,220931.63,34.08143429685396,
2026-02-24 07:34:00,2,TXN00158390,DR,CHASGB2L,FPS,116788.91,18.016132695740268,
2026-02-24 07:34:00,3,TXN00158391,DR,HSBCGB2L,FPS,87878.47,13.556340037925091,
2026-02-24 07:34:00,4,TXN00158392,DR,CHASGB2L,FPS,87520.61,13.501135710335275,
2026-02-24 07:34:00,5,TXN00158393,DR,NTSBGB2L,CHAPS,46656.86,7.197397260806494,
2026-02-24 07:35:00,1,TXN00158399,CR,COBAGB2X,FPS,765741.73,38.72512321410332,128.0955707073803
2026-02-24 07:35:00,2,TXN00158395,CR,COBAGB2X,FPS,627651.17,31.741601562874354,104.99536812014277
2026-02-24 07:35:00,3,TXN00158396,CR,BOFAGB22,SWIFT,383942.83,19.416773066450908,64.22710687042834
2026-02-24 07:35:00,4,TXN00158398,CR,RBOSGB2L,CHAPS,105528.19,5.336776095918536,17.653071778871006
2026-02-24 07:35:00,5,TXN00158401,CR,SANTGB2L,CHAPS,63736.24,3.2232718297900003,10.661989176876334
2026-02-24 11:44:00,1,TXN00160435,CR,SANTGB2L,INTERNAL,787478.67,68.23988900522576,
2026-02-24 11:44:00,2,TXN00160429,CR,NWBKGB2L,FPS,112434.86,9.743174842714277,
2026-02-24 11:44:00,3,TXN00160433,DR,BOFAGB22,CHAPS,110637.69,9.587438965673288,
2026-02-24 11:44:00,4,TXN00160432,DR,COBAGB2X,CHAPS,53653.47,4.649404456307636,
2026-02-24 11:44:00,5,TXN00160430,CR,NWBKGB2L,FPS,43646.55,3.7822430510543685,
2026-02-24 11:49:00,1,TXN00160457,CR,COBAGB2X,SWIFT,604067.76,40.15121938370099,891.9089328614217
2026-02-24 11:49:00,2,TXN00160456,CR,NTSBGB2L,SWIFT,454245.77,30.19284056045001,670.6960490285309
2026-02-24 11:49:00,3,TXN00160458,DR,CITIGB2L,CHAPS,159543.73,10.604564137844333,235.5670793770401
2026-02-24 11:49:00,4,TXN00160453,DR,DEUTGB2L,FPS,127601.11,8.481399770803465,188.40364837883897
2026-02-24 11:49:00,5,TXN00160454,CR,DEUTGB2L,BACS,101213.81,6.727486813681679,149.44267389462846
2026-02-24 14:17:00,1,TXN00161546,DR,CHASGB2L,INTERNAL,2781698.37,88.77264931741016,192.17050922210677
2026-02-24 14:17:00,2,TXN00161544,DR,TSBSGB2A,CHAPS,216385.65,6.905539303590939,14.948759720794808
2026-02-24 14:17:00,3,TXN00161547,CR,COBAGB2X,CHAPS,62637.94,1.998971542549014,4.327271769017779
2026-02-24 14:17:00,4,TXN00161545,CR,RBOSGB2L,CHAPS,52829.21,1.6859444516429787,3.649646668018005
2026-02-24 14:17:00,5,TXN00161548,DR,NWBKGB2L,BACS,19957.17,0.6368953848069222,1.378718685999069
2026-02-24 14:18:00,1,TXN00161550,CR,SANTGB2L,FPS,1047997.7,68.20312460545578,
2026-02-24 14:18:00,2,TXN00161549,DR,RBOSGB2L,FPS,293200.98,19.081361508123297,
2026-02-24 14:18:00,3,TXN00161552,DR,LOYDGB2L,INTERNAL,157572.75,10.254749512021192,
2026-02-24 14:18:00,4,TXN00161551,CR,BNPAGB22,FPS,37811.69,2.46076437439974,
2026-02-24 14:19:00,1,TXN00161555,DR,BOFAGB22,FPS,310370.69,68.3488840627612,
2026-02-24 14:19:00,2,TXN00161553,DR,BARCGB22,BACS,75890.45,16.71236278309906,
2026-02-24 14:19:00,3,TXN00161554,CR,BARCGB22,CHAPS,67836.53,14.938753154139723,
2026-02-24 14:20:00,1,TXN00161556,DR,SANTGB2L,BACS,807785.08,54.22959952936593,
2026-02-24 14:20:00,2,TXN00161557,DR,MIDLGB22,BACS,342916.75,23.021269499569975,
2026-02-24 14:20:00,3,TXN00161558,DR,RBOSGB2L,CHAPS,120399.56,8.08286768841022,
2026-02-24 14:20:00,4,TXN00161560,CR,BARCGB22,FPS,107300.33,7.203467938859194,
2026-02-24 14:20:00,5,TXN00161559,CR,SANTGB2L,FPS,59548.17,3.9976888553160728,
2026-02-24 14:21:00,1,TXN00161566,DR,DEUTGB2L,BACS,717422.42,58.73972800229292,
2026-02-24 14:21:00,2,TXN00161562,CR,BARCGB22,CHAPS,178426.77,14.608882641453661,
2026-02-24 14:21:00,3,TXN00161564,DR,NWBKGB2L,SWIFT,154278.6,12.631725393492092,
2026-02-24 14:21:00,4,TXN00161567,DR,COBAGB2X,FPS,89711.16,7.345197181278751,
2026-02-24 14:21:00,5,TXN00161563,CR,BOFAGB22,CHAPS,42996.63,3.5203950710311336,
2026-02-24 14:22:00,1,TXN00161568,DR,RBOSGB2L,FPS,433393.57,63.39923416275263,
2026-02-24 14:22:00,2,TXN00161570,CR,LOYDGB2L,SWIFT,204758.88,29.953273603073914,
2026-02-24 14:22:00,3,TXN00161569,DR,CHASGB2L,SWIFT,45441.88,6.647492234173446,
2026-02-24 14:23:00,1,TXN00161574,DR,HSBCGB2L,FPS,363490.24,51.03132514599493,
2026-02-24 14:23:00,2,TXN00161575,DR,CITIGB2L,FPS,158972.9,22.31861232175515,
2026-02-24 14:23:00,3,TXN00161576,DR,CHASGB2L,SWIFT,71518.93,10.040725635229299,
2026-02-24 14:23:00,4,TXN00161571,CR,BARCGB22,CHAPS,51094.92,7.173346596124834,
2026-02-24 14:23:00,5,TXN00161573,CR,TSBSGB2A,CHAPS,50527.77,7.093722956005774,
2026-02-24 14:29:00,1,TXN00161603,CR,CHASGB2L,FPS,428497.74,40.05572683065452,
2026-02-24 14:29:00,2,TXN00161605,DR,BOFAGB22,CHAPS,409094.95,38.24196497512512,
2026-02-24 14:29:00,3,TXN00161606,CR,DEUTGB2L,FPS,212053.73,19.82266296737381,
2026-02-24 14:29:00,4,TXN00161604,CR,HSBCGB2L,CHAPS,20107.58,1.8796452268465462,
2026-02-24 14:30:00,1,TXN00161610,DR,CITIGB2L,CHAPS,509909.62,47.49352504273102,
2026-02-24 14:30:00,2,TXN00161607,CR,RBOSGB2L,CHAPS,269949.13,25.143349454592467,
2026-02-24 14:30:00,3,TXN00161609,CR,NTSBGB2L,CHAPS,152109.11,14.167604496288043,
2026-02-24 14:30:00,4,TXN00161608,DR,BNPAGB22,CHAPS,136033.71,12.670324620548657,
2026-02-24 14:30:00,5,TXN00161611,DR,SANTGB2L,CHAPS,5638.72,0.5251963858398049,
2026-02-24 14:31:00,1,TXN00161614,CR,SANTGB2L,BACS,1006351.99,34.046067264117276,66.72334294275842
2026-02-24 14:31:00,2,TXN00161618,DR,NWBKGB2L,CHAPS,899479.86,30.430457852305523,59.63748645132041
2026-02-24 14:31:00,3,TXN00161616,DR,BOFAGB22,SWIFT,511563.12,17.30677990050151,33.917756244142254
2026-02-24 14:31:00,4,TXN00161617,CR,MIDLGB22,CHAPS,244681.17,8.277850746917004,16.222897932109593
2026-02-24 14:31:00,5,TXN00161619,CR,NTSBGB2L,FPS,135683.51,4.59033216408856,8.996114142336214
2026-02-24 14:32:00,1,TXN00161625,DR,CITIGB2L,FPS,1001660.64,61.626225130830754,615.8435587944023
2026-02-24 14:32:00,2,TXN00161620,CR,TSBSGB2A,CHAPS,212731.43,13.088100374577524,130.7920823549803
2026-02-24 14:32:00,3,TXN00161623,DR,NTSBGB2L,CHAPS,182709.19,11.241010404892949,112.33373190549108
2026-02-24 14:32:00,4,TXN00161624,CR,DEUTGB2L,BACS,157589.74,9.69555996085569,96.88972735425101
2026-02-24 14:32:00,5,TXN00161622,CR,DEUTGB2L,CHAPS,46961.0,2.889231185493066,28.872682233519654
2026-02-24 14:33:00,1,TXN00161626,DR,CITIGB2L,CHAPS,182810.95,58.270732173156475,
2026-02-24 14:33:00,2,TXN00161627,CR,NWBKGB2L,SWIFT,49315.58,15.719271488627305,
2026-02-24 14:33:00,3,TXN00161628,DR,NTSBGB2L,CHAPS,44094.4,14.055027736227128,
2026-02-24 14:33:00,4,TXN00161629,DR,BNPAGB22,CHAPS,37505.95,11.954968601989092,
2026-02-24 14:34:00,1,TXN00161635,DR,TSBSGB2A,CHAPS,435728.37,40.92314019842421,
2026-02-24 14:34:00,2,TXN00161634,DR,COBAGB2X,INTERNAL,202602.31,19.028191202364454,
2026-02-24 14:34:00,3,TXN00161636,CR,SANTGB2L,CHAPS,138602.34,13.017382805828456,
2026-02-24 14:34:00,4,TXN00161631,CR,CITIGB2L,BACS,112437.49,10.560008215276229,
2026-02-24 14:34:00,5,TXN00161633,DR,RBOSGB2L,CHAPS,99984.68,9.390453684102738,
2026-02-24 14:35:00,1,TXN00161637,CR,HSBCGB2L,CHAPS,626557.73,85.37258333541465,
2026-02-24 14:35:00,2,TXN00161638,DR,NTSBGB2L,CHAPS,63148.11,8.60434246569575,
2026-02-24 14:35:00,3,TXN00161639,CR,MIDLGB22,CHAPS,44203.93,6.023074198889599,
2026-02-24 14:36:00,1,TXN00161642,DR,RBOSGB2L,CHAPS,648872.37,26.711885487161684,63.64583425689764
2026-02-24 14:36:00,2,TXN00161648,DR,SANTGB2L,INTERNAL,640366.28,26.361718470459323,62.811498847741206
2026-02-24 14:36:00,3,TXN00161643,DR,MIDLGB22,CHAPS,357974.89,14.736618033156967,35.11262240534477
2026-02-24 14:36:00,4,TXN00161649,CR,CHASGB2L,INTERNAL,189311.41,7.793311811586484,18.56895620906095
2026-02-24 14:36:00,5,TXN00161640,DR,RBOSGB2L,BACS,168007.08,6.916284448962455,16.479282000658067
2026-02-24 15:52:00,1,TXN00162062,DR,LOYDGB2L,CHAPS,1358713.86,62.9392997988858,99.8313934141061
2026-02-24 15:52:00,2,TXN00162063,CR,BNPAGB22,CHAPS,397009.03,18.390531735677477,29.170207083103318
2026-02-24 15:52:00,3,TXN00162064,DR,BNPAGB22,CHAPS,269890.9,12.502076241491428,19.830212534070398
2026-02-24 15:52:00,4,TXN00162065,DR,RBOSGB2L,FPS,63924.38,2.961150125662146,4.696838765251733
2026-02-24 15:52:00,5,TXN00162067,CR,HSBCGB2L,FPS,52330.14,2.4240735793904875,3.844952898143874
2026-02-24 15:53:00,1,TXN00162074,DR,NWBKGB2L,SWIFT,731337.38,37.25028090614172,63.24402510467383
2026-02-24 15:53:00,2,TXN00162068,DR,BARCGB22,SWIFT,387608.14,19.74261468285281,33.519275244670155
2026-02-24 15:53:00,3,TXN00162069,DR,CHASGB2L,CHAPS,367391.06,18.712868453961928,31.77095832551692
2026-02-24 15:53:00,4,TXN00162070,DR,MIDLGB22,SWIFT,194287.55,9.895933138363658,16.801447629718545
2026-02-24 15:53:00,5,TXN00162071,CR,NTSBGB2L,CHAPS,174873.82,8.907105114919826,15.122602187010067
2026-02-24 15:54:00,1,TXN00162076,DR,TSBSGB2A,SWIFT,747532.56,73.16098257017225,354.5657036639809
2026-02-24 15:54:00,2,TXN00162075,DR,NTSBGB2L,CHAPS,234475.44,22.948102192329213,111.21515479609549
2026-02-24 15:54:00,3,TXN00162077,CR,BOFAGB22,BACS,39755.97,3.890915237498539,18.856842139283025
2026-02-24 15:55:00,1,TXN00162081,DR,NTSBGB2L,SWIFT,586510.41,37.364783691461575,77.64779889841618
2026-02-24 15:55:00,2,TXN00162078,DR,HSBCGB2L,SWIFT,492794.59,31.39443553895743,65.24081170621926
2026-02-24 15:55:00,3,TXN00162079,CR,SANTGB2L,BACS,351738.56,22.40818745288115,46.56647947936422
2026-02-24 15:55:00,4,TXN00162080,DR,SANTGB2L,CHAPS,138644.13,8.832593316699832,18.35502207827116
2026-02-24 15:56:00,1,TXN00162086,DR,CHASGB2L,CHAPS,717288.5,52.7432577274468,131.4625624268394
2026-02-24 15:56:00,2,TXN00162084,CR,TSBSGB2A,CHAPS,514470.99,37.8297937564379,94.29075558812511
2026-02-24 15:56:00,3,TXN00162083,CR,NWBKGB2L,CHAPS,49305.85,3.625530249015331,9.036633632957143
2026-02-24 15:56:00,4,TXN00162082,DR,SANTGB2L,SWIFT,39473.56,2.90254778725692,7.2345999492667055
2026-02-24 15:56:00,5,TXN00162085,CR,HSBCGB2L,CHAPS,39423.55,2.898870479843028,7.225434261057615
2026-02-24 15:57:00,1,TXN00162091,CR,NTSBGB2L,FPS,386653.82,32.82051665985732,106.29800114919625
2026-02-24 15:57:00,2,TXN00162089,DR,NTSBGB2L,CHAPS,372559.61,31.6241512544605,102.42325254131488
2026-02-24 15:57:00,3,TXN00162088,CR,BARCGB22,SWIFT,164603.34,13.972102131922965,45.252381120873295
2026-02-24 15:57:00,4,TXN00162092,DR,MIDLGB22,CHAPS,112622.16,9.559759369632289,30.96183167957571
2026-02-24 15:57:00,5,TXN00162087,DR,NWBKGB2L,CHAPS,100460.21,8.527410891628497,27.618295657931164
2026-02-24 16:08:00,1,TXN00162131,DR,BOFAGB22,CHAPS,89582.72,65.76965783489747,
2026-02-24 16:08:00,2,TXN00162132,CR,DEUTGB2L,INTERNAL,46624.04,34.23034216510252,
2026-02-24 16:09:00,1,TXN00162135,DR,NWBKGB2L,SWIFT,1739907.77,72.34463456203889,112.31882340526664
2026-02-24 16:09:00,2,TXN00162136,CR,LOYDGB2L,CHAPS,332261.9,13.815310299113564,21.44899075334227
2026-02-24 16:09:00,3,TXN00162134,DR,BOFAGB22,CHAPS,244147.37,10.151545137322364,15.760803997036174
2026-02-24 16:09:00,4,TXN00162133,DR,DEUTGB2L,SWIFT,88709.65,3.688510001525181,5.726604412309172
2026-02-24 16:10:00,1,TXN00162139,DR,CITIGB2L,SWIFT,188713.96,51.984942395744014,
2026-02-24 16:10:00,2,TXN00162140,DR,BNPAGB22,FPS,114122.92,31.437385036242695,
2026-02-24 16:10:00,3,TXN00162138,DR,CHASGB2L,CHAPS,36836.54,10.147343683310552,
2026-02-24 16:10:00,4,TXN00162137,DR,DEUTGB2L,INTERNAL,23343.16,6.430328884702732,
2026-02-24 16:11:00,1,TXN00162143,DR,COBAGB2X,CHAPS,584399.86,85.71492268853866,
2026-02-24 16:11:00,2,TXN00162141,CR,SANTGB2L,FPS,62261.75,9.132036903128489,
2026-02-24 16:11:00,3,TXN00162142,CR,LOYDGB2L,FPS,35133.16,5.153040408332848,
2026-02-24 16:12:00,1,TXN00162145,CR,LOYDGB2L,SWIFT,379288.45,40.60267226601668,549.9859989477683
2026-02-24 16:12:00,2,TXN00162144,DR,RBOSGB2L,CHAPS,203816.69,21.818492670721504,295.5437368363778
2026-02-24 16:12:00,3,TXN00162148,CR,CITIGB2L,SWIFT,191848.36,20.537287876424354,278.1890983526946
2026-02-24 16:12:00,4,TXN00162146,CR,LOYDGB2L,CHAPS,125726.76,13.458997845434354,182.30968460301472
2026-02-24 16:12:00,5,TXN00162147,CR,MIDLGB22,FPS,33466.26,3.5825493414031024,48.52764284582286
2026-02-24 16:13:00,1,TXN00162149,CR,COBAGB2X,INTERNAL,136785.11,50.961558916875966,
2026-02-24 16:13:00,2,TXN00162151,CR,NWBKGB2L,INTERNAL,48444.36,18.048748919603526,
2026-02-24 16:13:00,3,TXN00162152,CR,SANTGB2L,FPS,46670.93,17.38802819181411,
2026-02-24 16:13:00,4,TXN00162150,CR,DEUTGB2L,CHAPS,36508.01,13.601663971706403,
2026-02-24 16:26:00,1,TXN00162191,DR,DEUTGB2L,CHAPS,530171.21,65.74813567188664,
2026-02-24 16:26:00,2,TXN00162190,CR,COBAGB2X,SWIFT,83372.82,10.339315634864038,
2026-02-24 16:26:00,3,TXN00162192,DR,BARCGB22,FPS,65378.14,8.10774092900216,
2026-02-24 16:26:00,4,TXN00162195,CR,COBAGB2X,SWIFT,57041.4,7.073876580575461,
2026-02-24 16:26:00,5,TXN00162194,CR,RBOSGB2L,SWIFT,42303.43,5.246176334294273,
2026-02-24 16:27:00,1,TXN00162198,DR,LOYDGB2L,CHAPS,231857.73,48.56179361282798,
2026-02-24 16:27:00,2,TXN00162199,CR,SANTGB2L,FPS,152589.95,31.95943330977898,
2026-02-24 16:27:00,3,TXN00162196,CR,HSBCGB2L,FPS,44080.26,9.232456854122553,
2026-02-24 16:27:00,4,TXN00162200,DR,NWBKGB2L,FPS,31789.75,6.658252362357719,
2026-02-24 16:27:00,5,TXN00162197,DR,DEUTGB2L,SWIFT,17131.17,3.5880638609127677,
2026-02-24 16:28:00,1,TXN00162202,DR,DEUTGB2L,CHAPS,748091.61,59.400796381378186,281.61312039838776
2026-02-24 16:28:00,2,TXN00162201,CR,SANTGB2L,FPS,511304.99,40.5992036186218,192.47668572190838
2026-02-24 16:29:00,1,TXN00162206,DR,BNPAGB22,CHAPS,144477.9,45.63793204094737,
2026-02-24 16:29:00,2,TXN00162203,CR,SANTGB2L,CHAPS,88086.32,27.8248610057119,
2026-02-24 16:29:00,3,TXN00162204,DR,NWBKGB2L,CHAPS,44368.34,14.01514893066446,
2026-02-24 16:29:00,4,TXN00162205,DR,SANTGB2L,CHAPS,39641.6,12.522058022676266,
2026-02-24 16:30:00,1,TXN00162208,CR,SANTGB2L,INTERNAL,660671.67,38.13099298229207,308.4987131654523
2026-02-24 16:30:00,2,TXN00162207,CR,BARCGB22,FPS,378196.41,21.82779330561889,176.59771276221633
2026-02-24 16:30:00,3,TXN00162212,DR,LOYDGB2L,CHAPS,141700.56,8.178318072798334,66.16666401758071
2026-02-24 16:30:00,4,TXN00162210,DR,BOFAGB22,SWIFT,139406.79,8.045932000041509,65.09559479298763
2026-02-24 16:30:00,5,TXN00162214,CR,MIDLGB22,FPS,115944.52,6.69179545485161,54.139956112521126
2026-02-24 16:31:00,1,TXN00162219,CR,BOFAGB22,CHAPS,1129589.06,28.99899269883472,47.8604410253522
2026-02-24 16:31:00,2,TXN00162220,DR,BNPAGB22,INTERNAL,1060604.52,27.22801045172224,44.93758117724864
2026-02-24 16:31:00,3,TXN00162218,DR,BOFAGB22,CHAPS,784337.76,20.135645591026154,33.232219074817216
2026-02-24 16:31:00,4,TXN00162222,CR,DEUTGB2L,CHAPS,389164.34,9.990689759607651,16.488807835780662
2026-02-24 16:31:00,5,TXN00162224,DR,CHASGB2L,CHAPS,267196.38,6.8595086010969935,11.32105208878138
2026-02-25 06:39:00,1,TXN00163025,DR,BOFAGB22,BACS,480467.34,57.265040970290435,105.98665367709665
2026-02-25 06:39:00,2,TXN00163026,CR,MIDLGB22,CHAPS,157131.38,18.72788047033181,34.661729877132274
2026-02-25 06:39:00,3,TXN00163027,CR,COBAGB2X,CHAPS,122366.13,14.584345000069902,26.992837103384776
2026-02-25 06:39:00,4,TXN00163024,DR,LOYDGB2L,INTERNAL,73014.41,8.702304677091233,16.10630388760148
2026-02-25 06:39:00,5,TXN00163028,CR,TSBSGB2A,FPS,6044.57,0.7204288822166112,1.3333762649027676
2026-02-25 06:40:00,1,TXN00163033,DR,CITIGB2L,SWIFT,152868.5,50.071655872838555,
2026-02-25 06:40:00,2,TXN00163031,DR,CITIGB2L,INTERNAL,121958.99,39.947331058255685,
2026-02-25 06:40:00,3,TXN00163030,DR,BARCGB22,FPS,16975.36,5.560232384288121,
2026-02-25 06:40:00,4,TXN00163029,CR,BOFAGB22,FPS,9277.45,3.0388031790556336,
2026-02-25 06:40:00,5,TXN00163032,DR,LOYDGB2L,FPS,4219.17,1.3819775055619978,
2026-02-25 06:41:00,1,TXN00163037,CR,NTSBGB2L,FPS,135563.35,52.77914703671061,
2026-02-25 06:41:00,2,TXN00163035,CR,RBOSGB2L,FPS,43507.88,16.939008926642497,
2026-02-25 06:41:00,3,TXN00163038,CR,BNPAGB22,BACS,31173.41,12.136805338800384,
2026-02-25 06:41:00,4,TXN00163036,DR,COBAGB2X,BACS,30919.35,12.037891656775363,
2026-02-25 06:41:00,5,TXN00163034,CR,TSBSGB2A,BACS,15686.22,6.107147041071136,
2026-02-25 06:42:00,1,TXN00163043,DR,CHASGB2L,CHAPS,387962.71,51.32693338731117,104.80661129674863
2026-02-25 06:42:00,2,TXN00163044,CR,NWBKGB2L,CHAPS,105142.3,13.910181801464082,28.403781814355643
2026-02-25 06:42:00,3,TXN00163042,DR,SANTGB2L,FPS,84284.86,11.15077115215235,22.769225836732804
2026-02-25 06:42:00,4,TXN00163040,CR,BOFAGB22,BACS,83719.92,11.076030366503575,22.61660950155465
2026-02-25 06:42:00,5,TXN00163041,CR,TSBSGB2A,CHAPS,66433.43,8.789051494924857,17.946731723571467
2026-02-25 06:43:00,1,TXN00163048,CR,BARCGB22,SWIFT,1809196.45,92.79636300324026,115.6815258592324
2026-02-25 06:43:00,2,TXN00163047,DR,SANTGB2L,SWIFT,50193.08,2.5744773443097784,3.209387284600586
2026-02-25 06:43:00,3,TXN00163046,CR,HSBCGB2L,BACS,47476.6,2.4351450655121707,3.0356932938976486
2026-02-25 06:43:00,4,TXN00163045,DR,COBAGB2X,BACS,42775.42,2.1940145869377887,2.7350959343688332
2026-02-25 06:44:00,1,TXN00163053,DR,NTSBGB2L,CHAPS,265775.83,29.651322731028518,52.91286264913333
2026-02-25 06:44:00,2,TXN00163051,DR,TSBSGB2A,CHAPS,142752.71,15.926228788144213,28.420396757002177
2026-02-25 06:44:00,3,TXN00163049,DR,BARCGB22,BACS,130949.87,14.609443066949428,26.07058920757341
2026-02-25 06:44:00,4,TXN00163050,CR,NWBKGB2L,SWIFT,126862.79,14.153467336923367,25.25689932961867
2026-02-25 06:44:00,5,TXN00163052,DR,CHASGB2L,CHAPS,82875.61,9.246030606473337,16.499565701264636
2026-02-25 06:45:00,1,TXN00163057,DR,DEUTGB2L,FPS,428083.13,43.554846997472914,153.29719486901357
2026-02-25 06:45:00,2,TXN00163060,DR,BOFAGB22,CHAPS,353997.48,36.01708406236653,126.76701526336656
2026-02-25 06:45:00,3,TXN00163059,CR,NTSBGB2L,FPS,119507.78,12.159187569264066,42.79591078261645
2026-02-25 06:45:00,4,TXN00163058,DR,MIDLGB22,CHAPS,81271.52,8.268881370896489,29.10345016104917
2026-02-25 06:46:00,1,TXN00163065,DR,NWBKGB2L,SWIFT,694313.19,54.56149563334014,122.03974361609887
2026-02-25 06:46:00,2,TXN00163066,CR,LOYDGB2L,SWIFT,313019.7,24.598154320962042,55.01961432532801
2026-02-25 06:46:00,3,TXN00163063,CR,HSBCGB2L,CHAPS,89370.24,7.023017897025058,15.708647529091625
2026-02-25 06:46:00,4,TXN00163061,DR,TSBSGB2A,FPS,84050.16,6.604947887885494,14.773534659901951
2026-02-25 06:46:00,5,TXN00163062,DR,COBAGB2X,FPS,74014.48,5.816309967154651,13.009558644678604
2026-02-25 11:58:00,1,TXN00167391,CR,NTSBGB2L,CHAPS,14791855.52,90.75655041064402,100.44605893056716
2026-02-25 11:58:00,2,TXN00167385,CR,LOYDGB2L,CHAPS,241956.69,1.4845436060057982,1.6430390297906974
2026-02-25 11:58:00,3,TXN00167390,DR,LOYDGB2L,BACS,235619.63,1.4456620941787224,1.6000063824432509
2026-02-25 11:58:00,4,TXN00167382,DR,DEUTGB2L,CHAPS,217096.02,1.3320090813786007,1.4742193492241187
2026-02-25 11:58:00,5,TXN00167393,CR,HSBCGB2L,CHAPS,188002.65,1.1535045051643167,1.2766569573012427
2026-02-25 12:48:00,1,TXN00167991,DR,NWBKGB2L,FPS,5583593.29,43.96572000125125,50.80676102231875
2026-02-25 12:48:00,2,TXN00167990,DR,SANTGB2L,INTERNAL,4470084.48,35.19785063528845,40.674616170859395
2026-02-25 12:48:00,3,TXN00167984,DR,CHASGB2L,CHAPS,1071465.14,8.436813694992722,9.749577106416591
2026-02-25 12:48:00,4,TXN00167982,CR,CITIGB2L,FPS,489854.2,3.857156400916323,4.457327742647806
2026-02-25 12:48:00,5,TXN00167989,DR,CHASGB2L,SWIFT,422761.49,3.3288623170209055,3.846831399833099
2026-02-26 06:39:00,1,TXN00171672,CR,LOYDGB2L,BACS,416211.07,73.30843695668523,281.11945115864023
2026-02-26 06:39:00,2,TXN00171673,CR,BARCGB22,CHAPS,80469.46,14.173314360304026,54.35110226701119
2026-02-26 06:39:00,3,TXN00171671,CR,DEUTGB2L,FPS,71072.77,12.518248683010736,48.00434090982796
2026-02-26 06:40:00,1,TXN00171676,DR,RBOSGB2L,SWIFT,856904.14,71.19693153924247,109.31705408885844
2026-02-26 06:40:00,2,TXN00171674,DR,CHASGB2L,CHAPS,144296.76,11.989073297107074,18.408239593482445
2026-02-26 06:40:00,3,TXN00171675,CR,BNPAGB22,BACS,94016.86,7.811506132943347,11.993927547000336
2026-02-26 06:40:00,4,TXN00171677,CR,DEUTGB2L,FPS,86043.83,7.149057155779663,10.976791427478155
2026-02-26 06:40:00,5,TXN00171678,DR,NWBKGB2L,CHAPS,22307.33,1.853431874927445,2.8457927629898188
2026-02-26 06:41:00,1,TXN00171683,DR,NWBKGB2L,CHAPS,262860.65,39.78951209423495,111.69439068851479
2026-02-26 06:41:00,2,TXN00171684,DR,CHASGB2L,CHAPS,146795.0,22.220524174589155,62.37593219495016
2026-02-26 06:41:00,3,TXN00171682,CR,CHASGB2L,CHAPS,101230.76,15.323413943199924,43.01483716613831
2026-02-26 06:41:00,4,TXN00171681,CR,LOYDGB2L,BACS,87643.12,13.266637601392542,37.241195616157775
2026-02-26 06:41:00,5,TXN00171679,CR,BOFAGB22,INTERNAL,55714.21,8.433522600723027,23.67400650740975
2026-02-26 06:42:00,1,TXN00171689,CR,BNPAGB22,CHAPS,2109426.67,56.141206512716,63.30678998855553
2026-02-26 06:42:00,2,TXN00171690,DR,DEUTGB2L,BACS,378367.81,10.070046833613842,11.355337365721123
2026-02-26 06:42:00,3,TXN00171687,DR,RBOSGB2L,CHAPS,354804.98,9.442935342198963,10.64818449259184
2026-02-26 06:42:00,4,TXN00171688,CR,CHASGB2L,CHAPS,274659.03,7.309895879818502,8.242894516295452
2026-02-26 06:42:00,5,TXN00171693,CR,NWBKGB2L,CHAPS,226698.83,6.0334620834300425,6.803543079059132
2026-02-26 06:43:00,1,TXN00171697,CR,SANTGB2L,BACS,559278.28,23.14211118969537,28.084344891427282
2026-02-26 06:43:00,2,TXN00171698,DR,BOFAGB22,CHAPS,433171.04,17.923979404020447,21.751827881351378
2026-02-26 06:43:00,3,TXN00171694,DR,DEUTGB2L,CHAPS,409611.91,16.949137316477753,20.56879833072772
2026-02-26 06:43:00,4,TXN00171701,CR,RBOSGB2L,SWIFT,349435.54,14.459127789320272,17.547021891646022
2026-02-26 06:43:00,5,TXN00171695,CR,NTSBGB2L,CHAPS,195389.57,8.08493252097465,9.811552259936992
2026-02-26 06:44:00,1,TXN00171714,DR,TSBSGB2A,FPS,750733.45,41.04979974583175,54.100274861448305
2026-02-26 06:44:00,2,TXN00171708,DR,LOYDGB2L,SWIFT,473917.53,25.913617812739275,34.15202644115388
2026-02-26 06:44:00,3,TXN00171713,CR,SANTGB2L,SWIFT,194541.69,10.63746049508741,14.01930192535136
2026-02-26 06:44:00,4,TXN00171705,CR,SANTGB2L,BACS,96311.78,5.266288963365897,6.940537644080385
2026-02-26 06:44:00,5,TXN00171709,DR,RBOSGB2L,SWIFT,94488.94,5.1666168134587735,6.809177911770012
2026-02-26 06:45:00,1,TXN00171718,CR,MIDLGB22,CHAPS,475968.62,49.719639004101786,197.72317508675627
2026-02-26 06:45:00,2,TXN00171719,CR,RBOSGB2L,CHAPS,197033.66,20.582118306154154,81.85018763246283
2026-02-26 06:45:00,3,TXN00171715,CR,CHASGB2L,FPS,190922.46,19.943742906780418,79.31152055060734
2026-02-26 06:45:00,4,TXN00171716,DR,SANTGB2L,INTERNAL,53281.37,5.565767092049007,22.13373152493171
2026-02-26 06:45:00,5,TXN00171717,CR,NWBKGB2L,CHAPS,40098.95,4.188732690914639,16.65759333387374
2026-02-26 06:46:00,1,TXN00171726,DR,BARCGB22,CHAPS,264995.42,28.259836776679776,124.11766123065871
2026-02-26 06:46:00,2,TXN00171724,CR,HSBCGB2L,CHAPS,98696.34,10.52524779053046,46.22705891605942
2026-02-26 06:46:00,3,TXN00171721,CR,BARCGB22,BACS,94861.57,10.116297423478425,44.430942274656736
2026-02-26 06:46:00,4,TXN00171728,DR,BOFAGB22,CHAPS,92588.22,9.87386115821669,43.36615826760213
2026-02-26 06:46:00,5,TXN00171722,CR,COBAGB2X,CHAPS,89155.78,9.507816363383078,41.75848359490566
2026-02-26 06:47:00,1,TXN00171730,CR,CITIGB2L,BACS,249858.3,46.30787708538841,
2026-02-26 06:47:00,2,TXN00171731,CR,NWBKGB2L,FPS,176424.34,32.69787976461368,
2026-02-26 06:47:00,3,TXN00171732,DR,LOYDGB2L,FPS,67504.65,12.511079419383563,
2026-02-26 06:47:00,4,TXN00171729,CR,MIDLGB22,SWIFT,45771.67,8.483163730614352,
2026-02-26 06:48:00,1,TXN00171737,DR,RBOSGB2L,FPS,255527.12,43.571213503262236,
2026-02-26 06:48:00,2,TXN00171739,DR,HSBCGB2L,CHAPS,66829.29,11.395398120017271,
2026-02-26 06:48:00,3,TXN00171733,CR,COBAGB2X,BACS,62814.34,10.710788816492375,
2026-02-26 06:48:00,4,TXN00171740,CR,CITIGB2L,CHAPS,62793.53,10.707240398801906,
2026-02-26 06:48:00,5,TXN00171735,DR,CHASGB2L,FPS,47278.89,8.061761156261026,
2026-02-26 13:24:00,1,TXN00177839,CR,COBAGB2X,CHAPS,12549530.53,72.45281867269996,81.11727267259396
2026-02-26 13:24:00,2,TXN00177838,DR,BOFAGB22,FPS,733702.34,4.235919620473298,4.742482806988337
2026-02-26 13:24:00,3,TXN00177851,DR,BARCGB22,BACS,608837.32,3.515030290709417,3.9353840991605074
2026-02-26 13:24:00,4,TXN00177834,CR,CITIGB2L,BACS,593683.48,3.427541884741524,3.8374331703685236
2026-02-26 13:24:00,5,TXN00177848,DR,HSBCGB2L,SWIFT,579021.58,3.3428936200468553,3.7426620283441125
2026-02-26 13:45:00,1,TXN00178176,DR,TSBSGB2A,SWIFT,8930616.71,71.85763813702903,84.08443565488923
2026-02-26 13:45:00,2,TXN00178186,DR,COBAGB2X,BACS,537570.1,4.325403157861704,5.061383771271756
2026-02-26 13:45:00,3,TXN00178185,DR,COBAGB2X,CHAPS,451989.47,3.6368032389789495,4.255616464241077
2026-02-26 13:45:00,4,TXN00178174,DR,CHASGB2L,CHAPS,449271.6,3.614934679919103,4.23002690278588
2026-02-26 13:45:00,5,TXN00178191,DR,CHASGB2L,CHAPS,360102.92,2.897464548945748,3.390477028531854
2026-02-26 14:12:00,1,TXN00178591,DR,BNPAGB22,CHAPS,7622610.43,54.69140565463531,62.47237684399868
2026-02-26 14:12:00,2,TXN00178589,CR,BNPAGB22,FPS,4371323.97,31.36377684345347,35.82591565827199
2026-02-26 14:12:00,3,TXN00178579,CR,COBAGB2X,CHAPS,487483.42,3.497640830259374,3.9952517840323742
2026-02-26 14:12:00,4,TXN00178588,DR,NTSBGB2L,CHAPS,410336.33,2.9441188008953914,3.362979923472673
2026-02-26 14:12:00,5,TXN00178578,DR,HSBCGB2L,SWIFT,184179.59,1.321468644173439,1.5094745899867759
2026-02-27 06:32:00,1,TXN00181610,DR,BOFAGB22,FPS,898264.96,61.55809865211631,89.86990925216834
2026-02-27 06:32:00,2,TXN00181607,DR,BARCGB22,FPS,281729.16,19.30689963065893,28.186532003752667
2026-02-27 06:32:00,3,TXN00181609,CR,NWBKGB2L,BACS,210800.74,14.446174933573186,21.090262024792697
2026-02-27 06:32:00,4,TXN00181608,CR,NWBKGB2L,CHAPS,68420.06,4.688826783651582,6.845312749623354
2026-02-27 06:33:00,1,TXN00181613,CR,CHASGB2L,CHAPS,406582.05,50.87359932516557,122.53906340972438
2026-02-27 06:33:00,2,TXN00181611,DR,RBOSGB2L,SWIFT,189893.7,23.760458702427208,57.231735009962144
2026-02-27 06:33:00,3,TXN00181614,DR,CHASGB2L,FPS,117899.82,14.752220869537016,35.53362357973032
2026-02-27 06:33:00,4,TXN00181612,DR,BARCGB22,CHAPS,67229.19,8.41205575852507,20.262089721851734
2026-02-27 06:33:00,5,TXN00181615,DR,SANTGB2L,INTERNAL,17595.72,2.2016653443451384,5.303143729094177
2026-02-27 06:34:00,1,TXN00181622,CR,MIDLGB22,CHAPS,583487.05,28.823185365218784,37.50154124914128
2026-02-27 06:34:00,2,TXN00181621,CR,NWBKGB2L,CHAPS,363537.62,17.95808871592003,23.365079057101006
2026-02-27 06:34:00,3,TXN00181617,CR,NWBKGB2L,FPS,358790.45,17.723587263196777,23.059971700268175
2026-02-27 06:34:00,4,TXN00181618,DR,MIDLGB22,FPS,290173.14,14.334018556585926,18.649839750690006
2026-02-27 06:34:00,5,TXN00181623,CR,LOYDGB2L,SWIFT,215656.34,10.653025912065479,13.860539201596396
2026-02-27 06:35:00,1,TXN00181631,CR,CITIGB2L,BACS,337261.73,27.753409938145086,45.164377199271144
2026-02-27 06:35:00,2,TXN00181624,DR,BARCGB22,CHAPS,313824.3,25.82473394313498,42.02575566310838
2026-02-27 06:35:00,3,TXN00181626,CR,NWBKGB2L,FPS,196400.71,16.16189722081053,26.300985138885057
2026-02-27 06:35:00,4,TXN00181629,DR,NWBKGB2L,INTERNAL,147142.9,12.108451270731159,19.704629510720455
2026-02-27 06:35:00,5,TXN00181625,CR,CITIGB2L,FPS,111653.25,9.187993011173246,14.952035911470064
2026-02-27 06:36:00,1,TXN00181632,CR,CITIGB2L,CHAPS,195688.83,76.71344676882512,
2026-02-27 06:36:00,2,TXN00181634,CR,BNPAGB22,CHAPS,48242.51,18.91190837453274,
2026-02-27 06:36:00,3,TXN00181633,DR,HSBCGB2L,CHAPS,11159.31,4.3746448566421385,
2026-02-27 06:37:00,1,TXN00181635,CR,MIDLGB22,CHAPS,371711.54,30.937796800533526,50.73945976263185
2026-02-27 06:37:00,2,TXN00181639,DR,NTSBGB2L,BACS,309662.7,25.773430895647127,42.26965379293292
2026-02-27 06:37:00,3,TXN00181636,DR,BOFAGB22,BACS,294293.02,24.49420228539407,40.17165796551114
2026-02-27 06:37:00,4,TXN00181638,DR,HSBCGB2L,FPS,209802.44,17.46199554895747,28.638504100469905
2026-02-27 06:37:00,5,TXN00181637,CR,BARCGB22,FPS,16010.62,1.332574469467798,2.185485576435934
2026-02-27 06:38:00,1,TXN00181642,CR,HSBCGB2L,CHAPS,1251188.55,79.40434556696498,114.07102241986821
2026-02-27 06:38:00,2,TXN00181641,DR,NWBKGB2L,CHAPS,192757.41,12.232989179954652,17.573718076069134
2026-02-27 06:38:00,3,TXN00181640,CR,SANTGB2L,FPS,57244.15,3.6328931145407126,5.21895658176883
2026-02-27 06:38:00,4,TXN00181643,DR,RBOSGB2L,CHAPS,48516.71,3.0790224276047167,4.423274744760287
2026-02-27 06:38:00,5,TXN00181644,CR,CHASGB2L,BACS,26011.16,1.6507497109349478,2.3714408316210847
2026-02-27 06:39:00,1,TXN00181647,CR,SANTGB2L,BACS,163040.3,40.0926466965456,
2026-02-27 06:39:00,2,TXN00181646,DR,DEUTGB2L,BACS,138562.53,34.073407376394066,
2026-02-27 06:39:00,3,TXN00181648,DR,NWBKGB2L,FPS,60019.79,14.759248083270583,
2026-02-27 06:39:00,4,TXN00181645,DR,CHASGB2L,BACS,45036.24,11.074697843789755,
2026-02-27 07:30:00,1,TXN00182093,DR,BOFAGB22,CHAPS,19824517.48,88.8112779935129,95.82661611249996
2026-02-27 07:30:00,2,TXN00182095,CR,NWBKGB2L,FPS,773496.55,3.4651646476831752,3.738883281067032
2026-02-27 07:30:00,3,TXN00182098,DR,COBAGB2X,SWIFT,426495.52,1.9106448481240836,2.06156959481977
2026-02-27 07:30:00,4,TXN00182100,DR,BARCGB22,BACS,342447.46,1.5341203940481678,1.655302900624277
2026-02-27 07:30:00,5,TXN00182097,DR,SANTGB2L,CHAPS,317765.62,1.4235489384834694,1.5359972373708708
2026-02-27 10:11:00,1,TXN00185279,CR,BARCGB22,BACS,55704706.73,91.111241885132,95.80184190597394
2026-02-27 10:11:00,2,TXN00185291,CR,BARCGB22,SWIFT,1998634.66,3.2689892225785453,3.4372837227774413
2026-02-27 10:11:00,3,TXN00185277,DR,COBAGB2X,FPS,631161.07,1.0323341112983313,1.085480861400549
2026-02-27 10:11:00,4,TXN00185272,DR,HSBCGB2L,CHAPS,346355.44,0.5665028347609312,0.5956676025059121
2026-02-27 10:11:00,5,TXN00185269,CR,TSBSGB2A,SWIFT,302981.38,0.49555973669643794,0.5210722032503162
2026-02-27 10:12:00,1,TXN00185298,CR,TSBSGB2A,CHAPS,14488254.8,72.09191858112956,84.70953341627846
2026-02-27 10:12:00,2,TXN00185295,DR,DEUTGB2L,CHAPS,669521.2,3.3314618292563543,3.914538310322017
2026-02-27 10:12:00,3,TXN00185311,DR,RBOSGB2L,FPS,553697.29,2.755135142244467,3.2373422290832314
2026-02-27 10:12:00,4,TXN00185303,DR,LOYDGB2L,FPS,355677.77,1.7698123887190145,2.079567094805815
2026-02-27 10:12:00,5,TXN00185305,CR,HSBCGB2L,CHAPS,348516.2,1.7341772257211177,2.037695022454629
2026-03-02 06:59:00,1,TXN00192256,DR,BARCGB22,CHAPS,15718198.28,85.55391663831567,89.18693447580851
2026-03-02 06:59:00,2,TXN00192254,DR,NTSBGB2L,BACS,1515219.43,8.24731654950062,8.597536028784715
2026-03-02 06:59:00,3,TXN00192258,DR,BARCGB22,FPS,479928.73,2.612244853215626,2.723172938340615
2026-03-02 06:59:00,4,TXN00192261,DR,BNPAGB22,FPS,208112.96,1.132755708639217,1.18085779276011
2026-03-02 06:59:00,5,TXN00192260,DR,SANTGB2L,CHAPS,191291.4,1.0411962107674022,1.0854102520957432
2026-03-02 07:29:00,1,TXN00192416,CR,COBAGB2X,SWIFT,16883591.41,98.14822082860984,105.4179185374964
2026-03-02 07:29:00,2,TXN00192415,CR,CITIGB2L,BACS,261245.57,1.5186809057502566,1.631167418576011
2026-03-02 07:29:00,3,TXN00192414,DR,BOFAGB22,CHAPS,57300.02,0.33309826563990275,0.3577703756192069
2026-03-02 12:11:00,1,TXN00194965,CR,SANTGB2L,CHAPS,10903732.62,91.51843626194128,106.19364565582093
2026-03-02 12:11:00,2,TXN00194961,DR,BOFAGB22,CHAPS,381321.88,3.2005537357044638,3.7137705056391477
2026-03-02 12:11:00,3,TXN00194963,DR,BNPAGB22,SWIFT,317229.88,2.662609545277283,3.089565623277233
2026-03-02 12:11:00,4,TXN00194964,DR,SANTGB2L,SWIFT,138812.9,1.1651000610271043,1.3519267602012148
2026-03-02 12:11:00,5,TXN00194966,DR,RBOSGB2L,INTERNAL,43596.86,0.36592207386049946,0.42459859058305055
2026-03-02 13:42:00,1,TXN00195719,DR,COBAGB2X,FPS,16720563.33,89.06743251637413,100.45024208112116
2026-03-02 13:42:00,2,TXN00195717,CR,BNPAGB22,INTERNAL,438526.9,2.3359538970966445,2.634488587178696
2026-03-02 13:42:00,3,TXN00195725,DR,CHASGB2L,INTERNAL,414003.79,2.2053237022934757,2.487163865668732
2026-03-02 13:42:00,4,TXN00195722,CR,CITIGB2L,FPS,383043.61,2.0404043937497724,2.3011678848816968
2026-03-02 13:42:00,5,TXN00195721,CR,NWBKGB2L,BACS,306981.78,1.6352367102877037,1.844219809279206
2026-03-02 14:48:00,1,TXN00196210,CR,CHASGB2L,CHAPS,10280854.32,94.77145341052159,109.82664593140406
2026-03-02 14:48:00,2,TXN00196213,CR,HSBCGB2L,CHAPS,249843.43,2.303118422766437,2.6689869412425966
2026-03-02 14:48:00,3,TXN00196211,CR,NWBKGB2L,FPS,178979.77,1.649879709022165,1.9119761079032713
2026-03-02 14:48:00,4,TXN00196214,DR,RBOSGB2L,CHAPS,57448.57,0.5295751020092353,0.6137022819573891
2026-03-02 14:48:00,5,TXN00196212,DR,BOFAGB22,CHAPS,45053.29,0.41531235063991434,0.4812879917235192
2026-03-02 14:50:00,1,TXN00196220,DR,RBOSGB2L,BACS,823309.8,46.864311145176174,319.3235048355458
2026-03-02 14:50:00,2,TXN00196224,DR,CITIGB2L,CHAPS,558508.89,31.79135532980049,216.6195716808063
2026-03-02 14:50:00,3,TXN00196225,CR,BNPAGB22,CHAPS,154354.38,8.786135778950717,59.86687102269118
2026-03-02 14:50:00,4,TXN00196226,DR,HSBCGB2L,CHAPS,142165.25,8.092308035239903,55.13927551429799
2026-03-02 14:50:00,5,TXN00196221,CR,BOFAGB22,CHAPS,29810.42,1.696864045889388,11.562072739835783
2026-03-02 14:51:00,1,TXN00196227,CR,BARCGB22,BACS,1001426.49,72.12714516851914,
2026-03-02 14:51:00,2,TXN00196232,DR,CITIGB2L,SWIFT,164928.84,11.878901251309484,
2026-03-02 14:51:00,3,TXN00196233,DR,SANTGB2L,SWIFT,118313.68,8.521472177934616,
2026-03-02 14:51:00,4,TXN00196230,DR,HSBCGB2L,CHAPS,37903.84,2.730001450355404,
2026-03-02 14:51:00,5,TXN00196228,DR,MIDLGB22,BACS,36491.05,2.6282460939311583,
2026-03-02 14:52:00,1,TXN00196234,DR,SANTGB2L,CHAPS,170484.6,44.0797500305031,
2026-03-02 14:52:00,2,TXN00196237,DR,TSBSGB2A,BACS,98463.06,25.458176703575738,
2026-03-02 14:52:00,3,TXN00196236,DR,COBAGB2X,CHAPS,91335.97,23.615427589316162,
2026-03-02 14:52:00,4,TXN00196235,DR,DEUTGB2L,CHAPS,26480.36,6.846645676605002,
2026-03-02 14:53:00,1,TXN00196245,DR,HSBCGB2L,SWIFT,317674.25,25.817335873015875,
2026-03-02 14:53:00,2,TXN00196240,CR,RBOSGB2L,CHAPS,302352.81,24.572164876190477,
2026-03-02 14:53:00,3,TXN00196242,DR,CITIGB2L,CHAPS,284099.48,23.088719644444446,
2026-03-02 14:53:00,4,TXN00196243,DR,RBOSGB2L,SWIFT,76319.19,6.202448457142857,
2026-03-02 14:53:00,5,TXN00196239,CR,HSBCGB2L,BACS,72159.68,5.864405739682539,
2026-03-02 14:54:00,1,TXN00196249,CR,TSBSGB2A,FPS,658921.46,39.25729055160041,327.5347254061365
2026-03-02 14:54:00,2,TXN00196252,CR,SANTGB2L,SWIFT,358231.57,21.342757342044955,178.06868653474902
2026-03-02 14:54:00,3,TXN00196250,DR,DEUTGB2L,CHAPS,319448.04,19.03210820060295,158.7902844489668
2026-03-02 14:54:00,4,TXN00196248,DR,CHASGB2L,BACS,178277.55,10.621438219932115,88.61767589923201
2026-03-02 14:54:00,5,TXN00196251,CR,BOFAGB22,CHAPS,144298.7,8.59704279796597,71.7275699003072
2026-03-02 14:55:00,1,TXN00196255,CR,BARCGB22,SWIFT,215311.7,40.30107553851094,
2026-03-02 14:55:00,2,TXN00196257,DR,SANTGB2L,FPS,168258.33,31.493837386977585,
2026-03-02 14:55:00,3,TXN00196256,DR,NTSBGB2L,FPS,75021.84,14.042250564544712,
2026-03-02 14:55:00,4,TXN00196253,DR,LOYDGB2L,CHAPS,48814.48,9.13687479989769,
2026-03-02 14:55:00,5,TXN00196254,CR,RBOSGB2L,CHAPS,16763.96,3.1378026288612086,
2026-03-02 14:56:00,1,TXN00196267,CR,TSBSGB2A,FPS,829517.2,45.763736542037215,254.8110638112035
2026-03-02 14:56:00,2,TXN00196264,CR,CHASGB2L,CHAPS,354032.3,19.531651549324692,108.75162924473071
2026-03-02 14:56:00,3,TXN00196260,DR,HSBCGB2L,SWIFT,231705.3,12.782978224675384,71.17522576227961
2026-03-02 14:56:00,4,TXN00196263,DR,RBOSGB2L,FPS,223978.18,12.356679789985051,68.80160931719948
2026-03-02 14:56:00,5,TXN00196259,DR,HSBCGB2L,CHAPS,56777.43,3.1323610264548583,17.440888915583834
2026-03-02 14:57:00,1,TXN00196268,CR,BNPAGB22,INTERNAL,402467.93,75.03400103441447,
2026-03-02 14:57:00,2,TXN00196270,DR,DEUTGB2L,SWIFT,86462.4,16.11959445076272,
2026-03-02 14:57:00,3,TXN00196269,DR,CITIGB2L,CHAPS,47450.41,8.84640451482281,
2026-03-02 14:58:00,1,TXN00196271,CR,CITIGB2L,CHAPS,434081.74,49.18206702670376,
2026-03-02 14:58:00,2,TXN00196275,CR,COBAGB2X,CHAPS,266731.92,30.22109883636521,
2026-03-02 14:58:00,3,TXN00196273,DR,HSBCGB2L,SWIFT,73733.7,8.354131126379256,
2026-03-02 14:58:00,4,TXN00196272,CR,COBAGB2X,BACS,57330.14,6.495584882539197,
2026-03-02 14:58:00,5,TXN00196274,CR,NTSBGB2L,BACS,50724.16,5.747118128012586,
2026-03-02 14:59:00,1,TXN00196277,CR,BARCGB22,BACS,279580.12,43.71726640200516,
2026-03-02 14:59:00,2,TXN00196276,DR,DEUTGB2L,FPS,144235.21,22.553710543221595,
2026-03-02 14:59:00,3,TXN00196279,CR,BNPAGB22,INTERNAL,114377.7,17.88496400011784,
2026-03-02 14:59:00,4,TXN00196278,DR,RBOSGB2L,FPS,101325.73,15.84405905465541,
2026-03-03 16:19:00,1,TXN00202559,DR,BOFAGB22,BACS,929727.93,70.1808136944991,631.7248831207207
2026-03-03 16:19:00,2,TXN00202560,CR,MIDLGB22,CHAPS,208135.39,15.711167275379058,141.4223459125678
2026-03-03 16:19:00,3,TXN00202558,DR,BNPAGB22,CHAPS,158171.67,11.939639700850757,107.47335485958696
2026-03-03 16:19:00,4,TXN00202561,DR,MIDLGB22,CHAPS,28725.84,2.1683793292710805,19.518428274543204
2026-03-03 16:20:00,1,TXN00202565,CR,LOYDGB2L,BACS,437563.75,38.11295638918179,
2026-03-03 16:20:00,2,TXN00202564,DR,RBOSGB2L,CHAPS,319119.49,27.79614903041656,
2026-03-03 16:20:00,3,TXN00202566,CR,LOYDGB2L,FPS,231803.44,20.190690841237004,
2026-03-03 16:20:00,4,TXN00202563,CR,BARCGB22,FPS,134447.18,11.710703887121532,
2026-03-03 16:20:00,5,TXN00202562,DR,CHASGB2L,CHAPS,25137.01,2.189499852043106,
2026-03-03 16:21:00,1,TXN00202569,DR,CHASGB2L,BACS,216938.29,40.67872349482005,
2026-03-03 16:21:00,2,TXN00202568,CR,NWBKGB2L,CHAPS,215729.04,40.45197354493286,
2026-03-03 16:21:00,3,TXN00202567,DR,DEUTGB2L,CHAPS,100629.37,18.86930296024708,
2026-03-04 06:44:00,1,TXN00203617,DR,HSBCGB2L,CHAPS,432547.87,51.516903671991244,141.48391861945055
2026-03-04 06:44:00,2,TXN00203614,CR,BOFAGB22,CHAPS,194854.95,23.20742832269795,63.73593259954582
2026-03-04 06:44:00,3,TXN00203613,DR,LOYDGB2L,FPS,85724.79,10.209912139277622,28.040085394547173
2026-03-04 06:44:00,4,TXN00203615,DR,BOFAGB22,FPS,83851.93,9.986852554656094,27.427483668348348
2026-03-04 06:44:00,5,TXN00203616,DR,NWBKGB2L,CHAPS,42643.65,5.078903311377095,13.948492466825309
2026-03-04 06:45:00,1,TXN00203618,DR,HSBCGB2L,CHAPS,38915.45,100.0,
2026-03-04 06:46:00,1,TXN00203623,DR,MIDLGB22,SWIFT,413325.64,47.979380802338675,311.07345655967134
2026-03-04 06:46:00,2,TXN00203619,CR,RBOSGB2L,FPS,306317.45,35.55773017118255,230.53790705082875
2026-03-04 06:46:00,3,TXN00203621,CR,LOYDGB2L,CHAPS,102241.16,11.86828755485103,76.94782990929478
2026-03-04 06:46:00,4,TXN00203622,DR,MIDLGB22,CHAPS,23867.58,2.7705798983345975,17.96300517508297
2026-03-04 06:46:00,5,TXN00203620,DR,NWBKGB2L,FPS,15713.31,1.8240215732931457,11.826011218887
2026-03-04 06:53:00,1,TXN00203636,DR,SANTGB2L,CHAPS,286136.98,47.99434957602112,
2026-03-04 06:53:00,2,TXN00203637,CR,SANTGB2L,CHAPS,268310.05,45.00420160462904,
2026-03-04 06:53:00,3,TXN00203638,DR,COBAGB2X,FPS,41741.86,7.001448819349855,
2026-03-04 06:54:00,1,TXN00203642,CR,HSBCGB2L,CHAPS,1258443.13,82.69386685591155,157.77822605135478
2026-03-04 06:54:00,2,TXN00203639,DR,MIDLGB22,FPS,130310.89,8.562891028325879,16.33782295698434
2026-03-04 06:54:00,3,TXN00203640,DR,TSBSGB2A,CHAPS,118778.76,7.805100389995593,14.891973740108238
2026-03-04 06:54:00,4,TXN00203641,CR,RBOSGB2L,CHAPS,14276.73,0.9381417257669787,1.7899554453558488
2026-03-04 06:55:00,1,TXN00203643,DR,TSBSGB2A,CHAPS,247087.03,51.649293880928475,
2026-03-04 06:55:00,2,TXN00203645,CR,BOFAGB22,FPS,176358.24,36.86465682186279,
2026-03-04 06:55:00,3,TXN00203644,DR,BOFAGB22,CHAPS,54948.55,11.48604929720873,
2026-03-04 07:17:00,1,TXN00203723,DR,CHASGB2L,BACS,1413783.16,54.527430244834434,99.92795668723323
2026-03-04 07:17:00,2,TXN00203728,DR,TSBSGB2A,CHAPS,435968.94,16.81464784512245,30.814828317306443
2026-03-04 07:17:00,3,TXN00203730,CR,LOYDGB2L,CHAPS,278916.7,10.757385809694759,19.714180155424984
2026-03-04 07:17:00,4,TXN00203729,DR,SANTGB2L,FPS,95195.86,3.671557111874939,6.728562090726784
2026-03-04 07:17:00,5,TXN00203726,DR,NTSBGB2L,FPS,95099.57,3.667843355475213,6.721756193456502
2026-03-04 07:18:00,1,TXN00203735,CR,BNPAGB22,BACS,790010.68,54.87174988861012,301.8186383976124
2026-03-04 07:18:00,2,TXN00203733,DR,HSBCGB2L,FPS,476674.44,33.108363357788136,182.11048797434535
2026-03-04 07:18:00,3,TXN00203731,DR,TSBSGB2A,BACS,109641.38,7.615358289589274,41.88780336948763
2026-03-04 07:18:00,4,TXN00203732,CR,CITIGB2L,CHAPS,33753.91,2.3444443906538783,12.895470168574878
2026-03-04 07:18:00,5,TXN00203734,CR,COBAGB2X,INTERNAL,29659.86,2.060084073358593,11.331363976324734
2026-03-04 07:19:00,1,TXN00203738,DR,COBAGB2X,SWIFT,412048.11,63.23458615171404,
2026-03-04 07:19:00,2,TXN00203736,DR,BOFAGB22,CHAPS,196312.76,30.126958075115944,
2026-03-04 07:19:00,3,TXN00203737,CR,RBOSGB2L,SWIFT,43257.39,6.638455773170016,
2026-03-04 07:52:00,1,TXN00203917,CR,CITIGB2L,CHAPS,355316.32,24.107682531452838,
2026-03-04 07:52:00,2,TXN00203914,CR,SANTGB2L,FPS,256596.35,17.409679759515573,
2026-03-04 07:52:00,3,TXN00203911,DR,LOYDGB2L,CHAPS,229660.28,15.582107571992662,
2026-03-04 07:52:00,4,TXN00203915,DR,BARCGB22,CHAPS,182703.06,12.396130208724946,
2026-03-04 07:52:00,5,TXN00203909,CR,TSBSGB2A,FPS,113465.7,7.698478566391401,
2026-03-04 07:53:00,1,TXN00203919,CR,SANTGB2L,CHAPS,130491.04,55.22901001148504,
2026-03-04 07:53:00,2,TXN00203921,DR,TSBSGB2A,CHAPS,73122.87,30.94851354773875,
2026-03-04 07:53:00,3,TXN00203920,CR,BOFAGB22,CHAPS,32658.73,13.822476440776216,
2026-03-04 07:54:00,1,TXN00203922,CR,MIDLGB22,SWIFT,481681.26,24.27346484103288,128.2469308743375
2026-03-04 07:54:00,2,TXN00203928,DR,CITIGB2L,SWIFT,378944.98,19.09625391844372,100.89354660639528
2026-03-04 07:54:00,3,TXN00203931,DR,SANTGB2L,CHAPS,360733.94,18.178541157190264,96.04488384540309
2026-03-04 07:54:00,4,TXN00203925,DR,CITIGB2L,FPS,357611.69,18.02120095757379,95.21358935011298
2026-03-04 07:54:00,5,TXN00203924,DR,RBOSGB2L,CHAPS,172019.2,8.668599652771634,45.79986037127298
2026-03-04 07:55:00,1,TXN00203933,DR,CHASGB2L,CHAPS,297924.18,34.30916660423995,
2026-03-04 07:55:00,2,TXN00203936,CR,NWBKGB2L,INTERNAL,272913.77,31.428949484802555,
2026-03-04 07:55:00,3,TXN00203935,CR,TSBSGB2A,BACS,157939.85,18.188468714082447,
2026-03-04 07:55:00,4,TXN00203932,DR,BOFAGB22,FPS,90989.97,10.478471536096182,
2026-03-04 07:55:00,5,TXN00203934,CR,DEUTGB2L,SWIFT,48583.78,5.5949436607788625,
2026-03-04 16:35:00,1,TXN00207604,CR,NTSBGB2L,SWIFT,1054050.2,45.129059151625576,185.23177666072206
2026-03-04 16:35:00,2,TXN00207609,DR,NWBKGB2L,SWIFT,832700.04,35.651973085077906,146.33317069211157
2026-03-04 16:35:00,3,TXN00207610,CR,BARCGB22,SWIFT,269583.82,11.542205636032499,47.37486880376694
2026-03-04 16:35:00,4,TXN00207607,DR,CITIGB2L,INTERNAL,71129.26,3.045392507824916,12.499783409141642
2026-03-04 16:35:00,5,TXN00207605,CR,BARCGB22,CHAPS,41928.48,1.7951638869360778,7.3682324077957135
2026-03-05 07:53:00,1,TXN00208712,DR,SANTGB2L,CHAPS,16837380.87,97.83549548383479,108.13023313484314
2026-03-05 07:53:00,2,TXN00208711,CR,TSBSGB2A,CHAPS,187394.2,1.0888750779797995,1.203451931780018
2026-03-05 07:53:00,3,TXN00208710,CR,NTSBGB2L,FPS,141212.16,0.8205291398116693,0.9068692987447264
2026-03-05 07:53:00,4,TXN00208713,DR,HSBCGB2L,CHAPS,43902.48,0.2551002983737308,0.28194322111321274
2026-03-05 17:46:00,1,TXN00213619,DR,CHASGB2L,INTERNAL,6401749.69,65.60757218874,76.29921680138409
2026-03-05 17:46:00,2,TXN00213618,DR,BOFAGB22,CHAPS,1503254.49,15.405925293327508,17.916529979191374
2026-03-05 17:46:00,3,TXN00213623,DR,SANTGB2L,CHAPS,681924.82,6.9886256136083835,8.127517038771446
2026-03-05 17:46:00,4,TXN00213620,DR,NWBKGB2L,INTERNAL,250246.25,2.5646190036893612,2.9825584890188614
2026-03-05 17:46:00,5,TXN00213613,CR,DEUTGB2L,CHAPS,233551.14,2.393521149576925,2.78357791666022
2026-03-06 06:58:00,1,TXN00213823,DR,MIDLGB22,FPS,303803.42,62.654730229360545,
2026-03-06 06:58:00,2,TXN00213825,DR,MIDLGB22,CHAPS,74580.29,15.38102484289833,
2026-03-06 06:58:00,3,TXN00213822,CR,BNPAGB22,FPS,39011.78,8.045572863094048,
2026-03-06 06:58:00,4,TXN00213826,DR,BOFAGB22,FPS,33995.78,7.011100878445315,
2026-03-06 06:58:00,5,TXN00213824,CR,LOYDGB2L,FPS,33493.78,6.907571186201761,
2026-03-06 12:04:00,1,TXN00217154,DR,TSBSGB2A,CHAPS,7315746.72,62.28741709865243,72.179512039793
2026-03-06 12:04:00,2,TXN00217159,DR,BARCGB22,FPS,1773434.23,15.099297694253352,17.49727297230241
2026-03-06 12:04:00,3,TXN00217160,CR,BOFAGB22,FPS,817747.46,6.962430367242621,8.068159668953129
2026-03-06 12:04:00,4,TXN00217153,CR,BOFAGB22,BACS,803783.2,6.843536463395984,7.930383784771507
2026-03-06 12:04:00,5,TXN00217158,DR,SANTGB2L,INTERNAL,311391.05,2.6512323286306083,3.0722843344361683
2026-03-06 14:28:00,1,TXN00218649,DR,NTSBGB2L,CHAPS,9335556.14,67.28815188329705,76.69556571113901
2026-03-06 14:28:00,2,TXN00218651,DR,BOFAGB22,BACS,990802.73,7.141436844556895,8.139865986119059
2026-03-06 14:28:00,3,TXN00218659,DR,NTSBGB2L,BACS,555495.91,4.003863572998695,4.563635248802003
2026-03-06 14:28:00,4,TXN00218653,CR,RBOSGB2L,BACS,486516.87,3.5066813965243084,3.996943086527535
2026-03-06 14:28:00,5,TXN00218646,CR,CHASGB2L,CHAPS,478431.21,3.4484021563807534,3.9305159494027477
2026-03-10 15:56:00,1,TXN00232256,DR,CHASGB2L,FPS,964108.18,91.16482045524153,1303.205610899425
2026-03-10 15:56:00,2,TXN00232255,DR,TSBSGB2A,CHAPS,40388.22,3.8190577584424137,54.59361927438514
2026-03-10 15:56:00,3,TXN00232254,DR,COBAGB2X,SWIFT,37480.19,3.5440782091262197,50.662773036088666
2026-03-10 15:56:00,4,TXN00232257,CR,BNPAGB22,BACS,15567.51,1.4720435771898306,21.042935637920746
2026-03-10 15:57:00,1,TXN00232258,CR,NTSBGB2L,CHAPS,102732.08,35.299156094772584,
2026-03-10 15:57:00,2,TXN00232260,CR,CITIGB2L,CHAPS,95812.09,32.921419683865054,
2026-03-10 15:57:00,3,TXN00232259,CR,TSBSGB2A,SWIFT,84420.79,29.00732316384538,
2026-03-10 15:57:00,4,TXN00232261,CR,BNPAGB22,FPS,8067.72,2.772101057516977,
2026-03-10 15:58:00,1,TXN00232262,DR,NWBKGB2L,SWIFT,105211.0,36.855744777251516,
2026-03-10 15:58:00,2,TXN00232264,CR,TSBSGB2A,FPS,80609.04,28.23760067843912,
2026-03-10 15:58:00,3,TXN00232263,DR,CHASGB2L,CHAPS,79247.09,27.760505302486248,
2026-03-10 15:58:00,4,TXN00232265,DR,MIDLGB22,CHAPS,20399.9,7.146149241823129,
2026-03-10 15:59:00,1,TXN00232269,CR,MIDLGB22,FPS,1367333.57,80.2591870799182,183.1411202713821
2026-03-10 15:59:00,2,TXN00232266,CR,NTSBGB2L,CHAPS,106494.11,6.250947745983731,14.263857068691584
2026-03-10 15:59:00,3,TXN00232267,DR,NWBKGB2L,CHAPS,101964.88,5.985092854482765,13.657210472450439
2026-03-10 15:59:00,4,TXN00232270,DR,BNPAGB22,FPS,76463.08,4.488198620345987,10.241490765563748
2026-03-10 15:59:00,5,TXN00232268,DR,MIDLGB22,SWIFT,51391.78,3.0165736992693004,6.8834323741063494
2026-03-10 16:00:00,1,TXN00232274,DR,COBAGB2X,CHAPS,171488.34,34.941099970085126,
2026-03-10 16:00:00,2,TXN00232272,DR,LOYDGB2L,CHAPS,126441.38,25.762689748676337,
2026-03-10 16:00:00,3,TXN00232271,DR,CHASGB2L,BACS,123918.89,25.248727252663254,
2026-03-10 16:00:00,4,TXN00232275,CR,CHASGB2L,CHAPS,38601.67,7.865169203237,
2026-03-10 16:00:00,5,TXN00232273,DR,HSBCGB2L,CHAPS,30342.34,6.182313825338286,
2026-03-10 16:01:00,1,TXN00232276,DR,SANTGB2L,CHAPS,1133186.79,100.0,592.1152043387262
2026-03-10 16:02:00,1,TXN00232277,DR,MIDLGB22,SWIFT,136570.39,36.27619265379049,
2026-03-10 16:02:00,2,TXN00232279,DR,RBOSGB2L,SWIFT,125563.69,33.35256352977264,
2026-03-10 16:02:00,3,TXN00232280,DR,BARCGB22,BACS,101801.37,27.0407524686706,
2026-03-10 16:02:00,4,TXN00232278,CR,HSBCGB2L,FPS,12538.43,3.330491347766278,
2026-03-10 16:03:00,1,TXN00232285,DR,CITIGB2L,SWIFT,478837.66,44.70286189056893,370.18970393098647
2026-03-10 16:03:00,2,TXN00232284,CR,TSBSGB2A,INTERNAL,415126.07,38.75493705817677,320.93423259008904
2026-03-10 16:03:00,3,TXN00232282,DR,BOFAGB22,FPS,70741.25,6.60419301338205,54.690106023005576
2026-03-10 16:03:00,4,TXN00232281,DR,NWBKGB2L,BACS,64725.2,6.042552451783872,50.03909388596103
2026-03-10 16:03:00,5,TXN00232283,CR,BARCGB22,CHAPS,41726.43,3.8954555860883877,32.25872995828488
2026-03-10 16:04:00,1,TXN00232287,DR,NTSBGB2L,BACS,201361.03,59.642840851938054,
2026-03-10 16:04:00,2,TXN00232286,CR,COBAGB2X,BACS,136250.37,40.35715914806194,
2026-03-10 16:05:00,1,TXN00232289,DR,RBOSGB2L,FPS,266386.17,59.28136704588683,
2026-03-10 16:05:00,2,TXN00232288,CR,NTSBGB2L,CHAPS,85084.75,18.934692798644612,
2026-03-10 16:05:00,3,TXN00232291,CR,BNPAGB22,FPS,74911.29,16.670699077098753,
2026-03-10 16:05:00,4,TXN00232290,CR,BNPAGB22,CHAPS,22976.81,5.113241078369808,
2026-03-10 16:06:00,1,TXN00232292,DR,DEUTGB2L,BACS,24328.7,100.0,
2026-03-10 16:07:00,1,TXN00232298,DR,BARCGB22,CHAPS,900081.4,48.624615339120155,100.25823482130535
2026-03-10 16:07:00,2,TXN00232297,CR,COBAGB2X,FPS,584265.73,31.563474566944986,65.08017025613616
2026-03-10 16:07:00,3,TXN00232296,CR,BARCGB22,BACS,114651.44,6.193753329505769,12.770790501971044
2026-03-10 16:07:00,4,TXN00232293,DR,BNPAGB22,BACS,109925.94,5.938470174243354,12.244426676823588
2026-03-10 16:07:00,5,TXN00232294,CR,SANTGB2L,INTERNAL,86329.13,4.663712347362026,9.61602604770968
2026-03-10 16:08:00,1,TXN00232303,DR,NTSBGB2L,BACS,10223978.9,80.58626023118934,87.24772383916863
2026-03-10 16:08:00,2,TXN00232300,DR,LOYDGB2L,SWIFT,1336284.62,10.532707587087838,11.403367772627975
2026-03-10 16:08:00,3,TXN00232302,CR,MIDLGB22,CHAPS,641100.21,5.053205690529167,5.470916423283406
2026-03-10 16:08:00,4,TXN00232305,CR,HSBCGB2L,BACS,297092.74,2.3417099245419095,2.5352815755656466
2026-03-10 16:08:00,5,TXN00232304,DR,COBAGB2X,SWIFT,108689.23,0.8566976378548269,0.9275144262408329
2026-03-10 16:09:00,1,TXN00232309,CR,CHASGB2L,CHAPS,187807.51,50.3884504416406,
2026-03-10 16:09:00,2,TXN00232308,CR,BOFAGB22,CHAPS,170172.22,45.65693072664645,
2026-03-10 16:09:00,3,TXN00232307,DR,DEUTGB2L,FPS,14739.63,3.9546188317129545,
2026-03-10 16:10:00,1,TXN00232310,DR,NWBKGB2L,CHAPS,2371100.28,99.00537543883236,166.2467320334267
2026-03-10 16:10:00,2,TXN00232311,DR,SANTGB2L,CHAPS,23820.47,0.9946245611676294,1.6701424762179522
2026-03-10 16:11:00,1,TXN00232313,DR,DEUTGB2L,CHAPS,757378.79,57.43896537073582,221.15907093501585
2026-03-10 16:11:00,2,TXN00232312,DR,NWBKGB2L,BACS,561201.35,42.56103462926417,163.87410211669206
2026-03-10 16:12:00,1,TXN00232315,CR,NTSBGB2L,CHAPS,363698.54,73.5552726813306,
2026-03-10 16:12:00,2,TXN00232314,DR,COBAGB2X,INTERNAL,98517.48,19.924413513668586,
2026-03-10 16:12:00,3,TXN00232316,CR,HSBCGB2L,BACS,32240.09,6.5203138050008125,
2026-03-10 16:13:00,1,TXN00232318,CR,RBOSGB2L,CHAPS,320415.47,70.93355137779668,
2026-03-10 16:13:00,2,TXN00232319,DR,DEUTGB2L,CHAPS,80214.5,17.757879658539185,
2026-03-10 16:13:00,3,TXN00232317,CR,BARCGB22,CHAPS,51082.18,11.30856896366414,
2026-03-10 16:14:00,1,TXN00232324,CR,LOYDGB2L,INTERNAL,826803.46,66.23080761507232,321.5325707338661
2026-03-10 16:14:00,2,TXN00232320,DR,CITIGB2L,BACS,138618.43,11.103981796633228,53.90681377771746
2026-03-10 16:14:00,3,TXN00232322,CR,BOFAGB22,BACS,117438.16,9.40734353195387,45.670096115774705
2026-03-10 16:14:00,4,TXN00232321,DR,BOFAGB22,CHAPS,94126.17,7.5399445677375265,36.604381666996055
2026-03-10 16:14:00,5,TXN00232325,DR,BOFAGB22,FPS,38878.54,3.1143521134936876,15.119333091058234
2026-03-10 16:15:00,1,TXN00232329,DR,RBOSGB2L,CHAPS,604795.76,41.696896324090844,215.60201476628387
2026-03-10 16:15:00,2,TXN00232331,DR,DEUTGB2L,CHAPS,449668.02,31.001805981905708,160.30094372349043
2026-03-10 16:15:00,3,TXN00232328,CR,BOFAGB22,FPS,171129.34,11.798300880928949,61.00543841382819
2026-03-10 16:15:00,4,TXN00232330,CR,MIDLGB22,BACS,148263.85,10.221867927877929,52.85418134711476
2026-03-10 16:15:00,5,TXN00232326,DR,MIDLGB22,INTERNAL,64842.99,4.470519818746844,23.11570320445037
2026-03-10 16:16:00,1,TXN00232334,DR,BARCGB22,FPS,89166.35,50.62926053838079,
2026-03-10 16:16:00,2,TXN00232332,DR,MIDLGB22,CHAPS,55540.55,31.53630238755949,
2026-03-10 16:16:00,3,TXN00232333,DR,HSBCGB2L,SWIFT,31409.34,17.834437074059725,
2026-03-10 16:17:00,1,TXN00232343,DR,MIDLGB22,BACS,532956.47,27.913264215319117,75.79041716552825
2026-03-10 16:17:00,2,TXN00232342,CR,HSBCGB2L,SWIFT,464306.3,24.317754184947265,66.02784683256198
2026-03-10 16:17:00,3,TXN00232339,DR,CITIGB2L,CHAPS,350509.57,18.357721105079918,49.84509622485665
2026-03-10 16:17:00,4,TXN00232335,CR,BNPAGB22,BACS,197045.93,10.320158242273099,28.021412772171576
2026-03-10 16:17:00,5,TXN00232338,DR,DEUTGB2L,CHAPS,156914.16,8.218281705454967,22.31437334005617
2026-03-10 16:18:00,1,TXN00232347,CR,NTSBGB2L,CHAPS,778730.93,59.928454562337414,834.638796050536
2026-03-10 16:18:00,2,TXN00232346,DR,CITIGB2L,SWIFT,203385.52,15.651850240438462,217.9872906125768
2026-03-10 16:18:00,3,TXN00232345,CR,NTSBGB2L,FPS,182823.5,14.069467887550703,195.9490499879659
2026-03-10 16:18:00,4,TXN00232348,DR,MIDLGB22,BACS,97952.43,7.538082185236351,104.98478369855478
2026-03-10 16:18:00,5,TXN00232344,DR,BARCGB22,INTERNAL,36541.98,2.8121451244370665,39.16545884790112
2026-03-10 16:19:00,1,TXN00232349,CR,BNPAGB22,FPS,321979.0,26.193498362701956,4446.088422970744
2026-03-10 16:19:00,2,TXN00232357,DR,COBAGB2X,CHAPS,265314.62,21.583761874441784,3663.6310455864586
2026-03-10 16:19:00,3,TXN00232351,CR,SANTGB2L,CHAPS,164177.39,13.356089049775548,2267.064600463238
2026-03-10 16:19:00,4,TXN00232354,DR,CHASGB2L,CHAPS,130810.5,10.641640037313689,1806.3136094373067
2026-03-10 16:19:00,5,TXN00232352,CR,MIDLGB22,BACS,103345.03,8.407280829179495,1427.0531353118195
2026-03-10 16:20:00,1,TXN00232361,CR,NTSBGB2L,CHAPS,684711.46,85.95810860827991,
2026-03-10 16:20:00,2,TXN00232358,CR,CITIGB2L,BACS,41435.72,5.2018059110946915,
2026-03-10 16:20:00,3,TXN00232359,DR,BNPAGB22,CHAPS,34585.91,4.341886446732167,
2026-03-10 16:20:00,4,TXN00232360,CR,LOYDGB2L,CHAPS,23076.04,2.896946916251426,
2026-03-10 16:20:00,5,TXN00232362,DR,NWBKGB2L,BACS,12755.0,1.6012521176418024,
2026-03-10 16:21:00,1,TXN00232365,DR,BARCGB22,CHAPS,876013.98,48.590534235745,150.81369695116473
2026-03-10 16:21:00,2,TXN00232366,DR,NTSBGB2L,CHAPS,564079.68,31.28823697851042,97.11139760101773
2026-03-10 16:21:00,3,TXN00232367,DR,BARCGB22,CHAPS,285524.2,15.837388137611343,49.15556275828355
2026-03-10 16:21:00,4,TXN00232363,CR,NWBKGB2L,FPS,58282.64,3.2328075566437886,10.033881430150045
2026-03-10 16:21:00,5,TXN00232364,CR,BARCGB22,CHAPS,18948.54,1.0510330914894572,3.262161831283815
2026-03-10 16:22:00,1,TXN00232369,CR,COBAGB2X,FPS,413298.21,22.705414918807737,69.60743120078632
2026-03-10 16:22:00,2,TXN00232371,CR,TSBSGB2A,FPS,351724.56,19.322735687471493,59.23723480880026
2026-03-10 16:22:00,3,TXN00232372,CR,BNPAGB22,CHAPS,288381.96,15.842875431033242,48.56911294207617
2026-03-10 16:22:00,4,TXN00232375,CR,NWBKGB2L,FPS,274520.36,15.081358996111963,46.23455076641898
2026-03-10 16:22:00,5,TXN00232374,CR,COBAGB2X,CHAPS,147799.93,8.119703048364858,24.892373617964697
2026-03-10 16:23:00,1,TXN00232378,DR,SANTGB2L,FPS,371258.34,21.563534089807902,76.09370997586225
2026-03-10 16:23:00,2,TXN00232389,DR,TSBSGB2A,FPS,245228.08,14.24340814231443,50.26234399867636
2026-03-10 16:23:00,3,TXN00232380,CR,TSBSGB2A,FPS,223168.01,12.962108787615628,45.740876363424796
2026-03-10 16:23:00,4,TXN00232383,DR,MIDLGB22,FPS,220425.69,12.802828565640919,45.17880601979021
2026-03-10 16:23:00,5,TXN00232388,CR,NWBKGB2L,CHAPS,206241.44,11.978974862008677,42.271579192979736
2026-03-10 16:24:00,1,TXN00232393,DR,TSBSGB2A,CHAPS,201455.4,40.591546747333105,
2026-03-10 16:24:00,2,TXN00232392,DR,TSBSGB2A,CHAPS,179476.1,36.162905055804075,
2026-03-10 16:24:00,3,TXN00232394,DR,HSBCGB2L,SWIFT,59585.87,12.00604514739001,
2026-03-10 16:24:00,4,TXN00232391,CR,BARCGB22,CHAPS,55781.53,11.239503049472807,
2026-03-10 17:28:00,1,TXN00232951,DR,CHASGB2L,CHAPS,333947.7,28.68851814712252,
2026-03-10 17:28:00,2,TXN00232944,DR,LOYDGB2L,CHAPS,262612.8,22.560335281442743,
2026-03-10 17:28:00,3,TXN00232949,CR,RBOSGB2L,SWIFT,201383.61,17.30030585633033,
2026-03-10 17:28:00,4,TXN00232950,DR,NWBKGB2L,FPS,182703.64,15.695561585497789,
2026-03-10 17:28:00,5,TXN00232945,CR,CITIGB2L,CHAPS,65236.24,5.604263946390528,
2026-03-10 17:35:00,1,TXN00233027,CR,BOFAGB22,SWIFT,6377674.61,49.86224792599094,60.065740458637215
2026-03-10 17:35:00,2,TXN00233021,DR,BARCGB22,CHAPS,5067450.58,39.61859025803554,47.72588599110901
2026-03-10 17:35:00,3,TXN00233020,DR,RBOSGB2L,CHAPS,324969.4,2.540691675576174,3.0606026225911616
2026-03-10 17:35:00,4,TXN00233018,CR,NWBKGB2L,CHAPS,297080.95,2.322652830196509,2.7979456979391713
2026-03-10 17:35:00,5,TXN00233019,CR,NWBKGB2L,CHAPS,223496.76,1.7473533128049779,2.104920554971106
2026-03-11 06:45:00,1,TXN00233270,DR,NTSBGB2L,CHAPS,445977.08,49.449628396881735,230.41786863600916
2026-03-11 06:45:00,2,TXN00233268,CR,HSBCGB2L,SWIFT,331821.15,36.79209828838279,171.4382320978233
2026-03-11 06:45:00,3,TXN00233269,DR,SANTGB2L,FPS,124083.33,13.758273314735472,64.10871256401467
2026-03-11 06:46:00,1,TXN00233273,CR,TSBSGB2A,FPS,276771.73,57.856372604333245,
2026-03-11 06:46:00,2,TXN00233271,DR,LOYDGB2L,CHAPS,145831.3,30.48458030801882,
2026-03-11 06:46:00,3,TXN00233272,CR,SANTGB2L,FPS,55774.23,11.659047087647938,
2026-03-11 06:47:00,1,TXN00233277,DR,SANTGB2L,CHAPS,270465.61,52.94849830711622,
2026-03-11 06:47:00,2,TXN00233275,DR,CITIGB2L,FPS,128589.49,25.17370098763365,
2026-03-11 06:47:00,3,TXN00233274,DR,MIDLGB22,CHAPS,89535.47,17.528175510823186,
2026-03-11 06:47:00,4,TXN00233276,CR,RBOSGB2L,CHAPS,22218.27,4.34962519442694,
2026-03-11 08:29:00,1,TXN00233910,DR,CITIGB2L,FPS,15626742.16,94.22043815666156,110.0934978700292
2026-03-11 08:29:00,2,TXN00233904,DR,BOFAGB22,INTERNAL,293352.11,1.7687477054002392,2.0667237973710555
2026-03-11 08:29:00,3,TXN00233908,CR,CITIGB2L,CHAPS,250336.65,1.5093887521895881,1.763671350136697
2026-03-11 08:29:00,4,TXN00233909,CR,BARCGB22,CHAPS,129456.95,0.7805523650762679,0.9120498887840789
2026-03-11 08:29:00,5,TXN00233903,DR,BARCGB22,CHAPS,121252.25,0.7310826534096385,0.8542461499928689
2026-03-11 11:11:00,1,TXN00235622,CR,LOYDGB2L,CHAPS,6114463.25,66.4401957478908,80.47668141069775
2026-03-11 11:11:00,2,TXN00235624,CR,NWBKGB2L,CHAPS,975747.36,10.602540721605886,12.842486121418656
2026-03-11 11:11:00,3,TXN00235619,DR,CITIGB2L,FPS,676407.33,7.349890509278663,8.902664874185104
2026-03-11 11:11:00,4,TXN00235620,DR,CITIGB2L,CHAPS,469205.13,5.098416558986522,6.175533357449654
2026-03-11 11:11:00,5,TXN00235628,DR,DEUTGB2L,FPS,327861.27,3.5625640495839233,4.315209020627731
2026-03-11 16:01:00,1,TXN00237676,CR,TSBSGB2A,CHAPS,265570.14,47.914200699286795,
2026-03-11 16:01:00,2,TXN00237677,CR,HSBCGB2L,FPS,184908.47,33.36121125130277,
2026-03-11 16:01:00,3,TXN00237675,DR,RBOSGB2L,CHAPS,75630.88,13.645333633456216,
2026-03-11 16:01:00,4,TXN00237674,CR,CHASGB2L,BACS,28152.37,5.079254415954221,
2026-03-11 16:02:00,1,TXN00237683,DR,MIDLGB22,CHAPS,240274.39,32.245565835929845,
2026-03-11 16:02:00,2,TXN00237682,CR,TSBSGB2A,FPS,213263.09,28.62056588290093,
2026-03-11 16:02:00,3,TXN00237678,CR,CHASGB2L,FPS,210013.25,28.18442730951307,
2026-03-11 16:02:00,4,TXN00237680,CR,BOFAGB22,SWIFT,37982.73,5.097399772166097,
2026-03-11 16:02:00,5,TXN00237681,DR,BOFAGB22,FPS,34473.08,4.62639389369494,
2026-03-11 16:03:00,1,TXN00237687,CR,BARCGB22,CHAPS,729451.56,43.58713860628449,103.48581411034854
2026-03-11 16:03:00,2,TXN00237685,DR,HSBCGB2L,CHAPS,692927.1,41.40468155520944,98.30416301066364
2026-03-11 16:03:00,3,TXN00237688,CR,CITIGB2L,SWIFT,124722.45,7.452578092321013,17.694121150535672
2026-03-11 16:03:00,4,TXN00237686,DR,BARCGB22,CHAPS,103641.29,6.192909194085659,14.703379715983779
2026-03-11 16:03:00,5,TXN00237684,CR,RBOSGB2L,CHAPS,22805.31,1.3626925520993962,3.2353430999432953
2026-03-11 16:04:00,1,TXN00237693,DR,NWBKGB2L,CHAPS,257267.62,37.267717786245505,
2026-03-11 16:04:00,2,TXN00237691,CR,COBAGB2X,CHAPS,202211.1,29.292245203831982,
2026-03-11 16:04:00,3,TXN00237689,CR,RBOSGB2L,SWIFT,171546.92,24.850240390374953,
2026-03-11 16:04:00,4,TXN00237690,CR,DEUTGB2L,INTERNAL,49750.53,7.206848307440091,
2026-03-11 16:04:00,5,TXN00237692,CR,TSBSGB2A,INTERNAL,9546.81,1.3829483121074717,
2026-03-11 16:05:00,1,TXN00237695,CR,CITIGB2L,CHAPS,3586372.32,92.47423695034735,122.61434356588562
2026-03-11 16:05:00,2,TXN00237698,CR,CITIGB2L,CHAPS,103613.1,2.6716529979687205,3.54242424036065
2026-03-11 16:05:00,3,TXN00237694,CR,HSBCGB2L,CHAPS,68951.98,1.7779196267931299,2.357396558667415
2026-03-11 16:05:00,4,TXN00237696,DR,HSBCGB2L,BACS,49043.21,1.264574064732254,1.676736396547327
2026-03-11 16:05:00,5,TXN00237699,DR,CITIGB2L,BACS,38290.47,0.987315783131007,1.3091113874867393
2026-03-12 07:04:00,1,TXN00238738,DR,CHASGB2L,SWIFT,192114.44,47.057903104111126,
2026-03-12 07:04:00,2,TXN00238740,DR,BARCGB22,SWIFT,121225.46,29.693842641038845,
2026-03-12 07:04:00,3,TXN00238741,CR,CITIGB2L,CHAPS,68075.74,16.67496507113501,
2026-03-12 07:04:00,4,TXN00238739,CR,BNPAGB22,INTERNAL,26835.53,6.573289183715015,
2026-03-13 08:14:00,1,TXN00244722,CR,NWBKGB2L,BACS,14057996.32,97.45410768370735,111.09846782489018
2026-03-13 08:14:00,2,TXN00244724,DR,BNPAGB22,CHAPS,178004.93,1.2339818009321253,1.4067491937056382
2026-03-13 08:14:00,3,TXN00244721,CR,BOFAGB22,CHAPS,175779.85,1.2185569010396444,1.3891646835691462
2026-03-13 08:14:00,4,TXN00244723,DR,MIDLGB22,SWIFT,13466.49,0.09335361432087559,0.10642387235873207
2026-03-18 06:32:00,1,TXN00263316,DR,LOYDGB2L,FPS,212916.2,43.60247309810255,281.8741430498886
2026-03-18 06:32:00,2,TXN00263313,CR,CHASGB2L,FPS,182374.11,37.34784964725744,241.44027542637014
2026-03-18 06:32:00,3,TXN00263314,DR,NWBKGB2L,SWIFT,53780.42,11.013531691128511,71.19847996706257
2026-03-18 06:32:00,4,TXN00263315,CR,SANTGB2L,CHAPS,39241.48,8.03614556351151,51.95076066081088
2026-03-18 06:33:00,1,TXN00263317,CR,MIDLGB22,SWIFT,125720.12,85.15106273125363,
2026-03-18 06:33:00,2,TXN00263318,CR,BARCGB22,CHAPS,21923.51,14.848937268746372,
2026-03-18 11:23:00,1,TXN00265735,CR,HSBCGB2L,CHAPS,571926.68,41.94252244555462,275.6762764180659
2026-03-18 11:23:00,2,TXN00265733,CR,NTSBGB2L,CHAPS,429089.97,31.467522546574248,206.82707996406043
2026-03-18 11:23:00,3,TXN00265732,DR,NTSBGB2L,INTERNAL,125053.43,9.170854373621095,60.27741866441211
2026-03-18 11:23:00,4,TXN00265731,DR,NTSBGB2L,BACS,117737.47,8.634334873410369,56.75102851380135
2026-03-18 11:23:00,5,TXN00265736,DR,CITIGB2L,CHAPS,90908.48,6.666817786663236,43.8190980375775
2026-03-18 11:24:00,1,TXN00265742,DR,BARCGB22,CHAPS,240801.25,28.2125391854084,
2026-03-18 11:24:00,2,TXN00265737,DR,NWBKGB2L,BACS,180902.36,21.194719380538338,
2026-03-18 11:24:00,3,TXN00265739,DR,NWBKGB2L,SWIFT,155128.83,18.175064270478487,
2026-03-18 11:24:00,4,TXN00265741,CR,MIDLGB22,FPS,144166.57,16.890713837037488,
2026-03-18 11:24:00,5,TXN00265738,CR,DEUTGB2L,CHAPS,84300.56,9.876746289115493,
2026-03-18 11:25:00,1,TXN00265747,CR,BNPAGB22,CHAPS,816170.41,68.35097291196789,2150.400885664782
2026-03-18 11:25:00,2,TXN00265750,CR,HSBCGB2L,BACS,155967.16,13.061619237478313,410.93369091709746
2026-03-18 11:25:00,3,TXN00265746,CR,NTSBGB2L,BACS,81042.94,6.787018652938225,213.527478842167
2026-03-18 11:25:00,4,TXN00265744,DR,NWBKGB2L,FPS,45559.61,3.8154331875249206,120.03795346432867
2026-03-18 11:25:00,5,TXN00265745,DR,LOYDGB2L,SWIFT,44152.74,3.6976135115326727,116.33120980277494
2026-03-18 11:32:00,1,TXN00265790,CR,LOYDGB2L,CHAPS,5949322.4,66.7302388515295,78.27965245400856
2026-03-18 11:32:00,2,TXN00265794,DR,COBAGB2X,SWIFT,1272130.85,14.26878386535234,16.738370207340335
2026-03-18 11:32:00,3,TXN00265793,DR,DEUTGB2L,FPS,710058.37,7.964329623257216,9.34276522409675
2026-03-18 11:32:00,4,TXN00265792,DR,DEUTGB2L,BACS,594683.04,6.67022874742066,7.8246863359587415
2026-03-18 11:32:00,5,TXN00265791,CR,BOFAGB22,BACS,99898.15,1.1205019600763144,1.3144341383816105
2026-03-18 11:45:00,1,TXN00265874,CR,NTSBGB2L,SWIFT,506155.79,76.69332383881401,
2026-03-18 11:45:00,2,TXN00265876,CR,NTSBGB2L,BACS,79965.55,12.116474696651942,
2026-03-18 11:45:00,3,TXN00265873,CR,MIDLGB22,FPS,39981.24,6.058004763310806,
2026-03-18 11:45:00,4,TXN00265877,CR,MIDLGB22,CHAPS,20014.22,3.032578281562813,
2026-03-18 11:45:00,5,TXN00265875,DR,CITIGB2L,BACS,13856.93,2.0996184196604313,
2026-03-18 11:46:00,1,TXN00265879,CR,BNPAGB22,FPS,455114.94,71.2176511950316,
2026-03-18 11:46:00,2,TXN00265878,DR,SANTGB2L,CHAPS,94357.27,14.76528795687397,
2026-03-18 11:46:00,3,TXN00265881,CR,CHASGB2L,CHAPS,49747.32,7.784598949108591,
2026-03-18 11:46:00,4,TXN00265880,CR,TSBSGB2A,CHAPS,39828.42,6.232461898985827,
2026-03-18 11:47:00,1,TXN00265882,CR,CITIGB2L,CHAPS,150386.19,42.48989402036006,
2026-03-18 11:47:00,2,TXN00265885,DR,DEUTGB2L,CHAPS,129803.64,36.67453046757133,
2026-03-18 11:47:00,3,TXN00265883,DR,TSBSGB2A,SWIFT,32494.21,9.180866535519812,
2026-03-18 11:47:00,4,TXN00265884,CR,NWBKGB2L,CHAPS,25161.57,7.109113161826037,
2026-03-18 11:47:00,5,TXN00265887,DR,BNPAGB22,CHAPS,10390.98,2.935852281168111,
2026-03-18 12:01:00,1,TXN00265977,DR,COBAGB2X,CHAPS,528977.76,38.08096712503225,
2026-03-18 12:01:00,2,TXN00265980,DR,TSBSGB2A,FPS,490649.86,35.3217518796285,
2026-03-18 12:01:00,3,TXN00265978,DR,BOFAGB22,INTERNAL,227895.49,16.406135226995396,
2026-03-18 12:01:00,4,TXN00265983,CR,CITIGB2L,SWIFT,62535.41,4.501907400342149,
2026-03-18 12:01:00,5,TXN00265979,CR,SANTGB2L,BACS,47018.47,3.384847049787717,
2026-03-18 14:39:00,1,TXN00267201,DR,SANTGB2L,BACS,88428.04,54.592131619651035,
2026-03-18 14:39:00,2,TXN00267202,CR,LOYDGB2L,BACS,71977.12,44.43595502787823,
2026-03-18 14:39:00,3,TXN00267200,CR,NWBKGB2L,BACS,1574.3,0.9719133524707393,
2026-03-18 14:40:00,1,TXN00267204,CR,COBAGB2X,FPS,655170.56,37.96751677353585,358.2314180799989
2026-03-18 14:40:00,2,TXN00267209,DR,BOFAGB22,CHAPS,423177.61,24.523389765650965,231.38328335449734
2026-03-18 14:40:00,3,TXN00267207,DR,SANTGB2L,CHAPS,200185.19,11.600848730349638,109.45642077127825
2026-03-18 14:40:00,4,TXN00267205,CR,COBAGB2X,BACS,150741.44,8.735554527460678,82.42177397992526
2026-03-18 14:40:00,5,TXN00267206,CR,TSBSGB2A,FPS,109370.62,6.33809133515098,59.80121008320136
2026-03-18 14:41:00,1,TXN00267213,CR,COBAGB2X,INTERNAL,212149.73,65.41201947310437,
2026-03-18 14:41:00,2,TXN00267212,DR,BARCGB22,CHAPS,69141.23,21.318280646194495,
2026-03-18 14:41:00,3,TXN00267211,DR,CITIGB2L,FPS,43037.4,13.269699880701152,
2026-03-18 14:42:00,1,TXN00267218,DR,BARCGB22,INTERNAL,253640.55,49.65418239164791,
2026-03-18 14:42:00,2,TXN00267215,DR,BARCGB22,CHAPS,109781.49,21.491477319722225,
2026-03-18 14:42:00,3,TXN00267214,CR,NTSBGB2L,CHAPS,62703.52,12.275213954071392,
2026-03-18 14:42:00,4,TXN00267216,CR,TSBSGB2A,SWIFT,56051.81,10.973035648763553,
2026-03-18 14:42:00,5,TXN00267217,CR,BARCGB22,BACS,28636.7,5.606090685794932,
2026-03-18 14:43:00,1,TXN00267220,DR,NWBKGB2L,CHAPS,531007.02,35.94999774824648,
2026-03-18 14:43:00,2,TXN00267224,CR,LOYDGB2L,SWIFT,408991.42,27.689352634268623,
2026-03-18 14:43:00,3,TXN00267225,DR,SANTGB2L,CHAPS,242084.47,16.389493591601564,
2026-03-18 14:43:00,4,TXN00267223,DR,COBAGB2X,FPS,130864.06,8.859699561648718,
2026-03-18 14:43:00,5,TXN00267221,CR,BNPAGB22,BACS,108473.21,7.343804334724365,
2026-03-18 14:44:00,1,TXN00267228,CR,BOFAGB22,SWIFT,396515.63,28.0566624311857,
2026-03-18 14:44:00,2,TXN00267230,CR,LOYDGB2L,SWIFT,233280.07,16.506436772526143,
2026-03-18 14:44:00,3,TXN00267232,CR,HSBCGB2L,CHAPS,191507.38,13.550683774409608,
2026-03-18 14:44:00,4,TXN00267233,DR,LOYDGB2L,CHAPS,157180.58,11.12178723899983,
2026-03-18 14:44:00,5,TXN00267234,DR,NWBKGB2L,BACS,128549.87,9.095934776046043,
2026-03-18 17:57:00,1,TXN00268572,CR,NTSBGB2L,BACS,1437056.01,54.52186226477318,95.24363160701147
2026-03-18 17:57:00,2,TXN00268568,DR,BARCGB22,SWIFT,750015.78,28.45557637907685,49.70872822818184
2026-03-18 17:57:00,3,TXN00268570,CR,COBAGB2X,CHAPS,137960.03,5.234199433676894,9.143564469565979
2026-03-18 17:57:00,4,TXN00268567,CR,RBOSGB2L,CHAPS,115465.73,4.38076636091692,7.6527117765957176
2026-03-18 17:57:00,5,TXN00268569,CR,CHASGB2L,FPS,76321.23,2.895625195526008,5.058335279439799
2026-03-18 17:58:00,1,TXN00268576,CR,BNPAGB22,FPS,1600738.23,72.65295386071196,151.8053384648775
2026-03-18 17:58:00,2,TXN00268579,CR,DEUTGB2L,INTERNAL,277134.92,12.578365518234733,26.281973868417417
2026-03-18 17:58:00,3,TXN00268575,DR,BOFAGB22,CHAPS,124596.99,5.655102874411632,11.81610327295985
2026-03-18 17:58:00,4,TXN00268577,DR,BARCGB22,CHAPS,78429.78,3.559704566839632,7.437855281700794
2026-03-18 17:58:00,5,TXN00268578,CR,SANTGB2L,FPS,71114.31,3.2276761974169674,6.744095753398869
2026-03-18 17:59:00,1,TXN00268583,DR,COBAGB2X,INTERNAL,557197.95,28.648421966154498,72.46134821990287
2026-03-18 17:59:00,2,TXN00268580,DR,CITIGB2L,BACS,483340.39,24.851023673015458,62.85647014410887
2026-03-18 17:59:00,3,TXN00268582,DR,MIDLGB22,CHAPS,297135.54,15.277271445562889,38.64127969682745
2026-03-18 17:59:00,4,TXN00268581,CR,NWBKGB2L,CHAPS,293957.15,15.113854013942756,38.22794288435596
2026-03-18 17:59:00,5,TXN00268585,DR,NTSBGB2L,BACS,151023.16,7.764879993442305,19.639953424146857
2026-03-20 10:58:00,1,TXN00276444,DR,COBAGB2X,CHAPS,11431581.03,72.35635008097097,81.3902106280165
2026-03-20 10:58:00,2,TXN00276445,DR,HSBCGB2L,SWIFT,1675022.86,10.602080336370518,11.925775010855398
2026-03-20 10:58:00,3,TXN00276451,DR,TSBSGB2A,FPS,1347164.33,8.526895240673172,9.591498173481497
2026-03-20 10:58:00,4,TXN00276449,DR,TSBSGB2A,CHAPS,808522.71,5.117555664404486,5.7564945296490375
2026-03-20 10:58:00,5,TXN00276448,CR,BARCGB22,FPS,322397.83,2.040621519596171,2.29539791747559
2026-03-23 07:55:00,1,TXN00280292,DR,BARCGB22,FPS,35237448.07,95.10681397039366,98.73804334215107
2026-03-23 07:55:00,2,TXN00280295,DR,SANTGB2L,BACS,331423.65,0.8945212877879911,0.928674592249322
2026-03-23 07:55:00,3,TXN00280297,DR,BNPAGB22,INTERNAL,305503.3,0.8245615704838232,0.8560437752656526
2026-03-23 07:55:00,4,TXN00280289,CR,NTSBGB2L,SWIFT,294507.1,0.7948825328388804,0.8252315759814673
2026-03-23 07:55:00,5,TXN00280288,DR,TSBSGB2A,CHAPS,210457.92,0.5680315500224018,0.5897193004833554
2026-03-24 06:59:00,1,TXN00286450,DR,BOFAGB22,FPS,311447.06,87.40179062408049,
2026-03-24 06:59:00,2,TXN00286451,DR,NTSBGB2L,FPS,44892.39,12.598209375919506,
2026-03-24 07:00:00,1,TXN00286456,DR,MIDLGB22,CHAPS,615008.09,36.80343246677231,83.44965789858415
2026-03-24 07:00:00,2,TXN00286454,CR,CHASGB2L,BACS,614142.81,36.75165221450791,83.33224916663319
2026-03-24 07:00:00,3,TXN00286452,DR,NTSBGB2L,CHAPS,290889.43,17.407461245433197,39.470413177514686
2026-03-24 07:00:00,4,TXN00286455,CR,MIDLGB22,SWIFT,77843.71,4.658338273156713,10.562513037928646
2026-03-24 07:00:00,5,TXN00286453,DR,NTSBGB2L,SWIFT,73177.73,4.379115800129878,9.929392204084596
2026-03-24 07:01:00,1,TXN00286460,DR,NTSBGB2L,CHAPS,655496.24,42.46108723484462,112.01720541368675
2026-03-24 07:01:00,2,TXN00286458,DR,CITIGB2L,SWIFT,421194.66,27.283731179160878,71.9776039422712
2026-03-24 07:01:00,3,TXN00286461,DR,CITIGB2L,CHAPS,265996.87,17.230482208815758,45.455983128427604
2026-03-24 07:01:00,4,TXN00286459,DR,CHASGB2L,BACS,193798.75,12.553703785934522,33.11810665407589
2026-03-24 07:01:00,5,TXN00286457,DR,RBOSGB2L,CHAPS,7271.03,0.47099559124423396,1.2425402487115391
2026-03-24 07:02:00,1,TXN00286463,DR,BNPAGB22,CHAPS,1013224.58,77.15409099071712,285.684895721911
2026-03-24 07:02:00,2,TXN00286462,DR,LOYDGB2L,CHAPS,153979.96,11.725124004183735,43.415595796012006
2026-03-24 07:02:00,3,TXN00286464,DR,RBOSGB2L,CHAPS,146043.49,11.120785005099153,41.17785931675084
2026-03-24 07:03:00,1,TXN00286468,CR,BARCGB22,CHAPS,128018.58,38.4285219761833,
2026-03-24 07:03:00,2,TXN00286466,DR,CHASGB2L,FPS,96541.27,28.979686509596068,
2026-03-24 07:03:00,3,TXN00286465,DR,LOYDGB2L,SWIFT,94706.57,28.42894763036695,
2026-03-24 07:03:00,4,TXN00286467,CR,CHASGB2L,FPS,13867.86,4.162843883853681,
2026-03-24 07:04:00,1,TXN00286470,DR,NTSBGB2L,CHAPS,65954.75,85.98026806964539,
2026-03-24 07:04:00,2,TXN00286469,DR,BOFAGB22,CHAPS,10754.42,14.019731930354611,
2026-03-24 07:05:00,1,TXN00286474,DR,CITIGB2L,SWIFT,5977649.0,86.78926706828103,100.82118761648356
2026-03-24 07:05:00,2,TXN00286471,CR,BARCGB22,FPS,418783.13,6.080296938354971,7.063347566969594
2026-03-24 07:05:00,3,TXN00286472,CR,CHASGB2L,CHAPS,272078.87,3.9503031563188333,4.588980517047896
2026-03-24 07:05:00,4,TXN00286473,DR,COBAGB2X,CHAPS,116307.29,1.6886612870374311,1.9616807721990306
2026-03-24 07:05:00,5,TXN00286475,DR,MIDLGB22,CHAPS,102725.76,1.4914715500077274,1.7326097805351004
2026-03-24 07:06:00,1,TXN00286478,CR,HSBCGB2L,CHAPS,1213545.23,66.6441359121758,140.72532033662927
2026-03-24 07:06:00,2,TXN00286482,CR,DEUTGB2L,CHAPS,179948.33,9.882203534918153,20.867196176356337
2026-03-24 07:06:00,3,TXN00286477,CR,NWBKGB2L,CHAPS,175317.62,9.627899320307321,20.33020906452365
2026-03-24 07:06:00,4,TXN00286476,CR,MIDLGB22,CHAPS,79979.01,4.392198890321762,9.274538372547081
2026-03-24 07:06:00,5,TXN00286479,CR,LOYDGB2L,CHAPS,67243.77,3.6928190530872014,7.797732494809955
2026-03-24 07:07:00,1,TXN00286483,CR,BARCGB22,FPS,311562.45,100.0,
2026-03-24 07:08:00,1,TXN00286485,CR,SANTGB2L,SWIFT,40379.21,59.640293167759104,
2026-03-24 07:08:00,2,TXN00286484,DR,MIDLGB22,SWIFT,27325.37,40.35970683224089,
2026-03-24 07:09:00,1,TXN00286490,DR,HSBCGB2L,CHAPS,399456.0,35.248287386490325,228.6779078072466
2026-03-24 07:09:00,2,TXN00286489,CR,CHASGB2L,CHAPS,255578.5,22.552432352519723,146.3118758023772
2026-03-24 07:09:00,3,TXN00286487,CR,BOFAGB22,CHAPS,199052.73,17.564557378298147,113.95237983587867
2026-03-24 07:09:00,4,TXN00286491,DR,SANTGB2L,INTERNAL,119083.48,10.508012712347226,68.17211673076909
2026-03-24 07:09:00,5,TXN00286486,DR,NTSBGB2L,CHAPS,64429.42,5.685298787112692,36.884124826850446
2026-03-24 07:10:00,1,TXN00286493,DR,MIDLGB22,CHAPS,211677.11,60.56929274055613,
2026-03-24 07:10:00,2,TXN00286495,CR,CHASGB2L,SWIFT,72244.4,20.672014146762645,
2026-03-24 07:10:00,3,TXN00286494,CR,TSBSGB2A,CHAPS,65557.74,18.75869311268123,
2026-03-24 07:11:00,1,TXN00286498,DR,LOYDGB2L,BACS,2060670.88,84.73855588130075,142.75196049252366
2026-03-24 07:11:00,2,TXN00286499,DR,CHASGB2L,SWIFT,200692.28,8.252833651789002,13.90285887172555
2026-03-24 07:11:00,3,TXN00286497,DR,BNPAGB22,FPS,150879.2,6.204428686120878,10.452082283777203
2026-03-24 07:11:00,4,TXN00286496,DR,SANTGB2L,SWIFT,19556.08,0.8041817807893652,1.35473781215787
2026-03-24 07:12:00,1,TXN00286503,CR,COBAGB2X,CHAPS,2966394.06,79.1833864850388,107.55727580599832
2026-03-24 07:12:00,2,TXN00286505,CR,SANTGB2L,CHAPS,381430.46,10.181707123343596,13.83013192354788
2026-03-24 07:12:00,3,TXN00286504,CR,COBAGB2X,INTERNAL,134008.62,3.5771566876002643,4.858964052038731
2026-03-24 07:12:00,4,TXN00286500,CR,COBAGB2X,BACS,124902.95,3.3340946492360075,4.528805266732774
2026-03-24 07:12:00,5,TXN00286501,DR,DEUTGB2L,FPS,104982.41,2.8023460730503222,3.8065145084427505
2026-03-24 07:13:00,1,TXN00286506,CR,BOFAGB22,CHAPS,56157.3,56.16792697178306,
2026-03-24 07:13:00,2,TXN00286507,CR,DEUTGB2L,SWIFT,43823.78,43.83207302821694,
2026-03-24 07:14:00,1,TXN00286509,DR,LOYDGB2L,SWIFT,622334.15,86.43045250365616,
2026-03-24 07:14:00,2,TXN00286508,DR,RBOSGB2L,SWIFT,97706.22,13.569547496343851,
2026-03-24 07:15:00,1,TXN00286511,DR,HSBCGB2L,SWIFT,96851.95,55.81966662757159,
2026-03-24 07:15:00,2,TXN00286510,CR,BNPAGB22,BACS,76656.7,44.18033337242841,
2026-03-24 07:16:00,1,TXN00286512,CR,SANTGB2L,CHAPS,528039.23,61.293296477595504,
2026-03-24 07:16:00,2,TXN00286514,CR,RBOSGB2L,BACS,307823.97,35.73133355285073,
2026-03-24 07:16:00,3,TXN00286513,DR,SANTGB2L,CHAPS,25632.69,2.9753699695537725,
2026-03-24 07:17:00,1,TXN00286517,CR,LOYDGB2L,BACS,149041.89,50.738635408105516,
2026-03-24 07:17:00,2,TXN00286515,DR,LOYDGB2L,CHAPS,142955.77,48.666725130196525,
2026-03-24 07:17:00,3,TXN00286516,CR,BARCGB22,CHAPS,1746.72,0.5946394616979566,
2026-03-24 07:18:00,1,TXN00286518,DR,BNPAGB22,CHAPS,921246.0,66.4442391177315,199.006954797064
2026-03-24 07:18:00,2,TXN00286519,CR,BNPAGB22,SWIFT,278647.11,20.09723266782687,60.1931653696217
2026-03-24 07:18:00,3,TXN00286521,CR,NTSBGB2L,CHAPS,149744.13,10.800193195082173,32.34762844021648
2026-03-24 07:18:00,4,TXN00286520,DR,BARCGB22,CHAPS,36857.68,2.6583350193594653,7.961971783524324
2026-03-24 07:19:00,1,TXN00286525,CR,BARCGB22,CHAPS,1665227.12,52.642524769734905,74.35044578204756
2026-03-24 07:19:00,2,TXN00286526,CR,BOFAGB22,BACS,429871.09,13.589437279353186,19.193242042751912
2026-03-24 07:19:00,3,TXN00286523,DR,CITIGB2L,INTERNAL,343924.93,10.872436815978798,15.355846391127416
2026-03-24 07:19:00,4,TXN00286528,DR,TSBSGB2A,FPS,261948.05,8.280916485739649,11.69567445504856
2026-03-24 07:19:00,5,TXN00286522,CR,NTSBGB2L,CHAPS,204683.29,6.47061595043914,9.138869811125893
2026-03-24 07:20:00,1,TXN00286531,CR,RBOSGB2L,FPS,975861.83,69.5578540553423,203.56898830580087
2026-03-24 07:20:00,2,TXN00286533,DR,HSBCGB2L,CHAPS,193570.5,13.797392391522926,40.37964150196143
2026-03-24 07:20:00,3,TXN00286529,DR,MIDLGB22,BACS,127449.0,9.084358737034854,26.58641130638957
2026-03-24 07:20:00,4,TXN00286530,DR,NWBKGB2L,FPS,61362.91,4.373849050117172,12.800567789601846
2026-03-24 07:20:00,5,TXN00286532,DR,DEUTGB2L,BACS,44705.64,3.186545765982745,9.325789396192844
2026-03-24 11:25:00,1,TXN00288440,CR,SANTGB2L,INTERNAL,10862120.52,90.60623814475531,100.16868304092888
2026-03-24 11:25:00,2,TXN00288438,CR,CHASGB2L,CHAPS,651421.15,5.433821116305416,6.007298352136806
2026-03-24 11:25:00,3,TXN00288439,CR,TSBSGB2A,BACS,96453.72,0.8045674606699675,0.8894802896919527
2026-03-24 11:25:00,4,TXN00288433,DR,BNPAGB22,CHAPS,95442.68,0.7961338835571744,0.8801566456470143
2026-03-24 11:25:00,5,TXN00288437,CR,HSBCGB2L,CHAPS,79716.01,0.6649500687007378,0.7351278900169593
2026-03-24 11:49:00,1,TXN00288566,CR,HSBCGB2L,SWIFT,690786.77,42.545307740391195,152.75425181959037
2026-03-24 11:49:00,2,TXN00288562,CR,MIDLGB22,SWIFT,629713.43,38.78382278167732,139.24905345306195
2026-03-24 11:49:00,3,TXN00288563,DR,BNPAGB22,SWIFT,166199.04,10.236138863744577,36.75173166436608
2026-03-24 11:49:00,4,TXN00288565,CR,CITIGB2L,CHAPS,95759.51,5.897793644801664,21.17537992897661
2026-03-24 11:49:00,5,TXN00288564,DR,RBOSGB2L,CHAPS,41190.97,2.536936969385244,9.108593385587266
2026-03-24 11:50:00,1,TXN00288567,DR,BNPAGB22,BACS,236688.69,68.64231910412825,
2026-03-24 11:50:00,2,TXN00288568,CR,RBOSGB2L,BACS,68439.73,19.84827321516875,
2026-03-24 11:50:00,3,TXN00288569,DR,BOFAGB22,SWIFT,39686.11,11.509407680703015,
2026-03-24 11:51:00,1,TXN00288574,DR,CITIGB2L,BACS,690823.23,44.535999262640686,179.36036375803357
2026-03-24 11:51:00,2,TXN00288573,DR,DEUTGB2L,CHAPS,534629.5,34.46650023304219,138.80734959618485
2026-03-24 11:51:00,3,TXN00288571,DR,SANTGB2L,CHAPS,167272.11,10.783700148039825,43.429324888472266
2026-03-24 11:51:00,4,TXN00288572,DR,BARCGB22,FPS,79888.71,5.150266197118641,20.741728800521162
2026-03-24 11:51:00,5,TXN00288570,DR,RBOSGB2L,INTERNAL,78543.36,5.063534159158663,20.39243182424277
2026-03-24 11:52:00,1,TXN00288581,DR,RBOSGB2L,CHAPS,524243.01,43.71741440397642,1890.2438565947366
2026-03-24 11:52:00,2,TXN00288580,CR,LOYDGB2L,CHAPS,264728.12,22.076076753842838,954.5205047137857
2026-03-24 11:52:00,3,TXN00288576,DR,COBAGB2X,CHAPS,129339.14,10.785785740917982,466.3534088938001
2026-03-24 11:52:00,4,TXN00288578,DR,NWBKGB2L,SWIFT,81691.7,6.812393935906405,294.5527763160452
2026-03-24 11:52:00,5,TXN00288579,DR,CITIGB2L,FPS,80417.85,6.706165665283388,289.9597019387193
2026-03-24 11:53:00,1,TXN00288583,CR,BARCGB22,FPS,112321.83,35.4122617498568,
2026-03-24 11:53:00,2,TXN00288584,CR,NTSBGB2L,SWIFT,77272.49,24.362082080956057,
2026-03-24 11:53:00,3,TXN00288586,DR,MIDLGB22,FPS,55024.46,17.34783505721484,
2026-03-24 11:53:00,4,TXN00288585,DR,NWBKGB2L,BACS,36336.98,11.456140333177547,
2026-03-24 11:53:00,5,TXN00288587,DR,COBAGB2X,CHAPS,36227.68,11.421680778794757,
2026-03-24 11:54:00,1,TXN00288593,DR,SANTGB2L,FPS,2957994.65,81.13008638529449,119.27435197481535
2026-03-24 11:54:00,2,TXN00288589,CR,BNPAGB22,SWIFT,350546.09,9.614565923480361,14.13496732391159
2026-03-24 11:54:00,3,TXN00288594,DR,HSBCGB2L,BACS,100860.83,2.7663497805151547,4.066981709345558
2026-03-24 11:54:00,4,TXN00288592,DR,BOFAGB22,SWIFT,93874.71,2.574738710800058,3.785282438585113
2026-03-24 11:54:00,5,TXN00288595,CR,DEUTGB2L,CHAPS,78731.66,2.1594043035397763,3.1746736683250902
2026-03-24 11:55:00,1,TXN00288598,DR,NTSBGB2L,FPS,3208774.52,91.76625539816682,137.99675070845143
2026-03-24 11:55:00,2,TXN00288596,DR,BNPAGB22,CHAPS,224966.39,6.433709527444017,9.67491814869256
2026-03-24 11:55:00,3,TXN00288597,CR,BOFAGB22,FPS,60164.71,1.7206226580908655,2.587447150171298
2026-03-24 11:55:00,4,TXN00288599,DR,BOFAGB22,CHAPS,2776.8,0.0794124162983037,0.11941922842469714
2026-03-24 11:56:00,1,TXN00288602,DR,DEUTGB2L,BACS,394045.99,57.681209915688996,
2026-03-24 11:56:00,2,TXN00288600,CR,NTSBGB2L,CHAPS,156827.37,22.95669205895339,
2026-03-24 11:56:00,3,TXN00288601,DR,LOYDGB2L,INTERNAL,132271.1,19.362098025357625,
2026-03-24 11:57:00,1,TXN00288611,DR,NTSBGB2L,CHAPS,711470.86,33.98881013878957,77.18097691959527
2026-03-24 11:57:00,2,TXN00288608,DR,TSBSGB2A,CHAPS,439461.3,20.99420725262823,47.67314356677282
2026-03-24 11:57:00,3,TXN00288610,DR,SANTGB2L,CHAPS,363550.13,17.367733577313714,39.43823390412062
2026-03-24 11:57:00,4,TXN00288604,DR,MIDLGB22,INTERNAL,153768.65,7.345927632437377,16.680956724787467
2026-03-24 11:57:00,5,TXN00288607,DR,LOYDGB2L,FPS,124412.45,5.943505742387889,13.4963706482094
2026-03-24 11:58:00,1,TXN00288612,DR,CHASGB2L,FPS,185941.75,87.91298596951451,
2026-03-24 11:58:00,2,TXN00288613,DR,DEUTGB2L,CHAPS,25564.83,12.08701403048548,
2026-03-24 11:59:00,1,TXN00288618,CR,RBOSGB2L,CHAPS,375301.08,39.865228510114505,
2026-03-24 11:59:00,2,TXN00288614,CR,BNPAGB22,BACS,301327.14,32.007569209231335,
2026-03-24 11:59:00,3,TXN00288616,DR,DEUTGB2L,FPS,155154.72,16.480843506293223,
2026-03-24 11:59:00,4,TXN00288615,CR,TSBSGB2A,CHAPS,74218.15,7.883599773674924,
2026-03-24 11:59:00,5,TXN00288617,CR,BNPAGB22,CHAPS,35423.54,3.7627590006860134,
2026-03-24 12:00:00,1,TXN00288623,CR,SANTGB2L,CHAPS,274280.89,27.79081696630963,
2026-03-24 12:00:00,2,TXN00288620,DR,CHASGB2L,FPS,256677.31,26.00717877798456,
2026-03-24 12:00:00,3,TXN00288625,CR,HSBCGB2L,BACS,196155.76,19.874985906044568,
2026-03-24 12:00:00,4,TXN00288624,DR,NTSBGB2L,CHAPS,110003.01,11.145776567420093,
2026-03-24 12:00:00,5,TXN00288619,CR,HSBCGB2L,BACS,80009.46,8.106756028220822,
2026-03-24 12:01:00,1,TXN00288628,CR,MIDLGB22,CHAPS,418320.08,31.077550948300097,424.5271928410569
2026-03-24 12:01:00,2,TXN00288626,DR,BARCGB22,BACS,389410.2,28.929797800497003,395.18834254782735
2026-03-24 12:01:00,3,TXN00288627,DR,BARCGB22,INTERNAL,169564.79,12.597192083781412,172.08082457668138
2026-03-24 12:01:00,4,TXN00288630,DR,COBAGB2X,SWIFT,166121.82,12.34140929757505,168.58676713354842
2026-03-24 12:01:00,5,TXN00288631,DR,MIDLGB22,CHAPS,106100.23,7.882326144734335,107.6745653751321
2026-03-24 12:02:00,1,TXN00288635,CR,BNPAGB22,CHAPS,3524246.21,82.00909287921093,115.55396971335593
2026-03-24 12:02:00,2,TXN00288633,CR,BOFAGB22,CHAPS,462213.64,10.755696133045756,15.155190010876114
2026-03-24 12:02:00,3,TXN00288634,DR,SANTGB2L,BACS,185278.63,4.311427599209352,6.074967503349342
2026-03-24 12:02:00,4,TXN00288632,DR,BNPAGB22,CHAPS,125646.22,2.923783388533961,4.119723377804996
2026-03-24 12:03:00,1,TXN00288637,DR,BOFAGB22,INTERNAL,544908.78,82.5168958912957,
2026-03-24 12:03:00,2,TXN00288636,CR,LOYDGB2L,BACS,115451.47,17.483104108704303,
2026-03-24 12:04:00,1,TXN00288638,DR,RBOSGB2L,SWIFT,120827.4,69.75558808666922,
2026-03-24 12:04:00,2,TXN00288639,DR,HSBCGB2L,CHAPS,34691.89,20.028182256574574,
2026-03-24 12:04:00,3,TXN00288640,DR,BOFAGB22,CHAPS,17696.08,10.216229656756212,
2026-03-24 12:05:00,1,TXN00288641,CR,DEUTGB2L,SWIFT,2265151.72,96.06677847072841,203.99816534772606
2026-03-24 12:05:00,2,TXN00288642,DR,SANTGB2L,CHAPS,48296.81,2.0483038315476985,4.3495808890663215
2026-03-24 12:05:00,3,TXN00288643,CR,MIDLGB22,CHAPS,44444.34,1.8849176977239004,4.0026298194677015
2026-03-24 12:06:00,1,TXN00288645,CR,HSBCGB2L,FPS,1312100.08,66.71680248559709,182.44981244303625
2026-03-24 12:06:00,2,TXN00288644,DR,CITIGB2L,CHAPS,329806.42,16.76978007776806,45.860159898404426
2026-03-24 12:06:00,3,TXN00288646,CR,NWBKGB2L,BACS,310319.03,15.77889807920146,43.150404213834776
2026-03-24 12:06:00,4,TXN00288647,DR,SANTGB2L,CHAPS,14445.58,0.7345193574333839,2.008683180349227
2026-03-24 12:07:00,1,TXN00288651,CR,CITIGB2L,FPS,167000.73,34.48932295772367,
2026-03-24 12:07:00,2,TXN00288652,CR,NTSBGB2L,CHAPS,143978.37,29.73469937440772,
2026-03-24 12:07:00,3,TXN00288650,DR,DEUTGB2L,BACS,91098.37,18.813816585425734,
2026-03-24 12:07:00,4,TXN00288649,CR,NWBKGB2L,CHAPS,43425.63,8.968347489933809,
2026-03-24 12:07:00,5,TXN00288648,CR,BNPAGB22,INTERNAL,38706.84,7.993813592509066,
2026-03-24 12:08:00,1,TXN00288654,DR,BOFAGB22,SWIFT,137253.41,25.63269155399425,
2026-03-24 12:08:00,2,TXN00288659,DR,SANTGB2L,INTERNAL,114455.13,21.3750102388153,
2026-03-24 12:08:00,3,TXN00288656,CR,NWBKGB2L,FPS,103058.74,19.24668315609273,
2026-03-24 12:08:00,4,TXN00288655,DR,LOYDGB2L,CHAPS,90739.08,16.945931248871766,
2026-03-24 12:08:00,5,TXN00288657,DR,HSBCGB2L,INTERNAL,46043.48,8.5988269501829,
2026-03-24 12:09:00,1,TXN00288661,DR,LOYDGB2L,CHAPS,638967.49,51.03659112794984,3911.779705006276
2026-03-24 12:09:00,2,TXN00288660,DR,NWBKGB2L,CHAPS,283846.18,22.67179732710729,1737.7155233164654
2026-03-24 12:09:00,3,TXN00288664,DR,CHASGB2L,INTERNAL,136392.97,10.894188439253346,835.0021875941292
2026-03-24 12:09:00,4,TXN00288663,CR,MIDLGB22,SWIFT,116727.2,9.323413903124283,714.6077056004971
2026-03-24 12:09:00,5,TXN00288662,DR,TSBSGB2A,CHAPS,76045.33,6.0740092025652475,465.5519775419324
2026-03-24 12:10:00,1,TXN00288667,DR,BOFAGB22,FPS,379607.36,53.529542093823004,
2026-03-24 12:10:00,2,TXN00288669,CR,LOYDGB2L,CHAPS,172665.92,24.34812547577759,
2026-03-24 12:10:00,3,TXN00288666,DR,HSBCGB2L,CHAPS,81417.03,11.480853096576025,
2026-03-24 12:10:00,4,TXN00288668,DR,TSBSGB2A,INTERNAL,46206.7,6.515741667038941,
2026-03-24 12:10:00,5,TXN00288670,DR,SANTGB2L,FPS,17790.98,2.5087580304037393,
2026-03-24 12:11:00,1,TXN00288675,DR,DEUTGB2L,FPS,921745.34,39.61875250162471,85.38103715359
2026-03-24 12:11:00,2,TXN00288676,CR,RBOSGB2L,CHAPS,718957.56,30.902463394945936,66.59685650508894
2026-03-24 12:11:00,3,TXN00288674,DR,NTSBGB2L,CHAPS,262985.7,11.303735324299579,24.360298716088842
2026-03-24 12:11:00,4,TXN00288677,DR,BARCGB22,CHAPS,117779.14,5.062420600373425,10.909851877588965
2026-03-24 12:11:00,5,TXN00288671,CR,COBAGB2X,FPS,116591.63,5.011378666401506,10.799853127359036
2026-03-24 12:12:00,1,TXN00288680,CR,BNPAGB22,BACS,233084.46,45.600654063795865,
2026-03-24 12:12:00,2,TXN00288683,DR,BOFAGB22,INTERNAL,174274.51,34.095072844614066,
2026-03-24 12:12:00,3,TXN00288681,DR,BNPAGB22,CHAPS,62893.84,12.304553639413486,
2026-03-24 12:12:00,4,TXN00288682,CR,MIDLGB22,FPS,40889.99,7.999719452176573,
2026-03-24 12:13:00,1,TXN00288684,CR,NTSBGB2L,CHAPS,551673.23,40.07606220193844,425.69267211453393
2026-03-24 12:13:00,2,TXN00288685,DR,DEUTGB2L,BACS,317845.79,23.089769374280245,245.26226089573893
2026-03-24 12:13:00,3,TXN00288687,DR,BARCGB22,CHAPS,215636.79,15.66484095859851,166.39379319040117
2026-03-24 12:13:00,4,TXN00288686,DR,MIDLGB22,CHAPS,164957.74,11.983283381234918,127.28785322168802
2026-03-24 12:13:00,5,TXN00288688,DR,MIDLGB22,CHAPS,126451.91,9.186044083947886,97.57524660365803
2026-03-24 13:13:00,1,TXN00289102,CR,TSBSGB2A,FPS,590580.17,28.650551227025797,344.7012939206973
2026-03-24 13:13:00,2,TXN00289098,CR,BARCGB22,INTERNAL,330047.88,16.011464952017032,192.63757415319756
2026-03-24 13:13:00,3,TXN00289101,CR,COBAGB2X,BACS,320937.14,15.569479703704154,187.31994916999662
2026-03-24 13:13:00,4,TXN00289099,DR,CITIGB2L,CHAPS,255187.38,12.37979105051986,148.94407998533487
2026-03-24 13:13:00,5,TXN00289095,CR,DEUTGB2L,FPS,252705.69,12.259397935264063,147.49560305101778
2026-03-24 13:14:00,1,TXN00289114,CR,SANTGB2L,CHAPS,456837.66,20.53068949332943,136.3067704350165
2026-03-24 13:14:00,2,TXN00289104,CR,CHASGB2L,CHAPS,345724.15,15.537149835666456,103.15380379956243
2026-03-24 13:14:00,3,TXN00289115,CR,CHASGB2L,FPS,330982.44,14.874644317599689,98.75531598489849
2026-03-24 13:14:00,4,TXN00289111,DR,CHASGB2L,FPS,316989.1,14.245771210871608,94.58011952014307
2026-03-24 13:14:00,5,TXN00289113,CR,NWBKGB2L,INTERNAL,265005.77,11.909594269900332,79.069839941271
2026-03-24 13:15:00,1,TXN00289119,CR,TSBSGB2A,CHAPS,1275179.43,67.7106359896289,7077.988058069198
2026-03-24 13:15:00,2,TXN00289117,DR,CITIGB2L,SWIFT,171942.11,9.12993838169012,954.3787898611416
2026-03-24 13:15:00,3,TXN00289123,DR,BOFAGB22,CHAPS,102371.24,5.4358011150218575,568.2199674517458
2026-03-24 13:15:00,4,TXN00289121,CR,TSBSGB2A,SWIFT,89271.77,4.740233554912248,495.5102843704906
2026-03-24 13:15:00,5,TXN00289116,DR,CITIGB2L,CHAPS,84121.89,4.466780547541927,466.9254528691783
2026-03-24 13:16:00,1,TXN00289125,DR,TSBSGB2A,CHAPS,615728.74,34.68304209649964,
2026-03-24 13:16:00,2,TXN00289124,DR,BNPAGB22,CHAPS,597077.98,33.63247379882409,
2026-03-24 13:16:00,3,TXN00289127,CR,DEUTGB2L,CHAPS,258409.27,14.555792197609195,
2026-03-24 13:16:00,4,TXN00289126,DR,RBOSGB2L,CHAPS,188189.65,10.600430236658326,
2026-03-24 13:16:00,5,TXN00289130,DR,BOFAGB22,BACS,59264.22,3.3382613211723977,
2026-03-24 13:17:00,1,TXN00289134,DR,CITIGB2L,CHAPS,332202.08,32.42604550647809,
2026-03-24 13:17:00,2,TXN00289133,DR,CITIGB2L,FPS,255257.82,24.915562501006598,
2026-03-24 13:17:00,3,TXN00289132,DR,NWBKGB2L,BACS,164587.05,16.065243098649425,
2026-03-24 13:17:00,4,TXN00289131,DR,BNPAGB22,INTERNAL,125087.0,12.209666942087855,
2026-03-24 13:17:00,5,TXN00289135,CR,TSBSGB2A,INTERNAL,111272.71,10.861262392123312,
2026-03-24 13:18:00,1,TXN00289143,CR,CITIGB2L,CHAPS,1251002.26,57.79391134066899,353.2202287832655
2026-03-24 13:18:00,2,TXN00289142,DR,NWBKGB2L,CHAPS,217384.97,10.042769773232855,61.37860121647047
2026-03-24 13:18:00,3,TXN00289138,CR,RBOSGB2L,CHAPS,192867.16,8.910093851922076,54.456002645413825
2026-03-24 13:18:00,4,TXN00289139,CR,BOFAGB22,FPS,143073.64,6.609728479105061,40.39681259541016
2026-03-24 13:18:00,5,TXN00289137,DR,CHASGB2L,CHAPS,130378.51,6.023237757914623,36.812345271559515
2026-03-24 13:19:00,1,TXN00289148,CR,LOYDGB2L,CHAPS,306907.57,56.26872804973292,
2026-03-24 13:19:00,2,TXN00289145,DR,TSBSGB2A,BACS,111407.23,20.425508330224787,
2026-03-24 13:19:00,3,TXN00289147,CR,SANTGB2L,CHAPS,66769.56,12.241595127941372,
2026-03-24 13:19:00,4,TXN00289149,CR,BOFAGB22,BACS,30889.41,5.663294036398974,
2026-03-24 13:19:00,5,TXN00289146,DR,NTSBGB2L,CHAPS,29458.09,5.400874455701946,
2026-03-24 13:20:00,1,TXN00289152,CR,CITIGB2L,BACS,200744.6,26.806003055739545,
2026-03-24 13:20:00,2,TXN00289155,DR,NWBKGB2L,INTERNAL,163578.24,21.843072248481388,
2026-03-24 13:20:00,3,TXN00289151,CR,SANTGB2L,BACS,159804.1,21.33910049346138,
2026-03-24 13:20:00,4,TXN00289150,CR,MIDLGB22,SWIFT,113688.31,15.18112659200728,
2026-03-24 13:20:00,5,TXN00289154,DR,CHASGB2L,CHAPS,92008.29,12.286131247831175,
2026-03-24 13:39:00,1,TXN00289272,DR,BARCGB22,CHAPS,176622.25,26.647288612575192,
2026-03-24 13:39:00,2,TXN00289274,DR,DEUTGB2L,CHAPS,157984.84,23.835431990542038,
2026-03-24 13:39:00,3,TXN00289275,DR,SANTGB2L,CHAPS,83744.6,12.63468518799112,
2026-03-24 13:39:00,4,TXN00289279,CR,MIDLGB22,FPS,77326.14,11.66632159807949,
2026-03-24 13:39:00,5,TXN00289277,DR,TSBSGB2A,CHAPS,67755.85,10.222436245378784,
2026-03-24 13:46:00,1,TXN00289320,CR,RBOSGB2L,CHAPS,9541742.64,73.74301594634487,85.3067854921347
2026-03-24 13:46:00,2,TXN00289316,DR,BOFAGB22,SWIFT,1626437.78,12.569866079125118,14.540968463467568
2026-03-24 13:46:00,3,TXN00289318,CR,LOYDGB2L,CHAPS,300894.58,2.3254529752343793,2.690111267956601
2026-03-24 13:46:00,4,TXN00289325,DR,BARCGB22,FPS,283240.87,2.189016910339409,2.532280428357436
2026-03-24 13:46:00,5,TXN00289323,DR,BNPAGB22,SWIFT,259767.06,2.0076004112300314,2.322415695058244
2026-03-24 15:56:00,1,TXN00290053,CR,BOFAGB22,FPS,297750.64,67.02410226557186,
2026-03-24 15:56:00,2,TXN00290052,CR,MIDLGB22,BACS,89605.86,20.170409454819357,
2026-03-24 15:56:00,3,TXN00290054,CR,CITIGB2L,CHAPS,56887.63,12.805488279608781,
2026-03-24 15:57:00,1,TXN00290055,CR,BNPAGB22,CHAPS,69688.65,100.0,
2026-03-24 15:58:00,1,TXN00290058,CR,NTSBGB2L,CHAPS,565621.5,54.543759278764504,281.9361188723716
2026-03-24 15:58:00,2,TXN00290061,DR,RBOSGB2L,CHAPS,216471.17,20.874650958763958,107.9008515722287
2026-03-24 15:58:00,3,TXN00290059,DR,LOYDGB2L,CHAPS,118243.15,11.402370507420322,58.93873340077006
2026-03-24 15:58:00,4,TXN00290056,DR,CHASGB2L,SWIFT,61699.32,5.9497612055826385,30.754253184973507
2026-03-24 15:58:00,5,TXN00290060,DR,LOYDGB2L,INTERNAL,38186.53,3.682386366167692,19.03421645288127
2026-03-24 15:59:00,1,TXN00290062,DR,DEUTGB2L,CHAPS,165287.65,48.58411546964451,
2026-03-24 15:59:00,2,TXN00290063,CR,HSBCGB2L,CHAPS,134717.77,39.59850414409673,
2026-03-24 15:59:00,3,TXN00290064,CR,TSBSGB2A,SWIFT,40203.82,11.817380386258762,
2026-03-24 16:00:00,1,TXN00290065,CR,LOYDGB2L,CHAPS,481448.34,69.34635723244092,
2026-03-24 16:00:00,2,TXN00290068,CR,TSBSGB2A,CHAPS,93634.19,13.486784457311137,
2026-03-24 16:00:00,3,TXN00290066,CR,SANTGB2L,CHAPS,91741.05,13.214102319221258,
2026-03-24 16:00:00,4,TXN00290067,DR,CHASGB2L,CHAPS,27442.65,3.9527559910266694,
2026-03-24 16:13:00,1,TXN00290120,CR,MIDLGB22,SWIFT,352325.96,54.847958665962416,
2026-03-24 16:13:00,2,TXN00290119,DR,SANTGB2L,CHAPS,219830.49,34.22187121561597,
2026-03-24 16:13:00,3,TXN00290118,CR,DEUTGB2L,CHAPS,38356.65,5.971129557880967,
2026-03-24 16:13:00,4,TXN00290117,CR,SANTGB2L,CHAPS,31855.31,4.9590405605406405,
2026-03-24 16:14:00,1,TXN00290121,DR,SANTGB2L,SWIFT,135512.44,31.23646481687396,
2026-03-24 16:14:00,2,TXN00290123,DR,NTSBGB2L,CHAPS,109066.14,25.140427290824736,
2026-03-24 16:14:00,3,TXN00290122,DR,HSBCGB2L,CHAPS,74718.18,17.223007723503873,
2026-03-24 16:14:00,4,TXN00290125,CR,HSBCGB2L,CHAPS,68598.55,15.812394740760105,
2026-03-24 16:14:00,5,TXN00290124,CR,CHASGB2L,CHAPS,45932.4,10.587705428037319,
2026-03-24 16:15:00,1,TXN00290131,DR,COBAGB2X,FPS,213948.09,33.78558147368195,
2026-03-24 16:15:00,2,TXN00290126,DR,NWBKGB2L,BACS,114058.46,18.011525099816005,
2026-03-24 16:15:00,3,TXN00290129,DR,CITIGB2L,CHAPS,112864.15,17.82292581010123,
2026-03-24 16:15:00,4,TXN00290127,CR,SANTGB2L,SWIFT,80389.3,12.694664601877307,
2026-03-24 16:15:00,5,TXN00290132,CR,LOYDGB2L,CHAPS,60407.42,9.539228931769966,
2026-03-24 16:16:00,1,TXN00290138,CR,NTSBGB2L,FPS,1218402.08,45.19881524106196,69.18361525257966
2026-03-24 16:16:00,2,TXN00290136,CR,CITIGB2L,CHAPS,1008390.55,37.408060039000304,57.258687407639016
2026-03-24 16:16:00,3,TXN00290134,DR,HSBCGB2L,BACS,206198.98,7.649321806735121,11.708442665982947
2026-03-24 16:16:00,4,TXN00290139,CR,RBOSGB2L,CHAPS,116532.75,4.3229918294155105,6.616992101921766
2026-03-24 16:16:00,5,TXN00290133,CR,BNPAGB22,CHAPS,62533.67,2.319798893215562,3.550802675592759
2026-03-24 16:59:00,1,TXN00290391,DR,CITIGB2L,CHAPS,18744330.04,95.05407661226519,104.17779322546065
2026-03-24 16:59:00,2,TXN00290387,CR,RBOSGB2L,CHAPS,193444.34,0.9809725434480813,1.0751306880614286
2026-03-24 16:59:00,3,TXN00290395,DR,CITIGB2L,SWIFT,174543.75,0.885126059415675,0.9700844285975075
2026-03-24 16:59:00,4,TXN00290393,CR,RBOSGB2L,CHAPS,171414.09,0.8692552899202857,0.9526903114618068
2026-03-24 16:59:00,5,TXN00290388,CR,RBOSGB2L,BACS,165813.63,0.8408548854903641,0.9215639088321899
2026-03-24 17:55:00,1,TXN00290813,DR,CHASGB2L,BACS,2127884.21,64.19457881734114,98.24287990100885
2026-03-24 17:55:00,2,TXN00290815,DR,BNPAGB22,FPS,586095.81,17.681494835453663,27.05962100837926
2026-03-24 17:55:00,3,TXN00290814,CR,BARCGB22,SWIFT,190696.11,5.752971146656216,8.804301918439243
2026-03-24 17:55:00,4,TXN00290817,DR,BARCGB22,INTERNAL,175486.85,5.294134131354789,8.102101349187771
2026-03-24 17:55:00,5,TXN00290816,DR,CITIGB2L,CHAPS,145842.91,4.3998278369410855,6.733462010859906
2026-03-24 17:56:00,1,TXN00290822,DR,BARCGB22,CHAPS,508066.44,49.638446350587245,
2026-03-24 17:56:00,2,TXN00290819,CR,RBOSGB2L,CHAPS,273672.88,26.73803168634933,
2026-03-24 17:56:00,3,TXN00290820,DR,BOFAGB22,CHAPS,156455.2,15.285782409620284,
2026-03-24 17:56:00,4,TXN00290818,CR,CHASGB2L,FPS,49552.67,4.841330498671304,
2026-03-24 17:56:00,5,TXN00290821,DR,HSBCGB2L,SWIFT,35786.94,3.4964090547718225,
2026-03-24 17:57:00,1,TXN00290825,CR,RBOSGB2L,FPS,184320.47,21.641273673531675,
2026-03-24 17:57:00,2,TXN00290827,DR,BOFAGB22,INTERNAL,170031.97,19.96364481937208,
2026-03-24 17:57:00,3,TXN00290823,DR,SANTGB2L,FPS,169187.83,19.864533392633778,
2026-03-24 17:57:00,4,TXN00290826,DR,RBOSGB2L,INTERNAL,153674.22,18.043062995588688,
2026-03-24 17:57:00,5,TXN00290824,CR,CITIGB2L,CHAPS,100487.3,11.79832690321525,
2026-03-24 17:58:00,1,TXN00290831,DR,CHASGB2L,FPS,469180.31,46.562503470376974,
2026-03-24 17:58:00,2,TXN00290833,DR,NTSBGB2L,CHAPS,344504.45,34.18939223746476,
2026-03-24 17:58:00,3,TXN00290832,CR,BNPAGB22,INTERNAL,87935.08,8.726874040532257,
2026-03-24 17:58:00,4,TXN00290829,DR,HSBCGB2L,CHAPS,84471.23,8.383113818271724,
2026-03-24 17:58:00,5,TXN00290830,DR,NWBKGB2L,CHAPS,21544.42,2.1381164333542877,
2026-03-24 17:59:00,1,TXN00290834,CR,CITIGB2L,BACS,22151.78,100.0,
2026-03-24 18:00:00,1,TXN00290839,CR,SANTGB2L,CHAPS,1033693.52,68.64478122471584,192.24980326713538
2026-03-24 18:00:00,2,TXN00290838,DR,NWBKGB2L,SWIFT,323474.75,21.48108023882132,60.16092376141218
2026-03-24 18:00:00,3,TXN00290836,CR,HSBCGB2L,CHAPS,57771.86,3.836472430092154,10.744605150834735
2026-03-24 18:00:00,4,TXN00290840,DR,CHASGB2L,SWIFT,41013.16,2.723572646111071,7.6277656663297515
2026-03-24 18:00:00,5,TXN00290835,DR,CHASGB2L,SWIFT,26091.22,1.7326471087735276,4.852532994498745
2026-03-25 15:07:00,1,TXN00295079,CR,BARCGB22,FPS,364230.46,53.020625918885465,
2026-03-25 15:07:00,2,TXN00295078,CR,RBOSGB2L,CHAPS,170031.08,24.75123658593542,
2026-03-25 15:07:00,3,TXN00295080,CR,NWBKGB2L,FPS,152698.4,22.228137495179123,
2026-03-25 15:08:00,1,TXN00295084,DR,LOYDGB2L,BACS,725479.05,75.06793870504593,
2026-03-25 15:08:00,2,TXN00295082,CR,SANTGB2L,SWIFT,116800.75,12.085795643173148,
2026-03-25 15:08:00,3,TXN00295083,CR,LOYDGB2L,CHAPS,57442.92,5.943826493127344,
2026-03-25 15:08:00,4,TXN00295086,CR,CITIGB2L,SWIFT,26423.26,2.734110188388613,
2026-03-25 15:08:00,5,TXN00295085,CR,RBOSGB2L,CHAPS,25316.95,2.6196362952158476,
2026-03-25 15:09:00,1,TXN00295087,DR,BARCGB22,FPS,82556.86,100.0,
2026-03-25 15:10:00,1,TXN00295089,DR,DEUTGB2L,CHAPS,312043.59,59.70794837132008,
2026-03-25 15:10:00,2,TXN00295090,DR,BNPAGB22,CHAPS,74655.56,14.28496038682284,
2026-03-25 15:10:00,3,TXN00295088,CR,RBOSGB2L,FPS,65054.67,12.447879085333126,
2026-03-25 15:10:00,4,TXN00295091,DR,HSBCGB2L,CHAPS,39292.37,7.51839446324408,
2026-03-25 15:10:00,5,TXN00295092,DR,BNPAGB22,FPS,26883.47,5.14401477947979,
2026-03-25 15:11:00,1,TXN00295094,DR,CHASGB2L,BACS,579278.46,63.5429015491673,
2026-03-25 15:11:00,2,TXN00295099,DR,NTSBGB2L,FPS,125911.01,13.811580206842525,
2026-03-25 15:11:00,3,TXN00295096,DR,DEUTGB2L,FPS,86513.46,9.489937311768546,
2026-03-25 15:11:00,4,TXN00295097,DR,RBOSGB2L,FPS,45305.08,4.969658699405374,
2026-03-25 15:11:00,5,TXN00295100,CR,BOFAGB22,CHAPS,36234.12,3.974636170453695,
2026-03-25 15:12:00,1,TXN00295101,DR,HSBCGB2L,CHAPS,281282.67,42.28176533653587,
2026-03-25 15:12:00,2,TXN00295102,CR,BOFAGB22,CHAPS,268300.42,40.3303033142213,
2026-03-25 15:12:00,3,TXN00295103,CR,LOYDGB2L,SWIFT,67907.61,10.207716069336929,
2026-03-25 15:12:00,4,TXN00295104,CR,NWBKGB2L,CHAPS,47766.93,7.180215279905923,
2026-03-25 15:13:00,1,TXN00295106,CR,DEUTGB2L,SWIFT,183472.75,32.27541729297166,
2026-03-25 15:13:00,2,TXN00295105,CR,LOYDGB2L,BACS,109877.14,19.328922384704367,
2026-03-25 15:13:00,3,TXN00295107,DR,BNPAGB22,CHAPS,83768.95,14.736127394635325,
2026-03-25 15:13:00,4,TXN00295110,CR,BARCGB22,CHAPS,76416.66,13.442756974183554,
2026-03-25 15:13:00,5,TXN00295109,DR,HSBCGB2L,CHAPS,62981.12,11.079257980156308,
2026-03-25 15:14:00,1,TXN00295116,DR,BARCGB22,SWIFT,417524.02,28.2238369369055,114.4228540350069
2026-03-25 15:14:00,2,TXN00295117,DR,RBOSGB2L,CHAPS,280818.08,18.982773012328447,76.95846140356402
2026-03-25 15:14:00,3,TXN00295115,DR,BARCGB22,CHAPS,216349.74,14.62483471753769,59.290851627007456
2026-03-25 15:14:00,4,TXN00295118,DR,CITIGB2L,CHAPS,175518.04,11.864688744003894,48.10088548062577
2026-03-25 15:14:00,5,TXN00295120,CR,BARCGB22,CHAPS,104978.84,7.096371753619091,28.769550758024277
2026-03-25 15:15:00,1,TXN00295123,DR,NTSBGB2L,BACS,813081.39,61.821385466978,241.3268333271501
2026-03-25 15:15:00,2,TXN00295121,DR,SANTGB2L,FPS,326160.79,24.79913102279227,96.80623806453325
2026-03-25 15:15:00,3,TXN00295122,CR,SANTGB2L,BACS,107860.12,8.200977340084616,32.01345095585869
2026-03-25 15:15:00,4,TXN00295124,DR,TSBSGB2A,BACS,68108.26,5.178506170145105,20.214889814686575
2026-03-25 15:16:00,1,TXN00295125,CR,COBAGB2X,SWIFT,162684.26,63.01368578963942,
2026-03-25 15:16:00,2,TXN00295127,CR,RBOSGB2L,INTERNAL,49467.78,19.16071748816394,
2026-03-25 15:16:00,3,TXN00295126,CR,HSBCGB2L,BACS,46020.86,17.825596722196636,
2026-03-26 07:12:00,1,TXN00296440,DR,CHASGB2L,FPS,41514.7,77.49442284391186,
2026-03-26 07:12:00,2,TXN00296441,CR,NTSBGB2L,CHAPS,12056.51,22.50557715608813,
2026-03-26 07:13:00,1,TXN00296444,CR,CITIGB2L,CHAPS,440882.44,64.00507787067167,
2026-03-26 07:13:00,2,TXN00296445,DR,CITIGB2L,FPS,124291.85,18.04406076581286,
2026-03-26 07:13:00,3,TXN00296443,CR,CITIGB2L,CHAPS,62132.19,9.020036405227133,
2026-03-26 07:13:00,4,TXN00296442,CR,CITIGB2L,CHAPS,44147.11,6.409053654564032,
2026-03-26 07:13:00,5,TXN00296446,DR,DEUTGB2L,BACS,17370.57,2.521771303724306,
2026-03-26 07:26:00,1,TXN00296499,CR,CHASGB2L,CHAPS,2625102.78,90.00883821325688,135.10397499272196
2026-03-26 07:26:00,2,TXN00296497,DR,CITIGB2L,SWIFT,156372.69,5.361665936440695,8.047902794611593
2026-03-26 07:26:00,3,TXN00296500,DR,COBAGB2X,CHAPS,119702.12,4.104315013853995,6.1606091579605895
2026-03-26 07:26:00,4,TXN00296498,CR,BNPAGB22,FPS,15316.87,0.5251808364484258,0.7883005713958268
2026-03-26 07:27:00,1,TXN00296503,DR,CHASGB2L,CHAPS,531023.32,71.34503000974723,
2026-03-26 07:27:00,2,TXN00296502,DR,NTSBGB2L,FPS,171730.61,23.07266943388136,
2026-03-26 07:27:00,3,TXN00296501,DR,HSBCGB2L,CHAPS,41549.24,5.582300556371405,
2026-03-26 07:28:00,1,TXN00296507,DR,CHASGB2L,FPS,802982.17,47.075893618499904,110.35356346087462
2026-03-26 07:28:00,2,TXN00296504,DR,RBOSGB2L,CHAPS,482760.92,28.30249856368435,66.3456672041052
2026-03-26 07:28:00,3,TXN00296505,CR,HSBCGB2L,SWIFT,400807.82,23.49788949334063,55.08288085647632
2026-03-26 07:28:00,4,TXN00296506,DR,CHASGB2L,CHAPS,19167.47,1.1237183244751106,2.634178810009456
2026-03-26 07:29:00,1,TXN00296511,DR,BOFAGB22,CHAPS,485098.99,46.34788377424664,808.7534864381788
2026-03-26 07:29:00,2,TXN00296513,DR,CITIGB2L,CHAPS,247451.55,23.642299645186192,412.54941344452465
2026-03-26 07:29:00,3,TXN00296508,CR,NWBKGB2L,INTERNAL,106680.35,10.192576287977744,177.85669889138538
2026-03-26 07:29:00,4,TXN00296514,CR,BARCGB22,CHAPS,73371.3,7.010124850528719,122.32409446884552
2026-03-26 07:29:00,5,TXN00296512,DR,HSBCGB2L,CHAPS,71411.56,6.822885124987872,119.05683028115394
2026-03-26 07:30:00,1,TXN00296516,DR,SANTGB2L,BACS,172523.66,63.724246376674564,
2026-03-26 07:30:00,2,TXN00296515,DR,COBAGB2X,INTERNAL,70450.98,26.022144481505737,
2026-03-26 07:30:00,3,TXN00296517,DR,CHASGB2L,CHAPS,21805.38,8.054149833460594,
2026-03-26 07:30:00,4,TXN00296518,CR,DEUTGB2L,CHAPS,5954.7,2.19945930835912,
2026-03-26 07:31:00,1,TXN00296520,DR,BOFAGB22,INTERNAL,3624211.69,78.61786895879554,107.87330232178901
2026-03-26 07:31:00,2,TXN00296522,CR,TSBSGB2A,CHAPS,295199.44,6.4035859038437755,8.786500668326804
2026-03-26 07:31:00,3,TXN00296523,DR,RBOSGB2L,CHAPS,276282.49,5.993231756953397,8.223444743092987
2026-03-26 07:31:00,4,TXN00296525,CR,LOYDGB2L,CHAPS,117468.64,2.548177351717534,3.4964100333911228
2026-03-26 07:31:00,5,TXN00296526,CR,BOFAGB22,CHAPS,110269.84,2.392018064272441,3.2821404500506155
2026-03-26 07:32:00,1,TXN00296530,DR,LOYDGB2L,FPS,1079002.18,91.57996336299618,
2026-03-26 07:32:00,2,TXN00296528,CR,TSBSGB2A,CHAPS,57387.4,4.870737137433409,
2026-03-26 07:32:00,3,TXN00296531,CR,NWBKGB2L,CHAPS,33593.7,2.851254494432518,
2026-03-26 07:32:00,4,TXN00296529,DR,BOFAGB22,FPS,8224.42,0.6980450051378887,
2026-03-26 07:33:00,1,TXN00296537,CR,BNPAGB22,SWIFT,302048.9,47.30400117507921,
2026-03-26 07:33:00,2,TXN00296532,CR,BOFAGB22,CHAPS,137739.04,21.57136711974214,
2026-03-26 07:33:00,3,TXN00296535,CR,TSBSGB2A,CHAPS,63505.23,9.945579919488782,
2026-03-26 07:33:00,4,TXN00296536,DR,BNPAGB22,FPS,46985.16,7.358365032454296,
2026-03-26 07:33:00,5,TXN00296534,DR,NTSBGB2L,BACS,45560.72,7.135282904249791,
2026-03-26 07:34:00,1,TXN00296540,DR,HSBCGB2L,FPS,333589.92,31.832553267485608,
2026-03-26 07:34:00,2,TXN00296542,CR,DEUTGB2L,CHAPS,302254.97,28.842440541630467,
2026-03-26 07:34:00,3,TXN00296541,CR,BARCGB22,CHAPS,238677.63,22.775623348368025,
2026-03-26 07:34:00,4,TXN00296543,DR,NTSBGB2L,BACS,159936.37,15.26180112826337,
2026-03-26 07:34:00,5,TXN00296539,DR,TSBSGB2A,INTERNAL,13493.24,1.2875817142525394,
2026-03-26 11:29:00,1,TXN00298709,CR,DEUTGB2L,SWIFT,304504.21,39.625564801262705,
2026-03-26 11:29:00,2,TXN00298705,DR,DEUTGB2L,CHAPS,276020.15,35.918893667444706,
2026-03-26 11:29:00,3,TXN00298707,CR,CITIGB2L,CHAPS,148912.67,19.378216986931147,
2026-03-26 11:29:00,4,TXN00298706,CR,DEUTGB2L,INTERNAL,25424.06,3.3084689930598694,
2026-03-26 11:29:00,5,TXN00298708,DR,LOYDGB2L,FPS,13592.84,1.7688555513015591,
2026-03-26 11:30:00,1,TXN00298714,DR,CHASGB2L,CHAPS,450355.2,48.28958309377359,
2026-03-26 11:30:00,2,TXN00298711,CR,DEUTGB2L,BACS,352243.82,37.76953661278525,
2026-03-26 11:30:00,3,TXN00298710,DR,TSBSGB2A,SWIFT,66838.94,7.166841966140831,
2026-03-26 11:30:00,4,TXN00298713,DR,TSBSGB2A,FPS,47917.21,5.137949098659899,
2026-03-26 11:30:00,5,TXN00298712,DR,DEUTGB2L,CHAPS,15258.39,1.636089228640424,
2026-03-26 11:31:00,1,TXN00298722,DR,HSBCGB2L,CHAPS,709745.93,43.97098625595074,208.08795439177868
2026-03-26 11:31:00,2,TXN00298718,DR,BARCGB22,SWIFT,483097.99,29.929435563748044,141.6378287789265
2026-03-26 11:31:00,3,TXN00298719,DR,SANTGB2L,SWIFT,97840.38,6.061518386244213,28.68548260800072
2026-03-26 11:31:00,4,TXN00298723,DR,DEUTGB2L,CHAPS,83412.66,5.1676758842876245,24.455469282898097
2026-03-26 11:31:00,5,TXN00298720,DR,HSBCGB2L,CHAPS,71672.98,4.440365890513853,21.013553108170505
2026-03-26 11:32:00,1,TXN00298726,CR,HSBCGB2L,FPS,501002.7,42.63037491783167,
2026-03-26 11:32:00,2,TXN00298728,CR,MIDLGB22,CHAPS,206267.12,17.55129195675268,
2026-03-26 11:32:00,3,TXN00298729,CR,RBOSGB2L,CHAPS,162563.96,13.83258525937563,
2026-03-26 11:32:00,4,TXN00298725,CR,NWBKGB2L,CHAPS,120312.06,10.23736643522412,
2026-03-26 11:32:00,5,TXN00298724,CR,SANTGB2L,CHAPS,104371.18,8.88095520047396,
2026-03-26 11:33:00,1,TXN00298731,DR,NTSBGB2L,CHAPS,122228.67,83.57651334247262,
2026-03-26 11:33:00,2,TXN00298732,DR,BOFAGB22,CHAPS,24018.96,16.423486657527373,
2026-03-26 11:34:00,1,TXN00298733,DR,COBAGB2X,CHAPS,177627.74,60.27877293484971,
2026-03-26 11:34:00,2,TXN00298734,CR,NTSBGB2L,SWIFT,117049.36,39.721227065150295,
2026-03-26 11:35:00,1,TXN00298737,DR,BNPAGB22,BACS,137185.07,38.04362020448119,
2026-03-26 11:35:00,2,TXN00298736,DR,RBOSGB2L,CHAPS,136849.62,37.95059453924231,
2026-03-26 11:35:00,3,TXN00298735,DR,DEUTGB2L,CHAPS,86564.72,24.005785256276486,
2026-03-26 11:36:00,1,TXN00298744,CR,SANTGB2L,CHAPS,475285.79,29.416459698799247,138.70062569669275
2026-03-26 11:36:00,2,TXN00298751,CR,HSBCGB2L,CHAPS,349855.84,21.653330342044434,102.09693816354581
2026-03-26 11:36:00,3,TXN00298740,CR,COBAGB2X,CHAPS,130778.09,8.094137243133108,38.16441242734902
2026-03-26 11:36:00,4,TXN00298739,DR,LOYDGB2L,CHAPS,114100.11,7.061901193055995,33.29734863114984
2026-03-26 11:36:00,5,TXN00298743,CR,TSBSGB2A,CHAPS,103171.53,6.385507873712062,30.10810772416551
2026-03-26 11:37:00,1,TXN00298754,DR,HSBCGB2L,BACS,585961.14,75.22222613477912,
2026-03-26 11:37:00,2,TXN00298753,DR,BOFAGB22,SWIFT,149075.18,19.137390068295144,
2026-03-26 11:37:00,3,TXN00298752,CR,BARCGB22,FPS,26443.81,3.3946999551627832,
2026-03-26 11:37:00,4,TXN00298755,CR,BARCGB22,FPS,17493.28,2.2456838417629688,
2026-03-26 12:02:00,1,TXN00298911,CR,MIDLGB22,BACS,14822018.69,92.82167918562051,100.73805959784885
2026-03-26 12:02:00,2,TXN00298908,DR,NTSBGB2L,BACS,514946.39,3.2248096301903546,3.4998404205572564
2026-03-26 12:02:00,3,TXN00298906,CR,NWBKGB2L,FPS,291385.79,1.8247796662728797,1.9804076416925815
2026-03-26 12:02:00,4,TXN00298905,DR,SANTGB2L,CHAPS,135414.81,0.8480241668621021,0.9203486708200459
2026-03-26 12:02:00,5,TXN00298910,DR,NWBKGB2L,BACS,70797.04,0.4433606697989896,0.48117308337244363
2026-03-26 16:19:00,1,TXN00300634,CR,SANTGB2L,CHAPS,476042.27,39.17732825639146,167.6562450718119
2026-03-26 16:19:00,2,TXN00300637,CR,COBAGB2X,SWIFT,295282.92,24.30119469295401,103.99502044438243
2026-03-26 16:19:00,3,TXN00300633,CR,SANTGB2L,SWIFT,258664.64,21.287583368597343,91.09851164110279
2026-03-26 16:19:00,4,TXN00300636,DR,CHASGB2L,CHAPS,101543.92,8.356861852374484,35.762522384981615
2026-03-26 16:19:00,5,TXN00300635,DR,COBAGB2X,CHAPS,70718.08,5.819956773632207,24.90603985962843
2026-03-26 16:20:00,1,TXN00300641,DR,MIDLGB22,CHAPS,242909.15,45.37648840343749,
2026-03-26 16:20:00,2,TXN00300640,CR,COBAGB2X,FPS,190609.16,35.6066222220487,
2026-03-26 16:20:00,3,TXN00300642,DR,BARCGB22,BACS,85343.84,15.942601446116067,
2026-03-26 16:20:00,4,TXN00300639,DR,NTSBGB2L,SWIFT,16457.26,3.0742879283977387,
2026-03-26 17:08:00,1,TXN00301004,DR,DEUTGB2L,CHAPS,15551746.04,81.06576689813403,91.52710654571719
2026-03-26 17:08:00,2,TXN00300997,CR,CHASGB2L,CHAPS,1409290.81,7.346135925914496,8.294136863411003
2026-03-26 17:08:00,3,TXN00300996,DR,SANTGB2L,FPS,817911.05,4.263481820765898,4.813673758928577
2026-03-26 17:08:00,4,TXN00301001,CR,BNPAGB22,INTERNAL,506525.03,2.640336326508734,2.981065294510339
2026-03-26 17:08:00,5,TXN00300998,DR,CITIGB2L,CHAPS,264230.79,1.3773419122429162,1.5550845292088515
2026-03-27 07:25:00,1,TXN00301673,DR,BOFAGB22,CHAPS,22534839.04,99.12760931123691,103.78538927451089
2026-03-27 07:25:00,2,TXN00301675,CR,HSBCGB2L,CHAPS,174716.16,0.768551983801503,0.804664486218923
2026-03-27 07:25:00,3,TXN00301674,DR,CITIGB2L,INTERNAL,23605.82,0.10383870496158568,0.10871784854976424
2026-03-27 11:53:00,1,TXN00304205,CR,NWBKGB2L,CHAPS,13512460.38,93.68412729037702,102.01886456429287
2026-03-27 11:53:00,2,TXN00304200,DR,LOYDGB2L,CHAPS,213592.05,1.4808690821421355,1.6126166373972872
2026-03-27 11:53:00,3,TXN00304202,DR,LOYDGB2L,CHAPS,179745.59,1.2462059654486046,1.3570763936803427
2026-03-27 11:53:00,4,TXN00304197,CR,SANTGB2L,SWIFT,176099.87,1.2209295844683798,1.3295512646912626
2026-03-27 11:53:00,5,TXN00304201,CR,TSBSGB2A,CHAPS,113408.83,0.7862822141035375,0.8562348930391397
2026-03-27 13:29:00,1,TXN00305045,CR,RBOSGB2L,CHAPS,8205269.05,56.95201841156388,64.9947302804612
2026-03-27 13:29:00,2,TXN00305039,DR,COBAGB2X,CHAPS,2650883.92,18.399541672403615,20.9979080923875
2026-03-27 13:29:00,3,TXN00305037,CR,TSBSGB2A,CHAPS,2139778.81,14.852008074469445,16.949395049489112
2026-03-27 13:29:00,4,TXN00305044,CR,HSBCGB2L,CHAPS,901353.99,6.256215210129711,7.13971219106673
2026-03-27 13:29:00,5,TXN00305038,CR,SANTGB2L,BACS,163502.59,1.1348564512967896,1.295119839757946
2026-03-31 10:11:00,1,TXN00318751,DR,MIDLGB22,CHAPS,11597641.97,48.98014064737378,55.07812329044238
2026-03-31 10:11:00,2,TXN00318748,DR,TSBSGB2A,CHAPS,9880313.12,41.72737247015502,46.922392118950306
2026-03-31 10:11:00,3,TXN00318752,CR,NTSBGB2L,CHAPS,624768.64,2.638575663779388,2.967075916891924
2026-03-31 10:11:00,4,TXN00318755,CR,CHASGB2L,CHAPS,557144.95,2.3529815873402087,2.6459256395502737
2026-03-31 10:11:00,5,TXN00318757,CR,TSBSGB2A,BACS,351279.59,1.4835536197149735,1.6682546863822567
2026-03-31 16:02:00,1,TXN00322148,CR,BOFAGB22,FPS,5483079.74,59.59314042955289,65.29518678076673
2026-03-31 16:02:00,2,TXN00322151,DR,COBAGB2X,SWIFT,2500277.1,27.174393114533707,29.774518699261847
2026-03-31 16:02:00,3,TXN00322150,CR,SANTGB2L,CHAPS,504332.93,5.481368965233737,6.005842414402194
2026-03-31 16:02:00,4,TXN00322145,DR,BNPAGB22,BACS,388978.8,4.227636538533902,4.63214919426988
2026-03-31 16:02:00,5,TXN00322147,DR,DEUTGB2L,CHAPS,142821.87,1.5522670030185166,1.7007924597551785
2026-04-01 14:26:00,1,TXN00327080,DR,DEUTGB2L,CHAPS,520608.13,35.24532441108427,
2026-04-01 14:26:00,2,TXN00327085,CR,NTSBGB2L,CHAPS,339200.83,22.963996535857103,
2026-04-01 14:26:00,3,TXN00327079,CR,BOFAGB22,SWIFT,231722.69,15.687694662891861,
2026-04-01 14:26:00,4,TXN00327077,CR,RBOSGB2L,CHAPS,121004.61,8.192047893463998,
2026-04-01 14:26:00,5,TXN00327081,DR,BOFAGB22,FPS,96502.59,6.533253891098198,
2026-04-01 14:27:00,1,TXN00327088,DR,SANTGB2L,FPS,468557.84,45.50168612705596,
2026-04-01 14:27:00,2,TXN00327087,DR,BNPAGB22,SWIFT,283926.9,27.572162034100224,
2026-04-01 14:27:00,3,TXN00327091,DR,CITIGB2L,CHAPS,136105.9,13.217253907949692,
2026-04-01 14:27:00,4,TXN00327089,DR,LOYDGB2L,SWIFT,58831.35,5.713116703224887,
2026-04-01 14:27:00,5,TXN00327092,DR,NWBKGB2L,BACS,40787.8,3.9609062424675967,
2026-04-01 15:44:00,1,TXN00327528,DR,CITIGB2L,BACS,5469738.11,74.00539082159003,86.35658662075072
2026-04-01 15:44:00,2,TXN00327527,DR,LOYDGB2L,CHAPS,1114145.18,15.074350511800056,17.59019770413869
2026-04-01 15:44:00,3,TXN00327529,CR,MIDLGB22,BACS,558557.6,7.557267396184231,8.818544288051596
2026-04-01 15:44:00,4,TXN00327525,CR,CITIGB2L,INTERNAL,102718.1,1.3897727792585608,1.6217201485299146
2026-04-01 15:44:00,5,TXN00327526,CR,BARCGB22,FPS,95884.05,1.2973082899222903,1.5138237156611127
2026-04-01 15:45:00,1,TXN00327531,DR,BNPAGB22,CHAPS,217092.77,68.35479454638408,
2026-04-01 15:45:00,2,TXN00327532,DR,SANTGB2L,INTERNAL,100504.22,31.64520545361592,
2026-04-01 15:46:00,1,TXN00327533,DR,BARCGB22,FPS,416397.65,31.637635641714823,75.48178801455425
2026-04-01 15:46:00,2,TXN00327535,CR,SANTGB2L,CHAPS,238004.17,18.083409480502,43.14380810391205
2026-04-01 15:46:00,3,TXN00327540,DR,TSBSGB2A,SWIFT,209234.79,15.897529800157892,37.92868683108508
2026-04-01 15:46:00,4,TXN00327541,CR,TSBSGB2A,BACS,135382.99,10.286315760201628,24.541325225914502
2026-04-01 15:46:00,5,TXN00327538,DR,BARCGB22,CHAPS,108887.16,8.273179001229003,19.738337929205056
2026-04-01 15:47:00,1,TXN00327547,CR,CITIGB2L,CHAPS,269825.48,28.032034285862228,136.22887090441606
2026-04-01 15:47:00,2,TXN00327546,CR,SANTGB2L,CHAPS,175966.8,18.281102921686497,88.8417153215597
2026-04-01 15:47:00,3,TXN00327543,DR,NWBKGB2L,INTERNAL,170948.52,17.759756320112558,86.30809759842171
2026-04-01 15:47:00,4,TXN00327549,CR,COBAGB2X,SWIFT,137628.99,14.298206998125565,69.48580953665002
2026-04-01 15:47:00,5,TXN00327542,CR,NTSBGB2L,FPS,122404.93,12.716587012162698,61.7995209608599
2026-04-01 15:48:00,1,TXN00327553,CR,NWBKGB2L,CHAPS,240341.3,36.96830129128713,
2026-04-01 15:48:00,2,TXN00327552,DR,MIDLGB22,CHAPS,157514.75,24.22826512056717,
2026-04-01 15:48:00,3,TXN00327550,DR,NTSBGB2L,FPS,137142.13,21.0946332634835,
2026-04-01 15:48:00,4,TXN00327554,DR,BOFAGB22,CHAPS,72965.76,11.223290377591145,
2026-04-01 15:48:00,5,TXN00327551,CR,CITIGB2L,SWIFT,42164.12,6.4855099470710424,
2026-04-01 15:49:00,1,TXN00327555,CR,CITIGB2L,FPS,102504.86,48.86174687955078,
2026-04-01 15:49:00,2,TXN00327557,DR,COBAGB2X,FPS,55146.66,26.287164746848568,
2026-04-01 15:49:00,3,TXN00327556,DR,BARCGB22,CHAPS,41339.62,19.70566125876193,
2026-04-01 15:49:00,4,TXN00327558,DR,BNPAGB22,SWIFT,10794.36,5.1454271148387285,
2026-04-01 15:50:00,1,TXN00327562,CR,BOFAGB22,FPS,428020.32,47.47629916523879,275.1104815150674
2026-04-01 15:50:00,2,TXN00327560,DR,NWBKGB2L,FPS,380948.91,42.255106995461404,244.85528645635347
2026-04-01 15:50:00,3,TXN00327561,DR,CITIGB2L,CHAPS,52774.62,5.85379602410417,33.92093889368315
2026-04-01 15:50:00,4,TXN00327559,DR,TSBSGB2A,BACS,39801.4,4.414797815195632,25.58238898324688
2026-04-01 15:51:00,1,TXN00327563,DR,DEUTGB2L,FPS,267594.98,76.66538621227954,
2026-04-01 15:51:00,2,TXN00327564,CR,CHASGB2L,SWIFT,81447.78,23.33461378772045,
2026-04-01 15:52:00,1,TXN00327565,DR,NTSBGB2L,CHAPS,499826.73,77.92870073594405,
2026-04-01 15:52:00,2,TXN00327567,CR,MIDLGB22,SWIFT,113964.94,17.768436881416523,
2026-04-01 15:52:00,3,TXN00327566,DR,BARCGB22,BACS,27598.12,4.302862382639424,
2026-04-01 15:53:00,1,TXN00327571,CR,HSBCGB2L,SWIFT,745025.63,73.87484987808293,276.20176207662513
2026-04-01 15:53:00,2,TXN00327572,DR,COBAGB2X,SWIFT,78835.68,7.817145867903342,29.2265834270815
2026-04-01 15:53:00,3,TXN00327569,CR,BARCGB22,FPS,72709.3,7.2096695817572005,26.955363642131292
2026-04-01 15:53:00,4,TXN00327570,CR,MIDLGB22,INTERNAL,40953.08,4.060803434433685,15.182447962850615
2026-04-01 15:53:00,5,TXN00327568,CR,SANTGB2L,BACS,36221.86,3.591667671627534,13.428452867712519
2026-04-01 15:54:00,1,TXN00327575,DR,BNPAGB22,CHAPS,323916.89,70.93894304164895,
2026-04-01 15:54:00,2,TXN00327576,CR,DEUTGB2L,SWIFT,132696.75,29.061056958351045,
2026-04-01 15:55:00,1,TXN00327578,DR,COBAGB2X,SWIFT,168029.6,46.924607310923165,
2026-04-01 15:55:00,2,TXN00327579,CR,SANTGB2L,INTERNAL,151450.16,42.29456765460659,
2026-04-01 15:55:00,3,TXN00327577,CR,CITIGB2L,FPS,38604.43,10.780825034470245,
2026-04-01 15:56:00,1,TXN00327584,DR,COBAGB2X,CHAPS,496459.26,57.66437201708302,491.4083016963138
2026-04-01 15:56:00,2,TXN00327583,DR,HSBCGB2L,FPS,130362.33,15.141749786545912,129.03602843559494
2026-04-01 15:56:00,3,TXN00327585,DR,NWBKGB2L,FPS,73761.66,8.567510258218553,73.01121157635558
2026-04-01 15:56:00,4,TXN00327582,DR,BARCGB22,FPS,64880.86,7.535994087064225,64.22076450985384
2026-04-01 15:56:00,5,TXN00327581,CR,TSBSGB2A,CHAPS,64246.63,7.462327469053324,63.592987142613566
2026-04-01 15:57:00,1,TXN00327586,DR,DEUTGB2L,CHAPS,135612.31,100.0,
2026-04-01 15:58:00,1,TXN00327588,CR,TSBSGB2A,CHAPS,422239.41,37.52981628700843,115.63172441964214
2026-04-01 15:58:00,2,TXN00327593,DR,DEUTGB2L,CHAPS,406772.65,36.15508752505973,111.39609864045505
2026-04-01 15:58:00,3,TXN00327591,DR,BARCGB22,CHAPS,113685.4,10.104675393789197,31.13314042224714
2026-04-01 15:58:00,4,TXN00327590,DR,CHASGB2L,CHAPS,64826.73,5.761980548872731,17.75302447108513
2026-04-01 15:58:00,5,TXN00327589,DR,CHASGB2L,CHAPS,57592.45,5.11897756777066,15.771891844610192
2026-04-01 15:59:00,1,TXN00327595,DR,BNPAGB22,FPS,360890.61,59.14184377602426,
2026-04-01 15:59:00,2,TXN00327597,DR,CITIGB2L,FPS,160552.07,26.31086866421188,
2026-04-01 15:59:00,3,TXN00327596,DR,SANTGB2L,BACS,64085.16,10.502114535707978,
2026-04-01 15:59:00,4,TXN00327594,CR,SANTGB2L,CHAPS,24684.13,4.045173024055887,
2026-04-01 16:00:00,1,TXN00327598,CR,SANTGB2L,SWIFT,53632.19,100.0,
2026-04-01 16:01:00,1,TXN00327603,CR,BNPAGB22,CHAPS,2635565.78,76.36343281718658,101.28353891551453
2026-04-01 16:01:00,2,TXN00327602,CR,DEUTGB2L,FPS,231094.87,6.695790981032342,8.880865898486803
2026-04-01 16:01:00,3,TXN00327599,CR,HSBCGB2L,INTERNAL,225990.56,6.547897638084516,8.684709693832389
2026-04-01 16:01:00,4,TXN00327600,CR,RBOSGB2L,SWIFT,196080.24,5.681269785654078,7.5352703276498865
2026-04-01 16:01:00,5,TXN00327605,CR,TSBSGB2A,CHAPS,117114.79,3.393308361312809,4.500665656141321
2026-04-01 16:02:00,1,TXN00327606,DR,BNPAGB22,CHAPS,491525.27,100.0,
2026-04-01 16:03:00,1,TXN00327608,DR,BARCGB22,BACS,458753.68,53.932580571043346,32160.12896787805
2026-04-01 16:03:00,2,TXN00327609,CR,SANTGB2L,BACS,309376.73,36.371338574397754,21688.317653300102
2026-04-01 16:03:00,3,TXN00327607,DR,BNPAGB22,SWIFT,82475.43,9.69608085455891,5781.79659611929
2026-04-01 16:04:00,1,TXN00327610,CR,BOFAGB22,FPS,26449.74,100.0,
2026-04-01 16:05:00,1,TXN00327612,DR,MIDLGB22,SWIFT,291196.61,71.41914184781719,
2026-04-01 16:05:00,2,TXN00327611,DR,DEUTGB2L,BACS,116532.47,28.58085815218282,
2026-04-01 16:06:00,1,TXN00327616,DR,MIDLGB22,BACS,130649.09,42.395875944487074,
2026-04-01 16:06:00,2,TXN00327614,DR,CHASGB2L,CHAPS,79687.42,25.8587179800199,
2026-04-01 16:06:00,3,TXN00327613,DR,COBAGB2X,SWIFT,55629.15,18.051764021450612,
2026-04-01 16:06:00,4,TXN00327615,DR,DEUTGB2L,BACS,29005.41,9.412310212638946,
2026-04-01 16:06:00,5,TXN00327617,DR,BOFAGB22,BACS,13193.55,4.2813318414034685,
2026-04-01 16:07:00,1,TXN00327620,DR,COBAGB2X,CHAPS,259229.07,50.90316576098189,
2026-04-01 16:07:00,2,TXN00327621,CR,CHASGB2L,CHAPS,163397.75,32.08537820708719,
2026-04-01 16:07:00,3,TXN00327619,DR,CITIGB2L,FPS,56571.43,11.108572347328884,
2026-04-01 16:07:00,4,TXN00327618,CR,LOYDGB2L,INTERNAL,30060.98,5.9028836846020445,
2026-04-01 16:08:00,1,TXN00327625,CR,HSBCGB2L,CHAPS,2203795.79,79.64547245325173,113.75993868194655
2026-04-01 16:08:00,2,TXN00327626,CR,COBAGB2X,CHAPS,323503.81,11.691470645688538,16.6992666725151
2026-04-01 16:08:00,3,TXN00327624,DR,BOFAGB22,CHAPS,114425.84,4.135365050162016,5.906661860911453
2026-04-01 16:08:00,4,TXN00327622,DR,SANTGB2L,SWIFT,111500.62,4.029647210974338,5.755662004508604
2026-04-01 16:08:00,5,TXN00327623,CR,NTSBGB2L,FPS,13780.93,0.4980446399233707,0.7113716066134229
2026-04-01 16:09:00,1,TXN00327627,DR,NTSBGB2L,BACS,227781.39,40.23472468005879,
2026-04-01 16:09:00,2,TXN00327628,DR,MIDLGB22,CHAPS,157674.86,27.851285748439825,
2026-04-01 16:09:00,3,TXN00327631,CR,BNPAGB22,FPS,79380.87,14.021634731939859,
2026-04-01 16:09:00,4,TXN00327630,DR,NWBKGB2L,SWIFT,63039.24,11.135090823004237,
2026-04-01 16:09:00,5,TXN00327629,CR,CITIGB2L,SWIFT,38254.99,6.757264016557289,
2026-04-01 16:10:00,1,TXN00327634,DR,CHASGB2L,FPS,114554.66,41.35177216450556,
2026-04-01 16:10:00,2,TXN00327635,DR,DEUTGB2L,BACS,88192.2,31.835490246197818,
2026-04-01 16:10:00,3,TXN00327632,DR,LOYDGB2L,SWIFT,53529.53,19.323010767375727,
2026-04-01 16:10:00,4,TXN00327633,CR,RBOSGB2L,CHAPS,20748.4,7.489726821920883,
2026-04-01 16:11:00,1,TXN00327641,DR,TSBSGB2A,SWIFT,327722.86,35.21191349647694,341.1596209593081
2026-04-01 16:11:00,2,TXN00327639,CR,MIDLGB22,CHAPS,171315.5,18.406853176509244,178.33950016319992
2026-04-01 16:11:00,3,TXN00327638,CR,LOYDGB2L,INTERNAL,135263.15,14.53323804467282,140.80899020520582
2026-04-01 16:11:00,4,TXN00327636,CR,NWBKGB2L,CHAPS,127777.92,13.72899365579731,133.01686294989855
2026-04-01 16:11:00,5,TXN00327642,DR,CHASGB2L,CHAPS,89212.72,9.585387419801652,92.8704751934268
2026-04-01 16:12:00,1,TXN00327643,CR,SANTGB2L,CHAPS,135766.89,44.86470438928426,
2026-04-01 16:12:00,2,TXN00327646,CR,LOYDGB2L,BACS,65258.7,21.564994854997302,
2026-04-01 16:12:00,3,TXN00327644,DR,DEUTGB2L,BACS,58253.98,19.250257497975223,
2026-04-01 16:12:00,4,TXN00327645,CR,TSBSGB2A,SWIFT,43334.46,14.320043257743205,
2026-04-01 16:13:00,1,TXN00327648,CR,TSBSGB2A,CHAPS,55773.62,56.61015390527361,
2026-04-01 16:13:00,2,TXN00327647,CR,BNPAGB22,FPS,42748.67,43.38984609472638,
2026-04-01 16:14:00,1,TXN00327651,CR,BARCGB22,CHAPS,111760.91,63.12554057440724,
2026-04-01 16:14:00,2,TXN00327650,DR,RBOSGB2L,CHAPS,34352.31,19.403100231821803,
2026-04-01 16:14:00,3,TXN00327649,DR,NTSBGB2L,BACS,30932.25,17.471359193770954,
2026-04-01 16:15:00,1,TXN00327660,CR,MIDLGB22,BACS,522142.77,32.867799084982806,81.81054321338087
2026-04-01 16:15:00,2,TXN00327658,DR,HSBCGB2L,CHAPS,248624.36,15.65038526170234,38.955042789693636
2026-04-01 16:15:00,3,TXN00327652,DR,TSBSGB2A,CHAPS,195267.74,12.291697242305318,30.595003511107162
2026-04-01 16:15:00,4,TXN00327654,DR,NWBKGB2L,SWIFT,165765.22,10.434575099523016,25.97248008257509
2026-04-01 16:15:00,5,TXN00327659,CR,DEUTGB2L,BACS,110909.61,6.9815287839258975,17.377575565556942
2026-04-01 17:05:00,1,TXN00328007,CR,DEUTGB2L,CHAPS,14401752.58,89.21417751220619,103.30756716128076
2026-04-01 17:05:00,2,TXN00328010,DR,TSBSGB2A,BACS,341559.05,2.115847328186811,2.4500930911992
2026-04-01 17:05:00,3,TXN00328008,CR,CITIGB2L,SWIFT,290696.2,1.8007684998657152,2.0852404621041685
2026-04-01 17:05:00,4,TXN00328018,CR,HSBCGB2L,CHAPS,282091.44,1.7474648077056372,2.0235162506466557
2026-04-01 17:05:00,5,TXN00328019,CR,NTSBGB2L,BACS,230091.04,1.4253392267712557,1.6505036755748055
2026-04-02 12:10:00,1,TXN00331683,CR,LOYDGB2L,BACS,17717995.66,90.22398584057274,96.7671024214893
2026-04-02 12:10:00,2,TXN00331682,DR,MIDLGB22,BACS,822229.16,4.186974278192482,4.490617046446162
2026-04-02 12:10:00,3,TXN00331678,DR,CHASGB2L,FPS,693807.41,3.533022083149356,3.789239708181429
2026-04-02 12:10:00,4,TXN00331680,CR,RBOSGB2L,SWIFT,171115.53,0.8713584455083957,0.9345500662244448
2026-04-02 12:10:00,5,TXN00331681,CR,NWBKGB2L,CHAPS,142851.9,0.727433737439967,0.7801878216739753
2026-04-02 12:44:00,1,TXN00331997,CR,MIDLGB22,SWIFT,6868090.11,59.91521879211959,69.76765008234958
2026-04-02 12:44:00,2,TXN00331995,CR,CHASGB2L,SWIFT,2120824.65,18.501456866364624,21.543828007117035
2026-04-02 12:44:00,3,TXN00332000,DR,DEUTGB2L,CHAPS,830035.97,7.2409921756077855,8.431697631108047
2026-04-02 12:44:00,4,TXN00332008,CR,CHASGB2L,FPS,267253.9,2.3314452249589444,2.7148270159115966
2026-04-02 12:44:00,5,TXN00332003,CR,CHASGB2L,FPS,248932.42,2.171613966892436,2.5287131785626036
2026-04-02 14:45:00,1,TXN00333092,DR,DEUTGB2L,FPS,13297888.81,95.49598134462578,105.3315276966378
2026-04-02 14:45:00,2,TXN00333088,DR,TSBSGB2A,CHAPS,263891.16,1.8950786589086883,2.0902610501251346
2026-04-02 14:45:00,3,TXN00333090,CR,DEUTGB2L,SWIFT,239970.73,1.7232991403946194,1.9007892120717313
2026-04-02 14:45:00,4,TXN00333089,DR,BARCGB22,BACS,95469.0,0.6855904702808293,0.7562024138830437
2026-04-02 14:45:00,5,TXN00333091,DR,BOFAGB22,BACS,27857.17,0.20005038579007858,0.22065444487687425
2026-04-03 16:39:00,1,TXN00339938,CR,DEUTGB2L,FPS,257313.42,36.05595850740321,
2026-04-03 16:39:00,2,TXN00339937,DR,SANTGB2L,SWIFT,173261.61,24.278226223435517,
2026-04-03 16:39:00,3,TXN00339936,DR,HSBCGB2L,CHAPS,118854.62,16.654464610253036,
2026-04-03 16:39:00,4,TXN00339934,DR,BNPAGB22,SWIFT,96276.72,13.49074378456,
2026-04-03 16:39:00,5,TXN00339935,DR,CITIGB2L,CHAPS,53281.12,7.465999449029791,
2026-04-03 16:40:00,1,TXN00339942,DR,NWBKGB2L,CHAPS,311209.04,31.274361663296695,
2026-04-03 16:40:00,2,TXN00339941,DR,RBOSGB2L,SWIFT,240961.08,24.214926284591762,
2026-04-03 16:40:00,3,TXN00339945,DR,MIDLGB22,FPS,238657.12,23.9833941983202,
2026-04-03 16:40:00,4,TXN00339943,CR,LOYDGB2L,BACS,132037.91,13.268899099479308,
2026-04-03 16:40:00,5,TXN00339944,CR,SANTGB2L,FPS,47750.03,4.798548614311677,
2026-04-03 16:41:00,1,TXN00339951,CR,CHASGB2L,CHAPS,260093.61,26.40403746229059,
2026-04-03 16:41:00,2,TXN00339949,DR,SANTGB2L,FPS,192923.56,19.58510593781395,
2026-04-03 16:41:00,3,TXN00339952,DR,CITIGB2L,FPS,153521.56,15.585115764702147,
2026-04-03 16:41:00,4,TXN00339946,DR,LOYDGB2L,CHAPS,105518.17,10.711934497861547,
2026-04-03 16:41:00,5,TXN00339953,CR,BARCGB22,CHAPS,91867.65,9.326168652019556,
2026-04-03 16:42:00,1,TXN00339955,CR,BOFAGB22,FPS,160275.16,30.934186804009236,
2026-04-03 16:42:00,2,TXN00339956,DR,BARCGB22,CHAPS,113674.9,21.940022343618747,
2026-04-03 16:42:00,3,TXN00339957,CR,LOYDGB2L,FPS,82846.05,15.989846378405048,
2026-04-03 16:42:00,4,TXN00339960,DR,NWBKGB2L,SWIFT,65921.53,12.723299876450593,
2026-04-03 16:42:00,5,TXN00339959,CR,CHASGB2L,SWIFT,59479.96,11.480033423363903,
2026-04-03 16:43:00,1,TXN00339967,DR,BNPAGB22,BACS,969485.51,49.019038535865434,183.4934982106558
2026-04-03 16:43:00,2,TXN00339962,DR,HSBCGB2L,BACS,412335.35,20.84846261534075,78.04227605981974
2026-04-03 16:43:00,3,TXN00339964,DR,TSBSGB2A,CHAPS,222339.6,11.241914714588058,42.08198118892765
2026-04-03 16:43:00,4,TXN00339963,DR,HSBCGB2L,CHAPS,189994.26,9.606472563507666,35.96001286016629
2026-04-03 16:43:00,5,TXN00339966,DR,LOYDGB2L,CHAPS,103904.5,5.253609916820552,19.66589493929526
2026-04-03 16:44:00,1,TXN00339969,CR,HSBCGB2L,SWIFT,768619.5,55.19219144658632,
2026-04-03 16:44:00,2,TXN00339971,CR,HSBCGB2L,BACS,312055.12,22.407713992329715,
2026-04-03 16:44:00,3,TXN00339972,DR,LOYDGB2L,INTERNAL,196027.38,14.076120480592447,
2026-04-03 16:44:00,4,TXN00339970,DR,RBOSGB2L,CHAPS,59898.34,4.301114724011971,
2026-04-03 16:44:00,5,TXN00339968,CR,TSBSGB2A,CHAPS,56023.29,4.022859356479539,
2026-04-03 16:45:00,1,TXN00339977,CR,HSBCGB2L,CHAPS,347527.88,26.036070437540957,
2026-04-03 16:45:00,2,TXN00339978,DR,SANTGB2L,CHAPS,181923.15,13.62930636707285,
2026-04-03 16:45:00,3,TXN00339980,DR,RBOSGB2L,CHAPS,174171.98,13.048604732161273,
2026-04-03 16:45:00,4,TXN00339979,DR,NTSBGB2L,BACS,164071.8,12.291920123398825,
2026-04-03 16:45:00,5,TXN00339974,DR,BOFAGB22,BACS,112051.86,8.394693742607005,
2026-04-03 16:46:00,1,TXN00339989,CR,TSBSGB2A,BACS,443005.81,28.6856840674399,
2026-04-03 16:46:00,2,TXN00339984,CR,CITIGB2L,CHAPS,357021.42,23.11798948963845,
2026-04-03 16:46:00,3,TXN00339993,CR,COBAGB2X,BACS,227439.94,14.727279227235162,
2026-04-03 16:46:00,4,TXN00339992,DR,BNPAGB22,BACS,174149.23,11.276578499880005,
2026-04-03 16:46:00,5,TXN00339990,CR,COBAGB2X,SWIFT,90635.08,5.868837860855912,
2026-04-03 16:47:00,1,TXN00340012,DR,NWBKGB2L,CHAPS,838195.05,18.086023734617697,32.152099493463524
2026-04-03 16:47:00,2,TXN00340000,CR,SANTGB2L,BACS,830529.61,17.92062389149492,31.858062932950343
2026-04-03 16:47:00,3,TXN00339994,DR,BNPAGB22,BACS,701932.81,15.145846377602556,26.925252713967264
2026-04-03 16:47:00,4,TXN00339999,CR,MIDLGB22,FPS,343620.19,7.414411373622216,13.180834862771905
2026-04-03 16:47:00,5,TXN00340006,DR,NWBKGB2L,BACS,333681.0,7.199950042404769,12.799580134812777
2026-04-06 16:47:00,1,TXN00345933,CR,BARCGB22,CHAPS,15771890.16,82.79539835950757,92.39858319965718
2026-04-06 16:47:00,2,TXN00345941,DR,COBAGB2X,CHAPS,1038613.78,5.4522597345284805,6.084650653161818
2026-04-06 16:47:00,3,TXN00345937,DR,NTSBGB2L,CHAPS,666506.73,3.498863462769814,3.9046859266889826
2026-04-06 16:47:00,4,TXN00345943,DR,CITIGB2L,FPS,523891.58,2.750197447690812,3.069184431996441
2026-04-06 16:47:00,5,TXN00345940,CR,BOFAGB22,CHAPS,329917.18,1.731918246109911,1.9327981425167544
2026-04-07 15:18:00,1,TXN00351366,CR,NTSBGB2L,FPS,9924149.02,91.63681662656631,101.38062728377251
2026-04-07 15:18:00,2,TXN00351369,DR,TSBSGB2A,FPS,341410.25,3.152486768450416,3.487693023991854
2026-04-07 15:18:00,3,TXN00351367,CR,LOYDGB2L,FPS,323436.03,2.9865178477070677,3.304076504846062
2026-04-07 15:18:00,4,TXN00351365,CR,BOFAGB22,CHAPS,223270.11,2.061613755197651,2.2808266743980123
2026-04-07 15:18:00,5,TXN00351368,DR,NWBKGB2L,FPS,17605.58,0.16256500207857053,0.1798506592855092
2026-04-07 15:55:00,1,TXN00351537,CR,CITIGB2L,CHAPS,416464.45,44.886434470930276,331.11324218634127
2026-04-07 15:55:00,2,TXN00351540,DR,NTSBGB2L,CHAPS,322955.0,34.808009290010915,256.76783968064944
2026-04-07 15:55:00,3,TXN00351538,DR,DEUTGB2L,SWIFT,132183.67,14.246722959383622,105.09363653437747
2026-04-07 15:55:00,4,TXN00351539,CR,SANTGB2L,CHAPS,56214.95,6.058833279675184,44.69412540216353
2026-04-07 15:56:00,1,TXN00351541,CR,COBAGB2X,FPS,968033.4,65.83272314919878,151.6375095374895
2026-04-07 15:56:00,2,TXN00351545,DR,NTSBGB2L,INTERNAL,283318.79,19.267566041663425,44.380447741550014
2026-04-07 15:56:00,3,TXN00351542,CR,CHASGB2L,CHAPS,117612.89,7.998460410712244,18.423461142050165
2026-04-07 15:56:00,4,TXN00351543,CR,LOYDGB2L,CHAPS,87461.14,5.947940449093302,13.700342830019817
2026-04-07 15:56:00,5,TXN00351544,DR,NWBKGB2L,FPS,14017.89,0.9533099493322463,2.1958311857529695
2026-04-07 15:57:00,1,TXN00351547,CR,BOFAGB22,BACS,530573.38,42.88424724133401,137.54443911932177
2026-04-07 15:57:00,2,TXN00351549,DR,RBOSGB2L,CHAPS,377879.6,30.542584314833885,97.96050762409841
2026-04-07 15:57:00,3,TXN00351548,CR,COBAGB2X,CHAPS,106315.41,8.593074021172706,27.560925574876624
2026-04-07 15:57:00,4,TXN00351551,CR,BOFAGB22,CHAPS,103365.16,8.354616429456089,26.796110571319947
2026-04-07 15:57:00,5,TXN00351550,DR,NWBKGB2L,BACS,48627.82,3.9304034734782336,12.606147386239652
2026-04-07 15:58:00,1,TXN00351555,DR,NWBKGB2L,CHAPS,531275.74,44.061025706573574,151.38264976724557
2026-04-07 15:58:00,2,TXN00351554,DR,TSBSGB2A,SWIFT,405861.19,33.65984738149448,115.64680589384244
2026-04-07 15:58:00,3,TXN00351556,CR,BARCGB22,CHAPS,259289.95,21.504052024672117,73.88253732236412
2026-04-07 15:58:00,4,TXN00351553,CR,BOFAGB22,BACS,9345.64,0.7750748872598291,2.662963204325424
2026-04-07 15:59:00,1,TXN00351557,CR,RBOSGB2L,SWIFT,217828.57,100.0,
2026-04-07 16:00:00,1,TXN00351560,DR,BOFAGB22,CHAPS,307452.35,44.79149547047005,
2026-04-07 16:00:00,2,TXN00351559,CR,HSBCGB2L,CHAPS,167676.56,24.42812317988137,
2026-04-07 16:00:00,3,TXN00351561,DR,LOYDGB2L,FPS,88275.7,12.860531450491674,
2026-04-07 16:00:00,4,TXN00351558,DR,LOYDGB2L,CHAPS,87464.2,12.742307281529275,
2026-04-07 16:00:00,5,TXN00351562,DR,COBAGB2X,SWIFT,35539.06,5.177542617627621,
2026-04-07 16:01:00,1,TXN00351563,DR,CHASGB2L,INTERNAL,195576.24,28.6242321853612,
2026-04-07 16:01:00,2,TXN00351565,CR,COBAGB2X,BACS,179899.86,26.32986176006847,
2026-04-07 16:01:00,3,TXN00351567,CR,CHASGB2L,FPS,129766.15,18.99237048120165,
2026-04-07 16:01:00,4,TXN00351568,DR,CITIGB2L,CHAPS,108182.23,15.833381753581866,
2026-04-07 16:01:00,5,TXN00351566,CR,BOFAGB22,CHAPS,45204.54,6.616065677469042,
2026-04-07 16:34:00,1,TXN00351754,CR,BOFAGB22,FPS,9348876.35,75.70602267952296,86.38472837619223
2026-04-07 16:34:00,2,TXN00351750,DR,MIDLGB22,SWIFT,1552269.6,12.57008362746546,14.343155556081408
2026-04-07 16:34:00,3,TXN00351753,DR,TSBSGB2A,BACS,764234.23,6.188672497401013,7.06161509712752
2026-04-07 16:34:00,4,TXN00351749,DR,RBOSGB2L,CHAPS,439143.27,3.556126866324409,4.057735997030579
2026-04-07 16:34:00,5,TXN00351752,CR,BNPAGB22,SWIFT,68669.86,0.5560798735518271,0.6345176662574158
2026-04-08 10:34:00,1,TXN00354672,DR,HSBCGB2L,SWIFT,6529448.26,55.27860360144171,68.2822358835429
2026-04-08 10:34:00,2,TXN00354669,CR,CITIGB2L,FPS,2537664.66,21.483983520152336,26.537834439850617
2026-04-08 10:34:00,3,TXN00354671,CR,TSBSGB2A,FPS,2112926.68,17.88813261576106,22.096102491880558
2026-04-08 10:34:00,4,TXN00354667,DR,SANTGB2L,CHAPS,243770.87,2.0637751852418504,2.5492536863867374
2026-04-08 10:34:00,5,TXN00354665,DR,CITIGB2L,SWIFT,192973.41,1.6337215967170384,2.0180351196889084
2026-04-08 12:14:00,1,TXN00355404,DR,MIDLGB22,BACS,72469974.23,96.84140512190822,98.81039011045208
2026-04-08 12:14:00,2,TXN00355402,CR,HSBCGB2L,BACS,648051.38,0.8659890788868533,0.8835964183758317
2026-04-08 12:14:00,3,TXN00355405,CR,BOFAGB22,FPS,574473.86,0.7676676637367473,0.7832759265886278
2026-04-08 12:14:00,4,TXN00355406,CR,TSBSGB2A,BACS,454717.05,0.6076370044666014,0.61999151479999
2026-04-08 12:14:00,5,TXN00355401,DR,NTSBGB2L,BACS,237804.0,0.31777675855826315,0.3242378137910088
2026-04-10 11:38:00,1,TXN00366778,CR,DEUTGB2L,SWIFT,17906264.5,90.11318763292219,96.10940906504013
2026-04-10 11:38:00,2,TXN00366776,CR,DEUTGB2L,SWIFT,1456578.42,7.33022370263353,7.817984102886999
2026-04-10 11:38:00,3,TXN00366777,DR,MIDLGB22,FPS,175504.99,0.8832279951178054,0.9419988673162835
2026-04-10 11:38:00,4,TXN00366774,DR,HSBCGB2L,FPS,118121.28,0.5944447580387824,0.6339997054553809
2026-04-10 11:38:00,5,TXN00366773,DR,SANTGB2L,BACS,108004.83,0.5435337733926505,0.5797010530850875
2026-04-10 13:12:00,1,TXN00367501,DR,BARCGB22,FPS,1503184.2,29.32811304603316,46.90602870469543
2026-04-10 13:12:00,2,TXN00367503,CR,SANTGB2L,FPS,1400347.47,27.321700762878248,43.69706561868308
2026-04-10 13:12:00,3,TXN00367502,CR,COBAGB2X,FPS,1327751.78,25.905311072928885,41.43175740231334
2026-04-10 13:12:00,4,TXN00367504,CR,MIDLGB22,CHAPS,820822.59,16.01478894619683,25.613313370378993
2026-04-10 13:12:00,5,TXN00367500,DR,TSBSGB2A,BACS,73297.69,1.4300861719628866,2.2872137367648406
2026-04-10 13:13:00,1,TXN00367508,DR,BNPAGB22,BACS,341889.04,26.961137676932616,
2026-04-10 13:13:00,2,TXN00367505,CR,NWBKGB2L,CHAPS,278544.43,21.965824720127674,
2026-04-10 13:13:00,3,TXN00367507,CR,BARCGB22,SWIFT,263010.18,20.74080430719519,
2026-04-10 13:13:00,4,TXN00367509,CR,DEUTGB2L,CHAPS,137743.33,10.862345526516913,
2026-04-10 13:13:00,5,TXN00367512,DR,BNPAGB22,SWIFT,70676.2,5.573477168739966,
2026-04-10 13:14:00,1,TXN00367514,CR,LOYDGB2L,FPS,666688.46,74.7712802612471,
2026-04-10 13:14:00,2,TXN00367515,CR,LOYDGB2L,FPS,133654.58,14.989796072635292,
2026-04-10 13:14:00,3,TXN00367516,DR,RBOSGB2L,SWIFT,72923.82,8.178643714548077,
2026-04-10 13:14:00,4,TXN00367513,DR,MIDLGB22,CHAPS,18370.22,2.0602799515695334,
2026-04-10 13:15:00,1,TXN00367524,DR,RBOSGB2L,CHAPS,804194.46,25.375272719403824,63.19985234609975
2026-04-10 13:15:00,2,TXN00367523,DR,DEUTGB2L,CHAPS,630447.84,19.89293220865892,49.54549226802373
2026-04-10 13:15:00,3,TXN00367521,CR,CHASGB2L,SWIFT,505651.66,15.955156882726174,39.73803829805074
2026-04-10 13:15:00,4,TXN00367518,CR,HSBCGB2L,SWIFT,319435.87,10.079368511951731,25.103753908038506
2026-04-10 13:15:00,5,TXN00367522,DR,SANTGB2L,CHAPS,307975.25,9.717744088384508,24.20308929540892
2026-04-10 13:16:00,1,TXN00367535,CR,TSBSGB2A,BACS,448515.54,38.73817726530226,
2026-04-10 13:16:00,2,TXN00367530,CR,LOYDGB2L,BACS,261082.49,22.54963067385916,
2026-04-10 13:16:00,3,TXN00367528,DR,CITIGB2L,BACS,144420.08,12.47352691438324,
2026-04-10 13:16:00,4,TXN00367534,CR,TSBSGB2A,BACS,83262.9,7.191396266499786,
2026-04-10 13:16:00,5,TXN00367529,DR,RBOSGB2L,SWIFT,77631.1,6.704979080770327,
2026-04-10 13:17:00,1,TXN00367540,CR,NTSBGB2L,CHAPS,153652.62,23.678150674425137,
2026-04-10 13:17:00,2,TXN00367542,DR,CHASGB2L,BACS,93630.64,14.428653423956307,
2026-04-10 13:17:00,3,TXN00367536,CR,BNPAGB22,SWIFT,87198.72,13.43748275022586,
2026-04-10 13:17:00,4,TXN00367539,CR,NTSBGB2L,CHAPS,87181.72,13.434863019033086,
2026-04-10 13:17:00,5,TXN00367538,DR,BNPAGB22,CHAPS,83774.42,12.909791837084033,
2026-04-10 13:18:00,1,TXN00367546,CR,NTSBGB2L,CHAPS,601403.94,41.79658300647274,
2026-04-10 13:18:00,2,TXN00367547,DR,RBOSGB2L,FPS,420254.88,29.207021782722677,
2026-04-10 13:18:00,3,TXN00367545,CR,CHASGB2L,FPS,173548.01,12.061300771613105,
2026-04-10 13:18:00,4,TXN00367548,CR,RBOSGB2L,SWIFT,120611.73,8.382316525061805,
2026-04-10 13:18:00,5,TXN00367543,CR,CITIGB2L,CHAPS,94490.5,6.566934075245853,
2026-04-10 15:04:00,1,TXN00368360,DR,MIDLGB22,CHAPS,2260856.72,78.69237822247524,138.7761226436868
2026-04-10 15:04:00,2,TXN00368361,DR,DEUTGB2L,CHAPS,257903.3,8.976696244786577,15.830644938442424
2026-04-10 15:04:00,3,TXN00368362,DR,DEUTGB2L,SWIFT,212004.65,7.379127547155436,13.013289630061957
2026-04-10 15:04:00,4,TXN00368363,CR,MIDLGB22,CHAPS,82741.42,2.8799344335737813,5.078841727587583
2026-04-10 15:04:00,5,TXN00368359,DR,DEUTGB2L,SWIFT,59525.29,2.071863552008958,3.6537870234611867
2026-04-10 15:05:00,1,TXN00368368,DR,RBOSGB2L,SWIFT,740482.65,34.571969658274895,82.4621572602799
2026-04-10 15:05:00,2,TXN00368366,DR,RBOSGB2L,CHAPS,645277.5,30.126991025606717,71.85985340982704
2026-04-10 15:05:00,3,TXN00368364,DR,CHASGB2L,FPS,561283.09,26.205424201610636,62.50600798697422
2026-04-10 15:05:00,4,TXN00368365,CR,MIDLGB22,CHAPS,141857.6,6.623108107928926,15.797647277442465
2026-04-10 15:05:00,5,TXN00368367,DR,BNPAGB22,CHAPS,26837.32,1.2529922378997185,2.988676780319505
2026-04-10 15:28:00,1,TXN00368483,DR,BNPAGB22,BACS,584588.58,75.1145474253684,
2026-04-10 15:28:00,2,TXN00368484,DR,MIDLGB22,BACS,63680.25,8.182358195714867,
2026-04-10 15:28:00,3,TXN00368485,CR,HSBCGB2L,CHAPS,52786.83,6.782648483262981,
2026-04-10 15:28:00,4,TXN00368487,CR,BOFAGB22,FPS,50089.74,6.436095879181172,
2026-04-10 15:28:00,5,TXN00368486,CR,HSBCGB2L,SWIFT,27117.4,3.484350016472585,
2026-04-10 15:29:00,1,TXN00368493,CR,TSBSGB2A,FPS,450059.77,36.07876355803167,265.52300628060914
2026-04-10 15:29:00,2,TXN00368488,CR,NWBKGB2L,BACS,192868.95,15.461220283554407,113.78742743921433
2026-04-10 15:29:00,3,TXN00368491,CR,COBAGB2X,CHAPS,183786.3,14.733115254681561,108.4289113181343
2026-04-10 15:29:00,4,TXN00368489,CR,LOYDGB2L,FPS,170974.34,13.706052392442265,100.8702038701282
2026-04-10 15:29:00,5,TXN00368494,CR,COBAGB2X,CHAPS,129643.68,10.39280555450028,76.48624016956965
2026-04-10 16:38:00,1,TXN00368875,DR,RBOSGB2L,FPS,14472888.11,88.18044924319204,98.00220464674304
2026-04-10 16:38:00,2,TXN00368869,CR,TSBSGB2A,CHAPS,969900.2,5.909410389068627,6.567615058230213
2026-04-10 16:38:00,3,TXN00368872,CR,LOYDGB2L,FPS,429979.42,2.6197796965437297,2.9115772050785154
2026-04-10 16:38:00,4,TXN00368874,DR,SANTGB2L,CHAPS,268423.1,1.635448941866397,1.8176092690122487
2026-04-10 16:38:00,5,TXN00368873,DR,CITIGB2L,INTERNAL,96795.36,0.5897550139670431,0.6554433785072056
2026-04-14 06:39:00,1,TXN00375579,CR,CHASGB2L,BACS,920693.77,100.0,179.7739871132175
2026-04-14 06:40:00,1,TXN00375582,DR,TSBSGB2A,CHAPS,478979.94,75.47706298600932,222.00355625486685
2026-04-14 06:40:00,2,TXN00375580,CR,BOFAGB22,FPS,67710.07,10.669668583985167,31.383102044452997
2026-04-14 06:40:00,3,TXN00375581,DR,CHASGB2L,CHAPS,50804.94,8.00577923238377,23.547702969178907
2026-04-14 06:40:00,4,TXN00375583,CR,LOYDGB2L,BACS,37108.36,5.847489197621739,17.199442395825283
2026-04-14 06:41:00,1,TXN00375585,CR,COBAGB2X,SWIFT,570467.83,81.94752164007024,205.73119845725935
2026-04-14 06:41:00,2,TXN00375584,CR,MIDLGB22,CHAPS,99736.11,14.327060357674203,35.96842514286047
2026-04-14 06:41:00,3,TXN00375586,CR,COBAGB2X,FPS,25934.05,3.7254180022555587,9.352750333617388
2026-04-14 06:42:00,1,TXN00375588,CR,BNPAGB22,FPS,506001.98,70.39095889819828,168.67008524217817
2026-04-14 06:42:00,2,TXN00375587,DR,BNPAGB22,INTERNAL,212843.15,29.60904110180172,70.9488770255676
2026-04-14 06:43:00,1,TXN00375589,DR,SANTGB2L,CHAPS,57720.79,100.0,
2026-04-14 06:44:00,1,TXN00375590,DR,BNPAGB22,CHAPS,160865.72,100.0,
2026-04-14 06:46:00,1,TXN00375592,DR,BOFAGB22,FPS,489087.55,57.20382838208789,284.75081087324276
2026-04-14 06:46:00,2,TXN00375593,CR,MIDLGB22,BACS,345963.0,40.463937547689106,201.42251583001791
2026-04-14 06:46:00,3,TXN00375591,CR,HSBCGB2L,CHAPS,19940.39,2.3322340702230133,11.609459741162295
2026-04-14 06:47:00,1,TXN00375594,CR,BNPAGB22,SWIFT,123669.81,100.0,
2026-04-14 06:48:00,1,TXN00375595,DR,COBAGB2X,CHAPS,261625.91,61.36355789702207,
2026-04-14 06:48:00,2,TXN00375597,CR,RBOSGB2L,CHAPS,83330.56,19.54492826475509,
2026-04-14 06:48:00,3,TXN00375596,DR,CHASGB2L,FPS,81397.41,19.091513838222838,
2026-04-14 06:49:00,1,TXN00375601,DR,LOYDGB2L,CHAPS,875865.71,47.44841431148306,75.27059638360055
2026-04-14 06:49:00,2,TXN00375599,CR,CHASGB2L,SWIFT,717574.66,38.873287740767466,61.66729898349302
2026-04-14 06:49:00,3,TXN00375602,DR,RBOSGB2L,CHAPS,80885.69,4.381833524445412,6.951195891889677
2026-04-14 06:49:00,4,TXN00375598,DR,BARCGB22,CHAPS,62659.48,3.3944621117569347,5.384862513553923
2026-04-14 06:49:00,5,TXN00375603,DR,COBAGB2X,CHAPS,55504.68,3.006863977887989,4.76998964336771
2026-04-14 06:50:00,1,TXN00375604,CR,CITIGB2L,SWIFT,216563.58,37.17459612904803,
2026-04-14 06:50:00,2,TXN00375607,CR,DEUTGB2L,CHAPS,200079.45,34.34498426499995,
2026-04-14 06:50:00,3,TXN00375605,DR,NTSBGB2L,FPS,145529.18,24.981063258612245,
2026-04-14 06:50:00,4,TXN00375606,DR,MIDLGB22,BACS,20385.78,3.499356347339773,
2026-04-14 06:51:00,1,TXN00375608,DR,BOFAGB22,CHAPS,912312.61,48.6802646771784,76.55032858045834
2026-04-14 06:51:00,2,TXN00375610,CR,TSBSGB2A,BACS,736572.73,39.30292649401378,61.804346324781406
2026-04-14 06:51:00,3,TXN00375609,DR,SANTGB2L,CHAPS,225205.97,12.016808828807813,18.896583049291454
2026-04-14 06:52:00,1,TXN00375611,DR,HSBCGB2L,SWIFT,116487.26,100.0,
2026-04-14 06:53:00,1,TXN00375613,CR,COBAGB2X,SWIFT,154297.51,53.60068126418916,
2026-04-14 06:53:00,2,TXN00375612,DR,NTSBGB2L,INTERNAL,133567.32,46.39931873581083,
2026-04-14 06:54:00,1,TXN00375616,CR,CHASGB2L,CHAPS,366493.85,69.03494664149521,
2026-04-14 06:54:00,2,TXN00375614,DR,MIDLGB22,CHAPS,125200.65,23.58353405447463,
2026-04-14 06:54:00,3,TXN00375615,CR,LOYDGB2L,SWIFT,39187.13,7.3815193040301645,
2026-04-14 06:55:00,1,TXN00375618,DR,MIDLGB22,CHAPS,54872.56,37.695575747466954,
2026-04-14 06:55:00,2,TXN00375617,CR,MIDLGB22,CHAPS,54393.46,37.366450400652234,
2026-04-14 06:55:00,3,TXN00375619,DR,NWBKGB2L,BACS,36301.62,24.937973851880823,
2026-04-14 06:56:00,1,TXN00375620,DR,RBOSGB2L,SWIFT,52233.39,100.0,
2026-04-14 06:57:00,1,TXN00375621,CR,RBOSGB2L,SWIFT,195315.88,35.72159183321198,
2026-04-14 06:57:00,2,TXN00375623,DR,HSBCGB2L,CHAPS,191779.65,35.074845830335214,
2026-04-14 06:57:00,3,TXN00375622,CR,SANTGB2L,BACS,93298.12,17.063422397841034,
2026-04-14 06:57:00,4,TXN00375624,CR,NWBKGB2L,SWIFT,48442.95,8.85979822581091,
2026-04-14 06:57:00,5,TXN00375625,DR,BARCGB22,CHAPS,17936.01,3.280341712800866,
2026-04-14 06:58:00,1,TXN00375627,CR,BOFAGB22,FPS,201984.63,54.290568784826554,
2026-04-14 06:58:00,2,TXN00375626,CR,CHASGB2L,CHAPS,124761.12,33.533997943467284,
2026-04-14 06:58:00,3,TXN00375628,DR,NTSBGB2L,BACS,45297.93,12.175433271706162,
2026-04-14 06:59:00,1,TXN00375629,DR,BNPAGB22,CHAPS,234994.43,80.63959697089905,
2026-04-14 06:59:00,2,TXN00375630,CR,COBAGB2X,CHAPS,56418.77,19.360403029100947,
2026-04-14 07:30:00,1,TXN00375776,CR,MIDLGB22,CHAPS,251514.92,46.396140394767336,
2026-04-14 07:30:00,2,TXN00375777,CR,RBOSGB2L,CHAPS,114689.99,21.156489952621744,
2026-04-14 07:30:00,3,TXN00375779,CR,BOFAGB22,SWIFT,75945.83,14.009480594937004,
2026-04-14 07:30:00,4,TXN00375774,DR,RBOSGB2L,CHAPS,64832.46,11.959433326254114,
2026-04-14 07:30:00,5,TXN00375778,DR,RBOSGB2L,CHAPS,17895.97,3.3012114614136783,
2026-04-14 07:31:00,1,TXN00375782,CR,NTSBGB2L,CHAPS,481754.73,46.67015469568205,
2026-04-14 07:31:00,2,TXN00375780,DR,TSBSGB2A,CHAPS,225899.1,21.88405278888564,
2026-04-14 07:31:00,3,TXN00375781,DR,HSBCGB2L,CHAPS,101201.48,9.803928083969145,
2026-04-14 07:31:00,4,TXN00375784,CR,LOYDGB2L,CHAPS,93341.56,9.04249563826034,
2026-04-14 07:31:00,5,TXN00375783,CR,CHASGB2L,CHAPS,79717.4,7.722650465595976,
2026-04-14 07:32:00,1,TXN00375788,DR,SANTGB2L,CHAPS,479679.75,91.87334557073348,
2026-04-14 07:32:00,2,TXN00375787,CR,LOYDGB2L,INTERNAL,42430.06,8.126654429266518,
2026-04-14 07:33:00,1,TXN00375795,DR,CITIGB2L,BACS,947866.71,44.622061824256136,113.34643066614477
2026-04-14 07:33:00,2,TXN00375794,CR,SANTGB2L,SWIFT,524773.1,24.704378226245066,62.752660439575784
2026-04-14 07:33:00,3,TXN00375793,CR,RBOSGB2L,CHAPS,293972.85,13.839155388580714,35.153437618095026
2026-04-14 07:33:00,4,TXN00375792,CR,CHASGB2L,CHAPS,209501.17,9.862540862938413,25.05226693727983
2026-04-14 07:33:00,5,TXN00375789,DR,DEUTGB2L,FPS,96846.4,4.559170611927746,11.580946611012136
2026-04-14 07:43:00,1,TXN00375838,CR,RBOSGB2L,FPS,357460.75,74.88203109238023,
2026-04-14 07:43:00,2,TXN00375840,DR,TSBSGB2A,CHAPS,88689.28,18.57891648949099,
2026-04-14 07:43:00,3,TXN00375839,DR,BNPAGB22,BACS,18609.14,3.898302681014508,
2026-04-14 07:43:00,4,TXN00375837,DR,BARCGB22,SWIFT,12606.02,2.6407497371142625,
2026-04-14 07:44:00,1,TXN00375843,CR,DEUTGB2L,FPS,652241.53,37.402468535341775,106.82642575537105
2026-04-14 07:44:00,2,TXN00375846,DR,SANTGB2L,CHAPS,335548.21,19.241846446998327,54.95727317902105
2026-04-14 07:44:00,3,TXN00375847,DR,RBOSGB2L,BACS,277780.0,15.929156963904518,45.49579133105335
2026-04-14 07:44:00,4,TXN00375844,DR,NTSBGB2L,BACS,183377.34,10.51568303147558,30.034189630224
2026-04-14 07:44:00,5,TXN00375841,DR,RBOSGB2L,CHAPS,84001.05,4.816998742108113,13.757989208688095
2026-04-14 07:45:00,1,TXN00375854,CR,TSBSGB2A,FPS,643331.26,28.080665787340337,92.48009591358193
2026-04-14 07:45:00,2,TXN00375859,DR,BARCGB22,FPS,420730.26,18.3643894712668,60.480777505738274
2026-04-14 07:45:00,3,TXN00375853,CR,COBAGB2X,SWIFT,340369.42,14.856731704986439,48.92875345067213
2026-04-14 07:45:00,4,TXN00375852,CR,BOFAGB22,FPS,197145.79,8.605185826616264,28.34008340922044
2026-04-14 07:45:00,5,TXN00375857,CR,CHASGB2L,BACS,188612.86,8.232733296458209,27.113458443376434
2026-04-14 07:46:00,1,TXN00375862,DR,LOYDGB2L,SWIFT,224998.76,48.814552665963994,
2026-04-14 07:46:00,2,TXN00375864,DR,NTSBGB2L,CHAPS,173218.2,37.58051353973455,
2026-04-14 07:46:00,3,TXN00375863,CR,SANTGB2L,CHAPS,32232.37,6.992966196408539,
2026-04-14 07:46:00,4,TXN00375861,CR,HSBCGB2L,CHAPS,30476.25,6.611967597892917,
2026-04-14 07:47:00,1,TXN00375866,DR,NTSBGB2L,SWIFT,263366.56,52.20032485647547,
2026-04-14 07:47:00,2,TXN00375868,DR,NWBKGB2L,CHAPS,172470.6,34.18437537472957,
2026-04-14 07:47:00,3,TXN00375867,DR,DEUTGB2L,CHAPS,41774.38,8.279852258684063,
2026-04-14 07:47:00,4,TXN00375865,CR,LOYDGB2L,FPS,26918.96,5.3354475101108845,
2026-04-14 07:48:00,1,TXN00375871,DR,BOFAGB22,INTERNAL,187902.29,82.76363298409913,
2026-04-14 07:48:00,2,TXN00375870,CR,HSBCGB2L,CHAPS,36178.77,15.935337680536708,
2026-04-14 07:48:00,3,TXN00375869,CR,RBOSGB2L,FPS,2953.79,1.3010293353641522,
2026-04-14 07:49:00,1,TXN00375876,CR,MIDLGB22,CHAPS,1024192.7,54.05776854253528,324.9462700614641
2026-04-14 07:49:00,2,TXN00375874,DR,SANTGB2L,SWIFT,296732.79,15.66181098615595,94.14460122146124
2026-04-14 07:49:00,3,TXN00375873,CR,BARCGB22,CHAPS,258171.89,13.626533633571961,81.91035992564544
2026-04-14 07:49:00,4,TXN00375877,CR,NTSBGB2L,CHAPS,220532.23,11.639880117783651,69.96840103120918
2026-04-14 07:49:00,5,TXN00375875,CR,CITIGB2L,BACS,42291.25,2.2321684228705156,13.417771815535195
2026-04-14 07:50:00,1,TXN00375882,DR,BNPAGB22,INTERNAL,1722146.89,78.15319981715163,275.93437857799006
2026-04-14 07:50:00,2,TXN00375886,DR,DEUTGB2L,CHAPS,204609.01,9.285415161606556,32.78388176621087
2026-04-14 07:50:00,3,TXN00375884,CR,HSBCGB2L,SWIFT,115695.95,5.250428259569185,18.537611543252396
2026-04-14 07:50:00,4,TXN00375881,CR,BOFAGB22,BACS,61103.69,2.7729625863304204,9.79045912220191
2026-04-14 07:50:00,5,TXN00375883,DR,RBOSGB2L,CHAPS,41759.26,1.8950879335248736,6.690959711326784
2026-04-14 07:51:00,1,TXN00375887,CR,COBAGB2X,CHAPS,647070.9,49.023282515245235,
2026-04-14 07:51:00,2,TXN00375888,DR,CHASGB2L,CHAPS,636969.51,48.25798261415762,
2026-04-14 07:51:00,3,TXN00375889,DR,NTSBGB2L,BACS,35885.28,2.7187348705971472,
2026-04-14 14:17:00,1,TXN00379362,CR,RBOSGB2L,FPS,547214.18,23.447800038675016,73.59819905621549
2026-04-14 14:17:00,2,TXN00379354,DR,TSBSGB2A,CHAPS,470793.4,20.173215362818155,63.31989855882843
2026-04-14 14:17:00,3,TXN00379359,CR,BNPAGB22,CHAPS,333292.52,14.28138496583932,44.82655992377186
2026-04-14 14:17:00,4,TXN00379356,DR,BNPAGB22,SWIFT,242493.63,10.390706883532228,32.614459023346704
2026-04-14 14:17:00,5,TXN00379358,CR,NWBKGB2L,CHAPS,193104.4,8.27440794350087,25.971797861362177
2026-04-14 16:02:00,1,TXN00379987,DR,CITIGB2L,CHAPS,402600.96,39.28723216303167,442.7795588424832
2026-04-14 16:02:00,2,TXN00379989,DR,MIDLGB22,SWIFT,279783.63,27.30228071792415,307.7053573412953
2026-04-14 16:02:00,3,TXN00379988,CR,NTSBGB2L,FPS,155287.04,15.153461115418068,170.7843097670583
2026-04-14 16:02:00,4,TXN00379986,DR,LOYDGB2L,CHAPS,73364.2,7.15913930720654,80.68576913187614
2026-04-14 16:02:00,5,TXN00379985,DR,TSBSGB2A,BACS,58793.77,5.737304977439414,64.66124557498924
2026-04-14 16:03:00,1,TXN00379991,DR,DEUTGB2L,CHAPS,1447749.19,100.0,281.71140769396783
2026-04-14 16:04:00,1,TXN00379994,DR,DEUTGB2L,FPS,1627104.43,79.80948496285193,148.78153768380815
2026-04-14 16:04:00,2,TXN00379995,CR,BNPAGB22,FPS,257250.7,12.618148838383492,23.522863075381107
2026-04-14 16:04:00,3,TXN00379992,DR,LOYDGB2L,CHAPS,90597.44,4.443805137542942,8.28418028055922
2026-04-14 16:04:00,4,TXN00379993,CR,CHASGB2L,FPS,63783.09,3.1285610612216397,5.832290806573937
2026-04-14 16:05:00,1,TXN00380000,DR,NTSBGB2L,FPS,312658.4,39.624109674358394,
2026-04-14 16:05:00,2,TXN00379996,DR,CHASGB2L,INTERNAL,260438.66,33.006149930028855,
2026-04-14 16:05:00,3,TXN00379999,DR,LOYDGB2L,CHAPS,128264.73,16.25536281408709,
2026-04-14 16:05:00,4,TXN00379997,DR,NTSBGB2L,CHAPS,73442.36,9.307564189491506,
2026-04-14 16:05:00,5,TXN00379998,CR,NTSBGB2L,CHAPS,14256.86,1.8068133920341596,
2026-04-14 16:06:00,1,TXN00380002,CR,TSBSGB2A,SWIFT,471787.74,45.793358670330534,489.3220908624628
2026-04-14 16:06:00,2,TXN00380001,DR,BARCGB22,CHAPS,158154.53,15.351028658836176,164.03246362224272
2026-04-14 16:06:00,3,TXN00380008,DR,CHASGB2L,BACS,123556.94,11.992866261485535,128.14902782630142
2026-04-14 16:06:00,4,TXN00380004,CR,CHASGB2L,BACS,86600.79,8.405773828722158,89.81937435072192
2026-04-14 16:06:00,5,TXN00380005,CR,HSBCGB2L,FPS,79267.04,7.693934550854239,82.21305994360614
2026-04-14 16:07:00,1,TXN00380012,DR,SANTGB2L,BACS,218955.52,60.13578892829026,
2026-04-14 16:07:00,2,TXN00380009,DR,BARCGB22,SWIFT,62451.57,17.152225400667426,
2026-04-14 16:07:00,3,TXN00380011,DR,BOFAGB22,CHAPS,41817.59,11.485135271902628,
2026-04-14 16:07:00,4,TXN00380010,DR,MIDLGB22,BACS,40877.17,11.226850399139693,
2026-04-14 16:08:00,1,TXN00380015,CR,NWBKGB2L,FPS,547399.11,44.608460983835585,186.64571378289074
2026-04-14 16:08:00,2,TXN00380018,DR,LOYDGB2L,FPS,312110.04,25.43436459369355,106.41961254669663
2026-04-14 16:08:00,3,TXN00380013,DR,BOFAGB22,SWIFT,127250.8,10.369878655743275,43.388481934952125
2026-04-14 16:08:00,4,TXN00380014,DR,CITIGB2L,BACS,89968.24,7.331661032156878,30.67631288730159
2026-04-14 16:08:00,5,TXN00380016,DR,BARCGB22,CHAPS,67528.27,5.502990674575476,23.024995701351738
2026-04-14 16:09:00,1,TXN00380020,CR,CITIGB2L,CHAPS,102808.08,100.0,
2026-04-14 16:10:00,1,TXN00380023,DR,CHASGB2L,CHAPS,72657.72,32.59006573747228,
2026-04-14 16:10:00,2,TXN00380021,CR,LOYDGB2L,SWIFT,60473.98,27.125142154289783,
2026-04-14 16:10:00,3,TXN00380024,CR,BOFAGB22,CHAPS,39202.35,17.583914875988352,
2026-04-14 16:10:00,4,TXN00380022,CR,CHASGB2L,CHAPS,32274.04,14.476274306623024,
2026-04-14 16:10:00,5,TXN00380025,CR,RBOSGB2L,FPS,18336.29,8.224602925626561,
2026-04-14 16:11:00,1,TXN00380026,CR,BOFAGB22,FPS,235944.73,25.448615891184705,8373.665588742357
2026-04-14 16:11:00,2,TXN00380028,CR,SANTGB2L,CHAPS,215564.68,23.25045675326652,7650.378726680005
2026-04-14 16:11:00,3,TXN00380030,CR,SANTGB2L,CHAPS,188634.38,20.345798274416953,6694.623849660678
2026-04-14 16:11:00,4,TXN00380027,CR,NTSBGB2L,FPS,167427.16,18.05842192191334,5941.980769449102
2026-04-14 16:11:00,5,TXN00380029,DR,RBOSGB2L,FPS,61196.4,6.6005444475208055,2171.8568956166673
2026-04-14 16:12:00,1,TXN00380034,DR,TSBSGB2A,FPS,680763.29,57.91691452268377,269.6254743917376
2026-04-14 16:12:00,2,TXN00380032,DR,HSBCGB2L,BACS,275987.99,23.480074588213036,109.30876241897847
2026-04-14 16:12:00,3,TXN00380035,DR,RBOSGB2L,CHAPS,167456.64,14.24661412799716,66.32345877529094
2026-04-14 16:12:00,4,TXN00380033,CR,COBAGB2X,CHAPS,51205.68,4.356396761106049,20.280699568203087
2026-04-14 16:13:00,1,TXN00380038,DR,BNPAGB22,FPS,1525407.12,77.88132338610933,147.2825224707785
2026-04-14 16:13:00,2,TXN00380037,CR,NTSBGB2L,SWIFT,225604.98,11.518508190060585,21.782821189643805
2026-04-14 16:13:00,3,TXN00380036,DR,RBOSGB2L,BACS,174031.43,8.885364373530031,16.803243975678253
2026-04-14 16:13:00,4,TXN00380039,DR,SANTGB2L,CHAPS,33586.67,1.7148040503000517,3.2428913003851862
2026-04-15 06:58:00,1,TXN00381007,DR,BNPAGB22,CHAPS,286863.35,79.3243450971886,
2026-04-15 06:58:00,2,TXN00381005,DR,NWBKGB2L,CHAPS,37560.55,10.386360022080925,
2026-04-15 06:58:00,3,TXN00381006,DR,LOYDGB2L,CHAPS,37209.53,10.289294880730468,
2026-04-15 06:59:00,1,TXN00381008,CR,RBOSGB2L,BACS,483063.96,100.0,
2026-04-15 07:00:00,1,TXN00381011,DR,NTSBGB2L,INTERNAL,204781.35,34.77184729646085,
2026-04-15 07:00:00,2,TXN00381010,CR,NTSBGB2L,CHAPS,179326.02,30.449535486127445,
2026-04-15 07:00:00,3,TXN00381009,DR,COBAGB2X,BACS,134591.46,22.853612863318457,
2026-04-15 07:00:00,4,TXN00381012,DR,NTSBGB2L,SWIFT,70229.76,11.925004354093252,
2026-04-15 07:01:00,1,TXN00381017,DR,NWBKGB2L,BACS,291497.3,30.865405804749162,148.34571514335644
2026-04-15 07:01:00,2,TXN00381018,DR,HSBCGB2L,BACS,223077.97,23.62077477269827,113.52647517619619
2026-04-15 07:01:00,3,TXN00381016,DR,NWBKGB2L,CHAPS,193823.97,20.52319348665503,98.63883967904493
2026-04-15 07:01:00,4,TXN00381014,DR,SANTGB2L,FPS,117313.38,12.421813443989855,59.701881465057575
2026-04-15 07:01:00,5,TXN00381015,DR,NWBKGB2L,FPS,81016.52,8.578493751703967,41.23006833279773
2026-04-15 07:02:00,1,TXN00381022,DR,TSBSGB2A,CHAPS,356214.3,46.83689991036787,
2026-04-15 07:02:00,2,TXN00381024,CR,CITIGB2L,CHAPS,171516.98,22.55194029321273,
2026-04-15 07:02:00,3,TXN00381021,CR,RBOSGB2L,BACS,153803.47,20.222876314222272,
2026-04-15 07:02:00,4,TXN00381023,CR,NTSBGB2L,FPS,64240.77,8.446708946426247,
2026-04-15 07:02:00,5,TXN00381020,DR,CITIGB2L,CHAPS,14766.49,1.9415745357708774,
2026-04-15 07:03:00,1,TXN00381027,DR,COBAGB2X,CHAPS,616587.98,47.427014681900864,114.42759528047002
2026-04-15 07:03:00,2,TXN00381026,DR,COBAGB2X,CHAPS,364849.34,28.063659309190296,67.70944937309125
2026-04-15 07:03:00,3,TXN00381028,CR,CITIGB2L,FPS,235093.74,18.083054844181333,43.629153026453814
2026-04-15 07:03:00,4,TXN00381029,CR,CITIGB2L,FPS,48036.12,3.6948656840529908,8.91463647767524
2026-04-15 07:03:00,5,TXN00381025,CR,HSBCGB2L,BACS,35510.39,2.7314054806745105,6.5900871683740085
2026-04-15 07:04:00,1,TXN00381030,DR,DEUTGB2L,CHAPS,29691.26,100.0,
2026-04-15 07:05:00,1,TXN00381031,CR,DEUTGB2L,SWIFT,126719.78,65.81929372949637,
2026-04-15 07:05:00,2,TXN00381032,DR,NTSBGB2L,INTERNAL,65807.02,34.18070627050364,
2026-04-15 07:06:00,1,TXN00381033,CR,COBAGB2X,CHAPS,580462.37,65.07504463058521,443.92397230827953
2026-04-15 07:06:00,2,TXN00381034,CR,BNPAGB22,BACS,182951.66,20.510524118453453,139.9171278710001
2026-04-15 07:06:00,3,TXN00381035,CR,NWBKGB2L,CHAPS,128575.17,14.414431250961336,98.33126685992121
2026-04-15 07:07:00,1,TXN00381036,DR,MIDLGB22,CHAPS,251957.31,68.2189957112223,
2026-04-15 07:07:00,2,TXN00381037,CR,TSBSGB2A,CHAPS,117378.69,31.781004288777698,
2026-04-15 07:08:00,1,TXN00381040,CR,LOYDGB2L,SWIFT,53879.72,26.22338468367269,
2026-04-15 07:08:00,2,TXN00381039,DR,CHASGB2L,FPS,49774.34,24.225286716336257,
2026-04-15 07:08:00,3,TXN00381042,DR,BNPAGB22,FPS,47933.76,23.32947216160074,
2026-04-15 07:08:00,4,TXN00381038,DR,NTSBGB2L,CHAPS,36808.34,17.914704445149617,
2026-04-15 07:08:00,5,TXN00381041,CR,HSBCGB2L,CHAPS,17068.24,8.307151993240678,
2026-04-15 07:09:00,1,TXN00381043,CR,COBAGB2X,CHAPS,96607.21,100.0,
2026-04-15 07:10:00,1,TXN00381045,CR,DEUTGB2L,CHAPS,399548.53,48.304717020424,606.2049669813331
2026-04-15 07:10:00,2,TXN00381044,DR,CHASGB2L,INTERNAL,266887.08,32.2661802204785,404.92771558725144
2026-04-15 07:10:00,3,TXN00381046,DR,BARCGB22,CHAPS,160706.24,19.429102759097486,243.8275042906407
2026-04-15 07:21:00,1,TXN00381079,CR,TSBSGB2A,CHAPS,247647.21,24.358971181138653,1496.6125291459769
2026-04-15 07:21:00,2,TXN00381077,DR,DEUTGB2L,CHAPS,181947.56,17.896649716015357,1099.568204073607
2026-04-15 07:21:00,3,TXN00381078,CR,BNPAGB22,CHAPS,169120.25,16.634935220537976,1022.0486032622774
2026-04-15 07:21:00,4,TXN00381081,DR,SANTGB2L,CHAPS,145910.93,14.352029804346026,881.7871438056645
2026-04-15 07:21:00,5,TXN00381076,CR,CITIGB2L,FPS,103429.2,10.173459665013896,625.0562507833021
2026-04-15 07:22:00,1,TXN00381083,DR,SANTGB2L,FPS,475794.84,85.80588615285733,
2026-04-15 07:22:00,2,TXN00381084,DR,LOYDGB2L,CHAPS,50957.92,9.189863181589802,
2026-04-15 07:22:00,3,TXN00381085,DR,DEUTGB2L,FPS,27748.64,5.004250665552873,
2026-04-15 07:23:00,1,TXN00381087,DR,DEUTGB2L,BACS,346811.75,41.230085996292935,
2026-04-15 07:23:00,2,TXN00381088,DR,CHASGB2L,BACS,222090.53,26.402829923906204,
2026-04-15 07:23:00,3,TXN00381091,CR,BNPAGB22,FPS,93506.76,11.116381599051142,
2026-04-15 07:23:00,4,TXN00381092,DR,BOFAGB22,BACS,76024.87,9.038078807759515,
2026-04-15 07:23:00,5,TXN00381090,CR,BNPAGB22,CHAPS,42125.45,5.008007733684162,
2026-04-15 07:24:00,1,TXN00381095,CR,NWBKGB2L,FPS,483044.79,51.30680440398865,
2026-04-15 07:24:00,2,TXN00381097,CR,BARCGB22,FPS,238196.03,25.30009095226265,
2026-04-15 07:24:00,3,TXN00381093,CR,BNPAGB22,BACS,84293.38,8.953256612520526,
2026-04-15 07:24:00,4,TXN00381096,DR,NTSBGB2L,SWIFT,75889.7,8.060656226469966,
2026-04-15 07:24:00,5,TXN00381094,DR,NTSBGB2L,FPS,60059.0,6.379191804758218,
2026-04-15 07:25:00,1,TXN00381100,DR,SANTGB2L,CHAPS,227208.66,35.00677629553492,
2026-04-15 07:25:00,2,TXN00381098,DR,RBOSGB2L,CHAPS,161925.24,24.94834771386268,
2026-04-15 07:25:00,3,TXN00381103,CR,CITIGB2L,CHAPS,127037.35,19.57305717408647,
2026-04-15 07:25:00,4,TXN00381102,DR,NTSBGB2L,SWIFT,82683.88,12.739373976356596,
2026-04-15 07:25:00,5,TXN00381101,CR,RBOSGB2L,FPS,25096.82,3.86674858022272,
2026-04-15 07:26:00,1,TXN00381104,CR,HSBCGB2L,INTERNAL,361939.84,41.74798043161461,
2026-04-15 07:26:00,2,TXN00381106,DR,CHASGB2L,CHAPS,267098.67,30.80851792516206,
2026-04-15 07:26:00,3,TXN00381108,CR,RBOSGB2L,BACS,164470.31,18.970841351594753,
2026-04-15 07:26:00,4,TXN00381107,DR,RBOSGB2L,CHAPS,52282.04,6.030476177601482,
2026-04-15 07:26:00,5,TXN00381105,DR,CHASGB2L,INTERNAL,21172.85,2.442184114027103,
2026-04-15 07:27:00,1,TXN00381109,CR,MIDLGB22,SWIFT,253314.83,44.687031011001565,
2026-04-15 07:27:00,2,TXN00381111,CR,NTSBGB2L,CHAPS,181772.62,32.06633700400013,
2026-04-15 07:27:00,3,TXN00381113,CR,LOYDGB2L,CHAPS,61022.84,10.764981834894494,
2026-04-15 07:27:00,4,TXN00381110,CR,NTSBGB2L,CHAPS,54254.56,9.570995923168987,
2026-04-15 07:27:00,5,TXN00381112,DR,RBOSGB2L,FPS,16499.46,2.9106542269348377,
2026-04-15 07:28:00,1,TXN00381115,DR,MIDLGB22,CHAPS,507137.17,55.610307450045276,
2026-04-15 07:28:00,2,TXN00381118,DR,DEUTGB2L,CHAPS,140862.04,15.446277291093798,
2026-04-15 07:28:00,3,TXN00381117,DR,CITIGB2L,SWIFT,105702.77,11.590874985600882,
2026-04-15 07:28:00,4,TXN00381119,DR,NWBKGB2L,CHAPS,70968.7,7.782098137925934,
2026-04-15 07:28:00,5,TXN00381114,CR,COBAGB2X,BACS,53985.61,5.919811340151302,
2026-04-15 07:29:00,1,TXN00381120,DR,NWBKGB2L,CHAPS,128288.56,26.703300006252835,
2026-04-15 07:29:00,2,TXN00381122,CR,DEUTGB2L,SWIFT,121158.54,25.219184328981356,
2026-04-15 07:29:00,3,TXN00381124,CR,SANTGB2L,BACS,105891.73,22.041393514520106,
2026-04-15 07:29:00,4,TXN00381123,DR,DEUTGB2L,FPS,54241.5,11.29038354853436,
2026-04-15 07:29:00,5,TXN00381125,CR,BNPAGB22,BACS,42558.51,8.858565879522784,
2026-04-15 07:30:00,1,TXN00381126,DR,CHASGB2L,CHAPS,355431.35,51.87635734689352,
2026-04-15 07:30:00,2,TXN00381127,CR,TSBSGB2A,FPS,218300.18,31.86161869675024,
2026-04-15 07:30:00,3,TXN00381128,CR,LOYDGB2L,CHAPS,111419.41,16.262023956356245,
2026-04-15 07:31:00,1,TXN00381130,DR,MIDLGB22,BACS,136379.12,65.54248579483128,
2026-04-15 07:31:00,2,TXN00381129,DR,COBAGB2X,SWIFT,71698.31,34.45751420516872,
2026-04-15 07:32:00,1,TXN00381132,DR,SANTGB2L,CHAPS,79870.03,31.428161298219063,
2026-04-15 07:32:00,2,TXN00381134,CR,SANTGB2L,BACS,71477.09,28.125612493789234,
2026-04-15 07:32:00,3,TXN00381131,DR,CHASGB2L,BACS,55734.9,21.931197811495874,
2026-04-15 07:32:00,4,TXN00381133,DR,CITIGB2L,FPS,47053.21,18.515028396495836,
2026-04-15 07:33:00,1,TXN00381135,DR,COBAGB2X,CHAPS,310271.37,52.82385025380516,
2026-04-15 07:33:00,2,TXN00381137,DR,RBOSGB2L,FPS,227205.84,38.681903744293315,
2026-04-15 07:33:00,3,TXN00381136,CR,DEUTGB2L,INTERNAL,49892.64,8.494246001901528,
2026-04-15 07:35:00,1,TXN00381139,DR,BOFAGB22,SWIFT,209831.36,75.0307327937387,
2026-04-15 07:35:00,2,TXN00381138,DR,CHASGB2L,FPS,69829.19,24.969267206261307,
2026-04-15 07:36:00,1,TXN00381143,DR,CHASGB2L,FPS,161742.17,41.94849031032441,
2026-04-15 07:36:00,2,TXN00381140,DR,HSBCGB2L,BACS,86408.39,22.410367751624282,
2026-04-15 07:36:00,3,TXN00381141,DR,NWBKGB2L,SWIFT,69619.68,18.056147459180778,
2026-04-15 07:36:00,4,TXN00381142,DR,CHASGB2L,SWIFT,67803.04,17.584994478870524,
2026-04-15 07:37:00,1,TXN00381147,DR,COBAGB2X,CHAPS,445748.41,58.053126529842096,
2026-04-15 07:37:00,2,TXN00381146,DR,MIDLGB22,SWIFT,176491.29,22.98577170423346,
2026-04-15 07:37:00,3,TXN00381145,CR,MIDLGB22,CHAPS,91191.97,11.876607642673509,
2026-04-15 07:37:00,4,TXN00381144,CR,LOYDGB2L,BACS,54396.76,7.084494123250946,
2026-04-15 07:38:00,1,TXN00381149,CR,NWBKGB2L,CHAPS,304686.24,37.2676069568689,
2026-04-15 07:38:00,2,TXN00381150,DR,CHASGB2L,CHAPS,176727.11,21.616323973486086,
2026-04-15 07:38:00,3,TXN00381148,DR,BNPAGB22,SWIFT,161260.74,19.72455952029152,
2026-04-15 07:38:00,4,TXN00381152,DR,HSBCGB2L,FPS,98964.49,12.104812202897588,
2026-04-15 07:38:00,5,TXN00381151,DR,RBOSGB2L,CHAPS,75924.62,9.286697346455908,
2026-04-15 07:39:00,1,TXN00381153,DR,MIDLGB22,BACS,461357.81,76.82339450648844,
2026-04-15 07:39:00,2,TXN00381155,CR,BARCGB22,CHAPS,66047.91,10.99802482212026,
2026-04-15 07:39:00,3,TXN00381154,CR,BNPAGB22,FPS,53490.79,8.907065131581335,
2026-04-15 07:39:00,4,TXN00381156,DR,CITIGB2L,INTERNAL,19646.87,3.2715155398099633,
2026-04-15 07:40:00,1,TXN00381160,CR,CITIGB2L,INTERNAL,367045.93,44.686871703743584,
2026-04-15 07:40:00,2,TXN00381161,CR,TSBSGB2A,BACS,162581.23,19.793834974404508,
2026-04-15 07:40:00,3,TXN00381159,CR,NTSBGB2L,CHAPS,115906.22,14.111275890747184,
2026-04-15 07:40:00,4,TXN00381162,CR,RBOSGB2L,INTERNAL,91284.55,11.113652654816159,
2026-04-15 07:40:00,5,TXN00381157,CR,MIDLGB22,INTERNAL,34681.78,4.222415034863512,
2026-04-15 07:41:00,1,TXN00381166,DR,SANTGB2L,CHAPS,263898.38,44.231524337804004,
2026-04-15 07:41:00,2,TXN00381168,DR,HSBCGB2L,FPS,122500.23,20.532039282058452,
2026-04-15 07:41:00,3,TXN00381164,DR,SANTGB2L,CHAPS,87435.07,14.654832010270761,
2026-04-15 07:41:00,4,TXN00381165,CR,DEUTGB2L,CHAPS,64538.3,10.817146309009159,
2026-04-15 07:41:00,5,TXN00381167,CR,CHASGB2L,SWIFT,58257.65,9.76445806085762,
2026-04-15 07:42:00,1,TXN00381169,CR,COBAGB2X,CHAPS,209584.48,92.07433039849568,
2026-04-15 07:42:00,2,TXN00381170,CR,NWBKGB2L,FPS,18040.83,7.925669601504333,
2026-04-15 07:43:00,1,TXN00381173,CR,NTSBGB2L,FPS,1408476.54,67.92564833555252,139.4590064484997
2026-04-15 07:43:00,2,TXN00381171,DR,RBOSGB2L,CHAPS,535522.14,25.826265134343327,53.024231113976775
2026-04-15 07:43:00,3,TXN00381172,DR,BNPAGB22,CHAPS,129557.59,6.248086530104148,12.82802536367562
2026-04-15 07:44:00,1,TXN00381174,CR,LOYDGB2L,CHAPS,413593.22,85.17445697253015,
2026-04-15 07:44:00,2,TXN00381175,CR,SANTGB2L,FPS,71990.41,14.82554302746985,
2026-04-15 07:45:00,1,TXN00381180,CR,DEUTGB2L,FPS,544369.62,39.26122436397919,
2026-04-15 07:45:00,2,TXN00381179,CR,DEUTGB2L,CHAPS,492353.55,35.50970238374369,
2026-04-15 07:45:00,3,TXN00381181,DR,CITIGB2L,CHAPS,185962.41,13.412048788241135,
2026-04-15 07:45:00,4,TXN00381182,CR,BOFAGB22,INTERNAL,72028.6,5.194872971095102,
2026-04-15 07:45:00,5,TXN00381177,DR,MIDLGB22,CHAPS,43570.18,3.1423844199074864,
2026-04-15 07:46:00,1,TXN00381184,DR,CHASGB2L,BACS,2921381.79,93.75789642966556,183.4400582670506
2026-04-15 07:46:00,2,TXN00381183,CR,DEUTGB2L,CHAPS,119138.38,3.823589210788549,7.480963783594344
2026-04-15 07:46:00,3,TXN00381185,DR,COBAGB2X,SWIFT,75357.96,2.418514359545892,4.731893866322098
2026-04-15 07:47:00,1,TXN00381188,DR,CHASGB2L,BACS,509403.17,34.0288936642903,
2026-04-15 07:47:00,2,TXN00381186,DR,RBOSGB2L,BACS,469183.49,31.342158884191104,
2026-04-15 07:47:00,3,TXN00381187,CR,DEUTGB2L,INTERNAL,358653.53,23.95859223783855,
2026-04-15 07:47:00,4,TXN00381190,DR,CITIGB2L,CHAPS,92734.5,6.194803301893722,
2026-04-15 07:47:00,5,TXN00381189,CR,HSBCGB2L,FPS,66997.78,4.475551911786327,
2026-04-15 07:48:00,1,TXN00381195,DR,COBAGB2X,CHAPS,426605.67,49.623590410979304,
2026-04-15 07:48:00,2,TXN00381192,DR,NTSBGB2L,CHAPS,176873.81,20.57430109137878,
2026-04-15 07:48:00,3,TXN00381194,DR,SANTGB2L,CHAPS,85901.14,9.99218549344689,
2026-04-15 07:48:00,4,TXN00381191,CR,NWBKGB2L,SWIFT,72890.09,8.47871518252305,
2026-04-15 07:48:00,5,TXN00381196,DR,NTSBGB2L,FPS,62001.25,7.212104412416109,
2026-04-15 07:49:00,1,TXN00381198,DR,CITIGB2L,CHAPS,773329.05,35.54116225492772,115.13441492843913
2026-04-15 07:49:00,2,TXN00381201,CR,COBAGB2X,CHAPS,431190.27,19.816924437037624,64.19626866375407
2026-04-15 07:49:00,3,TXN00381197,CR,NTSBGB2L,FPS,380819.05,17.50193096433844,56.69692418169731
2026-04-15 07:49:00,4,TXN00381200,DR,CHASGB2L,FPS,230142.04,10.57701839252006,34.26389985716615
2026-04-15 07:49:00,5,TXN00381204,CR,DEUTGB2L,BACS,110831.66,5.093673916740852,16.5007875103718
2026-04-15 08:16:00,1,TXN00381392,DR,DEUTGB2L,CHAPS,432755.94,44.000965313531424,
2026-04-15 08:16:00,2,TXN00381389,CR,BOFAGB22,CHAPS,219789.5,22.347353951463763,
2026-04-15 08:16:00,3,TXN00381393,DR,NWBKGB2L,CHAPS,144716.47,14.71421600074793,
2026-04-15 08:16:00,4,TXN00381390,DR,TSBSGB2A,FPS,122514.59,12.456813937646988,
2026-04-15 08:16:00,5,TXN00381388,DR,BNPAGB22,FPS,35542.76,3.613851608616099,
2026-04-15 08:17:00,1,TXN00381398,DR,NTSBGB2L,CHAPS,205746.36,25.822814779531264,
2026-04-15 08:17:00,2,TXN00381394,DR,RBOSGB2L,FPS,157953.24,19.82439572854095,
2026-04-15 08:17:00,3,TXN00381397,DR,CITIGB2L,FPS,119432.59,14.989745870642366,
2026-04-15 08:17:00,4,TXN00381401,CR,RBOSGB2L,SWIFT,87939.1,11.037060831495038,
2026-04-15 08:17:00,5,TXN00381396,CR,DEUTGB2L,CHAPS,66581.09,8.35645964715634,
2026-04-15 11:33:00,1,TXN00383060,CR,TSBSGB2A,FPS,18478644.21,95.62326121335272,101.55250290255564
2026-04-15 11:33:00,2,TXN00383059,DR,BNPAGB22,SWIFT,425641.27,2.2026078256524424,2.3391833197227014
2026-04-15 11:33:00,3,TXN00383057,CR,NTSBGB2L,INTERNAL,250954.83,1.2986406897133784,1.379164554085289
2026-04-15 11:33:00,4,TXN00383058,CR,HSBCGB2L,FPS,169183.45,0.8754902712814449,0.9297761568401006
2026-04-15 11:44:00,1,TXN00383107,DR,BNPAGB22,BACS,11580931.02,85.0441233511575,92.72696637961744
2026-04-15 11:44:00,2,TXN00383108,CR,HSBCGB2L,SWIFT,936616.74,6.8780091541654835,7.499365017422139
2026-04-15 11:44:00,3,TXN00383104,DR,BOFAGB22,FPS,482298.59,3.5417412217734925,3.861700329846788
2026-04-15 11:44:00,4,TXN00383105,DR,BNPAGB22,CHAPS,292321.02,2.1466482133503098,2.340575325661121
2026-04-15 11:44:00,5,TXN00383110,DR,SANTGB2L,BACS,258969.82,1.9017349536295791,2.073536726106463
2026-04-15 14:31:00,1,TXN00384239,DR,TSBSGB2A,BACS,13944489.66,87.03544703634215,96.75943154001178
2026-04-15 14:31:00,2,TXN00384236,DR,HSBCGB2L,FPS,903634.43,5.640093577471248,6.2702297393924535
2026-04-15 14:31:00,3,TXN00384238,CR,NTSBGB2L,CHAPS,568204.39,3.5464849770387437,3.9427139404497327
2026-04-15 14:31:00,4,TXN00384234,DR,CITIGB2L,BACS,181905.26,1.135373614122071,1.2622225682612784
2026-04-15 14:31:00,5,TXN00384242,DR,RBOSGB2L,BACS,177053.79,1.1050928458380487,1.2285586988204358
2026-04-15 15:26:00,1,TXN00384532,DR,RBOSGB2L,SWIFT,1245713.98,64.38610709260237,121.78896830157323
2026-04-15 15:26:00,2,TXN00384533,CR,CHASGB2L,CHAPS,435098.96,22.488571762227405,42.5380579316349
2026-04-15 15:26:00,3,TXN00384535,DR,RBOSGB2L,SWIFT,197933.02,10.230387414358315,19.351198337370075
2026-04-15 15:26:00,4,TXN00384534,CR,NWBKGB2L,CHAPS,56009.9,2.894933730811907,5.475886154600502
2026-04-15 15:27:00,1,TXN00384536,DR,TSBSGB2A,BACS,97725.04,100.0,
2026-04-15 15:28:00,1,TXN00384540,DR,BARCGB22,SWIFT,417943.05,66.65710852109237,
2026-04-15 15:28:00,2,TXN00384539,DR,SANTGB2L,SWIFT,112864.31,18.000559070974408,
2026-04-15 15:28:00,3,TXN00384537,DR,SANTGB2L,FPS,75911.53,12.107015760190674,
2026-04-15 15:28:00,4,TXN00384538,DR,NTSBGB2L,SWIFT,20285.58,3.2353166477425597,
2026-04-15 15:29:00,1,TXN00384543,CR,BARCGB22,FPS,2025584.67,52.70807340791374,69.10626325792434
2026-04-15 15:29:00,2,TXN00384541,DR,NTSBGB2L,SWIFT,1798419.83,46.796979569305165,61.35614870162476
2026-04-15 15:29:00,3,TXN00384542,CR,NWBKGB2L,INTERNAL,19020.94,0.494947022781093,0.6489316919312897
2026-04-15 15:30:00,1,TXN00384545,DR,MIDLGB22,CHAPS,259674.02,35.10568015631147,
2026-04-15 15:30:00,2,TXN00384544,DR,TSBSGB2A,SWIFT,250007.42,33.798839495859575,
2026-04-15 15:30:00,3,TXN00384547,DR,NTSBGB2L,CHAPS,91122.51,12.318974732629371,
2026-04-15 15:30:00,4,TXN00384546,DR,LOYDGB2L,FPS,89418.61,12.088622199024588,
2026-04-15 15:30:00,5,TXN00384548,CR,DEUTGB2L,SWIFT,49469.76,6.6878834161749845,
2026-04-15 15:31:00,1,TXN00384555,DR,NTSBGB2L,CHAPS,1256483.4,46.66072726374036,69.50680686048462
2026-04-15 15:31:00,2,TXN00384553,DR,SANTGB2L,CHAPS,823768.22,30.591430210663248,45.569641879347714
2026-04-15 15:31:00,3,TXN00384550,CR,TSBSGB2A,SWIFT,217914.76,8.092475541740892,12.054722836265771
2026-04-15 15:31:00,4,TXN00384549,DR,MIDLGB22,BACS,189985.29,7.055287639146383,10.509705785498767
2026-04-15 15:31:00,5,TXN00384552,CR,TSBSGB2A,CHAPS,101498.36,3.7692398432617056,5.614739442778104
2026-04-15 15:32:00,1,TXN00384562,DR,TSBSGB2A,BACS,474361.75,25.837611916273985,50.69906789547653
2026-04-15 15:32:00,2,TXN00384564,CR,TSBSGB2A,BACS,356289.81,19.406450542234897,38.079717151849685
2026-04-15 15:32:00,3,TXN00384559,DR,MIDLGB22,SWIFT,256712.05,13.982633132058229,27.436996453733816
2026-04-15 15:32:00,4,TXN00384557,CR,DEUTGB2L,CHAPS,220822.49,12.027794819049582,23.60117444831542
2026-04-15 15:32:00,5,TXN00384561,DR,DEUTGB2L,FPS,197002.68,10.730373585783235,21.05534910626929
2026-04-15 15:33:00,1,TXN00384566,DR,TSBSGB2A,INTERNAL,350554.82,60.37192971712139,
2026-04-15 15:33:00,2,TXN00384569,DR,DEUTGB2L,CHAPS,106427.38,18.32873473352148,
2026-04-15 15:33:00,3,TXN00384568,DR,BARCGB22,SWIFT,81143.62,13.97441040357912,
2026-04-15 15:33:00,4,TXN00384567,CR,COBAGB2X,CHAPS,42532.81,7.324925145777992,
2026-04-15 15:34:00,1,TXN00384571,DR,HSBCGB2L,CHAPS,201960.73,46.93515760369696,
2026-04-15 15:34:00,2,TXN00384570,CR,BARCGB22,FPS,165833.19,38.53920962047336,
2026-04-15 15:34:00,3,TXN00384572,CR,SANTGB2L,CHAPS,62503.41,14.52563277582968,
2026-04-15 15:35:00,1,TXN00384574,CR,SANTGB2L,CHAPS,151711.39,49.62498983123896,
2026-04-15 15:35:00,2,TXN00384575,DR,TSBSGB2A,CHAPS,116889.91,38.234839158249336,
2026-04-15 15:35:00,3,TXN00384573,CR,BARCGB22,CHAPS,37114.41,12.140171010511695,
2026-04-16 06:53:00,1,TXN00385549,DR,RBOSGB2L,CHAPS,83204.03,63.264612181999524,
2026-04-16 06:53:00,2,TXN00385550,DR,HSBCGB2L,SWIFT,30454.17,23.15598480475867,
2026-04-16 06:53:00,3,TXN00385548,CR,NWBKGB2L,CHAPS,17859.29,13.579403013241814,
2026-04-16 06:54:00,1,TXN00385553,DR,TSBSGB2A,SWIFT,292628.48,74.6612911686585,
2026-04-16 06:54:00,2,TXN00385551,CR,BARCGB22,FPS,52490.92,13.39254423161669,
2026-04-16 06:54:00,3,TXN00385552,DR,LOYDGB2L,SWIFT,46821.96,11.946164599724817,
2026-04-16 06:55:00,1,TXN00385555,DR,NTSBGB2L,CHAPS,108463.72,55.14037487255008,
2026-04-16 06:55:00,2,TXN00385554,DR,TSBSGB2A,CHAPS,88241.0,44.85962512744992,
2026-04-16 06:56:00,1,TXN00385557,DR,SANTGB2L,SWIFT,168353.18,69.25531436567506,
2026-04-16 06:56:00,2,TXN00385556,DR,BOFAGB22,CHAPS,74737.45,30.74468563432494,
2026-04-16 06:57:00,1,TXN00385559,CR,LOYDGB2L,SWIFT,89071.26,61.38143276171606,
2026-04-16 06:57:00,2,TXN00385558,CR,CITIGB2L,BACS,38015.13,26.197262124987283,
2026-04-16 06:57:00,3,TXN00385560,DR,BNPAGB22,FPS,18024.69,12.421305113296654,
2026-04-16 08:55:00,1,TXN00386400,CR,TSBSGB2A,BACS,27005117.19,91.48929919916961,98.45405563462631
2026-04-16 08:55:00,2,TXN00386406,CR,MIDLGB22,CHAPS,407227.13,1.379624627305279,1.4846505657007742
2026-04-16 08:55:00,3,TXN00386403,DR,CITIGB2L,INTERNAL,387618.42,1.313193249745323,1.4131620025636316
2026-04-16 08:55:00,4,TXN00386402,DR,LOYDGB2L,FPS,271006.82,0.9181305848647384,0.9880246157022198
2026-04-16 08:55:00,5,TXN00386405,DR,SANTGB2L,BACS,203695.02,0.6900882710133811,0.7426222478679908
2026-04-16 11:47:00,1,TXN00387957,CR,BARCGB22,BACS,16333401.04,92.85924329609296,99.55971854535862
2026-04-16 11:47:00,2,TXN00387956,CR,BOFAGB22,FPS,968526.89,5.506304161458235,5.90362437901736
2026-04-16 11:47:00,3,TXN00387960,CR,SANTGB2L,CHAPS,155775.32,0.8856194924732428,0.9495234322314279
2026-04-16 11:47:00,4,TXN00387955,DR,BARCGB22,FPS,49049.35,0.2788571415108789,0.298978728855897
2026-04-16 11:47:00,5,TXN00387958,DR,BOFAGB22,SWIFT,48277.34,0.27446808229158626,0.29427296683328014
2026-04-16 12:03:00,1,TXN00388056,CR,LOYDGB2L,FPS,664415.13,35.49702601105559,135.47025978356163
2026-04-16 12:03:00,2,TXN00388051,CR,BOFAGB22,INTERNAL,632241.62,33.778124875651045,128.9102740742521
2026-04-16 12:03:00,3,TXN00388054,DR,BARCGB22,SWIFT,277489.84,14.825165207004925,56.578513966259244
2026-04-16 12:03:00,4,TXN00388055,DR,RBOSGB2L,CHAPS,119709.97,6.395621843940676,24.408144851521318
2026-04-16 12:03:00,5,TXN00388057,DR,SANTGB2L,CHAPS,81604.25,4.359786606398748,16.638617105156392
2026-04-16 12:04:00,1,TXN00388063,CR,BNPAGB22,CHAPS,373272.88,39.90706974901633,
2026-04-16 12:04:00,2,TXN00388060,DR,BARCGB22,CHAPS,311050.55,33.254802744629856,
2026-04-16 12:04:00,3,TXN00388064,CR,NTSBGB2L,CHAPS,76485.34,8.177143215326087,
2026-04-16 12:04:00,4,TXN00388062,DR,MIDLGB22,FPS,57097.84,6.104401378954116,
2026-04-16 12:04:00,5,TXN00388066,DR,NTSBGB2L,BACS,31010.96,3.315420460505878,
2026-04-16 12:05:00,1,TXN00388073,CR,TSBSGB2A,FPS,442773.2,23.95625470284252,93.39897558228398
2026-04-16 12:05:00,2,TXN00388074,DR,LOYDGB2L,FPS,313565.0,16.965441914498925,66.14368208929284
2026-04-16 12:05:00,3,TXN00388071,CR,RBOSGB2L,BACS,211394.27,11.437492094917808,44.59169674669729
2026-04-16 12:05:00,4,TXN00388076,CR,BARCGB22,CHAPS,198038.87,10.714897854664914,41.77449670276591
2026-04-16 12:05:00,5,TXN00388072,DR,CHASGB2L,FPS,178414.25,9.653107314572384,37.63486177411259
2026-04-16 16:03:00,1,TXN00389696,DR,CITIGB2L,SWIFT,337462.42,73.50207542880224,
2026-04-16 16:03:00,2,TXN00389694,CR,TSBSGB2A,INTERNAL,68485.56,14.916715161657885,
2026-04-16 16:03:00,3,TXN00389695,CR,BOFAGB22,FPS,53171.6,11.581209409539886,
2026-04-16 16:04:00,1,TXN00389697,DR,DEUTGB2L,SWIFT,787995.44,86.60614766965578,
2026-04-16 16:04:00,2,TXN00389698,DR,MIDLGB22,CHAPS,121865.42,13.393852330344224,
2026-04-16 16:05:00,1,TXN00389699,CR,SANTGB2L,FPS,145104.21,25.245971005208506,
2026-04-16 16:05:00,2,TXN00389700,DR,BNPAGB22,SWIFT,124661.22,21.68919527278994,
2026-04-16 16:05:00,3,TXN00389702,DR,RBOSGB2L,CHAPS,119716.03,20.828805878469492,
2026-04-16 16:05:00,4,TXN00389701,DR,BARCGB22,INTERNAL,88832.55,15.455540412085458,
2026-04-16 16:05:00,5,TXN00389704,CR,BOFAGB22,SWIFT,58068.92,10.10312706036422,
2026-04-16 16:06:00,1,TXN00389706,CR,CITIGB2L,CHAPS,164796.53,44.11590756484084,
2026-04-16 16:06:00,2,TXN00389707,DR,BNPAGB22,CHAPS,148345.81,39.71206215077127,
2026-04-16 16:06:00,3,TXN00389705,DR,MIDLGB22,CHAPS,60411.19,16.172030284387887,
2026-04-17 10:02:00,1,TXN00392773,CR,TSBSGB2A,SWIFT,12860021.8,87.53422527952992,102.29525383043311
2026-04-17 10:02:00,2,TXN00392777,DR,SANTGB2L,CHAPS,296319.36,2.0169550266956877,2.357077197650745
2026-04-17 10:02:00,3,TXN00392770,CR,LOYDGB2L,CHAPS,289804.51,1.972610440315411,2.305254716726397
2026-04-17 10:02:00,4,TXN00392775,DR,BNPAGB22,FPS,168314.76,1.1456669629992393,1.3388625124732239
2026-04-17 10:02:00,5,TXN00392768,DR,COBAGB2X,INTERNAL,165477.92,1.1263574629452053,1.3162968222753795
2026-04-17 11:59:00,1,TXN00393929,DR,BNPAGB22,CHAPS,20610254.15,90.89906432986868,96.04325301004724
2026-04-17 11:59:00,2,TXN00393926,DR,TSBSGB2A,CHAPS,380068.3,1.676245843452825,1.7711084799019106
2026-04-17 11:59:00,3,TXN00393920,CR,TSBSGB2A,CHAPS,346788.9,1.529471024498958,1.6160273338393538
2026-04-17 11:59:00,4,TXN00393921,DR,SANTGB2L,SWIFT,310141.59,1.3678424407385468,1.4452518140009616
2026-04-17 11:59:00,5,TXN00393919,DR,CHASGB2L,FPS,247968.45,1.0936352324567442,1.1555265844142564
2026-04-17 13:50:00,1,TXN00395062,CR,BARCGB22,FPS,10812799.96,83.89920560080955,95.06517071962573
2026-04-17 13:50:00,2,TXN00395069,CR,NWBKGB2L,FPS,466050.53,3.616202036612565,4.0974746006881695
2026-04-17 13:50:00,3,TXN00395065,CR,COBAGB2X,FPS,453119.2,3.5158646292457947,3.983783503226877
2026-04-17 13:50:00,4,TXN00395064,CR,BNPAGB22,FPS,401873.4,3.1182357147848667,3.5332350103586343
2026-04-17 13:50:00,5,TXN00395061,CR,BOFAGB22,CHAPS,233035.9,1.8081835379177489,2.048830802313449
2026-04-17 14:04:00,1,TXN00395194,DR,BOFAGB22,CHAPS,6323173.53,50.86832248887413,58.37959390033449
2026-04-17 14:04:00,2,TXN00395202,DR,CITIGB2L,SWIFT,2765247.42,22.245712039170808,25.530537893295442
2026-04-17 14:04:00,3,TXN00395195,DR,BOFAGB22,CHAPS,1525090.08,12.268961724038412,14.080609856650359
2026-04-17 14:04:00,4,TXN00395200,DR,MIDLGB22,FPS,669285.49,5.384231506682079,6.179272943278908
2026-04-17 14:04:00,5,TXN00395210,DR,RBOSGB2L,CHAPS,277667.89,2.23376753877024,2.563608064914636
2026-04-20 14:33:00,1,TXN00402216,DR,DEUTGB2L,SWIFT,12468980.54,91.41199109840973,101.96058672045618
2026-04-20 14:33:00,2,TXN00402214,CR,RBOSGB2L,SWIFT,367517.24,2.6943247335753813,3.0052395462542525
2026-04-20 14:33:00,3,TXN00402221,DR,NTSBGB2L,SWIFT,230281.46,1.688228376339161,1.8830435012005609
2026-04-20 14:33:00,4,TXN00402217,CR,NWBKGB2L,FPS,130628.42,0.9576567970358969,1.0681667440926308
2026-04-20 14:33:00,5,TXN00402220,CR,SANTGB2L,CHAPS,78023.08,0.5719990557007085,0.6380055682192195
2026-04-21 07:23:00,1,TXN00404230,DR,TSBSGB2A,BACS,96810.38,49.006328579841046,
2026-04-21 07:23:00,2,TXN00404231,DR,BNPAGB22,FPS,44539.27,22.54619907830397,
2026-04-21 07:23:00,3,TXN00404228,CR,RBOSGB2L,CHAPS,29495.33,14.930814583630836,
2026-04-21 07:23:00,4,TXN00404229,CR,BOFAGB22,SWIFT,26701.71,13.516657758224143,
2026-04-21 07:24:00,1,TXN00404236,DR,BNPAGB22,SWIFT,193185.4,33.39751430760312,
2026-04-21 07:24:00,2,TXN00404234,DR,DEUTGB2L,CHAPS,94242.62,16.292479917405785,
2026-04-21 07:24:00,3,TXN00404232,DR,BOFAGB22,CHAPS,66124.17,11.431417248163582,
2026-04-21 07:24:00,4,TXN00404240,CR,HSBCGB2L,SWIFT,57154.4,9.880740944928922,
2026-04-21 07:24:00,5,TXN00404239,DR,BOFAGB22,FPS,47671.86,8.24141796647186,
2026-04-21 07:25:00,1,TXN00404247,CR,NWBKGB2L,FPS,533435.34,22.82316689079152,39.56724589791023
2026-04-21 07:25:00,2,TXN00404241,DR,HSBCGB2L,FPS,521988.73,22.3334207664275,38.71820047739595
2026-04-21 07:25:00,3,TXN00404242,CR,BARCGB22,CHAPS,435744.99,18.643460383776375,32.32112287144761
2026-04-21 07:25:00,4,TXN00404248,CR,LOYDGB2L,SWIFT,343824.93,14.71063720413558,25.503007639392195
2026-04-21 07:25:00,5,TXN00404245,CR,MIDLGB22,FPS,186761.05,7.990619093308403,13.852888692192588
2026-04-21 07:26:00,1,TXN00404253,CR,NTSBGB2L,BACS,461312.0,40.44842590711017,314.8742167677241
2026-04-21 07:26:00,2,TXN00404250,CR,HSBCGB2L,CHAPS,427804.14,37.51041390543707,292.0030120883258
2026-04-21 07:26:00,3,TXN00404254,CR,CITIGB2L,BACS,134320.81,11.777420338226673,91.68233179357198
2026-04-21 07:26:00,4,TXN00404249,CR,MIDLGB22,CHAPS,54129.4,4.746134991711313,36.946692106658496
2026-04-21 07:26:00,5,TXN00404251,DR,BARCGB22,CHAPS,46136.82,4.045335359495696,31.49125767734953
2026-04-21 11:19:00,1,TXN00406368,CR,NTSBGB2L,CHAPS,256745.86,33.65722086712126,
2026-04-21 11:19:00,2,TXN00406369,DR,HSBCGB2L,CHAPS,228180.35,29.912522980845857,
2026-04-21 11:19:00,3,TXN00406371,DR,BARCGB22,SWIFT,91700.57,12.0211727586607,
2026-04-21 11:19:00,4,TXN00406367,DR,DEUTGB2L,CHAPS,82821.42,10.857190941535004,
2026-04-21 11:19:00,5,TXN00406370,DR,NWBKGB2L,CHAPS,81000.59,10.61849545693603,
2026-04-21 11:20:00,1,TXN00406376,CR,BNPAGB22,FPS,560029.26,53.431084848136756,
2026-04-21 11:20:00,2,TXN00406377,CR,MIDLGB22,FPS,262364.45,25.03157993759957,
2026-04-21 11:20:00,3,TXN00406374,CR,HSBCGB2L,SWIFT,95915.06,9.15103205335044,
2026-04-21 11:20:00,4,TXN00406375,DR,COBAGB2X,CHAPS,73662.7,7.027986312434538,
2026-04-21 11:20:00,5,TXN00406373,CR,MIDLGB22,CHAPS,56162.33,5.358316848478696,
2026-04-21 11:21:00,1,TXN00406381,CR,DEUTGB2L,FPS,877733.14,38.3438991388994,80.36306699559609
2026-04-21 11:21:00,2,TXN00406383,CR,SANTGB2L,BACS,825005.22,36.04047232937509,75.53542955729857
2026-04-21 11:21:00,3,TXN00406380,CR,BARCGB22,SWIFT,261526.31,11.424814668395156,23.944699606125194
2026-04-21 11:21:00,4,TXN00406379,CR,BOFAGB22,CHAPS,195306.9,8.5320101673854,17.881814841128346
2026-04-21 11:21:00,5,TXN00406382,DR,MIDLGB22,BACS,57154.41,2.496798665233608,5.232915872270434
2026-04-21 11:22:00,1,TXN00406385,CR,MIDLGB22,SWIFT,181061.66,37.15381182076695,
2026-04-21 11:22:00,2,TXN00406388,DR,HSBCGB2L,BACS,168105.52,34.495214813076245,
2026-04-21 11:22:00,3,TXN00406387,DR,NTSBGB2L,CHAPS,61737.46,12.668512876398717,
2026-04-21 11:22:00,4,TXN00406390,DR,TSBSGB2A,CHAPS,31274.36,6.417491622770502,
2026-04-21 11:22:00,5,TXN00406389,DR,SANTGB2L,FPS,30365.23,6.230938351688077,
2026-04-21 11:23:00,1,TXN00406396,CR,CITIGB2L,CHAPS,862660.19,42.28358554374397,101.27207623375322
2026-04-21 11:23:00,2,TXN00406395,CR,MIDLGB22,SWIFT,431805.81,21.165110106009013,50.691884725198186
2026-04-21 11:23:00,3,TXN00406393,DR,CITIGB2L,CHAPS,293558.78,14.38888444156339,34.46236130039523
2026-04-21 11:23:00,4,TXN00406392,DR,SANTGB2L,CHAPS,226659.23,11.109780017765905,26.60868217373495
2026-04-21 11:23:00,5,TXN00406391,DR,NTSBGB2L,BACS,177045.08,8.677925412645962,20.784224247755006
2026-04-21 11:24:00,1,TXN00406400,DR,CITIGB2L,FPS,457935.9,47.55706691422511,
2026-04-21 11:24:00,2,TXN00406401,CR,BOFAGB22,CHAPS,244073.27,25.34723491511308,
2026-04-21 11:24:00,3,TXN00406399,DR,BARCGB22,BACS,127128.62,13.20242481109932,
2026-04-21 11:24:00,4,TXN00406397,CR,LOYDGB2L,CHAPS,66148.37,6.869569427417508,
2026-04-21 11:24:00,5,TXN00406398,DR,COBAGB2X,CHAPS,34860.19,3.6202629854366104,
2026-04-21 11:25:00,1,TXN00406405,CR,MIDLGB22,CHAPS,484570.77,61.83851875996618,
2026-04-21 11:25:00,2,TXN00406404,DR,SANTGB2L,BACS,130600.04,16.666529480497417,
2026-04-21 11:25:00,3,TXN00406403,CR,TSBSGB2A,CHAPS,87571.88,11.175489070926641,
2026-04-21 11:25:00,4,TXN00406406,DR,DEUTGB2L,CHAPS,80864.0,10.319462688609768,
2026-04-21 14:00:00,1,TXN00407578,DR,NTSBGB2L,FPS,5275016.63,56.53265092976599,68.0838794803934
2026-04-21 14:00:00,2,TXN00407576,DR,HSBCGB2L,FPS,2810622.89,30.121604135223375,36.27630461282452
2026-04-21 14:00:00,3,TXN00407577,DR,SANTGB2L,CHAPS,262027.72,2.808165863295575,3.3819540222003566
2026-04-21 14:00:00,4,TXN00407582,CR,RBOSGB2L,INTERNAL,250696.44,2.686727896032249,3.2357028241489503
2026-04-21 14:00:00,5,TXN00407572,CR,BOFAGB22,FPS,175020.44,1.8757039331066627,2.2589635975356965
2026-04-21 16:11:00,1,TXN00408296,CR,MIDLGB22,CHAPS,138171.62,67.07438339087446,
2026-04-21 16:11:00,2,TXN00408293,CR,NTSBGB2L,FPS,30682.23,14.894459935455558,
2026-04-21 16:11:00,3,TXN00408294,DR,BOFAGB22,CHAPS,30437.04,14.775434276904196,
2026-04-21 16:11:00,4,TXN00408295,CR,HSBCGB2L,SWIFT,6706.71,3.2557223967657873,
2026-04-21 16:12:00,1,TXN00408298,CR,HSBCGB2L,BACS,1480086.56,91.35229848383186,197.7952320173115
2026-04-21 16:12:00,2,TXN00408297,DR,NTSBGB2L,SWIFT,86792.57,5.356916936546516,11.598751711203127
2026-04-21 16:12:00,3,TXN00408299,CR,CHASGB2L,CHAPS,53317.17,3.2907845796216173,7.125179226447702
2026-04-21 16:13:00,1,TXN00408300,CR,HSBCGB2L,BACS,471699.41,79.72362520898322,
2026-04-21 16:13:00,2,TXN00408302,DR,NTSBGB2L,CHAPS,82996.87,14.027601513003171,
2026-04-21 16:13:00,3,TXN00408301,DR,COBAGB2X,CHAPS,36972.01,6.248773278013598,
2026-04-21 16:38:00,1,TXN00408424,DR,COBAGB2X,BACS,728015.34,31.193728321136984,77.5080087556578
2026-04-21 16:38:00,2,TXN00408422,CR,COBAGB2X,BACS,627729.91,26.89673581822022,66.83114034447169
2026-04-21 16:38:00,3,TXN00408428,DR,RBOSGB2L,CHAPS,368735.02,15.799419880862692,39.25730075780773
2026-04-21 16:38:00,4,TXN00408427,DR,LOYDGB2L,FPS,283774.63,12.15906894578783,30.21200969017157
2026-04-21 16:38:00,5,TXN00408425,CR,BOFAGB22,FPS,228120.92,9.774439646900605,24.286848495127465
2026-04-21 16:39:00,1,TXN00408433,CR,CHASGB2L,BACS,350324.34,50.63106815199584,
2026-04-21 16:39:00,2,TXN00408430,CR,NTSBGB2L,SWIFT,145284.37,20.997407256629042,
2026-04-21 16:39:00,3,TXN00408429,DR,CHASGB2L,CHAPS,111890.48,16.17111308463331,
2026-04-21 16:39:00,4,TXN00408434,DR,BARCGB22,CHAPS,47961.89,6.931752790252964,
2026-04-21 16:39:00,5,TXN00408431,DR,BOFAGB22,CHAPS,24427.41,3.530402313715184,
2026-04-21 16:40:00,1,TXN00408438,DR,SANTGB2L,FPS,358227.16,47.52119291808559,
2026-04-21 16:40:00,2,TXN00408437,DR,RBOSGB2L,BACS,201033.78,26.668455408104666,
2026-04-21 16:40:00,3,TXN00408436,CR,LOYDGB2L,FPS,114904.64,15.242857533815062,
2026-04-21 16:40:00,4,TXN00408435,CR,COBAGB2X,CHAPS,57930.99,7.684927496077313,
2026-04-21 16:40:00,5,TXN00408439,CR,RBOSGB2L,FPS,21729.54,2.882566643917389,
2026-04-21 17:42:00,1,TXN00408966,CR,BNPAGB22,SWIFT,22033422.34,92.26152756367834,98.95667117512309
2026-04-21 17:42:00,2,TXN00408964,CR,CITIGB2L,CHAPS,996500.34,4.172690114472922,4.475489778646814
2026-04-21 17:42:00,3,TXN00408968,DR,BOFAGB22,FPS,195115.41,0.8170154186684282,0.8763037884276912
2026-04-21 17:42:00,4,TXN00408971,DR,BNPAGB22,SWIFT,155056.96,0.6492768925419767,0.6963929782382692
2026-04-21 17:42:00,5,TXN00408970,CR,BNPAGB22,FPS,154470.78,0.6468223550038342,0.6937603222389274
2026-04-21 17:51:00,1,TXN00409026,DR,CITIGB2L,CHAPS,12554436.05,89.52133595233022,98.19548084504159
2026-04-21 17:51:00,2,TXN00409023,CR,BOFAGB22,CHAPS,980005.99,6.988083344937343,7.6651917326920485
2026-04-21 17:51:00,3,TXN00409024,DR,CITIGB2L,BACS,257799.37,1.8382780332111437,2.016397470812621
2026-04-21 17:51:00,4,TXN00409022,DR,HSBCGB2L,BACS,162175.2,1.1564151909743763,1.2684657185490056
2026-04-21 17:51:00,5,TXN00409025,CR,SANTGB2L,CHAPS,38498.96,0.2745227518184955,0.30112255733175863
2026-04-22 11:25:00,1,TXN00411662,CR,HSBCGB2L,CHAPS,325318.98,31.898306092857368,
2026-04-22 11:25:00,2,TXN00411664,CR,BARCGB22,FPS,209130.23,20.505720538683793,
2026-04-22 11:25:00,3,TXN00411661,DR,MIDLGB22,BACS,188272.62,18.460581862343904,
2026-04-22 11:25:00,4,TXN00411660,CR,CHASGB2L,FPS,138867.98,13.616338439696312,
2026-04-22 11:25:00,5,TXN00411663,CR,CHASGB2L,SWIFT,138173.22,13.548215555685442,
2026-04-22 11:26:00,1,TXN00411675,DR,MIDLGB22,CHAPS,710586.17,32.92582804578386,71.636498852467
2026-04-22 11:26:00,2,TXN00411672,DR,BOFAGB22,SWIFT,388718.74,18.011730219029964,39.187998229605874
2026-04-22 11:26:00,3,TXN00411676,DR,NTSBGB2L,SWIFT,290945.45,13.481292293379711,29.33115542490152
2026-04-22 11:26:00,4,TXN00411667,CR,NWBKGB2L,FPS,281664.95,13.051269644361792,28.39555808897206
2026-04-22 11:26:00,5,TXN00411673,CR,LOYDGB2L,INTERNAL,227221.56,10.528572506350299,22.906943182127737
2026-04-22 11:27:00,1,TXN00411681,CR,COBAGB2X,FPS,311567.79,50.5854343179268,
2026-04-22 11:27:00,2,TXN00411679,CR,TSBSGB2A,SWIFT,153997.77,25.002725986027624,
2026-04-22 11:27:00,3,TXN00411680,CR,NWBKGB2L,CHAPS,133992.85,21.754772894678293,
2026-04-22 11:27:00,4,TXN00411678,DR,CITIGB2L,CHAPS,16365.51,2.6570668013672862,
2026-04-22 15:46:00,1,TXN00413636,DR,DEUTGB2L,BACS,1516149.03,54.48867137155971,78.53774829973894
2026-04-22 15:46:00,2,TXN00413634,CR,BARCGB22,CHAPS,523636.28,18.81889221612075,27.124783609993553
2026-04-22 15:46:00,3,TXN00413638,CR,NTSBGB2L,SWIFT,214864.87,7.721998998161084,11.130174372446836
2026-04-22 15:46:00,4,TXN00413635,CR,MIDLGB22,CHAPS,199469.74,7.168715539415317,10.332694163669629
2026-04-22 15:46:00,5,TXN00413637,DR,HSBCGB2L,CHAPS,193603.5,6.957889547232544,10.02881817821597
2026-04-22 15:47:00,1,TXN00413640,DR,CHASGB2L,CHAPS,607061.7,56.66158027441055,305.0070303166
2026-04-22 15:47:00,2,TXN00413641,DR,NTSBGB2L,CHAPS,385577.55,35.98881843696539,193.72637654829873
2026-04-22 15:47:00,3,TXN00413639,DR,TSBSGB2A,BACS,51415.51,4.798991679453272,25.832781111563207
2026-04-22 15:47:00,4,TXN00413642,CR,LOYDGB2L,CHAPS,27326.76,2.5506096091707833,13.729829959252005
2026-04-22 15:48:00,1,TXN00413644,DR,COBAGB2X,INTERNAL,157139.89,86.21184955654138,
2026-04-22 15:48:00,2,TXN00413643,DR,NTSBGB2L,FPS,25131.91,13.788150443458614,
2026-04-22 15:49:00,1,TXN00413649,DR,MIDLGB22,FPS,277124.7,24.338089107213285,104.06617830225439
2026-04-22 15:49:00,2,TXN00413650,DR,BARCGB22,SWIFT,235719.54,20.70173885197287,88.51766615882808
2026-04-22 15:49:00,3,TXN00413648,DR,DEUTGB2L,SWIFT,175944.84,15.452109443418015,66.07100374236443
2026-04-22 15:49:00,4,TXN00413646,DR,TSBSGB2A,BACS,175267.35,15.392609831910105,65.81659193736114
2026-04-22 15:49:00,5,TXN00413651,CR,HSBCGB2L,CHAPS,129891.15,11.40750854376534,48.77687039727916
2026-04-22 17:18:00,1,TXN00414280,DR,BARCGB22,FPS,15660812.25,94.03043968439013,108.8228087171396
2026-04-22 17:18:00,2,TXN00414285,CR,SANTGB2L,CHAPS,319077.73,1.915802243615884,2.217186070772869
2026-04-22 17:18:00,3,TXN00414288,DR,BOFAGB22,CHAPS,253868.91,1.524276317755924,1.764067367077894
2026-04-22 17:18:00,4,TXN00414284,CR,LOYDGB2L,FPS,141389.99,0.848931889000299,0.9824813420062731
2026-04-22 17:18:00,5,TXN00414282,DR,MIDLGB22,CHAPS,136581.65,0.8200617182112941,0.9490694693834485
2026-04-23 09:05:00,1,TXN00415792,CR,LOYDGB2L,CHAPS,12941917.43,85.39665945971757,102.49997095321793
2026-04-23 09:05:00,2,TXN00415786,CR,CITIGB2L,BACS,718470.5,4.740795245542918,5.690285522146462
2026-04-23 09:05:00,3,TXN00415793,CR,RBOSGB2L,BACS,353334.17,2.3314596120840774,2.798406214354851
2026-04-23 09:05:00,4,TXN00415797,CR,HSBCGB2L,FPS,267189.45,1.7630375557788762,2.116140132413615
2026-04-23 09:05:00,5,TXN00415789,DR,BOFAGB22,CHAPS,242895.8,1.6027370000610233,1.9237344527439648
2026-04-23 10:33:00,1,TXN00416829,DR,RBOSGB2L,BACS,10027562.05,87.6100461319802,106.73435243965791
2026-04-23 10:33:00,2,TXN00416831,DR,LOYDGB2L,FPS,318876.18,2.7859969054182634,3.39414928683805
2026-04-23 10:33:00,3,TXN00416823,CR,COBAGB2X,CHAPS,242657.93,2.1200838584280635,2.5828747699345165
2026-04-23 10:33:00,4,TXN00416827,CR,BNPAGB22,SWIFT,200783.63,1.7542312876384984,2.1371606200665565
2026-04-23 10:33:00,5,TXN00416821,CR,CITIGB2L,CHAPS,179013.49,1.5640272320375992,1.9054371179995018
2026-04-24 16:12:00,1,TXN00425749,DR,CITIGB2L,CHAPS,13444831.19,90.80834698868473,96.59082243297986
2026-04-24 16:12:00,2,TXN00425751,DR,RBOSGB2L,FPS,500597.06,3.3811054139382937,3.5964067565902824
2026-04-24 16:12:00,3,TXN00425748,CR,BNPAGB22,FPS,332929.49,2.2486542391973194,2.3918435863449874
2026-04-24 16:12:00,4,TXN00425752,CR,DEUTGB2L,CHAPS,229558.66,1.550472605936639,1.6492032850888325
2026-04-24 16:12:00,5,TXN00425747,CR,LOYDGB2L,SWIFT,183339.83,1.2383039001538012,1.3171563639708825
2026-04-28 06:32:00,1,TXN00433468,CR,LOYDGB2L,CHAPS,32393.14,100.0,
2026-04-28 17:42:00,1,TXN00441123,CR,CITIGB2L,BACS,27272839.28,96.29596838347844,103.11946294600754
2026-04-28 17:42:00,2,TXN00441127,CR,DEUTGB2L,FPS,220641.74,0.7790501678604718,0.8342533572937416
2026-04-28 17:42:00,3,TXN00441122,CR,LOYDGB2L,FPS,188125.08,0.6642391197275941,0.7113068433069542
2026-04-28 17:42:00,4,TXN00441129,CR,COBAGB2X,CHAPS,173910.54,0.6140498863891541,0.6575612205730772
2026-04-28 17:42:00,5,TXN00441126,DR,SANTGB2L,FPS,144319.72,0.5095695043538738,0.5456773996329649
2026-04-29 16:44:00,1,TXN00448067,DR,LOYDGB2L,SWIFT,61439099.93,96.94292570719661,99.13709888684801
2026-04-29 16:44:00,2,TXN00448063,DR,COBAGB2X,BACS,989606.96,1.5614713449889024,1.596813155863448
2026-04-29 16:44:00,3,TXN00448062,DR,HSBCGB2L,INTERNAL,741420.85,1.1698658746825257,1.196344220650449
2026-04-29 16:44:00,4,TXN00448065,DR,NTSBGB2L,CHAPS,65141.19,0.10278434335534346,0.10511072919353809
2026-04-29 16:44:00,5,TXN00448066,DR,CHASGB2L,CHAPS,51568.6,0.0813685578779627,0.08321022611791232
2026-04-30 10:36:00,1,TXN00452553,DR,BNPAGB22,BACS,11186184.73,85.80635246384362,102.51650590915096
2026-04-30 10:36:00,2,TXN00452548,DR,BARCGB22,SWIFT,451681.45,3.464732492405385,4.13946355756087
2026-04-30 10:36:00,3,TXN00452549,DR,NTSBGB2L,FPS,211669.76,1.6236644102423283,1.9398610630515276
2026-04-30 10:36:00,4,TXN00452556,DR,COBAGB2X,BACS,199324.69,1.5289685462655833,1.8267238789131532
2026-04-30 10:36:00,5,TXN00452541,CR,DEUTGB2L,BACS,177483.59,1.3614310730311274,1.6265597200639406
2026-04-30 10:37:00,1,TXN00452558,CR,RBOSGB2L,CHAPS,8760660.54,73.70831593364191,89.89115759195623
2026-04-30 10:37:00,2,TXN00452568,DR,LOYDGB2L,FPS,674936.42,5.678615973457321,6.925370046899542
2026-04-30 10:37:00,3,TXN00452571,DR,TSBSGB2A,BACS,617429.51,5.194778314037235,6.33530464191851
2026-04-30 10:37:00,4,TXN00452566,DR,TSBSGB2A,FPS,429706.13,3.615356974973329,4.409117471644397
2026-04-30 10:37:00,5,TXN00452570,DR,DEUTGB2L,FPS,313090.14,2.634201707674908,3.2125471574575633
2026-04-30 11:30:00,1,TXN00453258,DR,SANTGB2L,INTERNAL,14849877.63,85.01074957478504,91.63537372198805
2026-04-30 11:30:00,2,TXN00453259,DR,CHASGB2L,CHAPS,519603.95,2.974564664578931,3.2063632665551594
2026-04-30 11:30:00,3,TXN00453263,DR,BNPAGB22,SWIFT,430812.56,2.4662626564574626,2.6584508588793265
2026-04-30 11:30:00,4,TXN00453268,DR,COBAGB2X,CHAPS,363341.37,2.080011902106786,2.242100780773177
2026-04-30 11:30:00,5,TXN00453266,CR,LOYDGB2L,BACS,279321.28,1.5990240442801826,1.7236310304399503
2026-04-30 13:14:00,1,TXN00454673,DR,NWBKGB2L,CHAPS,20582253.27,92.0663854668868,100.10110802034158
2026-04-30 13:14:00,2,TXN00454675,DR,BNPAGB22,BACS,419061.45,1.8745019062731856,2.038091501611911
2026-04-30 13:14:00,3,TXN00454680,DR,DEUTGB2L,CHAPS,396483.08,1.7735066999483344,1.9282823458968024
2026-04-30 13:14:00,4,TXN00454677,CR,COBAGB2X,SWIFT,293417.03,1.3124824105582047,1.427024020632791
2026-04-30 13:14:00,5,TXN00454672,CR,RBOSGB2L,CHAPS,143919.4,0.6437652273901432,0.6999472417639115
2026-04-30 13:56:00,1,TXN00455225,DR,CITIGB2L,FPS,12492061.5,78.2765717492442,89.27644965978227
2026-04-30 13:56:00,2,TXN00455221,CR,BARCGB22,BACS,737186.16,4.61928604384391,5.268414913193327
2026-04-30 13:56:00,3,TXN00455227,DR,DEUTGB2L,SWIFT,670813.09,4.203385403579482,4.794069502500288
2026-04-30 13:56:00,4,TXN00455219,CR,SANTGB2L,CHAPS,559932.11,3.5085935162199364,4.001641428943548
2026-04-30 13:56:00,5,TXN00455231,DR,BARCGB22,CHAPS,302277.57,1.8941030586738774,2.1602734073464425
2026-05-01 10:15:00,1,TXN00460355,DR,MIDLGB22,INTERNAL,32647028.2,88.2607906166025,94.66779048035454
2026-05-01 10:15:00,2,TXN00460363,DR,TSBSGB2A,FPS,979737.51,2.648706850118183,2.8409809540466617
2026-05-01 10:15:00,3,TXN00460360,CR,TSBSGB2A,CHAPS,908922.34,2.457259014389934,2.635635596566599
2026-05-01 10:15:00,4,TXN00460364,DR,NWBKGB2L,SWIFT,401257.85,1.084795065117691,1.1635421711185807
2026-05-01 10:15:00,5,TXN00460357,CR,MIDLGB22,CHAPS,337986.88,0.9137428700735081,0.9800730083281741
2026-05-01 15:54:00,1,TXN00463478,CR,BOFAGB22,SWIFT,2153722.56,52.39246631909671,68.89938141631758
2026-05-01 15:54:00,2,TXN00463477,DR,COBAGB2X,SWIFT,1233081.09,29.99650961381956,39.44729275490277
2026-05-01 15:54:00,3,TXN00463476,DR,DEUTGB2L,BACS,346667.74,8.43320222817714,11.090190206761271
2026-05-01 15:54:00,4,TXN00463479,DR,BOFAGB22,FPS,249892.21,6.078995242465048,7.994260268024741
2026-05-01 15:54:00,5,TXN00463480,CR,COBAGB2X,BACS,127384.97,3.098826596441533,4.075151459961571
2026-05-01 15:55:00,1,TXN00463482,DR,RBOSGB2L,FPS,278894.16,35.875362906382534,
2026-05-01 15:55:00,2,TXN00463483,DR,BNPAGB22,CHAPS,181094.37,23.29495262307649,
2026-05-01 15:55:00,3,TXN00463484,CR,LOYDGB2L,FPS,176801.58,22.74275246538624,
2026-05-01 15:55:00,4,TXN00463481,CR,TSBSGB2A,INTERNAL,90481.23,11.638992234422789,
2026-05-01 15:55:00,5,TXN00463485,DR,RBOSGB2L,FPS,50126.12,6.44793977073195,
2026-05-04 12:32:00,1,TXN00468382,DR,BNPAGB22,FPS,10003974.2,77.35421536949224,92.25901323915348
2026-05-04 12:32:00,2,TXN00468383,DR,NWBKGB2L,FPS,1541041.44,11.915869539434885,14.211848188797223
2026-05-04 12:32:00,3,TXN00468374,DR,NWBKGB2L,BACS,325397.48,2.5160867316721034,3.0008924268624346
2026-05-04 12:32:00,4,TXN00468381,DR,RBOSGB2L,SWIFT,265302.03,2.051407766183913,2.446677991047228
2026-05-04 12:32:00,5,TXN00468375,DR,CHASGB2L,CHAPS,225767.93,1.7457163254923678,2.0820851819916006
2026-05-04 13:41:00,1,TXN00469132,DR,BARCGB22,FPS,8899248.22,68.11320500899126,80.6868175110663
2026-05-04 13:41:00,2,TXN00469128,CR,DEUTGB2L,SWIFT,919127.52,7.034832566920547,8.333453865121983
2026-05-04 13:41:00,3,TXN00469129,CR,BNPAGB22,BACS,714316.7,5.467248314200421,6.476495518854859
2026-05-04 13:41:00,4,TXN00469133,CR,LOYDGB2L,CHAPS,358224.09,2.741781134556255,3.247910504725509
2026-05-04 13:41:00,5,TXN00469114,CR,NTSBGB2L,CHAPS,345192.09,2.642036609430831,3.1297532649441675
2026-05-05 12:15:00,1,TXN00474512,DR,COBAGB2X,SWIFT,5663364.99,66.20694523776405,85.04602593774314
2026-05-05 12:15:00,2,TXN00474513,DR,TSBSGB2A,CHAPS,1628732.06,19.04051292717594,24.458460520375855
2026-05-05 12:15:00,3,TXN00474517,CR,HSBCGB2L,SWIFT,234100.68,2.736728239880461,3.5154598968065636
2026-05-05 12:15:00,4,TXN00474509,DR,BOFAGB22,FPS,227315.38,2.6574054368622857,3.413565916670318
2026-05-05 12:15:00,5,TXN00474514,CR,TSBSGB2A,CHAPS,219822.49,2.569810630809959,3.3010461482263183
2026-05-05 12:32:00,1,TXN00474689,DR,BARCGB22,FPS,9698443.06,56.7057626209462,64.87475313563667
2026-05-05 12:32:00,2,TXN00474685,DR,NTSBGB2L,CHAPS,1875519.37,10.965961807297198,12.545710211124838
2026-05-05 12:32:00,3,TXN00474675,DR,CITIGB2L,SWIFT,1116708.89,6.529277827511452,7.4698807958069136
2026-05-05 12:32:00,4,TXN00474690,CR,LOYDGB2L,CHAPS,871690.4,5.096680837899114,5.83090493606552
2026-05-05 12:32:00,5,TXN00474679,DR,NTSBGB2L,CHAPS,868720.25,5.079314687496762,5.811037030791061
2026-05-05 15:51:00,1,TXN00476217,DR,NWBKGB2L,SWIFT,486570.48,37.73518742380671,119.80871586905454
2026-05-05 15:51:00,2,TXN00476223,DR,CITIGB2L,CHAPS,482868.07,37.44805299824563,118.89706790446625
2026-05-05 15:51:00,3,TXN00476219,DR,NTSBGB2L,BACS,153028.65,11.867889702149867,37.680391230629105
2026-05-05 15:51:00,4,TXN00476220,DR,BOFAGB22,SWIFT,54296.96,4.2109130051271,13.369592526849182
2026-05-05 15:51:00,5,TXN00476221,CR,RBOSGB2L,CHAPS,51417.05,3.9875662381516457,12.660469525966661
2026-05-05 15:52:00,1,TXN00476228,DR,SANTGB2L,INTERNAL,826532.52,62.80298121354459,192.38845335683956
2026-05-05 15:52:00,2,TXN00476231,DR,HSBCGB2L,SWIFT,175362.8,13.32471060419326,40.81845184787743
2026-05-05 15:52:00,3,TXN00476229,DR,CITIGB2L,CHAPS,121445.26,9.22785758297089,28.26829577004333
2026-05-05 15:52:00,4,TXN00476225,CR,RBOSGB2L,SWIFT,58713.97,4.461303415965558,13.666600654430242
2026-05-05 15:52:00,5,TXN00476227,DR,NWBKGB2L,BACS,52030.71,3.953484737245894,12.110966697303388
2026-05-05 15:53:00,1,TXN00476233,DR,NWBKGB2L,SWIFT,237661.92,85.67153526217093,
2026-05-05 15:53:00,2,TXN00476232,DR,COBAGB2X,CHAPS,39748.68,14.32846473782905,
2026-05-05 15:54:00,1,TXN00476235,DR,COBAGB2X,CHAPS,296974.4,88.39754534872445,
2026-05-05 15:54:00,2,TXN00476234,DR,LOYDGB2L,FPS,20015.52,5.9578294859028285,
2026-05-05 15:54:00,3,TXN00476236,DR,DEUTGB2L,FPS,18963.3,5.644625165372726,
2026-05-05 15:55:00,1,TXN00476240,DR,DEUTGB2L,BACS,213038.68,36.14413216890279,
2026-05-05 15:55:00,2,TXN00476239,CR,BOFAGB22,FPS,117996.58,20.019294069032494,
2026-05-05 15:55:00,3,TXN00476237,CR,BNPAGB22,CHAPS,99619.83,16.901495550778044,
2026-05-05 15:55:00,4,TXN00476241,DR,LOYDGB2L,FPS,91658.56,15.550786866738504,
2026-05-05 15:55:00,5,TXN00476238,CR,BARCGB22,FPS,67100.64,11.38429134454816,
2026-05-05 15:56:00,1,TXN00476243,DR,COBAGB2X,CHAPS,447033.8,58.797271865551885,
2026-05-05 15:56:00,2,TXN00476244,DR,TSBSGB2A,SWIFT,144321.29,18.98222936188976,
2026-05-05 15:56:00,3,TXN00476245,CR,CHASGB2L,CHAPS,135098.22,17.76914132643245,
2026-05-05 15:56:00,4,TXN00476242,DR,CHASGB2L,CHAPS,33843.53,4.451357446125911,
2026-05-05 15:57:00,1,TXN00476250,CR,BOFAGB22,FPS,1967419.42,71.28499758916404,104.83827968464794
2026-05-05 15:57:00,2,TXN00476252,DR,TSBSGB2A,CHAPS,211685.49,7.669945457949686,11.280127856927296
2026-05-05 15:57:00,3,TXN00476249,DR,BOFAGB22,SWIFT,209474.9,7.589849723802349,11.162331696976773
2026-05-05 15:57:00,4,TXN00476248,CR,MIDLGB22,CHAPS,140406.7,5.0873195462320275,7.481880444281911
2026-05-05 15:57:00,5,TXN00476251,DR,CHASGB2L,CHAPS,119005.18,4.3118838226157346,6.3414532854219114
2026-05-05 15:58:00,1,TXN00476257,DR,MIDLGB22,CHAPS,3822448.07,86.35593381697953,107.98084362644705
2026-05-05 15:58:00,2,TXN00476255,CR,COBAGB2X,FPS,348610.34,7.8757306568077805,9.847939833516833
2026-05-05 15:58:00,3,TXN00476253,DR,CHASGB2L,SWIFT,175331.82,3.9610591868500045,4.95297188907536
2026-05-05 15:58:00,4,TXN00476256,CR,CITIGB2L,FPS,57001.98,1.287776608647764,1.6102565099799675
2026-05-05 15:58:00,5,TXN00476254,CR,CHASGB2L,CHAPS,22995.07,0.519499730714932,0.6495907890382939
2026-05-05 15:59:00,1,TXN00476262,CR,COBAGB2X,FPS,835873.43,53.1209165055766,121.65694815723874
2026-05-05 15:59:00,2,TXN00476263,CR,DEUTGB2L,FPS,307292.69,19.528876911740134,44.724822580409615
2026-05-05 15:59:00,3,TXN00476259,CR,COBAGB2X,SWIFT,205966.7,13.089469626554758,29.97736169699466
2026-05-05 15:59:00,4,TXN00476258,CR,SANTGB2L,CHAPS,116533.57,7.40587009933641,16.960843562245962
2026-05-05 15:59:00,5,TXN00476261,DR,BARCGB22,CHAPS,68367.44,4.34484569265471,9.950518589546663
2026-05-05 16:00:00,1,TXN00476266,DR,MIDLGB22,CHAPS,450073.68,49.647563863589106,
2026-05-05 16:00:00,2,TXN00476267,CR,NWBKGB2L,SWIFT,130792.12,14.427660223442103,
2026-05-05 16:00:00,3,TXN00476265,DR,NTSBGB2L,FPS,102541.27,11.311312963198679,
2026-05-05 16:00:00,4,TXN00476264,CR,RBOSGB2L,FPS,86508.0,9.542685221476107,
2026-05-05 16:00:00,5,TXN00476268,DR,CITIGB2L,CHAPS,68797.27,7.589017104856215,
2026-05-05 16:01:00,1,TXN00476273,DR,HSBCGB2L,CHAPS,376466.82,57.858676066059374,
2026-05-05 16:01:00,2,TXN00476270,CR,CITIGB2L,SWIFT,80338.09,12.347052324759787,
2026-05-05 16:01:00,3,TXN00476275,CR,RBOSGB2L,INTERNAL,70654.53,10.858799093821002,
2026-05-05 16:01:00,4,TXN00476276,DR,NTSBGB2L,CHAPS,53512.73,8.224299051057136,
2026-05-05 16:01:00,5,TXN00476271,CR,CHASGB2L,BACS,35702.67,5.4870950332977975,
2026-05-05 16:02:00,1,TXN00476278,DR,BARCGB22,CHAPS,603094.68,41.97957661312819,233.98940583862822
2026-05-05 16:02:00,2,TXN00476277,DR,NWBKGB2L,FPS,427351.82,29.746653491371813,165.8044777411341
2026-05-05 16:02:00,3,TXN00476279,DR,BNPAGB22,SWIFT,406191.81,28.273769895500003,157.5947913823696
2026-05-05 16:03:00,1,TXN00476280,DR,SANTGB2L,SWIFT,172481.55,100.0,
2026-05-05 16:04:00,1,TXN00476282,DR,LOYDGB2L,SWIFT,639472.58,60.20371740332595,
2026-05-05 16:04:00,2,TXN00476283,DR,BNPAGB22,SWIFT,170568.12,16.058288057474787,
2026-05-05 16:04:00,3,TXN00476284,CR,RBOSGB2L,CHAPS,165214.25,15.554243182721683,
2026-05-05 16:04:00,4,TXN00476281,DR,HSBCGB2L,FPS,68574.91,6.456046172610734,
2026-05-05 16:04:00,5,TXN00476285,DR,TSBSGB2A,SWIFT,18351.36,1.7277051838668358,
2026-05-05 16:05:00,1,TXN00476288,CR,MIDLGB22,CHAPS,282332.26,47.44759668914454,
2026-05-05 16:05:00,2,TXN00476286,DR,BARCGB22,FPS,251124.06,42.20287514370669,
2026-05-05 16:05:00,3,TXN00476287,DR,RBOSGB2L,FPS,61583.85,10.349528167148783,
2026-05-05 16:06:00,1,TXN00476289,CR,LOYDGB2L,BACS,134143.52,40.35511084338103,
2026-05-05 16:06:00,2,TXN00476292,CR,NTSBGB2L,SWIFT,91857.17,27.63388255436636,
2026-05-05 16:06:00,3,TXN00476291,CR,MIDLGB22,CHAPS,91051.79,27.391595791867193,
2026-05-05 16:06:00,4,TXN00476290,DR,BOFAGB22,CHAPS,15355.28,4.619410810385413,
2026-05-05 16:07:00,1,TXN00476294,DR,TSBSGB2A,FPS,2514054.55,87.91603652361363,149.58246587339715
2026-05-05 16:07:00,2,TXN00476295,DR,NTSBGB2L,FPS,262721.03,9.187307279788895,15.631506287005093
2026-05-05 16:07:00,3,TXN00476293,CR,MIDLGB22,CHAPS,47106.77,1.6473152946619503,2.8027819905224294
2026-05-05 16:07:00,4,TXN00476296,CR,NTSBGB2L,SWIFT,35726.26,1.2493409019355275,2.1256587559860685
2026-05-05 16:08:00,1,TXN00476301,DR,BARCGB22,FPS,1334884.56,56.71027008573209,114.81004356947369
2026-05-05 16:08:00,2,TXN00476298,CR,MIDLGB22,CHAPS,646659.29,27.47220552865467,55.6175293985758
2026-05-05 16:08:00,3,TXN00476300,CR,MIDLGB22,INTERNAL,175389.22,7.451108758292841,15.084783054061248
2026-05-05 16:08:00,4,TXN00476302,DR,HSBCGB2L,CHAPS,119599.22,5.080966752842577,10.286426310208478
2026-05-05 16:08:00,5,TXN00476297,DR,CHASGB2L,FPS,65275.42,2.77311372764668,5.614173718673991
2026-05-05 16:09:00,1,TXN00476304,DR,BNPAGB22,FPS,1504227.14,55.71121336196417,101.12692045984019
2026-05-05 16:09:00,2,TXN00476305,DR,BOFAGB22,FPS,710312.42,26.307441031992752,47.7532320012366
2026-05-05 16:09:00,3,TXN00476303,DR,RBOSGB2L,BACS,229388.52,8.495733417298391,15.421444009074628
2026-05-05 16:09:00,4,TXN00476307,CR,BARCGB22,CHAPS,109480.66,4.054773541892521,7.360219544842681
2026-05-05 16:09:00,5,TXN00476308,DR,LOYDGB2L,CHAPS,74134.31,2.745670684981787,4.983937778648998
2026-05-05 16:10:00,1,TXN00476313,DR,BOFAGB22,BACS,1830703.15,71.42198345595523,137.29285825822328
2026-05-05 16:10:00,2,TXN00476311,DR,NTSBGB2L,CHAPS,344337.71,13.43379030449667,25.82347029445554
2026-05-05 16:10:00,3,TXN00476309,CR,BNPAGB22,CHAPS,165905.1,6.472524673079084,12.441987319799146
2026-05-05 16:10:00,4,TXN00476310,DR,CITIGB2L,CHAPS,114552.51,4.469084719747244,8.590820154842527
2026-05-05 16:10:00,5,TXN00476312,DR,DEUTGB2L,SWIFT,107722.35,4.202616846721774,8.078595008586028
2026-05-05 16:11:00,1,TXN00476314,DR,TSBSGB2A,FPS,148341.69,63.61895433828807,
2026-05-05 16:11:00,2,TXN00476315,CR,TSBSGB2A,SWIFT,54670.43,23.44637970502139,
2026-05-05 16:11:00,3,TXN00476316,CR,NWBKGB2L,FPS,30160.04,12.93466595669054,
2026-05-05 16:12:00,1,TXN00476321,DR,TSBSGB2A,BACS,424328.15,30.4145922729554,256.61639258689706
2026-05-05 16:12:00,2,TXN00476323,DR,MIDLGB22,FPS,364093.65,26.097160685479217,220.18901886852498
2026-05-05 16:12:00,3,TXN00476317,DR,NTSBGB2L,CHAPS,170455.77,12.217767652517663,103.08471119114259
2026-05-05 16:12:00,4,TXN00476320,CR,LOYDGB2L,FPS,151014.69,10.824288286263249,91.3275373680218
2026-05-05 16:12:00,5,TXN00476322,DR,BARCGB22,CHAPS,119149.39,8.54027741600775,72.05670102426461
2026-05-05 16:13:00,1,TXN00476326,CR,BOFAGB22,CHAPS,377523.43,45.21003265602409,
2026-05-05 16:13:00,2,TXN00476327,CR,NWBKGB2L,CHAPS,264419.08,31.665306817316868,
2026-05-05 16:13:00,3,TXN00476325,DR,LOYDGB2L,CHAPS,164792.57,19.734609507998314,
2026-05-05 16:13:00,4,TXN00476324,DR,DEUTGB2L,CHAPS,28308.4,3.390051018660729,
2026-05-06 06:33:00,1,TXN00477347,DR,BOFAGB22,FPS,74585.86,56.202224703827454,
2026-05-06 06:33:00,2,TXN00477346,CR,DEUTGB2L,CHAPS,58123.94,43.79777529617255,
2026-05-06 06:34:00,1,TXN00477349,CR,NWBKGB2L,BACS,428297.12,69.49110395935813,248.3628069470778
2026-05-06 06:34:00,2,TXN00477348,DR,HSBCGB2L,SWIFT,171127.54,27.765401907090144,99.23418625917525
2026-05-06 06:34:00,3,TXN00477350,CR,HSBCGB2L,CHAPS,16909.08,2.743494133551735,9.80531125610346
2026-05-06 06:35:00,1,TXN00477351,DR,CHASGB2L,CHAPS,53806.17,100.0,
2026-05-06 06:36:00,1,TXN00477353,DR,CITIGB2L,FPS,498383.16,48.07693990278811,84.07967677128408
2026-05-06 06:36:00,2,TXN00477356,DR,CITIGB2L,CHAPS,149234.01,14.395981056466837,25.176507416668283
2026-05-06 06:36:00,3,TXN00477359,CR,NTSBGB2L,FPS,116846.33,11.271676966917076,19.712547386855515
2026-05-06 06:36:00,4,TXN00477354,DR,BOFAGB22,CHAPS,89056.62,8.590919820977575,15.024287385518951
2026-05-06 06:36:00,5,TXN00477357,CR,COBAGB2X,CHAPS,81192.01,7.832253773094122,13.697489211334636
2026-05-06 06:37:00,1,TXN00477360,DR,BNPAGB22,INTERNAL,495647.82,91.35695113980577,540.1743483596044
2026-05-06 06:37:00,2,TXN00477361,DR,BNPAGB22,CHAPS,46891.98,8.643048860194218,51.10452163350906
2026-05-06 06:38:00,1,TXN00477363,DR,BOFAGB22,CHAPS,198125.0,78.50737985220681,
2026-05-06 06:38:00,2,TXN00477362,DR,DEUTGB2L,BACS,54239.81,21.49262014779319,
2026-05-06 06:39:00,1,TXN00477366,DR,BNPAGB22,CHAPS,367762.77,37.70742683785384,70.11373633720757
2026-05-06 06:39:00,2,TXN00477368,CR,DEUTGB2L,FPS,323135.0,33.131655418110704,61.605480596427874
2026-05-06 06:39:00,3,TXN00477367,DR,HSBCGB2L,FPS,170250.06,17.456067349041955,32.458064796047104
2026-05-06 06:39:00,4,TXN00477365,CR,MIDLGB22,SWIFT,60149.24,6.1672177057305495,11.467414045862823
2026-05-06 06:39:00,5,TXN00477364,CR,NWBKGB2L,CHAPS,54008.86,5.5376326892629475,10.296754535303169
2026-05-06 06:40:00,1,TXN00477370,DR,BNPAGB22,CHAPS,171095.51,45.58803851451035,
2026-05-06 06:40:00,2,TXN00477371,CR,DEUTGB2L,BACS,95394.34,25.417621105231195,
2026-05-06 06:40:00,3,TXN00477369,CR,TSBSGB2A,CHAPS,55083.7,14.676935923810822,
2026-05-06 06:40:00,4,TXN00477373,DR,BNPAGB22,BACS,28243.87,7.525519713280748,
2026-05-06 06:40:00,5,TXN00477372,DR,COBAGB2X,CHAPS,25490.48,6.791884743166877,
2026-05-06 07:11:00,1,TXN00477487,CR,LOYDGB2L,CHAPS,1053847.66,78.99714326325844,275.7686908721069
2026-05-06 07:11:00,2,TXN00477485,DR,CITIGB2L,SWIFT,227348.96,17.042233944774157,59.492208836270514
2026-05-06 07:11:00,3,TXN00477486,DR,LOYDGB2L,CHAPS,52836.0,3.960622791967411,13.826015945149644
2026-05-06 07:12:00,1,TXN00477488,CR,MIDLGB22,CHAPS,79255.65,28.655043683804788,
2026-05-06 07:12:00,2,TXN00477491,DR,BNPAGB22,CHAPS,73205.04,26.467433161858832,
2026-05-06 07:12:00,3,TXN00477490,CR,NWBKGB2L,CHAPS,52117.08,18.843037740178133,
2026-05-06 07:12:00,4,TXN00477489,CR,DEUTGB2L,BACS,45024.52,16.2787080472161,
2026-05-06 07:12:00,5,TXN00477492,DR,LOYDGB2L,FPS,26983.05,9.755777366942153,
2026-05-06 07:13:00,1,TXN00477494,CR,SANTGB2L,FPS,155880.07,47.323198539186826,
2026-05-06 07:13:00,2,TXN00477493,CR,BARCGB22,CHAPS,120654.15,36.62905909027901,
2026-05-06 07:13:00,3,TXN00477495,CR,BNPAGB22,CHAPS,52860.4,16.047742370534163,
2026-05-06 07:14:00,1,TXN00477500,DR,TSBSGB2A,FPS,146561.47,34.11063259367657,
2026-05-06 07:14:00,2,TXN00477501,DR,SANTGB2L,SWIFT,93438.38,21.746795050079243,
2026-05-06 07:14:00,3,TXN00477497,DR,NWBKGB2L,CHAPS,78706.12,18.31801729468065,
2026-05-06 07:14:00,4,TXN00477496,DR,BNPAGB22,CHAPS,65455.89,15.234166352739969,
2026-05-06 07:14:00,5,TXN00477499,DR,HSBCGB2L,CHAPS,25863.52,6.019460833049818,
2026-05-06 07:15:00,1,TXN00477502,CR,MIDLGB22,CHAPS,159606.86,38.78695842148724,
2026-05-06 07:15:00,2,TXN00477504,CR,BARCGB22,FPS,115885.96,28.16209724415438,
2026-05-06 07:15:00,3,TXN00477503,CR,BNPAGB22,CHAPS,89304.8,21.702460435843637,
2026-05-06 07:15:00,4,TXN00477505,DR,DEUTGB2L,CHAPS,46698.58,11.348483898514736,
2026-05-06 07:16:00,1,TXN00477508,CR,NTSBGB2L,FPS,299284.89,35.211674319405915,
2026-05-06 07:16:00,2,TXN00477507,DR,CHASGB2L,CHAPS,222268.3,26.150464833450194,
2026-05-06 07:16:00,3,TXN00477506,CR,HSBCGB2L,FPS,187993.19,22.11790572035293,
2026-05-06 07:16:00,4,TXN00477510,DR,BOFAGB22,FPS,102527.85,12.062678015147714,
2026-05-06 07:16:00,5,TXN00477509,DR,BOFAGB22,FPS,37885.04,4.4572771116432435,
2026-05-06 07:17:00,1,TXN00477513,CR,MIDLGB22,FPS,1233490.0,68.54815721025733,225.3064338231989
2026-05-06 07:17:00,2,TXN00477512,DR,CHASGB2L,CHAPS,285340.55,15.85709562287598,52.11964567661689
2026-05-06 07:17:00,3,TXN00477514,DR,DEUTGB2L,BACS,200880.59,11.163442155031047,36.69238450023928
2026-05-06 07:17:00,4,TXN00477515,DR,BOFAGB22,FPS,60249.47,3.3482153413442206,11.005029003427516
2026-05-06 07:17:00,5,TXN00477511,CR,MIDLGB22,FPS,19489.66,1.0830896704914217,3.5599362710898723
2026-05-06 13:12:00,1,TXN00480634,CR,TSBSGB2A,CHAPS,247584.38,25.81682992288456,
2026-05-06 13:12:00,2,TXN00480633,CR,SANTGB2L,BACS,189502.93,19.76039406726021,
2026-05-06 13:12:00,3,TXN00480627,DR,BOFAGB22,CHAPS,121946.02,12.71590581809999,
2026-05-06 13:12:00,4,TXN00480631,DR,NTSBGB2L,FPS,115904.57,12.085934383158856,
2026-05-06 13:12:00,5,TXN00480630,DR,BARCGB22,CHAPS,104118.18,10.856910056039402,
2026-05-06 13:13:00,1,TXN00480636,DR,MIDLGB22,BACS,1796101.16,70.87984098869126,333.25674311437837
2026-05-06 13:13:00,2,TXN00480635,DR,HSBCGB2L,FPS,393640.03,15.534282452767668,73.03775381852445
2026-05-06 13:13:00,3,TXN00480639,DR,BOFAGB22,SWIFT,192075.78,7.57991868574866,35.63861006244985
2026-05-06 13:13:00,4,TXN00480638,CR,DEUTGB2L,CHAPS,95378.21,3.7639262805141787,17.696905016574473
2026-05-06 13:13:00,5,TXN00480637,CR,BNPAGB22,FPS,38272.95,1.5103718379471067,7.10133646725079
2026-05-06 13:14:00,1,TXN00480642,CR,CHASGB2L,CHAPS,188944.02,26.985199117439663,
2026-05-06 13:14:00,2,TXN00480646,CR,CHASGB2L,FPS,181639.2,25.941916444523866,
2026-05-06 13:14:00,3,TXN00480641,DR,COBAGB2X,CHAPS,89522.99,12.785774912265335,
2026-05-06 13:14:00,4,TXN00480643,DR,BARCGB22,CHAPS,89056.8,12.719193128006912,
2026-05-06 13:14:00,5,TXN00480647,DR,TSBSGB2A,CHAPS,79820.18,11.400008589262972,
2026-05-06 13:15:00,1,TXN00480652,DR,BNPAGB22,BACS,506804.83,19.618707017590687,64.40952876655915
2026-05-06 13:15:00,2,TXN00480648,DR,LOYDGB2L,FPS,372213.84,14.408612236099598,47.30443874181595
2026-05-06 13:15:00,3,TXN00480651,DR,TSBSGB2A,CHAPS,299961.51,11.611682906108252,38.1219324748849
2026-05-06 13:15:00,4,TXN00480655,CR,BNPAGB22,CHAPS,299939.71,11.610839015545917,38.1191619256636
2026-05-06 13:15:00,5,TXN00480654,CR,NWBKGB2L,FPS,234131.65,9.063371090790682,29.75565415553944
2026-05-06 13:16:00,1,TXN00480673,DR,BNPAGB22,CHAPS,282323.81,20.53824281306694,
2026-05-06 13:16:00,2,TXN00480669,DR,SANTGB2L,CHAPS,272200.63,19.80181066842996,
2026-05-06 13:16:00,3,TXN00480664,CR,TSBSGB2A,CHAPS,178735.3,13.002477512138856,
2026-05-06 13:16:00,4,TXN00480671,CR,NTSBGB2L,FPS,100898.45,7.3400711954195215,
2026-05-06 13:16:00,5,TXN00480663,CR,NWBKGB2L,BACS,97501.93,7.092984162698342,
2026-05-06 13:17:00,1,TXN00480680,CR,BNPAGB22,FPS,520136.84,29.68113516954046,
2026-05-06 13:17:00,2,TXN00480678,CR,SANTGB2L,CHAPS,378555.15,21.601904945390263,
2026-05-06 13:17:00,3,TXN00480682,CR,NWBKGB2L,FPS,180023.3,10.272865696201663,
2026-05-06 13:17:00,4,TXN00480685,CR,NWBKGB2L,CHAPS,169922.97,9.696499561499564,
2026-05-06 13:17:00,5,TXN00480684,DR,NWBKGB2L,BACS,136081.34,7.765357759685304,
2026-05-06 13:18:00,1,TXN00480688,CR,LOYDGB2L,FPS,475997.0,24.04181135744549,259.4754545960489
2026-05-06 13:18:00,2,TXN00480693,DR,COBAGB2X,FPS,459586.9,23.212964687074003,250.52998191982067
2026-05-06 13:18:00,3,TXN00480689,DR,SANTGB2L,INTERNAL,348189.36,17.586461489861648,189.80496194620414
2026-05-06 13:18:00,4,TXN00480694,CR,CITIGB2L,CHAPS,235239.77,11.881566846238242,128.2338885745498
2026-05-06 13:18:00,5,TXN00480692,DR,COBAGB2X,CHAPS,199917.65,10.097505716052437,108.97909674960934
2026-05-06 13:19:00,1,TXN00480703,DR,CITIGB2L,SWIFT,974814.87,28.92412297873557,62.57569503134597
2026-05-06 13:19:00,2,TXN00480705,DR,MIDLGB22,CHAPS,493520.98,14.643458935034607,31.68029057255866
2026-05-06 13:19:00,3,TXN00480697,DR,NTSBGB2L,CHAPS,486746.52,14.442451215328274,31.24542180310498
2026-05-06 13:19:00,4,TXN00480700,CR,RBOSGB2L,BACS,287263.19,8.523501323716864,18.44011034748741
2026-05-06 13:19:00,5,TXN00480698,DR,NWBKGB2L,FPS,231948.33,6.882231927414424,14.889317354289021
2026-05-06 13:41:00,1,TXN00480892,CR,RBOSGB2L,SWIFT,24503994.47,91.23111772099027,98.61546107663845
2026-05-06 13:41:00,2,TXN00480886,DR,MIDLGB22,FPS,524149.42,1.9514670352196162,2.1094208452273056
2026-05-06 13:41:00,3,TXN00480884,DR,CHASGB2L,CHAPS,348615.85,1.297935881012835,1.4029921867826078
2026-05-06 13:41:00,4,TXN00480889,CR,CHASGB2L,INTERNAL,184631.96,0.6874054798877518,0.743044807946509
2026-05-06 13:41:00,5,TXN00480885,CR,HSBCGB2L,SWIFT,177788.36,0.661925990084579,0.7155029812353441
2026-05-06 15:39:00,1,TXN00481710,CR,CHASGB2L,BACS,481788.73,56.670195717651424,
2026-05-06 15:39:00,2,TXN00481709,DR,MIDLGB22,CHAPS,323732.2,38.07886318574923,
2026-05-06 15:39:00,3,TXN00481708,CR,NTSBGB2L,FPS,44641.53,5.250941096599349,
2026-05-06 15:40:00,1,TXN00481714,DR,HSBCGB2L,FPS,557213.5,48.20975608582811,589.3915459716268
2026-05-06 15:40:00,2,TXN00481712,DR,CITIGB2L,SWIFT,265820.35,22.998606882549428,281.1709821050978
2026-05-06 15:40:00,3,TXN00481713,CR,DEUTGB2L,FPS,229031.93,19.815696283680236,242.25809909409125
2026-05-06 15:40:00,4,TXN00481711,DR,DEUTGB2L,BACS,86766.08,7.506945817578807,91.7766601654444
2026-05-06 15:40:00,5,TXN00481715,CR,RBOSGB2L,CHAPS,16978.8,1.4689949303634213,17.959294203645563
2026-05-06 15:41:00,1,TXN00481721,DR,MIDLGB22,CHAPS,175466.59,22.702921281126926,
2026-05-06 15:41:00,2,TXN00481722,DR,TSBSGB2A,FPS,153214.4,19.823799290423853,
2026-05-06 15:41:00,3,TXN00481717,CR,DEUTGB2L,CHAPS,144648.54,18.71549687635657,
2026-05-06 15:41:00,4,TXN00481720,CR,BARCGB22,FPS,81942.19,10.60217269380539,
2026-05-06 15:41:00,5,TXN00481718,CR,SANTGB2L,FPS,76942.91,9.955335821314096,
2026-05-06 16:17:00,1,TXN00481883,CR,BARCGB22,CHAPS,310272.83,44.95769303340482,
2026-05-06 16:17:00,2,TXN00481881,CR,SANTGB2L,CHAPS,270220.81,39.154263772364494,
2026-05-06 16:17:00,3,TXN00481882,CR,MIDLGB22,FPS,54811.33,7.942013320639944,
2026-05-06 16:17:00,4,TXN00481884,CR,TSBSGB2A,FPS,32358.25,4.688622818176415,
2026-05-06 16:17:00,5,TXN00481885,DR,NTSBGB2L,SWIFT,22480.8,3.2574070554143177,
2026-05-06 16:18:00,1,TXN00481888,DR,BNPAGB22,SWIFT,576471.49,46.07112618010253,295.5290557646738
2026-05-06 16:18:00,2,TXN00481887,DR,TSBSGB2A,CHAPS,314395.49,25.1262283417436,161.17536410408076
2026-05-06 16:18:00,3,TXN00481890,CR,BNPAGB22,CHAPS,226442.12,18.097067528890143,116.08592457703494
2026-05-06 16:18:00,4,TXN00481891,CR,RBOSGB2L,BACS,83346.2,6.660959585064756,42.72756626277157
2026-05-06 16:18:00,5,TXN00481886,CR,RBOSGB2L,FPS,34663.71,2.7702951229738733,17.770407840291426
2026-05-06 16:19:00,1,TXN00481893,CR,SANTGB2L,BACS,355701.02,43.003939775845055,
2026-05-06 16:19:00,2,TXN00481896,CR,BOFAGB22,SWIFT,183751.59,22.21540525825811,
2026-05-06 16:19:00,3,TXN00481894,CR,BOFAGB22,BACS,124597.37,15.063712203323687,
2026-05-06 16:19:00,4,TXN00481897,CR,MIDLGB22,CHAPS,85967.49,10.393393762662143,
2026-05-06 16:19:00,5,TXN00481892,CR,BARCGB22,FPS,38914.46,4.704723911810912,
2026-05-06 16:20:00,1,TXN00481900,DR,DEUTGB2L,CHAPS,146877.54,69.20552023157474,
2026-05-06 16:20:00,2,TXN00481898,CR,DEUTGB2L,SWIFT,44047.47,20.754215220616317,
2026-05-06 16:20:00,3,TXN00481899,DR,MIDLGB22,CHAPS,21308.84,10.040264547808938,
2026-05-06 16:21:00,1,TXN00481901,DR,NWBKGB2L,CHAPS,154162.35,58.879778117978745,
2026-05-06 16:21:00,2,TXN00481902,CR,BARCGB22,BACS,107663.28,41.12022188202125,
2026-05-06 16:22:00,1,TXN00481906,CR,LOYDGB2L,INTERNAL,311070.02,49.300439221922566,
2026-05-06 16:22:00,2,TXN00481907,DR,NTSBGB2L,CHAPS,231275.1,36.65401124510187,
2026-05-06 16:22:00,3,TXN00481903,DR,NWBKGB2L,SWIFT,42800.56,6.783316524505479,
2026-05-06 16:22:00,4,TXN00481905,CR,LOYDGB2L,FPS,33210.43,5.263409137752696,
2026-05-06 16:22:00,5,TXN00481904,DR,COBAGB2X,CHAPS,12611.94,1.998823870717384,
2026-05-06 16:23:00,1,TXN00481910,CR,CITIGB2L,CHAPS,399517.47,20.12562211584929,44.143371757647905
2026-05-06 16:23:00,2,TXN00481908,CR,SANTGB2L,CHAPS,339883.49,17.12157088689023,37.554310837412956
2026-05-06 16:23:00,3,TXN00481913,CR,BARCGB22,BACS,286558.21,14.435319308199928,31.66230902051953
2026-05-06 16:23:00,4,TXN00481914,DR,NWBKGB2L,FPS,216229.36,10.892515888509049,23.891553536816005
2026-05-06 16:23:00,5,TXN00481909,CR,SANTGB2L,SWIFT,206646.16,10.4097638780385,22.832689301848028
2026-05-06 16:24:00,1,TXN00481923,CR,CITIGB2L,CHAPS,66328.98,39.87740440458206,
2026-05-06 16:24:00,2,TXN00481922,CR,BARCGB22,CHAPS,36663.31,22.042215026984547,
2026-05-06 16:24:00,3,TXN00481920,CR,CITIGB2L,CHAPS,30367.57,18.25717611931397,
2026-05-06 16:24:00,4,TXN00481921,DR,BOFAGB22,CHAPS,25208.47,15.155492404839856,
2026-05-06 16:24:00,5,TXN00481919,CR,LOYDGB2L,CHAPS,7763.91,4.66771204427957,
2026-05-06 16:25:00,1,TXN00481926,CR,BNPAGB22,BACS,280782.49,28.73893881032862,
2026-05-06 16:25:00,2,TXN00481928,CR,SANTGB2L,FPS,218834.61,22.398385548800167,
2026-05-06 16:25:00,3,TXN00481925,DR,DEUTGB2L,SWIFT,213072.46,21.808612033129958,
2026-05-06 16:25:00,4,TXN00481927,CR,BOFAGB22,CHAPS,200504.37,20.522229931907397,
2026-05-06 16:25:00,5,TXN00481924,CR,RBOSGB2L,SWIFT,63816.71,6.531833675833869,
2026-05-06 16:26:00,1,TXN00481932,DR,MIDLGB22,FPS,274845.95,34.07641680571231,
2026-05-06 16:26:00,2,TXN00481933,CR,NTSBGB2L,CHAPS,185016.05,22.9389737616527,
2026-05-06 16:26:00,3,TXN00481931,DR,LOYDGB2L,FPS,164032.8,20.33739286537803,
2026-05-06 16:26:00,4,TXN00481930,DR,DEUTGB2L,FPS,91635.77,11.361341481773293,
2026-05-06 16:26:00,5,TXN00481929,CR,CHASGB2L,SWIFT,91027.09,11.285875085483658,
2026-05-07 06:39:00,1,TXN00482814,DR,NWBKGB2L,CHAPS,404113.87,48.91897023206697,141.9514234762914
2026-05-07 06:39:00,2,TXN00482815,CR,BOFAGB22,CHAPS,279970.21,33.89107720765818,98.34398863977681
2026-05-07 06:39:00,3,TXN00482817,CR,LOYDGB2L,INTERNAL,110115.04,13.329694335566517,38.67965896381821
2026-05-07 06:39:00,4,TXN00482816,DR,CHASGB2L,CHAPS,31889.14,3.860258224708338,11.201567559249435
2026-05-07 06:40:00,1,TXN00482821,CR,BARCGB22,CHAPS,552263.31,63.57909134687836,168.77407684228373
2026-05-07 06:40:00,2,TXN00482820,CR,BNPAGB22,BACS,192712.82,22.185985859706168,58.893878521774674
2026-05-07 06:40:00,3,TXN00482819,DR,BNPAGB22,FPS,113138.25,13.024995507262576,34.57554277741446
2026-05-07 06:40:00,4,TXN00482818,CR,BNPAGB22,FPS,10509.72,1.2099272861528938,3.211816281749526
2026-05-07 06:41:00,1,TXN00482822,DR,RBOSGB2L,CHAPS,246158.93,100.0,
2026-05-07 06:42:00,1,TXN00482823,DR,HSBCGB2L,BACS,289050.85,32.78455220488196,85.27635758655306
2026-05-07 06:42:00,2,TXN00482826,CR,HSBCGB2L,CHAPS,178182.8,20.209742710018126,52.56784461479103
2026-05-07 06:42:00,3,TXN00482824,CR,CITIGB2L,CHAPS,163252.57,18.516335114552156,48.163098417609866
2026-05-07 06:42:00,4,TXN00482827,DR,NTSBGB2L,FPS,156256.96,17.722883231431958,46.0992396194224
2026-05-07 06:42:00,5,TXN00482828,CR,SANTGB2L,CHAPS,57362.03,6.506081774583973,16.92306036176882
2026-05-07 06:43:00,1,TXN00482830,CR,HSBCGB2L,CHAPS,376704.94,72.75781069577553,
2026-05-07 06:43:00,2,TXN00482832,DR,BNPAGB22,FPS,58690.53,11.335647659345096,
2026-05-07 06:43:00,3,TXN00482831,CR,CITIGB2L,BACS,50212.75,9.698226306812709,
2026-05-07 06:43:00,4,TXN00482833,DR,MIDLGB22,FPS,32143.67,6.208315338066655,
2026-05-07 07:02:00,1,TXN00482903,CR,BNPAGB22,FPS,317132.75,48.82573907198891,
2026-05-07 07:02:00,2,TXN00482900,CR,NTSBGB2L,CHAPS,269088.75,41.42888772827044,
2026-05-07 07:02:00,3,TXN00482902,CR,RBOSGB2L,CHAPS,33702.79,5.188879516663092,
2026-05-07 07:02:00,4,TXN00482901,CR,NWBKGB2L,CHAPS,29595.32,4.5564936830775595,
2026-05-07 07:03:00,1,TXN00482907,DR,TSBSGB2A,BACS,212253.75,25.236688910269777,
2026-05-07 07:03:00,2,TXN00482905,DR,SANTGB2L,INTERNAL,199759.65,23.751157017835357,
2026-05-07 07:03:00,3,TXN00482908,DR,BOFAGB22,BACS,160626.99,19.098335728923583,
2026-05-07 07:03:00,4,TXN00482906,DR,NTSBGB2L,SWIFT,123873.04,14.728339899056692,
2026-05-07 07:03:00,5,TXN00482904,DR,HSBCGB2L,SWIFT,76425.37,9.086874967072498,
2026-05-07 12:24:00,1,TXN00485898,CR,CITIGB2L,CHAPS,8168030.62,75.12150969005717,90.89560361980051
2026-05-07 12:24:00,2,TXN00485901,DR,LOYDGB2L,BACS,1683292.41,15.481267513785923,18.732040413871356
2026-05-07 12:24:00,3,TXN00485897,DR,BNPAGB22,CHAPS,323218.22,2.9726431958127293,3.5968419530505473
2026-05-07 12:24:00,4,TXN00485896,CR,MIDLGB22,BACS,245764.79,2.260302747672592,2.73492350540962
2026-05-07 12:24:00,5,TXN00485895,DR,CHASGB2L,CHAPS,183916.47,1.6914827485387303,2.046662082208616
2026-05-07 13:04:00,1,TXN00486241,CR,RBOSGB2L,SWIFT,19100560.86,89.39512157176885,98.32546822399715
2026-05-07 13:04:00,2,TXN00486240,CR,MIDLGB22,FPS,1338688.23,6.265376076896313,6.89127130797268
2026-05-07 13:04:00,3,TXN00486238,DR,SANTGB2L,BACS,326447.73,1.5278522303128839,1.6804808056778182
2026-05-07 13:04:00,4,TXN00486234,DR,HSBCGB2L,FPS,281887.52,1.319299956931444,1.4510946874102082
2026-05-07 13:04:00,5,TXN00486239,CR,CITIGB2L,BACS,148462.59,0.6948398729852625,0.764252619726336
2026-05-07 14:55:00,1,TXN00487150,CR,HSBCGB2L,SWIFT,283183.65,25.777924035081014,
2026-05-07 14:55:00,2,TXN00487152,DR,LOYDGB2L,SWIFT,258084.93,23.493212691266603,
2026-05-07 14:55:00,3,TXN00487156,CR,DEUTGB2L,SWIFT,223432.16,20.33880574487286,
2026-05-07 14:55:00,4,TXN00487154,CR,CITIGB2L,SWIFT,118588.33,10.794976906989929,
2026-05-07 14:55:00,5,TXN00487151,CR,HSBCGB2L,CHAPS,91497.07,8.328886642616865,
2026-05-07 14:56:00,1,TXN00487160,DR,RBOSGB2L,CHAPS,473802.76,31.262796565702168,509.05795808993685
2026-05-07 14:56:00,2,TXN00487157,DR,MIDLGB22,CHAPS,431837.91,28.493841466199992,463.9705448115708
2026-05-07 14:56:00,3,TXN00487159,DR,CHASGB2L,CHAPS,419441.67,27.675903788294484,450.65191276647084
2026-05-07 14:56:00,4,TXN00487158,CR,TSBSGB2A,CHAPS,153127.39,10.103762253742332,164.5214487164267
2026-05-07 14:56:00,5,TXN00487162,CR,RBOSGB2L,BACS,23767.27,1.5682292077237292,25.535769220872023
2026-05-07 14:57:00,1,TXN00487169,DR,CHASGB2L,SWIFT,665595.74,41.911551502019876,406.3676559544914
2026-05-07 14:57:00,2,TXN00487170,DR,BNPAGB22,BACS,176455.35,11.111125034141509,107.73167953287887
2026-05-07 14:57:00,3,TXN00487167,CR,COBAGB2X,CHAPS,155780.61,9.809268098727722,95.10908427518
2026-05-07 14:57:00,4,TXN00487165,CR,HSBCGB2L,FPS,146514.15,9.225773205068387,89.45161172405453
2026-05-07 14:57:00,5,TXN00487171,DR,LOYDGB2L,CHAPS,133403.01,8.400184658843328,81.44683809270411
2026-05-07 14:58:00,1,TXN00487174,CR,NWBKGB2L,FPS,498583.66,31.08601763647507,277.639758685971
2026-05-07 14:58:00,2,TXN00487180,CR,COBAGB2X,CHAPS,355017.51,22.134862135508943,197.69395532475792
2026-05-07 14:58:00,3,TXN00487177,DR,CHASGB2L,FPS,197272.0,12.299642694232519,109.85227729985951
2026-05-07 14:58:00,4,TXN00487172,DR,LOYDGB2L,BACS,172986.83,10.78549515292562,96.32891245784326
2026-05-07 14:58:00,5,TXN00487178,DR,RBOSGB2L,INTERNAL,145998.97,9.102838541333655,81.30053600071915
2026-05-07 16:52:00,1,TXN00487847,CR,SANTGB2L,FPS,13890984.48,80.54663102087407,93.20335871505966
2026-05-07 16:52:00,2,TXN00487848,DR,RBOSGB2L,CHAPS,3104897.25,18.003692503835882,20.832710063264884
2026-05-07 16:52:00,3,TXN00487851,CR,DEUTGB2L,BACS,85609.65,0.49640606108978763,0.5744090298213844
2026-05-07 16:52:00,4,TXN00487849,DR,BNPAGB22,CHAPS,58044.62,0.336570715820629,0.3894578924286097
2026-05-07 16:52:00,5,TXN00487846,DR,SANTGB2L,CHAPS,55393.4,0.32119766293135227,0.3716691886079183
2026-05-08 06:39:00,1,TXN00488581,DR,TSBSGB2A,BACS,101274.34,58.27884012872011,
2026-05-08 06:39:00,2,TXN00488582,CR,BNPAGB22,INTERNAL,47245.04,27.1874013993573,
2026-05-08 06:39:00,3,TXN00488580,CR,NTSBGB2L,CHAPS,25256.11,14.533758471922594,
2026-05-08 06:40:00,1,TXN00488585,CR,HSBCGB2L,CHAPS,302102.6,31.97518163011671,78.24665209484166
2026-05-08 06:40:00,2,TXN00488583,CR,MIDLGB22,CHAPS,297958.23,31.536532695971804,77.17323174843519
2026-05-08 06:40:00,3,TXN00488586,DR,RBOSGB2L,BACS,200841.88,21.257531686036817,52.01942886434588
2026-05-08 06:40:00,4,TXN00488584,CR,SANTGB2L,CHAPS,143900.68,15.230753987874662,37.27126626573602
2026-05-08 06:41:00,1,TXN00488588,DR,TSBSGB2A,BACS,192119.33,60.764028404720456,
2026-05-08 06:41:00,2,TXN00488587,CR,BNPAGB22,CHAPS,124053.47,39.235971595279544,
2026-05-11 09:24:00,1,TXN00495940,CR,COBAGB2X,FPS,33428168.64,92.13655360837615,100.83628258593123
2026-05-11 09:24:00,2,TXN00495944,DR,DEUTGB2L,CHAPS,1344510.77,3.7058143977684592,4.05572525984325
2026-05-11 09:24:00,3,TXN00495946,CR,BARCGB22,SWIFT,475026.17,1.3092932086388624,1.4329194527430926
2026-05-11 09:24:00,4,TXN00495942,CR,LOYDGB2L,FPS,449403.02,1.2386692759007254,1.3556270583565808
2026-05-11 09:24:00,5,TXN00495943,DR,BOFAGB22,CHAPS,141655.46,0.39043855572128594,0.4273045929685748
2026-05-11 11:22:00,1,TXN00497402,DR,RBOSGB2L,FPS,8321019.56,84.08279091244185,100.71758129994251
2026-05-11 11:22:00,2,TXN00497400,DR,BARCGB22,CHAPS,670143.56,6.771711138340292,8.111414472739554
2026-05-11 11:22:00,3,TXN00497401,CR,MIDLGB22,CHAPS,669384.43,6.764040231114908,8.102225966818985
2026-05-11 11:22:00,4,TXN00497399,CR,BOFAGB22,SWIFT,121824.97,1.2310250452559326,1.4745688592442219
2026-05-11 11:22:00,5,TXN00497396,DR,NTSBGB2L,CHAPS,59395.63,0.6001849055144822,0.7189244238943123
2026-05-11 12:00:00,1,TXN00497657,CR,RBOSGB2L,FPS,586806.0,36.59651773849005,
2026-05-11 12:00:00,2,TXN00497658,CR,NWBKGB2L,SWIFT,496038.93,30.93577349367018,
2026-05-11 12:00:00,3,TXN00497659,CR,DEUTGB2L,SWIFT,370068.79,23.07956809865023,
2026-05-11 12:00:00,4,TXN00497656,CR,BOFAGB22,FPS,84258.44,5.254829524710892,
2026-05-11 12:00:00,5,TXN00497660,CR,CITIGB2L,CHAPS,66275.48,4.1333111444786566,
2026-05-11 12:01:00,1,TXN00497663,DR,HSBCGB2L,FPS,507989.75,23.782249246081633,102.60023230375862
2026-05-11 12:01:00,2,TXN00497668,CR,TSBSGB2A,SWIFT,467735.17,21.897674892255928,94.46989254928475
2026-05-11 12:01:00,3,TXN00497667,DR,MIDLGB22,BACS,437558.08,20.484892299887797,88.37493405011931
2026-05-11 12:01:00,4,TXN00497664,DR,BOFAGB22,INTERNAL,273931.58,12.824489297142218,55.32679299796037
2026-05-11 12:01:00,5,TXN00497665,CR,RBOSGB2L,FPS,235814.68,11.039993416491143,47.62820696409032
2026-05-11 12:02:00,1,TXN00497680,DR,HSBCGB2L,SWIFT,1392977.26,36.54713450032853,64.43660002780994
2026-05-11 12:02:00,2,TXN00497673,DR,RBOSGB2L,FPS,783682.03,20.561234830136783,36.25170845652725
2026-05-11 12:02:00,3,TXN00497674,CR,CHASGB2L,CHAPS,622219.14,16.324980494124326,28.78272819315649
2026-05-11 12:02:00,4,TXN00497676,CR,BARCGB22,SWIFT,372003.49,9.760146108646182,17.208206323539983
2026-05-11 12:02:00,5,TXN00497677,DR,CITIGB2L,BACS,344339.95,9.034345949399349,15.928541167819262
2026-05-11 12:03:00,1,TXN00497689,CR,COBAGB2X,CHAPS,1038667.99,38.462825342781656,98.84809463455208
2026-05-11 12:03:00,2,TXN00497693,DR,DEUTGB2L,CHAPS,515719.85,19.09757757756216,49.08009588099178
2026-05-11 12:03:00,3,TXN00497682,DR,SANTGB2L,CHAPS,246982.88,9.14600186735051,23.504899862519324
2026-05-11 12:03:00,4,TXN00497692,CR,MIDLGB22,FPS,239232.09,8.85898302696189,22.76727163984488
2026-05-11 12:03:00,5,TXN00497683,DR,DEUTGB2L,CHAPS,236296.67,8.750281740453861,22.487913195427854
2026-05-11 12:04:00,1,TXN00497694,DR,SANTGB2L,BACS,267635.59,33.33988664824788,
2026-05-11 12:04:00,2,TXN00497699,CR,BNPAGB22,INTERNAL,184690.76,23.007287645782654,
2026-05-11 12:04:00,3,TXN00497698,DR,COBAGB2X,SWIFT,151938.87,18.92732092642413,
2026-05-11 12:04:00,4,TXN00497697,DR,CHASGB2L,CHAPS,74444.96,9.273753643651606,
2026-05-11 12:04:00,5,TXN00497695,DR,CHASGB2L,CHAPS,67199.59,8.371183792890665,
2026-05-11 12:05:00,1,TXN00497703,CR,MIDLGB22,BACS,228138.26,37.212457398188675,
2026-05-11 12:05:00,2,TXN00497707,DR,CHASGB2L,BACS,135715.15,22.136989375056096,
2026-05-11 12:05:00,3,TXN00497704,DR,NTSBGB2L,SWIFT,84254.01,13.742976551813635,
2026-05-11 12:05:00,4,TXN00497702,DR,LOYDGB2L,CHAPS,71769.69,11.706613926161301,
2026-05-11 12:05:00,5,TXN00497706,DR,MIDLGB22,SWIFT,43730.28,7.133004264654522,
2026-05-11 13:32:00,1,TXN00498625,CR,MIDLGB22,CHAPS,12228991.17,74.53927190349911,84.58389696712352
2026-05-11 13:32:00,2,TXN00498624,DR,NWBKGB2L,CHAPS,1726744.76,10.525013501467948,11.94332376546809
2026-05-11 13:32:00,3,TXN00498626,DR,RBOSGB2L,CHAPS,702302.03,4.2807359368262095,4.857591416947739
2026-05-11 13:32:00,4,TXN00498622,DR,CITIGB2L,FPS,393612.84,2.3991851901442245,2.7224901417192595
2026-05-11 13:32:00,5,TXN00498632,DR,NTSBGB2L,CHAPS,251204.13,1.5311625210170088,1.7374960824046373
2026-05-12 06:39:00,1,TXN00500964,CR,BOFAGB22,CHAPS,414346.82,50.78411284266226,151.67068821417487
2026-05-12 06:39:00,2,TXN00500963,CR,COBAGB2X,SWIFT,197331.09,24.185739719024614,72.23258579938728
2026-05-12 06:39:00,3,TXN00500965,DR,SANTGB2L,SWIFT,150485.39,18.444130998596876,55.08482644437457
2026-05-12 06:39:00,4,TXN00500962,DR,COBAGB2X,CHAPS,53735.21,6.586016439716259,19.66964844096839
2026-05-12 06:40:00,1,TXN00500969,DR,BOFAGB22,CHAPS,2508505.17,80.869330714967,98.18026916039415
2026-05-12 06:40:00,2,TXN00500967,CR,CHASGB2L,CHAPS,212842.75,6.861636541906368,8.33044266113212
2026-05-12 06:40:00,3,TXN00500968,DR,BOFAGB22,FPS,207305.27,6.683118950313157,8.113711484584336
2026-05-12 06:40:00,4,TXN00500966,DR,SANTGB2L,INTERNAL,88972.57,2.8683027142776636,3.4822933494261084
2026-05-12 06:40:00,5,TXN00500970,CR,SANTGB2L,FPS,84298.23,2.717611078535809,3.299344569875777
2026-05-12 06:41:00,1,TXN00500972,CR,NTSBGB2L,CHAPS,196852.81,51.36489596989238,
2026-05-12 06:41:00,2,TXN00500971,DR,RBOSGB2L,CHAPS,154768.86,40.38391117342362,
2026-05-12 06:41:00,3,TXN00500973,CR,NTSBGB2L,CHAPS,31622.19,8.251192856683993,
2026-05-12 07:28:00,1,TXN00501187,CR,BOFAGB22,CHAPS,17719548.89,99.40259360344258,106.02113517223546
2026-05-12 07:28:00,2,TXN00501188,DR,COBAGB2X,SWIFT,106493.92,0.5974063965573971,0.6371836189189368
2026-05-12 11:15:00,1,TXN00503611,DR,COBAGB2X,CHAPS,12323734.67,90.32619957065606,102.46524321600582
2026-05-12 11:15:00,2,TXN00503609,CR,DEUTGB2L,SWIFT,415628.75,3.046330225787173,3.4557301091516015
2026-05-12 11:15:00,3,TXN00503604,CR,HSBCGB2L,FPS,273871.21,2.0073253955504917,2.2770922041047
2026-05-12 11:15:00,4,TXN00503608,CR,BOFAGB22,CHAPS,244234.34,1.7901034327321705,2.030677527545362
2026-05-12 11:15:00,5,TXN00503605,CR,BOFAGB22,CHAPS,239108.35,1.7525327442894612,1.9880576703237187
2026-05-12 14:15:00,1,TXN00505208,DR,SANTGB2L,CHAPS,813011.12,58.704025349278936,
2026-05-12 14:15:00,2,TXN00505209,CR,SANTGB2L,BACS,239887.8,17.321263074707705,
2026-05-12 14:15:00,3,TXN00505204,CR,NWBKGB2L,CHAPS,153688.96,11.097216731481257,
2026-05-12 14:15:00,4,TXN00505207,CR,NTSBGB2L,FPS,108855.67,7.859998287714371,
2026-05-12 14:15:00,5,TXN00505206,DR,NTSBGB2L,BACS,45569.35,3.2903661607361094,
2026-05-12 14:16:00,1,TXN00505217,DR,COBAGB2X,BACS,692787.75,37.6662585865691,416.6930011245745
2026-05-12 14:16:00,2,TXN00505213,DR,DEUTGB2L,FPS,273668.22,14.87909961087805,164.60399581866204
2026-05-12 14:16:00,3,TXN00505220,DR,NTSBGB2L,FPS,272849.6,14.834591963905167,164.11161813937917
2026-05-12 14:16:00,4,TXN00505210,DR,SANTGB2L,SWIFT,166174.77,9.034775596686927,99.94960739777211
2026-05-12 14:16:00,5,TXN00505211,DR,TSBSGB2A,CHAPS,93370.21,5.076455919063609,56.15964344134514
2026-05-12 14:17:00,1,TXN00505221,CR,CHASGB2L,CHAPS,583582.76,45.032210517882866,
2026-05-12 14:17:00,2,TXN00505228,CR,CITIGB2L,CHAPS,224512.05,17.32449035917621,
2026-05-12 14:17:00,3,TXN00505227,DR,BNPAGB22,CHAPS,200528.86,15.473825577765629,
2026-05-12 14:17:00,4,TXN00505226,DR,HSBCGB2L,FPS,123573.51,9.535559818034555,
2026-05-12 14:17:00,5,TXN00505224,DR,RBOSGB2L,CHAPS,76461.27,5.900140036872717,
2026-05-13 15:46:00,1,TXN00511324,DR,MIDLGB22,SWIFT,133082.62,43.37483324908195,
2026-05-13 15:46:00,2,TXN00511325,CR,LOYDGB2L,FPS,110934.49,36.156223895516554,
2026-05-13 15:46:00,3,TXN00511323,CR,COBAGB2X,CHAPS,62802.79,20.46894285540149,
2026-05-13 15:47:00,1,TXN00511326,DR,CHASGB2L,BACS,361010.69,94.49631292064011,
2026-05-13 15:47:00,2,TXN00511327,DR,BOFAGB22,CHAPS,21026.11,5.503687079359894,
2026-05-13 15:48:00,1,TXN00511336,CR,BOFAGB22,FPS,455904.99,29.231113626109195,63.68745005601225
2026-05-13 15:48:00,2,TXN00511331,CR,BNPAGB22,CHAPS,427573.6,27.414599004771944,59.7297088046116
2026-05-13 15:48:00,3,TXN00511329,CR,NWBKGB2L,SWIFT,164220.66,10.529283244332653,22.940733949666505
2026-05-13 15:48:00,4,TXN00511328,DR,NTSBGB2L,CHAPS,144213.65,9.246500218358968,20.145863355806288
2026-05-13 15:48:00,5,TXN00511334,CR,NTSBGB2L,CHAPS,111630.83,7.157398026959256,15.594220432498872
2026-05-13 15:49:00,1,TXN00511338,CR,HSBCGB2L,CHAPS,61977.44,56.628214295569094,
2026-05-13 15:49:00,2,TXN00511339,DR,DEUTGB2L,CHAPS,41507.31,37.92484564565135,
2026-05-13 15:49:00,3,TXN00511337,CR,CHASGB2L,FPS,5961.47,5.446940058779554,
2026-05-13 15:50:00,1,TXN00511344,DR,BARCGB22,CHAPS,832558.75,35.581964185752206,55.32091734262555
2026-05-13 15:50:00,2,TXN00511341,DR,COBAGB2X,CHAPS,498875.99,21.32100300346573,33.14874464656157
2026-05-13 15:50:00,3,TXN00511348,CR,RBOSGB2L,FPS,248551.04,10.622594746150304,16.515436945757422
2026-05-13 15:50:00,4,TXN00511345,CR,SANTGB2L,CHAPS,231271.77,9.884111886777385,15.367283656381856
2026-05-13 15:50:00,5,TXN00511347,CR,NWBKGB2L,CHAPS,182468.48,7.798352873462254,12.124458123483205
2026-05-13 15:51:00,1,TXN00511350,DR,CHASGB2L,BACS,653380.51,79.5364183704369,
2026-05-13 15:51:00,2,TXN00511351,DR,CHASGB2L,FPS,130677.16,15.90741246508948,
2026-05-13 15:51:00,3,TXN00511349,CR,RBOSGB2L,BACS,37428.29,4.556169164473608,
2026-05-13 15:52:00,1,TXN00511352,DR,DEUTGB2L,CHAPS,549499.87,49.73517303857352,210.50207601531656
2026-05-13 15:52:00,2,TXN00511353,DR,LOYDGB2L,CHAPS,358084.83,32.41021873679093,137.17491890324143
2026-05-13 15:52:00,3,TXN00511354,DR,CHASGB2L,BACS,197266.93,17.85460822463556,75.568895574385
2026-05-13 16:22:00,1,TXN00511481,CR,HSBCGB2L,BACS,7705773.71,63.88501768847437,70.10548682225783
2026-05-13 16:22:00,2,TXN00511480,DR,CHASGB2L,SWIFT,3339981.72,27.690248804539713,30.38644181234879
2026-05-13 16:22:00,3,TXN00511478,CR,TSBSGB2A,BACS,525404.95,4.35589024380551,4.7800222514675985
2026-05-13 16:22:00,4,TXN00511477,DR,LOYDGB2L,CHAPS,285400.89,2.366127217348085,2.596516467514546
2026-05-13 16:22:00,5,TXN00511479,DR,HSBCGB2L,CHAPS,205380.62,1.7027160458323183,1.868509106395384
2026-05-14 12:04:00,1,TXN00515173,CR,NTSBGB2L,CHAPS,292921.06,36.65829122271378,
2026-05-14 12:04:00,2,TXN00515177,DR,BNPAGB22,CHAPS,171073.91,21.409444624392414,
2026-05-14 12:04:00,3,TXN00515179,CR,BARCGB22,INTERNAL,154628.93,19.351399135987776,
2026-05-14 12:04:00,4,TXN00515172,CR,NTSBGB2L,CHAPS,77893.77,9.748198047265998,
2026-05-14 12:04:00,5,TXN00515174,DR,CITIGB2L,FPS,42397.0,5.3058717354409275,
2026-05-14 12:05:00,1,TXN00515185,DR,SANTGB2L,CHAPS,459709.08,21.481452547971674,66.69125503907988
2026-05-14 12:05:00,2,TXN00515183,DR,BNPAGB22,SWIFT,281265.7,13.143085596486449,40.80398527791822
2026-05-14 12:05:00,3,TXN00515181,DR,LOYDGB2L,CHAPS,217124.73,10.145883097384463,31.498879125296718
2026-05-14 12:05:00,4,TXN00515189,CR,NTSBGB2L,CHAPS,177021.52,8.27192576194018,25.680996637537767
2026-05-14 12:05:00,5,TXN00515192,CR,HSBCGB2L,FPS,162075.05,7.5735016932559525,23.512671307300746
2026-05-14 12:06:00,1,TXN00515196,DR,COBAGB2X,SWIFT,1201160.61,67.54343548863208,366.61622977774454
2026-05-14 12:06:00,2,TXN00515195,DR,BNPAGB22,BACS,275747.89,15.505803024411044,84.16330918557861
2026-05-14 12:06:00,3,TXN00515197,DR,BOFAGB22,CHAPS,162416.89,9.132995738162986,49.57261116315382
2026-05-14 12:06:00,4,TXN00515198,CR,HSBCGB2L,CHAPS,127118.06,7.148078627928085,38.798761386173915
2026-05-14 12:06:00,5,TXN00515194,DR,TSBSGB2A,FPS,11909.4,0.6696871208658056,3.634967123101939
2026-05-14 12:07:00,1,TXN00515200,DR,HSBCGB2L,CHAPS,2121596.35,73.60789641724675,149.12928318885398
2026-05-14 12:07:00,2,TXN00515202,DR,DEUTGB2L,BACS,438937.06,15.228737382665095,30.85335677676057
2026-05-14 12:07:00,3,TXN00515203,CR,RBOSGB2L,FPS,142856.38,4.956342247469855,10.041528186242655
2026-05-14 12:07:00,4,TXN00515199,DR,BARCGB22,SWIFT,108916.71,3.778819617495714,7.6558723762832095
2026-05-14 12:07:00,5,TXN00515201,CR,TSBSGB2A,CHAPS,69988.0,2.4282043351225906,4.919531593189964
2026-05-14 12:08:00,1,TXN00515210,DR,HSBCGB2L,BACS,458628.12,43.90074292617747,
2026-05-14 12:08:00,2,TXN00515208,DR,DEUTGB2L,SWIFT,150776.89,14.43264640445191,
2026-05-14 12:08:00,3,TXN00515206,CR,MIDLGB22,CHAPS,140177.22,13.41802613264582,
2026-05-14 12:08:00,4,TXN00515205,DR,CITIGB2L,SWIFT,78656.99,7.529194453530046,
2026-05-14 12:08:00,5,TXN00515204,CR,MIDLGB22,FPS,59564.82,5.701656170284618,
2026-05-14 16:13:00,1,TXN00516958,DR,TSBSGB2A,CHAPS,462271.24,45.74465557509602,187.3965233605386
2026-05-14 16:13:00,2,TXN00516960,DR,NWBKGB2L,FPS,392767.79,38.866850714185986,159.22106323119328
2026-05-14 16:13:00,3,TXN00516961,DR,DEUTGB2L,BACS,78704.97,7.78835331546532,31.905592372987535
2026-05-14 16:13:00,4,TXN00516959,DR,CITIGB2L,CHAPS,43103.57,4.265370183330119,17.473419203902044
2026-05-14 16:13:00,5,TXN00516962,CR,HSBCGB2L,CHAPS,30597.2,3.027785971635025,12.403559660270174
2026-05-15 06:32:00,1,TXN00517869,CR,NTSBGB2L,INTERNAL,363639.7,63.013234938985725,256.6401601027133
2026-05-15 06:32:00,2,TXN00517868,CR,RBOSGB2L,CHAPS,126052.11,21.84291545170913,88.96177642783455
2026-05-15 06:32:00,3,TXN00517866,CR,HSBCGB2L,CHAPS,39942.07,6.921353858941732,28.189274272401452
2026-05-15 06:32:00,4,TXN00517867,DR,HSBCGB2L,CHAPS,32629.3,5.654161926749601,23.028257849842753
2026-05-15 06:32:00,5,TXN00517870,DR,MIDLGB22,BACS,14821.46,2.568333823613812,10.460304161938208
2026-05-15 06:33:00,1,TXN00517872,CR,LOYDGB2L,SWIFT,293163.51,75.53905966282608,
2026-05-15 06:33:00,2,TXN00517871,CR,LOYDGB2L,SWIFT,94931.75,24.46094033717392,
2026-05-15 06:34:00,1,TXN00517874,CR,BOFAGB22,SWIFT,171485.28,38.24372420139023,1318.215260410665
2026-05-15 06:34:00,2,TXN00517873,CR,SANTGB2L,FPS,147481.83,32.89060397041845,1133.6996326407223
2026-05-15 06:34:00,3,TXN00517875,DR,CHASGB2L,CHAPS,83260.17,18.568235002099684,640.024768763746
2026-05-15 06:34:00,4,TXN00517876,CR,DEUTGB2L,CHAPS,46173.82,10.29743682609164,354.9402849938792
2026-05-15 06:39:00,1,TXN00517888,CR,MIDLGB22,FPS,221439.91,87.41726217661098,
2026-05-15 06:39:00,2,TXN00517887,DR,NWBKGB2L,INTERNAL,17154.93,6.772207473492059,
2026-05-15 06:39:00,3,TXN00517886,CR,HSBCGB2L,CHAPS,14718.87,5.810530349896972,
2026-05-15 06:40:00,1,TXN00517891,DR,SANTGB2L,FPS,294925.8,52.36028722528921,224.34900683025253
2026-05-15 06:40:00,2,TXN00517892,DR,HSBCGB2L,CHAPS,129208.36,22.939284530239707,98.28833977958432
2026-05-15 06:40:00,3,TXN00517889,CR,BARCGB22,FPS,86459.97,15.349857024003628,65.7697915885061
2026-05-15 06:40:00,4,TXN00517890,DR,DEUTGB2L,CHAPS,52668.25,9.35057122046745,40.06455040212639
2026-05-15 06:41:00,1,TXN00517893,CR,BNPAGB22,FPS,263615.82,79.75471511622084,
2026-05-15 06:41:00,2,TXN00517894,DR,TSBSGB2A,CHAPS,66917.39,20.24528488377915,
2026-05-15 06:42:00,1,TXN00517895,CR,HSBCGB2L,FPS,231212.72,100.0,
2026-05-15 10:56:00,1,TXN00520455,DR,BNPAGB22,CHAPS,11193564.05,92.61956879610558,107.93554017375308
2026-05-15 10:56:00,2,TXN00520451,CR,BARCGB22,CHAPS,299687.97,2.4797258880901496,2.889784056359199
2026-05-15 10:56:00,3,TXN00520457,CR,NTSBGB2L,SWIFT,238241.34,1.9712944046812668,2.2972761499156977
2026-05-15 10:56:00,4,TXN00520458,DR,NTSBGB2L,CHAPS,149770.54,1.2392552337394167,1.4441838242766558
2026-05-15 10:56:00,5,TXN00520453,CR,BNPAGB22,BACS,46103.82,0.3814795635401996,0.4445626695434401
2026-05-18 06:39:00,1,TXN00524146,DR,NWBKGB2L,CHAPS,181745.66,71.09422194561857,
2026-05-18 06:39:00,2,TXN00524145,DR,RBOSGB2L,CHAPS,73894.89,28.905778054381436,
2026-05-19 06:39:00,1,TXN00530268,DR,LOYDGB2L,FPS,1926655.62,94.3553804808096,119.92714659678666
2026-05-19 06:39:00,2,TXN00530269,CR,TSBSGB2A,FPS,115258.27,5.6446195191904,7.174398631127455
2026-05-19 06:40:00,1,TXN00530271,DR,LOYDGB2L,CHAPS,1127915.58,62.734918207539245,82.78188665531248
2026-05-19 06:40:00,2,TXN00530270,CR,DEUTGB2L,BACS,530496.3,29.50632350508201,38.93508109681635
2026-05-19 06:40:00,3,TXN00530272,DR,DEUTGB2L,BACS,139495.27,7.758758287378743,10.23807263136857
2026-05-19 09:06:00,1,TXN00531317,CR,LOYDGB2L,CHAPS,14472642.9,90.62823232285305,107.14148676206746
2026-05-19 09:06:00,2,TXN00531318,DR,NWBKGB2L,FPS,681215.22,4.26579524186446,5.043060343577528
2026-05-19 09:06:00,3,TXN00531322,CR,BARCGB22,FPS,158886.56,0.9949535943195925,1.1762428177448112
2026-05-19 09:06:00,4,TXN00531319,DR,BARCGB22,INTERNAL,151900.0,0.9512034937199604,1.124521067203147
2026-05-19 09:06:00,5,TXN00531324,CR,BNPAGB22,BACS,132885.62,0.832134733437413,0.9837569402129812
2026-05-19 15:46:00,1,TXN00534681,CR,SANTGB2L,SWIFT,357611.62,81.05188786400515,
2026-05-19 15:46:00,2,TXN00534682,DR,CHASGB2L,CHAPS,43993.67,9.971068634643492,
2026-05-19 15:46:00,3,TXN00534683,DR,BARCGB22,SWIFT,39607.9,8.977043501351353,
2026-05-19 15:47:00,1,TXN00534684,CR,HSBCGB2L,CHAPS,281715.09,74.57629590882114,
2026-05-19 15:47:00,2,TXN00534685,DR,LOYDGB2L,SWIFT,96039.11,25.423704091178866,
2026-05-20 06:47:00,1,TXN00535752,CR,CHASGB2L,INTERNAL,346684.6,54.76749989790865,402.3338583406306
2026-05-20 06:47:00,2,TXN00535754,DR,MIDLGB22,SWIFT,174799.45,27.613943221099202,202.8579785612633
2026-05-20 06:47:00,3,TXN00535753,CR,NTSBGB2L,FPS,111527.5,17.618556880992138,129.42971619184897
2026-05-20 06:48:00,1,TXN00535759,CR,BOFAGB22,SWIFT,294325.28,51.4609520017911,1222.8481910533947
2026-05-20 06:48:00,2,TXN00535757,DR,BARCGB22,CHAPS,130936.62,22.893456916431916,544.0090260328494
2026-05-20 06:48:00,3,TXN00535756,DR,BARCGB22,CHAPS,56756.47,9.923517199953386,235.80898885096192
2026-05-20 06:48:00,4,TXN00535758,CR,NWBKGB2L,CHAPS,50343.09,8.802177434815825,209.1629931976561
2026-05-20 06:48:00,5,TXN00535755,CR,NTSBGB2L,FPS,39577.59,6.91989644700777,164.43502351463968
2026-05-20 06:49:00,1,TXN00535762,DR,HSBCGB2L,INTERNAL,469433.97,53.61156483368735,143.2290619697616
2026-05-20 06:49:00,2,TXN00535760,CR,NWBKGB2L,SWIFT,170965.81,19.525098720825156,52.16340137293534
2026-05-20 06:49:00,3,TXN00535763,CR,RBOSGB2L,CHAPS,143656.02,16.40619239800538,43.830907658662426
2026-05-20 06:49:00,4,TXN00535761,CR,BOFAGB22,CHAPS,63054.29,7.20109615496536,19.238502935501916
2026-05-20 06:49:00,5,TXN00535764,DR,LOYDGB2L,CHAPS,28510.63,3.256047892516751,8.698882168810545
2026-05-20 06:50:00,1,TXN00535765,DR,LOYDGB2L,CHAPS,735144.99,85.19836903377738,242.83873222168714
2026-05-20 06:50:00,2,TXN00535766,DR,NWBKGB2L,FPS,127717.76,14.801630966222612,42.18871017619763
2026-05-20 06:52:00,1,TXN00535767,DR,NTSBGB2L,CHAPS,606664.92,80.73532347365884,317.14183001681073
2026-05-20 06:52:00,2,TXN00535768,DR,BARCGB22,CHAPS,144759.48,19.264676526341173,75.67486578832003
2026-05-20 06:53:00,1,TXN00535770,DR,HSBCGB2L,BACS,447520.44,48.7751729295179,132.28086626384058
2026-05-20 06:53:00,2,TXN00535771,DR,BARCGB22,SWIFT,256482.76,27.9540102625034,75.81276438354574
2026-05-20 06:53:00,3,TXN00535769,DR,BNPAGB22,FPS,213513.67,23.27081680797869,63.11169435472442
2026-05-20 06:54:00,1,TXN00535774,DR,DEUTGB2L,FPS,466672.42,55.11918145717532,181.1463904234867
2026-05-20 06:54:00,2,TXN00535773,CR,COBAGB2X,FPS,165958.36,19.601520396631166,64.41940124638512
2026-05-20 06:54:00,3,TXN00535772,DR,BARCGB22,FPS,154694.43,18.271125509376162,60.047126018543665
2026-05-20 06:54:00,4,TXN00535775,CR,BOFAGB22,CHAPS,59335.44,7.008172636817361,23.032003434420595
2026-05-20 06:55:00,1,TXN00535779,DR,TSBSGB2A,BACS,399027.74,57.06104428036761,377.86681940337775
2026-05-20 06:55:00,2,TXN00535778,DR,LOYDGB2L,FPS,153662.32,21.97374158935421,145.513422501764
2026-05-20 06:55:00,3,TXN00535776,DR,BNPAGB22,FPS,57455.43,8.216137643406851,54.408499498188796
2026-05-20 06:55:00,4,TXN00535780,CR,HSBCGB2L,FPS,55212.59,7.895411088020552,52.284599998793915
2026-05-20 06:55:00,5,TXN00535777,DR,BARCGB22,BACS,18750.93,2.68138662998235,17.756545647566703
2026-05-20 07:04:00,1,TXN00535819,CR,LOYDGB2L,CHAPS,341262.52,61.71478636915148,
2026-05-20 07:04:00,2,TXN00535820,CR,COBAGB2X,BACS,113154.09,20.463074852596588,
2026-05-20 07:04:00,3,TXN00535821,CR,SANTGB2L,CHAPS,95058.08,17.190546151571848,
2026-05-20 07:04:00,4,TXN00535822,CR,COBAGB2X,BACS,3492.5,0.6315926266800748,
2026-05-20 08:07:00,1,TXN00536154,CR,TSBSGB2A,CHAPS,12706895.95,87.53897537389554,100.03296682241343
2026-05-20 08:07:00,2,TXN00536156,CR,DEUTGB2L,BACS,1346167.38,9.273870943041874,10.597483239874583
2026-05-20 08:07:00,3,TXN00536153,DR,CITIGB2L,CHAPS,154410.2,1.0637460752386412,1.215569126749812
2026-05-20 08:07:00,4,TXN00536152,DR,COBAGB2X,SWIFT,104839.6,0.7222496507976095,0.8253326595056517
2026-05-20 08:07:00,5,TXN00536157,CR,BOFAGB22,FPS,93958.42,0.6472882005892346,0.7396723438619474
2026-05-20 11:37:00,1,TXN00537846,CR,COBAGB2X,CHAPS,285611.32,27.725496891154336,
2026-05-20 11:37:00,2,TXN00537850,DR,SANTGB2L,FPS,273529.66,26.552679137397288,
2026-05-20 11:37:00,3,TXN00537849,CR,HSBCGB2L,BACS,235380.73,22.849401409764283,
2026-05-20 11:37:00,4,TXN00537851,DR,CHASGB2L,SWIFT,93822.16,9.107713256608262,
2026-05-20 11:37:00,5,TXN00537847,CR,BOFAGB22,BACS,85079.5,8.259026332538099,
2026-05-20 11:38:00,1,TXN00537853,CR,NWBKGB2L,CHAPS,65937.25,34.30607833953737,
2026-05-20 11:38:00,2,TXN00537855,CR,DEUTGB2L,SWIFT,54691.11,28.45489467844436,
2026-05-20 11:38:00,3,TXN00537852,DR,CITIGB2L,CHAPS,37539.09,19.530977745279696,
2026-05-20 11:38:00,4,TXN00537854,CR,DEUTGB2L,FPS,34035.37,17.708049236738567,
2026-05-20 11:54:00,1,TXN00537925,DR,RBOSGB2L,SWIFT,856865.18,60.98450600364868,579.2221751275151
2026-05-20 11:54:00,2,TXN00537930,DR,DEUTGB2L,CHAPS,134738.03,9.589527490724732,91.07996990728039
2026-05-20 11:54:00,3,TXN00537926,DR,BNPAGB22,FPS,121699.84,8.661578036258964,82.26643780468542
2026-05-20 11:54:00,4,TXN00537927,CR,BOFAGB22,FPS,82387.36,5.863644092230198,55.69205865293025
2026-05-20 11:54:00,5,TXN00537929,DR,BARCGB22,FPS,81972.61,5.83412565169208,55.411696697815984
2026-05-20 11:55:00,1,TXN00537935,DR,CITIGB2L,CHAPS,1671543.05,85.19547331589261,237.13560875436187
2026-05-20 11:55:00,2,TXN00537934,DR,LOYDGB2L,INTERNAL,139600.03,7.115156639706532,19.804538145863
2026-05-20 11:55:00,3,TXN00537933,DR,LOYDGB2L,SWIFT,89446.45,4.558920958796916,12.689435890787612
2026-05-20 11:55:00,4,TXN00537932,DR,DEUTGB2L,BACS,61419.7,3.130449085603945,8.71338488650369
2026-05-20 11:56:00,1,TXN00537936,DR,BNPAGB22,CHAPS,116156.68,100.0,
2026-05-20 11:57:00,1,TXN00537939,DR,HSBCGB2L,FPS,512687.68,47.52225987522061,
2026-05-20 11:57:00,2,TXN00537937,DR,BNPAGB22,FPS,323887.4,30.021905720670976,
2026-05-20 11:57:00,3,TXN00537940,CR,COBAGB2X,FPS,123725.25,11.468392381940287,
2026-05-20 11:57:00,4,TXN00537938,DR,BOFAGB22,FPS,80064.71,7.421391431629828,
2026-05-20 11:57:00,5,TXN00537941,CR,BNPAGB22,CHAPS,38471.87,3.566050590538286,
2026-05-20 11:58:00,1,TXN00537942,CR,BARCGB22,CHAPS,391553.3,33.72495785793896,
2026-05-20 11:58:00,2,TXN00537943,DR,NWBKGB2L,CHAPS,280083.02,24.12388823239205,
2026-05-20 11:58:00,3,TXN00537945,DR,SANTGB2L,CHAPS,253095.01,21.799378389365227,
2026-05-20 11:58:00,4,TXN00537946,DR,MIDLGB22,CHAPS,123171.13,10.608877944751637,
2026-05-20 11:58:00,5,TXN00537944,DR,CITIGB2L,CHAPS,113116.93,9.742897575552117,
2026-05-20 11:59:00,1,TXN00537947,DR,DEUTGB2L,CHAPS,222681.23,38.45297198836995,
2026-05-20 11:59:00,2,TXN00537948,DR,CHASGB2L,FPS,133513.18,23.055282075719607,
2026-05-20 11:59:00,3,TXN00537949,CR,SANTGB2L,CHAPS,119230.39,20.58890570539971,
2026-05-20 11:59:00,4,TXN00537951,CR,TSBSGB2A,INTERNAL,65785.11,11.359884225903711,
2026-05-20 11:59:00,5,TXN00537950,CR,COBAGB2X,SWIFT,37890.27,6.542956004607008,
2026-05-20 12:00:00,1,TXN00537955,DR,CHASGB2L,FPS,390244.2,54.36644478511958,
2026-05-20 12:00:00,2,TXN00537954,DR,CHASGB2L,CHAPS,133516.38,18.60068875124613,
2026-05-20 12:00:00,3,TXN00537953,DR,NWBKGB2L,FPS,117767.37,16.406632612589114,
2026-05-20 12:00:00,4,TXN00537952,CR,TSBSGB2A,CHAPS,52150.99,7.265358250870413,
2026-05-20 12:00:00,5,TXN00537956,CR,CHASGB2L,CHAPS,24124.48,3.360875600174767,
2026-05-20 12:01:00,1,TXN00537957,CR,CHASGB2L,FPS,456667.98,46.67393278911685,
2026-05-20 12:01:00,2,TXN00537960,DR,RBOSGB2L,CHAPS,265389.35,27.124224222699837,
2026-05-20 12:01:00,3,TXN00537958,CR,NWBKGB2L,FPS,139144.89,14.221358904578898,
2026-05-20 12:01:00,4,TXN00537961,DR,BARCGB22,SWIFT,92946.23,9.499606458113826,
2026-05-20 12:01:00,5,TXN00537959,CR,BOFAGB22,SWIFT,24273.45,2.480877625490599,
2026-05-20 12:02:00,1,TXN00537962,CR,DEUTGB2L,CHAPS,171759.01,49.013359327837364,
2026-05-20 12:02:00,2,TXN00537965,DR,TSBSGB2A,SWIFT,98120.96,27.99991610380356,
2026-05-20 12:02:00,3,TXN00537963,DR,HSBCGB2L,FPS,74680.01,21.310778192867364,
2026-05-20 12:02:00,4,TXN00537964,DR,MIDLGB22,CHAPS,5873.07,1.675946375491695,
2026-05-20 12:03:00,1,TXN00537971,DR,TSBSGB2A,BACS,710813.75,48.993806070303386,1633.4320893896117
2026-05-20 12:03:00,2,TXN00537967,DR,BOFAGB22,CHAPS,549757.7,37.8927984151348,1263.3293441060014
2026-05-20 12:03:00,3,TXN00537970,CR,BARCGB22,FPS,61281.53,4.223912939938878,140.82341202444687
2026-05-20 12:03:00,4,TXN00537966,DR,RBOSGB2L,SWIFT,55422.22,3.8200520159685847,127.35886526282128
2026-05-20 12:03:00,5,TXN00537969,CR,NWBKGB2L,FPS,50392.89,3.4733985941917003,115.80159163083279
2026-05-20 12:04:00,1,TXN00537978,DR,MIDLGB22,CHAPS,2211186.39,58.745476620936415,94.9663757264404
2026-05-20 12:04:00,2,TXN00537977,CR,CHASGB2L,CHAPS,685606.69,18.2147882063224,29.44554236474889
2026-05-20 12:04:00,3,TXN00537975,CR,CITIGB2L,INTERNAL,425662.82,11.308755043807892,18.281432754701505
2026-05-20 12:04:00,4,TXN00537972,CR,BARCGB22,SWIFT,199641.87,5.303965717085038,8.574249969560084
2026-05-20 12:04:00,5,TXN00537976,DR,CHASGB2L,CHAPS,130682.33,3.4718899304479245,5.612564959567554
2026-05-20 12:05:00,1,TXN00537985,DR,COBAGB2X,BACS,4766753.28,64.89995489076718,80.66734295384276
2026-05-20 12:05:00,2,TXN00537984,DR,MIDLGB22,SWIFT,1025455.62,13.961709274889024,17.353694500942463
2026-05-20 12:05:00,3,TXN00537990,DR,LOYDGB2L,CHAPS,366428.03,4.988964442001219,6.201029050094026
2026-05-20 12:05:00,4,TXN00537981,DR,NWBKGB2L,FPS,319204.75,4.346013451721716,5.4018736712854665
2026-05-20 12:05:00,5,TXN00537980,CR,DEUTGB2L,FPS,253133.63,3.4464467119087288,4.283757967930981
2026-05-20 12:06:00,1,TXN00537994,CR,CITIGB2L,CHAPS,342094.5,33.755023335890805,
2026-05-20 12:06:00,2,TXN00537995,DR,SANTGB2L,SWIFT,195413.5,19.281769372638546,
2026-05-20 12:06:00,3,TXN00537993,DR,HSBCGB2L,CHAPS,183954.77,18.151117758684883,
2026-05-20 12:06:00,4,TXN00537992,DR,NWBKGB2L,FPS,128833.28,12.712190265670316,
2026-05-20 12:06:00,5,TXN00537996,CR,BNPAGB22,FPS,84553.03,8.3429856392613,
2026-05-20 12:07:00,1,TXN00538003,DR,MIDLGB22,CHAPS,1157009.01,53.290660942431415,157.30780134427005
2026-05-20 12:07:00,2,TXN00537997,DR,NTSBGB2L,FPS,534913.02,24.63755090594501,72.72717010788321
2026-05-20 12:07:00,3,TXN00537999,CR,COBAGB2X,CHAPS,237858.16,10.955505486470328,32.33937148112062
2026-05-20 12:07:00,4,TXN00537998,DR,RBOSGB2L,BACS,77935.31,3.5896212948707156,10.596142430372348
2026-05-20 12:07:00,5,TXN00538001,CR,COBAGB2X,CHAPS,74471.81,3.4300959994072766,10.125242406909367
2026-05-20 12:08:00,1,TXN00538005,CR,BOFAGB22,BACS,422714.13,28.130439983706054,630.2550293622503
2026-05-20 12:08:00,2,TXN00538004,DR,CHASGB2L,CHAPS,323728.99,21.543256489156814,482.670934368486
2026-05-20 12:08:00,3,TXN00538007,CR,TSBSGB2A,CHAPS,210798.35,14.028039075342154,314.2944861312394
2026-05-20 12:08:00,4,TXN00538011,CR,TSBSGB2A,BACS,189465.71,12.608411703969432,282.4881122833287
2026-05-20 12:08:00,5,TXN00538006,CR,CHASGB2L,FPS,166555.12,11.083776184957337,248.32905880395606
2026-05-20 12:09:00,1,TXN00538012,DR,CHASGB2L,FPS,1899613.7,74.42033262906413,170.07545853003197
2026-05-20 12:09:00,2,TXN00538018,DR,BARCGB22,FPS,192761.43,7.551729985235452,17.258239711660668
2026-05-20 12:09:00,3,TXN00538017,DR,BOFAGB22,SWIFT,169437.26,6.63796920866449,15.169989396566388
2026-05-20 12:09:00,4,TXN00538014,DR,BNPAGB22,BACS,143622.83,5.626648608465779,12.858782113242722
2026-05-20 12:09:00,5,TXN00538015,DR,COBAGB2X,BACS,82884.66,3.2471359661424253,7.420796425402595
2026-05-20 12:10:00,1,TXN00538019,DR,RBOSGB2L,SWIFT,212201.52,67.49838801835217,
2026-05-20 12:10:00,2,TXN00538021,DR,BOFAGB22,FPS,86379.47,27.47612261627349,
2026-05-20 12:10:00,3,TXN00538020,DR,MIDLGB22,CHAPS,15799.14,5.025489365374332,
2026-05-20 12:11:00,1,TXN00538024,DR,CITIGB2L,BACS,403705.19,52.176920577123866,
2026-05-20 12:11:00,2,TXN00538025,DR,COBAGB2X,CHAPS,123999.88,16.02637778903187,
2026-05-20 12:11:00,3,TXN00538026,CR,SANTGB2L,BACS,80705.65,10.430810389569569,
2026-05-20 12:11:00,4,TXN00538022,DR,SANTGB2L,INTERNAL,62473.22,8.074358018873095,
2026-05-20 12:11:00,5,TXN00538027,DR,NTSBGB2L,BACS,55961.3,7.232724220098834,
2026-05-20 12:12:00,1,TXN00538028,DR,NWBKGB2L,FPS,1226311.75,54.76788160118315,147.42860999156835
2026-05-20 12:12:00,2,TXN00538030,DR,TSBSGB2A,FPS,435376.84,19.444213288356128,52.34150479575968
2026-05-20 12:12:00,3,TXN00538029,DR,TSBSGB2A,SWIFT,170408.21,7.610541666219502,20.486671135175275
2026-05-20 12:12:00,4,TXN00538031,CR,BNPAGB22,FPS,118958.26,5.312753383601487,14.301298930566052
2026-05-20 12:12:00,5,TXN00538034,CR,HSBCGB2L,SWIFT,101811.91,4.546986223095648,12.23994499921138
2026-05-20 12:13:00,1,TXN00538036,DR,NWBKGB2L,CHAPS,336851.19,22.49380634545865,544.1329930058324
2026-05-20 12:13:00,2,TXN00538039,CR,HSBCGB2L,CHAPS,264592.77,17.668628478909284,427.4102634691711
2026-05-20 12:13:00,3,TXN00538037,DR,BNPAGB22,SWIFT,261912.27,17.48963357047805,423.08031442623576
2026-05-20 12:13:00,4,TXN00538040,DR,BOFAGB22,SWIFT,224911.85,15.0188681200706,363.31163948976643
2026-05-20 12:13:00,5,TXN00538041,DR,NTSBGB2L,SWIFT,159454.98,10.647875226265292,257.5758022914663
2026-05-20 12:14:00,1,TXN00538044,CR,TSBSGB2A,CHAPS,360474.78,41.536735832916655,
2026-05-20 12:14:00,2,TXN00538049,DR,LOYDGB2L,CHAPS,201604.81,23.23048989894759,
2026-05-20 12:14:00,3,TXN00538046,DR,MIDLGB22,FPS,119760.95,13.799797431734724,
2026-05-20 12:14:00,4,TXN00538050,CR,COBAGB2X,FPS,75255.82,8.671566746582178,
2026-05-20 12:14:00,5,TXN00538045,CR,RBOSGB2L,SWIFT,45349.03,5.225471472342704,
2026-05-20 12:15:00,1,TXN00538058,CR,MIDLGB22,FPS,373124.89,23.39275444757128,
2026-05-20 12:15:00,2,TXN00538057,CR,DEUTGB2L,FPS,355049.7,22.259545453491054,
2026-05-20 12:15:00,3,TXN00538055,DR,LOYDGB2L,FPS,238809.55,14.9719659894171,
2026-05-20 12:15:00,4,TXN00538053,DR,LOYDGB2L,CHAPS,187016.64,11.724852601309543,
2026-05-20 12:15:00,5,TXN00538052,CR,BARCGB22,FPS,140338.81,8.798424896806967,
2026-05-20 12:16:00,1,TXN00538062,DR,LOYDGB2L,FPS,981967.02,75.19428113430355,
2026-05-20 12:16:00,2,TXN00538061,DR,BARCGB22,CHAPS,133684.82,10.236936407975051,
2026-05-20 12:16:00,3,TXN00538065,DR,NWBKGB2L,CHAPS,73260.18,5.609909965071618,
2026-05-20 12:16:00,4,TXN00538063,DR,CHASGB2L,BACS,64515.1,4.940254069640452,
2026-05-20 12:16:00,5,TXN00538064,CR,BARCGB22,SWIFT,52479.4,4.018618423009328,
2026-05-20 12:17:00,1,TXN00538067,DR,MIDLGB22,CHAPS,89634.12,63.39535815670078,
2026-05-20 12:17:00,2,TXN00538066,DR,RBOSGB2L,CHAPS,51754.97,36.60464184329923,
2026-05-20 12:18:00,1,TXN00538074,CR,CITIGB2L,BACS,233717.78,25.598187808082436,
2026-05-20 12:18:00,2,TXN00538072,CR,BOFAGB22,CHAPS,170421.83,18.665631733011914,
2026-05-20 12:18:00,3,TXN00538069,DR,CITIGB2L,CHAPS,161422.04,17.679920185292687,
2026-05-20 12:18:00,4,TXN00538071,CR,LOYDGB2L,FPS,129168.77,14.14734657071877,
2026-05-20 12:18:00,5,TXN00538068,DR,TSBSGB2A,SWIFT,117856.72,12.908382293399267,
2026-05-20 12:19:00,1,TXN00538078,CR,RBOSGB2L,CHAPS,4259675.15,83.79437887102014,128.07839906619967
2026-05-20 12:19:00,2,TXN00538080,DR,NTSBGB2L,FPS,323424.42,6.36225708094664,9.724610556867033
2026-05-20 12:19:00,3,TXN00538082,DR,DEUTGB2L,CHAPS,196445.14,3.864378833801585,5.90664267803038
2026-05-20 12:19:00,4,TXN00538081,DR,NWBKGB2L,FPS,146569.41,2.8832463133818753,4.406996947848812
2026-05-20 12:19:00,5,TXN00538079,DR,CHASGB2L,CHAPS,53330.29,1.0490890427551445,1.6035162129525666
2026-05-20 12:20:00,1,TXN00538083,CR,RBOSGB2L,BACS,2028685.13,53.36073835600486,99.24201663922452
2026-05-20 12:20:00,2,TXN00538086,DR,BOFAGB22,CHAPS,499760.23,13.145250822520106,24.447960074160285
2026-05-20 12:20:00,3,TXN00538087,CR,BOFAGB22,CHAPS,498492.57,13.111907415707451,24.38594693424395
2026-05-20 12:20:00,4,TXN00538085,DR,LOYDGB2L,BACS,434847.92,11.437854865024288,21.272490182925612
2026-05-20 12:20:00,5,TXN00538088,CR,CITIGB2L,FPS,119953.5,3.1551507100498286,5.868050722555066
2026-05-20 14:57:00,1,TXN00539106,DR,BARCGB22,CHAPS,247564.29,48.3301269985028,
2026-05-20 14:57:00,2,TXN00539103,CR,NTSBGB2L,CHAPS,150506.1,29.38218160240058,
2026-05-20 14:57:00,3,TXN00539104,CR,SANTGB2L,FPS,40344.92,7.876237349677676,
2026-05-20 14:57:00,4,TXN00539107,DR,RBOSGB2L,BACS,32610.45,6.366294549098036,
2026-05-20 14:57:00,5,TXN00539105,DR,BARCGB22,BACS,22783.01,4.447756850182873,
2026-05-20 14:58:00,1,TXN00539111,DR,LOYDGB2L,CHAPS,254561.51,32.8395886943317,
2026-05-20 14:58:00,2,TXN00539113,DR,LOYDGB2L,CHAPS,162074.91,20.908398060927706,
2026-05-20 14:58:00,3,TXN00539110,CR,NWBKGB2L,SWIFT,141151.34,18.209162686274805,
2026-05-20 14:58:00,4,TXN00539112,CR,RBOSGB2L,BACS,113292.97,14.615306676799886,
2026-05-20 14:58:00,5,TXN00539109,CR,DEUTGB2L,FPS,104085.83,13.427543881665896,
2026-05-20 14:59:00,1,TXN00539119,CR,SANTGB2L,FPS,1114370.5,60.57188416779382,181.21471842355416
2026-05-20 14:59:00,2,TXN00539114,DR,MIDLGB22,CHAPS,295519.29,16.063024104845443,48.05622988591195
2026-05-20 14:59:00,3,TXN00539115,DR,BARCGB22,BACS,184240.44,10.014434688196939,29.96048392956537
2026-05-20 14:59:00,4,TXN00539117,CR,RBOSGB2L,CHAPS,142212.68,7.730005397802193,23.126088462014216
2026-05-20 14:59:00,5,TXN00539116,CR,SANTGB2L,CHAPS,81066.82,4.4064070530325345,13.182779838297003
2026-05-20 15:00:00,1,TXN00539122,DR,HSBCGB2L,FPS,390397.32,42.322433461230204,
2026-05-20 15:00:00,2,TXN00539124,DR,CITIGB2L,FPS,332383.99,36.033288600324425,
2026-05-20 15:00:00,3,TXN00539120,CR,MIDLGB22,INTERNAL,154233.08,16.720194866656858,
2026-05-20 15:00:00,4,TXN00539121,CR,RBOSGB2L,INTERNAL,23741.76,2.57381136185181,
2026-05-20 15:00:00,5,TXN00539123,CR,TSBSGB2A,CHAPS,21679.75,2.350271709936701,
2026-05-20 15:01:00,1,TXN00539125,CR,BNPAGB22,SWIFT,743692.01,73.14142346619819,
2026-05-20 15:01:00,2,TXN00539128,DR,BARCGB22,FPS,99205.24,9.756743882330836,
2026-05-20 15:01:00,3,TXN00539130,CR,NTSBGB2L,CHAPS,62316.01,6.128722125351112,
2026-05-20 15:01:00,4,TXN00539127,CR,LOYDGB2L,CHAPS,48485.95,4.768548476285112,
2026-05-20 15:01:00,5,TXN00539131,CR,DEUTGB2L,INTERNAL,32748.22,3.220757241676189,
2026-05-20 15:02:00,1,TXN00539134,CR,HSBCGB2L,CHAPS,460424.87,46.991084270395405,
2026-05-20 15:02:00,2,TXN00539135,DR,MIDLGB22,SWIFT,238456.13,24.33689583193532,
2026-05-20 15:02:00,3,TXN00539133,DR,MIDLGB22,BACS,136168.9,13.897434026331037,
2026-05-20 15:02:00,4,TXN00539132,DR,BNPAGB22,CHAPS,110869.17,11.315336876695635,
2026-05-20 15:02:00,5,TXN00539136,CR,RBOSGB2L,CHAPS,33894.18,3.4592489946426017,
2026-05-20 15:03:00,1,TXN00539141,CR,NTSBGB2L,SWIFT,679356.33,31.880906544594275,80.16635358013268
2026-05-20 15:03:00,2,TXN00539139,DR,HSBCGB2L,SWIFT,492210.24,23.098494808655595,58.082479537067044
2026-05-20 15:03:00,3,TXN00539142,DR,BARCGB22,SWIFT,482809.13,22.657318512667523,56.97311663717956
2026-05-20 15:03:00,4,TXN00539137,DR,BARCGB22,FPS,264333.23,12.404658100794826,31.192218639014577
2026-05-20 15:03:00,5,TXN00539138,CR,MIDLGB22,CHAPS,103659.56,4.8645469231349665,12.232180038597681
2026-05-20 15:04:00,1,TXN00539145,DR,HSBCGB2L,CHAPS,220046.03,65.14490688343777,
2026-05-20 15:04:00,2,TXN00539146,DR,BNPAGB22,FPS,77074.21,22.817917840028876,
2026-05-20 15:04:00,3,TXN00539144,DR,CHASGB2L,SWIFT,40659.09,12.037175276533349,
2026-05-20 15:31:00,1,TXN00539265,DR,BARCGB22,CHAPS,2568308.11,95.7855305230055,140.54579380899332
2026-05-20 15:31:00,2,TXN00539263,CR,SANTGB2L,FPS,65291.81,2.435070245390954,3.5729705598585557
2026-05-20 15:31:00,3,TXN00539264,DR,MIDLGB22,CHAPS,47711.23,1.7793992316035385,2.6109066384381183
2026-05-20 15:32:00,1,TXN00539267,DR,NWBKGB2L,CHAPS,97402.35,78.62264044942006,
2026-05-20 15:32:00,2,TXN00539266,CR,TSBSGB2A,CHAPS,26483.53,21.377359550579936,
2026-05-20 16:17:00,1,TXN00539434,DR,COBAGB2X,SWIFT,99249.69,100.0,
2026-05-20 16:18:00,1,TXN00539435,DR,CITIGB2L,SWIFT,189186.24,53.38440700184599,
2026-05-20 16:18:00,2,TXN00539437,CR,BARCGB22,SWIFT,126859.43,35.79708251055781,
2026-05-20 16:18:00,3,TXN00539436,DR,SANTGB2L,SWIFT,38339.16,10.818510487596212,
2026-05-20 16:19:00,1,TXN00539439,CR,RBOSGB2L,CHAPS,156644.12,41.12847647788185,
2026-05-20 16:19:00,2,TXN00539441,DR,SANTGB2L,FPS,116476.08,30.58195683640014,
2026-05-20 16:19:00,3,TXN00539440,DR,SANTGB2L,SWIFT,95661.34,25.116839189576076,
2026-05-20 16:19:00,4,TXN00539438,DR,BNPAGB22,BACS,12083.82,3.1727274961419436,
2026-05-20 16:20:00,1,TXN00539445,DR,BNPAGB22,CHAPS,412468.83,78.87745552122719,
2026-05-20 16:20:00,2,TXN00539443,CR,CITIGB2L,FPS,47177.3,9.02183416468486,
2026-05-20 16:20:00,3,TXN00539442,DR,TSBSGB2A,CHAPS,45433.76,8.688412609413689,
2026-05-20 16:20:00,4,TXN00539444,CR,MIDLGB22,BACS,17843.71,3.412297704674258,
2026-05-20 16:21:00,1,TXN00539446,CR,COBAGB2X,BACS,388762.26,61.09175050403622,
2026-05-20 16:21:00,2,TXN00539447,CR,MIDLGB22,BACS,124499.6,19.56439521946474,
2026-05-20 16:21:00,3,TXN00539448,DR,NTSBGB2L,FPS,123096.17,19.343854276499034,
2026-05-20 16:22:00,1,TXN00539451,CR,RBOSGB2L,BACS,474474.49,44.13340169464073,852.0059371813369
2026-05-20 16:22:00,2,TXN00539450,CR,DEUTGB2L,CHAPS,399604.82,37.16937456463593,717.5637180542192
2026-05-20 16:22:00,3,TXN00539449,CR,NWBKGB2L,CHAPS,186892.29,17.38384819845907,335.5993716193598
2026-05-20 16:22:00,4,TXN00539452,CR,SANTGB2L,CHAPS,14119.99,1.3133755422642641,25.355030810910623
2026-05-20 16:23:00,1,TXN00539453,DR,TSBSGB2A,BACS,174859.05,54.03212521776663,
2026-05-20 16:23:00,2,TXN00539454,DR,NWBKGB2L,CHAPS,133408.57,41.22376599531557,
2026-05-20 16:23:00,3,TXN00539455,CR,BARCGB22,BACS,15352.91,4.744108786917814,
2026-05-20 16:57:00,1,TXN00539659,CR,BNPAGB22,BACS,37906524.45,93.98485755600431,98.58750935799944
2026-05-20 16:57:00,2,TXN00539661,CR,LOYDGB2L,BACS,797328.93,1.9768851668312557,2.0736977205985623
2026-05-20 16:57:00,3,TXN00539672,DR,NWBKGB2L,FPS,278159.76,0.6896650590031169,0.7234395223490049
2026-05-20 16:57:00,4,TXN00539671,CR,SANTGB2L,CHAPS,195390.7,0.4844487162491092,0.5081732694888639
2026-05-20 16:57:00,5,TXN00539670,DR,BOFAGB22,SWIFT,158500.84,0.3929845609970457,0.4122299069481367
2026-05-21 06:40:00,1,TXN00540191,DR,BARCGB22,CHAPS,219472.34,52.71040816158902,1531.620847628298
2026-05-21 06:40:00,2,TXN00540193,DR,BNPAGB22,FPS,109581.29,26.318006737311197,764.7295703595374
2026-05-21 06:40:00,3,TXN00540192,CR,COBAGB2X,BACS,58303.57,14.00269834448285,406.8802624656747
2026-05-21 06:40:00,4,TXN00540190,DR,DEUTGB2L,CHAPS,29016.62,6.968886756616927,202.49686188112918
2026-05-21 06:41:00,1,TXN00540194,CR,CITIGB2L,FPS,355576.86,68.72950290896837,308.35921057282263
2026-05-21 06:41:00,2,TXN00540195,DR,CITIGB2L,BACS,161780.09,31.27049709103164,140.29703968587887
2026-05-21 06:42:00,1,TXN00540198,CR,DEUTGB2L,INTERNAL,279024.34,51.73304871637771,211.4347581804702
2026-05-21 06:42:00,2,TXN00540197,DR,TSBSGB2A,BACS,169591.89,31.443513161871714,128.51072509129096
2026-05-21 06:42:00,3,TXN00540199,DR,HSBCGB2L,CHAPS,54493.88,10.103543471456435,41.29353138194166
2026-05-21 06:42:00,4,TXN00540196,DR,COBAGB2X,CHAPS,36244.03,6.719894650294146,27.46444169901345
2026-05-21 06:43:00,1,TXN00540201,CR,NTSBGB2L,BACS,82975.62,51.08910883773716,
2026-05-21 06:43:00,2,TXN00540200,CR,CITIGB2L,CHAPS,79437.9,48.91089116226284,
2026-05-21 09:24:00,1,TXN00541509,CR,NWBKGB2L,CHAPS,13498243.91,83.19077721134155,96.19766232851244
2026-05-21 09:24:00,2,TXN00541504,CR,NTSBGB2L,CHAPS,422383.97,2.603186827871743,3.0101953105866293
2026-05-21 09:24:00,3,TXN00541512,CR,RBOSGB2L,INTERNAL,383676.59,2.3646300906039293,2.7343402070866203
2026-05-21 09:24:00,4,TXN00541511,DR,HSBCGB2L,FPS,362081.04,2.231534956097178,2.580435636940317
2026-05-21 09:24:00,5,TXN00541510,CR,RBOSGB2L,BACS,276484.66,1.7039974907679316,1.9704176438825045
2026-05-21 16:06:00,1,TXN00544727,DR,CITIGB2L,BACS,40500.74,46.01637289442015,
2026-05-21 16:06:00,2,TXN00544726,DR,BARCGB22,FPS,29053.39,33.01005433695822,
2026-05-21 16:06:00,3,TXN00544728,DR,CHASGB2L,CHAPS,18459.63,20.973572768621636,
2026-05-21 16:07:00,1,TXN00544729,DR,SANTGB2L,FPS,330005.27,63.30652325704482,
2026-05-21 16:07:00,2,TXN00544731,CR,BARCGB22,CHAPS,142953.64,27.423495192483482,
2026-05-21 16:07:00,3,TXN00544732,CR,NTSBGB2L,SWIFT,28241.34,5.417674231445183,
2026-05-21 16:07:00,4,TXN00544730,CR,BOFAGB22,CHAPS,20081.37,3.852307319026518,
2026-05-21 16:08:00,1,TXN00544734,DR,TSBSGB2A,CHAPS,634470.86,83.7421645509987,
2026-05-21 16:08:00,2,TXN00544733,CR,BOFAGB22,SWIFT,123177.17,16.2578354490013,
2026-05-21 16:09:00,1,TXN00544736,CR,HSBCGB2L,CHAPS,321382.29,54.789397657107614,
2026-05-21 16:09:00,2,TXN00544739,CR,COBAGB2X,INTERNAL,86856.63,14.807357431631543,
2026-05-21 16:09:00,3,TXN00544738,CR,RBOSGB2L,CHAPS,77382.63,13.192225641378142,
2026-05-21 16:09:00,4,TXN00544737,CR,BNPAGB22,SWIFT,66396.61,11.319324000006,
2026-05-21 16:09:00,5,TXN00544735,CR,DEUTGB2L,FPS,34559.36,5.89169526987669,
2026-05-21 16:10:00,1,TXN00544740,CR,BNPAGB22,SWIFT,293552.63,47.78257626693337,
2026-05-21 16:10:00,2,TXN00544743,CR,MIDLGB22,CHAPS,124570.53,20.276775753422175,
2026-05-21 16:10:00,3,TXN00544742,CR,TSBSGB2A,CHAPS,97925.02,15.939593988958558,
2026-05-21 16:10:00,4,TXN00544744,DR,TSBSGB2A,CHAPS,56104.09,9.132256656368208,
2026-05-21 16:10:00,5,TXN00544741,CR,BARCGB22,CHAPS,42198.51,6.868797334317701,
2026-05-21 16:42:00,1,TXN00544911,DR,BNPAGB22,FPS,15622873.75,69.05245434335531,73.32444648810187
2026-05-21 16:42:00,2,TXN00544917,DR,BARCGB22,SWIFT,3121412.91,13.796515666942188,14.650049507477158
2026-05-21 16:42:00,3,TXN00544918,CR,COBAGB2X,SWIFT,1592455.67,7.038588047637029,7.474036622717342
2026-05-21 16:42:00,4,TXN00544910,CR,NWBKGB2L,CHAPS,903499.66,3.993431043465166,4.240488243828267
2026-05-21 16:42:00,5,TXN00544914,CR,MIDLGB22,FPS,443699.65,1.9611340598452784,2.082461380910444
2026-05-22 06:32:00,1,TXN00545667,CR,COBAGB2X,BACS,2469483.07,64.80066100223749,72.42676576836188
2026-05-22 06:32:00,2,TXN00545666,DR,BARCGB22,INTERNAL,710079.25,18.632889337432488,20.825712126353668
2026-05-22 06:32:00,3,TXN00545664,CR,HSBCGB2L,CHAPS,270738.83,7.104343154283057,7.940422051490455
2026-05-22 06:32:00,4,TXN00545669,DR,BNPAGB22,INTERNAL,164195.06,4.308573138467414,4.815630159773529
2026-05-22 06:32:00,5,TXN00545668,CR,BARCGB22,CHAPS,115713.05,3.036377215003526,3.3937150938608167
2026-05-22 06:33:00,1,TXN00545671,CR,CHASGB2L,CHAPS,912413.31,90.76773491257867,152.58251461225882
2026-05-22 06:33:00,2,TXN00545670,DR,HSBCGB2L,CHAPS,92804.36,9.232265087421315,15.519636178675789
2026-05-22 06:39:00,1,TXN00545698,CR,NTSBGB2L,FPS,262142.28,21.929885226986098,32.875732090597566
2026-05-22 06:39:00,2,TXN00545693,CR,CHASGB2L,BACS,232262.06,19.430212930105586,29.128400269389193
2026-05-22 06:39:00,3,TXN00545696,DR,BARCGB22,CHAPS,181572.4,15.18969733683712,22.771319366898073
2026-05-22 06:39:00,4,TXN00545699,CR,HSBCGB2L,INTERNAL,163895.96,13.710949610901014,20.55448541796194
2026-05-22 06:39:00,5,TXN00545700,CR,COBAGB2X,CHAPS,136608.8,11.428203435921509,17.13235388819394
2026-05-22 06:40:00,1,TXN00545703,CR,LOYDGB2L,CHAPS,680494.18,35.183345653124576,44.39337932180025
2026-05-22 06:40:00,2,TXN00545701,CR,BARCGB22,FPS,413231.36,21.36515226859215,26.95796239160105
2026-05-22 06:40:00,3,TXN00545704,CR,TSBSGB2A,CHAPS,326339.23,16.872599746943493,21.289382996595528
2026-05-22 06:40:00,4,TXN00545707,DR,BNPAGB22,FPS,261298.08,13.50980057924639,17.04629535773268
2026-05-22 06:40:00,5,TXN00545706,CR,CHASGB2L,CHAPS,235943.37,12.198895134228868,15.392230867975778
2026-05-22 06:41:00,1,TXN00545710,DR,BARCGB22,CHAPS,380860.11,44.99137921431249,85.53774028052906
2026-05-22 06:41:00,2,TXN00545708,DR,MIDLGB22,SWIFT,264244.63,31.21547791832464,59.34695689570772
2026-05-22 06:41:00,3,TXN00545711,CR,RBOSGB2L,SWIFT,138252.49,16.331902558430038,31.050260377114427
2026-05-22 06:41:00,4,TXN00545709,DR,HSBCGB2L,FPS,63160.74,7.461240308932839,14.185331653782338
2026-05-22 06:42:00,1,TXN00545715,DR,MIDLGB22,CHAPS,408055.22,62.916746027919515,169.0885440008744
2026-05-22 06:42:00,2,TXN00545713,DR,CITIGB2L,CHAPS,93467.23,14.41141709164544,38.73063511476424
2026-05-22 06:42:00,3,TXN00545714,CR,BNPAGB22,CHAPS,77680.63,11.977331080334631,32.18903712044327
2026-05-22 06:42:00,4,TXN00545712,DR,SANTGB2L,BACS,69360.69,10.69450580010043,28.741448480909053
2026-05-22 06:43:00,1,TXN00545717,DR,HSBCGB2L,CHAPS,448094.4,63.117232731273425,151.6739762120405
2026-05-22 06:43:00,2,TXN00545718,CR,NWBKGB2L,CHAPS,203766.88,28.701991339069323,68.97237035303657
2026-05-22 06:43:00,3,TXN00545716,CR,CITIGB2L,BACS,58078.59,8.180775929657255,19.658827867719065
2026-05-22 06:44:00,1,TXN00545719,DR,TSBSGB2A,CHAPS,44745.67,100.0,
2026-05-22 06:45:00,1,TXN00545723,CR,TSBSGB2A,CHAPS,1246794.05,68.05956144017252,102.66065077405747
2026-05-22 06:45:00,2,TXN00545720,DR,MIDLGB22,BACS,169257.16,9.239351182506132,13.936584148575916
2026-05-22 06:45:00,3,TXN00545724,DR,NWBKGB2L,BACS,168228.84,9.183217606780328,13.851912586015942
2026-05-22 06:45:00,4,TXN00545721,DR,BNPAGB22,FPS,125833.05,6.868930917403159,10.361055863143164
2026-05-22 06:45:00,5,TXN00545722,DR,COBAGB2X,FPS,121802.98,6.6489388531378575,10.029221099522816
2026-05-22 06:46:00,1,TXN00545727,CR,DEUTGB2L,BACS,174376.03,58.89672950546089,
2026-05-22 06:46:00,2,TXN00545725,DR,CITIGB2L,FPS,96614.64,32.632273589136545,
2026-05-22 06:46:00,3,TXN00545726,CR,NTSBGB2L,CHAPS,25080.15,8.470996905402565,
2026-05-22 10:40:00,1,TXN00548630,CR,LOYDGB2L,CHAPS,24385548.16,88.05038860727834,94.93505251034341
2026-05-22 10:40:00,2,TXN00548625,CR,SANTGB2L,FPS,599265.96,2.1638062146852195,2.332994321348951
2026-05-22 10:40:00,3,TXN00548626,DR,RBOSGB2L,CHAPS,542380.83,1.9584076003251165,2.111535579959406
2026-05-22 10:40:00,4,TXN00548637,DR,SANTGB2L,CHAPS,489829.0,1.7686554970234691,1.90694675104195
2026-05-22 10:40:00,5,TXN00548622,CR,CITIGB2L,BACS,259327.59,0.9363699731607324,1.0095847840900374
2026-05-22 12:26:00,1,TXN00549705,CR,CHASGB2L,FPS,21862233.49,96.5561175924973,103.9892267432984
2026-05-22 12:26:00,2,TXN00549708,CR,NTSBGB2L,FPS,290967.75,1.2850798751863644,1.3840082415905697
2026-05-22 12:26:00,3,TXN00549711,DR,BNPAGB22,CHAPS,127658.72,0.5638138658461326,0.6072175373074951
2026-05-22 12:26:00,4,TXN00549714,DR,RBOSGB2L,CHAPS,100932.36,0.4457749856850637,0.4800917561591838
2026-05-22 12:26:00,5,TXN00549709,CR,TSBSGB2A,CHAPS,66625.42,0.29425593186131144,0.31690842156710897
2026-05-25 09:24:00,1,TXN00554924,DR,MIDLGB22,CHAPS,15271207.69,88.26870640505467,101.66995359539266
2026-05-25 09:24:00,2,TXN00554917,DR,SANTGB2L,FPS,345701.01,1.9981773265779526,2.3015472225943103
2026-05-25 09:24:00,3,TXN00554922,DR,RBOSGB2L,CHAPS,257035.27,1.4856828119907495,1.7112440943614213
2026-05-25 09:24:00,4,TXN00554921,DR,CHASGB2L,BACS,253667.28,1.4662155814664843,1.6888212844592303
2026-05-25 09:24:00,5,TXN00554916,CR,BNPAGB22,CHAPS,246542.95,1.4250364287846362,1.641390176507462
2026-05-26 06:47:00,1,TXN00560263,CR,HSBCGB2L,CHAPS,1141884.76,80.41481159894104,149.71073951837565
2026-05-26 06:47:00,2,TXN00560261,CR,DEUTGB2L,CHAPS,161939.39,11.404237969948419,21.231622212082634
2026-05-26 06:47:00,3,TXN00560262,CR,CHASGB2L,SWIFT,83282.3,5.864979285673702,10.919013160129412
2026-05-26 06:47:00,4,TXN00560264,CR,NTSBGB2L,FPS,32886.63,2.3159711454368495,4.311715043440283
2026-05-26 06:48:00,1,TXN00560265,DR,BOFAGB22,BACS,214284.28,41.54882744795516,
2026-05-26 06:48:00,2,TXN00560268,CR,CITIGB2L,BACS,114504.79,22.202000826539127,
2026-05-26 06:48:00,3,TXN00560266,DR,BOFAGB22,BACS,94995.51,18.41923286822766,
2026-05-26 06:48:00,4,TXN00560267,CR,MIDLGB22,BACS,91956.28,17.82993885727805,
2026-05-26 06:49:00,1,TXN00560269,CR,RBOSGB2L,CHAPS,79625.69,76.22473297642439,
2026-05-26 06:49:00,2,TXN00560270,CR,SANTGB2L,SWIFT,24836.06,23.775267023575616,
2026-05-26 06:50:00,1,TXN00560272,DR,DEUTGB2L,CHAPS,618257.68,90.20165293770552,1706.1512118189232
2026-05-26 06:50:00,2,TXN00560271,CR,NTSBGB2L,BACS,67159.56,9.798347062294495,185.33431671924507
2026-05-26 06:51:00,1,TXN00560275,CR,HSBCGB2L,CHAPS,188651.48,39.31174868184771,
2026-05-26 06:51:00,2,TXN00560273,DR,NTSBGB2L,FPS,141117.14,29.40640350333387,
2026-05-26 06:51:00,3,TXN00560274,DR,TSBSGB2A,BACS,114624.31,23.885749889426805,
2026-05-26 06:51:00,4,TXN00560276,CR,HSBCGB2L,CHAPS,35492.82,7.396097925391617,
2026-05-26 07:11:00,1,TXN00560355,CR,TSBSGB2A,CHAPS,101694.17,63.03224547613892,
2026-05-26 07:11:00,2,TXN00560356,CR,SANTGB2L,BACS,59642.57,36.96775452386109,
2026-05-26 09:01:00,1,TXN00561261,DR,MIDLGB22,FPS,11217269.34,91.21217380408547,113.48457529520589
2026-05-26 09:01:00,2,TXN00561259,DR,MIDLGB22,SWIFT,344842.69,2.8040559981194466,3.4887569364815074
2026-05-26 09:01:00,3,TXN00561253,DR,DEUTGB2L,FPS,220052.93,1.7893397661126547,2.226264926568632
2026-05-26 09:01:00,4,TXN00561260,DR,CITIGB2L,INTERNAL,175525.91,1.4272724782447155,1.7757872032744229
2026-05-26 09:01:00,5,TXN00561254,DR,LOYDGB2L,BACS,127599.86,1.0375662966560248,1.2909216566808166
2026-05-26 11:48:00,1,TXN00562864,DR,MIDLGB22,FPS,794574.97,43.94882474369564,146.1115430715152
2026-05-26 11:48:00,2,TXN00562857,DR,BOFAGB22,BACS,288104.94,15.935404453846498,52.97858470161262
2026-05-26 11:48:00,3,TXN00562863,CR,COBAGB2X,FPS,270091.86,14.939080977895362,49.66622398847481
2026-05-26 11:48:00,4,TXN00562858,CR,NTSBGB2L,CHAPS,180019.7,9.957089695026092,33.10317735061708
2026-05-26 11:48:00,5,TXN00562861,CR,BARCGB22,SWIFT,123285.24,6.819043653293603,22.670480866446233
2026-05-26 11:49:00,1,TXN00562873,DR,CHASGB2L,FPS,691575.47,29.805331356147494,65.47975161240497
2026-05-26 11:49:00,2,TXN00562872,CR,COBAGB2X,BACS,639818.76,27.57473475697368,60.57932257452241
2026-05-26 11:49:00,3,TXN00562871,CR,RBOSGB2L,CHAPS,315546.12,13.59932078670558,29.876539085254326
2026-05-26 11:49:00,4,TXN00562869,CR,BOFAGB22,BACS,220909.14,9.520681983271583,20.916120139585047
2026-05-26 11:49:00,5,TXN00562868,CR,NTSBGB2L,INTERNAL,169316.24,7.297145222887958,16.03120096082405
2026-05-26 11:50:00,1,TXN00562878,DR,CITIGB2L,BACS,833030.84,55.71676187960956,374.0599352683699
2026-05-26 11:50:00,2,TXN00562882,CR,BARCGB22,CHAPS,293895.34,19.65701134943202,131.96927001655254
2026-05-26 11:50:00,3,TXN00562881,DR,BARCGB22,CHAPS,136382.03,9.121829259247793,61.240293712978115
2026-05-26 11:50:00,4,TXN00562874,DR,TSBSGB2A,FPS,75320.76,5.037783294447082,33.82165132081355
2026-05-26 11:50:00,5,TXN00562877,CR,BOFAGB22,SWIFT,71175.79,4.76054949300928,31.960415055071774
2026-05-27 13:40:00,1,TXN00571430,DR,DEUTGB2L,SWIFT,29356829.96,86.20021999009643,90.59160824833317
2026-05-27 13:40:00,2,TXN00571428,CR,BARCGB22,SWIFT,1144423.23,3.3603605812409287,3.531550956411647
2026-05-27 13:40:00,3,TXN00571424,CR,DEUTGB2L,INTERNAL,903079.64,2.651705369504994,2.7867939786209037
2026-05-27 13:40:00,4,TXN00571426,CR,DEUTGB2L,CHAPS,859183.02,2.522812082798718,2.6513343459601453
2026-05-27 13:40:00,5,TXN00571427,DR,NTSBGB2L,CHAPS,365981.77,1.0746292814772591,1.129375248589394
2026-05-27 13:59:00,1,TXN00571680,CR,HSBCGB2L,CHAPS,12076071.32,91.82304124031971,105.14792010529995
2026-05-27 13:59:00,2,TXN00571677,CR,BARCGB22,INTERNAL,287973.55,2.1896696746050077,2.50742307042284
2026-05-27 13:59:00,3,TXN00571679,CR,BARCGB22,FPS,200743.27,1.5263952217140957,1.7478977025151137
2026-05-27 13:59:00,4,TXN00571683,DR,HSBCGB2L,BACS,161840.49,1.2305894519695126,1.409166148608221
2026-05-27 13:59:00,5,TXN00571682,CR,NWBKGB2L,FPS,159824.95,1.2152638541291785,1.3916165802698788
2026-05-27 14:26:00,1,TXN00572009,DR,BNPAGB22,BACS,22190453.95,90.00099449267236,96.24593606940215
2026-05-27 14:26:00,2,TXN00572016,DR,NWBKGB2L,BACS,623153.8,2.527413898258168,2.7027847619225933
2026-05-27 14:26:00,3,TXN00572014,CR,BOFAGB22,BACS,587899.47,2.384427875199687,2.5498773000475463
2026-05-27 14:26:00,4,TXN00572019,CR,BARCGB22,CHAPS,294867.95,1.1959380733630998,1.2789211941568086
2026-05-27 14:26:00,5,TXN00572018,CR,CHASGB2L,CHAPS,258436.3,1.04817702537386,1.1209073804374712
2026-05-27 17:30:00,1,TXN00574015,DR,NWBKGB2L,FPS,49063083.08,95.97401447406068,99.3993877920935
2026-05-27 17:30:00,2,TXN00574020,DR,DEUTGB2L,CHAPS,444100.62,0.8687207704073888,0.8997259645120769
2026-05-27 17:30:00,3,TXN00574014,DR,RBOSGB2L,CHAPS,344819.59,0.6745136718709376,0.698587491716199
2026-05-27 17:30:00,4,TXN00574019,CR,COBAGB2X,FPS,325285.24,0.6363018459531814,0.6590118615473728
2026-05-27 17:30:00,5,TXN00574025,CR,MIDLGB22,FPS,302577.12,0.5918816974271482,0.6130063298071649
2026-05-28 06:32:00,1,TXN00574448,DR,BOFAGB22,CHAPS,782738.11,70.91474406196983,119.79925011107882
2026-05-28 06:32:00,2,TXN00574446,CR,LOYDGB2L,CHAPS,206979.05,18.751950581452657,31.67845625748756
2026-05-28 06:32:00,3,TXN00574447,DR,LOYDGB2L,SWIFT,67564.29,6.121209983092182,10.340816644646905
2026-05-28 06:32:00,4,TXN00574445,DR,RBOSGB2L,CHAPS,46491.99,4.212095373485342,7.115669298600748
2026-05-28 10:36:00,1,TXN00578275,CR,TSBSGB2A,CHAPS,5855642.2,57.94771520908962,73.41722591607551
2026-05-28 10:36:00,2,TXN00578270,DR,MIDLGB22,BACS,1242701.87,12.297837127508085,15.580822874751382
2026-05-28 10:36:00,3,TXN00578272,DR,NWBKGB2L,INTERNAL,1201033.76,11.885487518513699,15.058393918049434
2026-05-28 10:36:00,4,TXN00578267,DR,BNPAGB22,CHAPS,303752.63,3.0059505509493003,3.808408146814724
2026-05-28 10:36:00,5,TXN00578266,CR,LOYDGB2L,CHAPS,250410.31,2.478072401571914,3.139609571941486
2026-05-29 06:17:00,1,TXN00584197,CR,CITIGB2L,SWIFT,177742.96,54.8615441949542,122.67400139780692
2026-05-29 06:17:00,2,TXN00584196,DR,MIDLGB22,CHAPS,146241.65,45.1384558050458,100.93253975582262
2026-05-29 06:19:00,1,TXN00584198,CR,DEUTGB2L,SWIFT,346058.46,100.0,210.45431085471824
2026-05-29 06:20:00,1,TXN00584200,CR,BARCGB22,CHAPS,647300.28,70.5314560896275,87.93377323223552
2026-05-29 06:20:00,2,TXN00584201,CR,SANTGB2L,BACS,126816.14,13.818203523511613,17.227586703573547
2026-05-29 06:20:00,3,TXN00584199,CR,COBAGB2X,SWIFT,113362.7,12.352283081434193,15.399977819867383
2026-05-29 06:20:00,4,TXN00584202,DR,MIDLGB22,FPS,30267.82,3.298057305426701,4.1117912387031925
2026-05-29 06:21:00,1,TXN00584203,CR,BOFAGB22,SWIFT,397594.5,40.74608382290457,50.06470040478673
2026-05-29 06:21:00,2,TXN00584204,DR,BNPAGB22,CHAPS,257144.71,26.35257758413783,32.379403806706996
2026-05-29 06:21:00,3,TXN00584206,DR,CHASGB2L,CHAPS,228509.58,23.418006287855388,28.773696975998522
2026-05-29 06:21:00,4,TXN00584205,CR,BARCGB22,FPS,92537.01,9.483332305102206,11.652167426875254
2026-05-29 06:22:00,1,TXN00584207,DR,SANTGB2L,CHAPS,692856.92,48.984657905269955,56.32951804261589
2026-05-29 06:22:00,2,TXN00584212,DR,NWBKGB2L,INTERNAL,337023.97,23.827435939192124,27.400170584872033
2026-05-29 06:22:00,3,TXN00584208,DR,TSBSGB2A,CHAPS,269182.09,19.031046977023177,21.88460121810439
2026-05-29 06:22:00,4,TXN00584209,CR,TSBSGB2A,CHAPS,41115.76,2.9068648662918486,3.3427261500915146
2026-05-29 06:22:00,5,TXN00584211,DR,HSBCGB2L,CHAPS,41073.31,2.9038636712859898,3.339274949747136
2026-05-29 06:23:00,1,TXN00584213,CR,NTSBGB2L,CHAPS,815662.06,68.30684355531339,81.23951551588824
2026-05-29 06:23:00,2,TXN00584215,DR,TSBSGB2A,BACS,346001.19,28.975540624363802,34.46153796036657
2026-05-29 06:23:00,3,TXN00584214,DR,BARCGB22,SWIFT,32451.45,2.717615820322788,3.232147484937661
2026-05-29 06:24:00,1,TXN00584217,DR,NWBKGB2L,BACS,289484.6,92.46110310590652,235.3636570544566
2026-05-29 06:24:00,2,TXN00584216,CR,DEUTGB2L,CHAPS,23603.38,7.538896894093475,19.190581591027712
2026-05-29 06:25:00,1,TXN00584219,DR,BARCGB22,FPS,321605.79,51.36251552206845,73.75341516973236
2026-05-29 06:25:00,2,TXN00584221,CR,TSBSGB2A,BACS,156917.06,25.06066489016677,35.98557436852678
2026-05-29 06:25:00,3,TXN00584220,DR,SANTGB2L,CHAPS,104159.27,16.63490611329578,23.88670267437116
2026-05-29 06:25:00,4,TXN00584218,DR,CHASGB2L,CHAPS,29542.99,4.718205733930701,6.775053418115551
2026-05-29 06:25:00,5,TXN00584222,DR,NWBKGB2L,CHAPS,13923.72,2.2237077405383,3.1931076298940577
2026-05-29 06:26:00,1,TXN00584226,CR,DEUTGB2L,CHAPS,242434.85,52.845661103367775,90.23625010836864
2026-05-29 06:26:00,2,TXN00584225,CR,NWBKGB2L,CHAPS,90938.71,19.822712163030367,33.848137675307015
2026-05-29 06:26:00,3,TXN00584224,CR,TSBSGB2A,CHAPS,68263.05,14.87989868693486,25.40807005659489
2026-05-29 06:26:00,4,TXN00584223,DR,RBOSGB2L,SWIFT,57123.57,12.451728046666997,21.26186375268615
2026-05-29 06:27:00,1,TXN00584230,DR,NWBKGB2L,FPS,470362.19,54.03279298302971,69.92524359448667
2026-05-29 06:27:00,2,TXN00584229,DR,DEUTGB2L,SWIFT,199934.9,22.967494606194318,29.722832495399626
2026-05-29 06:27:00,3,TXN00584228,CR,SANTGB2L,FPS,171162.98,19.66232418617333,25.44552543829735
2026-05-29 06:27:00,4,TXN00584227,DR,HSBCGB2L,CHAPS,29052.38,3.3373882246026465,4.319000956474824
2026-05-29 06:28:00,1,TXN00584233,DR,BNPAGB22,CHAPS,135550.12,34.96782782109634,71.41949441814845
2026-05-29 06:28:00,2,TXN00584231,DR,HSBCGB2L,BACS,131753.5,33.98841478581367,69.41910754355304
2026-05-29 06:28:00,3,TXN00584232,CR,NTSBGB2L,INTERNAL,61525.8,15.871793997343634,32.41709804220105
2026-05-29 06:28:00,4,TXN00584234,CR,DEUTGB2L,CHAPS,58812.96,15.171963395746358,30.987739947665023
2026-05-29 06:29:00,1,TXN00584235,CR,MIDLGB22,FPS,232390.2,70.1524252495746,187.37672683904435
2026-05-29 06:29:00,2,TXN00584236,CR,MIDLGB22,CHAPS,48104.37,14.521430854669772,38.78665880598373
2026-05-29 06:29:00,3,TXN00584238,CR,RBOSGB2L,FPS,28909.48,8.727003697677752,23.30977699153758
2026-05-29 06:29:00,4,TXN00584237,DR,TSBSGB2A,CHAPS,21860.62,6.59914019807787,17.62626574731701
2026-05-29 06:30:00,1,TXN00584240,DR,NWBKGB2L,CHAPS,198218.34,55.871883362478265,
2026-05-29 06:30:00,2,TXN00584239,CR,MIDLGB22,BACS,92180.58,25.98297722625261,
2026-05-29 06:30:00,3,TXN00584241,CR,NWBKGB2L,SWIFT,64374.05,18.14513941126913,
2026-05-29 06:31:00,1,TXN00584243,DR,CITIGB2L,CHAPS,334049.13,37.22367201710941,82.5288429493198
2026-05-29 06:31:00,2,TXN00584245,CR,BOFAGB22,BACS,314349.36,35.02849259157853,77.66189650803518
2026-05-29 06:31:00,3,TXN00584244,DR,CITIGB2L,FPS,218019.69,24.294310941123744,53.8630732427574
2026-05-29 06:31:00,4,TXN00584242,CR,BARCGB22,CHAPS,30992.29,3.453524450188329,7.6568312991857645
2026-05-29 06:32:00,1,TXN00584246,DR,DEUTGB2L,FPS,15251.97,100.0,
2026-05-29 06:33:00,1,TXN00584250,CR,CITIGB2L,CHAPS,2069901.99,93.47884077605707,119.28955916218632
2026-05-29 06:33:00,2,TXN00584247,DR,CHASGB2L,CHAPS,62971.25,2.8438445301554034,3.629066829580576
2026-05-29 06:33:00,3,TXN00584249,CR,CHASGB2L,FPS,44685.46,2.018039994417739,2.5752469682680537
2026-05-29 06:33:00,4,TXN00584248,DR,BNPAGB22,FPS,36741.32,1.659274699369781,2.117421929642582
2026-05-29 06:34:00,1,TXN00584253,DR,HSBCGB2L,SWIFT,986333.08,59.74512854875404,85.15664584600789
2026-05-29 06:34:00,2,TXN00584252,DR,LOYDGB2L,INTERNAL,338788.77,20.521443541693102,29.249870949775527
2026-05-29 06:34:00,3,TXN00584254,DR,CITIGB2L,CHAPS,155308.94,9.40752446939195,13.408846026231716
2026-05-29 06:34:00,4,TXN00584251,CR,MIDLGB22,BACS,81483.85,4.935719171963078,7.035038667281879
2026-05-29 06:34:00,5,TXN00584255,DR,CITIGB2L,SWIFT,74442.09,4.5091788227237775,6.4270770419325745
2026-05-29 06:35:00,1,TXN00584258,DR,HSBCGB2L,SWIFT,264679.97,43.72113734370472,271.3255915657968
2026-05-29 06:35:00,2,TXN00584259,CR,DEUTGB2L,CHAPS,188203.97,31.08845607395408,192.9294215020558
2026-05-29 06:35:00,3,TXN00584261,DR,RBOSGB2L,FPS,104936.74,17.333966079641893,107.57150628922248
2026-05-29 06:35:00,4,TXN00584257,DR,BNPAGB22,INTERNAL,34276.96,5.662036594173232,35.137590687641215
2026-05-29 06:35:00,5,TXN00584260,CR,RBOSGB2L,FPS,13284.53,2.1944039085260805,13.61807983023262
2026-05-29 10:34:00,1,TXN00588657,DR,TSBSGB2A,SWIFT,10946152.65,86.72859197215837,105.06948843938517
2026-05-29 10:34:00,2,TXN00588653,CR,CHASGB2L,BACS,297965.33,2.3608398634400114,2.8600975883314206
2026-05-29 10:34:00,3,TXN00588652,CR,HSBCGB2L,FPS,279252.54,2.212574625372946,2.6804780146382243
2026-05-29 10:34:00,4,TXN00588665,CR,SANTGB2L,CHAPS,227013.83,1.7986767098581367,2.1790511926366705
2026-05-29 10:34:00,5,TXN00588651,CR,HSBCGB2L,SWIFT,164656.08,1.3046035839866588,1.5804941377310755
2026-05-29 13:05:00,1,TXN00591051,DR,RBOSGB2L,BACS,8349627.24,51.22087652074524,57.98862760812022
2026-05-29 13:05:00,2,TXN00591065,CR,DEUTGB2L,FPS,1630488.66,10.00224991149849,11.323834825948822
2026-05-29 13:05:00,3,TXN00591049,CR,BOFAGB22,FPS,1245686.36,7.64167613656686,8.651361356648394
2026-05-29 13:05:00,4,TXN00591063,DR,BOFAGB22,CHAPS,1114387.65,6.836222812851399,7.739484481098608
2026-05-29 13:05:00,5,TXN00591060,CR,BOFAGB22,SWIFT,1074909.64,6.594044543406313,7.465307496330645
2026-05-29 15:58:00,1,TXN00593654,CR,BARCGB22,SWIFT,8100304.28,72.60320660739507,78.9693787299782
2026-05-29 15:58:00,2,TXN00593643,CR,CHASGB2L,CHAPS,1242605.09,11.137496933716513,12.114082208774589
2026-05-29 15:58:00,3,TXN00593648,DR,MIDLGB22,CHAPS,230915.43,2.069700111700677,2.2511806243241232
2026-05-29 15:58:00,4,TXN00593640,CR,MIDLGB22,CHAPS,228859.8,2.0512754544977554,2.231140411217622
2026-05-29 15:58:00,5,TXN00593649,DR,CITIGB2L,INTERNAL,177955.39,1.5950181006125816,1.7348763829339724
2026-06-01 06:17:00,1,TXN00595615,CR,CITIGB2L,CHAPS,656677.52,63.664989580814954,79.67297512425498
2026-06-01 06:17:00,2,TXN00595617,DR,NTSBGB2L,INTERNAL,299126.72,29.00038288526056,36.29226674541864
2026-06-01 06:17:00,3,TXN00595616,DR,BARCGB22,CHAPS,75653.59,7.334627533924484,9.178853258339931
2026-06-01 06:18:00,1,TXN00595620,DR,COBAGB2X,SWIFT,212783.94,91.2820754374599,1051.1198803117456
2026-06-01 06:18:00,2,TXN00595618,DR,BNPAGB22,FPS,12309.91,5.280822101744811,60.80905883145297
2026-06-01 06:18:00,3,TXN00595619,DR,LOYDGB2L,INTERNAL,8012.09,3.4371024607952934,39.57849018984672
2026-06-01 06:19:00,1,TXN00595621,DR,HSBCGB2L,CHAPS,408037.49,93.85297419314847,183.8834548943369
2026-06-01 06:19:00,2,TXN00595622,DR,HSBCGB2L,FPS,26724.96,6.147025806851534,12.043692300707363
2026-06-01 06:21:00,1,TXN00595623,DR,NTSBGB2L,SWIFT,99210.46,52.13279197315318,
2026-06-01 06:21:00,2,TXN00595624,CR,CHASGB2L,CHAPS,91092.91,47.86720802684682,
2026-06-01 06:22:00,1,TXN00595626,CR,CITIGB2L,INTERNAL,199103.62,56.198690343112304,127.27394101176003
2026-06-01 06:22:00,2,TXN00595625,DR,SANTGB2L,CHAPS,110936.92,31.312889312101017,70.91472777896425
2026-06-01 06:22:00,3,TXN00595627,DR,CITIGB2L,CHAPS,44244.62,12.488420344786668,28.282695995018763
2026-06-01 06:23:00,1,TXN00595629,DR,NTSBGB2L,FPS,141535.31,72.61015585742102,
2026-06-01 06:23:00,2,TXN00595628,DR,HSBCGB2L,BACS,53389.64,27.389844142578976,
2026-06-01 06:24:00,1,TXN00595631,CR,MIDLGB22,FPS,47645.5,76.68557618115794,
2026-06-01 06:24:00,2,TXN00595630,CR,RBOSGB2L,FPS,14485.48,23.314423818842066,
2026-06-02 06:18:00,1,TXN00601724,CR,CHASGB2L,CHAPS,216207.63,89.32313835066803,499.5210051320234
2026-06-02 06:18:00,2,TXN00601723,CR,NWBKGB2L,BACS,25843.46,10.676861649331965,59.70811999229279
2026-06-02 06:35:00,1,TXN00601743,DR,MIDLGB22,CHAPS,29234.96,100.0,
2026-06-02 06:36:00,1,TXN00601747,DR,NWBKGB2L,CHAPS,1745276.53,91.26783160806852,120.64563724828194
2026-06-02 06:36:00,2,TXN00601746,CR,HSBCGB2L,CHAPS,78176.2,4.088161465941839,5.40408199189451
2026-06-02 06:36:00,3,TXN00601744,DR,COBAGB2X,CHAPS,46610.66,2.437466954317512,3.2220525983140362
2026-06-02 06:36:00,4,TXN00601745,CR,NWBKGB2L,INTERNAL,42194.74,2.20653997167213,2.9167935328996673
2026-06-02 06:43:00,1,TXN00601770,DR,NTSBGB2L,CHAPS,460694.77,43.40831587079658,82.44727948417885
2026-06-02 06:43:00,2,TXN00601771,CR,COBAGB2X,FPS,382798.53,36.068652364159895,68.50674121836205
2026-06-02 06:43:00,3,TXN00601773,CR,MIDLGB22,CHAPS,163764.74,15.430501983816475,29.307815429365267
2026-06-02 06:43:00,4,TXN00601772,CR,BARCGB22,SWIFT,43127.71,4.063647734625058,7.7182607475283795
2026-06-02 06:43:00,5,TXN00601774,DR,CHASGB2L,CHAPS,10919.58,1.0288820466019897,1.9541998796944227
2026-06-02 06:44:00,1,TXN00601775,CR,MIDLGB22,FPS,131206.78,100.0,
2026-06-02 06:45:00,1,TXN00601779,DR,NWBKGB2L,CHAPS,321660.35,47.79755961968602,
2026-06-02 06:45:00,2,TXN00601776,DR,NWBKGB2L,CHAPS,174863.59,25.984094304247737,
2026-06-02 06:45:00,3,TXN00601777,DR,RBOSGB2L,CHAPS,76173.48,11.31910243752132,
2026-06-02 06:45:00,4,TXN00601778,CR,RBOSGB2L,CHAPS,52744.88,7.83769757893127,
2026-06-02 06:45:00,5,TXN00601780,DR,TSBSGB2A,CHAPS,25351.87,3.7671957945563683,
2026-06-02 06:46:00,1,TXN00601783,DR,MIDLGB22,SWIFT,84175.75,63.61331760427616,
2026-06-02 06:46:00,2,TXN00601782,DR,NWBKGB2L,CHAPS,48148.35,36.38668239572383,
2026-06-02 06:47:00,1,TXN00601792,DR,DEUTGB2L,FPS,330764.63,31.818952540439785,167.49727884506186
2026-06-02 06:47:00,2,TXN00601787,CR,DEUTGB2L,CHAPS,184000.34,17.70049622864689,93.17669865900169
2026-06-02 06:47:00,3,TXN00601784,DR,CHASGB2L,FPS,181622.62,17.471763912756725,91.97263512338277
2026-06-02 06:47:00,4,TXN00601786,CR,TSBSGB2A,FPS,144245.1,13.876114840607325,73.04487706782261
2026-06-02 06:47:00,5,TXN00601785,DR,HSBCGB2L,BACS,95879.68,9.223449881907124,48.55291055919522
2026-06-02 06:48:00,1,TXN00601797,CR,HSBCGB2L,CHAPS,414249.31,40.934727001132416,247.4525148176198
2026-06-02 06:48:00,2,TXN00601795,DR,LOYDGB2L,BACS,358047.32,35.38103490790871,213.8801625468225
2026-06-02 06:48:00,3,TXN00601794,DR,NWBKGB2L,SWIFT,97596.78,9.64418636084048,58.2995989760417
2026-06-02 06:48:00,4,TXN00601798,DR,BOFAGB22,CHAPS,77209.33,7.629566952061654,46.12112178505137
2026-06-02 06:48:00,5,TXN00601796,DR,COBAGB2X,FPS,34200.86,3.3796142407671113,20.42994064594903
2026-06-02 06:49:00,1,TXN00601799,CR,RBOSGB2L,BACS,109791.27,55.50835846406979,
2026-06-02 06:49:00,2,TXN00601800,DR,SANTGB2L,CHAPS,88001.05,44.49164153593021,
2026-06-02 06:50:00,1,TXN00601801,DR,CHASGB2L,CHAPS,523524.21,100.0,
2026-06-02 06:51:00,1,TXN00601805,CR,BARCGB22,BACS,385430.96,51.129231832795,
2026-06-02 06:51:00,2,TXN00601806,CR,RBOSGB2L,CHAPS,159656.07,21.179129503615762,
2026-06-02 06:51:00,3,TXN00601804,CR,COBAGB2X,FPS,76364.8,10.130150320734545,
2026-06-02 06:51:00,4,TXN00601807,CR,SANTGB2L,INTERNAL,65755.3,8.722750185753073,
2026-06-02 06:51:00,5,TXN00601802,DR,TSBSGB2A,FPS,41446.23,5.498037579195359,
2026-06-02 06:52:00,1,TXN00601810,DR,BNPAGB22,CHAPS,140134.01,42.19686688571793,
2026-06-02 06:52:00,2,TXN00601809,DR,DEUTGB2L,BACS,107255.63,32.296596249931156,
2026-06-02 06:52:00,3,TXN00601811,CR,BARCGB22,BACS,84706.13,25.506536864350906,
2026-06-02 06:53:00,1,TXN00601812,DR,BNPAGB22,CHAPS,439466.33,100.0,
2026-06-02 06:54:00,1,TXN00601814,DR,NTSBGB2L,FPS,495346.2,42.17296141504989,150.1098914172144
2026-06-02 06:54:00,2,TXN00601817,DR,RBOSGB2L,CHAPS,333460.13,28.390247459145787,101.05187827477066
2026-06-02 06:54:00,3,TXN00601816,CR,CITIGB2L,SWIFT,201462.07,17.152149556625407,61.05113848130307
2026-06-02 06:54:00,4,TXN00601815,CR,TSBSGB2A,INTERNAL,98064.76,8.349072506574448,29.717580301322975
2026-06-02 06:54:00,5,TXN00601813,DR,COBAGB2X,BACS,46225.57,3.935569062604473,14.008213434157451
2026-06-02 06:55:00,1,TXN00601824,DR,COBAGB2X,FPS,297908.22,33.049546626315156,524.2174853228171
2026-06-02 06:55:00,2,TXN00601819,CR,RBOSGB2L,FPS,178840.02,19.840276913611632,314.697813841734
2026-06-02 06:55:00,3,TXN00601823,CR,NWBKGB2L,CHAPS,124065.89,13.763706876870627,218.3139118153143
2026-06-02 06:55:00,4,TXN00601822,DR,HSBCGB2L,FPS,103081.59,11.435736197610467,181.3886568584031
2026-06-02 06:55:00,5,TXN00601821,CR,RBOSGB2L,CHAPS,84846.94,9.412808077703142,149.30185385329733
2026-06-02 06:56:00,1,TXN00601827,CR,BOFAGB22,CHAPS,80053.16,39.678405955580374,
2026-06-02 06:56:00,2,TXN00601828,CR,BNPAGB22,FPS,61513.31,30.489116055524377,
2026-06-02 06:56:00,3,TXN00601826,CR,BOFAGB22,SWIFT,34814.86,17.256010235782036,
2026-06-02 06:56:00,4,TXN00601825,DR,CHASGB2L,CHAPS,25373.65,12.576467753113207,
2026-06-02 06:57:00,1,TXN00601834,CR,COBAGB2X,INTERNAL,203633.39,36.18940332979265,
2026-06-02 06:57:00,2,TXN00601833,CR,COBAGB2X,CHAPS,109839.41,19.520485859398892,
2026-06-02 06:57:00,3,TXN00601831,CR,CHASGB2L,SWIFT,99302.2,17.647829598749674,
2026-06-02 06:57:00,4,TXN00601830,CR,NWBKGB2L,CHAPS,70846.61,12.590747243556281,
2026-06-02 06:57:00,5,TXN00601832,CR,BOFAGB22,CHAPS,54332.16,9.65582536350658,
2026-06-02 06:58:00,1,TXN00601835,CR,SANTGB2L,CHAPS,154083.35,71.19068686384351,
2026-06-02 06:58:00,2,TXN00601836,DR,NWBKGB2L,SWIFT,62354.16,28.80931313615648,
2026-06-02 06:59:00,1,TXN00601839,DR,BOFAGB22,BACS,206048.06,75.09109869643467,
2026-06-02 06:59:00,2,TXN00601838,DR,RBOSGB2L,CHAPS,36077.39,13.147859063559082,
2026-06-02 06:59:00,3,TXN00601837,DR,COBAGB2X,BACS,32272.0,11.761042240006239,
2026-06-02 07:00:00,1,TXN00601840,CR,CITIGB2L,SWIFT,242171.53,100.0,
2026-06-02 07:01:00,1,TXN00601841,DR,NTSBGB2L,BACS,231486.79,30.983908328441213,
2026-06-02 07:01:00,2,TXN00601844,DR,BNPAGB22,SWIFT,224719.9,30.078177597851163,
2026-06-02 07:01:00,3,TXN00601845,CR,HSBCGB2L,CHAPS,198242.47,26.534242050199744,
2026-06-02 07:01:00,4,TXN00601843,DR,BOFAGB22,SWIFT,80186.54,10.73276105532797,
2026-06-02 07:01:00,5,TXN00601842,DR,HSBCGB2L,SWIFT,12483.7,1.670910968179919,
2026-06-02 07:02:00,1,TXN00601847,CR,CHASGB2L,CHAPS,419740.98,32.911690043642665,112.85876430416147
2026-06-02 07:02:00,2,TXN00601851,DR,COBAGB2X,CHAPS,252209.67,19.77563993167739,67.81342079527317
2026-06-02 07:02:00,3,TXN00601852,CR,DEUTGB2L,BACS,229208.39,17.972120537485676,61.62890186120573
2026-06-02 07:02:00,4,TXN00601848,CR,LOYDGB2L,SWIFT,168219.63,13.190020954866624,45.23041703839174
2026-06-02 07:02:00,5,TXN00601849,CR,RBOSGB2L,CHAPS,131550.39,10.31480333609625,35.3708957822763
2026-06-02 07:03:00,1,TXN00601856,CR,COBAGB2X,CHAPS,504104.73,57.58907896483065,
2026-06-02 07:03:00,2,TXN00601854,DR,CHASGB2L,FPS,166416.66,19.011490278623995,
2026-06-02 07:03:00,3,TXN00601855,DR,CHASGB2L,SWIFT,101293.39,11.57178794042537,
2026-06-02 07:03:00,4,TXN00601857,CR,LOYDGB2L,BACS,66392.98,7.584754398020471,
2026-06-02 07:03:00,5,TXN00601853,DR,COBAGB2X,CHAPS,37140.03,4.242888418099508,
2026-06-02 07:04:00,1,TXN00601860,DR,LOYDGB2L,SWIFT,290890.02,69.16553590173505,
2026-06-02 07:04:00,2,TXN00601859,DR,LOYDGB2L,FPS,69844.57,16.60709127757717,
2026-06-02 07:04:00,3,TXN00601858,DR,BOFAGB22,SWIFT,59836.17,14.227372820687771,
2026-06-02 07:05:00,1,TXN00601864,DR,TSBSGB2A,SWIFT,451710.82,82.12773482260543,
2026-06-02 07:05:00,2,TXN00601863,CR,DEUTGB2L,FPS,55823.59,10.149557622653026,
2026-06-02 07:05:00,3,TXN00601861,DR,COBAGB2X,INTERNAL,30444.54,5.535269462697848,
2026-06-02 07:05:00,4,TXN00601862,DR,DEUTGB2L,CHAPS,12031.13,2.187438092043695,
2026-06-02 07:06:00,1,TXN00601865,CR,LOYDGB2L,FPS,243922.82,53.13901971493223,
2026-06-02 07:06:00,2,TXN00601867,CR,BNPAGB22,CHAPS,102737.53,22.38155344437819,
2026-06-02 07:06:00,3,TXN00601866,CR,CHASGB2L,SWIFT,65304.63,14.22672967230518,
2026-06-02 07:06:00,4,TXN00601869,DR,BARCGB22,INTERNAL,30279.95,6.596540905919185,
2026-06-02 07:06:00,5,TXN00601868,CR,TSBSGB2A,CHAPS,16782.77,3.656156262465206,
2026-06-02 07:07:00,1,TXN00601870,DR,CITIGB2L,CHAPS,185459.36,48.79634606563828,
2026-06-02 07:07:00,2,TXN00601871,CR,NTSBGB2L,BACS,98363.43,25.88047306150084,
2026-06-02 07:07:00,3,TXN00601872,CR,NWBKGB2L,FPS,96245.34,25.323180872860874,
2026-06-02 07:08:00,1,TXN00601873,DR,COBAGB2X,CHAPS,611323.52,80.91821927572813,
2026-06-02 07:08:00,2,TXN00601875,CR,BARCGB22,FPS,86265.68,11.41861057498621,
2026-06-02 07:08:00,3,TXN00601874,CR,CITIGB2L,CHAPS,57893.96,7.663170149285657,
2026-06-02 07:09:00,1,TXN00601876,CR,SANTGB2L,SWIFT,288388.58,23.059816422039688,80.26974915032518
2026-06-02 07:09:00,2,TXN00601880,DR,MIDLGB22,CHAPS,278463.0,22.266157905179316,77.50707450914666
2026-06-02 07:09:00,3,TXN00601877,DR,BNPAGB22,CHAPS,229858.78,18.379719716342468,63.978631229432814
2026-06-02 07:09:00,4,TXN00601883,DR,MIDLGB22,BACS,160947.65,12.86952230410336,44.79798573103809
2026-06-02 07:09:00,5,TXN00601878,CR,BNPAGB22,CHAPS,115813.55,9.26055810595799,32.235411702878956
2026-06-02 07:10:00,1,TXN00601884,DR,COBAGB2X,CHAPS,612307.91,87.85790837802651,
2026-06-02 07:10:00,2,TXN00601885,DR,HSBCGB2L,SWIFT,55067.03,7.9013744512789925,
2026-06-02 07:10:00,3,TXN00601886,CR,LOYDGB2L,INTERNAL,29554.82,4.240717170694504,
2026-06-02 07:11:00,1,TXN00601888,CR,TSBSGB2A,INTERNAL,236027.77,46.429520775267605,
2026-06-02 07:11:00,2,TXN00601890,DR,LOYDGB2L,SWIFT,161577.92,31.784333654741257,
2026-06-02 07:11:00,3,TXN00601887,DR,CHASGB2L,CHAPS,95758.82,18.836919581984404,
2026-06-02 07:11:00,4,TXN00601889,DR,TSBSGB2A,BACS,14992.6,2.949225988006738,
2026-06-02 07:12:00,1,TXN00601891,DR,NTSBGB2L,INTERNAL,139068.78,67.92259696247012,
2026-06-02 07:12:00,2,TXN00601892,DR,MIDLGB22,CHAPS,65677.19,32.07740303752987,
2026-06-02 07:13:00,1,TXN00601894,DR,TSBSGB2A,CHAPS,212305.16,30.838692400336868,
2026-06-02 07:13:00,2,TXN00601899,CR,BOFAGB22,SWIFT,155956.06,22.65362256060324,
2026-06-02 07:13:00,3,TXN00601896,CR,BNPAGB22,CHAPS,109199.13,15.861877216994621,
2026-06-02 07:13:00,4,TXN00601893,DR,BNPAGB22,CHAPS,81040.28,11.771622823284991,
2026-06-02 07:13:00,5,TXN00601897,DR,HSBCGB2L,CHAPS,69921.3,10.156519337220415,
2026-06-02 07:14:00,1,TXN00601904,CR,COBAGB2X,INTERNAL,398999.97,29.287202291712738,85.50357586674954
2026-06-02 07:14:00,2,TXN00601902,DR,LOYDGB2L,FPS,330687.24,24.2729444144273,70.86452039960308
2026-06-02 07:14:00,3,TXN00601901,CR,LOYDGB2L,SWIFT,197621.13,14.505690342349801,42.34915927895376
2026-06-02 07:14:00,4,TXN00601900,CR,CHASGB2L,SWIFT,179036.4,13.141543004075912,38.366550278962976
2026-06-02 07:14:00,5,TXN00601906,DR,CHASGB2L,FPS,121808.14,8.940902018005831,26.10283790166112
2026-06-02 07:15:00,1,TXN00601909,CR,RBOSGB2L,CHAPS,256730.34,55.09514850658395,
2026-06-02 07:15:00,2,TXN00601907,CR,NTSBGB2L,FPS,174432.84,37.433842935062515,
2026-06-02 07:15:00,3,TXN00601908,CR,LOYDGB2L,SWIFT,34813.13,7.471008558353534,
2026-06-02 13:56:00,1,TXN00605448,CR,MIDLGB22,SWIFT,18159059.25,90.89278553399772,101.3164491790453
2026-06-02 13:56:00,2,TXN00605452,CR,CITIGB2L,SWIFT,863728.04,4.3232772369207515,4.819074428053117
2026-06-02 13:56:00,3,TXN00605449,CR,DEUTGB2L,CHAPS,437780.19,2.191251230192598,2.442545825810211
2026-06-02 13:56:00,4,TXN00605450,DR,BNPAGB22,FPS,237404.54,1.1882972373151646,1.3245721973061257
2026-06-02 13:56:00,5,TXN00605453,CR,NTSBGB2L,CHAPS,138919.75,0.6953445588425282,0.7750872772134756
2026-06-02 16:20:00,1,TXN00606369,CR,COBAGB2X,CHAPS,143413.92,33.61485030256758,
2026-06-02 16:20:00,2,TXN00606371,DR,LOYDGB2L,SWIFT,120451.31,28.232634282628638,
2026-06-02 16:20:00,3,TXN00606372,CR,COBAGB2X,SWIFT,82592.79,19.35895952025717,
2026-06-02 16:20:00,4,TXN00606370,CR,NTSBGB2L,BACS,67665.52,15.860150293956071,
2026-06-02 16:20:00,5,TXN00606373,DR,NTSBGB2L,CHAPS,12515.04,2.9334056005905516,
2026-06-02 16:21:00,1,TXN00606377,DR,NTSBGB2L,CHAPS,740916.33,53.43665986651053,282.9430624132785
2026-06-02 16:21:00,2,TXN00606374,CR,DEUTGB2L,CHAPS,209122.0,15.082379389052493,79.86005531554369
2026-06-02 16:21:00,3,TXN00606375,CR,CHASGB2L,CHAPS,175551.17,12.66117074306888,67.0399391116593
2026-06-02 16:21:00,4,TXN00606379,DR,NWBKGB2L,BACS,98991.77,7.139523491233944,37.80323556576342
2026-06-02 16:21:00,5,TXN00606380,DR,NTSBGB2L,CHAPS,62569.5,4.512662164589665,23.894204010414548
2026-06-02 16:22:00,1,TXN00606383,CR,DEUTGB2L,SWIFT,362370.8,47.3277214728273,
2026-06-02 16:22:00,2,TXN00606384,CR,DEUTGB2L,SWIFT,108765.78,14.205439681163078,
2026-06-02 16:22:00,3,TXN00606385,DR,HSBCGB2L,BACS,84129.9,10.987851324490862,
2026-06-02 16:22:00,4,TXN00606387,DR,CITIGB2L,CHAPS,84048.88,10.977269644085794,
2026-06-02 16:22:00,5,TXN00606388,DR,MIDLGB22,FPS,54347.17,7.098054602071677,
2026-06-03 06:17:00,1,TXN00607334,DR,DEUTGB2L,SWIFT,365615.74,93.40046807560759,183.0451514619207
2026-06-03 06:17:00,2,TXN00607335,CR,BARCGB22,CHAPS,16874.01,4.31064710811543,8.447956086956115
2026-06-03 06:17:00,3,TXN00607333,DR,CHASGB2L,CHAPS,8959.83,2.2888848162769775,4.48572985239383
2026-06-03 06:18:00,1,TXN00607336,DR,RBOSGB2L,CHAPS,188268.31,100.0,
2026-06-03 06:19:00,1,TXN00607337,DR,CITIGB2L,FPS,530866.37,90.43838272980501,135.09095175520815
2026-06-03 06:19:00,2,TXN00607338,DR,COBAGB2X,CHAPS,56125.96,9.561617270194997,14.282519637804034
2026-06-03 06:20:00,1,TXN00607340,DR,RBOSGB2L,CHAPS,90148.15,65.19561182220666,
2026-06-03 06:20:00,2,TXN00607339,DR,LOYDGB2L,CHAPS,48125.19,34.80438817779335,
2026-06-03 06:21:00,1,TXN00607342,DR,RBOSGB2L,CHAPS,410030.75,57.776581469509004,81.03307551600352
2026-06-03 06:21:00,2,TXN00607341,CR,RBOSGB2L,INTERNAL,299652.55,42.223418530490996,59.21938223587626
2026-06-03 06:56:00,1,TXN00607434,DR,TSBSGB2A,FPS,497003.39,83.59754659526419,
2026-06-03 06:56:00,2,TXN00607435,CR,COBAGB2X,FPS,61703.93,10.378796738762528,
2026-06-03 06:56:00,3,TXN00607433,DR,DEUTGB2L,SWIFT,35811.79,6.023656665973277,
2026-06-03 07:54:00,1,TXN00607719,DR,NTSBGB2L,SWIFT,659708.75,75.18089471964184,
2026-06-03 07:54:00,2,TXN00607720,DR,HSBCGB2L,FPS,159997.31,18.233411211441258,
2026-06-03 07:54:00,3,TXN00607721,DR,TSBSGB2A,SWIFT,57789.15,6.585694068916912,
2026-06-03 07:55:00,1,TXN00607724,CR,BOFAGB22,SWIFT,966266.79,48.76164061435723,675.8667006560996
2026-06-03 07:55:00,2,TXN00607723,CR,BOFAGB22,CHAPS,317188.05,16.00656243320623,221.86092191064742
2026-06-03 07:55:00,3,TXN00607722,CR,RBOSGB2L,CHAPS,291189.56,14.694575889721733,203.67597150130902
2026-06-03 07:55:00,4,TXN00607725,DR,LOYDGB2L,CHAPS,274743.0,13.864617480344481,192.17223116853552
2026-06-03 07:55:00,5,TXN00607726,CR,TSBSGB2A,CHAPS,96967.25,4.8933506199282,67.82488646763403
2026-06-03 07:56:00,1,TXN00607731,DR,BNPAGB22,FPS,794362.29,28.85122605771186,88.44540460065225
2026-06-03 07:56:00,2,TXN00607735,DR,COBAGB2X,CHAPS,790298.08,28.703614013519765,87.99288979430109
2026-06-03 07:56:00,3,TXN00607736,CR,COBAGB2X,SWIFT,329845.57,11.97998598876694,36.72546552327247
2026-06-03 07:56:00,4,TXN00607737,CR,SANTGB2L,CHAPS,264984.0,9.624214771923173,29.503687911342364
2026-06-03 07:56:00,5,TXN00607733,DR,CITIGB2L,SWIFT,207046.64,7.519930754932597,23.052861492211058
2026-06-03 07:57:00,1,TXN00607740,DR,RBOSGB2L,CHAPS,659246.0,38.98824843002523,
2026-06-03 07:57:00,2,TXN00607739,DR,DEUTGB2L,SWIFT,413047.46,24.42790245806711,
2026-06-03 07:57:00,3,TXN00607741,DR,NTSBGB2L,CHAPS,314248.69,18.584877260582523,
2026-06-03 07:57:00,4,TXN00607743,DR,LOYDGB2L,CHAPS,131872.58,7.799032394809185,
2026-06-03 07:57:00,5,TXN00607742,DR,BARCGB22,CHAPS,106568.38,6.302525118431257,
2026-06-03 07:58:00,1,TXN00607746,CR,CITIGB2L,CHAPS,7091284.99,80.06442541531082,101.50634272356604
2026-06-03 07:58:00,2,TXN00607748,CR,SANTGB2L,CHAPS,410962.76,4.639990818714829,5.882618851450591
2026-06-03 07:58:00,3,TXN00607750,DR,BNPAGB22,FPS,383151.96,4.325991913653177,5.484528434805729
2026-06-03 07:58:00,4,TXN00607754,CR,LOYDGB2L,INTERNAL,287916.82,3.250735909388895,4.121309952711303
2026-06-03 07:58:00,5,TXN00607752,CR,CHASGB2L,CHAPS,237582.18,2.682430724112944,3.400807924388885
2026-06-03 07:59:00,1,TXN00607758,CR,CITIGB2L,CHAPS,2061939.49,36.542920771990126,54.91952116147106
2026-06-03 07:59:00,2,TXN00607755,DR,MIDLGB22,CHAPS,1279022.68,22.667602365391662,34.06662197456698
2026-06-03 07:59:00,3,TXN00607763,CR,BNPAGB22,CHAPS,1161514.27,20.58504827614798,30.936798989487134
2026-06-03 07:59:00,4,TXN00607762,CR,BNPAGB22,CHAPS,497694.74,8.820442860064833,13.256042157368467
2026-06-03 07:59:00,5,TXN00607761,DR,TSBSGB2A,FPS,232121.58,4.113797009343454,6.182531585756718
2026-06-03 08:00:00,1,TXN00607771,DR,HSBCGB2L,CHAPS,396102.72,25.537331156913492,
2026-06-03 08:00:00,2,TXN00607770,DR,RBOSGB2L,CHAPS,360747.41,23.257921766275288,
2026-06-03 08:00:00,3,TXN00607764,CR,HSBCGB2L,SWIFT,300612.04,19.380905072389616,
2026-06-03 08:00:00,4,TXN00607769,CR,NWBKGB2L,CHAPS,211247.92,13.619467418070668,
2026-06-03 08:00:00,5,TXN00607772,CR,BARCGB22,CHAPS,82777.76,5.336805234630823,
2026-06-03 08:01:00,1,TXN00607773,DR,MIDLGB22,SWIFT,305535.91,16.45799413246394,
2026-06-03 08:01:00,2,TXN00607777,CR,TSBSGB2A,CHAPS,277608.79,14.953672178633322,
2026-06-03 08:01:00,3,TXN00607783,DR,CITIGB2L,CHAPS,252261.54,13.58831747523988,
2026-06-03 08:01:00,4,TXN00607776,CR,HSBCGB2L,CHAPS,221750.14,11.944790721958208,
2026-06-03 08:01:00,5,TXN00607779,CR,LOYDGB2L,CHAPS,202886.11,10.92866107927685,
2026-06-03 08:02:00,1,TXN00607787,DR,RBOSGB2L,BACS,840859.1,79.40332219678027,
2026-06-03 08:02:00,2,TXN00607786,CR,TSBSGB2A,FPS,89369.34,8.439252781510723,
2026-06-03 08:02:00,3,TXN00607789,CR,CITIGB2L,CHAPS,44411.68,4.1938476212486755,
2026-06-03 08:02:00,4,TXN00607790,CR,BOFAGB22,BACS,28889.95,2.7281122462715475,
2026-06-03 08:02:00,5,TXN00607785,CR,LOYDGB2L,CHAPS,27797.47,2.624948064028008,
2026-06-03 08:03:00,1,TXN00607791,DR,BNPAGB22,FPS,720671.0,33.579835803231894,7525.438674636842
2026-06-03 08:03:00,2,TXN00607796,DR,MIDLGB22,CHAPS,446753.81,20.81659950833079,4665.122364872957
2026-06-03 08:03:00,3,TXN00607794,CR,LOYDGB2L,SWIFT,240715.13,11.216178451406563,2513.6115493369857
2026-06-03 08:03:00,4,TXN00607798,CR,TSBSGB2A,FPS,203244.93,9.470245614488942,2122.3377333705084
2026-06-03 08:03:00,5,TXN00607795,CR,CITIGB2L,SWIFT,178760.77,8.329400384723822,1866.667608473022
2026-06-03 08:04:00,1,TXN00607807,DR,RBOSGB2L,CHAPS,303684.9,23.00881671689637,
2026-06-03 08:04:00,2,TXN00607806,CR,NWBKGB2L,CHAPS,250791.42,19.001319515557665,
2026-06-03 08:04:00,3,TXN00607801,CR,NTSBGB2L,SWIFT,247460.75,18.748969874286512,
2026-06-03 08:04:00,4,TXN00607811,DR,BARCGB22,CHAPS,121445.22,9.201349188330262,
2026-06-03 08:04:00,5,TXN00607810,DR,MIDLGB22,BACS,88626.28,6.714808121247839,
2026-06-03 10:53:00,1,TXN00609539,DR,CITIGB2L,CHAPS,19752531.45,91.7540515486703,100.98054018962355
2026-06-03 10:53:00,2,TXN00609541,DR,SANTGB2L,CHAPS,454118.17,2.109460353719261,2.3215808177601103
2026-06-03 10:53:00,3,TXN00609544,CR,TSBSGB2A,SWIFT,417375.7,1.938784990161975,2.133742895421248
2026-06-03 10:53:00,4,TXN00609537,DR,HSBCGB2L,CHAPS,300355.11,1.395203359913979,1.5355004665244465
2026-06-03 10:53:00,5,TXN00609542,DR,RBOSGB2L,FPS,259109.41,1.2036096852733045,1.3246407558568725
2026-06-03 12:36:00,1,TXN00610238,CR,DEUTGB2L,INTERNAL,358998.37,44.56308028857394,
2026-06-03 12:36:00,2,TXN00610237,CR,CITIGB2L,BACS,347487.36,43.134198974063864,
2026-06-03 12:36:00,3,TXN00610235,CR,BNPAGB22,CHAPS,51121.49,6.3457977910638705,
2026-06-03 12:36:00,4,TXN00610236,CR,RBOSGB2L,BACS,47988.73,5.956922946298327,
2026-06-03 12:37:00,1,TXN00610245,CR,CITIGB2L,SWIFT,1460786.03,57.9863148209631,336.4347013372997
2026-06-03 12:37:00,2,TXN00610239,DR,HSBCGB2L,SWIFT,313646.52,12.450287364275725,72.23615992664128
2026-06-03 12:37:00,3,TXN00610240,CR,DEUTGB2L,BACS,242511.93,9.626579685198227,55.853100361510265
2026-06-03 12:37:00,4,TXN00610241,CR,MIDLGB22,SWIFT,198850.19,7.8934145608911175,45.797333017700964
2026-06-03 12:37:00,5,TXN00610243,CR,DEUTGB2L,CHAPS,133884.55,5.314585097697693,30.835048848960287
2026-06-03 12:38:00,1,TXN00610249,CR,CHASGB2L,SWIFT,1642017.75,53.06858726939658,165.215018083358
2026-06-03 12:38:00,2,TXN00610253,CR,DEUTGB2L,CHAPS,926956.47,29.958427869081678,93.26764582997698
2026-06-03 12:38:00,3,TXN00610250,CR,HSBCGB2L,BACS,123929.5,4.005293783214392,12.469423417354358
2026-06-03 12:38:00,4,TXN00610252,DR,BNPAGB22,CHAPS,122345.07,3.954086381998875,12.310002710055784
2026-06-03 12:38:00,5,TXN00610247,CR,BNPAGB22,CHAPS,92236.12,2.9809912734564135,9.280528321778968
2026-06-03 15:28:00,1,TXN00611533,CR,BARCGB22,CHAPS,396463.63,44.10693628011161,
2026-06-03 15:28:00,2,TXN00611530,CR,NTSBGB2L,CHAPS,322170.25,35.84173077388619,
2026-06-03 15:28:00,3,TXN00611534,DR,TSBSGB2A,SWIFT,76090.86,8.4651767767926,
2026-06-03 15:28:00,4,TXN00611531,CR,MIDLGB22,SWIFT,57820.62,6.432596104758833,
2026-06-03 15:28:00,5,TXN00611532,CR,SANTGB2L,CHAPS,46323.76,5.153560064450763,
2026-06-03 15:29:00,1,TXN00611537,CR,MIDLGB22,SWIFT,386023.58,43.881798704181435,
2026-06-03 15:29:00,2,TXN00611536,DR,BNPAGB22,SWIFT,330994.1,37.62624155879726,
2026-06-03 15:29:00,3,TXN00611538,CR,CHASGB2L,FPS,82911.45,9.425081128908767,
2026-06-03 15:29:00,4,TXN00611535,DR,HSBCGB2L,CHAPS,79760.38,9.066878608112537,
2026-06-03 16:01:00,1,TXN00611656,DR,RBOSGB2L,SWIFT,305723.35,45.658742988195776,
2026-06-03 16:01:00,2,TXN00611655,DR,SANTGB2L,SWIFT,206382.21,30.822481448426654,
2026-06-03 16:01:00,3,TXN00611659,DR,NWBKGB2L,BACS,80063.72,11.957244398109827,
2026-06-03 16:01:00,4,TXN00611658,CR,COBAGB2X,BACS,56822.37,8.4862277866907,
2026-06-03 16:01:00,5,TXN00611657,DR,BNPAGB22,FPS,20591.72,3.07530337857704,
2026-06-03 16:02:00,1,TXN00611662,CR,DEUTGB2L,FPS,200825.55,45.27670512292144,
2026-06-03 16:02:00,2,TXN00611663,DR,NWBKGB2L,CHAPS,131718.84,29.696396090105413,
2026-06-03 16:02:00,3,TXN00611664,DR,CITIGB2L,SWIFT,54500.0,12.287183723381903,
2026-06-03 16:02:00,4,TXN00611661,CR,HSBCGB2L,SWIFT,30558.02,6.889394604821627,
2026-06-03 16:02:00,5,TXN00611660,CR,BOFAGB22,CHAPS,25949.19,5.850320458769622,
2026-06-03 16:04:00,1,TXN00611665,DR,RBOSGB2L,INTERNAL,30274.57,100.0,
2026-06-03 16:05:00,1,TXN00611666,DR,NWBKGB2L,CHAPS,106474.45,77.28145131795041,
2026-06-03 16:05:00,2,TXN00611667,CR,NWBKGB2L,CHAPS,31300.46,22.718548682049583,
2026-06-03 16:06:00,1,TXN00611670,CR,BARCGB22,BACS,603808.75,88.17145264393486,
2026-06-03 16:06:00,2,TXN00611668,CR,BOFAGB22,SWIFT,43847.52,6.402854435670213,
2026-06-03 16:06:00,3,TXN00611671,CR,BNPAGB22,SWIFT,20131.58,2.939723302482096,
2026-06-03 16:06:00,4,TXN00611669,DR,TSBSGB2A,FPS,17024.22,2.4859696179128385,
2026-06-03 16:07:00,1,TXN00611674,CR,CHASGB2L,SWIFT,642607.61,79.86529819318399,
2026-06-03 16:07:00,2,TXN00611675,DR,TSBSGB2A,FPS,99832.89,12.407546075181614,
2026-06-03 16:07:00,3,TXN00611673,CR,BARCGB22,FPS,45873.36,5.701285696761791,
2026-06-03 16:07:00,4,TXN00611672,DR,NTSBGB2L,CHAPS,16300.44,2.0258700348726095,
2026-06-03 16:08:00,1,TXN00611677,DR,LOYDGB2L,SWIFT,947359.84,73.14362579783901,372.4156963704871
2026-06-03 16:08:00,2,TXN00611676,DR,BNPAGB22,BACS,202943.79,15.668855705087966,79.77903399083911
2026-06-03 16:08:00,3,TXN00611678,CR,BNPAGB22,CHAPS,144901.29,11.187518497073036,56.962003815078226
2026-06-03 16:09:00,1,TXN00611680,DR,LOYDGB2L,FPS,88414.24,73.71697059041534,
2026-06-03 16:09:00,2,TXN00611679,DR,MIDLGB22,CHAPS,31523.19,26.283029409584646,
2026-06-03 16:10:00,1,TXN00611682,CR,SANTGB2L,SWIFT,275792.85,54.89023360400346,
2026-06-03 16:10:00,2,TXN00611681,CR,NWBKGB2L,CHAPS,162946.56,32.43077093321588,
2026-06-03 16:10:00,3,TXN00611683,DR,HSBCGB2L,CHAPS,63704.89,12.678995462780652,
2026-06-03 16:11:00,1,TXN00611685,DR,SANTGB2L,BACS,557166.64,73.79369520147368,
2026-06-03 16:11:00,2,TXN00611686,DR,CITIGB2L,SWIFT,191975.75,25.42614536572813,
2026-06-03 16:11:00,3,TXN00611684,CR,DEUTGB2L,CHAPS,5890.46,0.7801594327981889,
2026-06-03 16:12:00,1,TXN00611692,DR,NTSBGB2L,SWIFT,622266.39,48.35852185775982,242.8711581771707
2026-06-03 16:12:00,2,TXN00611688,CR,SANTGB2L,FPS,352734.17,27.412219821038008,137.67247881821646
2026-06-03 16:12:00,3,TXN00611689,DR,NTSBGB2L,SWIFT,178476.84,13.870066432872747,69.65967877294737
2026-06-03 16:12:00,4,TXN00611690,CR,MIDLGB22,CHAPS,49954.96,3.8821766109905393,19.497467944386706
2026-06-03 16:12:00,5,TXN00611687,CR,CHASGB2L,BACS,44191.29,3.4342614316476303,17.24790211414636
2026-06-03 16:13:00,1,TXN00611697,CR,CITIGB2L,FPS,195560.72,32.69831191489762,
2026-06-03 16:13:00,2,TXN00611698,CR,NTSBGB2L,CHAPS,170104.7,28.441992537100933,
2026-06-03 16:13:00,3,TXN00611695,DR,LOYDGB2L,BACS,90280.64,15.095181315535056,
2026-06-03 16:13:00,4,TXN00611693,CR,HSBCGB2L,INTERNAL,69287.09,11.584999689587889,
2026-06-03 16:13:00,5,TXN00611694,CR,SANTGB2L,FPS,41175.88,6.884724946862511,
2026-06-03 16:14:00,1,TXN00611699,CR,NTSBGB2L,FPS,120760.95,100.0,
2026-06-03 16:15:00,1,TXN00611704,DR,BNPAGB22,SWIFT,135249.16,37.841493269012744,
2026-06-03 16:15:00,2,TXN00611700,CR,LOYDGB2L,SWIFT,119014.42,33.29915966461792,
2026-06-03 16:15:00,3,TXN00611701,CR,NTSBGB2L,BACS,57350.66,16.04619662231868,
2026-06-03 16:15:00,4,TXN00611702,CR,BNPAGB22,FPS,28601.83,8.00253367508121,
2026-06-03 16:15:00,5,TXN00611703,DR,NWBKGB2L,FPS,17193.61,4.810616768969435,
2026-06-03 16:16:00,1,TXN00611705,CR,COBAGB2X,CHAPS,923518.18,82.01088289189244,
2026-06-03 16:16:00,2,TXN00611706,CR,TSBSGB2A,SWIFT,129860.67,11.531974605667957,
2026-06-03 16:16:00,3,TXN00611708,DR,HSBCGB2L,SWIFT,62476.04,5.548039346652805,
2026-06-03 16:16:00,4,TXN00611707,CR,DEUTGB2L,CHAPS,10237.34,0.9091031557868045,
2026-06-03 16:17:00,1,TXN00611709,CR,RBOSGB2L,CHAPS,568136.26,88.17738699041445,
2026-06-03 16:17:00,2,TXN00611711,DR,CITIGB2L,FPS,49054.63,7.613506473221045,
2026-06-03 16:17:00,3,TXN00611710,CR,MIDLGB22,BACS,27119.72,4.209106536364503,
2026-06-03 16:18:00,1,TXN00611714,CR,DEUTGB2L,FPS,1434792.49,70.48981747934954,160.19155388079767
2026-06-03 16:18:00,2,TXN00611716,DR,BOFAGB22,INTERNAL,464523.54,22.821543726829322,51.86307302654538
2026-06-03 16:18:00,3,TXN00611712,DR,MIDLGB22,BACS,56008.69,2.751646919588678,6.253252051749932
2026-06-03 16:18:00,4,TXN00611713,CR,NTSBGB2L,CHAPS,40761.54,2.002570779261052,4.550939928027007
2026-06-03 16:18:00,5,TXN00611715,DR,RBOSGB2L,FPS,30235.74,1.485449504933684,3.3757565690462945
2026-06-03 16:19:00,1,TXN00611720,DR,BARCGB22,SWIFT,1034541.73,51.43568840881443,120.7585319378567
2026-06-03 16:19:00,2,TXN00611722,CR,DEUTGB2L,CHAPS,806783.23,40.11191586417385,94.17305810069371
2026-06-03 16:19:00,3,TXN00611721,DR,TSBSGB2A,CHAPS,99370.94,4.9405573100767946,11.599231315381394
2026-06-03 16:19:00,4,TXN00611719,CR,HSBCGB2L,CHAPS,44603.51,2.217612084434176,5.206415778777248
2026-06-03 16:19:00,5,TXN00611718,DR,DEUTGB2L,CHAPS,26031.17,1.2942263325007468,3.038529797947133
2026-06-03 17:56:00,1,TXN00612491,DR,NTSBGB2L,CHAPS,144078.03,36.71474806593221,
2026-06-03 17:56:00,2,TXN00612492,DR,SANTGB2L,FPS,142974.84,36.43362718359605,
2026-06-03 17:56:00,3,TXN00612493,DR,HSBCGB2L,CHAPS,50578.94,12.888800877843078,
2026-06-03 17:56:00,4,TXN00612489,DR,NTSBGB2L,INTERNAL,27444.25,6.993493210647453,
2026-06-03 17:56:00,5,TXN00612490,DR,HSBCGB2L,SWIFT,27349.43,6.969330661981209,
2026-06-03 17:57:00,1,TXN00612494,DR,MIDLGB22,CHAPS,76869.84,53.74775100818321,
2026-06-03 17:57:00,2,TXN00612495,CR,NWBKGB2L,BACS,66149.8,46.252248991816785,
2026-06-03 17:58:00,1,TXN00612497,CR,LOYDGB2L,CHAPS,727344.83,41.89035228467263,440.1828408612122
2026-06-03 17:58:00,2,TXN00612502,CR,SANTGB2L,CHAPS,645307.28,37.165520639039784,390.5344205702565
2026-06-03 17:58:00,3,TXN00612500,DR,BOFAGB22,CHAPS,114438.33,6.5909067622981805,69.25709391900521
2026-06-03 17:58:00,4,TXN00612496,DR,RBOSGB2L,BACS,95796.09,5.517234456171504,57.974970468404045
2026-06-03 17:58:00,5,TXN00612501,DR,BNPAGB22,CHAPS,76837.93,4.425367203785604,46.501654948581894
2026-06-03 17:59:00,1,TXN00612506,DR,BNPAGB22,CHAPS,270831.17,48.76244692405319,
2026-06-03 17:59:00,2,TXN00612504,DR,HSBCGB2L,SWIFT,146710.31,26.41480928722639,
2026-06-03 17:59:00,3,TXN00612503,DR,BOFAGB22,CHAPS,77747.74,13.998278134732747,
2026-06-03 17:59:00,4,TXN00612505,CR,CITIGB2L,SWIFT,60120.09,10.824465653987689,
2026-06-03 18:00:00,1,TXN00612507,CR,NWBKGB2L,CHAPS,88833.89,37.45403406932509,
2026-06-03 18:00:00,2,TXN00612508,CR,MIDLGB22,SWIFT,79368.16,33.46310477521185,
2026-06-03 18:00:00,3,TXN00612509,DR,BOFAGB22,BACS,68979.05,29.082861155463064,
2026-06-04 06:19:00,1,TXN00612524,DR,CHASGB2L,SWIFT,266975.45,62.17879341879193,113.4402093491981
2026-06-04 06:19:00,2,TXN00612523,DR,BOFAGB22,CHAPS,62660.81,14.593752198729028,26.62512753285115
2026-06-04 06:19:00,3,TXN00612525,DR,MIDLGB22,FPS,52405.08,12.205184571897021,22.267377941160785
2026-06-04 06:19:00,4,TXN00612522,DR,SANTGB2L,FPS,47326.03,11.02226981058202,20.109245066789583
2026-06-04 06:21:00,1,TXN00612526,CR,NWBKGB2L,FPS,285988.6,100.0,310.97254484431846
2026-06-04 06:22:00,1,TXN00612528,DR,RBOSGB2L,FPS,173169.65,97.26017472269392,
2026-06-04 06:22:00,2,TXN00612527,CR,BNPAGB22,CHAPS,4878.2,2.7398252773060725,
2026-06-04 06:23:00,1,TXN00612530,DR,TSBSGB2A,BACS,460832.47,82.32417461627901,125.9948214428293
2026-06-04 06:23:00,2,TXN00612529,CR,COBAGB2X,CHAPS,98945.35,17.675825383720994,27.052350946208826
2026-06-04 06:24:00,1,TXN00612531,DR,CITIGB2L,BACS,111004.38,100.0,
2026-06-04 06:25:00,1,TXN00612532,CR,RBOSGB2L,CHAPS,349449.32,100.0,222.79343297067612
2026-06-04 06:26:00,1,TXN00612533,CR,NWBKGB2L,CHAPS,274986.43,50.96163985525884,81.86170847395941
2026-06-04 06:26:00,2,TXN00612535,CR,HSBCGB2L,CHAPS,225204.96,41.735928806152266,67.04208197622584
2026-06-04 06:26:00,3,TXN00612534,CR,NWBKGB2L,CHAPS,39403.55,7.302431338588907,11.73018582385714
2026-06-04 06:27:00,1,TXN00612536,DR,BARCGB22,CHAPS,94139.45,83.27258574211797,
2026-06-04 06:27:00,2,TXN00612537,DR,HSBCGB2L,INTERNAL,18910.3,16.72741425788204,
2026-06-04 06:28:00,1,TXN00612540,DR,SANTGB2L,CHAPS,236927.6,44.54523392190869,69.83234079833669
2026-06-04 06:28:00,2,TXN00612539,CR,RBOSGB2L,BACS,166511.34,31.306131455138498,49.077763171820045
2026-06-04 06:28:00,3,TXN00612538,CR,HSBCGB2L,FPS,128441.98,24.148634622952827,37.857151805754775
2026-06-04 06:29:00,1,TXN00612541,CR,BOFAGB22,FPS,24059.67,100.00000000000001,
2026-06-04 13:15:00,1,TXN00616098,CR,BNPAGB22,BACS,17429578.63,87.4192064813338,97.62264757983263
2026-06-04 13:15:00,2,TXN00616095,CR,TSBSGB2A,BACS,1340481.66,6.723274584405778,7.508005297165869
2026-06-04 13:15:00,3,TXN00616092,CR,BNPAGB22,FPS,421846.19,2.115797516957756,2.3627502886605996
2026-06-04 13:15:00,4,TXN00616090,DR,HSBCGB2L,CHAPS,314292.77,1.5763562125896529,1.7603461893099934
2026-06-04 13:15:00,5,TXN00616091,DR,MIDLGB22,INTERNAL,100764.22,0.5053896219240123,0.5643779546560801
2026-06-04 15:11:00,1,TXN00617024,CR,BOFAGB22,CHAPS,658266.27,64.3494053206146,
2026-06-04 15:11:00,2,TXN00617025,DR,BARCGB22,CHAPS,316328.52,30.922976120210652,
2026-06-04 15:11:00,3,TXN00617023,DR,BNPAGB22,BACS,31859.21,3.11442543985214,
2026-06-04 15:11:00,4,TXN00617022,CR,CITIGB2L,CHAPS,16502.26,1.6131931193226188,
2026-06-05 06:17:00,1,TXN00618295,DR,DEUTGB2L,SWIFT,101487.62,76.03669956273191,
2026-06-05 06:17:00,2,TXN00618294,DR,CHASGB2L,BACS,31984.27,23.963300437268103,
2026-06-05 06:19:00,1,TXN00618296,DR,NWBKGB2L,CHAPS,62913.69,100.0,
2026-06-05 06:20:00,1,TXN00618298,DR,MIDLGB22,BACS,558296.76,69.83178647044375,90.08538358366866
2026-06-05 06:20:00,2,TXN00618297,DR,TSBSGB2A,INTERNAL,241191.25,30.168213529556247,38.918023227063905
2026-06-05 06:21:00,1,TXN00618299,DR,SANTGB2L,BACS,553599.6,54.0224010058791,65.51372910792246
2026-06-05 06:21:00,2,TXN00618300,CR,TSBSGB2A,INTERNAL,248048.11,24.205498824728938,29.35435048051363
2026-06-05 06:21:00,3,TXN00618301,CR,CHASGB2L,FPS,223111.63,21.77210016939197,26.40333354403982
2026-06-05 16:09:00,1,TXN00623275,CR,RBOSGB2L,CHAPS,184160.71,31.706654182851,
2026-06-05 16:09:00,2,TXN00623273,DR,DEUTGB2L,CHAPS,139395.11,23.99943260183171,
2026-06-05 16:09:00,3,TXN00623274,DR,DEUTGB2L,BACS,110896.16,19.09281407161231,
2026-06-05 16:09:00,4,TXN00623272,CR,CHASGB2L,FPS,75594.44,13.014973537114834,
2026-06-05 16:09:00,5,TXN00623277,DR,SANTGB2L,SWIFT,56082.46,9.655627223328874,
2026-06-05 16:10:00,1,TXN00623283,CR,BARCGB22,CHAPS,209305.89,27.86701844248094,
2026-06-05 16:10:00,2,TXN00623279,CR,RBOSGB2L,CHAPS,178377.66,23.749229135150447,
2026-06-05 16:10:00,3,TXN00623281,CR,TSBSGB2A,INTERNAL,154118.23,20.519324887285876,
2026-06-05 16:10:00,4,TXN00623278,CR,NTSBGB2L,INTERNAL,70405.27,9.373768495181144,
2026-06-05 16:10:00,5,TXN00623285,DR,DEUTGB2L,BACS,67902.53,9.040553305982527,
2026-06-05 16:11:00,1,TXN00623287,DR,COBAGB2X,CHAPS,311517.19,25.918626924724183,174.62608129085388
2026-06-05 16:11:00,2,TXN00623286,DR,HSBCGB2L,INTERNAL,308461.49,25.664388793294325,172.91315842903535
2026-06-05 16:11:00,3,TXN00623288,CR,SANTGB2L,INTERNAL,289247.42,24.065753700201917,162.14239566712112
2026-06-05 16:11:00,4,TXN00623292,DR,NWBKGB2L,CHAPS,182388.55,15.174959631574112,102.24089963966664
2026-06-05 16:11:00,5,TXN00623289,DR,BNPAGB22,FPS,88442.49,7.358527799392545,49.57789150674327
2026-06-05 16:12:00,1,TXN00623295,DR,CHASGB2L,BACS,1311592.86,76.96012855110568,192.67272422934522
2026-06-05 16:12:00,2,TXN00623294,DR,CITIGB2L,BACS,90271.2,5.2968290453049365,13.26082091011998
2026-06-05 16:12:00,3,TXN00623299,CR,TSBSGB2A,SWIFT,79428.3,4.66060190248046,11.668001106612993
2026-06-05 16:12:00,4,TXN00623298,DR,DEUTGB2L,CHAPS,58589.88,3.437869200198189,8.606841449160092
2026-06-05 16:12:00,5,TXN00623300,DR,NWBKGB2L,CHAPS,52974.68,3.1083869904214687,7.7819697118340585
2026-06-05 16:13:00,1,TXN00623303,CR,BOFAGB22,SWIFT,114899.05,58.09111228968341,
2026-06-05 16:13:00,2,TXN00623302,CR,RBOSGB2L,CHAPS,53161.17,26.877432806632857,
2026-06-05 16:13:00,3,TXN00623301,DR,MIDLGB22,BACS,29730.88,15.031454903683734,
2026-06-08 06:22:00,1,TXN00624315,CR,NWBKGB2L,CHAPS,851619.12,89.64560601179664,109.79226810300935
2026-06-08 06:22:00,2,TXN00624314,DR,HSBCGB2L,CHAPS,62262.92,6.554100377013627,8.02704759084815
2026-06-08 06:22:00,3,TXN00624316,DR,COBAGB2X,BACS,36102.19,3.800293611189735,4.654359244054763
2026-06-08 06:23:00,1,TXN00624318,DR,LOYDGB2L,SWIFT,861422.22,91.08639035775504,111.67000826602644
2026-06-08 06:23:00,2,TXN00624317,CR,DEUTGB2L,SWIFT,84297.79,8.91360964224496,10.927898871830543
2026-06-08 06:24:00,1,TXN00624319,CR,TSBSGB2A,BACS,212679.92,100.0,554.4356881365658
2026-06-08 06:25:00,1,TXN00624320,DR,BARCGB22,SWIFT,220832.65,100.0,508.4707647751123
2026-06-08 06:26:00,1,TXN00624321,CR,SANTGB2L,INTERNAL,15438.59,100.0,
2026-06-08 06:27:00,1,TXN00624324,DR,BARCGB22,CHAPS,391108.79,59.286620477702385,80.6848146655802
2026-06-08 06:27:00,2,TXN00624322,DR,TSBSGB2A,CHAPS,255934.03,38.79601812053086,52.79858265820373
2026-06-08 06:27:00,3,TXN00624323,DR,TSBSGB2A,SWIFT,12648.67,1.9173614017667562,2.6093905859699147
2026-06-08 09:28:00,1,TXN00626000,DR,CHASGB2L,FPS,34033395.35,92.79359181055746,100.89007000041053
2026-06-08 09:28:00,2,TXN00626004,CR,TSBSGB2A,BACS,963536.82,2.627126722151235,2.8563502471043627
2026-06-08 09:28:00,3,TXN00625997,CR,BNPAGB22,CHAPS,711622.84,1.940271861180305,2.1095655429951377
2026-06-08 09:28:00,4,TXN00626003,DR,BNPAGB22,CHAPS,501400.86,1.3670921240099678,1.4863744079435801
2026-06-08 09:28:00,5,TXN00626002,CR,HSBCGB2L,BACS,153648.84,0.4189305120602859,0.4554832705835763
2026-06-09 06:19:00,1,TXN00631162,DR,BOFAGB22,CHAPS,271056.18,72.59550061176485,133.0236785881792
2026-06-09 06:19:00,2,TXN00631161,CR,DEUTGB2L,BACS,66259.92,17.746033545132562,32.51775444248667
2026-06-09 06:19:00,3,TXN00631163,CR,NWBKGB2L,CHAPS,36062.66,9.658465843102592,17.698130671194388
2026-06-09 06:20:00,1,TXN00631164,CR,HSBCGB2L,CHAPS,56582.74,100.0,
2026-06-09 15:58:00,1,TXN00635472,DR,BNPAGB22,CHAPS,410074.15,39.483075708077216,1511.1262248372243
2026-06-09 15:58:00,2,TXN00635475,DR,BNPAGB22,BACS,304480.45,29.31622161255329,1122.0126724526265
2026-06-09 15:58:00,3,TXN00635474,CR,BNPAGB22,FPS,259061.32,24.94314189420235,954.6428481116113
2026-06-09 15:58:00,4,TXN00635473,CR,BOFAGB22,CHAPS,64991.49,6.25756078516713,239.4941132725538
2026-06-09 15:59:00,1,TXN00635478,DR,CHASGB2L,BACS,916000.69,46.785204349625346,96.78636762108772
2026-06-09 15:59:00,2,TXN00635479,DR,TSBSGB2A,BACS,516497.18,26.380357980194564,54.57407017754006
2026-06-09 15:59:00,3,TXN00635476,DR,BARCGB22,CHAPS,279812.03,14.291542731298051,29.565468995861593
2026-06-09 15:59:00,4,TXN00635477,DR,DEUTGB2L,CHAPS,245575.51,12.542894938882046,25.947973455779934
2026-06-09 16:00:00,1,TXN00635480,CR,LOYDGB2L,CHAPS,91432.56,31.039484697195274,
2026-06-09 16:00:00,2,TXN00635484,DR,CHASGB2L,CHAPS,67499.1,22.914564368803124,
2026-06-09 16:00:00,3,TXN00635482,DR,CHASGB2L,BACS,49890.15,16.936685874985635,
2026-06-09 16:00:00,4,TXN00635485,DR,CITIGB2L,CHAPS,47495.1,16.12361536898627,
2026-06-09 16:00:00,5,TXN00635483,DR,TSBSGB2A,SWIFT,19270.46,6.541927167716988,
2026-06-09 16:01:00,1,TXN00635487,CR,MIDLGB22,SWIFT,126256.96,81.51607275985036,
2026-06-09 16:01:00,2,TXN00635486,DR,CHASGB2L,CHAPS,28629.01,18.48392724014964,
2026-06-09 16:05:00,1,TXN00635511,CR,SANTGB2L,FPS,1698713.71,50.01769803086297,72.11988369835147
2026-06-09 16:05:00,2,TXN00635513,DR,BOFAGB22,SWIFT,720964.38,21.228402665831393,30.608964259347786
2026-06-09 16:05:00,3,TXN00635514,CR,SANTGB2L,FPS,627042.71,18.46293035524743,26.621464848893893
2026-06-09 16:05:00,4,TXN00635515,DR,NTSBGB2L,SWIFT,127998.65,3.76885038742527,5.434257519206104
2026-06-09 16:05:00,5,TXN00635510,CR,NTSBGB2L,SWIFT,109464.48,3.2231218677486497,4.647378495991841
2026-06-09 16:06:00,1,TXN00635516,DR,TSBSGB2A,SWIFT,370073.7,73.36257895264572,
2026-06-09 16:06:00,2,TXN00635517,DR,BNPAGB22,BACS,134371.08,26.637421047354277,
2026-06-09 16:07:00,1,TXN00635518,CR,MIDLGB22,CHAPS,386148.03,48.33114332831065,
2026-06-09 16:07:00,2,TXN00635520,CR,SANTGB2L,CHAPS,279385.0,34.968445854249396,
2026-06-09 16:07:00,3,TXN00635519,DR,BNPAGB22,FPS,75392.9,9.436342471660394,
2026-06-09 16:07:00,4,TXN00635521,DR,BNPAGB22,SWIFT,49512.01,6.197032914508849,
2026-06-09 16:07:00,5,TXN00635522,CR,BOFAGB22,FPS,8525.22,1.0670354312706982,
2026-06-09 16:08:00,1,TXN00635523,DR,BNPAGB22,FPS,539259.78,37.25381272127793,134.17621345021414
2026-06-09 16:08:00,2,TXN00635526,CR,RBOSGB2L,BACS,355124.51,24.533151699679127,88.36049678164892
2026-06-09 16:08:00,3,TXN00635530,CR,SANTGB2L,FPS,195755.07,13.523394451966457,48.70690348217998
2026-06-09 16:08:00,4,TXN00635524,DR,BOFAGB22,BACS,120706.97,8.338828559646918,30.033769942287545
2026-06-09 16:08:00,5,TXN00635528,CR,BOFAGB22,CHAPS,117066.68,8.087345532466324,29.128009219578576
2026-06-09 16:09:00,1,TXN00635531,DR,MIDLGB22,BACS,2746018.06,88.41124628344795,133.2801612519629
2026-06-09 16:09:00,2,TXN00635532,DR,COBAGB2X,INTERNAL,132905.71,4.279053961970852,6.450683889568672
2026-06-09 16:09:00,3,TXN00635533,CR,CHASGB2L,SWIFT,105130.86,3.384810351702744,5.102609548517513
2026-06-09 16:09:00,4,TXN00635535,CR,BOFAGB22,SWIFT,91350.88,2.9411478633500683,4.4337873061580355
2026-06-09 16:09:00,5,TXN00635534,DR,BOFAGB22,CHAPS,30554.62,0.9837415395283906,1.4829926794408814
2026-06-09 16:10:00,1,TXN00635540,DR,BOFAGB22,SWIFT,332437.52,39.93866718589083,
2026-06-09 16:10:00,2,TXN00635536,DR,COBAGB2X,CHAPS,317527.68,38.147415892851214,
2026-06-09 16:10:00,3,TXN00635538,CR,HSBCGB2L,CHAPS,94050.79,11.299155403337473,
2026-06-09 16:10:00,4,TXN00635539,DR,HSBCGB2L,FPS,60238.98,7.237042839922323,
2026-06-09 16:10:00,5,TXN00635537,DR,MIDLGB22,SWIFT,28115.12,3.3777186779981485,
2026-06-09 16:11:00,1,TXN00635541,DR,SANTGB2L,INTERNAL,264714.93,42.83365490742845,
2026-06-09 16:11:00,2,TXN00635545,CR,BNPAGB22,SWIFT,168458.59,27.25836850324981,
2026-06-09 16:11:00,3,TXN00635546,DR,NWBKGB2L,FPS,95820.0,15.504682011059197,
2026-06-09 16:11:00,4,TXN00635543,DR,TSBSGB2A,INTERNAL,59521.04,9.631129181460393,
2026-06-09 16:11:00,5,TXN00635542,DR,BARCGB22,BACS,20101.08,3.25256578458424,
2026-06-09 16:12:00,1,TXN00635548,CR,BNPAGB22,BACS,192221.76,63.3623941074502,
2026-06-09 16:12:00,2,TXN00635549,CR,HSBCGB2L,CHAPS,93908.72,30.95529521093861,
2026-06-09 16:12:00,3,TXN00635547,DR,NTSBGB2L,FPS,17238.36,5.682310681611203,
2026-06-09 16:42:00,1,TXN00635720,DR,MIDLGB22,FPS,346317.87,24.262169995993695,
2026-06-09 16:42:00,2,TXN00635721,DR,NTSBGB2L,CHAPS,272100.13,19.062659429015266,
2026-06-09 16:42:00,3,TXN00635727,CR,CHASGB2L,CHAPS,199643.72,13.986543268103855,
2026-06-09 16:42:00,4,TXN00635725,DR,RBOSGB2L,FPS,153061.19,10.723086889998168,
2026-06-09 16:42:00,5,TXN00635726,DR,BOFAGB22,FPS,142214.54,9.96319752538916,
2026-06-09 16:43:00,1,TXN00635730,CR,NWBKGB2L,BACS,393431.32,31.50016235623851,
2026-06-09 16:43:00,2,TXN00635731,CR,HSBCGB2L,CHAPS,370195.63,29.639791891936817,
2026-06-09 16:43:00,3,TXN00635734,DR,CITIGB2L,CHAPS,189332.79,15.15897012052729,
2026-06-09 16:43:00,4,TXN00635735,DR,CITIGB2L,CHAPS,130592.18,10.455890681136223,
2026-06-09 16:43:00,5,TXN00635733,CR,BNPAGB22,FPS,81388.12,6.516357146830665,
2026-06-09 16:44:00,1,TXN00635740,DR,CHASGB2L,SWIFT,608789.06,37.66850951363828,
2026-06-09 16:44:00,2,TXN00635738,CR,BARCGB22,BACS,294504.96,18.22234270696924,
2026-06-09 16:44:00,3,TXN00635745,CR,DEUTGB2L,FPS,236927.65,14.659776307525892,
2026-06-09 16:44:00,4,TXN00635737,CR,MIDLGB22,FPS,207945.51,12.866521323089088,
2026-06-09 16:44:00,5,TXN00635742,DR,CHASGB2L,CHAPS,113448.13,7.01954460911218,
2026-06-09 16:45:00,1,TXN00635749,CR,SANTGB2L,CHAPS,831959.9,44.03121404660888,
2026-06-09 16:45:00,2,TXN00635750,CR,RBOSGB2L,CHAPS,662527.21,35.064042624184886,
2026-06-09 16:45:00,3,TXN00635753,DR,LOYDGB2L,CHAPS,196597.15,10.40484185908873,
2026-06-09 16:45:00,4,TXN00635748,DR,BNPAGB22,FPS,87606.91,4.636567947772483,
2026-06-09 16:45:00,5,TXN00635751,CR,MIDLGB22,CHAPS,75253.27,3.9827554658310467,
2026-06-09 16:46:00,1,TXN00635757,CR,NTSBGB2L,SWIFT,336138.75,43.13193273749351,
2026-06-09 16:46:00,2,TXN00635760,CR,CITIGB2L,SWIFT,224966.58,28.86678015177944,
2026-06-09 16:46:00,3,TXN00635759,CR,HSBCGB2L,CHAPS,65005.16,8.34119300053922,
2026-06-09 16:46:00,4,TXN00635754,CR,HSBCGB2L,SWIFT,49831.59,6.394183318889459,
2026-06-09 16:46:00,5,TXN00635755,DR,TSBSGB2A,BACS,48530.47,6.227228987312372,
2026-06-09 16:47:00,1,TXN00635764,CR,SANTGB2L,SWIFT,734450.87,45.22435780718288,
2026-06-09 16:47:00,2,TXN00635765,CR,BARCGB22,FPS,336120.58,20.69687435495561,
2026-06-09 16:47:00,3,TXN00635767,CR,RBOSGB2L,BACS,150035.78,9.238564587172146,
2026-06-09 16:47:00,4,TXN00635761,DR,NTSBGB2L,CHAPS,141447.59,8.709740409353321,
2026-06-09 16:47:00,5,TXN00635768,DR,TSBSGB2A,BACS,120962.88,7.448379176822714,
2026-06-10 06:17:00,1,TXN00636428,CR,CITIGB2L,INTERNAL,143296.0,89.42780334969831,
2026-06-10 06:17:00,2,TXN00636427,DR,CHASGB2L,SWIFT,16940.52,10.572196650301692,
2026-06-10 06:18:00,1,TXN00636429,CR,BNPAGB22,FPS,26875.53,100.0,
2026-06-10 06:19:00,1,TXN00636430,DR,MIDLGB22,BACS,70914.47,100.0,
2026-06-10 06:27:00,1,TXN00636440,CR,TSBSGB2A,INTERNAL,12794264.62,100.0,101.25689193575522
2026-06-10 11:05:00,1,TXN00638751,CR,BNPAGB22,FPS,7337499.62,79.68317178669415,98.01807391695615
2026-06-10 11:05:00,2,TXN00638748,CR,BNPAGB22,INTERNAL,456972.27,4.962589680129426,6.1044693776569146
2026-06-10 11:05:00,3,TXN00638754,CR,NWBKGB2L,BACS,225386.51,2.4476337887338055,3.0108283122561548
2026-06-10 11:05:00,4,TXN00638750,CR,LOYDGB2L,CHAPS,208801.43,2.2675245080281714,2.7892763283994757
2026-06-10 11:05:00,5,TXN00638747,DR,TSBSGB2A,CHAPS,196331.61,2.132105787664523,2.6226980930617083
2026-06-10 12:08:00,1,TXN00639187,CR,NWBKGB2L,CHAPS,11221386.72,48.37314569557558,52.59230412105323
2026-06-10 12:08:00,2,TXN00639186,DR,SANTGB2L,SWIFT,10186491.34,43.91191944559762,47.74196486116246
2026-06-10 12:08:00,3,TXN00639182,DR,SANTGB2L,CHAPS,892915.98,3.8491815559180416,4.184911361356976
2026-06-10 12:08:00,4,TXN00639183,CR,HSBCGB2L,CHAPS,260806.1,1.1242827458311546,1.2223439107912522
2026-06-10 12:08:00,5,TXN00639188,DR,NWBKGB2L,CHAPS,171054.99,0.7373837262445959,0.8016991375468538
2026-06-10 14:45:00,1,TXN00640372,CR,MIDLGB22,INTERNAL,15659678.42,90.71522971451415,100.91906305629315
2026-06-10 14:45:00,2,TXN00640371,DR,DEUTGB2L,CHAPS,710277.95,4.114581772835932,4.577398290120484
2026-06-10 14:45:00,3,TXN00640377,DR,RBOSGB2L,CHAPS,473790.56,2.7446297640490305,3.0533512960936298
2026-06-10 14:45:00,4,TXN00640378,DR,NTSBGB2L,SWIFT,190590.8,1.1040768360473792,1.228265641686744
2026-06-10 14:45:00,5,TXN00640376,DR,SANTGB2L,SWIFT,152801.32,0.8851654850573224,0.9847306971815087
2026-06-10 15:22:00,1,TXN00640582,CR,HSBCGB2L,CHAPS,280177.37,41.090342728470716,
2026-06-10 15:22:00,2,TXN00640581,CR,TSBSGB2A,INTERNAL,166162.09,24.36905317006508,
2026-06-10 15:22:00,3,TXN00640583,DR,COBAGB2X,CHAPS,134590.52,19.738819715536238,
2026-06-10 15:22:00,4,TXN00640584,DR,DEUTGB2L,SWIFT,68282.19,10.014151354731311,
2026-06-10 15:22:00,5,TXN00640585,CR,COBAGB2X,CHAPS,32644.81,4.78763303119666,
2026-06-10 15:23:00,1,TXN00640586,DR,LOYDGB2L,CHAPS,464581.78,59.586751850077036,
2026-06-10 15:23:00,2,TXN00640587,DR,BARCGB22,SWIFT,315091.16,40.413248149922964,
2026-06-10 15:24:00,1,TXN00640589,CR,TSBSGB2A,SWIFT,78169.2,36.15778294876422,
2026-06-10 15:24:00,2,TXN00640588,DR,HSBCGB2L,SWIFT,72827.22,33.68680776471936,
2026-06-10 15:24:00,3,TXN00640590,CR,COBAGB2X,BACS,65192.72,30.15540928651643,
2026-06-10 15:25:00,1,TXN00640593,CR,MIDLGB22,FPS,2438647.57,83.70853822620207,140.91067885324074
2026-06-10 15:25:00,2,TXN00640591,DR,NWBKGB2L,BACS,372173.06,12.775139467886538,21.505017445176755
2026-06-10 15:25:00,3,TXN00640594,CR,BOFAGB22,FPS,67426.79,2.314478769962278,3.89607537746625
2026-06-10 15:25:00,4,TXN00640592,DR,LOYDGB2L,CHAPS,35012.83,1.201843535949114,2.0231220388574283
2026-06-10 15:26:00,1,TXN00640595,DR,RBOSGB2L,CHAPS,222208.11,68.5275218934666,
2026-06-10 15:26:00,2,TXN00640596,DR,CHASGB2L,FPS,102053.01,31.4724781065334,
2026-06-10 15:27:00,1,TXN00640599,CR,MIDLGB22,CHAPS,757115.11,32.243378418210604,64.9605842487295
2026-06-10 15:27:00,2,TXN00640597,DR,SANTGB2L,INTERNAL,532433.48,22.674827052606,45.68286840079607
2026-06-10 15:27:00,3,TXN00640600,DR,CITIGB2L,SWIFT,522624.85,22.257105408067414,44.841286550079055
2026-06-10 15:27:00,4,TXN00640603,CR,MIDLGB22,FPS,257809.21,10.979360744405069,22.120066929193104
2026-06-10 15:27:00,5,TXN00640602,DR,DEUTGB2L,FPS,166302.15,7.082335411602104,14.268748150885342
2026-06-10 15:28:00,1,TXN00640605,DR,CHASGB2L,SWIFT,754727.38,25.662879549722877,43.053630781885325
2026-06-10 15:28:00,2,TXN00640607,DR,MIDLGB22,CHAPS,374821.46,12.744996717399165,21.38179318201918
2026-06-10 15:28:00,3,TXN00640608,DR,BOFAGB22,FPS,357431.2,12.153678369152194,20.38976102168999
2026-06-10 15:28:00,4,TXN00640614,CR,HSBCGB2L,SWIFT,297756.14,10.124556440512894,16.985580826018733
2026-06-10 15:28:00,5,TXN00640612,DR,SANTGB2L,CHAPS,282927.72,9.62034794555581,16.139689532451612
2026-06-10 15:29:00,1,TXN00640616,DR,TSBSGB2A,SWIFT,189011.97,60.76299406669258,
2026-06-10 15:29:00,2,TXN00640617,CR,BOFAGB22,SWIFT,93660.32,30.109635217518385,
2026-06-10 15:29:00,3,TXN00640618,DR,HSBCGB2L,FPS,28391.99,9.127370715789032,
2026-06-10 15:30:00,1,TXN00640619,DR,BARCGB22,SWIFT,545354.1,39.27726656536783,243.60276903924313
2026-06-10 15:30:00,2,TXN00640621,DR,MIDLGB22,FPS,315994.14,22.758398753899826,141.15057997028768
2026-06-10 15:30:00,3,TXN00640620,DR,NWBKGB2L,CHAPS,281711.98,20.289343259943532,125.83717331460034
2026-06-10 15:30:00,4,TXN00640622,DR,CHASGB2L,BACS,245412.42,17.674991420788817,109.62261963121159
2026-06-10 15:31:00,1,TXN00640624,CR,MIDLGB22,SWIFT,895870.52,81.2816668924313,
2026-06-10 15:31:00,2,TXN00640625,DR,DEUTGB2L,INTERNAL,112479.4,10.205172420519583,
2026-06-10 15:31:00,3,TXN00640623,DR,NTSBGB2L,BACS,49062.97,4.451446827710494,
2026-06-10 15:31:00,4,TXN00640626,DR,COBAGB2X,CHAPS,44767.41,4.061713859338622,
2026-06-10 15:32:00,1,TXN00640628,CR,HSBCGB2L,CHAPS,349378.18,39.84579966995033,
2026-06-10 15:32:00,2,TXN00640631,DR,RBOSGB2L,CHAPS,248548.36,28.346384312994864,
2026-06-10 15:32:00,3,TXN00640627,CR,NTSBGB2L,CHAPS,134438.67,15.332429497212912,
2026-06-10 15:32:00,4,TXN00640630,DR,TSBSGB2A,FPS,93381.6,10.649962531888608,
2026-06-10 15:32:00,5,TXN00640629,DR,NWBKGB2L,CHAPS,51078.81,5.825423987953271,
2026-06-10 15:33:00,1,TXN00640634,DR,COBAGB2X,FPS,170340.82,38.21138470356776,
2026-06-10 15:33:00,2,TXN00640635,CR,NTSBGB2L,INTERNAL,119825.67,26.8796685006727,
2026-06-10 15:33:00,3,TXN00640632,DR,SANTGB2L,FPS,69658.06,15.625913555918101,
2026-06-10 15:33:00,4,TXN00640636,CR,MIDLGB22,CHAPS,43439.61,9.74450897373248,
2026-06-10 15:33:00,5,TXN00640633,CR,COBAGB2X,SWIFT,42521.36,9.538524266108958,
2026-06-10 15:34:00,1,TXN00640637,CR,TSBSGB2A,BACS,32283.11,100.0,
2026-06-10 15:35:00,1,TXN00640641,CR,BOFAGB22,FPS,3366231.5,85.13626956479531,119.05619063986694
2026-06-10 15:35:00,2,TXN00640642,CR,TSBSGB2A,FPS,478199.86,12.094281747053754,16.91287533139586
2026-06-10 15:35:00,3,TXN00640639,DR,MIDLGB22,FPS,51966.65,1.3143025733017382,1.8379459016158697
2026-06-10 15:35:00,4,TXN00640640,CR,CHASGB2L,CHAPS,50472.24,1.2765070465828166,1.7850919128589693
2026-06-10 15:35:00,5,TXN00640638,DR,BARCGB22,CHAPS,7063.27,0.17863906826637793,0.2498122959341486
2026-06-10 15:36:00,1,TXN00640643,DR,HSBCGB2L,CHAPS,79531.79,100.0,
2026-06-10 15:37:00,1,TXN00640646,CR,MIDLGB22,SWIFT,2766347.67,94.833131428598,152.2288197443934
2026-06-10 15:37:00,2,TXN00640645,CR,TSBSGB2A,SWIFT,85898.3,2.9446785961625492,4.726881211951868
2026-06-10 15:37:00,3,TXN00640644,CR,MIDLGB22,CHAPS,64822.81,2.2221899752394596,3.5671220815187925
2026-06-10 15:38:00,1,TXN00640647,DR,SANTGB2L,CHAPS,349771.71,33.530116779657824,
2026-06-10 15:38:00,2,TXN00640650,CR,SANTGB2L,BACS,277775.77,26.628379998655042,
2026-06-10 15:38:00,3,TXN00640649,CR,SANTGB2L,CHAPS,227537.17,21.812364075450397,
2026-06-10 15:38:00,4,TXN00640648,DR,DEUTGB2L,CHAPS,188072.2,18.02913914623673,
2026-06-10 15:39:00,1,TXN00640654,CR,RBOSGB2L,FPS,136572.19,36.18891929330007,
2026-06-10 15:39:00,2,TXN00640651,CR,TSBSGB2A,SWIFT,115241.12,30.53660918045986,
2026-06-10 15:39:00,3,TXN00640652,DR,HSBCGB2L,CHAPS,64676.06,17.13787203345449,
2026-06-10 15:39:00,4,TXN00640653,CR,SANTGB2L,FPS,54942.91,14.55878049351811,
2026-06-10 15:39:00,5,TXN00640655,DR,CITIGB2L,BACS,5954.48,1.5778189992674891,
2026-06-10 15:40:00,1,TXN00640658,DR,HSBCGB2L,FPS,374211.68,51.934681366803765,
2026-06-10 15:40:00,2,TXN00640657,CR,MIDLGB22,FPS,275930.75,38.29483777885604,
2026-06-10 15:40:00,3,TXN00640656,CR,DEUTGB2L,CHAPS,70400.51,9.7704808543402,
2026-06-10 15:41:00,1,TXN00640659,CR,LOYDGB2L,CHAPS,367293.28,28.881634526918667,192.34662069046985
2026-06-10 15:41:00,2,TXN00640664,DR,LOYDGB2L,INTERNAL,348103.49,27.372670079139173,182.29718211032545
2026-06-10 15:41:00,3,TXN00640662,CR,TSBSGB2A,CHAPS,229885.93,18.076784342857586,120.38821341840477
2026-06-10 15:41:00,4,TXN00640660,DR,NWBKGB2L,CHAPS,117039.45,9.20324657214412,61.292008105814546
2026-06-10 15:41:00,5,TXN00640663,DR,SANTGB2L,FPS,109700.52,8.626159253588662,57.44870777376406
2026-06-10 15:59:00,1,TXN00640724,CR,NTSBGB2L,CHAPS,9082086.74,89.93004804254532,99.29634407611482
2026-06-10 15:59:00,2,TXN00640730,CR,BOFAGB22,FPS,371610.77,3.6796581398018295,4.062897871013944
2026-06-10 15:59:00,3,TXN00640726,CR,TSBSGB2A,BACS,176930.07,1.7519464579866926,1.934413269888136
2026-06-10 15:59:00,4,TXN00640728,CR,BNPAGB22,BACS,162973.9,1.6137536533460788,1.7818275593595938
2026-06-10 15:59:00,5,TXN00640731,CR,RBOSGB2L,FPS,112030.5,1.109316452887167,1.2248527671537282
2026-06-10 16:05:00,1,TXN00640749,DR,MIDLGB22,CHAPS,855457.32,36.53292808330118,63.55522046597998
2026-06-10 16:05:00,2,TXN00640750,DR,DEUTGB2L,CHAPS,552439.62,23.59233644505635,41.04286797527456
2026-06-10 16:05:00,3,TXN00640747,DR,RBOSGB2L,CHAPS,391972.78,16.73948313675267,29.121168136784505
2026-06-10 16:05:00,4,TXN00640748,CR,BOFAGB22,INTERNAL,265927.91,11.356645134993512,19.756809080910408
2026-06-10 16:05:00,5,TXN00640746,DR,HSBCGB2L,SWIFT,152093.16,6.495249203364137,11.299586886657966
2026-06-10 16:06:00,1,TXN00640754,CR,DEUTGB2L,CHAPS,692715.93,40.195716899308366,95.18496532573978
2026-06-10 16:06:00,2,TXN00640753,CR,DEUTGB2L,CHAPS,495424.11,28.747609818431354,68.07541834917163
2026-06-10 16:06:00,3,TXN00640752,DR,BOFAGB22,CHAPS,365233.06,21.193109680656697,50.186078659853884
2026-06-10 16:06:00,4,TXN00640755,DR,RBOSGB2L,CHAPS,169984.47,9.863563601603584,23.35728858273009
2026-06-10 16:07:00,1,TXN00640758,DR,HSBCGB2L,CHAPS,414791.17,81.76801227192882,
2026-06-10 16:07:00,2,TXN00640756,CR,NTSBGB2L,FPS,60717.68,11.969309769451089,
2026-06-10 16:07:00,3,TXN00640757,DR,NWBKGB2L,CHAPS,31769.19,6.262677958620089,
2026-06-10 16:08:00,1,TXN00640762,CR,NWBKGB2L,INTERNAL,467620.05,73.18364830636104,
2026-06-10 16:08:00,2,TXN00640761,CR,TSBSGB2A,BACS,101883.89,15.94507073390881,
2026-06-10 16:08:00,3,TXN00640759,DR,BOFAGB22,SWIFT,59965.82,9.384793233914053,
2026-06-10 16:08:00,4,TXN00640760,DR,HSBCGB2L,SWIFT,9498.18,1.486487725816103,
2026-06-10 16:09:00,1,TXN00640763,CR,BOFAGB22,SWIFT,1110718.44,69.57404379402567,167.2073459499516
2026-06-10 16:09:00,2,TXN00640764,CR,NWBKGB2L,FPS,462649.72,28.979812274093256,69.64720220696817
2026-06-10 16:09:00,3,TXN00640765,CR,RBOSGB2L,BACS,23087.04,1.4461439318810825,3.4755186780192204
2026-06-10 16:10:00,1,TXN00640767,CR,BOFAGB22,CHAPS,139670.65,40.13623612537551,
2026-06-10 16:10:00,2,TXN00640768,DR,CITIGB2L,INTERNAL,87466.35,25.13462976383899,
2026-06-10 16:10:00,3,TXN00640766,CR,RBOSGB2L,BACS,51135.97,14.694607395470117,
2026-06-10 16:10:00,4,TXN00640769,DR,TSBSGB2A,CHAPS,43213.16,12.417881591326681,
2026-06-10 16:10:00,5,TXN00640770,DR,SANTGB2L,FPS,26505.27,7.616645123988696,
2026-06-10 16:26:00,1,TXN00640840,DR,CHASGB2L,FPS,241561.63,43.245279227616884,
2026-06-10 16:26:00,2,TXN00640841,CR,LOYDGB2L,CHAPS,143558.97,25.70047131772987,
2026-06-10 16:26:00,3,TXN00640842,DR,COBAGB2X,CHAPS,99232.62,17.765000014232392,
2026-06-10 16:26:00,4,TXN00640844,CR,DEUTGB2L,FPS,42637.42,7.633112648913558,
2026-06-10 16:26:00,5,TXN00640843,CR,CHASGB2L,INTERNAL,31594.33,5.656136791507298,
2026-06-10 16:27:00,1,TXN00640845,DR,LOYDGB2L,CHAPS,211194.23,38.39384033990675,
2026-06-10 16:27:00,2,TXN00640847,CR,BOFAGB22,CHAPS,178092.29,32.37610680949177,
2026-06-10 16:27:00,3,TXN00640848,DR,RBOSGB2L,FPS,117725.86,21.40185303698029,
2026-06-10 16:27:00,4,TXN00640846,DR,RBOSGB2L,FPS,43060.83,7.828199813621171,
2026-06-10 16:28:00,1,TXN00640851,DR,BARCGB22,FPS,799969.0,43.84456446969336,131.04059277347886
2026-06-10 16:28:00,2,TXN00640855,DR,CHASGB2L,FPS,387872.88,21.258470632244045,63.536327177623676
2026-06-10 16:28:00,3,TXN00640856,DR,RBOSGB2L,CHAPS,272657.9,14.943787665173534,44.6632967532141
2026-06-10 16:28:00,4,TXN00640850,DR,BARCGB22,CHAPS,141514.77,7.756117370396637,23.181122452248175
2026-06-10 16:28:00,5,TXN00640852,CR,CITIGB2L,CHAPS,77477.24,4.246359351567255,12.691321108759325
2026-06-10 16:29:00,1,TXN00640857,CR,COBAGB2X,SWIFT,315341.63,25.981690492334838,
2026-06-10 16:29:00,2,TXN00640863,DR,BARCGB22,CHAPS,289934.66,23.8883543511852,
2026-06-10 16:29:00,3,TXN00640864,DR,CITIGB2L,CHAPS,211300.01,17.409472580094345,
2026-06-10 16:29:00,4,TXN00640860,DR,NWBKGB2L,SWIFT,162963.63,13.426931915609659,
2026-06-10 16:29:00,5,TXN00640859,CR,MIDLGB22,CHAPS,103656.2,8.540462310705879,
2026-06-10 16:30:00,1,TXN00640865,DR,LOYDGB2L,SWIFT,55932.75,100.0,
2026-06-10 16:31:00,1,TXN00640870,CR,RBOSGB2L,INTERNAL,153467.21,21.662553195754025,
2026-06-10 16:31:00,2,TXN00640866,DR,NTSBGB2L,BACS,149530.16,21.106821746284503,
2026-06-10 16:31:00,3,TXN00640869,CR,LOYDGB2L,CHAPS,139144.72,19.64087246329883,
2026-06-10 16:31:00,4,TXN00640867,CR,NTSBGB2L,FPS,126517.41,17.858473639509196,
2026-06-10 16:31:00,5,TXN00640868,DR,CITIGB2L,SWIFT,97065.42,13.70119926085974,
2026-06-10 16:32:00,1,TXN00640873,DR,RBOSGB2L,INTERNAL,363728.38,34.70238458240594,
2026-06-10 16:32:00,2,TXN00640876,CR,LOYDGB2L,CHAPS,287148.73,27.396118116517183,
2026-06-10 16:32:00,3,TXN00640874,DR,BOFAGB22,CHAPS,131801.57,12.574847117249682,
2026-06-10 16:32:00,4,TXN00640875,DR,NTSBGB2L,CHAPS,85537.94,8.160953759689482,
2026-06-10 16:32:00,5,TXN00640877,DR,LOYDGB2L,SWIFT,74825.89,7.138944757351084,
2026-06-10 16:33:00,1,TXN00640880,DR,BNPAGB22,FPS,67272.45,63.34845655557785,
2026-06-10 16:33:00,2,TXN00640881,CR,HSBCGB2L,CHAPS,26090.86,24.568983457680876,
2026-06-10 16:33:00,3,TXN00640882,CR,HSBCGB2L,CHAPS,12830.99,12.082559986741286,
2026-06-10 16:34:00,1,TXN00640885,CR,BARCGB22,BACS,486354.12,43.954102707707946,
2026-06-10 16:34:00,2,TXN00640884,CR,TSBSGB2A,CHAPS,482454.37,43.60166401132272,
2026-06-10 16:34:00,3,TXN00640883,DR,CITIGB2L,FPS,112502.83,10.167408358189311,
2026-06-10 16:34:00,4,TXN00640886,CR,MIDLGB22,SWIFT,25193.17,2.2768249227800244,
2026-06-10 16:35:00,1,TXN00640888,DR,BOFAGB22,CHAPS,603706.84,43.38220105298914,
2026-06-10 16:35:00,2,TXN00640887,DR,NWBKGB2L,FPS,347937.27,25.002672822073983,
2026-06-10 16:35:00,3,TXN00640889,DR,CHASGB2L,BACS,330634.62,23.75930933616499,
2026-06-10 16:35:00,4,TXN00640890,CR,BARCGB22,SWIFT,109321.57,7.85581678877189,
2026-06-10 16:36:00,1,TXN00640894,DR,BNPAGB22,INTERNAL,279573.17,26.659906771772217,
2026-06-10 16:36:00,2,TXN00640892,CR,COBAGB2X,INTERNAL,238564.07,22.74930697138978,
2026-06-10 16:36:00,3,TXN00640893,DR,NTSBGB2L,FPS,219815.97,20.961500944982234,
2026-06-10 16:36:00,4,TXN00640891,DR,RBOSGB2L,BACS,148632.57,14.173500480925648,
2026-06-10 16:36:00,5,TXN00640895,CR,NTSBGB2L,FPS,132932.16,12.676320093842724,
2026-06-10 16:37:00,1,TXN00640900,DR,MIDLGB22,SWIFT,1286152.71,53.26388903038449,169.80952346786793
2026-06-10 16:37:00,2,TXN00640901,CR,BARCGB22,CHAPS,925384.45,38.323267736413186,122.17763198514355
2026-06-10 16:37:00,3,TXN00640899,DR,BARCGB22,CHAPS,182082.0,7.540625127190744,24.040113908461404
2026-06-10 16:37:00,4,TXN00640898,CR,BARCGB22,FPS,16982.06,0.7032839508982813,2.2421252886080234
2026-06-10 16:37:00,5,TXN00640897,DR,BOFAGB22,CHAPS,4079.22,0.16893415511329524,0.5385755508928611
2026-06-11 06:18:00,1,TXN00641611,CR,BOFAGB22,SWIFT,603529.8,48.12315832856039,55.337541586493714
2026-06-11 06:18:00,2,TXN00641613,CR,CITIGB2L,CHAPS,466196.22,37.1727038287693,42.745449705575716
2026-06-11 06:18:00,3,TXN00641614,CR,TSBSGB2A,SWIFT,98970.18,7.891503687052604,9.074558458543004
2026-06-11 06:18:00,4,TXN00641612,CR,CITIGB2L,BACS,85439.69,6.8126341556176975,7.833950201816266
2026-06-11 06:20:00,1,TXN00641616,CR,LOYDGB2L,SWIFT,43880.62,58.73340550426494,
2026-06-11 06:20:00,2,TXN00641615,DR,HSBCGB2L,CHAPS,30830.9,41.26659449573506,
2026-06-11 06:21:00,1,TXN00641617,DR,BARCGB22,CHAPS,5423059.35,99.91069467081266,102.92206943856279
2026-06-11 06:21:00,2,TXN00641618,DR,COBAGB2X,SWIFT,4847.41,0.0893053291873422,0.09199705118793945
2026-06-11 06:22:00,1,TXN00641619,DR,CITIGB2L,CHAPS,276767.89,100.0,234.64066937665237
2026-06-11 06:23:00,1,TXN00641620,CR,SANTGB2L,BACS,83124.1,100.0,
2026-06-11 13:14:00,1,TXN00645259,CR,CHASGB2L,INTERNAL,5983731.36,63.93276631028219,80.65136769664298
2026-06-11 13:14:00,2,TXN00645260,DR,BNPAGB22,BACS,1947143.21,20.804117753304805,26.244454093896977
2026-06-11 13:14:00,3,TXN00645257,DR,DEUTGB2L,BACS,789212.92,8.432291182172227,10.637359462250538
2026-06-11 13:14:00,4,TXN00645256,CR,BARCGB22,SWIFT,173777.55,1.8567142850683354,2.342250385129549
2026-06-11 13:14:00,5,TXN00645262,CR,CITIGB2L,CHAPS,155228.78,1.6585312273060009,2.0922418904984563
2026-06-11 16:54:00,1,TXN00646795,CR,LOYDGB2L,FPS,22538738.73,83.72105304303467,91.65044160897999
2026-06-11 16:54:00,2,TXN00646801,DR,DEUTGB2L,SWIFT,1296423.2,4.815616206107943,5.27171285915727
2026-06-11 16:54:00,3,TXN00646796,DR,NTSBGB2L,FPS,1074742.51,3.9921743521321797,4.37028117843769
2026-06-11 16:54:00,4,TXN00646797,CR,HSBCGB2L,BACS,768110.66,2.85317799186274,3.1234081923077106
2026-06-11 16:54:00,5,TXN00646798,CR,LOYDGB2L,FPS,434670.81,1.6146022355647958,1.7675244461664263
2026-06-15 06:51:00,1,TXN00654193,DR,DEUTGB2L,SWIFT,27633.95,100.0,
2026-06-15 06:52:00,1,TXN00654196,DR,CHASGB2L,BACS,66704.11,42.67874863637963,
2026-06-15 06:52:00,2,TXN00654194,CR,TSBSGB2A,INTERNAL,52738.66,33.74334825184668,
2026-06-15 06:52:00,3,TXN00654197,CR,BNPAGB22,CHAPS,21344.32,13.656562812912885,
2026-06-15 06:52:00,4,TXN00654195,CR,SANTGB2L,CHAPS,15506.41,9.921340298860796,
2026-06-15 06:53:00,1,TXN00654200,CR,BNPAGB22,CHAPS,1051280.91,47.266806730264456,64.6755463864672
2026-06-15 06:53:00,2,TXN00654198,CR,NWBKGB2L,CHAPS,561275.18,25.23558185371634,34.53004672144455
2026-06-15 06:53:00,3,TXN00654205,CR,NTSBGB2L,CHAPS,169141.06,7.604777863960324,10.405677842933754
2026-06-15 06:53:00,4,TXN00654202,CR,CHASGB2L,CHAPS,166007.26,7.463878588112822,10.212884246723668
2026-06-15 06:53:00,5,TXN00654204,DR,COBAGB2X,BACS,157768.62,7.093459796240889,9.706037277076513
2026-06-15 06:54:00,1,TXN00654206,CR,BOFAGB22,BACS,582906.82,69.58558692475737,243.88368180054238
2026-06-15 06:54:00,2,TXN00654208,CR,BARCGB22,SWIFT,150040.96,17.91141895432626,62.77597120186021
2026-06-15 06:54:00,3,TXN00654207,CR,BOFAGB22,BACS,104735.49,12.50299412091637,43.82051477178444
2026-06-15 06:56:00,1,TXN00654217,CR,SANTGB2L,CHAPS,887345.09,43.366103549308086,61.301950208298614
2026-06-15 06:56:00,2,TXN00654214,DR,CITIGB2L,SWIFT,636785.19,31.12080384442745,43.992100086745246
2026-06-15 06:56:00,3,TXN00654216,DR,COBAGB2X,CHAPS,327101.91,15.986041349748668,22.597730269583586
2026-06-15 06:56:00,4,TXN00654215,CR,BARCGB22,SWIFT,194939.86,9.527051256515795,13.46735754331238
2026-06-15 07:23:00,1,TXN00654317,CR,HSBCGB2L,FPS,849257.17,48.9794383199052,120.11779787485092
2026-06-15 07:23:00,2,TXN00654315,DR,COBAGB2X,FPS,412550.23,23.79312092725423,58.350552566265954
2026-06-15 07:23:00,3,TXN00654314,DR,BARCGB22,CHAPS,111339.5,6.42131307860384,15.747709915109654
2026-06-15 07:23:00,4,TXN00654310,CR,TSBSGB2A,FPS,86359.62,4.9806417072939775,12.214589109337675
2026-06-15 07:23:00,5,TXN00654312,DR,CITIGB2L,SWIFT,83439.88,4.812250753067286,11.80162499015677
2026-06-15 07:24:00,1,TXN00654319,DR,DEUTGB2L,FPS,359737.17,55.83771669221556,
2026-06-15 07:24:00,2,TXN00654320,DR,DEUTGB2L,INTERNAL,131569.8,20.422013153801878,
2026-06-15 07:24:00,3,TXN00654321,CR,DEUTGB2L,FPS,85610.78,13.288341817554171,
2026-06-15 07:24:00,4,TXN00654322,DR,MIDLGB22,CHAPS,67337.05,10.45192833642838,
2026-06-15 07:25:00,1,TXN00654323,CR,DEUTGB2L,CHAPS,541173.08,71.01601373978892,
2026-06-15 07:25:00,2,TXN00654324,DR,CITIGB2L,FPS,81698.17,10.720929361888457,
2026-06-15 07:25:00,3,TXN00654325,DR,SANTGB2L,CHAPS,76898.36,10.091069183129425,
2026-06-15 07:25:00,4,TXN00654326,CR,BOFAGB22,CHAPS,62274.12,8.171987715193195,
2026-06-15 07:26:00,1,TXN00654328,CR,NWBKGB2L,FPS,350324.32,35.473411556884756,
2026-06-15 07:26:00,2,TXN00654333,DR,HSBCGB2L,CHAPS,170351.78,17.24961259152059,
2026-06-15 07:26:00,3,TXN00654332,CR,CITIGB2L,CHAPS,150985.63,15.288619962683509,
2026-06-15 07:26:00,4,TXN00654331,DR,HSBCGB2L,FPS,134977.21,13.667626961011615,
2026-06-15 07:26:00,5,TXN00654327,CR,NWBKGB2L,SWIFT,85333.36,8.640751515086956,
2026-06-15 12:00:00,1,TXN00656854,DR,LOYDGB2L,SWIFT,408064.42,32.17703590368234,
2026-06-15 12:00:00,2,TXN00656855,DR,CHASGB2L,CHAPS,390296.76,30.77600556208965,
2026-06-15 12:00:00,3,TXN00656859,DR,CITIGB2L,CHAPS,144646.34,11.405773812664782,
2026-06-15 12:00:00,4,TXN00656853,DR,BNPAGB22,FPS,121687.91,9.595436546793433,
2026-06-15 12:00:00,5,TXN00656860,DR,NWBKGB2L,BACS,62812.81,4.952968069554255,
2026-06-15 12:01:00,1,TXN00656863,DR,TSBSGB2A,CHAPS,366705.09,39.37515365438445,
2026-06-15 12:01:00,2,TXN00656864,DR,COBAGB2X,SWIFT,194344.38,20.86783094384122,
2026-06-15 12:01:00,3,TXN00656865,DR,COBAGB2X,CHAPS,122217.64,13.123183957649028,
2026-06-15 12:01:00,4,TXN00656862,DR,SANTGB2L,FPS,104777.04,11.25049027667324,
2026-06-15 12:01:00,5,TXN00656868,CR,BNPAGB22,SWIFT,71401.19,7.666740669882434,
2026-06-15 12:02:00,1,TXN00656874,CR,NWBKGB2L,SWIFT,534934.99,56.625816636893575,
2026-06-15 12:02:00,2,TXN00656871,DR,DEUTGB2L,FPS,224686.39,23.784292594031953,
2026-06-15 12:02:00,3,TXN00656869,CR,HSBCGB2L,FPS,87219.3,9.232643557300694,
2026-06-15 12:02:00,4,TXN00656872,DR,CITIGB2L,CHAPS,39767.33,4.209591032209048,
2026-06-15 12:02:00,5,TXN00656873,DR,RBOSGB2L,CHAPS,31377.0,3.3214283638761595,
2026-06-15 12:03:00,1,TXN00656879,DR,BNPAGB22,CHAPS,631327.18,33.23377142363399,205.58800049379843
2026-06-15 12:03:00,2,TXN00656882,DR,DEUTGB2L,CHAPS,602806.91,31.73243239666492,196.3005415207137
2026-06-15 12:03:00,3,TXN00656876,DR,MIDLGB22,CHAPS,326380.81,17.18105220275882,106.28400020326437
2026-06-15 12:03:00,4,TXN00656881,CR,MIDLGB22,INTERNAL,146394.87,7.70639028589362,47.67263244685513
2026-06-15 12:03:00,5,TXN00656878,CR,CITIGB2L,FPS,67142.51,3.534457094258256,21.864565341594925
2026-06-15 13:16:00,1,TXN00657433,CR,HSBCGB2L,CHAPS,9976295.49,84.99655948361061,99.47385963358502
2026-06-15 13:16:00,2,TXN00657432,CR,SANTGB2L,CHAPS,1191934.49,10.155105257397713,11.884804762402718
2026-06-15 13:16:00,3,TXN00657436,DR,NTSBGB2L,CHAPS,122968.39,1.047672463763283,1.2261204951767062
2026-06-15 13:16:00,4,TXN00657429,DR,SANTGB2L,CHAPS,115052.82,0.9802329801367126,1.1471941742904535
2026-06-15 13:16:00,5,TXN00657431,DR,COBAGB2X,FPS,105363.82,0.8976841356621086,1.0505849442455035
2026-06-16 10:49:00,1,TXN00661834,DR,MIDLGB22,BACS,7216734.78,79.7799924118778,99.31864914510976
2026-06-16 10:49:00,2,TXN00661844,CR,COBAGB2X,CHAPS,356366.84,3.939585513082257,4.904416502460337
2026-06-16 10:49:00,3,TXN00661845,CR,DEUTGB2L,CHAPS,323828.99,3.5798841377050095,4.456621840940822
2026-06-16 10:49:00,4,TXN00661841,DR,CHASGB2L,SWIFT,228643.5,2.5276218748647405,3.14665347252929
2026-06-16 10:49:00,5,TXN00661843,DR,CHASGB2L,BACS,208655.23,2.3066543490321556,2.8715695134167283
2026-06-16 13:06:00,1,TXN00662954,DR,COBAGB2X,FPS,9405506.78,79.69507836825198,93.96367925094958
2026-06-16 13:06:00,2,TXN00662951,CR,BNPAGB22,INTERNAL,613715.19,5.200153623496368,6.1311887401133305
2026-06-16 13:06:00,3,TXN00662953,DR,HSBCGB2L,BACS,341385.1,2.892636509082772,3.410533933765699
2026-06-16 13:06:00,4,TXN00662952,CR,DEUTGB2L,FPS,295624.23,2.5048938593614145,2.9533698689789207
2026-06-16 13:06:00,5,TXN00662957,DR,RBOSGB2L,SWIFT,266707.05,2.2598717696225297,2.664479042581369
2026-06-16 15:59:00,1,TXN00664200,CR,LOYDGB2L,SWIFT,300934.19,79.1756621512901,
2026-06-16 15:59:00,2,TXN00664202,DR,DEUTGB2L,FPS,48412.96,12.737429950062907,
2026-06-16 15:59:00,3,TXN00664201,CR,HSBCGB2L,CHAPS,30737.06,8.086907898646986,
2026-06-17 06:58:00,1,TXN00665360,CR,MIDLGB22,BACS,580791.55,85.10380169986475,863.3112239593289
2026-06-17 06:58:00,2,TXN00665361,DR,NTSBGB2L,CHAPS,49269.02,7.2194247799002405,73.23539393690672
2026-06-17 06:58:00,3,TXN00665363,DR,SANTGB2L,CHAPS,37279.17,5.462543474014983,55.413213020898624
2026-06-17 06:58:00,4,TXN00665362,DR,DEUTGB2L,BACS,15111.03,2.2142300462200373,22.461624664797785
2026-06-17 06:59:00,1,TXN00665364,CR,TSBSGB2A,FPS,425174.16,100.0,
2026-06-17 07:00:00,1,TXN00665368,DR,LOYDGB2L,CHAPS,173789.64,37.68097377256559,
2026-06-17 07:00:00,2,TXN00665365,DR,RBOSGB2L,SWIFT,124565.97,27.008324826060935,
2026-06-17 07:00:00,3,TXN00665366,DR,LOYDGB2L,CHAPS,92572.84,20.071592047097347,
2026-06-17 07:00:00,4,TXN00665367,CR,NWBKGB2L,SWIFT,70284.79,15.239109354276124,
2026-06-17 07:01:00,1,TXN00665372,DR,DEUTGB2L,BACS,971125.9,72.20241737595725,162.12179269538422
2026-06-17 07:01:00,2,TXN00665370,CR,TSBSGB2A,FPS,172910.45,12.855750711174101,28.866032848846476
2026-06-17 07:01:00,3,TXN00665371,CR,LOYDGB2L,CHAPS,97916.94,7.280044503041845,16.346459144016624
2026-06-17 07:01:00,4,TXN00665373,DR,NTSBGB2L,CHAPS,84208.98,6.26086887473976,14.058023577220785
2026-06-17 07:01:00,5,TXN00665369,DR,TSBSGB2A,CHAPS,18842.42,1.400918535087041,3.1455930782191692
2026-06-17 13:24:00,1,TXN00668544,DR,CHASGB2L,CHAPS,8841199.07,81.40109891255707,96.56448507730481
2026-06-17 13:24:00,2,TXN00668545,CR,CHASGB2L,BACS,1035044.74,9.529677885610818,11.304865048137959
2026-06-17 13:24:00,3,TXN00668541,CR,CHASGB2L,CHAPS,637695.07,5.87127142575696,6.9649711066720545
2026-06-17 13:24:00,4,TXN00668543,CR,HSBCGB2L,FPS,145227.17,1.3371094957101497,1.5861860794278224
2026-06-17 13:24:00,5,TXN00668546,DR,CHASGB2L,CHAPS,116936.73,1.0766388416182309,1.2771949856201825
2026-06-17 16:25:00,1,TXN00669665,DR,LOYDGB2L,CHAPS,1926403.58,31.415880389802446,37.61098635580394
2026-06-17 16:25:00,2,TXN00669664,DR,BNPAGB22,INTERNAL,1655143.43,26.99215707689214,32.31491968190203
2026-06-17 16:25:00,3,TXN00669663,CR,CITIGB2L,FPS,1027602.22,16.75818544306041,20.06284325718178
2026-06-17 16:25:00,4,TXN00669659,CR,MIDLGB22,CHAPS,841168.46,13.71781489683191,16.422921863544612
2026-06-17 16:25:00,5,TXN00669662,CR,BOFAGB22,BACS,415998.88,6.784129344470893,8.121936837196762
2026-06-17 16:26:00,1,TXN00669667,DR,CITIGB2L,SWIFT,383706.0,63.170132930139566,
2026-06-17 16:26:00,2,TXN00669668,DR,BNPAGB22,CHAPS,173653.49,28.588852004093397,
2026-06-17 16:26:00,3,TXN00669669,DR,SANTGB2L,CHAPS,50057.31,8.241015065767032,
2026-06-17 16:27:00,1,TXN00669671,CR,BNPAGB22,SWIFT,329317.83,43.390224768300115,
2026-06-17 16:27:00,2,TXN00669674,DR,MIDLGB22,SWIFT,134703.09,17.748195875348017,
2026-06-17 16:27:00,3,TXN00669673,DR,MIDLGB22,BACS,129926.87,17.11889117191653,
2026-06-17 16:27:00,4,TXN00669670,DR,DEUTGB2L,SWIFT,125094.18,16.4821461000341,
2026-06-17 16:27:00,5,TXN00669672,CR,LOYDGB2L,FPS,39925.82,5.260542084401236,
2026-06-17 16:28:00,1,TXN00669678,CR,LOYDGB2L,SWIFT,625365.78,32.73734580129438,69.12624640766342
2026-06-17 16:28:00,2,TXN00669679,DR,BARCGB22,CHAPS,490252.1,25.664264084790112,54.191144687313155
2026-06-17 16:28:00,3,TXN00669681,DR,DEUTGB2L,CHAPS,390979.43,20.4674275607197,43.21781153184907
2026-06-17 16:28:00,4,TXN00669675,DR,NTSBGB2L,SWIFT,283107.49,14.820426853331329,31.293938266969306
2026-06-17 16:28:00,5,TXN00669677,CR,COBAGB2X,CHAPS,52504.51,2.7485646880095023,5.803706905378846
2026-06-17 16:29:00,1,TXN00669684,DR,NWBKGB2L,FPS,605101.43,65.97187827500922,
2026-06-17 16:29:00,2,TXN00669685,DR,DEUTGB2L,SWIFT,126442.27,13.785513686946414,
2026-06-17 16:29:00,3,TXN00669682,CR,CITIGB2L,BACS,104020.82,11.340989352986066,
2026-06-17 16:29:00,4,TXN00669683,DR,TSBSGB2A,SWIFT,81646.64,8.9016186850583,
2026-06-17 16:30:00,1,TXN00669687,DR,RBOSGB2L,SWIFT,845591.2,50.045583916862775,219.8627698959674
2026-06-17 16:30:00,2,TXN00669692,DR,NWBKGB2L,CHAPS,310025.6,18.348597030309364,80.60997696600819
2026-06-17 16:30:00,3,TXN00669688,CR,HSBCGB2L,BACS,229422.53,13.578174036737808,59.65231535325898
2026-06-17 16:30:00,4,TXN00669690,DR,COBAGB2X,CHAPS,187019.43,11.068583232830289,48.62705513511137
2026-06-17 16:30:00,5,TXN00669691,DR,RBOSGB2L,FPS,52870.33,3.129084759547199,13.746852142162622
2026-06-17 16:31:00,1,TXN00669701,DR,COBAGB2X,SWIFT,1443795.13,24.856461327988868,32.05948642094454
2026-06-17 16:31:00,2,TXN00669702,CR,LOYDGB2L,CHAPS,1107230.47,19.062144473867242,24.586064518600388
2026-06-17 16:31:00,3,TXN00669696,CR,HSBCGB2L,CHAPS,1022453.76,17.602623680478,22.7035967594403
2026-06-17 16:31:00,4,TXN00669698,CR,RBOSGB2L,CHAPS,881084.91,15.168809297818834,19.564499921705746
2026-06-17 16:31:00,5,TXN00669695,CR,COBAGB2X,SWIFT,416968.57,7.1785552671810295,9.258791590380042
2026-06-17 16:32:00,1,TXN00669703,DR,NTSBGB2L,CHAPS,305439.35,73.41021858765879,
2026-06-17 16:32:00,2,TXN00669705,DR,HSBCGB2L,CHAPS,50642.05,12.171463697218929,
2026-06-17 16:32:00,3,TXN00669706,DR,NTSBGB2L,CHAPS,45263.81,10.878841204351229,
2026-06-17 16:32:00,4,TXN00669704,CR,BNPAGB22,CHAPS,14726.77,3.539476510771045,
2026-06-17 16:33:00,1,TXN00669708,DR,HSBCGB2L,SWIFT,5020453.82,82.65730549404628,105.27764158245918
2026-06-17 16:33:00,2,TXN00669714,CR,TSBSGB2A,FPS,324557.15,5.343544719195725,6.805881009124479
2026-06-17 16:33:00,3,TXN00669713,DR,NWBKGB2L,CHAPS,223794.9,3.6845839202061494,4.692922216777267
2026-06-17 16:33:00,4,TXN00669712,CR,BARCGB22,FPS,214233.3,3.527160683074994,4.4924178930954595
2026-06-17 16:33:00,5,TXN00669709,DR,RBOSGB2L,FPS,100967.61,1.6623418686826448,2.117265139392821
2026-06-18 06:59:00,1,TXN00670592,DR,COBAGB2X,CHAPS,264177.02,60.9366725936311,
2026-06-18 06:59:00,2,TXN00670594,CR,TSBSGB2A,CHAPS,99851.75,23.032409850225065,
2026-06-18 06:59:00,3,TXN00670593,CR,CITIGB2L,SWIFT,47247.62,10.898422394076126,
2026-06-18 06:59:00,4,TXN00670591,DR,RBOSGB2L,BACS,22250.76,5.132495162067704,
2026-06-18 07:01:00,1,TXN00670603,CR,BOFAGB22,INTERNAL,190853.84,50.816273724678304,
2026-06-18 07:01:00,2,TXN00670604,DR,DEUTGB2L,BACS,104722.14,27.883059262910734,
2026-06-18 07:01:00,3,TXN00670605,DR,NWBKGB2L,BACS,69404.63,18.479505970851935,
2026-06-18 07:01:00,4,TXN00670606,CR,SANTGB2L,FPS,10595.61,2.8211610415590207,
2026-06-18 07:02:00,1,TXN00670607,CR,MIDLGB22,FPS,142129.73,59.263484375934276,
2026-06-18 07:02:00,2,TXN00670609,CR,BARCGB22,SWIFT,85108.27,35.48738627314493,
2026-06-18 07:02:00,3,TXN00670608,DR,DEUTGB2L,BACS,12588.82,5.249129350920802,
2026-06-18 07:03:00,1,TXN00670612,DR,TSBSGB2A,CHAPS,63483.51,45.724176019989606,
2026-06-18 07:03:00,2,TXN00670610,CR,DEUTGB2L,BACS,44480.22,32.03700313180323,
2026-06-18 07:03:00,3,TXN00670611,CR,TSBSGB2A,FPS,30876.41,22.23882084820715,
2026-06-18 08:22:00,1,TXN00671187,CR,DEUTGB2L,CHAPS,14802342.96,89.84957313801009,99.94720304349083
2026-06-18 08:22:00,2,TXN00671188,CR,BNPAGB22,CHAPS,501064.43,3.041439133777531,3.383247399307724
2026-06-18 08:22:00,3,TXN00671191,DR,NTSBGB2L,SWIFT,448214.72,2.720643709917981,3.0263997900857578
2026-06-18 08:22:00,4,TXN00671192,CR,HSBCGB2L,CHAPS,136030.54,0.8256994170288435,0.9184945949594254
2026-06-18 08:22:00,5,TXN00671189,CR,NTSBGB2L,CHAPS,109107.26,0.662276287189733,0.7367053646984913
2026-06-18 14:52:00,1,TXN00675075,CR,TSBSGB2A,CHAPS,11480533.35,80.40143162301138,88.90373895894896
2026-06-18 14:52:00,2,TXN00675076,DR,HSBCGB2L,CHAPS,1654518.89,11.587065108200369,12.812376482422744
2026-06-18 14:52:00,3,TXN00675073,CR,NTSBGB2L,BACS,534393.64,3.742510247246672,4.138274000300043
2026-06-18 14:52:00,4,TXN00675072,DR,CHASGB2L,BACS,332833.0,2.3309239105500046,2.57741493768875
2026-06-18 14:52:00,5,TXN00675077,CR,RBOSGB2L,CHAPS,233427.56,1.6347594168407156,1.8076322961131766
2026-06-18 17:29:00,1,TXN00676256,DR,NTSBGB2L,SWIFT,12655727.14,91.8793868493519,110.54779158603813
2026-06-18 17:29:00,2,TXN00676254,DR,NTSBGB2L,CHAPS,313243.86,2.2741209155939677,2.73618548881626
2026-06-18 17:29:00,3,TXN00676257,DR,BARCGB22,FPS,181430.76,1.3171702265707919,1.5847979038979583
2026-06-18 17:29:00,4,TXN00676248,DR,MIDLGB22,BACS,171426.64,1.2445412577727701,1.4974119038263958
2026-06-18 17:29:00,5,TXN00676251,CR,BOFAGB22,BACS,169227.06,1.2285725141762565,1.4781985699162261
2026-06-18 17:39:00,1,TXN00676341,CR,SANTGB2L,SWIFT,7850979.35,70.64017852211997,87.29372093911452
2026-06-18 17:39:00,2,TXN00676340,CR,SANTGB2L,SWIFT,1105708.82,9.9487547930288,12.294190682465317
2026-06-18 17:39:00,3,TXN00676346,CR,CHASGB2L,CHAPS,464958.84,4.183525901521804,5.169799259137575
2026-06-18 17:39:00,4,TXN00676349,DR,BARCGB22,BACS,460385.04,4.1423725582099955,5.11894394503828
2026-06-18 17:39:00,5,TXN00676350,DR,BOFAGB22,FPS,212541.77,1.9123714261466453,2.3632162474463088
2026-06-19 06:32:00,1,TXN00676542,CR,COBAGB2X,CHAPS,1115295.62,100.0,146.3360344657246
2026-06-22 13:21:00,1,TXN00685853,CR,BOFAGB22,FPS,5585387.76,72.50673472000429,93.40323881252786
2026-06-22 13:21:00,2,TXN00685859,DR,MIDLGB22,CHAPS,863405.17,11.20829784914883,14.438539050596052
2026-06-22 13:21:00,3,TXN00685858,DR,NWBKGB2L,CHAPS,579415.05,7.521678910817111,9.689433323555457
2026-06-22 13:21:00,4,TXN00685854,DR,COBAGB2X,INTERNAL,424117.38,5.505681553934449,7.092423772684249
2026-06-22 13:21:00,5,TXN00685855,CR,TSBSGB2A,BACS,120858.1,1.568919933942733,2.0210840252796296
2026-06-23 07:00:00,1,TXN00688097,CR,CHASGB2L,INTERNAL,282420.84,34.129059788044934,404.4309620861302
2026-06-23 07:00:00,2,TXN00688094,DR,SANTGB2L,FPS,224924.54,27.180937049328598,322.09538116585253
2026-06-23 07:00:00,3,TXN00688095,CR,CITIGB2L,INTERNAL,125726.27,15.19335253644129,180.04194143605181
2026-06-23 07:00:00,4,TXN00688099,CR,COBAGB2X,CHAPS,99968.68,12.080684473043602,143.1566786320743
2026-06-23 07:00:00,5,TXN00688096,CR,LOYDGB2L,CHAPS,62718.63,7.579213605817009,89.81403734803715
2026-06-23 07:01:00,1,TXN00688102,DR,HSBCGB2L,CHAPS,68393.15,50.241875684742666,
2026-06-23 07:01:00,2,TXN00688100,CR,NTSBGB2L,SWIFT,44756.15,32.8780429681583,
2026-06-23 07:01:00,3,TXN00688101,DR,CITIGB2L,SWIFT,22978.48,16.880081347099026,
2026-06-23 17:10:00,1,TXN00692478,DR,DEUTGB2L,CHAPS,11048183.16,83.27246705318561,98.86140895494968
2026-06-23 17:10:00,2,TXN00692481,CR,NWBKGB2L,FPS,1620735.05,12.215819026398918,14.502669648506336
2026-06-23 17:10:00,3,TXN00692480,DR,NWBKGB2L,CHAPS,213097.53,1.6061606500412355,1.9068404058409598
2026-06-23 17:10:00,4,TXN00692477,CR,BOFAGB22,FPS,155839.27,1.174593169639984,1.3944817513969257
2026-06-23 17:10:00,5,TXN00692482,DR,BOFAGB22,SWIFT,151780.36,1.1440003161045214,1.3581617922135791
2026-06-24 17:52:00,1,TXN00698412,CR,BNPAGB22,CHAPS,318362.01,32.68227080231727,
2026-06-24 17:52:00,2,TXN00698410,CR,MIDLGB22,CHAPS,147454.86,15.137357832480642,
2026-06-24 17:52:00,3,TXN00698409,DR,DEUTGB2L,BACS,137178.55,14.0824168039686,
2026-06-24 17:52:00,4,TXN00698406,DR,MIDLGB22,FPS,95315.92,9.784900871847142,
2026-06-24 17:52:00,5,TXN00698405,DR,COBAGB2X,CHAPS,92689.96,9.515326195408667,
2026-06-24 17:53:00,1,TXN00698417,CR,TSBSGB2A,SWIFT,117354.74,42.62232922510868,
2026-06-24 17:53:00,2,TXN00698415,DR,DEUTGB2L,CHAPS,102092.18,37.07908608778014,
2026-06-24 17:53:00,3,TXN00698416,CR,SANTGB2L,CHAPS,55889.37,20.298584687111166,
2026-06-24 17:54:00,1,TXN00698427,CR,SANTGB2L,CHAPS,403558.15,24.359728292774033,82.78137051686898
2026-06-24 17:54:00,2,TXN00698421,CR,BNPAGB22,FPS,364840.44,22.022635371423245,74.83925586232742
2026-06-24 17:54:00,3,TXN00698426,DR,NWBKGB2L,FPS,253283.83,15.288813470259909,51.95579020560396
2026-06-24 17:54:00,4,TXN00698420,CR,BOFAGB22,CHAPS,234349.83,14.14591226631846,48.0718828446291
2026-06-24 17:54:00,5,TXN00698423,DR,CITIGB2L,CHAPS,124243.78,7.49964961150504,25.485968717510367
2026-06-24 17:55:00,1,TXN00698429,DR,CHASGB2L,CHAPS,168874.99,80.9817603409698,
2026-06-24 17:55:00,2,TXN00698428,CR,SANTGB2L,CHAPS,39659.61,19.018239659030208,
2026-06-25 06:39:00,1,TXN00698507,CR,NTSBGB2L,CHAPS,764272.74,41.84174060403715,51.372353241584946
2026-06-25 06:39:00,2,TXN00698509,CR,BOFAGB22,BACS,621437.58,34.021925240929804,41.77135884416825
2026-06-25 06:39:00,3,TXN00698508,DR,MIDLGB22,CHAPS,225867.56,12.36560112871067,15.182208485068934
2026-06-25 06:39:00,4,TXN00698506,CR,HSBCGB2L,CHAPS,215001.82,11.770733026322365,14.451842734340707
2026-06-26 06:39:00,1,TXN00704233,DR,TSBSGB2A,CHAPS,224281.75,80.1594162061146,
2026-06-26 06:39:00,2,TXN00704232,DR,TSBSGB2A,SWIFT,33962.7,12.138438391814795,
2026-06-26 06:39:00,3,TXN00704231,DR,LOYDGB2L,BACS,21550.19,7.702145402070604,
2026-06-26 06:40:00,1,TXN00704237,DR,BARCGB22,FPS,142854.84,51.71449181020075,
2026-06-26 06:40:00,2,TXN00704234,DR,RBOSGB2L,CHAPS,79919.16,28.93131758992641,
2026-06-26 06:40:00,3,TXN00704235,CR,BARCGB22,CHAPS,27035.62,9.787091211426224,
2026-06-26 06:40:00,4,TXN00704236,CR,BARCGB22,SWIFT,26427.92,9.567099388446625,
2026-06-26 06:41:00,1,TXN00704238,CR,COBAGB2X,CHAPS,106227.08,82.65846517771514,
2026-06-26 06:41:00,2,TXN00704239,DR,BOFAGB22,CHAPS,22286.17,17.34153482228486,
2026-06-26 06:42:00,1,TXN00704240,CR,BNPAGB22,CHAPS,1913801.14,100.0,121.51630737437365
2026-06-26 06:43:00,1,TXN00704243,CR,TSBSGB2A,BACS,832666.62,81.22403826132347,121.33036834974223
2026-06-26 06:43:00,2,TXN00704241,DR,LOYDGB2L,CHAPS,116998.79,11.412867968081331,17.048247096988394
2026-06-26 06:43:00,3,TXN00704242,DR,DEUTGB2L,CHAPS,75482.61,7.363093770595197,10.998799105577135
2026-06-26 06:44:00,1,TXN00704244,CR,BOFAGB22,CHAPS,90995.58,100.0,
2026-06-26 15:41:00,1,TXN00709892,CR,HSBCGB2L,CHAPS,6767404.87,64.73844401262744,71.70693374650679
2026-06-26 15:41:00,2,TXN00709897,CR,CITIGB2L,SWIFT,1245306.32,11.912866900172785,13.195175920122862
2026-06-26 15:41:00,3,TXN00709893,CR,RBOSGB2L,SWIFT,1103962.15,10.560738305558894,11.69750329252891
2026-06-26 15:41:00,4,TXN00709886,CR,BOFAGB22,CHAPS,325636.31,3.115106666200332,3.450418846689595
2026-06-26 15:41:00,5,TXN00709895,DR,LOYDGB2L,INTERNAL,211397.02,2.0222691573211997,2.2399475720076096
2026-06-26 16:49:00,1,TXN00710396,DR,LOYDGB2L,BACS,17049080.85,96.34786407848955,108.55468664154996
2026-06-26 16:49:00,2,TXN00710391,DR,NTSBGB2L,SWIFT,168114.85,0.9500516103996103,1.0704186942453953
2026-06-26 16:49:00,3,TXN00710392,CR,SANTGB2L,INTERNAL,147141.87,0.831528984802414,0.9368798077875078
2026-06-26 16:49:00,4,TXN00710390,DR,MIDLGB22,FPS,133714.75,0.755649566779385,0.8513868233314872
2026-06-26 16:49:00,5,TXN00710395,DR,CITIGB2L,FPS,116325.7,0.6573804670786784,0.7406674895238676
2026-06-29 06:32:00,1,TXN00711343,CR,CITIGB2L,CHAPS,128736.2,31.48832336728077,178.64614433126775
2026-06-29 06:32:00,2,TXN00711341,DR,LOYDGB2L,FPS,102311.8,25.025028256920407,141.97722621602782
2026-06-29 06:32:00,3,TXN00711345,CR,CHASGB2L,CHAPS,73417.64,17.957640424236597,101.88104287606016
2026-06-29 06:32:00,4,TXN00711344,DR,HSBCGB2L,CHAPS,57447.19,14.051336727832718,79.7189834418428
2026-06-29 06:32:00,5,TXN00711342,DR,MIDLGB22,CHAPS,46925.07,11.477671223729502,65.11752582393174
2026-06-29 06:33:00,1,TXN00711346,DR,HSBCGB2L,CHAPS,753601.05,40.04943387844491,48.84601742083609
2026-06-29 06:33:00,2,TXN00711347,CR,NWBKGB2L,BACS,727290.84,38.65120199471412,47.14067349117217
2026-06-29 06:33:00,3,TXN00711348,CR,NWBKGB2L,CHAPS,400785.27,21.299364126840974,25.977623412858165
2026-06-29 06:34:00,1,TXN00711349,DR,BNPAGB22,SWIFT,884265.54,71.31715087371914,98.13850555765787
2026-06-29 06:34:00,2,TXN00711350,CR,DEUTGB2L,FPS,224576.11,18.112351544879772,24.92414644966509
2026-06-29 06:34:00,3,TXN00711351,CR,CHASGB2L,CHAPS,108547.91,8.754528277215108,12.046980445271164
2026-06-29 06:34:00,4,TXN00711352,DR,CITIGB2L,CHAPS,22516.31,1.81596930418597,2.498929240274304
2026-06-29 06:35:00,1,TXN00711359,DR,RBOSGB2L,CHAPS,788384.37,52.116610279043044,67.16147851970382
2026-06-29 06:35:00,2,TXN00711358,DR,NTSBGB2L,CHAPS,295700.65,19.547464563902647,25.19036856760296
2026-06-29 06:35:00,3,TXN00711354,DR,NTSBGB2L,SWIFT,124200.55,8.210350061598506,10.58048952817317
2026-06-29 06:35:00,4,TXN00711357,CR,LOYDGB2L,SWIFT,111243.37,7.353808092894319,9.476683568339217
2026-06-29 06:35:00,5,TXN00711356,CR,RBOSGB2L,SWIFT,80166.5,5.299453409933665,6.829283878052829
2026-06-29 06:36:00,1,TXN00711361,DR,BARCGB22,FPS,1523539.54,66.58932307361344,78.16646405020715
2026-06-29 06:36:00,2,TXN00711366,CR,BOFAGB22,INTERNAL,461805.47,20.184125735910932,23.693313971322347
2026-06-29 06:36:00,3,TXN00711365,CR,DEUTGB2L,SWIFT,164032.66,7.169373360250426,8.415832135836693
2026-06-29 06:36:00,4,TXN00711364,CR,NWBKGB2L,INTERNAL,68629.99,2.999610089967774,3.521118753571094
2026-06-29 06:36:00,5,TXN00711362,CR,MIDLGB22,SWIFT,25850.23,1.129835670032702,1.3262675637447432
2026-06-29 06:39:00,1,TXN00711379,DR,NTSBGB2L,BACS,400940.5,38.17566372551414,56.360629562222385
2026-06-29 06:39:00,2,TXN00711378,DR,MIDLGB22,FPS,336365.72,32.027157684270975,47.283284533117055
2026-06-29 06:39:00,3,TXN00711377,DR,BNPAGB22,BACS,194521.21,18.52139232739052,27.34405194487778
2026-06-29 06:39:00,4,TXN00711381,CR,LOYDGB2L,CHAPS,96064.46,9.146804877364856,13.503882606409006
2026-06-29 06:39:00,5,TXN00711380,DR,DEUTGB2L,CHAPS,22359.66,2.128981385459512,3.1431210226885073
2026-06-29 06:40:00,1,TXN00711385,DR,LOYDGB2L,BACS,1018971.56,76.94540071553367,103.61771279442344
2026-06-29 06:40:00,2,TXN00711383,DR,CITIGB2L,SWIFT,92521.94,6.986591213869171,9.408419412709494
2026-06-29 06:40:00,3,TXN00711382,DR,TSBSGB2A,FPS,90175.97,6.809440438712483,9.16986118868572
2026-06-29 06:40:00,4,TXN00711384,CR,BOFAGB22,CHAPS,75407.89,5.694261293379851,7.668116947693295
2026-06-29 06:40:00,5,TXN00711386,DR,RBOSGB2L,CHAPS,47201.35,3.5643063385048306,4.799835559501836
2026-06-29 06:41:00,1,TXN00711387,DR,BARCGB22,CHAPS,509343.21,31.236910955752197,39.65423304886056
2026-06-29 06:41:00,2,TXN00711394,DR,TSBSGB2A,INTERNAL,412643.63,25.30653609138788,32.12581683409069
2026-06-29 06:41:00,3,TXN00711392,DR,TSBSGB2A,INTERNAL,231527.86,14.19909994794249,18.025291272154117
2026-06-29 06:41:00,4,TXN00711388,DR,BARCGB22,INTERNAL,151499.51,9.291135349993356,11.794791328087364
2026-06-29 06:41:00,5,TXN00711390,DR,TSBSGB2A,FPS,141448.56,8.674732453072991,11.012288085013907
2026-06-29 06:42:00,1,TXN00711396,DR,BOFAGB22,BACS,1176616.59,55.79291927279095,66.99197261527866
2026-06-29 06:42:00,2,TXN00711397,DR,RBOSGB2L,INTERNAL,460613.88,21.84143351469064,26.225562938201683
2026-06-29 06:42:00,3,TXN00711398,DR,RBOSGB2L,FPS,193185.09,9.160469283436546,10.999207701941499
2026-06-29 06:42:00,4,TXN00711395,DR,RBOSGB2L,FPS,187050.41,8.869574433819981,10.64992288133269
2026-06-29 06:42:00,5,TXN00711399,DR,CITIGB2L,SWIFT,50651.75,2.4018095807875603,2.8839136535682712
2026-06-29 06:43:00,1,TXN00711403,DR,SANTGB2L,CHAPS,157763.67,29.284683304914957,84.73749865711699
2026-06-29 06:43:00,2,TXN00711406,DR,HSBCGB2L,FPS,152248.08,28.260858831322544,81.7749832680023
2026-06-29 06:43:00,3,TXN00711404,DR,MIDLGB22,CHAPS,107934.83,20.03526739787325,57.973597547402065
2026-06-29 06:43:00,4,TXN00711405,CR,RBOSGB2L,INTERNAL,56167.13,10.425953035930185,30.168302391476534
2026-06-29 06:43:00,5,TXN00711401,CR,SANTGB2L,FPS,43893.53,8.14768143505272,23.57594710766505
2026-06-29 06:44:00,1,TXN00711408,DR,COBAGB2X,FPS,475121.15,45.862987013244,69.52183787825456
2026-06-29 06:44:00,2,TXN00711412,CR,HSBCGB2L,FPS,170410.34,16.449545995463463,24.935198170526064
2026-06-29 06:44:00,3,TXN00711409,DR,HSBCGB2L,CHAPS,163394.82,15.772344606615263,23.908656110523783
2026-06-29 06:44:00,4,TXN00711411,DR,CITIGB2L,SWIFT,140222.38,13.535531291137357,20.51796172252699
2026-06-29 06:44:00,5,TXN00711407,DR,CITIGB2L,BACS,51784.5,4.998707910576774,7.577338145452951
2026-06-29 06:45:00,1,TXN00711414,DR,NTSBGB2L,FPS,2645843.17,88.79193211370531,109.85185875361162
2026-06-29 06:45:00,2,TXN00711416,CR,BOFAGB22,FPS,228175.68,7.657354645308984,9.473548112970462
2026-06-29 06:45:00,3,TXN00711415,DR,BNPAGB22,CHAPS,105805.0,3.5507132409857043,4.392881651948358
2026-06-29 06:46:00,1,TXN00711421,CR,DEUTGB2L,CHAPS,470761.74,52.43815231518221,144.1938228529277
2026-06-29 06:46:00,2,TXN00711419,DR,BOFAGB22,BACS,198323.72,22.09128005405356,60.746345591325316
2026-06-29 06:46:00,3,TXN00711418,DR,DEUTGB2L,CHAPS,181450.92,20.21181878690894,55.57822480429432
2026-06-29 06:46:00,4,TXN00711417,DR,NTSBGB2L,CHAPS,25744.56,2.8676866530558476,7.885531487895699
2026-06-29 06:46:00,5,TXN00711420,DR,TSBSGB2A,FPS,21465.68,2.3910621907994485,6.574915071342954
2026-06-29 06:47:00,1,TXN00711425,CR,DEUTGB2L,INTERNAL,563442.55,68.33360956590528,226.4049988907123
2026-06-29 06:47:00,2,TXN00711424,CR,RBOSGB2L,CHAPS,150497.63,18.252164819668078,60.47362903849705
2026-06-29 06:47:00,3,TXN00711423,CR,RBOSGB2L,FPS,56618.07,6.866568898204607,22.750525453827137
2026-06-29 06:47:00,4,TXN00711422,DR,TSBSGB2A,CHAPS,53988.49,6.547656716222054,21.693895887985796
2026-06-29 06:48:00,1,TXN00711427,DR,BARCGB22,CHAPS,406746.48,48.69684323917706,159.87803210367056
2026-06-29 06:48:00,2,TXN00711429,CR,CITIGB2L,CHAPS,282143.4,33.779008783968905,110.90085294171145
2026-06-29 06:48:00,3,TXN00711428,CR,BARCGB22,FPS,85833.95,10.276284155549083,33.73836944743776
2026-06-29 06:48:00,4,TXN00711426,CR,NTSBGB2L,BACS,60538.69,7.247863821304947,23.795673962154904
2026-06-29 06:49:00,1,TXN00711431,CR,BOFAGB22,SWIFT,180886.6,32.578707857224664,
2026-06-29 06:49:00,2,TXN00711430,DR,CHASGB2L,CHAPS,149940.08,27.005063185492425,
2026-06-29 06:49:00,3,TXN00711434,CR,DEUTGB2L,BACS,130531.55,23.509476288463127,
2026-06-29 06:49:00,4,TXN00711432,CR,BOFAGB22,SWIFT,63083.33,11.361667358062434,
2026-06-29 06:49:00,5,TXN00711433,DR,CITIGB2L,FPS,30787.95,5.545085310757348,
2026-06-29 09:57:00,1,TXN00714427,DR,CHASGB2L,BACS,7510393.49,53.772959750583986,67.6009990147522
2026-06-29 09:57:00,2,TXN00714413,DR,CITIGB2L,CHAPS,1819175.06,13.024940359103102,16.374381928518872
2026-06-29 09:57:00,3,TXN00714421,CR,COBAGB2X,BACS,1224200.45,8.765037625811107,11.01901964584138
2026-06-29 09:57:00,4,TXN00714418,DR,RBOSGB2L,FPS,400714.18,2.869035757090307,3.6068255176570303
2026-06-29 09:57:00,5,TXN00714428,CR,BARCGB22,CHAPS,365275.07,2.615298607610205,3.2878383376399554
2026-06-29 17:19:00,1,TXN00720606,CR,CHASGB2L,INTERNAL,36733564.96,93.79993998341465,99.71277977386826
2026-06-29 17:19:00,2,TXN00720610,DR,LOYDGB2L,SWIFT,405757.73,1.0361109999329225,1.1014240305042993
2026-06-29 17:19:00,3,TXN00720604,CR,TSBSGB2A,BACS,385925.96,0.9854701531272689,1.0475909512295454
2026-06-29 17:19:00,4,TXN00720605,CR,LOYDGB2L,BACS,268135.76,0.6846903703137686,0.7278509999095605
2026-06-29 17:19:00,5,TXN00720602,DR,CITIGB2L,FPS,242738.91,0.6198389732777924,0.6589115840440559
2026-06-30 06:39:00,1,TXN00721324,DR,COBAGB2X,CHAPS,133405.8,74.00752403004152,
2026-06-30 06:39:00,2,TXN00721325,CR,LOYDGB2L,FPS,46853.98,25.992475969958466,
2026-06-30 06:40:00,1,TXN00721328,CR,BARCGB22,CHAPS,140632.93,46.82630297475182,
2026-06-30 06:40:00,2,TXN00721329,DR,MIDLGB22,SWIFT,107605.58,35.82924348411069,
2026-06-30 06:40:00,3,TXN00721327,CR,DEUTGB2L,FPS,35256.88,11.739422230799484,
2026-06-30 06:40:00,4,TXN00721326,DR,BOFAGB22,CHAPS,16833.53,5.6050313103380125,
2026-06-30 06:41:00,1,TXN00721331,DR,BNPAGB22,FPS,147766.41,49.98731934635416,
2026-06-30 06:41:00,2,TXN00721332,DR,NWBKGB2L,SWIFT,126901.56,42.929031065115026,
2026-06-30 06:41:00,3,TXN00721330,DR,TSBSGB2A,BACS,20939.82,7.083649588530802,
2026-06-30 06:42:00,1,TXN00721334,DR,CHASGB2L,SWIFT,253481.27,53.33914011878652,252.2626195298589
2026-06-30 06:42:00,2,TXN00721333,CR,CHASGB2L,FPS,221744.37,46.660859881213476,220.6782995927007
2026-06-30 06:43:00,1,TXN00721335,CR,TSBSGB2A,FPS,155277.11,27.651282066258776,83.11932794438715
2026-06-30 06:43:00,2,TXN00721338,DR,BOFAGB22,BACS,127569.26,22.717151235258715,68.28740667290106
2026-06-30 06:43:00,3,TXN00721339,DR,BOFAGB22,CHAPS,121028.84,21.55245285665159,64.78634128809303
2026-06-30 06:43:00,4,TXN00721340,CR,BOFAGB22,CHAPS,68117.08,12.130085320430775,36.4628496185565
2026-06-30 06:43:00,5,TXN00721337,DR,BNPAGB22,CHAPS,46689.69,8.314359970868738,24.992837996094682
2026-06-30 12:19:00,1,TXN00725318,CR,HSBCGB2L,CHAPS,3339808.73,35.66485058428879,42.860100828273346
2026-06-30 12:19:00,2,TXN00725322,DR,MIDLGB22,CHAPS,2968687.37,31.701753017010425,38.09746314598729
2026-06-30 12:19:00,3,TXN00725321,DR,COBAGB2X,SWIFT,802793.34,8.572797676698734,10.302327551753638
2026-06-30 12:19:00,4,TXN00725328,CR,LOYDGB2L,CHAPS,528620.62,5.644986570256107,6.783841502535497
2026-06-30 12:19:00,5,TXN00725314,CR,RBOSGB2L,FPS,259935.8,2.775779159217772,3.335782225132963
2026-06-30 12:40:00,1,TXN00725552,CR,LOYDGB2L,CHAPS,22385811.4,91.44201822304457,99.05182817842578
2026-06-30 12:40:00,2,TXN00725554,DR,CHASGB2L,FPS,329429.13,1.345658818007451,1.4576446213483372
2026-06-30 12:40:00,3,TXN00725541,CR,BOFAGB22,CHAPS,295369.14,1.206529877331362,1.3069373623191245
2026-06-30 12:40:00,4,TXN00725550,DR,NWBKGB2L,INTERNAL,222507.68,0.9089039019299238,0.984542936323503
2026-06-30 12:40:00,5,TXN00725555,CR,LOYDGB2L,FPS,198854.14,0.8122834401083114,0.8798817141758205
2026-07-01 09:16:00,1,TXN00730267,DR,NTSBGB2L,FPS,13438085.26,77.64239226551156,91.19772897770815
2026-07-01 09:16:00,2,TXN00730264,CR,HSBCGB2L,CHAPS,1409301.3,8.142642514748815,9.564240404687816
2026-07-01 09:16:00,3,TXN00730272,DR,NTSBGB2L,BACS,739434.84,4.272296892843629,5.018183530634556
2026-07-01 09:16:00,4,TXN00730263,DR,CHASGB2L,SWIFT,404853.02,2.339154453966978,2.747539941844859
2026-07-01 09:16:00,5,TXN00730270,DR,BNPAGB22,CHAPS,367595.69,2.1238895427347053,2.4946926188793674
2026-07-01 11:25:00,1,TXN00731530,CR,BNPAGB22,CHAPS,6177382.6,83.87181897369726,99.91037123552285
2026-07-01 11:25:00,2,TXN00731531,DR,HSBCGB2L,FPS,336205.89,4.564748756855496,5.437651746140729
2026-07-01 11:25:00,3,TXN00731533,CR,MIDLGB22,FPS,253380.93,3.440214224766822,4.098075903587715
2026-07-01 11:25:00,4,TXN00731536,DR,CITIGB2L,FPS,166483.52,2.260387053174253,2.69263397863629
2026-07-01 11:25:00,5,TXN00731534,CR,HSBCGB2L,CHAPS,163936.54,2.2258060891443376,2.651440202273879
2026-07-01 12:10:00,1,TXN00731805,CR,SANTGB2L,BACS,2341040.01,84.23768862843131,172.3245946409848
2026-07-01 12:10:00,2,TXN00731808,DR,TSBSGB2A,FPS,165296.48,5.94786648418526,12.167519047050227
2026-07-01 12:10:00,3,TXN00731809,DR,SANTGB2L,CHAPS,102722.31,3.696258896905054,7.561417299884414
2026-07-01 12:10:00,4,TXN00731810,DR,COBAGB2X,CHAPS,72129.93,2.5954526869152255,5.309503851124957
2026-07-01 12:10:00,5,TXN00731806,DR,BOFAGB22,CHAPS,65834.9,2.368938498869958,4.846124973203584
2026-07-01 12:11:00,1,TXN00731813,DR,BARCGB22,CHAPS,235942.11,63.80480663265505,
2026-07-01 12:11:00,2,TXN00731812,DR,SANTGB2L,FPS,93646.63,25.324454032176764,
2026-07-01 12:11:00,3,TXN00731811,CR,HSBCGB2L,SWIFT,40198.62,10.87073933516819,
2026-07-01 12:12:00,1,TXN00731820,CR,HSBCGB2L,FPS,554497.56,41.720924610484175,
2026-07-01 12:12:00,2,TXN00731815,CR,BOFAGB22,FPS,313294.54,23.572579623643996,
2026-07-01 12:12:00,3,TXN00731816,DR,NTSBGB2L,BACS,214763.42,16.159004297349384,
2026-07-01 12:12:00,4,TXN00731819,DR,CITIGB2L,BACS,136857.25,10.29726985570177,
2026-07-01 12:12:00,5,TXN00731817,CR,TSBSGB2A,CHAPS,52855.38,3.976889139491421,
2026-07-01 12:13:00,1,TXN00731822,DR,SANTGB2L,CHAPS,164262.79,62.349879443511156,
2026-07-01 12:13:00,2,TXN00731823,CR,TSBSGB2A,FPS,67905.21,25.775050192964024,
2026-07-01 12:13:00,3,TXN00731824,DR,MIDLGB22,CHAPS,13602.58,5.16318530277439,
2026-07-01 12:13:00,4,TXN00731825,CR,BARCGB22,CHAPS,11080.04,4.205694778648782,
2026-07-01 12:13:00,5,TXN00731821,DR,SANTGB2L,CHAPS,6602.64,2.5061902821016524,
2026-07-01 12:14:00,1,TXN00731829,CR,BNPAGB22,FPS,459991.11,22.211966372847375,60.72421364427636
2026-07-01 12:14:00,2,TXN00731832,CR,LOYDGB2L,FPS,410127.07,19.804140752708072,54.141576388250385
2026-07-01 12:14:00,3,TXN00731833,DR,BNPAGB22,FPS,389788.83,18.82205154893433,51.456690519676606
2026-07-01 12:14:00,4,TXN00731834,CR,LOYDGB2L,SWIFT,273107.92,13.187785162192137,36.05344390682667
2026-07-01 12:14:00,5,TXN00731835,DR,BNPAGB22,FPS,160350.29,7.742965400692906,21.168116200944997
2026-07-01 12:15:00,1,TXN00731839,DR,HSBCGB2L,INTERNAL,915850.6,74.37772981255858,
2026-07-01 12:15:00,2,TXN00731838,DR,TSBSGB2A,CHAPS,144164.26,11.707816077106296,
2026-07-01 12:15:00,3,TXN00731836,DR,SANTGB2L,CHAPS,98807.84,8.024346795080463,
2026-07-01 12:15:00,4,TXN00731837,DR,NWBKGB2L,CHAPS,72527.87,5.890107315254665,
2026-07-01 12:16:00,1,TXN00731841,DR,TSBSGB2A,BACS,351714.31,41.72807445893365,
2026-07-01 12:16:00,2,TXN00731842,DR,DEUTGB2L,CHAPS,243399.83,28.877432452298546,
2026-07-01 12:16:00,3,TXN00731843,CR,HSBCGB2L,CHAPS,140029.0,16.613314762228523,
2026-07-01 12:16:00,4,TXN00731840,DR,TSBSGB2A,SWIFT,82859.69,9.830635875930552,
2026-07-01 12:16:00,5,TXN00731844,DR,NTSBGB2L,CHAPS,24869.3,2.95054245060873,
2026-07-01 12:17:00,1,TXN00731845,DR,BARCGB22,FPS,188250.05,30.81714305564473,
2026-07-01 12:17:00,2,TXN00731848,DR,BARCGB22,SWIFT,105493.24,17.26958515274478,
2026-07-01 12:17:00,3,TXN00731847,DR,BNPAGB22,FPS,85522.12,14.000248108630066,
2026-07-01 12:17:00,4,TXN00731846,CR,COBAGB2X,CHAPS,66365.01,10.864167138650389,
2026-07-01 12:17:00,5,TXN00731851,DR,LOYDGB2L,INTERNAL,57434.71,9.4022480973018,
2026-07-01 12:18:00,1,TXN00731858,DR,COBAGB2X,CHAPS,228240.16,23.31549426182736,
2026-07-01 12:18:00,2,TXN00731859,CR,SANTGB2L,BACS,187742.66,19.178539446915064,
2026-07-01 12:18:00,3,TXN00731855,CR,CITIGB2L,CHAPS,135794.32,13.871843100481302,
2026-07-01 12:18:00,4,TXN00731857,CR,COBAGB2X,CHAPS,122401.58,12.503730001453743,
2026-07-01 12:18:00,5,TXN00731860,DR,HSBCGB2L,BACS,115596.06,11.808523415072314,
2026-07-02 10:30:00,1,TXN00736554,CR,COBAGB2X,FPS,14189780.86,88.09831321111331,102.14502306018504
2026-07-02 10:30:00,2,TXN00736548,DR,BNPAGB22,FPS,676763.81,4.201738609748084,4.871678827233748
2026-07-02 10:30:00,3,TXN00736546,CR,BOFAGB22,CHAPS,458188.81,2.844699413716477,3.298268452848309
2026-07-02 10:30:00,4,TXN00736550,CR,NWBKGB2L,FPS,335654.57,2.0839364420319564,2.4162067146191637
2026-07-02 10:30:00,5,TXN00736553,DR,CHASGB2L,BACS,105239.13,0.653384990809863,0.7575630284035134
2026-07-02 13:48:00,1,TXN00738168,DR,CHASGB2L,CHAPS,16228336.79,68.93800095883938,74.79246881065572
2026-07-02 13:48:00,2,TXN00738167,CR,BARCGB22,SWIFT,6079932.66,25.827563783556336,28.02093521525548
2026-07-02 13:48:00,3,TXN00738170,CR,LOYDGB2L,CHAPS,1016240.54,4.316991459291217,4.683606205345085
2026-07-02 13:48:00,4,TXN00738169,CR,DEUTGB2L,FPS,88845.5,0.37741582784766475,0.4094673640130384
2026-07-02 13:48:00,5,TXN00738165,DR,RBOSGB2L,FPS,50469.24,0.21439341323356248,0.23260048811185033
2026-07-03 16:18:00,1,TXN00745424,CR,BNPAGB22,SWIFT,2447012.33,85.55667347413946,133.4819408287232
2026-07-03 16:18:00,2,TXN00745421,CR,COBAGB2X,SWIFT,233612.05,8.167948169461958,12.743290850102387
2026-07-03 16:18:00,3,TXN00745426,CR,CHASGB2L,CHAPS,54686.15,1.912031672969875,2.9830717847059973
2026-07-03 16:18:00,4,TXN00745422,CR,MIDLGB22,BACS,48727.06,1.7036796711910325,2.6580097124715527
2026-07-03 16:18:00,5,TXN00745425,CR,NTSBGB2L,CHAPS,36849.3,1.2883889015183703,2.0100904363566774
2026-07-03 16:19:00,1,TXN00745427,DR,SANTGB2L,FPS,335864.5,28.857579759431054,290.903559421627
2026-07-03 16:19:00,2,TXN00745429,DR,BNPAGB22,BACS,254514.8,21.867988849537962,220.44384341150527
2026-07-03 16:19:00,3,TXN00745430,DR,BOFAGB22,FPS,235370.34,20.22309103687471,203.86218158894002
2026-07-03 16:19:00,4,TXN00745434,DR,TSBSGB2A,CHAPS,154682.19,13.29034070373162,133.97545632280992
2026-07-03 16:19:00,5,TXN00745428,CR,BOFAGB22,CHAPS,97813.64,8.40417763074179,84.71968914840845
2026-07-03 16:20:00,1,TXN00745440,CR,LOYDGB2L,SWIFT,232589.37,36.575758438752,
2026-07-03 16:20:00,2,TXN00745436,CR,TSBSGB2A,SWIFT,83102.74,13.068291744538511,
2026-07-03 16:20:00,3,TXN00745441,DR,CITIGB2L,BACS,79598.63,12.517254176042515,
2026-07-03 16:20:00,4,TXN00745437,DR,NTSBGB2L,FPS,71741.68,11.281712305554828,
2026-07-03 16:20:00,5,TXN00745444,DR,RBOSGB2L,CHAPS,37359.94,5.875024042269293,
2026-07-07 06:34:00,1,TXN00752543,DR,HSBCGB2L,CHAPS,197285.18,71.66716301025278,
2026-07-07 06:34:00,2,TXN00752541,DR,SANTGB2L,BACS,57908.82,21.036353783246092,
2026-07-07 06:34:00,3,TXN00752542,DR,CHASGB2L,INTERNAL,20085.74,7.296483206501141,
2026-07-07 06:35:00,1,TXN00752544,CR,NWBKGB2L,SWIFT,291759.88,100.0,
2026-07-07 06:37:00,1,TXN00752545,DR,BOFAGB22,BACS,124377.83,32.668289936210364,
2026-07-07 06:37:00,2,TXN00752547,CR,CITIGB2L,CHAPS,90374.95,23.737309692334357,
2026-07-07 06:37:00,3,TXN00752548,CR,DEUTGB2L,SWIFT,58269.63,15.304730491886708,
2026-07-07 06:37:00,4,TXN00752549,CR,LOYDGB2L,SWIFT,57288.04,15.046912304204188,
2026-07-07 06:37:00,5,TXN00752546,DR,DEUTGB2L,CHAPS,50419.09,13.242757575364392,
2026-07-07 06:38:00,1,TXN00752550,CR,TSBSGB2A,FPS,109965.42,46.34767862933624,
2026-07-07 06:38:00,2,TXN00752552,CR,MIDLGB22,SWIFT,108694.92,45.81219460446213,
2026-07-07 06:38:00,3,TXN00752551,CR,CHASGB2L,FPS,18601.64,7.8401267662016485,
2026-07-07 06:39:00,1,TXN00752553,DR,HSBCGB2L,CHAPS,274942.8,53.79097494689433,520.5094305624505
2026-07-07 06:39:00,2,TXN00752555,CR,BNPAGB22,BACS,183154.64,35.833150210325385,346.7401851267631
2026-07-07 06:39:00,3,TXN00752554,CR,SANTGB2L,CHAPS,53034.4,10.37587484278029,100.40235766938149
2026-07-07 07:28:00,1,TXN00752754,CR,SANTGB2L,SWIFT,660466.6,85.73638970482487,
2026-07-07 07:28:00,2,TXN00752752,CR,DEUTGB2L,CHAPS,40935.84,5.313957028461935,
2026-07-07 07:28:00,3,TXN00752751,CR,COBAGB2X,SWIFT,35982.88,4.671004139167595,
2026-07-07 07:28:00,4,TXN00752753,CR,LOYDGB2L,INTERNAL,32960.39,4.278649127545606,
2026-07-07 07:29:00,1,TXN00752760,DR,NWBKGB2L,INTERNAL,603011.53,55.00882943248521,697.0873489384979
2026-07-07 07:29:00,2,TXN00752758,DR,BNPAGB22,FPS,208974.75,19.06341057599054,241.5768973316072
2026-07-07 07:29:00,3,TXN00752757,DR,SANTGB2L,BACS,192115.48,17.525448759926736,222.08741289448815
2026-07-07 07:29:00,4,TXN00752756,CR,MIDLGB22,CHAPS,69940.12,6.380183363272585,80.85147697796162
2026-07-07 07:29:00,5,TXN00752755,DR,BNPAGB22,CHAPS,16208.89,1.478631868448544,18.73763866395014
2026-07-07 07:30:00,1,TXN00752761,DR,NTSBGB2L,CHAPS,116639.52,66.70782544233435,
2026-07-07 07:30:00,2,TXN00752762,DR,NTSBGB2L,BACS,58211.81,33.292174557665646,
2026-07-07 07:31:00,1,TXN00752763,CR,NWBKGB2L,SWIFT,423534.19,37.32626565771031,
2026-07-07 07:31:00,2,TXN00752764,DR,SANTGB2L,CHAPS,263318.09,23.20634605631454,
2026-07-07 07:31:00,3,TXN00752766,DR,DEUTGB2L,SWIFT,172646.42,15.215409499225151,
2026-07-07 07:31:00,4,TXN00752768,CR,LOYDGB2L,CHAPS,103374.71,9.110461395687471,
2026-07-07 07:31:00,5,TXN00752769,CR,COBAGB2X,CHAPS,82005.53,7.227185597888408,
2026-07-07 07:32:00,1,TXN00752770,DR,COBAGB2X,CHAPS,798048.68,53.244596862076314,402.24583350805074
2026-07-07 07:32:00,2,TXN00752774,DR,BARCGB22,CHAPS,275175.05,18.359261747982206,138.6983277108729
2026-07-07 07:32:00,3,TXN00752772,DR,BARCGB22,CHAPS,196962.33,13.141027760192824,99.27624540465094
2026-07-07 07:32:00,4,TXN00752773,DR,DEUTGB2L,FPS,80277.35,5.355982968239234,40.46273162505265
2026-07-07 07:32:00,5,TXN00752771,DR,BNPAGB22,CHAPS,63876.87,4.261767830956448,32.19628759367837
2026-07-07 07:33:00,1,TXN00752777,DR,MIDLGB22,FPS,205393.37,86.09442902020832,
2026-07-07 07:33:00,2,TXN00752778,DR,NWBKGB2L,SWIFT,33174.18,13.905570979791678,
2026-07-07 07:34:00,1,TXN00752780,DR,CHASGB2L,CHAPS,130753.54,51.638819714271094,
2026-07-07 07:34:00,2,TXN00752781,DR,BOFAGB22,BACS,113029.31,44.63894561874546,
2026-07-07 07:34:00,3,TXN00752779,CR,HSBCGB2L,BACS,9424.99,3.722234666983456,
2026-07-07 07:35:00,1,TXN00752784,CR,SANTGB2L,CHAPS,184325.78,52.0790698911016,
2026-07-07 07:35:00,2,TXN00752783,CR,BARCGB22,FPS,107762.9,30.4471333351623,
2026-07-07 07:35:00,3,TXN00752782,DR,COBAGB2X,CHAPS,61845.79,17.47379677373611,
2026-07-07 07:36:00,1,TXN00752787,CR,NTSBGB2L,SWIFT,786054.21,37.11492450995578,96.1586290493015
2026-07-07 07:36:00,2,TXN00752790,DR,LOYDGB2L,FPS,565390.68,26.695909951086662,69.16468606669295
2026-07-07 07:36:00,3,TXN00752788,CR,CITIGB2L,SWIFT,330195.63,15.590764256535548,40.39309082622992
2026-07-07 07:36:00,4,TXN00752785,CR,CHASGB2L,SWIFT,273346.18,12.906518032369272,33.43865294565828
2026-07-07 07:36:00,5,TXN00752791,CR,DEUTGB2L,CHAPS,105883.42,4.999470889108197,12.952801952744952
2026-07-07 07:37:00,1,TXN00752793,DR,BNPAGB22,BACS,114068.46,76.40096049366657,
2026-07-07 07:37:00,2,TXN00752792,CR,BNPAGB22,BACS,35233.93,23.59903950633342,
2026-07-07 07:38:00,1,TXN00752796,DR,BNPAGB22,FPS,999324.15,53.9209343634866,192.347873174729
2026-07-07 07:38:00,2,TXN00752797,CR,NWBKGB2L,CHAPS,427232.63,23.052362539392004,82.23286481302979
2026-07-07 07:38:00,3,TXN00752798,DR,DEUTGB2L,CHAPS,316412.6,17.07280168940192,60.902451577584955
2026-07-07 07:38:00,4,TXN00752794,CR,SANTGB2L,CHAPS,80217.17,4.328310046739736,15.44003719073103
2026-07-07 07:38:00,5,TXN00752795,DR,DEUTGB2L,BACS,30127.31,1.6255913609797317,5.798843151119429
2026-07-07 07:39:00,1,TXN00752801,DR,HSBCGB2L,CHAPS,1052909.5,50.56802717141731,145.4339802485212
2026-07-07 07:39:00,2,TXN00752806,CR,TSBSGB2A,SWIFT,225295.63,10.820260943074008,31.119141961866756
2026-07-07 07:39:00,3,TXN00752802,DR,NWBKGB2L,CHAPS,208672.99,10.021926317751804,28.82312630483424
2026-07-07 07:39:00,4,TXN00752800,CR,TSBSGB2A,SWIFT,178679.43,8.58142724632398,24.680241458014226
2026-07-07 07:39:00,5,TXN00752805,CR,BARCGB22,CHAPS,163055.78,7.831071059285383,22.522212106479447
2026-07-07 07:40:00,1,TXN00752808,CR,NTSBGB2L,CHAPS,382935.62,58.27627892435131,
2026-07-07 07:40:00,2,TXN00752809,DR,BARCGB22,INTERNAL,250359.61,38.100468333950786,
2026-07-07 07:40:00,3,TXN00752807,CR,NWBKGB2L,CHAPS,23808.53,3.6232527416979017,
2026-07-07 07:41:00,1,TXN00752812,DR,RBOSGB2L,CHAPS,176626.32,25.109562527091647,
2026-07-07 07:41:00,2,TXN00752810,DR,HSBCGB2L,FPS,144671.5,20.56679930340019,
2026-07-07 07:41:00,3,TXN00752815,DR,NTSBGB2L,CHAPS,128542.71,18.273897198032596,
2026-07-07 07:41:00,4,TXN00752814,CR,BARCGB22,BACS,101631.21,14.448102764066997,
2026-07-07 07:41:00,5,TXN00752813,DR,SANTGB2L,FPS,95488.92,13.5749021288812,
2026-07-07 07:42:00,1,TXN00752817,CR,MIDLGB22,FPS,275370.95,30.813091422139163,
2026-07-07 07:42:00,2,TXN00752820,DR,LOYDGB2L,FPS,173798.47,19.44746947758255,
2026-07-07 07:42:00,3,TXN00752816,CR,BNPAGB22,CHAPS,169381.94,18.953274492023542,
2026-07-07 07:42:00,4,TXN00752819,CR,SANTGB2L,CHAPS,99796.62,11.166909129958993,
2026-07-07 07:42:00,5,TXN00752818,DR,HSBCGB2L,CHAPS,98255.86,10.994503221712046,
2026-07-07 07:43:00,1,TXN00752829,CR,BOFAGB22,BACS,472967.63,41.90938268296197,
2026-07-07 07:43:00,2,TXN00752824,DR,BARCGB22,CHAPS,239565.65,21.22777092280613,
2026-07-07 07:43:00,3,TXN00752825,DR,DEUTGB2L,CHAPS,105183.9,9.320283329297617,
2026-07-07 07:43:00,4,TXN00752828,CR,BARCGB22,CHAPS,79832.64,7.0739231358203885,
2026-07-07 07:43:00,5,TXN00752823,DR,BOFAGB22,SWIFT,77792.35,6.893134242520819,
2026-07-07 07:44:00,1,TXN00752830,DR,RBOSGB2L,BACS,730728.25,65.1216406860645,
2026-07-07 07:44:00,2,TXN00752832,DR,SANTGB2L,CHAPS,223542.25,19.921821939489,
2026-07-07 07:44:00,3,TXN00752831,DR,MIDLGB22,CHAPS,119517.36,10.651246306225355,
2026-07-07 07:44:00,4,TXN00752833,DR,BNPAGB22,FPS,48309.56,4.305291068221154,
2026-07-07 07:45:00,1,TXN00752840,DR,CITIGB2L,CHAPS,638942.77,32.515693446115186,209.2123622119257
2026-07-07 07:45:00,2,TXN00752836,DR,SANTGB2L,SWIFT,627390.41,31.927795728234813,205.42971275065617
2026-07-07 07:45:00,3,TXN00752837,CR,CITIGB2L,CHAPS,259822.02,13.222300258394673,85.07487855113253
2026-07-07 07:45:00,4,TXN00752839,CR,LOYDGB2L,CHAPS,208832.86,10.627470214954448,68.3792320681121
2026-07-07 07:45:00,5,TXN00752843,DR,TSBSGB2A,SWIFT,66417.42,3.3799716807217015,21.747402087704348
2026-07-07 07:46:00,1,TXN00752847,CR,COBAGB2X,CHAPS,362567.77,54.28492485773009,
2026-07-07 07:46:00,2,TXN00752845,CR,NWBKGB2L,FPS,180990.97,27.098606162311892,
2026-07-07 07:46:00,3,TXN00752846,CR,BOFAGB22,BACS,70003.92,10.48123372065462,
2026-07-07 07:46:00,4,TXN00752844,CR,BNPAGB22,CHAPS,54335.05,8.135235259303405,
2026-07-07 07:47:00,1,TXN00752851,CR,HSBCGB2L,CHAPS,350082.23,39.71820336586711,
2026-07-07 07:47:00,2,TXN00752848,CR,TSBSGB2A,CHAPS,270253.28,30.661295591417563,
2026-07-07 07:47:00,3,TXN00752850,CR,LOYDGB2L,FPS,207112.79,23.497759120456152,
2026-07-07 07:47:00,4,TXN00752849,DR,COBAGB2X,BACS,53966.77,6.122741922259168,
2026-07-07 07:48:00,1,TXN00752858,DR,BARCGB22,SWIFT,719014.86,36.40558362212769,213.65903289495054
2026-07-07 07:48:00,2,TXN00752854,DR,BARCGB22,CHAPS,268844.53,13.61229449175309,79.8885606882972
2026-07-07 07:48:00,3,TXN00752855,DR,LOYDGB2L,CHAPS,182997.09,9.265616377665724,54.378544098504754
2026-07-07 07:48:00,4,TXN00752856,DR,BNPAGB22,CHAPS,136150.26,6.8936401058587675,40.457763112150516
2026-07-07 07:48:00,5,TXN00752859,DR,CHASGB2L,CHAPS,127118.11,6.436318970503373,37.7738124161077
2026-07-07 07:49:00,1,TXN00752873,CR,NTSBGB2L,FPS,679743.63,32.24504033426279,151.5825172379511
2026-07-07 07:49:00,2,TXN00752868,CR,DEUTGB2L,CHAPS,645543.78,30.622699948850517,143.95596639824652
2026-07-07 07:49:00,3,TXN00752871,DR,DEUTGB2L,SWIFT,223767.75,10.61488450323136,49.900105458395444
2026-07-07 07:49:00,4,TXN00752869,CR,TSBSGB2A,CHAPS,121760.42,5.7759565235157515,27.152517727235143
2026-07-07 07:49:00,5,TXN00752864,CR,LOYDGB2L,SWIFT,89349.42,4.23847392544596,19.924879615791227
2026-07-07 11:47:00,1,TXN00754969,DR,TSBSGB2A,FPS,208211.34,41.11709253452611,
2026-07-07 11:47:00,2,TXN00754966,DR,COBAGB2X,CHAPS,62910.04,12.4233287967444,
2026-07-07 11:47:00,3,TXN00754964,CR,BARCGB22,CHAPS,54628.08,10.787826543662296,
2026-07-07 11:47:00,4,TXN00754962,DR,CHASGB2L,BACS,49615.83,9.798019038191276,
2026-07-07 11:47:00,5,TXN00754968,CR,BNPAGB22,BACS,42342.8,8.361757941574806,
2026-07-07 11:48:00,1,TXN00754970,DR,SANTGB2L,SWIFT,2390963.34,72.11250867523614,133.47358793371413
2026-07-07 11:48:00,2,TXN00754972,CR,CHASGB2L,CHAPS,815730.57,24.60279370313571,45.5374970178814
2026-07-07 11:48:00,3,TXN00754971,DR,NTSBGB2L,SWIFT,50787.04,1.531759521912856,2.8351452888997692
2026-07-07 11:48:00,4,TXN00754973,CR,COBAGB2X,SWIFT,48007.91,1.4479397356025359,2.6800026122102043
2026-07-07 11:48:00,5,TXN00754974,CR,TSBSGB2A,FPS,10112.53,0.3049983641127621,0.5645237798532379
2026-07-07 11:49:00,1,TXN00754979,CR,COBAGB2X,BACS,711687.45,59.118789211226314,
2026-07-07 11:49:00,2,TXN00754982,CR,DEUTGB2L,FPS,180876.76,15.025156123870909,
2026-07-07 11:49:00,3,TXN00754983,CR,SANTGB2L,BACS,107068.18,8.893990142231168,
2026-07-07 11:49:00,4,TXN00754977,CR,NTSBGB2L,SWIFT,79537.5,6.607058613845043,
2026-07-07 11:49:00,5,TXN00754980,DR,SANTGB2L,FPS,57693.21,4.792486815538218,
2026-07-07 11:50:00,1,TXN00754987,DR,COBAGB2X,FPS,462926.09,33.00399286594984,
2026-07-07 11:50:00,2,TXN00754988,DR,MIDLGB22,FPS,391551.74,27.91540834004462,
2026-07-07 11:50:00,3,TXN00754986,CR,COBAGB2X,CHAPS,289142.67,20.61422508703644,
2026-07-07 11:50:00,4,TXN00754985,CR,BOFAGB22,BACS,167461.55,11.939054464441401,
2026-07-07 11:50:00,5,TXN00754984,DR,NWBKGB2L,CHAPS,91554.57,6.52731924252769,
2026-07-07 15:34:00,1,TXN00756528,DR,COBAGB2X,BACS,276288.94,37.81238792174442,
2026-07-07 15:34:00,2,TXN00756530,DR,LOYDGB2L,SWIFT,211041.16,28.882698704388712,
2026-07-07 15:34:00,3,TXN00756529,CR,BNPAGB22,BACS,185222.72,25.34923526276748,
2026-07-07 15:34:00,4,TXN00756531,DR,BNPAGB22,SWIFT,58130.84,7.955678111099406,
2026-07-07 15:35:00,1,TXN00756538,DR,LOYDGB2L,CHAPS,970542.02,49.16299757986183,101.97281386710473
2026-07-07 15:35:00,2,TXN00756537,CR,NTSBGB2L,CHAPS,410971.72,20.817853590462423,43.17993641141255
2026-07-07 15:35:00,3,TXN00756536,DR,BOFAGB22,FPS,324646.62,16.445038611898866,34.109939262438814
2026-07-07 15:35:00,4,TXN00756533,DR,CHASGB2L,FPS,142933.16,7.2403074306478805,15.017687250797342
2026-07-07 15:35:00,5,TXN00756534,DR,CITIGB2L,SWIFT,84434.06,4.27702397412727,8.871309543531101
2026-07-07 15:36:00,1,TXN00756541,DR,LOYDGB2L,CHAPS,1241396.3,50.04931872308704,85.50238215098736
2026-07-07 15:36:00,2,TXN00756540,DR,HSBCGB2L,CHAPS,1002274.77,40.40866676647801,69.03265331532965
2026-07-07 15:36:00,3,TXN00756542,DR,CITIGB2L,BACS,223371.04,9.005640160573561,15.384898459535833
2026-07-07 15:36:00,4,TXN00756543,DR,CITIGB2L,FPS,13303.94,0.5363743498613832,0.9163218562789391
2026-07-07 15:37:00,1,TXN00756548,DR,SANTGB2L,CHAPS,409508.99,55.68035749295196,
2026-07-07 15:37:00,2,TXN00756549,CR,COBAGB2X,SWIFT,177666.19,24.157020273500535,
2026-07-07 15:37:00,3,TXN00756544,DR,HSBCGB2L,CHAPS,80813.63,10.98811483650981,
2026-07-07 15:37:00,4,TXN00756547,DR,TSBSGB2A,SWIFT,25885.36,3.519595744732635,
2026-07-07 15:37:00,5,TXN00756545,CR,LOYDGB2L,FPS,22344.77,3.038186736017171,
2026-07-07 15:38:00,1,TXN00756550,CR,BNPAGB22,FPS,235245.4,59.47836416711571,
2026-07-07 15:38:00,2,TXN00756551,DR,BNPAGB22,SWIFT,90152.92,22.7938493440843,
2026-07-07 15:38:00,3,TXN00756552,DR,MIDLGB22,BACS,70115.92,17.7277864888,
2026-07-07 15:39:00,1,TXN00756554,CR,CHASGB2L,CHAPS,56615.0,77.01631333797667,
2026-07-07 15:39:00,2,TXN00756553,DR,NTSBGB2L,CHAPS,16895.4,22.983686662023338,
2026-07-07 15:40:00,1,TXN00756555,CR,BOFAGB22,BACS,571085.28,67.07170832791124,
2026-07-07 15:40:00,2,TXN00756557,DR,RBOSGB2L,SWIFT,154798.6,18.180483567653855,
2026-07-07 15:40:00,3,TXN00756558,CR,SANTGB2L,FPS,108094.28,12.695245831017688,
2026-07-07 15:40:00,4,TXN00756556,CR,CHASGB2L,SWIFT,17476.64,2.0525622734172146,
2026-07-07 15:41:00,1,TXN00756565,DR,NWBKGB2L,INTERNAL,229216.63,44.15485409353126,
2026-07-07 15:41:00,2,TXN00756563,CR,LOYDGB2L,CHAPS,103574.85,19.952009544461877,
2026-07-07 15:41:00,3,TXN00756560,DR,NTSBGB2L,BACS,91564.62,17.638434158244255,
2026-07-07 15:41:00,4,TXN00756562,DR,SANTGB2L,CHAPS,43075.58,8.297809586914498,
2026-07-07 15:41:00,5,TXN00756561,DR,DEUTGB2L,BACS,24982.45,4.812462493009081,
2026-07-07 15:42:00,1,TXN00756567,DR,NTSBGB2L,SWIFT,137515.42,36.756953629125654,
2026-07-07 15:42:00,2,TXN00756568,DR,MIDLGB22,FPS,121782.63,32.551683903833954,
2026-07-07 15:42:00,3,TXN00756566,CR,SANTGB2L,SWIFT,73831.62,19.73469908104288,
2026-07-07 15:42:00,4,TXN00756569,CR,MIDLGB22,CHAPS,40991.16,10.956663385997514,
2026-07-07 15:43:00,1,TXN00756571,DR,BARCGB22,BACS,427658.21,60.923265567942515,
2026-07-07 15:43:00,2,TXN00756570,DR,COBAGB2X,SWIFT,274303.85,39.07673443205747,
2026-07-07 15:44:00,1,TXN00756572,DR,DEUTGB2L,FPS,1561062.31,88.79500460723018,204.65270432765172
2026-07-07 15:44:00,2,TXN00756573,DR,HSBCGB2L,BACS,123355.2,7.016584464412443,16.17166407206279
2026-07-07 15:44:00,3,TXN00756574,CR,NWBKGB2L,BACS,73634.44,4.188410928357379,9.653354117333222
2026-07-07 15:45:00,1,TXN00756575,CR,DEUTGB2L,CHAPS,124242.25,65.69489788208116,
2026-07-07 15:45:00,2,TXN00756577,DR,BNPAGB22,BACS,54219.68,28.66944490138515,
2026-07-07 15:45:00,3,TXN00756576,DR,RBOSGB2L,CHAPS,10658.16,5.635657216533685,
2026-07-07 15:46:00,1,TXN00756578,DR,COBAGB2X,CHAPS,2975748.98,90.85994168235504,124.61955065048674
2026-07-07 15:46:00,2,TXN00756579,CR,SANTGB2L,FPS,299345.55,9.140058317644957,12.536107104781
2026-07-07 15:47:00,1,TXN00756580,DR,MIDLGB22,BACS,698288.96,39.641917746097164,80.69343585429576
2026-07-07 15:47:00,2,TXN00756582,DR,HSBCGB2L,CHAPS,441866.9,25.08481775871545,51.06160972570227
2026-07-07 15:47:00,3,TXN00756581,DR,COBAGB2X,FPS,200465.94,11.38046676890617,23.16560392185078
2026-07-07 15:47:00,4,TXN00756587,DR,COBAGB2X,SWIFT,143769.65,8.16181404283576,16.61384855643365
2026-07-07 15:47:00,5,TXN00756584,CR,CHASGB2L,CHAPS,125214.25,7.108422563546252,14.469608756837218
2026-07-07 15:48:00,1,TXN00756588,CR,BOFAGB22,FPS,247156.79,18.468253525906707,56.48759933529979
2026-07-07 15:48:00,2,TXN00756590,DR,TSBSGB2A,SWIFT,209015.07,15.618196463447907,47.77032234962932
2026-07-07 15:48:00,3,TXN00756593,CR,CITIGB2L,CHAPS,197221.71,14.73696328995392,45.07495397841463
2026-07-07 15:48:00,4,TXN00756591,DR,NWBKGB2L,BACS,177179.28,13.239336303799753,40.49426349628872
2026-07-07 15:48:00,5,TXN00756595,CR,NTSBGB2L,CHAPS,166882.01,12.469895201312893,38.14082597993562
2026-07-07 15:49:00,1,TXN00756597,CR,DEUTGB2L,FPS,608370.93,84.77172610239619,
2026-07-07 15:49:00,2,TXN00756596,DR,CITIGB2L,CHAPS,109286.9,15.228273897603819,
2026-07-07 16:10:00,1,TXN00756694,CR,SANTGB2L,CHAPS,225324.51,36.77129881650422,
2026-07-07 16:10:00,2,TXN00756696,CR,MIDLGB22,CHAPS,178097.08,29.064130426942267,
2026-07-07 16:10:00,3,TXN00756697,CR,DEUTGB2L,CHAPS,152028.45,24.809922203137027,
2026-07-07 16:10:00,4,TXN00756695,CR,LOYDGB2L,CHAPS,57322.74,9.354648553416487,
2026-07-08 09:45:00,1,TXN00758907,DR,BNPAGB22,CHAPS,35817456.65,94.14782236940432,101.33155999002213
2026-07-08 09:45:00,2,TXN00758903,DR,MIDLGB22,CHAPS,422131.42,1.1095917372096382,1.194256636572302
2026-07-08 09:45:00,3,TXN00758909,CR,CHASGB2L,CHAPS,384122.22,1.0096828172388184,1.0867243913989766
2026-07-08 09:45:00,4,TXN00758898,CR,HSBCGB2L,CHAPS,343333.36,0.9024674338726602,0.9713281795907712
2026-07-08 09:45:00,5,TXN00758905,CR,BNPAGB22,CHAPS,292723.73,0.7694377075584308,0.828147919514493
2026-07-08 14:43:00,1,TXN00761147,CR,TSBSGB2A,CHAPS,411288.67,46.49976833704097,
2026-07-08 14:43:00,2,TXN00761149,DR,LOYDGB2L,SWIFT,366979.48,41.490228273119605,
2026-07-08 14:43:00,3,TXN00761148,DR,CITIGB2L,CHAPS,106228.02,12.01000338983944,
2026-07-08 14:47:00,1,TXN00761162,CR,BNPAGB22,SWIFT,223540.95,35.06659196576245,
2026-07-08 14:47:00,2,TXN00761165,DR,SANTGB2L,SWIFT,193481.81,30.35125190291612,
2026-07-08 14:47:00,3,TXN00761163,CR,COBAGB2X,CHAPS,164901.03,25.867820342286066,
2026-07-08 14:47:00,4,TXN00761166,CR,BARCGB22,FPS,32251.42,5.059240311255858,
2026-07-08 14:47:00,5,TXN00761164,CR,BOFAGB22,CHAPS,23300.34,3.6550954777795006,
2026-07-08 14:48:00,1,TXN00761169,DR,CHASGB2L,SWIFT,477344.23,77.04252267657498,
2026-07-08 14:48:00,2,TXN00761168,CR,SANTGB2L,FPS,82629.69,13.336287244078264,
2026-07-08 14:48:00,3,TXN00761170,CR,MIDLGB22,FPS,48962.26,7.902423008960138,
2026-07-08 14:48:00,4,TXN00761167,DR,LOYDGB2L,FPS,10649.23,1.7187670703866318,
2026-07-08 14:49:00,1,TXN00761174,CR,CHASGB2L,CHAPS,423391.38,64.53578990145532,
2026-07-08 14:49:00,2,TXN00761171,DR,SANTGB2L,CHAPS,76044.73,11.591182414703145,
2026-07-08 14:49:00,3,TXN00761173,CR,RBOSGB2L,FPS,73262.98,11.167171813546425,
2026-07-08 14:49:00,4,TXN00761176,CR,NWBKGB2L,SWIFT,67157.05,10.236470258798207,
2026-07-08 14:49:00,5,TXN00761175,DR,DEUTGB2L,FPS,8593.82,1.3099202963719403,
2026-07-08 15:15:00,1,TXN00761314,CR,SANTGB2L,CHAPS,319641.48,42.23909957714581,
2026-07-08 15:15:00,2,TXN00761313,CR,BNPAGB22,BACS,178474.67,23.584577815520806,
2026-07-08 15:15:00,3,TXN00761311,CR,BNPAGB22,CHAPS,148272.88,19.59355507586247,
2026-07-08 15:15:00,4,TXN00761312,DR,LOYDGB2L,SWIFT,85414.45,11.287112858059416,
2026-07-08 15:15:00,5,TXN00761309,DR,TSBSGB2A,BACS,17727.57,2.3426139639036294,
2026-07-08 15:39:00,1,TXN00761413,DR,TSBSGB2A,BACS,1228793.76,77.94248306488296,205.53534822151715
2026-07-08 15:39:00,2,TXN00761412,DR,LOYDGB2L,INTERNAL,280626.81,17.80018022387836,46.939308280376956
2026-07-08 15:39:00,3,TXN00761411,CR,BOFAGB22,CHAPS,67118.58,4.257336711238664,11.226652642208858
2026-07-08 15:40:00,1,TXN00761416,DR,NWBKGB2L,FPS,295616.81,87.97368427004504,
2026-07-08 15:40:00,2,TXN00761414,DR,BARCGB22,BACS,28195.32,8.390748075432134,
2026-07-08 15:40:00,3,TXN00761415,DR,CHASGB2L,CHAPS,12216.55,3.635567654522822,
2026-07-08 15:41:00,1,TXN00761418,DR,BOFAGB22,CHAPS,2599961.96,96.60354360061122,151.80624446338615
2026-07-08 15:41:00,2,TXN00761417,CR,COBAGB2X,CHAPS,91411.32,3.396456399388791,5.337312393078559
2026-07-08 15:42:00,1,TXN00761419,CR,CITIGB2L,CHAPS,74723.53,100.0,
2026-07-08 15:43:00,1,TXN00761420,CR,NWBKGB2L,FPS,97355.69,72.68795083401096,
2026-07-08 15:43:00,2,TXN00761421,DR,BARCGB22,FPS,36580.8,27.31204916598905,
2026-07-08 15:44:00,1,TXN00761422,DR,TSBSGB2A,CHAPS,3876059.58,69.15625809018545,83.78683512423862
2026-07-08 15:44:00,2,TXN00761423,CR,HSBCGB2L,SWIFT,1408538.7,25.131003240980696,30.44767434225286
2026-07-08 15:44:00,3,TXN00761424,CR,BOFAGB22,CHAPS,232344.93,4.145474447280315,5.022483772517956
2026-07-08 15:44:00,4,TXN00761425,DR,BNPAGB22,SWIFT,87841.79,1.5672642215535475,1.8988318997274012
2026-07-09 06:17:00,1,TXN00762312,CR,TSBSGB2A,BACS,125486.31,58.50861995932298,2110.8907346550213
2026-07-09 06:17:00,2,TXN00762313,CR,BARCGB22,CHAPS,88988.6,41.491380040677015,1496.9378829445368
2026-07-09 06:18:00,1,TXN00762314,DR,BOFAGB22,INTERNAL,87685.9,100.0,
2026-07-09 06:19:00,1,TXN00762317,DR,HSBCGB2L,CHAPS,350890.6,57.595070399590334,87.5678718316427
2026-07-09 06:19:00,2,TXN00762316,DR,TSBSGB2A,SWIFT,185906.41,30.51461843573212,46.394599010520146
2026-07-09 06:19:00,3,TXN00762315,CR,CHASGB2L,BACS,72440.2,11.890311164677549,18.078096560747323
2026-07-09 06:21:00,1,TXN00762318,DR,DEUTGB2L,FPS,202143.08,100.0,
2026-07-09 06:22:00,1,TXN00762319,CR,SANTGB2L,FPS,370684.15,63.99432578948325,101.39341606676511
2026-07-09 06:22:00,2,TXN00762320,DR,NWBKGB2L,INTERNAL,208561.19,36.00567421051673,57.047843866670995
2026-07-09 06:23:00,1,TXN00762321,CR,COBAGB2X,SWIFT,129888.58,100.0,
2026-07-09 06:24:00,1,TXN00762322,CR,BNPAGB22,BACS,651937.28,100.0,148.74839204783302
2026-07-09 06:25:00,1,TXN00762326,DR,SANTGB2L,BACS,368477.38,80.36878384270604,151.2959766350076
2026-07-09 06:25:00,2,TXN00762324,DR,TSBSGB2A,BACS,59575.69,12.99408325116202,24.461643214719057
2026-07-09 06:25:00,3,TXN00762323,DR,CITIGB2L,FPS,24260.93,5.291563457689104,9.961482841697244
2026-07-09 06:25:00,4,TXN00762325,DR,COBAGB2X,BACS,6169.21,1.3455694484428338,2.5330636361354264
2026-07-09 06:26:00,1,TXN00762327,CR,NWBKGB2L,BACS,253410.28,100.0,744.5502857195879
2026-07-09 06:28:00,1,TXN00762328,CR,MIDLGB22,FPS,75377.84,100.0,
2026-07-09 06:29:00,1,TXN00762330,CR,NTSBGB2L,CHAPS,190268.79,33.72915305446394,54.49142486244791
2026-07-09 06:29:00,2,TXN00762331,CR,CITIGB2L,BACS,156134.5,27.67813075167084,44.71564345989625
2026-07-09 06:29:00,3,TXN00762329,CR,CITIGB2L,CHAPS,126937.01,22.502260294849304,36.35372118926493
2026-07-09 06:29:00,4,TXN00762332,CR,BNPAGB22,SWIFT,90767.52,16.0904558990159,25.99507515673347
2026-07-09 09:13:00,1,TXN00763628,DR,RBOSGB2L,FPS,13968485.49,93.2440712189163,114.03629574804009
2026-07-09 09:13:00,2,TXN00763627,CR,CITIGB2L,CHAPS,394517.7,2.6335307820062788,3.220774159606945
2026-07-09 09:13:00,3,TXN00763631,DR,SANTGB2L,FPS,211298.76,1.410486243480982,1.7250064728781231
2026-07-09 09:13:00,4,TXN00763623,CR,LOYDGB2L,BACS,132468.56,0.8842696548419644,1.0814503760118803
2026-07-09 09:13:00,5,TXN00763624,DR,RBOSGB2L,INTERNAL,82526.34,0.5508894954936522,0.673730743535555
2026-07-09 15:43:00,1,TXN00767106,DR,TSBSGB2A,CHAPS,948013.7,60.45465002253466,162.61177364479903
2026-07-09 15:43:00,2,TXN00767102,CR,COBAGB2X,FPS,291450.76,18.585758512352452,49.9922364135926
2026-07-09 15:43:00,3,TXN00767105,DR,LOYDGB2L,CHAPS,150338.64,9.5870659528062,25.787425748960096
2026-07-09 15:43:00,4,TXN00767103,DR,BARCGB22,BACS,97897.65,6.242914178116402,16.79227895351909
2026-07-09 15:43:00,5,TXN00767104,CR,DEUTGB2L,FPS,80439.5,5.129611334190293,13.797701199994064
2026-07-09 15:44:00,1,TXN00767107,DR,TSBSGB2A,FPS,350310.21,45.92240163568651,
2026-07-09 15:44:00,2,TXN00767109,DR,TSBSGB2A,BACS,226373.34,29.675433779368916,
2026-07-09 15:44:00,3,TXN00767110,DR,CITIGB2L,CHAPS,119240.73,15.631347697209435,
2026-07-09 15:44:00,4,TXN00767108,DR,DEUTGB2L,BACS,66906.49,8.77081688773514,
2026-07-09 15:45:00,1,TXN00767112,DR,RBOSGB2L,FPS,179959.19,50.162571952228156,
2026-07-09 15:45:00,2,TXN00767113,DR,CITIGB2L,CHAPS,154626.45,43.10121880323317,
2026-07-09 15:45:00,3,TXN00767114,CR,RBOSGB2L,CHAPS,18127.24,5.052862156110551,
2026-07-09 15:45:00,4,TXN00767111,CR,BNPAGB22,CHAPS,6039.04,1.6833470884281259,
2026-07-09 15:46:00,1,TXN00767118,CR,BNPAGB22,SWIFT,254546.75,43.9667108936029,
2026-07-09 15:46:00,2,TXN00767116,CR,CITIGB2L,CHAPS,168845.9,29.163989997398065,
2026-07-09 15:46:00,3,TXN00767117,CR,CITIGB2L,CHAPS,133139.44,22.99657436999761,
2026-07-09 15:46:00,4,TXN00767115,CR,MIDLGB22,CHAPS,22421.27,3.8727247390014283,
2026-07-09 15:47:00,1,TXN00767121,CR,MIDLGB22,CHAPS,814323.69,61.54990083898774,190.7532474285308
2026-07-09 15:47:00,2,TXN00767120,DR,BNPAGB22,INTERNAL,264657.5,20.003891672725864,61.99534435909189
2026-07-09 15:47:00,3,TXN00767119,DR,NWBKGB2L,CHAPS,142982.39,10.807191334715403,33.49326017715719
2026-07-09 15:47:00,4,TXN00767122,DR,NTSBGB2L,CHAPS,101066.48,7.639016153570992,23.674565167287053
2026-07-09 15:48:00,1,TXN00767126,CR,NTSBGB2L,SWIFT,418848.54,73.38637670422867,
2026-07-09 15:48:00,2,TXN00767123,DR,CITIGB2L,CHAPS,90972.13,15.939210392773631,
2026-07-09 15:48:00,3,TXN00767124,DR,CITIGB2L,CHAPS,50216.3,8.79838881255873,
2026-07-09 15:48:00,4,TXN00767125,DR,HSBCGB2L,CHAPS,10707.3,1.8760240904389631,
2026-07-09 15:49:00,1,TXN00767129,CR,LOYDGB2L,CHAPS,691007.05,71.93960736783157,1072.881831016789
2026-07-09 15:49:00,2,TXN00767128,CR,COBAGB2X,CHAPS,206624.09,21.511294142853526,320.81182386109924
2026-07-09 15:49:00,3,TXN00767127,CR,MIDLGB22,FPS,62906.56,6.549098489314891,97.67093588374749
2026-07-09 15:50:00,1,TXN00767130,DR,TSBSGB2A,CHAPS,341640.25,46.98034997832366,
2026-07-09 15:50:00,2,TXN00767131,CR,SANTGB2L,SWIFT,287671.35,39.55886550761169,
2026-07-09 15:50:00,3,TXN00767132,CR,TSBSGB2A,CHAPS,97886.58,13.460784514064654,
2026-07-10 06:17:00,1,TXN00768214,CR,RBOSGB2L,BACS,187132.16,100.0,
2026-07-10 06:18:00,1,TXN00768215,DR,LOYDGB2L,SWIFT,47894.71,82.83328384117705,
2026-07-10 06:18:00,2,TXN00768216,CR,SANTGB2L,CHAPS,9925.9,17.166716158822954,
2026-07-10 06:19:00,1,TXN00768217,DR,NTSBGB2L,CHAPS,162641.22,100.0,
2026-07-10 06:20:00,1,TXN00768219,DR,SANTGB2L,BACS,213141.45,93.1593714613098,1538.2116096938207
2026-07-10 06:20:00,2,TXN00768218,CR,HSBCGB2L,CHAPS,15650.83,6.840628538690204,112.94981997797396
2026-07-10 06:21:00,1,TXN00768220,DR,NWBKGB2L,FPS,122225.22,90.96615596211468,
2026-07-10 06:21:00,2,TXN00768221,DR,BOFAGB22,BACS,12138.18,9.033844037885318,
2026-07-10 06:23:00,1,TXN00768222,CR,DEUTGB2L,BACS,1141422.09,97.2344283256553,118.86948302224536
2026-07-10 06:23:00,2,TXN00768223,CR,MIDLGB22,CHAPS,32464.68,2.765571674344707,3.380922589366242
2026-07-10 06:24:00,1,TXN00768224,CR,LOYDGB2L,CHAPS,476173.44,63.73516217675456,89.47655237324149
2026-07-10 06:24:00,2,TXN00768225,DR,BOFAGB22,SWIFT,167037.0,22.357673465614862,31.387502164692638
2026-07-10 06:24:00,3,TXN00768226,DR,HSBCGB2L,CHAPS,103902.18,13.907164357630581,19.523997076493735
2026-07-10 06:25:00,1,TXN00768229,DR,LOYDGB2L,FPS,346822.94,74.44598826415587,140.7006921672703
2026-07-10 06:25:00,2,TXN00768227,DR,NWBKGB2L,CHAPS,111929.72,24.025857751884153,45.408152869267404
2026-07-10 06:25:00,3,TXN00768228,CR,TSBSGB2A,INTERNAL,7119.24,1.5281539839599683,2.888165343690695
2026-07-10 06:26:00,1,TXN00768231,DR,RBOSGB2L,SWIFT,148953.75,56.93380697093055,352.5427582988541
2026-07-10 06:26:00,2,TXN00768230,DR,COBAGB2X,BACS,112672.44,43.06619302906945,266.6723918119694
2026-07-10 06:27:00,1,TXN00768232,DR,CHASGB2L,CHAPS,30858.35,100.0,
2026-07-10 13:15:00,1,TXN00773054,DR,BNPAGB22,CHAPS,23748769.74,86.6155363950435,93.9094172445384
2026-07-10 13:15:00,2,TXN00773060,DR,HSBCGB2L,CHAPS,1326929.99,4.839524493302014,5.247060098246638
2026-07-10 13:15:00,3,TXN00773057,CR,TSBSGB2A,CHAPS,431348.03,1.5731947970537405,1.7056732862524975
2026-07-10 13:15:00,4,TXN00773059,DR,HSBCGB2L,FPS,268380.04,0.9788246455213316,1.0612513166951907
2026-07-10 13:15:00,5,TXN00773056,DR,SANTGB2L,SWIFT,242834.05,0.8856543612995935,0.9602351773288573
2026-07-13 06:18:00,1,TXN00775981,CR,NWBKGB2L,CHAPS,850033.83,87.06192923318557,110.70668862212284
2026-07-13 06:18:00,2,TXN00775982,CR,BOFAGB22,BACS,126321.55,12.938070766814436,16.45186345361563
2026-07-13 10:26:00,1,TXN00778004,DR,BARCGB22,FPS,17571539.78,87.32838457571577,98.19247033416818
2026-07-13 10:26:00,2,TXN00778002,DR,DEUTGB2L,CHAPS,719882.71,3.5777282432495205,4.022815446498997
2026-07-13 10:26:00,3,TXN00778001,CR,MIDLGB22,SWIFT,693521.36,3.446715586444378,3.875504163011488
2026-07-13 10:26:00,4,TXN00778008,DR,NTSBGB2L,CHAPS,303792.25,1.509809997944414,1.697637877462962
2026-07-13 10:26:00,5,TXN00777997,DR,CHASGB2L,CHAPS,215623.72,1.071623282851906,1.2049385537368646
2026-07-13 11:35:00,1,TXN00778523,CR,COBAGB2X,CHAPS,3105050.38,84.30371456855516,128.88511348641092
2026-07-13 11:35:00,2,TXN00778525,DR,BNPAGB22,CHAPS,349244.02,9.482154739419967,14.496497526120773
2026-07-13 11:35:00,3,TXN00778528,DR,LOYDGB2L,CHAPS,132572.91,3.5994226812393144,5.502865480261142
2026-07-13 11:35:00,4,TXN00778527,DR,CHASGB2L,CHAPS,39135.58,1.062551122212341,1.6244482544133514
2026-07-13 11:35:00,5,TXN00778524,DR,RBOSGB2L,FPS,38577.87,1.0474090089136743,1.601298705180432
2026-07-13 12:04:00,1,TXN00778697,DR,NTSBGB2L,FPS,25890534.07,95.56293891391896,101.80821622378055
2026-07-13 12:04:00,2,TXN00778700,CR,NWBKGB2L,CHAPS,703006.67,2.5948241654517394,2.764402421078367
2026-07-13 12:04:00,3,TXN00778699,CR,CITIGB2L,CHAPS,163739.9,0.6043701539398642,0.6438672566038807
2026-07-13 12:04:00,4,TXN00778701,CR,DEUTGB2L,BACS,125601.42,0.46359958409932783,0.4938969775903845
2026-07-13 12:04:00,5,TXN00778696,DR,SANTGB2L,CHAPS,109994.2,0.4059927457296127,0.43252538810844865
2026-07-13 16:25:00,1,TXN00780535,CR,NWBKGB2L,CHAPS,79521.28,100.0,
2026-07-13 16:26:00,1,TXN00780538,DR,BNPAGB22,FPS,842351.46,68.92151802074271,769.7467350317986
2026-07-13 16:26:00,2,TXN00780537,DR,BARCGB22,CHAPS,169314.92,13.853411389541142,154.72117405978045
2026-07-13 16:26:00,3,TXN00780540,DR,TSBSGB2A,CHAPS,109610.35,8.96836068021407,100.16271478676218
2026-07-13 16:26:00,4,TXN00780541,CR,BNPAGB22,CHAPS,83299.72,6.815614889659978,76.11987459375095
2026-07-13 16:26:00,5,TXN00780539,CR,CHASGB2L,INTERNAL,11517.63,0.9423768833988212,10.524891935017594
2026-07-13 16:27:00,1,TXN00780545,CR,NWBKGB2L,FPS,231747.56,33.84139475969648,
2026-07-13 16:27:00,2,TXN00780543,DR,LOYDGB2L,BACS,197271.98,28.807030159053017,
2026-07-13 16:27:00,3,TXN00780546,DR,BARCGB22,FPS,96909.43,14.15139074848155,
2026-07-13 16:27:00,4,TXN00780544,DR,BOFAGB22,FPS,89943.93,13.134239865863128,
2026-07-13 16:27:00,5,TXN00780542,CR,BOFAGB22,CHAPS,68932.09,10.065944466905826,
2026-07-14 06:18:00,1,TXN00781316,CR,CITIGB2L,FPS,177259.16,100.0,
2026-07-14 14:14:00,1,TXN00785437,DR,BNPAGB22,CHAPS,9693776.61,86.67771144155196,99.65321911544096
2026-07-14 14:14:00,2,TXN00785433,DR,MIDLGB22,CHAPS,376068.02,3.3626435424898644,3.866025627278204
2026-07-14 14:14:00,3,TXN00785439,CR,RBOSGB2L,CHAPS,354607.68,3.170754123866508,3.6454106853054635
2026-07-14 14:14:00,4,TXN00785438,DR,CHASGB2L,CHAPS,345996.26,3.0937543942573056,3.5568842256313435
2026-07-14 14:14:00,5,TXN00785434,DR,CITIGB2L,FPS,142223.12,1.2716998804119561,1.4620712144347272
2026-07-15 06:37:00,1,TXN00787268,CR,NWBKGB2L,BACS,100096.46,58.69815094285406,
2026-07-15 06:37:00,2,TXN00787269,DR,HSBCGB2L,SWIFT,70430.99,41.30184905714594,
2026-07-15 06:38:00,1,TXN00787271,DR,DEUTGB2L,CHAPS,1202606.03,83.44349134976136,125.93105482703044
2026-07-15 06:38:00,2,TXN00787270,DR,CITIGB2L,CHAPS,238616.06,16.55650865023863,24.98671334158368
2026-07-15 06:39:00,1,TXN00787272,CR,BARCGB22,CHAPS,52648.2,100.0,
2026-07-15 06:40:00,1,TXN00787273,DR,BARCGB22,CHAPS,21821.81,100.0,
2026-07-15 06:41:00,1,TXN00787278,CR,BOFAGB22,BACS,593084.27,62.17056197074608,126.80520762559034
2026-07-15 06:41:00,2,TXN00787277,CR,TSBSGB2A,SWIFT,280831.55,29.438405578714264,60.04358032555198
2026-07-15 06:41:00,3,TXN00787275,CR,RBOSGB2L,BACS,28149.49,2.9507941805468842,6.018540879535515
2026-07-15 06:41:00,4,TXN00787276,CR,SANTGB2L,SWIFT,27923.23,2.9270762840133933,5.970165045394162
2026-07-15 06:41:00,5,TXN00787274,DR,CITIGB2L,CHAPS,23974.64,2.513161985979375,5.1259312659713325
2026-07-15 06:42:00,1,TXN00787279,DR,CHASGB2L,CHAPS,57853.27,68.6692136341694,
2026-07-15 06:42:00,2,TXN00787280,CR,BARCGB22,BACS,26395.94,31.330786365830615,
2026-07-15 06:43:00,1,TXN00787281,DR,CITIGB2L,SWIFT,83665.53,100.0,
2026-07-15 06:44:00,1,TXN00787283,CR,RBOSGB2L,FPS,377745.93,67.99266603672952,528.2650199585879
2026-07-15 06:44:00,2,TXN00787282,CR,NWBKGB2L,CHAPS,135578.58,24.40356964712767,189.6020991401734
2026-07-15 06:44:00,3,TXN00787284,DR,NTSBGB2L,CHAPS,42244.13,7.603764316142827,59.076999658429635
2026-07-15 06:52:00,1,TXN00787306,CR,MIDLGB22,FPS,193184.69,85.70385454353158,
2026-07-15 06:52:00,2,TXN00787307,CR,BOFAGB22,SWIFT,32224.88,14.296145456468418,
2026-07-15 06:53:00,1,TXN00787311,DR,BNPAGB22,SWIFT,325868.55,26.27869203093082,50.15988328765977
2026-07-15 06:53:00,2,TXN00787312,CR,MIDLGB22,FPS,320987.18,25.885048585071974,49.4085099210557
2026-07-15 06:53:00,3,TXN00787310,DR,DEUTGB2L,INTERNAL,283086.02,22.828623191289623,43.57450795287891
2026-07-15 06:53:00,4,TXN00787308,CR,CITIGB2L,BACS,280827.12,22.64646097456552,43.22680284185026
2026-07-15 06:53:00,5,TXN00787309,CR,SANTGB2L,SWIFT,29279.72,2.3611752181420567,4.5069318223417305
2026-07-15 06:54:00,1,TXN00787315,DR,RBOSGB2L,CHAPS,219745.07,68.81759327185281,
2026-07-15 06:54:00,2,TXN00787313,DR,NWBKGB2L,SWIFT,62274.5,19.5025135817973,
2026-07-15 06:54:00,3,TXN00787314,CR,NWBKGB2L,INTERNAL,37295.68,11.679893146349885,
2026-07-15 06:55:00,1,TXN00787317,DR,NTSBGB2L,CHAPS,941533.94,44.664371185751584,62.03970408782812
2026-07-15 06:55:00,2,TXN00787318,CR,DEUTGB2L,CHAPS,594547.75,28.2040830027364,39.17603488206066
2026-07-15 06:55:00,3,TXN00787320,CR,NTSBGB2L,FPS,441432.8,20.940634846116797,29.08696024984656
2026-07-15 06:55:00,4,TXN00787319,CR,HSBCGB2L,FPS,82624.8,3.919545095048286,5.444326459772635
2026-07-15 06:55:00,5,TXN00787316,CR,RBOSGB2L,FPS,47880.85,2.271365870346951,3.1549725817358056
2026-07-15 07:00:00,1,TXN00787333,CR,DEUTGB2L,FPS,230950.23,46.76468862321451,
2026-07-15 07:00:00,2,TXN00787334,CR,COBAGB2X,BACS,177015.59,35.84356225929979,
2026-07-15 07:00:00,3,TXN00787335,DR,BNPAGB22,CHAPS,85890.2,17.3917491174857,
2026-07-15 07:01:00,1,TXN00787338,CR,NWBKGB2L,CHAPS,487781.78,80.43078411154012,
2026-07-15 07:01:00,2,TXN00787337,DR,MIDLGB22,CHAPS,103784.76,17.11316405796872,
2026-07-15 07:01:00,3,TXN00787336,DR,SANTGB2L,INTERNAL,14895.01,2.4560518304911496,
2026-07-15 07:02:00,1,TXN00787343,DR,NTSBGB2L,CHAPS,267447.83,36.23355549535473,
2026-07-15 07:02:00,2,TXN00787341,DR,RBOSGB2L,CHAPS,243299.8,32.96200535748862,
2026-07-15 07:02:00,3,TXN00787340,DR,MIDLGB22,CHAPS,91687.54,12.421733123886465,
2026-07-15 07:02:00,4,TXN00787342,DR,NWBKGB2L,CHAPS,80782.7,10.944356675148915,
2026-07-15 07:02:00,5,TXN00787339,CR,RBOSGB2L,FPS,54904.09,7.438349348121278,
2026-07-15 07:03:00,1,TXN00787348,DR,NTSBGB2L,FPS,128557.09,30.20537701245002,
2026-07-15 07:03:00,2,TXN00787344,DR,MIDLGB22,CHAPS,118620.05,27.87060076955438,
2026-07-15 07:03:00,3,TXN00787347,DR,NWBKGB2L,CHAPS,76956.64,18.08149457032196,
2026-07-15 07:03:00,4,TXN00787345,DR,RBOSGB2L,BACS,61890.88,14.541690108513677,
2026-07-15 07:03:00,5,TXN00787349,DR,BNPAGB22,CHAPS,20107.44,4.724382031012198,
2026-07-15 07:04:00,1,TXN00787350,DR,DEUTGB2L,CHAPS,59916.51,89.71410945848721,
2026-07-15 07:04:00,2,TXN00787351,CR,NTSBGB2L,BACS,6869.54,10.285890541512785,
2026-07-15 07:05:00,1,TXN00787353,DR,DEUTGB2L,INTERNAL,224167.75,56.41909491809535,
2026-07-15 07:05:00,2,TXN00787352,CR,MIDLGB22,SWIFT,111215.91,27.9910958766029,
2026-07-15 07:05:00,3,TXN00787354,CR,TSBSGB2A,FPS,61942.37,15.589809205301751,
2026-07-15 07:19:00,1,TXN00787406,DR,SANTGB2L,FPS,210518.6,63.71432789562693,
2026-07-15 07:19:00,2,TXN00787408,DR,TSBSGB2A,INTERNAL,69018.44,20.888717277260316,
2026-07-15 07:19:00,3,TXN00787407,CR,MIDLGB22,SWIFT,50873.1,15.39695482711275,
2026-07-15 07:20:00,1,TXN00787411,CR,MIDLGB22,FPS,134527.94,46.205994582004,
2026-07-15 07:20:00,2,TXN00787412,DR,BNPAGB22,BACS,71540.12,24.571716456194274,
2026-07-15 07:20:00,3,TXN00787409,CR,RBOSGB2L,FPS,59755.19,20.523974316313918,
2026-07-15 07:20:00,4,TXN00787410,CR,BARCGB22,CHAPS,25324.99,8.69831464548781,
2026-07-15 07:21:00,1,TXN00787414,CR,CITIGB2L,BACS,117217.53,30.988886461671648,
2026-07-15 07:21:00,2,TXN00787416,CR,CHASGB2L,FPS,112024.09,29.615892827481403,
2026-07-15 07:21:00,3,TXN00787415,DR,LOYDGB2L,CHAPS,95222.53,25.174051788696815,
2026-07-15 07:21:00,4,TXN00787413,DR,DEUTGB2L,FPS,53792.52,14.221168922150138,
2026-07-15 07:22:00,1,TXN00787418,CR,MIDLGB22,FPS,409834.56,52.73520611080786,
2026-07-15 07:22:00,2,TXN00787420,DR,TSBSGB2A,INTERNAL,259677.31,33.4138157239598,
2026-07-15 07:22:00,3,TXN00787417,CR,CITIGB2L,CHAPS,59050.49,7.598284930129363,
2026-07-15 07:22:00,4,TXN00787419,CR,LOYDGB2L,FPS,48593.15,6.252693235102972,
2026-07-15 07:23:00,1,TXN00787423,CR,CHASGB2L,CHAPS,130491.52,19.538699507989566,
2026-07-15 07:23:00,2,TXN00787424,CR,BNPAGB22,FPS,130206.41,19.49600954149425,
2026-07-15 07:23:00,3,TXN00787421,DR,LOYDGB2L,BACS,120144.73,17.989458448629758,
2026-07-15 07:23:00,4,TXN00787427,DR,NTSBGB2L,CHAPS,108140.7,16.192076250500012,
2026-07-15 07:23:00,5,TXN00787425,CR,BNPAGB22,FPS,79067.66,11.83892447217939,
2026-07-15 12:11:00,1,TXN00789735,CR,MIDLGB22,CHAPS,784651.03,28.913308765104567,61.40028042325334
2026-07-15 12:11:00,2,TXN00789739,CR,LOYDGB2L,CHAPS,667448.1,24.594542366155295,52.22895139507768
2026-07-15 12:11:00,3,TXN00789738,CR,BNPAGB22,SWIFT,450390.38,16.596264611763495,35.243814861156345
2026-07-15 12:11:00,4,TXN00789740,CR,RBOSGB2L,CHAPS,315844.59,11.638437730028672,24.715377479549705
2026-07-15 12:11:00,5,TXN00789745,DR,BARCGB22,SWIFT,188291.71,6.938289941631157,14.734147223860644
2026-07-15 12:12:00,1,TXN00789746,CR,BNPAGB22,SWIFT,2491123.95,50.434242426765756,71.82397030890853
2026-07-15 12:12:00,2,TXN00789754,DR,TSBSGB2A,BACS,725255.19,14.683209991911506,20.91052403592435
2026-07-15 12:12:00,3,TXN00789752,DR,CHASGB2L,CHAPS,424526.14,8.59477677184995,12.23991799955018
2026-07-15 12:12:00,4,TXN00789750,CR,COBAGB2X,FPS,334934.1,6.780934202969147,9.65680445320314
2026-07-15 12:12:00,5,TXN00789749,DR,LOYDGB2L,SWIFT,333815.44,6.7582862854967445,9.624551299912328
2026-07-16 06:37:00,1,TXN00792119,DR,CHASGB2L,FPS,84856.53,54.708925140352896,
2026-07-16 06:37:00,2,TXN00792120,CR,CHASGB2L,CHAPS,70248.93,45.291074859647104,
2026-07-16 06:38:00,1,TXN00792122,CR,NWBKGB2L,CHAPS,643014.02,71.34555006591441,140.1965586097678
2026-07-16 06:38:00,2,TXN00792121,DR,NWBKGB2L,SWIFT,258253.15,28.65444993408558,56.30701937126061
2026-07-16 06:39:00,1,TXN00792123,CR,COBAGB2X,CHAPS,643751.9,91.75139636661552,248.542410666989
2026-07-16 06:39:00,2,TXN00792124,DR,HSBCGB2L,INTERNAL,51463.41,7.334875018291433,19.869207349203364
2026-07-16 06:39:00,3,TXN00792125,DR,TSBSGB2A,FPS,6410.96,0.9137286150930466,2.4751700975012887
2026-07-16 06:41:00,1,TXN00792127,DR,TSBSGB2A,CHAPS,113537.3,69.21936151942367,
2026-07-16 06:41:00,2,TXN00792126,CR,NWBKGB2L,INTERNAL,50488.05,30.780638480576325,
2026-07-16 06:42:00,1,TXN00792128,CR,LOYDGB2L,CHAPS,2149649.63,75.21869998682969,89.00317186316354
2026-07-16 06:42:00,2,TXN00792131,DR,SANTGB2L,SWIFT,344378.95,12.050213467498619,14.258518432562337
2026-07-16 06:42:00,3,TXN00792132,DR,NTSBGB2L,CHAPS,227104.34,7.9466406886814225,9.402930748249577
2026-07-16 06:42:00,4,TXN00792129,CR,HSBCGB2L,FPS,110884.08,3.879960822655375,4.590996919404385
2026-07-16 06:42:00,5,TXN00792130,CR,CITIGB2L,CHAPS,25848.97,0.9044850343349028,1.07023967407924
2026-07-16 06:43:00,1,TXN00792135,DR,TSBSGB2A,CHAPS,590374.03,60.81002996797362,111.76365204589824
2026-07-16 06:43:00,2,TXN00792134,CR,BARCGB22,BACS,193540.06,19.935119518389744,36.63905054018428
2026-07-16 06:43:00,3,TXN00792133,DR,BOFAGB22,BACS,137536.13,14.16657197298993,26.036951823675963
2026-07-16 06:43:00,4,TXN00792136,DR,RBOSGB2L,CHAPS,49399.54,5.0882785406467015,9.351822267296264
2026-07-16 06:44:00,1,TXN00792137,CR,SANTGB2L,SWIFT,211408.67,100.0,
2026-07-16 10:46:00,1,TXN00794119,DR,DEUTGB2L,SWIFT,4893693.27,36.38365281071219,41.677992409161554
2026-07-16 10:46:00,2,TXN00794117,CR,RBOSGB2L,BACS,4669846.89,34.719398734392705,39.771565665243806
2026-07-16 10:46:00,3,TXN00794120,CR,MIDLGB22,CHAPS,1031716.95,7.6706138363524605,8.786797381459772
2026-07-16 10:46:00,4,TXN00794118,DR,NWBKGB2L,FPS,959692.09,7.135123082151563,8.173385096968365
2026-07-16 10:46:00,5,TXN00794112,CR,DEUTGB2L,CHAPS,488043.29,3.62850645519876,4.1565058154865175
2026-07-16 12:44:00,1,TXN00794889,DR,TSBSGB2A,CHAPS,11147673.16,96.85085839530716,115.06246268351818
2026-07-16 12:44:00,2,TXN00794890,DR,BARCGB22,SWIFT,226140.49,1.964706020716827,2.3341446522870175
2026-07-16 12:44:00,3,TXN00794888,DR,CITIGB2L,FPS,95333.43,0.828255762144082,0.983998999111918
2026-07-16 12:44:00,4,TXN00794887,DR,DEUTGB2L,INTERNAL,40996.81,0.3561798218319232,0.42315502554331125
2026-07-17 11:43:00,1,TXN00800401,DR,DEUTGB2L,CHAPS,10346558.62,89.89013433125027,100.0227612708045
2026-07-17 11:43:00,2,TXN00800400,DR,COBAGB2X,INTERNAL,416402.48,3.6176738795750194,4.02546657099121
2026-07-17 11:43:00,3,TXN00800396,CR,CITIGB2L,BACS,254247.53,2.2088836940343537,2.457874248904773
2026-07-17 11:43:00,4,TXN00800399,DR,NWBKGB2L,SWIFT,169788.63,1.4751110315188987,1.6413890094972423
2026-07-17 11:43:00,5,TXN00800397,DR,DEUTGB2L,BACS,112175.1,0.974568953596808,1.08442465363702
2026-07-21 17:28:00,1,TXN00816291,DR,SANTGB2L,CHAPS,9578598.25,83.6193624972161,102.38946270231766
2026-07-21 17:28:00,2,TXN00816290,DR,COBAGB2X,SWIFT,606493.44,5.294573745333101,6.483050633643637
2026-07-21 17:28:00,3,TXN00816298,CR,NWBKGB2L,CHAPS,348616.86,3.043359667890992,3.7265048656121578
2026-07-21 17:28:00,4,TXN00816296,DR,MIDLGB22,SWIFT,196592.22,1.7162131325752659,2.101452764996781
2026-07-21 17:28:00,5,TXN00816294,CR,NTSBGB2L,CHAPS,189580.5,1.655002134775146,2.0265016892045487
2026-07-22 12:26:00,1,TXN00819685,DR,LOYDGB2L,CHAPS,7213185.21,81.38775512552829,98.57193235568425
2026-07-22 12:26:00,2,TXN00819683,DR,BARCGB22,SWIFT,1166484.44,13.161668139179666,15.940617350880173
2026-07-22 12:26:00,3,TXN00819684,CR,TSBSGB2A,BACS,324569.43,3.6621792621448983,4.4354102892476535
2026-07-22 12:26:00,4,TXN00819682,DR,RBOSGB2L,CHAPS,108594.91,1.2252972418766968,1.4840059988826517
2026-07-22 12:26:00,5,TXN00819681,DR,LOYDGB2L,CHAPS,49906.11,0.5631002312704623,0.681992983104802
2026-07-22 17:03:00,1,TXN00821754,CR,CHASGB2L,SWIFT,7399051.8,38.62988731742324,43.367216482288214
2026-07-22 17:03:00,2,TXN00821742,DR,COBAGB2X,CHAPS,4743458.91,24.765238592886625,27.802293453981346
2026-07-22 17:03:00,3,TXN00821752,DR,RBOSGB2L,FPS,1820922.42,9.506897613336028,10.672764419028955
2026-07-22 17:03:00,4,TXN00821757,CR,BNPAGB22,INTERNAL,1386344.67,7.238000196891487,8.12562353232294
2026-07-22 17:03:00,5,TXN00821753,DR,CHASGB2L,CHAPS,1184649.93,6.184967282766331,6.943453209779877
2026-07-23 13:43:00,1,TXN00826152,DR,COBAGB2X,CHAPS,12173274.03,79.72862810612475,92.57531089991123
2026-07-23 13:43:00,2,TXN00826150,CR,LOYDGB2L,CHAPS,1273838.4,8.342980517041804,9.687285903991555
2026-07-23 13:43:00,3,TXN00826159,CR,DEUTGB2L,FPS,780452.3,5.1115575832699545,5.9351834302748205
2026-07-23 13:43:00,4,TXN00826151,DR,NWBKGB2L,SWIFT,272013.98,1.7815504191921039,2.0686118381598804
2026-07-23 13:43:00,5,TXN00826156,CR,MIDLGB22,FPS,241996.47,1.5849513049715658,1.8403346866028811
2026-07-24 07:56:00,1,TXN00828743,DR,DEUTGB2L,CHAPS,223885757.78,99.56322924075202,100.29110767171764
2026-07-24 07:56:00,2,TXN00828739,CR,CITIGB2L,CHAPS,176015.64,0.07827512428235033,0.07884737143705546
2026-07-24 07:56:00,3,TXN00828733,DR,LOYDGB2L,BACS,153643.0,0.06832588808649703,0.06882539920715859
2026-07-24 07:56:00,4,TXN00828736,CR,CHASGB2L,BACS,119562.26,0.05316999535370086,0.053558706056312945
2026-07-24 07:56:00,5,TXN00828735,CR,NWBKGB2L,CHAPS,114647.85,0.050984530167059346,0.05135726355572618
2026-07-24 17:00:00,1,TXN00834204,DR,MIDLGB22,FPS,28449087.46,85.23239824811849,91.14438491767746
2026-07-24 17:00:00,2,TXN00834201,CR,LOYDGB2L,BACS,1519254.81,4.551630388438814,4.867345758817986
2026-07-24 17:00:00,3,TXN00834203,CR,CHASGB2L,FPS,1093511.38,3.2761190516235144,3.503360952111912
2026-07-24 17:00:00,4,TXN00834209,CR,CITIGB2L,SWIFT,350490.21,1.0500555141808643,1.122890660553989
2026-07-24 17:00:00,5,TXN00834206,DR,TSBSGB2A,CHAPS,329982.05,0.9886138365553939,1.0571871953155536
2026-07-28 06:36:00,1,TXN00841802,CR,CHASGB2L,CHAPS,592534.0,88.43860211682849,162.58525466048593
2026-07-28 06:36:00,2,TXN00841803,CR,HSBCGB2L,CHAPS,43789.24,6.535758578171566,12.015318507949141
2026-07-28 06:36:00,3,TXN00841804,CR,MIDLGB22,CHAPS,33671.52,5.025639304999937,9.23911987161183
2026-07-28 06:37:00,1,TXN00841806,CR,BOFAGB22,BACS,327825.51,60.284299819151975,137.59756835792183
2026-07-28 06:37:00,2,TXN00841805,CR,NTSBGB2L,CHAPS,113576.8,20.88579947210289,47.67137097376594
2026-07-28 06:37:00,3,TXN00841807,CR,HSBCGB2L,SWIFT,102396.84,18.829900708745132,42.97882794885359
2026-07-28 06:38:00,1,TXN00841809,CR,NWBKGB2L,INTERNAL,352394.64,62.92172773336437,138.4639900848282
2026-07-28 06:38:00,2,TXN00841811,CR,DEUTGB2L,BACS,114501.99,20.44487123784973,44.99047547389795
2026-07-28 06:38:00,3,TXN00841808,DR,TSBSGB2A,SWIFT,59199.27,10.57030932409734,23.260759965898085
2026-07-28 06:38:00,4,TXN00841810,CR,NTSBGB2L,FPS,33956.49,6.0630917046885555,13.342288902792529
2026-07-28 06:39:00,1,TXN00841812,CR,TSBSGB2A,FPS,10259.3,100.0,
2026-07-28 06:44:00,1,TXN00841819,CR,HSBCGB2L,CHAPS,124657.6,86.63824957064034,
2026-07-28 06:44:00,2,TXN00841818,DR,SANTGB2L,CHAPS,19225.27,13.36175042935966,
2026-07-28 06:50:00,1,TXN00841838,DR,DEUTGB2L,FPS,548552.23,85.88275488337881,
2026-07-28 06:50:00,2,TXN00841841,DR,LOYDGB2L,INTERNAL,42718.0,6.688040486332862,
2026-07-28 06:50:00,3,TXN00841840,CR,COBAGB2X,FPS,31747.46,4.970464390145444,
2026-07-28 06:50:00,4,TXN00841839,CR,LOYDGB2L,FPS,15704.52,2.458740240142894,
2026-07-28 06:52:00,1,TXN00841844,CR,SANTGB2L,CHAPS,469322.25,71.88959733471194,
2026-07-28 06:52:00,2,TXN00841842,CR,TSBSGB2A,SWIFT,122434.24,18.75416776762977,
2026-07-28 06:52:00,3,TXN00841843,DR,BNPAGB22,CHAPS,61081.01,9.356234897658299,
2026-07-28 06:53:00,1,TXN00841848,DR,BARCGB22,CHAPS,151049.89,29.017560545217787,
2026-07-28 06:53:00,2,TXN00841847,DR,TSBSGB2A,CHAPS,143465.29,27.56051486507026,
2026-07-28 06:53:00,3,TXN00841845,CR,BNPAGB22,CHAPS,133082.81,25.565980198348473,
2026-07-28 06:53:00,4,TXN00841846,CR,NTSBGB2L,SWIFT,59375.24,11.406328211075406,
2026-07-28 06:53:00,5,TXN00841849,CR,HSBCGB2L,CHAPS,33573.25,6.449616180288069,
2026-07-28 06:54:00,1,TXN00841853,CR,NWBKGB2L,CHAPS,466099.77,69.22416955126839,
2026-07-28 06:54:00,2,TXN00841850,CR,NTSBGB2L,CHAPS,96451.99,14.324849182648691,
2026-07-28 06:54:00,3,TXN00841852,DR,TSBSGB2A,SWIFT,82464.29,12.24742503710089,
2026-07-28 06:54:00,4,TXN00841851,DR,NWBKGB2L,INTERNAL,28303.36,4.203556228982022,
2026-07-28 06:55:00,1,TXN00841854,DR,LOYDGB2L,SWIFT,729611.82,100.0,6239.30597415629
2026-07-28 06:56:00,1,TXN00841856,DR,BNPAGB22,FPS,243949.31,73.3813559691668,
2026-07-28 06:56:00,2,TXN00841857,CR,CITIGB2L,SWIFT,76853.97,23.11811634234041,
2026-07-28 06:56:00,3,TXN00841855,CR,NTSBGB2L,FPS,11637.17,3.500527688492781,
2026-07-28 06:58:00,1,TXN00841866,DR,BNPAGB22,INTERNAL,660499.88,86.89938796243409,1868.9243130567954
2026-07-28 06:58:00,2,TXN00841865,CR,BARCGB22,FPS,99574.38,13.100612037565908,281.75172376951275
2026-07-28 11:10:00,1,TXN00843983,DR,BARCGB22,CHAPS,9604555.34,95.31079731670248,112.7752406291109
2026-07-28 11:10:00,2,TXN00843982,DR,LOYDGB2L,FPS,193067.77,1.915907862826446,2.266972644615512
2026-07-28 11:10:00,3,TXN00843981,CR,BARCGB22,INTERNAL,150150.06,1.4900140016009025,1.763039364920296
2026-07-28 11:10:00,4,TXN00843980,DR,CITIGB2L,FPS,111690.53,1.1083608860777387,1.311453362581482
2026-07-28 11:10:00,5,TXN00843979,CR,BOFAGB22,CHAPS,17626.84,0.1749199327924268,0.2069716975081573
2026-07-28 16:27:00,1,TXN00845998,DR,NWBKGB2L,FPS,1544168.89,96.53974743450394,257.8499775673938
2026-07-28 16:27:00,2,TXN00845996,CR,MIDLGB22,BACS,48538.95,3.0346019817404914,8.105180236240123
2026-07-28 16:27:00,3,TXN00845997,CR,CHASGB2L,CHAPS,6808.35,0.42565058375557924,1.1368788130234675
2026-07-28 16:28:00,1,TXN00846002,DR,CHASGB2L,SWIFT,225493.53,46.75189120972673,
2026-07-28 16:28:00,2,TXN00846000,DR,RBOSGB2L,CHAPS,134970.17,27.983555467858984,
2026-07-28 16:28:00,3,TXN00846001,CR,TSBSGB2A,CHAPS,83304.48,17.27163518280483,
2026-07-28 16:28:00,4,TXN00845999,DR,RBOSGB2L,BACS,38551.41,7.992918139609467,
2026-07-28 16:29:00,1,TXN00846007,DR,TSBSGB2A,CHAPS,1221324.2,44.895808186851795,71.01962780932784
2026-07-28 16:29:00,2,TXN00846008,CR,CITIGB2L,FPS,861985.34,31.686532113683025,50.124183262639775
2026-07-28 16:29:00,3,TXN00846006,CR,NWBKGB2L,FPS,234455.72,8.618578943600914,13.633528241041962
2026-07-28 16:29:00,4,TXN00846004,DR,BNPAGB22,CHAPS,194456.9,7.148224593445231,11.307609120457682
2026-07-28 16:29:00,5,TXN00846005,DR,RBOSGB2L,CHAPS,109867.2,4.0387120284904565,6.388743998074372
2026-07-28 16:30:00,1,TXN00846013,CR,BNPAGB22,SWIFT,474452.28,60.345451342123695,
2026-07-28 16:30:00,2,TXN00846012,CR,CITIGB2L,CHAPS,183969.64,23.39904649430289,
2026-07-28 16:30:00,3,TXN00846010,CR,CITIGB2L,CHAPS,92064.73,11.709686977456943,
2026-07-28 16:30:00,4,TXN00846011,DR,BOFAGB22,SWIFT,35740.43,4.545815186116458,
2026-07-28 16:31:00,1,TXN00846016,CR,MIDLGB22,CHAPS,249561.92,45.54968192582048,
2026-07-28 16:31:00,2,TXN00846017,DR,LOYDGB2L,INTERNAL,162530.81,29.664889173179795,
2026-07-28 16:31:00,3,TXN00846014,CR,COBAGB2X,FPS,69552.87,12.694689580557569,
2026-07-28 16:31:00,4,TXN00846015,DR,BARCGB22,CHAPS,66243.89,12.090739320442157,
2026-07-29 06:39:00,1,TXN00846825,DR,HSBCGB2L,CHAPS,94563.34,100.0,
2026-07-29 06:40:00,1,TXN00846828,CR,BOFAGB22,CHAPS,414783.45,88.42360870676441,251.89857296321605
2026-07-29 06:40:00,2,TXN00846826,DR,NTSBGB2L,SWIFT,31453.5,6.705262653218721,19.101754818565002
2026-07-29 06:40:00,3,TXN00846827,DR,TSBSGB2A,CHAPS,22849.82,4.871128640016856,13.876727845497099
2026-07-29 06:41:00,1,TXN00846829,DR,TSBSGB2A,BACS,70497.95,40.0718210227888,
2026-07-29 06:41:00,2,TXN00846831,CR,LOYDGB2L,CHAPS,61887.13,35.17733490085972,
2026-07-29 06:41:00,3,TXN00846830,DR,NTSBGB2L,FPS,43543.91,24.750844076351488,
2026-07-29 06:42:00,1,TXN00846833,CR,BNPAGB22,BACS,401359.19,81.16262376789223,211.1433839047113
2026-07-29 06:42:00,2,TXN00846834,DR,BARCGB22,BACS,72925.75,14.747003077820061,38.364113772476465
2026-07-29 06:42:00,3,TXN00846832,DR,CITIGB2L,INTERNAL,20227.4,4.090373154287718,10.641046200023869
2026-07-29 06:43:00,1,TXN00846835,CR,HSBCGB2L,FPS,756259.23,41.78054227681006,50.58951798778432
2026-07-29 06:43:00,2,TXN00846840,DR,HSBCGB2L,FPS,512225.54,28.298578027579065,34.26502731032127
2026-07-29 06:43:00,3,TXN00846836,CR,COBAGB2X,SWIFT,110415.31,6.100039965743081,7.386167453945364
2026-07-29 06:43:00,4,TXN00846841,CR,DEUTGB2L,CHAPS,102095.08,5.6403778452982385,6.829590544136935
2026-07-29 06:43:00,5,TXN00846843,CR,BOFAGB22,FPS,99879.04,5.517949781964583,6.681349847039394
2026-07-29 06:44:00,1,TXN00846844,CR,BARCGB22,CHAPS,1579382.28,75.77510104531663,90.14893552513333
2026-07-29 06:44:00,2,TXN00846845,DR,BNPAGB22,FPS,254843.06,12.22677933438489,14.546086071680937
2026-07-29 06:44:00,3,TXN00846846,DR,DEUTGB2L,BACS,115927.81,5.561947622150267,6.616997544926176
2026-07-29 06:44:00,4,TXN00846849,CR,HSBCGB2L,BACS,60501.01,2.902698228381866,3.4533131837438664
2026-07-29 06:44:00,5,TXN00846848,CR,RBOSGB2L,SWIFT,46084.53,2.2110289330179933,2.6304406325719145
2026-07-29 10:31:00,1,TXN00849558,CR,SANTGB2L,CHAPS,62365452.08,98.24786808279627,101.69291121214887
2026-07-29 10:31:00,2,TXN00849561,DR,SANTGB2L,FPS,455460.43,0.7175128977847003,0.7426723534245108
2026-07-29 10:31:00,3,TXN00849559,CR,COBAGB2X,CHAPS,280345.65,0.4416445567243578,0.457130740551543
2026-07-29 10:31:00,4,TXN00849560,DR,RBOSGB2L,FPS,180406.14,0.2842041234834656,0.2941696879485925
2026-07-29 10:31:00,5,TXN00849562,DR,LOYDGB2L,FPS,110061.32,0.17338590016965733,0.1794656443489683
2026-07-29 15:37:00,1,TXN00852563,CR,MIDLGB22,CHAPS,11320611.33,77.65883165806554,83.2253164331271
2026-07-29 15:37:00,2,TXN00852557,DR,CHASGB2L,CHAPS,823470.1,5.6489640008999755,6.053874446170816
2026-07-29 15:37:00,3,TXN00852562,CR,MIDLGB22,CHAPS,759509.32,5.210196225737911,5.583656363450929
2026-07-29 15:37:00,4,TXN00852556,DR,TSBSGB2A,CHAPS,615195.02,4.220207292909531,4.522706302256201
2026-07-29 15:37:00,5,TXN00852559,CR,COBAGB2X,FPS,373580.41,2.56274306441904,2.7464371780942822
2026-07-29 16:34:00,1,TXN00852942,CR,BARCGB22,FPS,8031965.41,50.69623931499648,55.25364238777088
2026-07-29 16:34:00,2,TXN00852938,DR,CITIGB2L,INTERNAL,5418310.84,34.1993483544745,37.27374238021556
2026-07-29 16:34:00,3,TXN00852945,DR,HSBCGB2L,SWIFT,512475.6,3.2346485990029197,3.5254314591051403
2026-07-29 16:34:00,4,TXN00852944,DR,CITIGB2L,BACS,419603.31,2.6484563534897814,2.886542714265121
2026-07-29 16:34:00,5,TXN00852946,CR,CHASGB2L,SWIFT,376010.57,2.3733072627473173,2.586658745185245
2026-07-30 06:39:00,1,TXN00853994,CR,COBAGB2X,CHAPS,251337.53,100.0,
2026-07-30 06:40:00,1,TXN00853996,DR,NWBKGB2L,SWIFT,354712.16,65.12779988299431,199.68246494802534
2026-07-30 06:40:00,2,TXN00853998,CR,CITIGB2L,SWIFT,134810.51,24.752215761095993,75.89053315144432
2026-07-30 06:40:00,3,TXN00853997,DR,COBAGB2X,FPS,21594.25,3.9648654633755718,12.156315894848083
2026-07-30 06:40:00,4,TXN00853999,DR,HSBCGB2L,CHAPS,17471.9,3.2079712372298954,9.83567086993974
2026-07-30 06:40:00,5,TXN00853995,DR,RBOSGB2L,SWIFT,16051.35,2.9471476553042355,9.035983242704413
2026-07-30 06:41:00,1,TXN00854001,CR,COBAGB2X,SWIFT,366238.46,70.53939404048242,251.7003693963033
2026-07-30 06:41:00,2,TXN00854003,CR,COBAGB2X,CHAPS,61898.07,11.921883764133794,42.53995356991792
2026-07-30 06:41:00,3,TXN00854002,CR,BNPAGB22,CHAPS,61040.69,11.756748006238709,41.95071217044009
2026-07-30 06:41:00,4,TXN00854000,CR,TSBSGB2A,CHAPS,30019.84,5.781974189145061,20.63137994086673
2026-07-30 06:42:00,1,TXN00854006,DR,NTSBGB2L,SWIFT,1098551.75,68.80325996723127,89.94669730010936
2026-07-30 06:42:00,2,TXN00854005,CR,NTSBGB2L,CHAPS,285335.49,17.87081209087084,23.36256343682342
2026-07-30 06:42:00,3,TXN00854004,DR,HSBCGB2L,FPS,111404.59,6.977367217623397,9.121531993893589
2026-07-30 06:42:00,4,TXN00854007,CR,BNPAGB22,FPS,101364.71,6.348560724274489,8.299491478014913
2026-07-30 06:43:00,1,TXN00854009,DR,NTSBGB2L,CHAPS,43374.79,68.0167154925814,
2026-07-30 06:43:00,2,TXN00854008,DR,CHASGB2L,CHAPS,20395.99,31.983284507418606,
2026-07-31 12:30:00,1,TXN00867313,CR,MIDLGB22,BACS,48796683.7,97.30624797537526,100.84599359664884
2026-07-31 12:30:00,2,TXN00867314,DR,CITIGB2L,FPS,596379.78,1.1892504645798243,1.2325122716290418
2026-07-31 12:30:00,3,TXN00867310,CR,BOFAGB22,FPS,270495.03,0.5393984686973016,0.5590203676752185
2026-07-31 12:30:00,4,TXN00867307,DR,LOYDGB2L,SWIFT,107788.9,0.21494357069172973,0.22276265301180337
2026-07-31 12:30:00,5,TXN00867306,CR,MIDLGB22,CHAPS,86489.49,0.17247007630569244,0.17874408450255858
2026-07-31 15:01:00,1,TXN00869584,DR,CHASGB2L,INTERNAL,4044817.34,8.741823097000946,8.992470842813795
2026-07-31 15:01:00,2,TXN00869501,CR,CITIGB2L,SWIFT,2460373.2,5.317458233355509,5.469921730369282
2026-07-31 15:01:00,3,TXN00869532,DR,CITIGB2L,CHAPS,2416493.67,5.222624015492028,5.372368402010238
2026-07-31 15:01:00,4,TXN00869531,DR,CITIGB2L,CHAPS,2416493.67,5.222624015492028,5.372368402010238
2026-07-31 15:01:00,5,TXN00869530,DR,CITIGB2L,CHAPS,2416493.67,5.222624015492028,5.372368402010238
2026-07-31 15:02:00,1,TXN00869643,DR,CITIGB2L,CHAPS,2416493.67,6.413242502480288,6.640530466863955
2026-07-31 15:02:00,2,TXN00869642,DR,CITIGB2L,CHAPS,2416493.67,6.413242502480288,6.640530466863955
2026-07-31 15:02:00,3,TXN00869638,DR,CITIGB2L,CHAPS,2416493.67,6.413242502480288,6.640530466863955
2026-07-31 15:02:00,4,TXN00869639,DR,CITIGB2L,CHAPS,2416493.67,6.413242502480288,6.640530466863955
2026-07-31 15:02:00,5,TXN00869640,DR,CITIGB2L,CHAPS,2416493.67,6.413242502480288,6.640530466863955
2026-07-31 15:03:00,1,TXN00869746,DR,CITIGB2L,CHAPS,2416493.67,5.917278960598551,6.111752442231434
2026-07-31 15:03:00,2,TXN00869747,DR,CITIGB2L,CHAPS,2416493.67,5.917278960598551,6.111752442231434
2026-07-31 15:03:00,3,TXN00869749,DR,CITIGB2L,CHAPS,2416493.67,5.917278960598551,6.111752442231434
2026-07-31 15:03:00,4,TXN00869748,DR,CITIGB2L,CHAPS,2416493.67,5.917278960598551,6.111752442231434
2026-07-31 15:03:00,5,TXN00869744,DR,CITIGB2L,CHAPS,2416493.67,5.917278960598551,6.111752442231434
2026-07-31 15:04:00,1,TXN00869914,DR,NWBKGB2L,BACS,4806467.15,12.21789474642373,12.635256567468458
2026-07-31 15:04:00,2,TXN00869858,DR,CITIGB2L,CHAPS,2416493.67,6.14265413536826,6.352486464848398
2026-07-31 15:04:00,3,TXN00869856,DR,CITIGB2L,CHAPS,2416493.67,6.14265413536826,6.352486464848398
2026-07-31 15:04:00,4,TXN00869857,DR,CITIGB2L,CHAPS,2416493.67,6.14265413536826,6.352486464848398
2026-07-31 15:04:00,5,TXN00869859,DR,CITIGB2L,CHAPS,2416493.67,6.14265413536826,6.352486464848398
2026-07-31 15:05:00,1,TXN00869946,DR,CITIGB2L,CHAPS,2416493.67,6.739027776542047,6.992422458619853
2026-07-31 15:05:00,2,TXN00869960,DR,CITIGB2L,CHAPS,2416493.67,6.739027776542047,6.992422458619853
2026-07-31 15:05:00,3,TXN00869961,DR,CITIGB2L,CHAPS,2416493.67,6.739027776542047,6.992422458619853
2026-07-31 15:05:00,4,TXN00869958,DR,CITIGB2L,CHAPS,2416493.67,6.739027776542047,6.992422458619853
2026-07-31 15:05:00,5,TXN00869962,DR,CITIGB2L,CHAPS,2416493.67,6.739027776542047,6.992422458619853
2026-07-31 15:06:00,1,TXN00870052,CR,TSBSGB2A,BACS,3135476.05,7.896139846616075,8.163276895600966
2026-07-31 15:06:00,2,TXN00870054,DR,CITIGB2L,CHAPS,2416493.67,6.0855103507432355,6.291391364535214
2026-07-31 15:06:00,3,TXN00870056,DR,CITIGB2L,CHAPS,2416493.67,6.0855103507432355,6.291391364535214
2026-07-31 15:06:00,4,TXN00870058,DR,CITIGB2L,CHAPS,2416493.67,6.0855103507432355,6.291391364535214
2026-07-31 15:06:00,5,TXN00870057,DR,CITIGB2L,CHAPS,2416493.67,6.0855103507432355,6.291391364535214
2026-07-31 15:07:00,1,TXN00870164,DR,CITIGB2L,CHAPS,2416493.67,6.40759449849066,6.637879042556606
2026-07-31 15:07:00,2,TXN00870170,DR,CITIGB2L,CHAPS,2416493.67,6.40759449849066,6.637879042556606
2026-07-31 15:07:00,3,TXN00870169,DR,CITIGB2L,CHAPS,2416493.67,6.40759449849066,6.637879042556606
2026-07-31 15:07:00,4,TXN00870156,DR,CITIGB2L,CHAPS,2416493.67,6.40759449849066,6.637879042556606
2026-07-31 15:07:00,5,TXN00870171,DR,CITIGB2L,CHAPS,2416493.67,6.40759449849066,6.637879042556606
2026-07-31 15:08:00,1,TXN00870322,DR,NTSBGB2L,SWIFT,5209056.3,13.480264684240256,13.955651960760035
2026-07-31 15:08:00,2,TXN00870275,DR,CITIGB2L,CHAPS,2416493.67,6.253527012059964,6.474060306067283
2026-07-31 15:08:00,3,TXN00870272,DR,CITIGB2L,CHAPS,2416493.67,6.253527012059964,6.474060306067283
2026-07-31 15:08:00,4,TXN00870274,DR,CITIGB2L,CHAPS,2416493.67,6.253527012059964,6.474060306067283
2026-07-31 15:08:00,5,TXN00870271,DR,CITIGB2L,CHAPS,2416493.67,6.253527012059964,6.474060306067283
2026-07-31 15:09:00,1,TXN00870353,CR,NTSBGB2L,CHAPS,407095.33,26.77104231187772,199.2187519568358
2026-07-31 15:09:00,2,TXN00870351,DR,DEUTGB2L,BACS,187141.23,12.306615717323115,91.58061891858881
2026-07-31 15:09:00,3,TXN00870355,CR,SANTGB2L,CHAPS,161340.38,10.60992308507796,78.95455136722308
2026-07-31 15:09:00,4,TXN00870350,CR,NTSBGB2L,INTERNAL,161233.42,10.602889276348987,78.90220874342216
2026-07-31 15:09:00,5,TXN00870356,DR,LOYDGB2L,FPS,145524.2,9.569833472671268,71.21464523682197
2026-07-31 15:10:00,1,TXN00870366,DR,BOFAGB22,CHAPS,710752.06,36.74679961895114,117.6002704175958
2026-07-31 15:10:00,2,TXN00870362,CR,BNPAGB22,FPS,270277.23,13.973681922744154,44.719779406223225
2026-07-31 15:10:00,3,TXN00870367,DR,RBOSGB2L,INTERNAL,147933.6,7.648358213847555,24.476934141912228
2026-07-31 15:10:00,4,TXN00870369,CR,HSBCGB2L,CHAPS,132024.86,6.82585580566601,21.844691154106854
2026-07-31 15:10:00,5,TXN00870365,CR,MIDLGB22,CHAPS,118171.44,6.109616096452688,19.55251920006633
2026-07-31 15:11:00,1,TXN00870378,DR,LOYDGB2L,CHAPS,441136.23,42.18640016614587,
2026-07-31 15:11:00,2,TXN00870377,DR,BNPAGB22,FPS,357177.32,34.15730635362128,
2026-07-31 15:11:00,3,TXN00870375,CR,CHASGB2L,SWIFT,112548.1,10.763113210038092,
2026-07-31 15:11:00,4,TXN00870374,DR,SANTGB2L,FPS,39427.82,3.7705309133162097,
2026-07-31 15:11:00,5,TXN00870373,CR,BARCGB22,INTERNAL,35950.17,3.4379589671448487,
2026-07-31 15:12:00,1,TXN00870397,CR,COBAGB2X,CHAPS,2095509.18,24.957605366665575,29.654269817995825
2026-07-31 15:12:00,2,TXN00870387,CR,BOFAGB22,CHAPS,1403805.02,16.71937877213407,19.865726780035878
2026-07-31 15:12:00,3,TXN00870391,DR,DEUTGB2L,SWIFT,1099502.47,13.095122182158159,15.559436924505794
2026-07-31 15:12:00,4,TXN00870381,CR,RBOSGB2L,FPS,983323.95,11.711430961944433,13.915354802596205
2026-07-31 15:12:00,5,TXN00870383,DR,DEUTGB2L,CHAPS,634640.54,7.558596401380374,8.981016160758871
2026-07-31 15:13:00,1,TXN00870402,DR,NWBKGB2L,CHAPS,11531537.99,83.31334090669807,92.16855460414659
2026-07-31 15:13:00,2,TXN00870406,DR,NTSBGB2L,INTERNAL,985615.09,7.120896281759195,7.877762560389905
2026-07-31 15:13:00,3,TXN00870405,DR,HSBCGB2L,CHAPS,554448.19,4.005790997578086,4.431558766879216
2026-07-31 15:13:00,4,TXN00870400,CR,TSBSGB2A,CHAPS,310122.74,2.2405824429443073,2.4787296126904192
2026-07-31 15:13:00,5,TXN00870398,DR,RBOSGB2L,INTERNAL,131943.21,0.9532665672685395,1.0545874250318783
2026-07-31 15:14:00,1,TXN00870413,DR,COBAGB2X,FPS,1225635.3,41.48290114484602,75.43543814121635
2026-07-31 15:14:00,2,TXN00870410,DR,COBAGB2X,CHAPS,624376.78,21.13268134646356,38.42916074994074
2026-07-31 15:14:00,3,TXN00870414,CR,RBOSGB2L,CHAPS,399371.17,13.517132515040561,24.580508728754957
2026-07-31 15:14:00,4,TXN00870408,DR,BARCGB22,CHAPS,361084.23,12.221271219956575,22.224022999283502
2026-07-31 15:14:00,5,TXN00870412,DR,BNPAGB22,CHAPS,113307.53,3.835011170090054,6.973855248987212
2026-07-31 15:15:00,1,TXN00870421,CR,BOFAGB22,INTERNAL,503400.04,24.570547233681186,72.8705105391676
2026-07-31 15:15:00,2,TXN00870424,CR,BNPAGB22,INTERNAL,475610.1,23.2141428253876,68.84773152696721
2026-07-31 15:15:00,3,TXN00870419,DR,CITIGB2L,BACS,245572.79,11.986208495338758,35.54829789411179
2026-07-31 15:15:00,4,TXN00870422,DR,HSBCGB2L,FPS,195439.27,9.539232088362905,28.291136775241856
2026-07-31 15:15:00,5,TXN00870418,CR,CITIGB2L,BACS,181640.96,8.86574778033628,26.293739448301434
2026-07-31 15:16:00,1,TXN00870429,CR,LOYDGB2L,BACS,4442383.72,69.32443334016286,87.96578760946572
2026-07-31 15:16:00,2,TXN00870426,DR,TSBSGB2A,CHAPS,527061.45,8.224916769840533,10.436598567364872
2026-07-31 15:16:00,3,TXN00870432,CR,SANTGB2L,FPS,443621.89,6.922822988722384,8.784371502840319
2026-07-31 15:16:00,4,TXN00870436,CR,MIDLGB22,SWIFT,281866.81,4.398597264949762,5.581380966932238
2026-07-31 15:16:00,5,TXN00870430,CR,TSBSGB2A,SWIFT,202425.87,3.1589028808928448,4.008332510069914
2026-07-31 15:17:00,1,TXN00870442,CR,SANTGB2L,CHAPS,345558.65,33.29953674763168,
2026-07-31 15:17:00,2,TXN00870440,CR,BARCGB22,CHAPS,344919.81,33.23797534248133,
2026-07-31 15:17:00,3,TXN00870441,CR,NWBKGB2L,CHAPS,164218.99,15.824857204888254,
2026-07-31 15:17:00,4,TXN00870438,CR,LOYDGB2L,CHAPS,94917.25,9.146639664089273,
2026-07-31 15:17:00,5,TXN00870439,CR,NWBKGB2L,FPS,69347.21,6.68259922806369,
2026-07-31 15:18:00,1,TXN00870448,DR,CITIGB2L,CHAPS,793655.9,31.247928410431687,68.1852082377902
2026-07-31 15:18:00,2,TXN00870445,DR,MIDLGB22,SWIFT,395886.19,15.586885101967436,34.011694871310574
2026-07-31 15:18:00,3,TXN00870443,CR,NWBKGB2L,BACS,367666.63,14.475820734331686,31.587273185566392
2026-07-31 15:18:00,4,TXN00870453,DR,BNPAGB22,INTERNAL,214181.78,8.432794273007772,18.400958488484203
2026-07-31 15:18:00,5,TXN00870444,DR,COBAGB2X,CHAPS,198780.36,7.82640746283098,17.077779224198927
2026-07-31 15:19:00,1,TXN00870454,DR,CHASGB2L,SWIFT,380919.19,29.820285349392293,
2026-07-31 15:19:00,2,TXN00870456,CR,BOFAGB22,CHAPS,366199.33,28.66794008292487,
2026-07-31 15:19:00,3,TXN00870458,CR,BOFAGB22,CHAPS,256437.03,20.075190774060694,
2026-07-31 15:19:00,4,TXN00870457,CR,SANTGB2L,CHAPS,141062.25,11.043068077056745,
2026-07-31 15:19:00,5,TXN00870459,DR,CITIGB2L,SWIFT,42087.33,3.2948095636610977,
2026-07-31 15:20:00,1,TXN00870464,CR,CITIGB2L,SWIFT,1706716.11,42.29748652997496,63.753624873097415
2026-07-31 15:20:00,2,TXN00870466,CR,LOYDGB2L,SWIFT,698506.83,17.311070692958136,26.092413465949196
2026-07-31 15:20:00,3,TXN00870468,DR,BARCGB22,CHAPS,489642.09,12.13478304032871,18.29036354964705
2026-07-31 15:20:00,4,TXN00870473,DR,LOYDGB2L,BACS,360242.45,8.927876222132912,13.456697271502026
2026-07-31 15:20:00,5,TXN00870465,DR,LOYDGB2L,SWIFT,321228.54,7.9609958352672505,11.999349931543545
2026-07-31 15:21:00,1,TXN00870477,DR,NWBKGB2L,SWIFT,308203.43,35.22922200581093,
2026-07-31 15:21:00,2,TXN00870478,DR,RBOSGB2L,SWIFT,272780.74,31.18022809924403,
2026-07-31 15:21:00,3,TXN00870475,CR,CHASGB2L,INTERNAL,110996.49,12.687464211789509,
2026-07-31 15:21:00,4,TXN00870476,DR,BARCGB22,BACS,57757.6,6.601987891318489,
2026-07-31 15:21:00,5,TXN00870480,CR,TSBSGB2A,BACS,43738.81,4.99956878403327,
2026-07-31 15:22:00,1,TXN00870483,CR,BARCGB22,CHAPS,4888292.18,66.97765248541391,82.28876357019762
2026-07-31 15:22:00,2,TXN00870482,CR,SANTGB2L,CHAPS,790434.7,10.830257009926195,13.306056952180809
2026-07-31 15:22:00,3,TXN00870486,CR,CHASGB2L,SWIFT,705150.92,9.661728785927421,11.870402832014705
2026-07-31 15:22:00,4,TXN00870488,DR,TSBSGB2A,BACS,265711.1,3.640679620201643,4.4729400536522625
2026-07-31 15:22:00,5,TXN00870484,DR,LOYDGB2L,SWIFT,188831.7,2.5873052418134987,3.178763982119106
2026-07-31 15:23:00,1,TXN00870493,CR,TSBSGB2A,CHAPS,354641.39,19.207644235484082,75.38199719592511
2026-07-31 15:23:00,2,TXN00870501,CR,BARCGB22,CHAPS,340254.36,18.4284318772051,72.32391349306772
2026-07-31 15:23:00,3,TXN00870500,CR,CHASGB2L,FPS,245595.86,13.301656370644597,52.20345665194583
2026-07-31 15:23:00,4,TXN00870495,CR,TSBSGB2A,CHAPS,231359.19,12.530587622978148,49.177333226196474
2026-07-31 15:23:00,5,TXN00870494,DR,BOFAGB22,CHAPS,204383.78,11.06957914230893,43.443483939797815
2026-07-31 16:08:00,1,TXN00870932,CR,DEUTGB2L,FPS,24808773.05,96.95158523060093,101.24634405017942
2026-07-31 16:08:00,2,TXN00870938,CR,LOYDGB2L,CHAPS,377172.14,1.4739720019252684,1.5392659756135114
2026-07-31 16:08:00,3,TXN00870933,DR,HSBCGB2L,BACS,139039.89,0.5433617260563549,0.5674315497694112
2026-07-31 16:08:00,4,TXN00870939,CR,HSBCGB2L,FPS,68484.82,0.26763564041843513,0.2794913571082311
2026-07-31 16:08:00,5,TXN00870937,CR,HSBCGB2L,BACS,60930.61,0.23811412263967263,0.24866209589705213
2026-08-03 09:43:00,1,TXN00874622,CR,NTSBGB2L,CHAPS,12535981.35,91.06577428564584,115.45501385678605
2026-08-03 09:43:00,2,TXN00874623,DR,BOFAGB22,FPS,392064.49,2.848094246068486,3.610870969084822
2026-08-03 09:43:00,3,TXN00874624,CR,BARCGB22,CHAPS,154670.46,1.1235805802325172,1.4244979793732282
2026-08-03 09:43:00,4,TXN00874627,CR,HSBCGB2L,CHAPS,127643.45,0.9272468809744298,1.1755821803673931
2026-08-03 09:43:00,5,TXN00874619,CR,BARCGB22,FPS,90495.2,0.6573889372557481,0.8334508705991833
2026-08-03 11:42:00,1,TXN00875895,DR,CITIGB2L,CHAPS,782246.51,29.579113783185118,68.3334212505188
2026-08-03 11:42:00,2,TXN00875894,DR,SANTGB2L,FPS,566555.72,21.423190633850663,49.49167581029026
2026-08-03 11:42:00,3,TXN00875897,DR,NTSBGB2L,BACS,552562.87,20.894078522757905,48.26932543694654
2026-08-03 11:42:00,4,TXN00875898,DR,RBOSGB2L,CHAPS,436241.88,16.495628987223718,38.108064110325365
2026-08-03 11:42:00,5,TXN00875892,DR,LOYDGB2L,CHAPS,99456.42,3.760748978794738,8.688050834421137
2026-08-03 11:43:00,1,TXN00875899,DR,TSBSGB2A,SWIFT,566457.74,53.508494453069474,
2026-08-03 11:43:00,2,TXN00875902,CR,CHASGB2L,CHAPS,182673.56,17.25563353054802,
2026-08-03 11:43:00,3,TXN00875904,CR,DEUTGB2L,FPS,106022.08,10.015013440513476,
2026-08-03 11:43:00,4,TXN00875900,DR,DEUTGB2L,FPS,105102.04,9.928105006291,
2026-08-03 11:43:00,5,TXN00875901,DR,SANTGB2L,CHAPS,75702.23,7.150952432991717,
2026-08-03 11:44:00,1,TXN00875916,DR,CITIGB2L,FPS,426777.87,28.334427852726236,6694.127011338682
2026-08-03 11:44:00,2,TXN00875914,CR,MIDLGB22,CHAPS,249056.29,16.53522353507379,3906.5156734410807
2026-08-03 11:44:00,3,TXN00875905,CR,SANTGB2L,CHAPS,234609.54,15.5760819666945,3679.914468929101
2026-08-03 11:44:00,4,TXN00875908,DR,DEUTGB2L,FPS,164892.05,10.94743242945827,2586.3766691089404
2026-08-03 11:44:00,5,TXN00875912,DR,HSBCGB2L,SWIFT,95027.5,6.309019356544757,1490.532193175777
2026-08-03 11:49:00,1,TXN00875948,DR,SANTGB2L,FPS,973089.91,48.83989221926325,134.7310487383461
2026-08-03 11:49:00,2,TXN00875952,CR,NTSBGB2L,FPS,463593.89,23.26802013712071,64.18779019956075
2026-08-03 11:49:00,3,TXN00875951,CR,MIDLGB22,CHAPS,203231.64,10.200302450103617,28.138830454026603
2026-08-03 11:49:00,4,TXN00875954,DR,TSBSGB2A,CHAPS,113919.44,5.717676356626518,15.772936770955825
2026-08-03 11:49:00,5,TXN00875950,CR,NTSBGB2L,SWIFT,92261.37,4.630646480345858,12.774226729096988
2026-08-03 11:50:00,1,TXN00875957,CR,SANTGB2L,CHAPS,1959882.0,69.69784708275664,127.11587279376333
2026-08-03 11:50:00,2,TXN00875962,DR,CITIGB2L,CHAPS,303777.74,10.803025115627067,19.70270279303392
2026-08-03 11:50:00,3,TXN00875961,DR,BOFAGB22,CHAPS,227309.96,8.08365750206774,14.743083491820135
2026-08-03 11:50:00,4,TXN00875960,DR,MIDLGB22,CHAPS,147231.52,5.235886633339061,9.549280603399806
2026-08-03 11:50:00,5,TXN00875956,DR,RBOSGB2L,SWIFT,71837.37,2.554699736559349,4.659295807991762
2026-08-03 11:51:00,1,TXN00875964,DR,MIDLGB22,BACS,658467.15,53.281035906865895,
2026-08-03 11:51:00,2,TXN00875966,CR,MIDLGB22,CHAPS,469656.09,38.00305451102343,
2026-08-03 11:51:00,3,TXN00875963,DR,BARCGB22,CHAPS,81957.0,6.631695840588264,
2026-08-03 11:51:00,4,TXN00875965,DR,CHASGB2L,FPS,25757.5,2.0842137415224107,
2026-08-03 13:16:00,1,TXN00876771,CR,TSBSGB2A,CHAPS,232249.73,47.83895385221538,
2026-08-03 13:16:00,2,TXN00876775,CR,COBAGB2X,CHAPS,82626.24,17.019407869029916,
2026-08-03 13:16:00,3,TXN00876774,DR,COBAGB2X,INTERNAL,51904.79,10.691383165521573,
2026-08-03 13:16:00,4,TXN00876776,CR,NWBKGB2L,FPS,46166.8,9.509468169045697,
2026-08-03 13:16:00,5,TXN00876777,CR,BARCGB22,CHAPS,43886.07,9.039681886756528,
2026-08-03 17:28:00,1,TXN00878946,CR,RBOSGB2L,CHAPS,11455072.47,82.96048975362777,103.33288415069607
2026-08-03 17:28:00,2,TXN00878942,CR,CITIGB2L,CHAPS,1115666.14,8.07993224122653,10.064100449595344
2026-08-03 17:28:00,3,TXN00878944,DR,BOFAGB22,CHAPS,451109.1,3.2670445312615506,4.069324265883476
2026-08-03 17:28:00,4,TXN00878943,CR,TSBSGB2A,CHAPS,205430.09,1.4877759107299502,1.8531252199958423
2026-08-03 17:28:00,5,TXN00878949,CR,HSBCGB2L,CHAPS,115477.02,0.8363133589576905,1.0416846825699404
2026-08-04 07:14:00,1,TXN00879474,CR,NTSBGB2L,FPS,422836.24,34.01707013383211,152.87813146323577
2026-08-04 07:14:00,2,TXN00879473,CR,MIDLGB22,FPS,352929.02,28.393051706269627,127.60289684902828
2026-08-04 07:14:00,3,TXN00879477,DR,MIDLGB22,SWIFT,262998.83,21.15819033209118,95.08827745563435
2026-08-04 07:14:00,4,TXN00879475,DR,TSBSGB2A,BACS,113972.11,9.169027846739976,41.207071597558354
2026-08-04 07:14:00,5,TXN00879472,CR,SANTGB2L,CHAPS,51585.45,4.150036596993885,18.650925489948957
2026-08-04 07:39:00,1,TXN00879613,CR,NTSBGB2L,FPS,300330.47,35.040842007492564,
2026-08-04 07:39:00,2,TXN00879611,DR,CITIGB2L,BACS,202181.55,23.589387218619407,
2026-08-04 07:39:00,3,TXN00879612,CR,COBAGB2X,BACS,166296.7,19.402548103318953,
2026-08-04 07:39:00,4,TXN00879614,DR,NTSBGB2L,CHAPS,161436.41,18.835477256326318,
2026-08-04 07:39:00,5,TXN00879615,DR,RBOSGB2L,CHAPS,26841.78,3.1317454142427636,
2026-08-04 07:40:00,1,TXN00879624,CR,HSBCGB2L,CHAPS,495473.34,23.999066412724314,79.0587835250991
2026-08-04 07:40:00,2,TXN00879619,CR,DEUTGB2L,SWIFT,494075.99,23.931383466449503,78.83581937700023
2026-08-04 07:40:00,3,TXN00879618,DR,DEUTGB2L,CHAPS,232313.35,11.252479326561684,37.068413908285315
2026-08-04 07:40:00,4,TXN00879617,CR,HSBCGB2L,SWIFT,164345.71,7.960354857713092,26.223352219452845
2026-08-04 07:40:00,5,TXN00879625,CR,CHASGB2L,INTERNAL,158342.52,7.669580473165574,25.265470411583948
2026-08-04 07:41:00,1,TXN00879626,DR,CHASGB2L,FPS,179651.87,39.15085010941965,
2026-08-04 07:41:00,2,TXN00879627,CR,CITIGB2L,INTERNAL,169819.7,37.00816262211249,
2026-08-04 07:41:00,3,TXN00879629,DR,RBOSGB2L,BACS,86898.27,18.937410134043574,
2026-08-04 07:41:00,4,TXN00879628,CR,MIDLGB22,BACS,22501.09,4.90357713442427,
2026-08-04 07:42:00,1,TXN00879636,DR,BARCGB22,CHAPS,375868.15,28.53232113324588,
2026-08-04 07:42:00,2,TXN00879631,DR,MIDLGB22,SWIFT,215153.21,16.332377405663898,
2026-08-04 07:42:00,3,TXN00879637,CR,RBOSGB2L,FPS,196154.81,14.890200275683986,
2026-08-04 07:42:00,4,TXN00879638,DR,NTSBGB2L,FPS,117887.1,8.948863037921862,
2026-08-04 07:42:00,5,TXN00879634,DR,SANTGB2L,SWIFT,115165.22,8.742243897017905,
2026-08-04 07:43:00,1,TXN00879641,CR,SANTGB2L,FPS,241176.63,53.8153875690296,
2026-08-04 07:43:00,2,TXN00879643,CR,BOFAGB22,SWIFT,86400.25,19.279077495240937,
2026-08-04 07:43:00,3,TXN00879642,DR,BARCGB22,SWIFT,55894.63,12.472150292826917,
2026-08-04 07:43:00,4,TXN00879644,CR,NWBKGB2L,SWIFT,52946.95,11.81441433545212,
2026-08-04 07:43:00,5,TXN00879640,CR,COBAGB2X,FPS,11737.06,2.6189703074504136,
2026-08-04 11:04:00,1,TXN00881681,DR,SANTGB2L,SWIFT,12512047.94,88.86787188502115,100.27123262504514
2026-08-04 11:04:00,2,TXN00881684,DR,BOFAGB22,CHAPS,939202.43,6.670764180539141,7.526744286158616
2026-08-04 11:04:00,3,TXN00881682,DR,CITIGB2L,CHAPS,274401.69,1.94896106128197,2.1990481352563873
2026-08-04 11:04:00,4,TXN00881685,DR,CHASGB2L,CHAPS,177519.06,1.260844040630281,1.4226332128838812
2026-08-04 11:04:00,5,TXN00881686,CR,BOFAGB22,SWIFT,151665.51,1.077217029273658,1.2154435235009267
2026-08-04 12:31:00,1,TXN00882278,DR,RBOSGB2L,BACS,439023.63,61.772083495546674,
2026-08-04 12:31:00,2,TXN00882279,DR,RBOSGB2L,BACS,102041.96,14.357642829314754,
2026-08-04 12:31:00,3,TXN00882277,CR,DEUTGB2L,SWIFT,95758.13,13.473487068879216,
2026-08-04 12:31:00,4,TXN00882280,DR,HSBCGB2L,FPS,73891.55,10.396786606259353,
2026-08-04 12:32:00,1,TXN00882281,DR,DEUTGB2L,CHAPS,338816.12,69.37701381876039,
2026-08-04 12:32:00,2,TXN00882284,CR,HSBCGB2L,INTERNAL,110224.27,22.569855008530222,
2026-08-04 12:32:00,3,TXN00882282,DR,LOYDGB2L,FPS,23772.94,4.867819119387122,
2026-08-04 12:32:00,4,TXN00882283,DR,CHASGB2L,CHAPS,15556.09,3.1853120533222574,
2026-08-04 12:33:00,1,TXN00882285,DR,NTSBGB2L,CHAPS,695567.07,33.61864781862041,274.0376169053087
2026-08-04 12:33:00,2,TXN00882292,DR,MIDLGB22,CHAPS,404101.61,19.53132960927477,159.20685001950778
2026-08-04 12:33:00,3,TXN00882294,CR,DEUTGB2L,FPS,204715.92,9.89447705933645,80.65341974768562
2026-08-04 12:33:00,4,TXN00882286,CR,LOYDGB2L,FPS,160625.0,7.76344300753902,63.28259935510635
2026-08-04 12:33:00,5,TXN00882287,DR,MIDLGB22,FPS,143594.1,6.940293301596007,56.57281182914911
2026-08-04 12:34:00,1,TXN00882304,CR,LOYDGB2L,FPS,491574.65,26.407169398361333,2675.43665964409
2026-08-04 12:34:00,2,TXN00882296,CR,HSBCGB2L,CHAPS,334642.92,17.976867351484216,1821.3224299876824
2026-08-04 12:34:00,3,TXN00882302,CR,BNPAGB22,CHAPS,300040.19,16.1180242383258,1632.9941417698778
2026-08-04 12:34:00,4,TXN00882299,CR,CHASGB2L,CHAPS,263203.78,14.139188838865124,1432.5088610018806
2026-08-04 12:34:00,5,TXN00882303,CR,RBOSGB2L,CHAPS,232485.94,12.489040271538146,1265.3244155853365
2026-08-04 12:35:00,1,TXN00882309,DR,MIDLGB22,CHAPS,427516.64,64.07546287961398,
2026-08-04 12:35:00,2,TXN00882307,CR,HSBCGB2L,FPS,69138.13,10.36230468685599,
2026-08-04 12:35:00,3,TXN00882306,DR,BOFAGB22,FPS,66705.22,9.997664296731196,
2026-08-04 12:35:00,4,TXN00882312,CR,BNPAGB22,CHAPS,38129.16,5.714733293681533,
2026-08-04 12:35:00,5,TXN00882308,DR,CITIGB2L,INTERNAL,29598.82,4.4362205227622855,
2026-08-04 12:36:00,1,TXN00882314,DR,DEUTGB2L,FPS,514216.18,40.03068548982822,
2026-08-04 12:36:00,2,TXN00882318,DR,CHASGB2L,BACS,165512.39,12.884803486268734,
2026-08-04 12:36:00,3,TXN00882315,CR,NWBKGB2L,SWIFT,161706.01,12.588484532176754,
2026-08-04 12:36:00,4,TXN00882313,DR,HSBCGB2L,FPS,155790.73,12.12799199523583,
2026-08-04 12:36:00,5,TXN00882319,DR,TSBSGB2A,INTERNAL,104739.94,8.153791653081548,
2026-08-05 06:36:00,1,TXN00884981,CR,BOFAGB22,CHAPS,75190.03,100.0,
2026-08-05 06:55:00,1,TXN00885049,DR,SANTGB2L,CHAPS,178834.25,54.030836332935756,
2026-08-05 06:55:00,2,TXN00885051,DR,COBAGB2X,BACS,56282.23,17.004438230275504,
2026-08-05 06:55:00,3,TXN00885050,CR,CITIGB2L,BACS,51528.3,15.568142812768883,
2026-08-05 06:55:00,4,TXN00885048,CR,BOFAGB22,FPS,44340.75,13.396582624019846,
2026-08-05 06:56:00,1,TXN00885061,CR,MIDLGB22,CHAPS,463910.59,24.47871228808424,36.79212665779471
2026-08-05 06:56:00,2,TXN00885057,CR,LOYDGB2L,SWIFT,359104.69,18.948522791453588,28.480111303102838
2026-08-05 06:56:00,3,TXN00885056,DR,BNPAGB22,SWIFT,345457.99,18.228440839925387,27.39780983018124
2026-08-05 06:56:00,4,TXN00885054,DR,BOFAGB22,INTERNAL,180951.04,9.548064954476729,14.350984275956446
2026-08-05 06:56:00,5,TXN00885058,CR,CITIGB2L,CHAPS,173998.58,9.181211358756023,13.799593998568616
2026-08-05 06:57:00,1,TXN00885064,DR,COBAGB2X,CHAPS,210970.25,84.20046767782672,
2026-08-05 06:57:00,2,TXN00885063,CR,DEUTGB2L,BACS,39586.85,15.799532322173269,
2026-08-05 07:19:00,1,TXN00885151,DR,BOFAGB22,FPS,229482.04,41.31453069609216,
2026-08-05 07:19:00,2,TXN00885152,CR,CITIGB2L,BACS,199869.27,35.98323028076852,
2026-08-05 07:19:00,3,TXN00885149,CR,BOFAGB22,BACS,96748.03,17.417918435889124,
2026-08-05 07:19:00,4,TXN00885150,DR,CITIGB2L,BACS,29351.82,5.284320587250191,
2026-08-05 07:20:00,1,TXN00885154,CR,NTSBGB2L,CHAPS,252068.8,68.74675195482716,
2026-08-05 07:20:00,2,TXN00885155,DR,CHASGB2L,CHAPS,75559.33,20.607304503305965,
2026-08-05 07:20:00,3,TXN00885153,CR,BNPAGB22,FPS,39034.72,10.645943541866867,
2026-08-05 07:21:00,1,TXN00885156,DR,LOYDGB2L,CHAPS,322655.41,53.53498531027288,
2026-08-05 07:21:00,2,TXN00885157,DR,NWBKGB2L,CHAPS,136659.51,22.67454576496669,
2026-08-05 07:21:00,3,TXN00885159,DR,NTSBGB2L,FPS,121505.89,20.16025714945128,
2026-08-05 07:21:00,4,TXN00885158,CR,SANTGB2L,SWIFT,21879.29,3.6302117753091463,
2026-08-05 12:05:00,1,TXN00887737,DR,BARCGB22,CHAPS,401014.04,24.2835866093389,
2026-08-05 12:05:00,2,TXN00887742,DR,MIDLGB22,SWIFT,377740.39,22.874240204683243,
2026-08-05 12:05:00,3,TXN00887744,CR,HSBCGB2L,CHAPS,225491.44,13.654736160620576,
2026-08-05 12:05:00,4,TXN00887746,CR,CITIGB2L,SWIFT,180210.51,10.912728959559955,
2026-08-05 12:05:00,5,TXN00887739,CR,TSBSGB2A,FPS,118274.1,7.162141632227166,
2026-08-05 12:06:00,1,TXN00887751,CR,LOYDGB2L,BACS,100934.32,30.332773214299397,
2026-08-05 12:06:00,2,TXN00887753,DR,COBAGB2X,SWIFT,91417.0,27.472629021839232,
2026-08-05 12:06:00,3,TXN00887748,DR,LOYDGB2L,FPS,45856.28,13.78072534388118,
2026-08-05 12:06:00,4,TXN00887750,CR,LOYDGB2L,SWIFT,33445.78,10.051122945251432,
2026-08-05 12:06:00,5,TXN00887752,CR,LOYDGB2L,SWIFT,22307.96,6.703986231379598,
2026-08-05 12:07:00,1,TXN00887759,DR,NWBKGB2L,SWIFT,997794.78,52.60731893847977,502.7559120820999
2026-08-05 12:07:00,2,TXN00887760,CR,LOYDGB2L,CHAPS,366139.32,19.304177942440333,184.48553897598046
2026-08-05 12:07:00,3,TXN00887755,CR,COBAGB2X,BACS,212109.6,11.183178746548833,106.87503838150904
2026-08-05 12:07:00,4,TXN00887761,DR,BARCGB22,CHAPS,122367.03,6.451628635263578,61.65671439614836
2026-08-05 12:07:00,5,TXN00887756,DR,SANTGB2L,INTERNAL,90277.21,4.759738249328299,45.487711464853795
2026-08-05 12:08:00,1,TXN00887766,CR,TSBSGB2A,BACS,137598.58,28.962577753273465,
2026-08-05 12:08:00,2,TXN00887764,CR,SANTGB2L,CHAPS,107729.49,22.675551814891524,
2026-08-05 12:08:00,3,TXN00887763,DR,MIDLGB22,BACS,80416.1,16.92646500323633,
2026-08-05 12:08:00,4,TXN00887767,CR,CHASGB2L,FPS,68094.8,14.333003578914886,
2026-08-05 12:08:00,5,TXN00887762,CR,LOYDGB2L,BACS,68078.84,14.329644222001884,
2026-08-05 13:08:00,1,TXN00888306,CR,BNPAGB22,CHAPS,14923337.81,93.51283483168285,106.99460680853646
2026-08-05 13:08:00,2,TXN00888299,CR,LOYDGB2L,CHAPS,236314.83,1.480799399398385,1.6942866696975305
2026-08-05 13:08:00,3,TXN00888301,DR,SANTGB2L,CHAPS,211057.92,1.3225341853250276,1.5132043147274667
2026-08-05 13:08:00,4,TXN00888297,DR,HSBCGB2L,CHAPS,164971.67,1.033747860232676,1.1827835830647617
2026-08-05 13:08:00,5,TXN00888305,DR,RBOSGB2L,CHAPS,149299.58,0.9355431836183582,1.0704207103102248
2026-08-05 15:55:00,1,TXN00889551,DR,BARCGB22,BACS,345665.64,42.56917097245668,
2026-08-05 15:55:00,2,TXN00889553,DR,SANTGB2L,CHAPS,192042.29,23.65025658017993,
2026-08-05 15:55:00,3,TXN00889554,DR,NWBKGB2L,SWIFT,129520.56,15.950624606739431,
2026-08-05 15:55:00,4,TXN00889550,CR,CHASGB2L,INTERNAL,64033.02,7.885749293053073,
2026-08-05 15:55:00,5,TXN00889552,CR,TSBSGB2A,BACS,42226.15,5.200205027200857,
2026-08-05 15:56:00,1,TXN00889562,DR,HSBCGB2L,SWIFT,1661709.08,71.0303739171566,126.56429533626378
2026-08-05 15:56:00,2,TXN00889560,CR,MIDLGB22,BACS,294078.92,12.570513033938276,22.39856045262116
2026-08-05 15:56:00,3,TXN00889559,CR,CHASGB2L,SWIFT,198429.57,8.481945921196145,15.113414858952224
2026-08-05 15:56:00,4,TXN00889558,CR,BNPAGB22,CHAPS,74070.8,3.166183951009597,5.641612433744015
2026-08-05 15:56:00,5,TXN00889557,CR,DEUTGB2L,CHAPS,57799.04,2.4706415055833304,4.402271647160118
2026-08-05 15:57:00,1,TXN00889566,DR,HSBCGB2L,FPS,736914.09,47.82556798395864,143.2739286225615
2026-08-05 15:57:00,2,TXN00889564,DR,COBAGB2X,CHAPS,438964.4,28.488696361793835,85.34530003822499
2026-08-05 15:57:00,3,TXN00889565,CR,SANTGB2L,BACS,205623.72,13.344935771243668,39.97822620325467
2026-08-05 15:57:00,4,TXN00889563,DR,LOYDGB2L,SWIFT,159334.88,10.340799883003854,30.97855575567079
2026-08-05 15:58:00,1,TXN00889570,CR,NTSBGB2L,BACS,87085.73,39.27654992012835,
2026-08-05 15:58:00,2,TXN00889569,DR,NWBKGB2L,BACS,78432.05,35.37365222939514,
2026-08-05 15:58:00,3,TXN00889567,DR,NTSBGB2L,SWIFT,40157.58,18.111476995617398,
2026-08-05 15:58:00,4,TXN00889568,CR,SANTGB2L,BACS,16049.13,7.23832085485911,
2026-08-05 15:59:00,1,TXN00889572,DR,COBAGB2X,CHAPS,1597459.73,68.51912258860867,122.41921114919977
2026-08-05 15:59:00,2,TXN00889573,DR,COBAGB2X,CHAPS,235502.28,10.101293503791075,18.047405389954942
2026-08-05 15:59:00,3,TXN00889574,CR,NTSBGB2L,INTERNAL,175442.77,7.525187921272404,13.444824368267794
2026-08-05 15:59:00,4,TXN00889575,CR,BARCGB22,CHAPS,173561.4,7.4444911630107535,13.300648069513915
2026-08-05 15:59:00,5,TXN00889571,DR,BOFAGB22,FPS,149440.98,6.409904823317091,11.45221162161211
2026-08-05 16:00:00,1,TXN00889576,DR,BARCGB22,SWIFT,196705.75,40.73978174346547,
2026-08-05 16:00:00,2,TXN00889580,DR,SANTGB2L,SWIFT,163492.27,33.86092880631973,
2026-08-05 16:00:00,3,TXN00889578,DR,TSBSGB2A,FPS,39710.3,8.224411106271866,
2026-08-05 16:00:00,4,TXN00889581,DR,NWBKGB2L,CHAPS,28226.42,5.845981575014399,
2026-08-05 16:00:00,5,TXN00889582,DR,BOFAGB22,SWIFT,25346.26,5.249470848783673,
2026-08-05 16:01:00,1,TXN00889584,CR,CITIGB2L,INTERNAL,210992.61,66.11290003426399,
2026-08-05 16:01:00,2,TXN00889583,DR,NWBKGB2L,CHAPS,62424.21,19.56014267726202,
2026-08-05 16:01:00,3,TXN00889585,CR,CITIGB2L,FPS,45723.03,14.326957288474004,
2026-08-05 16:02:00,1,TXN00889589,DR,LOYDGB2L,CHAPS,113562.33,30.79519279439814,
2026-08-05 16:02:00,2,TXN00889586,DR,SANTGB2L,FPS,113235.99,30.70669775192654,
2026-08-05 16:02:00,3,TXN00889587,CR,CHASGB2L,FPS,103418.53,28.044454264572135,
2026-08-05 16:02:00,4,TXN00889588,CR,TSBSGB2A,CHAPS,38549.57,10.453655189103172,
2026-08-05 16:03:00,1,TXN00889594,DR,LOYDGB2L,CHAPS,549285.7,48.57040782227992,5432.107368740225
2026-08-05 16:03:00,2,TXN00889595,DR,TSBSGB2A,FPS,220443.92,19.49268130654421,2180.0586511281485
2026-08-05 16:03:00,3,TXN00889592,DR,CHASGB2L,CHAPS,157996.48,13.970786911227973,1562.4907825618213
2026-08-05 16:03:00,4,TXN00889590,CR,SANTGB2L,BACS,75718.36,6.695371142620694,748.8093378453602
2026-08-05 16:03:00,5,TXN00889596,CR,NTSBGB2L,BACS,50343.96,4.451648147018115,497.87168332902746
2026-08-05 16:04:00,1,TXN00889598,DR,BNPAGB22,SWIFT,80520.76,63.20385247863985,
2026-08-05 16:04:00,2,TXN00889597,CR,HSBCGB2L,BACS,38486.32,30.209398069835988,
2026-08-05 16:04:00,3,TXN00889599,CR,LOYDGB2L,CHAPS,8391.42,6.586749451524154,
2026-08-05 16:05:00,1,TXN00889602,DR,DEUTGB2L,CHAPS,417568.71,75.31732506204405,
2026-08-05 16:05:00,2,TXN00889601,CR,DEUTGB2L,CHAPS,84324.17,15.209642797414256,
2026-08-05 16:05:00,3,TXN00889600,CR,DEUTGB2L,CHAPS,52519.68,9.473032140541692,
2026-08-05 16:06:00,1,TXN00889604,DR,BOFAGB22,CHAPS,574733.27,75.03799108800811,
2026-08-05 16:06:00,2,TXN00889603,DR,BNPAGB22,CHAPS,191189.78,24.962008911991877,
2026-08-05 16:07:00,1,TXN00889605,DR,CITIGB2L,FPS,2519547.01,87.05050726833989,142.0618411646986
2026-08-05 16:07:00,2,TXN00889606,DR,DEUTGB2L,FPS,152355.13,5.263879300046825,8.590373663513034
2026-08-05 16:07:00,3,TXN00889608,DR,BNPAGB22,SWIFT,131744.63,4.5517852319730085,7.428273664702128
2026-08-05 16:07:00,4,TXN00889609,CR,BARCGB22,CHAPS,73033.3,2.5233050970066433,4.117900965195241
2026-08-05 16:07:00,5,TXN00889607,DR,NWBKGB2L,CHAPS,17670.68,0.6105231026336391,0.9963415349937117
2026-08-05 16:08:00,1,TXN00889610,CR,NTSBGB2L,SWIFT,332697.88,70.36107303709913,
2026-08-05 16:08:00,2,TXN00889612,DR,BNPAGB22,CHAPS,127385.74,26.940350073841532,
2026-08-05 16:08:00,3,TXN00889611,CR,LOYDGB2L,SWIFT,12760.05,2.698576889059338,
2026-08-05 16:09:00,1,TXN00889613,DR,TSBSGB2A,BACS,128444.52,57.22102701624852,
2026-08-05 16:09:00,2,TXN00889614,DR,SANTGB2L,BACS,96026.32,42.77897298375147,
2026-08-05 16:10:00,1,TXN00889615,CR,DEUTGB2L,BACS,83814.86,52.44372918930299,
2026-08-05 16:10:00,2,TXN00889616,DR,CITIGB2L,INTERNAL,46967.58,29.388047014538035,
2026-08-05 16:10:00,3,TXN00889617,CR,COBAGB2X,CHAPS,29036.21,18.168223796158955,
2026-08-05 16:11:00,1,TXN00889620,DR,MIDLGB22,CHAPS,163849.26,33.41250681966925,
2026-08-05 16:11:00,2,TXN00889619,DR,TSBSGB2A,CHAPS,144027.91,29.37049288533685,
2026-08-05 16:11:00,3,TXN00889622,DR,COBAGB2X,CHAPS,113486.56,23.1424326233808,
2026-08-05 16:11:00,4,TXN00889621,CR,COBAGB2X,CHAPS,59370.62,12.106989348856327,
2026-08-05 16:11:00,5,TXN00889618,DR,DEUTGB2L,CHAPS,9648.67,1.9675783227567707,
2026-08-05 16:12:00,1,TXN00889623,CR,LOYDGB2L,CHAPS,1023461.02,54.04074416500628,132.38832806237377
2026-08-05 16:12:00,2,TXN00889626,DR,SANTGB2L,CHAPS,510825.43,26.972582087795903,66.0770887096835
2026-08-05 16:12:00,3,TXN00889625,CR,DEUTGB2L,SWIFT,272785.94,14.40363131304283,35.28583288450302
2026-08-05 16:12:00,4,TXN00889624,CR,BOFAGB22,CHAPS,45920.57,2.4246959354458486,5.939989278703745
2026-08-05 16:12:00,5,TXN00889627,CR,BOFAGB22,CHAPS,40876.26,2.1583464987091348,5.287489814553843
2026-08-05 16:13:00,1,TXN00889629,DR,MIDLGB22,BACS,475082.98,53.04159033919386,
2026-08-05 16:13:00,2,TXN00889632,DR,DEUTGB2L,SWIFT,280856.48,31.356783937551278,
2026-08-05 16:13:00,3,TXN00889631,CR,BARCGB22,SWIFT,56230.14,6.277926543686155,
2026-08-05 16:13:00,4,TXN00889628,CR,BNPAGB22,BACS,50198.66,5.604529885066557,
2026-08-05 16:13:00,5,TXN00889633,DR,TSBSGB2A,CHAPS,19491.14,2.176127343319845,
2026-08-05 16:14:00,1,TXN00889639,CR,HSBCGB2L,BACS,174044.3,28.324035758358132,
2026-08-05 16:14:00,2,TXN00889638,DR,RBOSGB2L,CHAPS,95552.28,15.550214488567846,
2026-08-05 16:14:00,3,TXN00889637,CR,NWBKGB2L,FPS,95477.16,15.537989431118865,
2026-08-05 16:14:00,4,TXN00889635,DR,COBAGB2X,CHAPS,93071.1,15.146426309104784,
2026-08-05 16:14:00,5,TXN00889640,CR,BARCGB22,CHAPS,89416.95,14.551748544498851,
2026-08-05 16:15:00,1,TXN00889643,DR,LOYDGB2L,FPS,282208.54,66.76102822971599,
2026-08-05 16:15:00,2,TXN00889641,DR,CITIGB2L,FPS,88251.22,20.877263989696687,
2026-08-05 16:15:00,3,TXN00889642,CR,BNPAGB22,FPS,52254.73,12.361707780587318,
2026-08-05 16:16:00,1,TXN00889647,CR,RBOSGB2L,CHAPS,338815.9,44.63937373739609,
2026-08-05 16:16:00,2,TXN00889646,DR,DEUTGB2L,CHAPS,143555.55,18.91360425684701,
2026-08-05 16:16:00,3,TXN00889645,DR,SANTGB2L,FPS,105872.42,13.948809736681687,
2026-08-05 16:16:00,4,TXN00889648,CR,COBAGB2X,CHAPS,102196.17,13.464459687873168,
2026-08-05 16:16:00,5,TXN00889644,DR,MIDLGB22,BACS,68566.8,9.033752581202034,
2026-08-05 16:17:00,1,TXN00889653,DR,MIDLGB22,CHAPS,110103.1,29.952499556846067,
2026-08-05 16:17:00,2,TXN00889652,DR,RBOSGB2L,CHAPS,95599.86,26.00703126691752,
2026-08-05 16:17:00,3,TXN00889650,CR,BOFAGB22,BACS,85880.25,23.362903951540233,
2026-08-05 16:17:00,4,TXN00889649,DR,BOFAGB22,SWIFT,53581.61,14.57636660348436,
2026-08-05 16:17:00,5,TXN00889651,CR,BOFAGB22,FPS,22427.54,6.101198621211823,
2026-08-05 17:27:00,1,TXN00890249,DR,CHASGB2L,BACS,7452256.49,62.92227361952018,81.62442041683089
2026-08-05 17:27:00,2,TXN00890241,DR,CHASGB2L,FPS,1169913.93,9.87803419186236,12.81404452489891
2026-08-05 17:27:00,3,TXN00890242,DR,DEUTGB2L,CHAPS,708618.39,5.983138165901193,7.761483445728508
2026-08-05 17:27:00,4,TXN00890247,DR,CITIGB2L,SWIFT,444159.07,3.750206205413579,4.864865656499783
2026-08-05 17:27:00,5,TXN00890245,DR,BOFAGB22,SWIFT,430545.27,3.635259645301096,4.715753969836587
2026-08-06 16:57:00,1,TXN00895741,DR,BOFAGB22,FPS,13209581.34,94.86157342184019,111.83312052996165
2026-08-06 16:57:00,2,TXN00895740,CR,CHASGB2L,FPS,254600.2,1.828352840553779,2.1554608068715932
2026-08-06 16:57:00,3,TXN00895737,CR,TSBSGB2A,BACS,222764.34,1.5997309264214554,1.88593647624243
2026-08-06 16:57:00,4,TXN00895738,DR,SANTGB2L,SWIFT,79847.54,0.5734067631142139,0.6759941390270384
2026-08-06 16:57:00,5,TXN00895739,DR,HSBCGB2L,FPS,73290.65,0.5263199640594658,0.6204831087530313
2026-08-07 13:25:00,1,TXN00900895,DR,BARCGB22,CHAPS,19726225.71,81.33329913080328,89.30289382395755
2026-08-07 13:25:00,2,TXN00900888,CR,HSBCGB2L,FPS,3149780.76,12.986876684659455,14.259419967826389
2026-08-07 13:25:00,3,TXN00900884,CR,SANTGB2L,INTERNAL,367505.88,1.5152653178462032,1.663741410232504
2026-08-07 13:25:00,4,TXN00900891,DR,LOYDGB2L,BACS,189746.56,0.7823449832928487,0.859004512584034
2026-08-07 13:25:00,5,TXN00900894,CR,LOYDGB2L,INTERNAL,175873.11,0.7251432927406503,0.7961978079190906
2026-08-07 14:02:00,1,TXN00901490,CR,DEUTGB2L,BACS,669801.11,19.79673580032193,45.28064552551375
2026-08-07 14:02:00,2,TXN00901485,DR,BARCGB22,FPS,481949.72,14.244573700212486,32.58130526603726
2026-08-07 14:02:00,3,TXN00901496,DR,MIDLGB22,BACS,434416.39,12.839671914188996,29.367903803657974
2026-08-07 14:02:00,4,TXN00901500,CR,NWBKGB2L,FPS,333030.64,9.843100429457522,22.513910672639792
2026-08-07 14:02:00,5,TXN00901488,DR,CITIGB2L,CHAPS,303327.36,8.96518610864819,20.505876238917992
2026-08-07 14:03:00,1,TXN00901520,CR,TSBSGB2A,CHAPS,601488.71,14.230932936433879,25.97652576510369
2026-08-07 14:03:00,2,TXN00901510,DR,CHASGB2L,FPS,445852.57,10.548656887020691,19.25505928788372
2026-08-07 14:03:00,3,TXN00901513,DR,HSBCGB2L,CHAPS,365531.86,8.648307606288965,15.786244398928579
2026-08-07 14:03:00,4,TXN00901507,DR,BOFAGB22,BACS,363276.72,8.594952080958707,15.688851544599
2026-08-07 14:03:00,5,TXN00901512,DR,BARCGB22,SWIFT,359257.02,8.49984791661856,15.51525254118963
2026-08-07 14:04:00,1,TXN00901531,CR,BNPAGB22,BACS,1234040.58,33.84913568772571,71.14316509268562
2026-08-07 14:04:00,2,TXN00901527,CR,NWBKGB2L,FPS,615825.93,16.891807127274436,35.502726990020584
2026-08-07 14:04:00,3,TXN00901526,DR,NTSBGB2L,CHAPS,286483.13,7.858093564163316,16.515920905825734
2026-08-07 14:04:00,4,TXN00901533,DR,NWBKGB2L,CHAPS,244755.25,6.713518016995219,14.110284086485665
2026-08-07 14:04:00,5,TXN00901528,DR,NWBKGB2L,FPS,216814.86,5.947126645750381,12.499504173134662
2026-08-07 14:05:00,1,TXN00901549,DR,TSBSGB2A,FPS,1928842.56,21.90406855836717,27.97554920119621
2026-08-07 14:05:00,2,TXN00901544,CR,COBAGB2X,BACS,1406012.27,15.966771884163244,20.392522569011838
2026-08-07 14:05:00,3,TXN00901543,CR,CITIGB2L,CHAPS,749139.34,8.50727778587068,10.865368122487745
2026-08-07 14:05:00,4,TXN00901542,CR,NTSBGB2L,FPS,726925.67,8.255017824014102,10.54318546698675
2026-08-07 14:05:00,5,TXN00901541,CR,HSBCGB2L,BACS,721388.28,8.192134842940511,10.462872262786604
2026-08-07 14:06:00,1,TXN00901562,DR,DEUTGB2L,CHAPS,1457261.01,31.152139864669675,52.798881105516145
2026-08-07 14:06:00,2,TXN00901565,CR,COBAGB2X,FPS,565639.77,12.091786651218772,20.494027329243853
2026-08-07 14:06:00,3,TXN00901569,CR,SANTGB2L,FPS,390509.69,8.347998332425567,14.148786354245466
2026-08-07 14:06:00,4,TXN00901574,CR,RBOSGB2L,SWIFT,362595.21,7.751265297476992,13.137400404488732
2026-08-07 14:06:00,5,TXN00901573,CR,BNPAGB22,CHAPS,278999.36,5.964221251533605,10.108589975350467
2026-08-07 14:07:00,1,TXN00901585,CR,DEUTGB2L,FPS,2521119.71,21.61122390707597,25.863136813504553
2026-08-07 14:07:00,2,TXN00901586,CR,CHASGB2L,FPS,1508338.31,12.92958712580553,15.473426318411608
2026-08-07 14:07:00,3,TXN00901589,CR,RBOSGB2L,CHAPS,1456485.24,12.485098789296,14.941486863775308
2026-08-07 14:07:00,4,TXN00901588,CR,BARCGB22,FPS,1062551.07,9.108266059477657,10.900277200540252
2026-08-07 14:07:00,5,TXN00901597,CR,DEUTGB2L,CHAPS,910728.19,7.806829145997208,9.342788319197016
2026-08-07 14:08:00,1,TXN00901607,DR,TSBSGB2A,CHAPS,2024066.62,25.432119390421715,33.50637425293077
2026-08-07 14:08:00,2,TXN00901616,DR,BOFAGB22,FPS,1265147.28,15.896402002532549,20.943232712744106
2026-08-07 14:08:00,3,TXN00901605,CR,CHASGB2L,FPS,694813.78,8.730239821389974,11.501938878263553
2026-08-07 14:08:00,4,TXN00901618,CR,MIDLGB22,BACS,599540.99,7.533150285899004,9.924794269327272
2026-08-07 14:08:00,5,TXN00901621,CR,BOFAGB22,CHAPS,550702.36,6.919499600317997,9.116320181265678
2026-08-07 14:09:00,1,TXN00901626,DR,BARCGB22,BACS,842600.13,27.9847672684686,77.54278701619432
2026-08-07 14:09:00,2,TXN00901635,DR,NWBKGB2L,BACS,517790.93,17.197076233270835,47.65125279995765
2026-08-07 14:09:00,3,TXN00901623,DR,CITIGB2L,CHAPS,509493.36,16.921494071488084,46.887644202767
2026-08-07 14:09:00,4,TXN00901627,CR,MIDLGB22,CHAPS,295338.85,9.808910167848131,27.179437467162224
2026-08-07 14:09:00,5,TXN00901628,DR,TSBSGB2A,INTERNAL,211797.71,7.034308934113985,19.491315194845377
2026-08-07 14:10:00,1,TXN00901644,DR,DEUTGB2L,INTERNAL,614395.9,14.199894060780021,25.573554170019232
2026-08-07 14:10:00,2,TXN00901636,DR,NWBKGB2L,INTERNAL,443441.51,10.248802871491044,18.457765550226043
2026-08-07 14:10:00,3,TXN00901647,DR,LOYDGB2L,CHAPS,386806.3,8.939852108456934,16.10038717112974
2026-08-07 14:10:00,4,TXN00901649,CR,HSBCGB2L,CHAPS,369183.08,8.532544935655455,15.366840005010683
2026-08-07 14:10:00,5,TXN00901652,DR,NWBKGB2L,SWIFT,353154.25,8.162087242304551,14.699657570546147
2026-08-07 14:11:00,1,TXN00901665,DR,NWBKGB2L,INTERNAL,865278.74,18.31280973467107,30.895159431335777
2026-08-07 14:11:00,2,TXN00901653,CR,BARCGB22,FPS,823373.66,17.425928176762724,29.398920048887895
2026-08-07 14:11:00,3,TXN00901662,DR,BNPAGB22,FPS,540827.65,11.446107937078494,19.310490018077488
2026-08-07 14:11:00,4,TXN00901654,CR,DEUTGB2L,SWIFT,419309.03,8.874280773868874,14.971614040637073
2026-08-07 14:11:00,5,TXN00901663,CR,MIDLGB22,CHAPS,326643.35,6.91309891613143,11.662945024438729
2026-08-07 14:12:00,1,TXN00901677,DR,BNPAGB22,CHAPS,1800360.79,34.18964010225697,53.970687692820945
2026-08-07 14:12:00,2,TXN00901681,DR,BOFAGB22,CHAPS,1236989.05,23.49096395835901,37.08209491553594
2026-08-07 14:12:00,3,TXN00901680,DR,NTSBGB2L,CHAPS,613827.84,11.65685958665306,18.40115094363884
2026-08-07 14:12:00,4,TXN00901675,DR,HSBCGB2L,FPS,495970.68,9.41870048751265,14.868063570233629
2026-08-07 14:12:00,5,TXN00901679,CR,NTSBGB2L,CHAPS,474748.7,9.015685790410023,14.231877278483022
2026-08-07 14:13:00,1,TXN00901686,DR,SANTGB2L,SWIFT,2590695.32,25.026797085415307,30.7621795980189
2026-08-07 14:13:00,2,TXN00901689,CR,BOFAGB22,CHAPS,1302459.59,12.582101654039048,15.465537578823461
2026-08-07 14:13:00,3,TXN00901701,DR,RBOSGB2L,FPS,1120553.56,10.824841637286685,13.305566886159138
2026-08-07 14:13:00,4,TXN00901704,DR,LOYDGB2L,BACS,768204.3,7.421055261814233,9.121735953331013
2026-08-07 14:13:00,5,TXN00901702,CR,HSBCGB2L,BACS,565434.69,5.462247583665959,6.71402899076922
2026-08-07 14:14:00,1,TXN00901713,CR,BARCGB22,BACS,1372558.26,25.412271658120872,39.62858202919281
2026-08-07 14:14:00,2,TXN00901707,DR,MIDLGB22,CHAPS,1333524.3,24.689576218284152,38.50159126248814
2026-08-07 14:14:00,3,TXN00901711,CR,CITIGB2L,FPS,1060475.32,19.634202571898598,30.618105207828847
2026-08-07 14:14:00,4,TXN00901705,CR,SANTGB2L,CHAPS,308885.83,5.71887609587089,8.918169675224064
2026-08-07 14:14:00,5,TXN00901709,DR,CHASGB2L,SWIFT,253467.09,4.6928241482976265,7.318116586006191
2026-08-07 14:15:00,1,TXN00901732,DR,NWBKGB2L,CHAPS,1131599.02,19.972197885767,29.944890717594227
2026-08-07 14:15:00,2,TXN00901719,DR,CHASGB2L,CHAPS,962823.44,16.993387174137805,25.478674143017678
2026-08-07 14:15:00,3,TXN00901730,CR,COBAGB2X,CHAPS,612702.8,10.813920258399943,16.213621666413246
2026-08-07 14:15:00,4,TXN00901717,CR,SANTGB2L,BACS,611028.87,10.784376170241469,16.169325365309252
2026-08-07 14:15:00,5,TXN00901716,CR,SANTGB2L,BACS,481728.22,8.502279665281346,12.747712439235931
2026-08-07 14:16:00,1,TXN00901742,DR,CITIGB2L,SWIFT,1379803.68,17.563572676142567,23.11569340514585
2026-08-07 14:16:00,2,TXN00901752,CR,NWBKGB2L,CHAPS,1231734.56,15.678795306790665,20.635108355039485
2026-08-07 14:16:00,3,TXN00901737,DR,TSBSGB2A,CHAPS,732068.22,9.318523766992943,12.26425524910244
2026-08-07 14:16:00,4,TXN00901740,DR,CHASGB2L,CHAPS,703840.57,8.959212953840368,11.791360653729448
2026-08-07 14:16:00,5,TXN00901743,DR,NWBKGB2L,FPS,633856.36,8.068381325881944,10.61892317946402
2026-08-07 14:17:00,1,TXN00901763,CR,HSBCGB2L,CHAPS,759149.43,18.65776890357275,34.92100035153119
2026-08-07 14:17:00,2,TXN00901759,CR,MIDLGB22,CHAPS,629255.49,15.465339299173857,28.945857454563235
2026-08-07 14:17:00,3,TXN00901754,DR,COBAGB2X,CHAPS,590554.72,14.514182656600443,27.16561558205794
2026-08-07 14:17:00,4,TXN00901764,DR,BOFAGB22,SWIFT,507545.6,12.474050744956989,23.34718222210627
2026-08-07 14:17:00,5,TXN00901757,DR,BOFAGB22,SWIFT,377056.1,9.266983942123776,17.344643465841738
2026-08-07 14:18:00,1,TXN00901774,CR,NTSBGB2L,SWIFT,1672428.24,21.29263662310413,28.135094514407168
2026-08-07 14:18:00,2,TXN00901769,DR,BNPAGB22,SWIFT,1118237.03,14.236912633267417,18.811990718692936
2026-08-07 14:18:00,3,TXN00901789,DR,SANTGB2L,CHAPS,870528.26,11.083191174960735,14.64481063328757
2026-08-07 14:18:00,4,TXN00901780,CR,BARCGB22,CHAPS,758714.21,9.659622809475831,12.763773952880493
2026-08-07 14:18:00,5,TXN00901778,DR,LOYDGB2L,BACS,606155.13,7.717306256632241,10.197287671333966
2026-08-07 14:19:00,1,TXN00901791,DR,CITIGB2L,CHAPS,609307.52,26.725654263509252,164.8349548162929
2026-08-07 14:19:00,2,TXN00901794,DR,MIDLGB22,BACS,359914.49,15.786692119222915,97.36707122354095
2026-08-07 14:19:00,3,TXN00901795,DR,CITIGB2L,FPS,322808.93,14.159155390620093,87.32896549651292
2026-08-07 14:19:00,4,TXN00901792,DR,CHASGB2L,BACS,259549.88,11.384465363262406,70.21559941090871
2026-08-07 14:19:00,5,TXN00901798,CR,COBAGB2X,CHAPS,190206.63,8.342908080319159,51.456284770306695
2026-08-07 14:20:00,1,TXN00901807,DR,TSBSGB2A,CHAPS,2315930.68,38.43403044805155,56.39021040198799
2026-08-07 14:20:00,2,TXN00901812,CR,NWBKGB2L,INTERNAL,1096253.44,18.192875311683014,26.69249242619952
2026-08-07 14:20:00,3,TXN00901810,CR,NWBKGB2L,CHAPS,539107.26,8.946755196319453,13.126632883778386
2026-08-07 14:20:00,4,TXN00901808,DR,MIDLGB22,INTERNAL,453885.52,7.532457705344493,11.051582930459613
2026-08-07 14:20:00,5,TXN00901811,CR,TSBSGB2A,CHAPS,426517.26,7.078267712857243,10.38519772598695
2026-08-07 14:21:00,1,TXN00901820,DR,SANTGB2L,FPS,1638897.42,37.6039407633635,67.1801387899408
2026-08-07 14:21:00,2,TXN00901830,CR,BOFAGB22,SWIFT,547729.33,12.567462141515103,22.45200459753075
2026-08-07 14:21:00,3,TXN00901825,DR,SANTGB2L,CHAPS,542242.8,12.441575587177606,22.227105929452325
2026-08-07 14:21:00,4,TXN00901832,DR,BNPAGB22,BACS,292760.34,6.717285870901035,12.00055600392016
2026-08-07 14:21:00,5,TXN00901819,DR,BARCGB22,FPS,273611.07,6.277912420217554,11.215607171475202
2026-08-07 14:22:00,1,TXN00901839,CR,HSBCGB2L,SWIFT,1041844.48,25.01245419630827,46.5530488549927
2026-08-07 14:22:00,2,TXN00901843,DR,RBOSGB2L,CHAPS,716005.53,17.189758996878716,31.99348948754323
2026-08-07 14:22:00,3,TXN00901838,CR,SANTGB2L,FPS,616825.91,14.808668776525233,27.56181683014276
2026-08-07 14:22:00,4,TXN00901845,DR,HSBCGB2L,INTERNAL,537808.38,12.91162714721179,24.03105287726291
2026-08-07 14:22:00,5,TXN00901836,CR,CITIGB2L,BACS,208379.48,5.002744938429328,9.311082699039664
2026-08-07 14:23:00,1,TXN00901862,CR,BNPAGB22,FPS,689406.18,19.665121668677244,44.44727330385257
2026-08-07 14:23:00,2,TXN00901860,DR,HSBCGB2L,CHAPS,524978.21,14.974859049065085,33.84630230387158
2026-08-07 14:23:00,3,TXN00901856,DR,BOFAGB22,SWIFT,480078.18,13.694098042720091,30.951515511038977
2026-08-07 14:23:00,4,TXN00901853,DR,BARCGB22,INTERNAL,338852.96,9.665687485121504,21.846468105260417
2026-08-07 14:23:00,5,TXN00901864,DR,NWBKGB2L,CHAPS,293954.53,8.384972118336444,18.951784467344826
2026-08-07 14:24:00,1,TXN00901872,DR,SANTGB2L,SWIFT,396872.12,18.93907574253646,281.7600998411578
2026-08-07 14:24:00,2,TXN00901868,CR,COBAGB2X,SWIFT,361953.0,17.272705581430863,256.9692056418742
2026-08-07 14:24:00,3,TXN00901867,DR,CHASGB2L,CHAPS,297215.61,14.183382167671986,211.00877518922368
2026-08-07 14:24:00,4,TXN00901878,DR,TSBSGB2A,FPS,211291.9,10.08302951057494,150.00707744254728
2026-08-07 14:24:00,5,TXN00901875,DR,HSBCGB2L,CHAPS,178315.14,8.509350423761166,126.59516533837153
2026-08-07 14:25:00,1,TXN00901897,CR,SANTGB2L,CHAPS,2250283.79,20.231359666803296,24.544750630324874
2026-08-07 14:25:00,2,TXN00901895,DR,BARCGB22,CHAPS,1550332.5,13.938390593230164,16.91010030632098
2026-08-07 14:25:00,3,TXN00901890,DR,BARCGB22,CHAPS,1088917.91,9.79000514634367,11.877265737155996
2026-08-07 14:25:00,4,TXN00901885,DR,NTSBGB2L,CHAPS,1050217.1,9.44206236242191,11.455140432399846
2026-08-07 14:25:00,5,TXN00901886,DR,NTSBGB2L,CHAPS,952135.34,8.560250311812469,10.38532321588629
2026-08-07 14:26:00,1,TXN00901905,CR,SANTGB2L,SWIFT,1256485.83,23.503124312189165,37.04948322065279
2026-08-07 14:26:00,2,TXN00901910,CR,TSBSGB2A,BACS,1211750.64,22.666332757047307,35.73039498924972
2026-08-07 14:26:00,3,TXN00901904,CR,CHASGB2L,CHAPS,736552.56,13.777542067578404,21.71842376674384
2026-08-07 14:26:00,4,TXN00901913,DR,TSBSGB2A,FPS,722216.08,13.509371855392873,21.29568985083233
2026-08-07 14:26:00,5,TXN00901912,CR,NWBKGB2L,CHAPS,327424.8,6.124625995419044,9.654641018614269
2026-08-07 14:27:00,1,TXN00901917,DR,NWBKGB2L,FPS,2363513.08,41.885315472274236,64.08388848103256
2026-08-07 14:27:00,2,TXN00901926,CR,CHASGB2L,SWIFT,579630.99,10.27200868025517,15.71601529842623
2026-08-07 14:27:00,3,TXN00901920,DR,CITIGB2L,SWIFT,525231.02,9.307952282846845,14.241023837472895
2026-08-07 14:27:00,4,TXN00901921,DR,BOFAGB22,CHAPS,502858.5,8.911474655521946,13.634419165448117
2026-08-07 14:27:00,5,TXN00901918,DR,TSBSGB2A,CHAPS,476785.48,8.449418118896004,12.927479770789159
2026-08-07 14:28:00,1,TXN00901928,DR,HSBCGB2L,CHAPS,1516933.95,43.175424198014525,97.31705153661964
2026-08-07 14:28:00,2,TXN00901930,DR,LOYDGB2L,FPS,1015381.74,28.900096373621338,65.14057986567083
2026-08-07 14:28:00,3,TXN00901934,CR,BOFAGB22,FPS,241971.57,6.88706662449579,15.52339160718683
2026-08-07 14:28:00,4,TXN00901933,DR,COBAGB2X,CHAPS,202809.76,5.772431567964787,13.01101334441718
2026-08-07 14:28:00,5,TXN00901936,DR,HSBCGB2L,SWIFT,194578.62,5.538154418894951,12.482954574564259
2026-08-07 14:29:00,1,TXN00901950,CR,SANTGB2L,CHAPS,1030944.82,16.42392018805468,23.851057802351324
2026-08-07 14:29:00,2,TXN00901941,CR,CITIGB2L,BACS,743551.26,11.845470594602235,17.202166146264897
2026-08-07 14:29:00,3,TXN00901955,DR,BNPAGB22,FPS,650493.38,10.362971081204835,15.049258607678812
2026-08-07 14:29:00,4,TXN00901943,DR,COBAGB2X,BACS,461848.15,7.3576752193203765,10.684923875517434
2026-08-07 14:29:00,5,TXN00901949,DR,CHASGB2L,FPS,401790.27,6.400896729678452,9.295476118879325
2026-08-07 14:30:00,1,TXN00901963,CR,NWBKGB2L,CHAPS,523353.74,24.576154294413367,91.37109081213244
2026-08-07 14:30:00,2,TXN00901959,CR,BNPAGB22,BACS,255636.13,12.004410198934881,44.63090690646845
2026-08-07 14:30:00,3,TXN00901973,CR,HSBCGB2L,CHAPS,203214.13,9.542726901473898,35.47867399693845
2026-08-07 14:30:00,4,TXN00901971,DR,NWBKGB2L,FPS,175201.99,8.227305567603793,30.588100772445646
2026-08-07 14:30:00,5,TXN00901960,DR,DEUTGB2L,FPS,166425.96,7.815192209299712,29.055914465532087
2026-08-07 14:31:00,1,TXN00901983,CR,LOYDGB2L,INTERNAL,1627619.89,25.228477607115146,33.252167957567316
2026-08-07 14:31:00,2,TXN00901985,DR,RBOSGB2L,INTERNAL,1249648.06,19.369828479108154,25.53022817813326
2026-08-07 14:31:00,3,TXN00901990,CR,RBOSGB2L,FPS,1154610.12,17.896718844698153,23.588609276424457
2026-08-07 14:31:00,4,TXN00901982,CR,BNPAGB22,CHAPS,726794.67,11.2654822970157,14.84836759859497
2026-08-07 14:31:00,5,TXN00901984,CR,SANTGB2L,INTERNAL,633275.34,9.81591146218312,12.937773799916851
2026-08-07 14:32:00,1,TXN00901998,CR,COBAGB2X,CHAPS,1130634.63,29.8226720054068,50.600099752840315
2026-08-07 14:32:00,2,TXN00902002,DR,BARCGB22,FPS,959342.27,25.304505186730765,42.934130329190666
2026-08-07 14:32:00,3,TXN00901995,DR,CITIGB2L,FPS,286479.68,7.556454849480331,12.821029889347873
2026-08-07 14:32:00,4,TXN00902003,CR,TSBSGB2A,FPS,279335.04,7.368001170755923,12.50128070857306
2026-08-07 14:32:00,5,TXN00901997,DR,RBOSGB2L,SWIFT,177126.42,4.672051418725719,7.927065280906432
2026-08-07 14:33:00,1,TXN00902008,DR,COBAGB2X,BACS,701014.22,23.990967395773083,51.346869722267606
2026-08-07 14:33:00,2,TXN00902011,DR,COBAGB2X,SWIFT,401551.14,13.74237502268572,29.41223370962153
2026-08-07 14:33:00,3,TXN00902020,DR,TSBSGB2A,CHAPS,338697.8,11.591331024383603,24.808443702923245
2026-08-07 14:33:00,4,TXN00902012,CR,RBOSGB2L,CHAPS,259387.16,8.877065144901307,18.99921332858124
2026-08-07 14:33:00,5,TXN00902007,CR,BOFAGB22,CHAPS,193829.77,6.63347983497424,14.197361001446012
2026-08-07 14:34:00,1,TXN00902027,CR,CITIGB2L,SWIFT,877485.08,29.813634570571732,63.28805573592246
2026-08-07 14:34:00,2,TXN00902036,CR,COBAGB2X,CHAPS,286591.72,9.737306087337249,20.67024632352026
2026-08-07 14:34:00,3,TXN00902034,DR,CHASGB2L,BACS,249223.91,8.467688794194721,17.975116690080387
2026-08-07 14:34:00,4,TXN00902037,CR,LOYDGB2L,SWIFT,200184.4,6.801511141738342,14.438173085133478
2026-08-07 14:34:00,5,TXN00902029,CR,COBAGB2X,BACS,199734.33,6.786219460071028,14.405712071386022
2026-08-07 14:35:00,1,TXN00902048,DR,CITIGB2L,BACS,997129.52,13.902976380448727,17.784319823284836
2026-08-07 14:35:00,2,TXN00902047,DR,CITIGB2L,BACS,981205.26,13.680944431523853,17.50030242423206
2026-08-07 14:35:00,3,TXN00902061,DR,SANTGB2L,CHAPS,922773.67,12.86623280244475,16.458144847407887
2026-08-07 14:35:00,4,TXN00902058,DR,RBOSGB2L,SWIFT,598638.69,8.346818944336105,10.677030122979676
2026-08-07 14:35:00,5,TXN00902060,DR,NTSBGB2L,CHAPS,531984.93,7.417465603209371,9.488225898966263
2026-08-07 14:36:00,1,TXN00902065,CR,MIDLGB22,CHAPS,904546.82,26.844213841946203,50.21273500094473
2026-08-07 14:36:00,2,TXN00902063,CR,BARCGB22,CHAPS,848995.69,25.19562431632966,47.12900941812412
2026-08-07 14:36:00,3,TXN00902069,DR,NWBKGB2L,CHAPS,305285.75,9.059957732092771,16.946864579452797
2026-08-07 14:36:00,4,TXN00902067,CR,SANTGB2L,BACS,283166.39,8.40352202665633,15.718986113117026
2026-08-07 14:36:00,5,TXN00902066,CR,DEUTGB2L,FPS,276212.92,8.197164067624913,15.332988684651113
2026-08-07 14:37:00,1,TXN00902074,DR,BOFAGB22,SWIFT,882788.48,20.180568472772556,31.457812247426688
2026-08-07 14:37:00,2,TXN00902072,CR,DEUTGB2L,CHAPS,827628.46,18.919608927209044,29.492207131324243
2026-08-07 14:37:00,3,TXN00902084,CR,DEUTGB2L,CHAPS,561095.98,12.826669242656429,19.9944294601872
2026-08-07 14:37:00,4,TXN00902078,DR,TSBSGB2A,SWIFT,475269.47,10.864672908229752,16.936036313244585
2026-08-07 14:37:00,5,TXN00902077,DR,CITIGB2L,CHAPS,372135.76,8.507033514808954,13.260908058783729
2026-08-07 14:38:00,1,TXN00902106,DR,BOFAGB22,INTERNAL,1667554.58,20.751203112265493,25.78258663599536
2026-08-07 14:38:00,2,TXN00902090,CR,NTSBGB2L,FPS,1380018.61,17.173078961419243,21.336902430870296
2026-08-07 14:38:00,3,TXN00902096,CR,COBAGB2X,CHAPS,580761.43,7.227048840404229,8.97933540731216
2026-08-07 14:38:00,4,TXN00902101,DR,NWBKGB2L,CHAPS,530126.0,6.596936875729043,8.196445074075882
2026-08-07 14:38:00,5,TXN00902105,CR,MIDLGB22,FPS,489137.47,6.086871825082733,7.562708500483733
2026-08-07 14:39:00,1,TXN00902122,CR,BOFAGB22,CHAPS,1466276.15,26.636903589201204,37.248286321895954
2026-08-07 14:39:00,2,TXN00902119,DR,CITIGB2L,CHAPS,675672.2,12.274505896657647,17.164318989533687
2026-08-07 14:39:00,3,TXN00902121,DR,HSBCGB2L,FPS,665357.54,12.087126047387516,16.90229235219596
2026-08-07 14:39:00,4,TXN00902115,DR,BARCGB22,CHAPS,544845.45,9.897859774002969,13.84088483112969
2026-08-07 14:39:00,5,TXN00902113,DR,MIDLGB22,SWIFT,365599.11,6.641605843051983,9.287432199119063
2026-08-07 14:40:00,1,TXN00902127,DR,BNPAGB22,CHAPS,711244.41,19.825840034204017,35.222758530423434
2026-08-07 14:40:00,2,TXN00902136,DR,DEUTGB2L,CHAPS,585225.75,16.313087231711346,28.981971581380797
2026-08-07 14:40:00,3,TXN00902129,CR,BOFAGB22,SWIFT,552700.57,15.406452315925236,27.37123616442538
2026-08-07 14:40:00,4,TXN00902135,DR,BARCGB22,CHAPS,524928.6,14.632312474664886,25.995892640496436
2026-08-07 14:40:00,5,TXN00902133,DR,DEUTGB2L,CHAPS,334198.12,9.315726596503891,16.550400279534674
2026-08-07 14:41:00,1,TXN00902145,CR,TSBSGB2A,FPS,652499.3,27.963042597603426,86.19703909064893
2026-08-07 14:41:00,2,TXN00902150,DR,NTSBGB2L,CHAPS,365712.5,15.67271293007677,48.31167582622532
2026-08-07 14:41:00,3,TXN00902141,CR,MIDLGB22,CHAPS,290866.27,12.465156511610079,38.42427301506874
2026-08-07 14:41:00,4,TXN00902142,DR,BOFAGB22,BACS,269319.64,11.541769570773821,35.57790105975515
2026-08-07 14:41:00,5,TXN00902148,CR,BNPAGB22,FPS,139224.15,5.966490442311782,18.39191168467517
2026-08-07 14:42:00,1,TXN00902160,DR,LOYDGB2L,CHAPS,3324976.11,40.71174607807739,50.58100167718245
2026-08-07 14:42:00,2,TXN00902155,CR,HSBCGB2L,BACS,1120805.27,13.723388693824623,17.05018363024116
2026-08-07 14:42:00,3,TXN00902159,DR,BOFAGB22,CHAPS,609936.85,7.468202278560846,9.27862812007554
2026-08-07 14:42:00,4,TXN00902163,CR,TSBSGB2A,CHAPS,433040.33,5.302241993109189,6.587600311515514
2026-08-07 14:42:00,5,TXN00902166,CR,BOFAGB22,SWIFT,349650.77,4.281201696888054,5.3190415806621045
2026-08-07 14:43:00,1,TXN00902173,DR,RBOSGB2L,CHAPS,4073363.3,48.86541518780395,60.414757535590745
2026-08-07 14:43:00,2,TXN00902182,DR,COBAGB2X,BACS,1214875.09,14.574043929293195,18.018619649855193
2026-08-07 14:43:00,3,TXN00902183,DR,NTSBGB2L,CHAPS,795204.61,9.539537862214676,11.794207922562174
2026-08-07 14:43:00,4,TXN00902172,CR,MIDLGB22,SWIFT,667845.69,8.011698078400078,9.905263159939429
2026-08-07 14:43:00,5,TXN00902177,DR,BNPAGB22,FPS,341101.11,4.091961883481099,5.059097197583841
2026-08-07 14:44:00,1,TXN00902188,DR,BOFAGB22,CHAPS,1225938.61,75.25580551187616,3455.4565878624935
2026-08-07 14:44:00,2,TXN00902187,CR,CITIGB2L,BACS,236782.47,14.53519398572629,667.4000958758066
2026-08-07 14:44:00,3,TXN00902190,CR,NWBKGB2L,FPS,123774.86,7.598077681409919,348.8744476354797
2026-08-07 14:44:00,4,TXN00902191,DR,TSBSGB2A,CHAPS,26030.6,1.5979215883880542,73.37040168431714
2026-08-07 14:44:00,5,TXN00902189,DR,BARCGB22,BACS,16502.08,1.0130012325995845,46.51311296039032
2026-08-07 14:45:00,1,TXN00902193,DR,DEUTGB2L,SWIFT,654596.73,35.857148744155154,208.2155375465326
2026-08-07 14:45:00,2,TXN00902195,DR,NWBKGB2L,CHAPS,200325.79,10.973338729205672,63.720058682975406
2026-08-07 14:45:00,3,TXN00902194,DR,DEUTGB2L,CHAPS,186073.33,10.192625116123429,59.186605513631804
2026-08-07 14:45:00,4,TXN00902200,DR,LOYDGB2L,FPS,158198.92,8.665735628720146,50.3202531535422
2026-08-07 14:45:00,5,TXN00902197,CR,NWBKGB2L,CHAPS,136859.57,7.496820154526458,43.53258675144513
2026-08-07 14:49:00,1,TXN00902235,DR,TSBSGB2A,BACS,14115808.96,79.91686522562492,87.25828143651925
2026-08-07 14:49:00,2,TXN00902233,DR,CHASGB2L,CHAPS,1776859.29,10.05971565683683,10.98383298040283
2026-08-07 14:49:00,3,TXN00902234,CR,BOFAGB22,SWIFT,1012914.44,5.734630371943582,6.261431670483184
2026-08-07 14:49:00,4,TXN00902238,CR,BNPAGB22,BACS,395365.76,2.238369210456272,2.4439928915305558
2026-08-07 14:49:00,5,TXN00902232,CR,TSBSGB2A,CHAPS,173295.59,0.9811155952499625,1.0712439794826787
2026-08-07 16:47:00,1,TXN00903084,CR,BNPAGB22,FPS,26816049.01,98.37058004891541,106.63721904696727
2026-08-07 16:47:00,2,TXN00903082,CR,CITIGB2L,CHAPS,312714.6,1.1471457476935958,1.2435469254605434
2026-08-07 16:47:00,3,TXN00903081,DR,LOYDGB2L,BACS,67603.79,0.2479941781626788,0.2688345385983904
2026-08-07 16:47:00,4,TXN00903083,CR,HSBCGB2L,FPS,55974.64,0.2053344175637462,0.22258983583037298
2026-08-07 16:47:00,5,TXN00903080,DR,BOFAGB22,FPS,7890.64,0.02894560766456378,0.03137807160879595
2026-08-10 12:03:00,1,TXN00906733,CR,HSBCGB2L,FPS,217219.91,19.681349380401926,
2026-08-10 12:03:00,2,TXN00906732,DR,BARCGB22,BACS,208865.98,18.924436190310736,
2026-08-10 12:03:00,3,TXN00906738,DR,COBAGB2X,FPS,164389.92,14.894654224542872,
2026-08-10 12:03:00,4,TXN00906735,DR,BOFAGB22,BACS,151072.51,13.688021742962068,
2026-08-10 12:03:00,5,TXN00906730,DR,SANTGB2L,FPS,128360.99,11.63022989469187,
2026-08-10 12:04:00,1,TXN00906743,DR,LOYDGB2L,SWIFT,1924889.48,62.47293707653675,137.9675804849582
2026-08-10 12:04:00,2,TXN00906740,DR,CITIGB2L,BACS,527258.32,17.112346548042062,37.79154879113571
2026-08-10 12:04:00,3,TXN00906739,CR,BNPAGB22,CHAPS,410493.29,13.322698130445678,29.422346900981708
2026-08-10 12:04:00,4,TXN00906741,CR,TSBSGB2A,BACS,128692.47,4.176757504297906,9.224108135565825
2026-08-10 12:04:00,5,TXN00906742,DR,BNPAGB22,INTERNAL,89823.77,2.9152607406775948,6.438171305781865
2026-08-10 15:15:00,1,TXN00908272,DR,NTSBGB2L,CHAPS,310679.39,42.95494635584745,
2026-08-10 15:15:00,2,TXN00908276,DR,RBOSGB2L,CHAPS,128443.47,17.758765277635252,
2026-08-10 15:15:00,3,TXN00908278,CR,SANTGB2L,INTERNAL,84505.52,11.683845775456794,
2026-08-10 15:15:00,4,TXN00908273,DR,HSBCGB2L,INTERNAL,71188.41,9.842604405487194,
2026-08-10 15:15:00,5,TXN00908277,CR,CHASGB2L,BACS,50509.93,6.983570212325992,
2026-08-10 15:16:00,1,TXN00908280,CR,NWBKGB2L,SWIFT,280618.82,55.890233366705225,
2026-08-10 15:16:00,2,TXN00908281,DR,NTSBGB2L,FPS,84457.2,16.821154823110213,
2026-08-10 15:16:00,3,TXN00908279,DR,NTSBGB2L,BACS,73884.02,14.715317810367516,
2026-08-10 15:16:00,4,TXN00908283,CR,MIDLGB22,SWIFT,38046.19,7.577576007959861,
2026-08-10 15:16:00,5,TXN00908282,DR,SANTGB2L,FPS,25082.96,4.995717991857184,
2026-08-10 15:17:00,1,TXN00908285,DR,SANTGB2L,CHAPS,938276.59,73.37227277634258,
2026-08-10 15:17:00,2,TXN00908284,DR,MIDLGB22,SWIFT,306731.87,23.986119524561147,
2026-08-10 15:17:00,3,TXN00908286,DR,NTSBGB2L,INTERNAL,21240.73,1.6610034313321653,
2026-08-10 15:17:00,4,TXN00908287,DR,CITIGB2L,CHAPS,12539.86,0.9806042677641007,
2026-08-10 15:23:00,1,TXN00908326,CR,NTSBGB2L,CHAPS,5639572.37,68.84862791133315,82.25922522310017
2026-08-10 15:23:00,2,TXN00908327,CR,MIDLGB22,CHAPS,968977.76,11.829405649172841,14.133582223365476
2026-08-10 15:23:00,3,TXN00908328,CR,CHASGB2L,SWIFT,928783.75,11.338711983554644,13.547309381332678
2026-08-10 15:23:00,4,TXN00908323,CR,SANTGB2L,CHAPS,224737.17,2.7436203988594303,3.2780332036118818
2026-08-10 15:23:00,5,TXN00908331,CR,CHASGB2L,BACS,214483.41,2.6184411723834145,3.128471091826513
2026-08-10 15:24:00,1,TXN00908333,DR,COBAGB2X,FPS,1024923.89,77.44257454131191,
2026-08-10 15:24:00,2,TXN00908332,CR,DEUTGB2L,CHAPS,214716.29,16.223821549870348,
2026-08-10 15:24:00,3,TXN00908334,CR,TSBSGB2A,FPS,83822.91,6.333603908817736,
2026-08-11 06:45:00,1,TXN00909550,DR,TSBSGB2A,CHAPS,382557.02,56.91795981982683,
2026-08-11 06:45:00,2,TXN00909551,CR,LOYDGB2L,BACS,289563.03,43.08204018017317,
2026-08-11 09:59:00,1,TXN00911581,DR,SANTGB2L,CHAPS,11299128.75,94.58383631852516,123.67534472943305
2026-08-11 09:59:00,2,TXN00911579,CR,NTSBGB2L,BACS,256446.24,2.1466849104326933,2.80694891069074
2026-08-11 09:59:00,3,TXN00911577,DR,CHASGB2L,CHAPS,189141.76,1.5832860802509015,2.070263370592329
2026-08-11 09:59:00,4,TXN00911582,DR,SANTGB2L,CHAPS,95416.62,0.7987226420574165,1.044388787181252
2026-08-11 09:59:00,5,TXN00911578,CR,SANTGB2L,BACS,46746.89,0.3913133737997366,0.5116711087816295
2026-08-11 14:41:00,1,TXN00914194,DR,SANTGB2L,CHAPS,7415321.86,73.78124301145222,87.33388595438763
2026-08-11 14:41:00,2,TXN00914196,CR,LOYDGB2L,FPS,856228.32,8.519332126631046,10.084221273410364
2026-08-11 14:41:00,3,TXN00914200,DR,NTSBGB2L,CHAPS,495054.98,4.9257163037572615,5.83050553714895
2026-08-11 14:41:00,4,TXN00914199,DR,NWBKGB2L,CHAPS,383454.82,3.8153129145944678,4.516135664884037
2026-08-11 14:41:00,5,TXN00914193,CR,NWBKGB2L,CHAPS,270594.99,2.692376014393458,3.1869300406184475
2026-08-12 16:00:00,1,TXN00920571,DR,SANTGB2L,FPS,182240.4,64.01996361788302,
2026-08-12 16:00:00,2,TXN00920572,DR,MIDLGB22,FPS,102421.43,35.98003638211699,
2026-08-12 16:01:00,1,TXN00920574,DR,DEUTGB2L,CHAPS,520204.06,49.94752430383685,
2026-08-12 16:01:00,2,TXN00920573,DR,TSBSGB2A,CHAPS,194831.13,18.706760191027723,
2026-08-12 16:01:00,3,TXN00920577,DR,HSBCGB2L,CHAPS,104412.24,10.025167614066769,
2026-08-12 16:01:00,4,TXN00920578,DR,COBAGB2X,CHAPS,91869.01,8.820826215282578,
2026-08-12 16:01:00,5,TXN00920576,DR,NWBKGB2L,FPS,79535.66,7.636636497746105,
2026-08-12 16:02:00,1,TXN00920580,DR,BOFAGB22,BACS,140129.79,24.11826549394774,
2026-08-12 16:02:00,2,TXN00920581,CR,BOFAGB22,CHAPS,137554.13,23.674958958612592,
2026-08-12 16:02:00,3,TXN00920582,CR,NTSBGB2L,CHAPS,106226.53,18.283047830449217,
2026-08-12 16:02:00,4,TXN00920583,CR,NWBKGB2L,FPS,94494.66,16.263831535323956,
2026-08-12 16:02:00,5,TXN00920579,CR,HSBCGB2L,INTERNAL,63174.33,10.873171674219074,
2026-08-12 16:03:00,1,TXN00920585,DR,NWBKGB2L,CHAPS,522672.2,46.367613511107486,4739.208715128743
2026-08-12 16:03:00,2,TXN00920587,CR,NTSBGB2L,CHAPS,423308.91,37.55283700699632,3838.2551730580826
2026-08-12 16:03:00,3,TXN00920586,DR,TSBSGB2A,BACS,181254.39,16.079549481896198,1643.4820614973287
2026-08-12 16:04:00,1,TXN00920588,DR,RBOSGB2L,CHAPS,300211.28,100.0,
2026-08-12 16:05:00,1,TXN00920590,CR,NTSBGB2L,SWIFT,153676.36,36.66215869842245,
2026-08-12 16:05:00,2,TXN00920592,DR,MIDLGB22,SWIFT,100697.25,24.02307394575666,
2026-08-12 16:05:00,3,TXN00920589,DR,BNPAGB22,SWIFT,89420.53,21.33281697820697,
2026-08-12 16:05:00,4,TXN00920591,CR,MIDLGB22,BACS,75374.74,17.981950377613913,
2026-08-12 16:06:00,1,TXN00920594,CR,DEUTGB2L,CHAPS,128805.28,43.73747628875697,
2026-08-12 16:06:00,2,TXN00920595,DR,CHASGB2L,FPS,124384.51,42.236347429341826,
2026-08-12 16:06:00,3,TXN00920593,CR,TSBSGB2A,FPS,41306.58,14.0261762819012,
2026-08-12 16:07:00,1,TXN00920600,DR,BOFAGB22,FPS,227427.4,28.124295547469853,
2026-08-12 16:07:00,2,TXN00920596,DR,MIDLGB22,BACS,187928.7,23.23977805951173,
2026-08-12 16:07:00,3,TXN00920602,CR,LOYDGB2L,BACS,118117.76,14.606765902635798,
2026-08-12 16:07:00,4,TXN00920599,CR,COBAGB2X,INTERNAL,108639.37,13.43464221976301,
2026-08-12 16:07:00,5,TXN00920601,DR,MIDLGB22,SWIFT,73698.84,9.113800525643319,
2026-08-12 16:08:00,1,TXN00920606,CR,LOYDGB2L,SWIFT,426339.02,41.62891464311911,
2026-08-12 16:08:00,2,TXN00920605,CR,CHASGB2L,CHAPS,271070.83,26.468101475463005,
2026-08-12 16:08:00,3,TXN00920604,DR,RBOSGB2L,CHAPS,247239.58,24.141152672867285,
2026-08-12 16:08:00,4,TXN00920607,DR,CITIGB2L,CHAPS,79492.14,7.761831208550591,
2026-08-12 16:09:00,1,TXN00920609,DR,MIDLGB22,CHAPS,368255.67,26.27912388569667,113.10238305221019
2026-08-12 16:09:00,2,TXN00920615,CR,CITIGB2L,CHAPS,303538.25,21.660818625813874,93.22571848655457
2026-08-12 16:09:00,3,TXN00920608,DR,BNPAGB22,CHAPS,270148.26,19.278072736925935,82.97064912376793
2026-08-12 16:09:00,4,TXN00920612,CR,HSBCGB2L,CHAPS,182298.87,13.009045017426377,55.98946141066903
2026-08-12 16:09:00,5,TXN00920613,CR,HSBCGB2L,BACS,151039.83,10.778366030982127,46.388870832051836
2026-08-12 16:10:00,1,TXN00920616,DR,DEUTGB2L,FPS,163594.23,42.14441923160956,
2026-08-12 16:10:00,2,TXN00920617,DR,LOYDGB2L,FPS,135692.18,34.95641698592319,
2026-08-12 16:10:00,3,TXN00920618,CR,MIDLGB22,CHAPS,47196.73,12.15861204567596,
2026-08-12 16:10:00,4,TXN00920619,DR,RBOSGB2L,BACS,41692.17,10.740551736791296,
2026-08-12 16:11:00,1,TXN00920621,CR,SANTGB2L,CHAPS,446913.73,69.51623074013146,
2026-08-12 16:11:00,2,TXN00920622,CR,RBOSGB2L,CHAPS,187597.1,29.18022520762456,
2026-08-12 16:11:00,3,TXN00920620,DR,COBAGB2X,FPS,8380.37,1.303544052243988,
2026-08-12 16:12:00,1,TXN00920628,CR,BNPAGB22,FPS,127457.78,32.312412165102415,
2026-08-12 16:12:00,2,TXN00920624,CR,SANTGB2L,CHAPS,121825.37,30.884513817878386,
2026-08-12 16:12:00,3,TXN00920626,DR,BARCGB22,FPS,99307.13,25.175810495784624,
2026-08-12 16:12:00,4,TXN00920625,DR,HSBCGB2L,FPS,24765.52,6.278421683816298,
2026-08-12 16:12:00,5,TXN00920627,CR,CITIGB2L,CHAPS,11713.29,2.9694904013656327,
2026-08-12 16:59:00,1,TXN00920990,DR,NWBKGB2L,CHAPS,15000140.69,82.71948832842634,94.13622983483909
2026-08-12 16:59:00,2,TXN00920994,DR,COBAGB2X,SWIFT,765876.96,4.223490403391053,4.806406221231773
2026-08-12 16:59:00,3,TXN00920991,DR,RBOSGB2L,CHAPS,642836.11,3.5449716904112574,4.034240014657749
2026-08-12 16:59:00,4,TXN00920993,CR,LOYDGB2L,FPS,412965.64,2.2773324026750252,2.591644252166772
2026-08-12 16:59:00,5,TXN00920995,CR,COBAGB2X,CHAPS,407221.19,2.245654168813858,2.5555938659303785
2026-08-12 17:58:00,1,TXN00921563,CR,NWBKGB2L,CHAPS,241818.13,29.348620997980497,
2026-08-12 17:58:00,2,TXN00921562,CR,LOYDGB2L,FPS,194339.71,23.586331155763382,
2026-08-12 17:58:00,3,TXN00921560,CR,BOFAGB22,CHAPS,151270.21,18.359136519560874,
2026-08-12 17:58:00,4,TXN00921559,DR,DEUTGB2L,SWIFT,138549.51,16.815269634439357,
2026-08-12 17:58:00,5,TXN00921561,DR,CITIGB2L,INTERNAL,97973.01,11.890641692255883,
2026-08-12 17:59:00,1,TXN00921566,CR,CHASGB2L,BACS,347313.47,52.347454912095856,
2026-08-12 17:59:00,2,TXN00921564,CR,BNPAGB22,BACS,146825.57,22.129705782841576,
2026-08-12 17:59:00,3,TXN00921565,DR,TSBSGB2A,FPS,66040.98,9.953766615791274,
2026-08-12 17:59:00,4,TXN00921569,CR,RBOSGB2L,BACS,50324.82,7.585010296057161,
2026-08-12 17:59:00,5,TXN00921568,DR,BNPAGB22,CHAPS,35895.22,5.410165665356318,
2026-08-12 18:00:00,1,TXN00921573,CR,SANTGB2L,CHAPS,462126.42,48.580709664195396,
2026-08-12 18:00:00,2,TXN00921572,DR,NWBKGB2L,INTERNAL,161430.17,16.970231262284695,
2026-08-12 18:00:00,3,TXN00921574,DR,RBOSGB2L,CHAPS,140230.3,14.74161007808863,
2026-08-12 18:00:00,4,TXN00921571,DR,BARCGB22,CHAPS,113214.58,11.901601818683778,
2026-08-12 18:00:00,5,TXN00921575,CR,BNPAGB22,FPS,49984.57,5.254592201977224,
2026-08-13 06:39:00,1,TXN00921606,DR,CITIGB2L,BACS,144787.41,56.383293781764365,
2026-08-13 06:39:00,2,TXN00921608,CR,NWBKGB2L,INTERNAL,93883.84,36.56036206518343,
2026-08-13 06:39:00,3,TXN00921607,DR,BARCGB22,CHAPS,18120.08,7.056344153052209,
2026-08-13 06:56:00,1,TXN00921653,CR,SANTGB2L,CHAPS,370902.03,64.58568457865107,
2026-08-13 06:56:00,2,TXN00921652,DR,BOFAGB22,SWIFT,110124.82,19.176187546885963,
2026-08-13 06:56:00,3,TXN00921651,DR,COBAGB2X,CHAPS,93252.16,16.238127874462972,
2026-08-13 06:57:00,1,TXN00921656,CR,BNPAGB22,BACS,137924.11,46.80379035607996,
2026-08-13 06:57:00,2,TXN00921654,DR,RBOSGB2L,CHAPS,96724.74,32.82301008290967,
2026-08-13 06:57:00,3,TXN00921655,DR,BNPAGB22,BACS,60036.92,20.37319956101036,
2026-08-13 06:58:00,1,TXN00921657,CR,RBOSGB2L,CHAPS,734192.63,59.04567843502065,116.65781965859937
2026-08-13 06:58:00,2,TXN00921658,DR,MIDLGB22,BACS,314224.23,25.270728801884008,49.92792362367114
2026-08-13 06:58:00,3,TXN00921659,CR,NTSBGB2L,FPS,158449.82,12.742946111849289,25.176513317080737
2026-08-13 06:58:00,4,TXN00921660,CR,TSBSGB2A,BACS,36564.93,2.940646651246063,5.809898976743078
2026-08-13 06:59:00,1,TXN00921661,DR,MIDLGB22,INTERNAL,1941555.31,72.95118040928057,94.83173449552525
2026-08-13 06:59:00,2,TXN00921663,CR,LOYDGB2L,INTERNAL,586123.2,22.022745932107817,28.628120660681898
2026-08-13 06:59:00,3,TXN00921662,CR,BOFAGB22,CHAPS,114757.62,4.31185441735351,5.605127031471681
2026-08-13 06:59:00,4,TXN00921664,CR,SANTGB2L,BACS,19008.55,0.7142192412580974,0.9284380194890851
2026-08-13 07:00:00,1,TXN00921666,CR,HSBCGB2L,CHAPS,352565.34,49.18747377415828,
2026-08-13 07:00:00,2,TXN00921667,CR,BNPAGB22,FPS,337828.67,47.1315156668088,
2026-08-13 07:00:00,3,TXN00921665,DR,CITIGB2L,SWIFT,26384.7,3.6810105590329267,
2026-08-13 07:01:00,1,TXN00921670,CR,BOFAGB22,CHAPS,279556.85,53.40583421947657,
2026-08-13 07:01:00,2,TXN00921671,DR,TSBSGB2A,CHAPS,140380.57,26.81794936899463,
2026-08-13 07:01:00,3,TXN00921668,DR,NWBKGB2L,CHAPS,69820.57,13.338345265119992,
2026-08-13 07:01:00,4,TXN00921669,CR,NWBKGB2L,FPS,33699.52,6.437871146408807,
2026-08-13 15:08:00,1,TXN00925651,DR,CHASGB2L,CHAPS,178611.74,24.545853567386438,
2026-08-13 15:08:00,2,TXN00925655,CR,BOFAGB22,CHAPS,153574.12,21.105039686978206,
2026-08-13 15:08:00,3,TXN00925652,DR,MIDLGB22,CHAPS,95927.94,13.182969765934939,
2026-08-13 15:08:00,4,TXN00925653,DR,HSBCGB2L,FPS,92384.87,12.696060689303135,
2026-08-13 15:08:00,5,TXN00925656,CR,HSBCGB2L,CHAPS,61819.05,8.495529739394177,
2026-08-13 15:09:00,1,TXN00925661,DR,SANTGB2L,SWIFT,477224.92,38.12458593505199,
2026-08-13 15:09:00,2,TXN00925658,CR,RBOSGB2L,SWIFT,320451.46,25.600254120809275,
2026-08-13 15:09:00,3,TXN00925657,CR,CHASGB2L,SWIFT,265326.01,21.196387374426013,
2026-08-13 15:09:00,4,TXN00925660,CR,LOYDGB2L,BACS,118387.34,9.45773811948508,
2026-08-13 15:09:00,5,TXN00925659,CR,MIDLGB22,CHAPS,70361.36,5.62103445022764,
2026-08-13 15:30:00,1,TXN00925781,CR,LOYDGB2L,FPS,33193.16,100.0,
2026-08-13 15:31:00,1,TXN00925782,CR,BOFAGB22,SWIFT,703321.41,68.87087054928571,
2026-08-13 15:31:00,2,TXN00925784,CR,NTSBGB2L,CHAPS,216078.01,21.15886199917796,
2026-08-13 15:31:00,3,TXN00925783,DR,COBAGB2X,CHAPS,90450.15,8.857089352382255,
2026-08-13 15:31:00,4,TXN00925785,CR,HSBCGB2L,FPS,11367.97,1.1131780991540745,
2026-08-14 07:05:00,1,TXN00926973,DR,TSBSGB2A,INTERNAL,149938.2,32.90048077540216,
2026-08-14 07:05:00,2,TXN00926975,CR,BARCGB22,FPS,142945.86,31.366172988960297,
2026-08-14 07:05:00,3,TXN00926976,DR,NTSBGB2L,CHAPS,88909.68,19.509179232424806,
2026-08-14 07:05:00,4,TXN00926974,DR,CHASGB2L,CHAPS,73938.81,16.22416700321274,
2026-08-14 07:06:00,1,TXN00926979,DR,LOYDGB2L,BACS,330983.62,31.37180439256001,133.1541115759674
2026-08-14 07:06:00,2,TXN00926978,DR,MIDLGB22,CHAPS,232464.83,22.033843169972325,93.52018057965616
2026-08-14 07:06:00,3,TXN00926981,CR,TSBSGB2A,FPS,229218.07,21.726103712564772,92.21401490505151
2026-08-14 07:06:00,4,TXN00926977,CR,COBAGB2X,FPS,120848.96,11.454494135281706,48.61731799198891
2026-08-14 07:06:00,5,TXN00926980,CR,COBAGB2X,BACS,77032.11,7.301377291317817,30.989878501758465
2026-08-14 07:07:00,1,TXN00926983,DR,BOFAGB22,BACS,516994.98,34.875425154617524,76.48518705373262
2026-08-14 07:07:00,2,TXN00926988,DR,NTSBGB2L,CHAPS,382170.76,25.780458712893683,56.53904427673003
2026-08-14 07:07:00,3,TXN00926986,DR,BOFAGB22,CHAPS,310267.58,20.93001708487441,45.901555742396084
2026-08-14 07:07:00,4,TXN00926984,CR,DEUTGB2L,BACS,118641.75,8.003330075541243,17.552078438231998
2026-08-14 07:07:00,5,TXN00926987,CR,RBOSGB2L,CHAPS,76608.69,5.167865719485895,11.333630327689866
2026-08-14 07:08:00,1,TXN00926991,DR,HSBCGB2L,BACS,693138.76,71.69676753996018,432.3987717726067
2026-08-14 07:08:00,2,TXN00926990,DR,SANTGB2L,BACS,164489.82,17.014469638416834,102.61321432536417
2026-08-14 07:08:00,3,TXN00926993,CR,CITIGB2L,CHAPS,72701.82,7.520118321289705,45.35336860058603
2026-08-14 07:08:00,4,TXN00926992,CR,SANTGB2L,CHAPS,36433.91,3.768644500333282,22.728461953092474
2026-08-14 07:09:00,1,TXN00926994,CR,CHASGB2L,CHAPS,456670.23,64.0153280656699,
2026-08-14 07:09:00,2,TXN00926997,DR,SANTGB2L,CHAPS,175068.84,24.5408798087764,
2026-08-14 07:09:00,3,TXN00926995,CR,SANTGB2L,BACS,52783.43,7.399099757129609,
2026-08-14 07:09:00,4,TXN00926996,CR,CHASGB2L,FPS,28853.88,4.0446923684240845,
2026-08-14 07:10:00,1,TXN00927000,CR,BNPAGB22,BACS,336416.03,36.982515425118486,325.98804374908264
2026-08-14 07:10:00,2,TXN00926999,DR,SANTGB2L,SWIFT,229419.11,25.220248198018254,222.30773862813732
2026-08-14 07:10:00,3,TXN00926998,CR,SANTGB2L,FPS,206912.45,22.746070910396444,200.49872416254917
2026-08-14 07:10:00,4,TXN00927002,DR,BOFAGB22,FPS,104007.32,11.433617822031948,100.78337462809021
2026-08-14 07:10:00,5,TXN00927001,CR,SANTGB2L,FPS,32907.47,3.61754764443485,31.88742751060829
2026-08-14 17:19:00,1,TXN00932961,CR,TSBSGB2A,SWIFT,19188373.26,86.84135581333997,97.63169693809475
2026-08-14 17:19:00,2,TXN00932962,CR,TSBSGB2A,SWIFT,1235348.37,5.590850558251,6.285533225697181
2026-08-14 17:19:00,3,TXN00932964,DR,BNPAGB22,CHAPS,381491.98,1.7265288894591564,1.9410561213813755
2026-08-14 17:19:00,4,TXN00932955,DR,SANTGB2L,FPS,312385.15,1.4137701823064066,1.5894360548186077
2026-08-14 17:19:00,5,TXN00932952,DR,NTSBGB2L,INTERNAL,180001.99,0.8146400243987781,0.9158618866649022
2026-08-17 07:27:00,1,TXN00933726,CR,BARCGB22,CHAPS,795261.92,50.68573408315101,213.2679743558149
2026-08-17 07:27:00,2,TXN00933723,CR,SANTGB2L,BACS,389827.82,24.845536704101782,104.5413937573463
2026-08-17 07:27:00,3,TXN00933722,CR,NTSBGB2L,FPS,184275.31,11.744720985446175,49.417708932284654
2026-08-17 07:27:00,4,TXN00933720,DR,SANTGB2L,CHAPS,91181.26,5.811404999407809,24.452374909905018
2026-08-17 07:27:00,5,TXN00933724,CR,RBOSGB2L,CHAPS,60676.75,3.867210963062123,16.271881297917787
2026-08-17 07:28:00,1,TXN00933734,CR,NWBKGB2L,INTERNAL,422060.22,26.372321486341917,104.39833513931646
2026-08-17 07:28:00,2,TXN00933733,CR,DEUTGB2L,BACS,358607.16,22.407473774297074,88.70295919629308
2026-08-17 07:28:00,3,TXN00933727,CR,COBAGB2X,BACS,311987.18,19.494436624653286,77.1713149768302
2026-08-17 07:28:00,4,TXN00933735,CR,LOYDGB2L,INTERNAL,188752.11,11.794125791209067,46.68861244026534
2026-08-17 07:28:00,5,TXN00933730,CR,DEUTGB2L,INTERNAL,125247.21,7.82603887044218,30.980413659558693
2026-08-17 09:46:00,1,TXN00935365,DR,BOFAGB22,BACS,15373575.84,79.79063712742219,91.74670087691699
2026-08-17 09:46:00,2,TXN00935373,DR,NTSBGB2L,FPS,769848.28,3.9956016343852836,4.594314335250259
2026-08-17 09:46:00,3,TXN00935371,DR,RBOSGB2L,SWIFT,750471.87,3.8950358248929,4.478679449076731
2026-08-17 09:46:00,4,TXN00935364,DR,CHASGB2L,INTERNAL,561959.7,2.9166358542473634,3.3536731491339236
2026-08-17 09:46:00,5,TXN00935377,CR,LOYDGB2L,CHAPS,481870.59,2.500964108104782,2.875715925964659
2026-08-17 11:14:00,1,TXN00936403,DR,HSBCGB2L,BACS,22504.03,100.0,
2026-08-17 11:19:00,1,TXN00936404,DR,LOYDGB2L,FPS,52378.37,100.0,
2026-08-17 11:20:00,1,TXN00936405,DR,LOYDGB2L,BACS,1345057.34,100.0,
2026-08-17 11:23:00,1,TXN00936406,CR,TSBSGB2A,CHAPS,102178.67,100.0,
2026-08-17 11:25:00,1,TXN00936407,DR,CITIGB2L,SWIFT,184451.99,100.0,
2026-08-17 11:26:00,1,TXN00936408,CR,TSBSGB2A,CHAPS,100858.34,100.0,
2026-08-17 11:31:00,1,TXN00936409,CR,NWBKGB2L,CHAPS,268076.93,100.0,
2026-08-17 11:34:00,1,TXN00936410,CR,SANTGB2L,FPS,364114.37,100.0,
2026-08-17 11:39:00,1,TXN00936411,DR,MIDLGB22,FPS,182493.63,100.0,
2026-08-17 11:43:00,1,TXN00936413,DR,NTSBGB2L,SWIFT,83224.7,84.53143768255961,
2026-08-17 11:43:00,2,TXN00936412,CR,COBAGB2X,BACS,15229.44,15.468562317440384,
2026-08-17 11:44:00,1,TXN00936414,CR,DEUTGB2L,INTERNAL,91109.58,100.0,
2026-08-17 11:52:00,1,TXN00936415,DR,COBAGB2X,FPS,19460.09,100.0,
2026-08-17 11:53:00,1,TXN00936416,CR,BARCGB22,FPS,114268.57,100.0,
2026-08-17 11:54:00,1,TXN00936417,CR,MIDLGB22,SWIFT,44630.18,100.0,
2026-08-17 11:58:00,1,TXN00936418,CR,CITIGB2L,FPS,824577.25,100.0,
2026-08-17 12:07:00,1,TXN00936423,CR,BNPAGB22,CHAPS,495274.37,25.59448489425817,88.21508675456077
2026-08-17 12:07:00,2,TXN00936419,CR,TSBSGB2A,BACS,433206.49,22.386979088781846,77.15995499219709
2026-08-17 12:07:00,3,TXN00936420,DR,TSBSGB2A,CHAPS,372661.3,19.25816192250088,66.37603498353326
2026-08-17 12:07:00,4,TXN00936422,DR,SANTGB2L,CHAPS,248002.49,12.81612045469547,44.17260915540025
2026-08-17 12:07:00,5,TXN00936424,DR,BARCGB22,BACS,142661.41,7.372368780638843,25.40993320465576
2026-08-17 12:08:00,1,TXN00936430,DR,RBOSGB2L,FPS,737247.34,37.97661884595106,129.8711021773568
2026-08-17 12:08:00,2,TXN00936435,DR,TSBSGB2A,CHAPS,453261.68,23.348129080852893,79.84510863933453
2026-08-17 12:08:00,3,TXN00936433,DR,CITIGB2L,FPS,206241.73,10.623793597328612,36.330874778150886
2026-08-17 12:08:00,4,TXN00936432,CR,NWBKGB2L,FPS,145606.21,7.5003750285128294,25.649518079736538
2026-08-17 12:08:00,5,TXN00936438,CR,BOFAGB22,CHAPS,129439.46,6.667603624104943,22.80163579219138
2026-08-17 12:09:00,1,TXN00936442,CR,MIDLGB22,SWIFT,7007895.88,88.32925630871782,106.82458120224194
2026-08-17 12:09:00,2,TXN00936439,CR,MIDLGB22,FPS,773147.46,9.74494218067266,11.785442454672586
2026-08-17 12:09:00,3,TXN00936444,DR,CITIGB2L,CHAPS,82327.89,1.037681127358006,1.2549619059857153
2026-08-17 12:09:00,4,TXN00936441,CR,MIDLGB22,FPS,48140.9,0.6067798334686949,0.733833888125491
2026-08-17 12:09:00,5,TXN00936443,CR,SANTGB2L,FPS,14696.5,0.1852383279617264,0.22402551129780038
2026-08-17 12:10:00,1,TXN00936448,DR,NTSBGB2L,CHAPS,723837.97,43.57654444016902,251.8314105370867
2026-08-17 12:10:00,2,TXN00936451,DR,SANTGB2L,SWIFT,351153.21,21.140150275444938,122.17017047188864
2026-08-17 12:10:00,3,TXN00936450,DR,CHASGB2L,SWIFT,214620.73,12.920612300328093,74.6689775978445
2026-08-17 12:10:00,4,TXN00936449,DR,MIDLGB22,CHAPS,163850.41,9.864133920613359,57.00540946667937
2026-08-17 12:10:00,5,TXN00936445,CR,SANTGB2L,CHAPS,94496.8,5.688903007746007,32.876504717265625
2026-08-17 12:11:00,1,TXN00936453,CR,NTSBGB2L,BACS,730543.12,47.12919897909407,424.5458011677737
2026-08-17 12:11:00,2,TXN00936457,DR,BARCGB22,FPS,290253.62,18.725000943657314,168.6771831411492
2026-08-17 12:11:00,3,TXN00936459,CR,COBAGB2X,INTERNAL,151180.9,9.753065250875983,87.85684863032462
2026-08-17 12:11:00,4,TXN00936456,CR,MIDLGB22,FPS,146957.02,9.480571984518457,85.40219473031041
2026-08-17 12:11:00,5,TXN00936454,CR,BNPAGB22,CHAPS,93093.76,6.005715773152485,54.100249308925726
2026-08-17 12:12:00,1,TXN00936462,DR,LOYDGB2L,CHAPS,1196086.01,74.35593553928297,570.1082859445978
2026-08-17 12:12:00,2,TXN00936463,DR,MIDLGB22,CHAPS,186943.69,11.62154966022527,89.10575475592952
2026-08-17 12:12:00,3,TXN00936460,DR,MIDLGB22,INTERNAL,179410.91,11.153266527215797,85.51529365338912
2026-08-17 12:12:00,4,TXN00936461,CR,BARCGB22,CHAPS,36991.63,2.299623298639707,17.631871451783606
2026-08-17 12:12:00,5,TXN00936464,CR,HSBCGB2L,FPS,9162.96,0.569624974636254,4.367478071061889
2026-08-17 12:13:00,1,TXN00936469,CR,DEUTGB2L,SWIFT,1708265.54,56.76226173071557,106.0564236065704
2026-08-17 12:13:00,2,TXN00936465,CR,TSBSGB2A,INTERNAL,583241.45,19.379951806030142,36.210121223958154
2026-08-17 12:13:00,3,TXN00936468,CR,NWBKGB2L,SWIFT,573868.64,19.068511996518875,35.628217132077985
2026-08-17 12:13:00,4,TXN00936471,DR,NTSBGB2L,BACS,112270.45,3.7305234568656207,6.970229232453101
2026-08-17 12:13:00,5,TXN00936467,DR,BARCGB22,CHAPS,19152.23,0.6363904595223895,1.1890522698774721
2026-08-17 12:14:00,1,TXN00936474,DR,TSBSGB2A,SWIFT,529536.47,40.54791693240505,
2026-08-17 12:14:00,2,TXN00936473,DR,BNPAGB22,CHAPS,287129.11,21.98618595836353,
2026-08-17 12:14:00,3,TXN00936476,DR,BOFAGB22,CHAPS,201279.27,15.41245142223184,
2026-08-17 12:14:00,4,TXN00936475,DR,CHASGB2L,BACS,105826.6,8.10340444736291,
2026-08-17 12:14:00,5,TXN00936477,DR,CHASGB2L,FPS,92269.78,7.065325216998347,
2026-08-17 12:15:00,1,TXN00936478,CR,BOFAGB22,CHAPS,647807.48,60.301259304373154,
2026-08-17 12:15:00,2,TXN00936481,DR,RBOSGB2L,CHAPS,232608.15,21.652365559997126,
2026-08-17 12:15:00,3,TXN00936479,CR,MIDLGB22,BACS,119812.72,11.152785541596796,
2026-08-17 12:15:00,4,TXN00936482,DR,NTSBGB2L,BACS,53936.75,5.0207107021752035,
2026-08-17 12:15:00,5,TXN00936480,DR,BARCGB22,FPS,20120.06,1.8728788918577264,
2026-08-17 12:16:00,1,TXN00936484,CR,CHASGB2L,CHAPS,669362.25,61.62505542447857,
2026-08-17 12:16:00,2,TXN00936486,CR,CHASGB2L,FPS,210944.43,19.420668240903993,
2026-08-17 12:16:00,3,TXN00936485,CR,TSBSGB2A,CHAPS,124975.36,11.505897571448289,
2026-08-17 12:16:00,4,TXN00936487,DR,BNPAGB22,INTERNAL,44239.39,4.072913972509091,
2026-08-17 12:16:00,5,TXN00936483,CR,BNPAGB22,SWIFT,36663.8,3.3754647906600614,
2026-08-17 12:17:00,1,TXN00936493,DR,BNPAGB22,FPS,237057.38,34.86917985241051,
2026-08-17 12:17:00,2,TXN00936491,DR,BNPAGB22,CHAPS,158583.38,23.326303525429836,
2026-08-17 12:17:00,3,TXN00936492,DR,COBAGB2X,CHAPS,101734.77,14.964343199834646,
2026-08-17 12:17:00,4,TXN00936488,CR,TSBSGB2A,FPS,91340.47,13.4354276430192,
2026-08-17 12:17:00,5,TXN00936489,DR,BNPAGB22,FPS,73634.23,10.830986190616642,
2026-08-17 12:18:00,1,TXN00936496,DR,BARCGB22,CHAPS,688097.22,48.58233511622963,
2026-08-17 12:18:00,2,TXN00936497,DR,TSBSGB2A,BACS,328572.01,23.19845951366168,
2026-08-17 12:18:00,3,TXN00936494,CR,MIDLGB22,SWIFT,225979.6,15.95503707547536,
2026-08-17 12:18:00,4,TXN00936495,DR,COBAGB2X,CHAPS,152530.2,10.769224284535737,
2026-08-17 12:18:00,5,TXN00936498,DR,COBAGB2X,BACS,21173.68,1.494944010097598,
2026-08-17 12:19:00,1,TXN00936502,CR,BNPAGB22,SWIFT,825798.39,53.016123513453536,
2026-08-17 12:19:00,2,TXN00936501,CR,NTSBGB2L,SWIFT,245450.51,15.757883173640193,
2026-08-17 12:19:00,3,TXN00936500,CR,TSBSGB2A,FPS,172637.97,11.083329843537095,
2026-08-17 12:19:00,4,TXN00936503,DR,RBOSGB2L,SWIFT,121390.38,7.7932428270113965,
2026-08-17 12:19:00,5,TXN00936499,DR,HSBCGB2L,CHAPS,111535.46,7.160558551694265,
2026-08-17 12:20:00,1,TXN00936508,DR,TSBSGB2A,FPS,3290127.84,88.40189974588236,156.14688783089858
2026-08-17 12:20:00,2,TXN00936510,DR,DEUTGB2L,SWIFT,124225.29,3.3377887323925877,5.895634870951047
2026-08-17 12:20:00,3,TXN00936511,DR,LOYDGB2L,FPS,110928.05,2.9805073942373697,5.26455828556811
2026-08-17 12:20:00,4,TXN00936512,CR,BNPAGB22,CHAPS,73850.08,1.9842655622723133,3.50486689844334
2026-08-17 12:20:00,5,TXN00936506,DR,CHASGB2L,SWIFT,52071.09,1.399089488826312,2.471253107740222
2026-08-17 12:21:00,1,TXN00936523,DR,BOFAGB22,FPS,467336.64,37.88514049781938,
2026-08-17 12:21:00,2,TXN00936519,CR,LOYDGB2L,CHAPS,288865.72,23.417206036324806,
2026-08-17 12:21:00,3,TXN00936514,CR,TSBSGB2A,SWIFT,128056.43,10.381030347201479,
2026-08-17 12:21:00,4,TXN00936522,CR,HSBCGB2L,FPS,55900.6,4.531641441408065,
2026-08-17 12:21:00,5,TXN00936516,CR,SANTGB2L,SWIFT,53646.55,4.348914486938778,
2026-08-17 12:22:00,1,TXN00936528,CR,DEUTGB2L,SWIFT,454489.14,25.64936126400499,289.0787589305656
2026-08-17 12:22:00,2,TXN00936533,DR,HSBCGB2L,BACS,333871.28,18.84222156858526,212.35951922846687
2026-08-17 12:22:00,3,TXN00936530,CR,MIDLGB22,CHAPS,298705.43,16.857616192083167,189.99220749305678
2026-08-17 12:22:00,4,TXN00936527,DR,LOYDGB2L,INTERNAL,214818.49,12.123407516839771,136.6357455417705
2026-08-17 12:22:00,5,TXN00936532,CR,SANTGB2L,SWIFT,134524.42,7.591964567977881,85.5645359962928
2026-08-17 12:23:00,1,TXN00936538,CR,NWBKGB2L,INTERNAL,403466.05,36.29760498595987,
2026-08-17 12:23:00,2,TXN00936537,DR,MIDLGB22,SWIFT,224329.95,20.181722629748226,
2026-08-17 12:23:00,3,TXN00936535,CR,BOFAGB22,CHAPS,224293.01,20.178399342626097,
2026-08-17 12:23:00,4,TXN00936536,DR,NTSBGB2L,SWIFT,207776.1,18.692464467142397,
2026-08-17 12:23:00,5,TXN00936534,DR,DEUTGB2L,BACS,51684.95,4.6498085745234,
2026-08-17 12:24:00,1,TXN00936547,DR,BOFAGB22,SWIFT,1290460.39,60.83301216869651,264.54934974191576
2026-08-17 12:24:00,2,TXN00936541,DR,LOYDGB2L,FPS,184421.96,8.693752573726702,37.80721204168817
2026-08-17 12:24:00,3,TXN00936549,DR,DEUTGB2L,SWIFT,149420.4,7.043759794480404,30.63175744447062
2026-08-17 12:24:00,4,TXN00936548,CR,RBOSGB2L,CHAPS,103781.64,4.8923235598167265,21.275635881508613
2026-08-17 12:24:00,5,TXN00936539,CR,DEUTGB2L,SWIFT,103298.34,4.869540532139967,21.176557520234567
2026-08-17 12:25:00,1,TXN00936558,CR,SANTGB2L,FPS,2678409.71,76.89190689805264,144.79268796063897
2026-08-17 12:25:00,2,TXN00936556,CR,HSBCGB2L,CHAPS,308148.97,8.84635454520168,16.658287002178728
2026-08-17 12:25:00,3,TXN00936550,DR,BARCGB22,CHAPS,163366.15,4.689922810985218,8.83144348378312
2026-08-17 12:25:00,4,TXN00936552,CR,DEUTGB2L,FPS,158222.24,4.542251210432379,8.553367820919872
2026-08-17 12:25:00,5,TXN00936553,CR,DEUTGB2L,CHAPS,74297.56,2.1329377073802793,4.01646670453448
2026-08-17 12:26:00,1,TXN00936561,DR,RBOSGB2L,INTERNAL,748065.51,65.10971776138344,
2026-08-17 12:26:00,2,TXN00936560,CR,LOYDGB2L,FPS,308796.62,26.876871751337887,
2026-08-17 12:26:00,3,TXN00936562,CR,MIDLGB22,SWIFT,57019.02,4.962790356730491,
2026-08-17 12:26:00,4,TXN00936559,DR,LOYDGB2L,CHAPS,35049.51,3.050620130548174,
2026-08-17 12:27:00,1,TXN00936569,CR,COBAGB2X,BACS,1004669.42,39.001895471397,108.77216047719972
2026-08-17 12:27:00,2,TXN00936563,CR,RBOSGB2L,CHAPS,529230.39,20.545054860997627,57.297984555448096
2026-08-17 12:27:00,3,TXN00936570,DR,RBOSGB2L,CHAPS,311635.53,12.097886254200317,33.7397249331598
2026-08-17 12:27:00,4,TXN00936564,CR,DEUTGB2L,BACS,269770.16,10.472646397082578,29.20710290503302
2026-08-17 12:27:00,5,TXN00936565,CR,BNPAGB22,CHAPS,231678.19,8.993892288851047,25.0830141338901
2026-08-17 14:36:00,1,TXN00937876,DR,BNPAGB22,CHAPS,11745084.38,81.83404029818374,90.48628601052462
2026-08-17 14:36:00,2,TXN00937875,DR,LOYDGB2L,CHAPS,556951.78,3.8805693457832073,4.290858748104693
2026-08-17 14:36:00,3,TXN00937870,CR,BNPAGB22,CHAPS,440313.28,3.0678889596317624,3.392254333749811
2026-08-17 14:36:00,4,TXN00937878,CR,COBAGB2X,FPS,371551.14,2.5887877838810476,2.862498185098307
2026-08-17 14:36:00,5,TXN00937879,CR,NWBKGB2L,CHAPS,277876.6,1.9361091114036153,2.1408123338856884
2026-08-17 17:07:00,1,TXN00938988,CR,BOFAGB22,BACS,14582658.85,83.62511413470807,97.06337833482452
2026-08-17 17:07:00,2,TXN00938994,DR,CITIGB2L,CHAPS,1472568.4,8.444530026234855,9.801536551279002
2026-08-17 17:07:00,3,TXN00938995,DR,CITIGB2L,FPS,709221.46,4.067072140228,4.720636449309558
2026-08-17 17:07:00,4,TXN00938993,DR,COBAGB2X,FPS,204986.34,1.175506212884907,1.364405961735227
2026-08-17 17:07:00,5,TXN00938992,CR,BOFAGB22,CHAPS,186738.01,1.070860092124987,1.2429435743209643
2026-08-18 11:01:00,1,TXN00942004,DR,SANTGB2L,CHAPS,12960978.11,91.06145289822761,101.9310182239317
2026-08-18 11:01:00,2,TXN00942003,CR,BARCGB22,CHAPS,925585.71,6.5029952847005905,7.279226388094005
2026-08-18 11:01:00,3,TXN00942005,DR,TSBSGB2A,FPS,180472.01,1.2679632122350266,1.4193138499344
2026-08-18 11:01:00,4,TXN00942002,DR,COBAGB2X,FPS,63204.18,0.4440609660161752,0.4970663763746346
2026-08-18 11:01:00,5,TXN00942006,CR,NTSBGB2L,BACS,55941.35,0.39303365570519166,0.43994818276267744
2026-08-18 12:27:00,1,TXN00942657,DR,NTSBGB2L,FPS,3699244.85,44.16394430605899,54.33084404159911
2026-08-18 12:27:00,2,TXN00942663,CR,BNPAGB22,CHAPS,1014725.73,12.114442931682408,14.903286377928676
2026-08-18 12:27:00,3,TXN00942668,DR,BARCGB22,CHAPS,1000174.06,11.940715814527632,14.689565863236382
2026-08-18 12:27:00,4,TXN00942666,CR,BARCGB22,CHAPS,928129.38,11.080600476374808,13.631444967803652
2026-08-18 12:27:00,5,TXN00942670,CR,TSBSGB2A,CHAPS,362810.22,4.331459797733856,5.328597126929369
2026-08-18 13:09:00,1,TXN00943074,DR,COBAGB2X,CHAPS,4273414.74,46.754297328069505,58.4927870814147
2026-08-18 13:09:00,2,TXN00943075,DR,NWBKGB2L,CHAPS,1870573.81,20.465451964730153,25.603664105955854
2026-08-18 13:09:00,3,TXN00943071,CR,LOYDGB2L,FPS,756002.6,8.27122394892886,10.347860389229602
2026-08-18 13:09:00,4,TXN00943068,DR,NWBKGB2L,CHAPS,742917.21,8.12806016728436,10.168752818887091
2026-08-18 13:09:00,5,TXN00943066,CR,NTSBGB2L,CHAPS,660034.71,7.221264715857214,9.034290399432022
2026-08-19 06:37:00,1,TXN00945463,CR,SANTGB2L,SWIFT,176038.26,100.0,
2026-08-19 06:38:00,1,TXN00945466,CR,LOYDGB2L,CHAPS,179971.28,53.48424637586406,
2026-08-19 06:38:00,2,TXN00945464,DR,HSBCGB2L,BACS,118141.4,35.10951161090539,
2026-08-19 06:38:00,3,TXN00945465,CR,SANTGB2L,CHAPS,22270.3,6.618334948022848,
2026-08-19 06:38:00,4,TXN00945467,DR,SANTGB2L,CHAPS,16111.02,4.7879070652077,
2026-08-19 06:39:00,1,TXN00945470,CR,LOYDGB2L,INTERNAL,157120.31,41.493177314505694,4340.200245249437
2026-08-19 06:39:00,2,TXN00945471,DR,COBAGB2X,BACS,101663.82,26.847928887933016,2808.302354399598
2026-08-19 06:39:00,3,TXN00945468,CR,BOFAGB22,CHAPS,80553.64,21.273038907884402,2225.166995175448
2026-08-19 06:39:00,4,TXN00945469,DR,HSBCGB2L,CHAPS,39327.64,10.385854889676878,1086.3639002054006
2026-08-19 06:58:00,1,TXN00945529,DR,DEUTGB2L,CHAPS,197711.99,39.71779256632876,
2026-08-19 06:58:00,2,TXN00945528,DR,TSBSGB2A,BACS,184951.47,37.15436843409232,
2026-08-19 06:58:00,3,TXN00945526,CR,SANTGB2L,CHAPS,38937.9,7.822122650065141,
2026-08-19 06:58:00,4,TXN00945525,DR,COBAGB2X,CHAPS,38646.2,7.763523876710028,
2026-08-19 06:58:00,5,TXN00945527,DR,BNPAGB22,CHAPS,37544.43,7.542192472803751,
2026-08-19 06:59:00,1,TXN00945530,CR,CITIGB2L,CHAPS,392036.24,64.44163371200965,
2026-08-19 06:59:00,2,TXN00945532,CR,SANTGB2L,INTERNAL,204911.85,33.68273907777062,
2026-08-19 06:59:00,3,TXN00945531,DR,DEUTGB2L,CHAPS,11410.54,1.875627210219735,
2026-08-19 07:00:00,1,TXN00945534,DR,NWBKGB2L,CHAPS,1529032.8,83.94818155174352,146.8210008582311
2026-08-19 07:00:00,2,TXN00945533,DR,MIDLGB22,BACS,207623.99,11.399138335696515,19.936499736290397
2026-08-19 07:00:00,3,TXN00945535,CR,DEUTGB2L,CHAPS,38917.15,2.136660491309562,3.7369080071728407
2026-08-19 07:00:00,4,TXN00945536,CR,BNPAGB22,FPS,29145.82,1.6001871175258224,2.7986439945786965
2026-08-19 07:00:00,5,TXN00945537,DR,COBAGB2X,FPS,16680.98,0.9158325037245785,1.6017433889555122
2026-08-19 07:01:00,1,TXN00945539,DR,HSBCGB2L,SWIFT,252092.19,77.1397818599311,
2026-08-19 07:01:00,2,TXN00945538,CR,HSBCGB2L,CHAPS,74707.01,22.860218140068884,
2026-08-19 07:02:00,1,TXN00945542,DR,DEUTGB2L,CHAPS,1371719.87,88.62223875578427,180.48695114236958
2026-08-19 07:02:00,2,TXN00945540,CR,BNPAGB22,CHAPS,131449.63,8.492521504568934,17.295763855554966
2026-08-19 07:02:00,3,TXN00945541,CR,BARCGB22,CHAPS,44658.55,2.885239739646791,5.876043431476333
2026-08-19 07:22:00,1,TXN00945629,DR,NTSBGB2L,BACS,248556.19,50.510194107538695,
2026-08-19 07:22:00,2,TXN00945631,CR,BOFAGB22,FPS,139108.69,28.26888734473049,
2026-08-19 07:22:00,3,TXN00945630,DR,CHASGB2L,CHAPS,104426.26,21.22091854773081,
2026-08-19 07:23:00,1,TXN00945633,CR,TSBSGB2A,CHAPS,262064.1,29.398568610733175,
2026-08-19 07:23:00,2,TXN00945634,CR,MIDLGB22,CHAPS,228517.77,25.635313421856498,
2026-08-19 07:23:00,3,TXN00945632,CR,SANTGB2L,CHAPS,209792.64,23.534712770909277,
2026-08-19 07:23:00,4,TXN00945635,CR,COBAGB2X,FPS,117303.71,13.159227710810246,
2026-08-19 07:23:00,5,TXN00945636,CR,NWBKGB2L,CHAPS,73739.67,8.272177485690802,
2026-08-19 07:24:00,1,TXN00945644,DR,LOYDGB2L,SWIFT,985233.99,44.178082288525076,96.97252882984952
2026-08-19 07:24:00,2,TXN00945642,CR,NWBKGB2L,INTERNAL,293322.95,13.152657697297803,28.870571370899935
2026-08-19 07:24:00,3,TXN00945641,CR,NTSBGB2L,CHAPS,258977.33,11.612593466860105,25.490073276605546
2026-08-19 07:24:00,4,TXN00945643,DR,TSBSGB2A,BACS,203144.07,9.10901931112415,19.99463516751789
2026-08-19 07:24:00,5,TXN00945637,DR,CITIGB2L,INTERNAL,143644.58,6.441050694506209,14.138345120737892
2026-08-19 07:25:00,1,TXN00945652,DR,TSBSGB2A,BACS,1501250.32,39.72456010672096,58.52828119766594
2026-08-19 07:25:00,2,TXN00945647,CR,SANTGB2L,CHAPS,846952.91,22.41120706695818,33.01960866703526
2026-08-19 07:25:00,3,TXN00945650,CR,NWBKGB2L,SWIFT,788705.56,20.869924893488125,30.748756674931194
2026-08-19 07:25:00,4,TXN00945651,CR,SANTGB2L,CHAPS,182172.3,4.8204582438521,7.102234356776397
2026-08-19 07:25:00,5,TXN00945648,DR,RBOSGB2L,INTERNAL,136912.82,3.6228478855349504,5.337732103547809
2026-08-19 07:26:00,1,TXN00945657,DR,CITIGB2L,BACS,452533.41,54.58719183010333,
2026-08-19 07:26:00,2,TXN00945654,DR,TSBSGB2A,CHAPS,225173.04,27.16167173037573,
2026-08-19 07:26:00,3,TXN00945655,CR,SANTGB2L,FPS,67588.06,8.152861899510434,
2026-08-19 07:26:00,4,TXN00945653,DR,CHASGB2L,FPS,62879.99,7.584947322242968,
2026-08-19 07:26:00,5,TXN00945656,DR,RBOSGB2L,SWIFT,20835.74,2.5133272177675394,
2026-08-19 07:27:00,1,TXN00945663,DR,TSBSGB2A,CHAPS,399507.23,44.851607465431236,
2026-08-19 07:27:00,2,TXN00945662,DR,CITIGB2L,CHAPS,155162.68,17.419698804059987,
2026-08-19 07:27:00,3,TXN00945659,DR,CITIGB2L,CHAPS,122456.03,13.747810745089822,
2026-08-19 07:27:00,4,TXN00945660,DR,DEUTGB2L,FPS,83004.79,9.318725618133497,
2026-08-19 07:27:00,5,TXN00945661,DR,RBOSGB2L,SWIFT,72994.07,8.194848876562785,
2026-08-19 07:28:00,1,TXN00945664,CR,BNPAGB22,SWIFT,713573.2,69.25094247560591,
2026-08-19 07:28:00,2,TXN00945669,CR,BNPAGB22,FPS,128458.86,12.466691748431574,
2026-08-19 07:28:00,3,TXN00945666,CR,TSBSGB2A,BACS,69143.28,6.710225812649232,
2026-08-19 07:28:00,4,TXN00945665,CR,CITIGB2L,CHAPS,49262.4,4.780823647259018,
2026-08-19 07:28:00,5,TXN00945668,DR,CITIGB2L,BACS,47417.48,4.601777616953935,
2026-08-19 11:04:00,1,TXN00947595,CR,BNPAGB22,FPS,2257242.36,54.03622032158727,84.81981021372457
2026-08-19 11:04:00,2,TXN00947603,CR,SANTGB2L,FPS,515792.86,12.347587089966547,19.381814407733426
2026-08-19 11:04:00,3,TXN00947594,DR,MIDLGB22,FPS,457581.5,10.954062880993598,17.19442124385412
2026-08-19 11:04:00,4,TXN00947601,DR,COBAGB2X,CHAPS,204941.46,4.9061022785288175,7.7010320425333605
2026-08-19 11:04:00,5,TXN00947600,DR,TSBSGB2A,SWIFT,178807.01,4.280468574674568,6.7189845990146795
2026-08-19 11:05:00,1,TXN00947607,DR,CITIGB2L,BACS,396250.59,31.77078880084289,
2026-08-19 11:05:00,2,TXN00947617,DR,NWBKGB2L,CHAPS,166484.65,13.348494077276321,
2026-08-19 11:05:00,3,TXN00947609,DR,HSBCGB2L,SWIFT,137115.3,10.993702842598196,
2026-08-19 11:05:00,4,TXN00947610,CR,RBOSGB2L,FPS,101139.49,8.109215373571965,
2026-08-19 11:05:00,5,TXN00947615,CR,BARCGB22,FPS,98202.41,7.873724624217674,
2026-08-19 12:08:00,1,TXN00947996,CR,CITIGB2L,CHAPS,14451294.4,94.52103162805378,103.88421464712647
2026-08-19 12:08:00,2,TXN00947994,DR,COBAGB2X,SWIFT,345060.27,2.256922583644464,2.480491654427538
2026-08-19 12:08:00,3,TXN00947995,DR,NTSBGB2L,CHAPS,174703.38,1.1426757527345024,1.2558683620408773
2026-08-19 12:08:00,4,TXN00947993,DR,NTSBGB2L,FPS,129859.6,0.8493677465187072,0.9335054831067578
2026-08-19 12:08:00,5,TXN00948001,CR,BNPAGB22,CHAPS,62874.35,0.4112398696232583,0.4519769849265929
2026-08-19 13:16:00,1,TXN00948492,DR,NWBKGB2L,SWIFT,190998.6,31.04384440425077,
2026-08-19 13:16:00,2,TXN00948488,CR,MIDLGB22,INTERNAL,188183.02,30.586215775414118,
2026-08-19 13:16:00,3,TXN00948490,DR,COBAGB2X,CHAPS,102497.39,16.659352618300915,
2026-08-19 13:16:00,4,TXN00948489,CR,MIDLGB22,SWIFT,90890.83,14.772887258300365,
2026-08-19 13:16:00,5,TXN00948491,DR,COBAGB2X,SWIFT,42684.5,6.937699943733839,
2026-08-19 14:30:00,1,TXN00949051,CR,COBAGB2X,CHAPS,9036462.31,70.07742219862831,78.82763179130042
2026-08-19 14:30:00,2,TXN00949056,DR,BARCGB22,FPS,2253138.74,17.473005401719586,19.654770293778228
2026-08-19 14:30:00,3,TXN00949057,CR,SANTGB2L,SWIFT,872267.31,6.764399878621505,7.6090359232924305
2026-08-19 14:30:00,4,TXN00949058,DR,NWBKGB2L,CHAPS,385680.74,2.990939498629901,3.364402829199237
2026-08-19 14:30:00,5,TXN00949052,DR,MIDLGB22,CHAPS,137364.46,1.0652561730771597,1.1982692676212594
2026-08-20 06:42:00,1,TXN00950514,CR,CITIGB2L,BACS,211397.09,42.624935729019434,158.4339828660679
2026-08-20 06:42:00,2,TXN00950511,CR,NWBKGB2L,SWIFT,118223.94,23.838018981867016,88.60429291774565
2026-08-20 06:42:00,3,TXN00950512,DR,BNPAGB22,CHAPS,114027.54,22.991880180745124,85.4592526255677
2026-08-20 06:42:00,4,TXN00950513,CR,SANTGB2L,FPS,52298.43,10.545165108368435,39.19566046317029
2026-08-20 06:43:00,1,TXN00950518,CR,BNPAGB22,CHAPS,605416.56,79.28724627367339,150.95567996114613
2026-08-20 06:43:00,2,TXN00950517,DR,MIDLGB22,BACS,114203.5,14.95644755705965,28.47571099879189
2026-08-20 06:43:00,3,TXN00950516,CR,HSBCGB2L,SWIFT,32900.16,4.308707856229202,8.203386480922328
2026-08-20 06:43:00,4,TXN00950515,CR,LOYDGB2L,CHAPS,11053.48,1.447598313037759,2.7560950584782966
2026-08-20 06:44:00,1,TXN00950521,DR,TSBSGB2A,CHAPS,400506.96,61.99055407293306,144.3219828539968
2026-08-20 06:44:00,2,TXN00950522,DR,BARCGB22,CHAPS,120694.87,18.68117813748012,43.492185400986216
2026-08-20 06:44:00,3,TXN00950520,DR,BARCGB22,SWIFT,65831.96,10.189485036932108,23.722431695981022
2026-08-20 06:44:00,4,TXN00950519,DR,BOFAGB22,INTERNAL,59043.61,9.138782752654713,21.2762616411412
2026-08-20 06:45:00,1,TXN00950524,DR,NWBKGB2L,FPS,398662.0,60.55005529155558,
2026-08-20 06:45:00,2,TXN00950523,CR,DEUTGB2L,CHAPS,233484.15,35.46231693063762,
2026-08-20 06:45:00,3,TXN00950525,CR,BOFAGB22,CHAPS,26254.57,3.9876277778068046,
2026-08-20 06:46:00,1,TXN00950526,CR,TSBSGB2A,SWIFT,481857.09,57.07512894128408,306.52573797096176
2026-08-20 06:46:00,2,TXN00950531,DR,CHASGB2L,CHAPS,148819.65,17.627427071264567,94.66925772707887
2026-08-20 06:46:00,3,TXN00950528,CR,TSBSGB2A,BACS,95936.82,11.363548415810921,61.028684976052396
2026-08-20 06:46:00,4,TXN00950530,DR,TSBSGB2A,CHAPS,69424.42,8.223201039075425,44.16324261972777
2026-08-20 06:46:00,5,TXN00950529,DR,TSBSGB2A,CHAPS,37650.14,4.4595931859327775,23.950538837583622
2026-08-20 06:56:00,1,TXN00950556,DR,HSBCGB2L,FPS,140240.56,64.49374269711534,
2026-08-20 06:56:00,2,TXN00950555,DR,CHASGB2L,CHAPS,45831.41,21.076920713850537,
2026-08-20 06:56:00,3,TXN00950554,DR,DEUTGB2L,SWIFT,31376.35,14.42933658903412,
2026-08-20 06:57:00,1,TXN00950561,DR,TSBSGB2A,FPS,178434.52,52.05505635999353,
2026-08-20 06:57:00,2,TXN00950557,DR,CHASGB2L,CHAPS,85666.24,24.99158207362977,
2026-08-20 06:57:00,3,TXN00950560,DR,BARCGB22,SWIFT,33793.35,9.858601008610819,
2026-08-20 06:57:00,4,TXN00950559,DR,RBOSGB2L,SWIFT,23663.42,6.903376441790513,
2026-08-20 06:57:00,5,TXN00950558,CR,NTSBGB2L,FPS,21222.85,6.1913841159753655,
2026-08-20 06:58:00,1,TXN00950562,CR,NWBKGB2L,BACS,827754.98,100.0,499.35731701810636
2026-08-20 10:38:00,1,TXN00952649,CR,COBAGB2X,BACS,21836711.25,93.98270505042711,102.00973895804805
2026-08-20 10:38:00,2,TXN00952646,DR,NWBKGB2L,CHAPS,552416.44,2.3775371094640896,2.580601822105158
2026-08-20 10:38:00,3,TXN00952645,CR,MIDLGB22,CHAPS,259964.19,1.1188561094538994,1.214417265344405
2026-08-20 10:38:00,4,TXN00952644,CR,CHASGB2L,FPS,197916.42,0.8518096114631939,0.9245624081653504
2026-08-20 10:38:00,5,TXN00952642,DR,NTSBGB2L,CHAPS,136980.52,0.5895484746501894,0.6399016283891045
2026-08-20 11:33:00,1,TXN00953026,DR,CHASGB2L,SWIFT,242484.08,22.64082286241684,
2026-08-20 11:33:00,2,TXN00953031,DR,SANTGB2L,BACS,205016.72,19.14248243164546,
2026-08-20 11:33:00,3,TXN00953030,DR,CITIGB2L,CHAPS,152773.77,14.264540025034268,
2026-08-20 11:33:00,4,TXN00953032,CR,LOYDGB2L,SWIFT,145017.6,13.540343735278705,
2026-08-20 11:33:00,5,TXN00953028,CR,RBOSGB2L,SWIFT,128836.86,12.029542415361856,
2026-08-20 11:34:00,1,TXN00953033,CR,BARCGB22,FPS,301307.26,30.435354682430635,
2026-08-20 11:34:00,2,TXN00953036,DR,CHASGB2L,CHAPS,269112.32,27.183310845585904,
2026-08-20 11:34:00,3,TXN00953035,DR,BOFAGB22,CHAPS,216157.95,21.83433573979302,
2026-08-20 11:34:00,4,TXN00953037,CR,NTSBGB2L,BACS,146301.49,14.778063225951074,
2026-08-20 11:34:00,5,TXN00953034,DR,NTSBGB2L,SWIFT,57111.94,5.76893550623937,
2026-08-20 11:35:00,1,TXN00953043,DR,DEUTGB2L,CHAPS,147012.71,34.12330860798849,
2026-08-20 11:35:00,2,TXN00953039,DR,COBAGB2X,SWIFT,89459.92,20.76465673074091,
2026-08-20 11:35:00,3,TXN00953038,CR,NWBKGB2L,CHAPS,65555.44,15.216157229211493,
2026-08-20 11:35:00,4,TXN00953040,CR,COBAGB2X,CHAPS,52603.32,12.20982404966736,
2026-08-20 11:35:00,5,TXN00953041,CR,LOYDGB2L,CHAPS,39338.72,9.130960736682216,
2026-08-20 12:24:00,1,TXN00953390,CR,CHASGB2L,SWIFT,16558003.54,93.05770917411209,101.55532228745479
2026-08-20 12:24:00,2,TXN00953388,DR,BOFAGB22,FPS,311812.38,1.7524181405584918,1.9124411145112197
2026-08-20 12:24:00,3,TXN00953391,CR,LOYDGB2L,CHAPS,193737.48,1.0888248710910324,1.188251480501817
2026-08-20 12:24:00,4,TXN00953383,CR,MIDLGB22,CHAPS,176198.09,0.9902516675180049,1.080677013575754
2026-08-20 12:24:00,5,TXN00953387,CR,BOFAGB22,CHAPS,168057.46,0.944500476729574,1.030748029004893
2026-08-20 15:34:00,1,TXN00954802,DR,MIDLGB22,CHAPS,394659.02,38.43428467464785,232.05440890113053
2026-08-20 15:34:00,2,TXN00954803,DR,CHASGB2L,BACS,311214.59,30.307960899927778,182.99016128874413
2026-08-20 15:34:00,3,TXN00954806,CR,CITIGB2L,FPS,270064.43,26.30050919174863,158.79439843759494
2026-08-20 15:34:00,4,TXN00954805,CR,NTSBGB2L,SWIFT,39900.75,3.885776598320127,23.461125900433707
2026-08-20 15:34:00,5,TXN00954804,CR,CHASGB2L,FPS,11002.28,1.0714686353556153,6.4691986058363256
2026-08-20 15:35:00,1,TXN00954807,CR,SANTGB2L,CHAPS,714188.11,44.382663077572815,97.38580418710465
2026-08-20 15:35:00,2,TXN00954811,CR,DEUTGB2L,CHAPS,300900.85,18.699248640957176,41.03046641007976
2026-08-20 15:35:00,3,TXN00954809,DR,DEUTGB2L,FPS,299076.67,18.585886397594084,40.7817234895598
2026-08-20 15:35:00,4,TXN00954810,DR,MIDLGB22,SWIFT,282747.64,17.571131563782053,38.55511722731699
2026-08-20 15:35:00,5,TXN00954808,DR,TSBSGB2A,FPS,12246.84,0.7610703200938781,1.6699639008983234
2026-08-20 15:36:00,1,TXN00954815,DR,BNPAGB22,CHAPS,349716.88,37.715098604207526,826.413037960998
2026-08-20 15:36:00,2,TXN00954814,CR,NTSBGB2L,SWIFT,177945.89,19.190514302779626,420.5024462861889
2026-08-20 15:36:00,3,TXN00954816,CR,SANTGB2L,CHAPS,159042.96,17.15193421234066,375.83309029838506
2026-08-20 15:36:00,4,TXN00954817,CR,BOFAGB22,FPS,151012.61,16.285903833491638,356.85663729048304
2026-08-20 15:36:00,5,TXN00954813,CR,BARCGB22,FPS,69769.65,7.5242842991480625,164.87207713272386
2026-08-21 06:32:00,1,TXN00955907,CR,SANTGB2L,CHAPS,680195.11,100.0,222.9052986351907
2026-08-21 10:55:00,1,TXN00958874,DR,CITIGB2L,FPS,11460167.92,90.44990559484683,104.96295531971937
2026-08-21 10:55:00,2,TXN00958873,CR,NWBKGB2L,FPS,272455.66,2.1503689036505564,2.4954042093289543
2026-08-21 10:55:00,3,TXN00958877,DR,BNPAGB22,FPS,208782.74,1.647827436269664,1.91222795015979
2026-08-21 10:55:00,4,TXN00958867,DR,BOFAGB22,FPS,193576.76,1.5278135355067572,1.7729573382041717
2026-08-21 10:55:00,5,TXN00958871,DR,NWBKGB2L,FPS,116375.99,0.9185028860385877,1.0658803539292387
2026-08-24 08:00:00,1,TXN00963552,DR,CHASGB2L,CHAPS,11074509.35,83.45592911931188,96.51466048757821
2026-08-24 08:00:00,2,TXN00963548,CR,SANTGB2L,FPS,483462.67,3.6433059961571366,4.213390767823774
2026-08-24 08:00:00,3,TXN00963544,DR,CHASGB2L,CHAPS,348834.98,2.6287708507119167,3.040106662683989
2026-08-24 08:00:00,4,TXN00963540,CR,BOFAGB22,SWIFT,288029.75,2.1705512759581644,2.5101873729125552
2026-08-24 08:00:00,5,TXN00963538,DR,BOFAGB22,CHAPS,209339.13,1.577549943120362,1.8243964062132465
2026-08-24 10:22:00,1,TXN00965498,DR,MIDLGB22,CHAPS,1071166.31,22.047120005606303,37.89271195417632
2026-08-24 10:22:00,2,TXN00965500,DR,HSBCGB2L,INTERNAL,956094.22,19.678665962717364,33.822014883489835
2026-08-24 10:22:00,3,TXN00965489,DR,RBOSGB2L,CHAPS,581900.35,11.976876725850639,20.5848355598342
2026-08-24 10:22:00,4,TXN00965497,DR,LOYDGB2L,CHAPS,516238.5,10.625401541068063,18.26203512707196
2026-08-24 10:22:00,5,TXN00965492,CR,MIDLGB22,BACS,400916.27,8.251799029125607,14.182489306308355
2026-08-24 10:23:00,1,TXN00965504,DR,DEUTGB2L,BACS,517536.64,38.0683353638073,
2026-08-24 10:23:00,2,TXN00965503,DR,MIDLGB22,CHAPS,380572.83,27.993716778764153,
2026-08-24 10:23:00,3,TXN00965506,DR,NWBKGB2L,FPS,178167.25,13.105411481295887,
2026-08-24 10:23:00,4,TXN00965505,DR,SANTGB2L,CHAPS,94112.68,6.922626896960725,
2026-08-24 10:23:00,5,TXN00965507,DR,NTSBGB2L,SWIFT,87951.19,6.469407454061484,
2026-08-24 10:24:00,1,TXN00965513,DR,NWBKGB2L,INTERNAL,552591.98,60.55397323221309,
2026-08-24 10:24:00,2,TXN00965510,DR,COBAGB2X,CHAPS,173228.62,18.982688128288096,
2026-08-24 10:24:00,3,TXN00965511,DR,LOYDGB2L,CHAPS,116820.55,12.801395448541275,
2026-08-24 10:24:00,4,TXN00965512,DR,NWBKGB2L,FPS,37818.81,4.144249810527747,
2026-08-24 10:24:00,5,TXN00965514,DR,LOYDGB2L,FPS,32101.1,3.5176933804297987,
2026-08-24 10:25:00,1,TXN00965515,DR,BNPAGB22,INTERNAL,409830.99,38.302562710306454,
2026-08-24 10:25:00,2,TXN00965519,DR,SANTGB2L,FPS,205090.83,19.167668060884807,
2026-08-24 10:25:00,3,TXN00965520,DR,MIDLGB22,CHAPS,166244.72,15.537133521936294,
2026-08-24 10:25:00,4,TXN00965518,DR,RBOSGB2L,CHAPS,157309.55,14.702057801449051,
2026-08-24 10:25:00,5,TXN00965522,DR,TSBSGB2A,CHAPS,62673.72,5.8574489220256085,
2026-08-24 10:26:00,1,TXN00965526,DR,MIDLGB22,BACS,946464.55,50.121438494150496,
2026-08-24 10:26:00,2,TXN00965528,DR,CITIGB2L,CHAPS,524061.29,27.75244536512241,
2026-08-24 10:26:00,3,TXN00965527,DR,CITIGB2L,FPS,279547.2,14.803837915547906,
2026-08-24 10:26:00,4,TXN00965525,DR,DEUTGB2L,CHAPS,67853.12,3.5932629285652724,
2026-08-24 10:26:00,5,TXN00965523,DR,CHASGB2L,BACS,44849.71,2.375083125137108,
2026-08-24 10:27:00,1,TXN00965536,CR,CITIGB2L,FPS,1397155.79,44.35071241935109,117.02820986175708
2026-08-24 10:27:00,2,TXN00965531,CR,BARCGB22,CHAPS,979258.74,31.085168220128196,82.02442286960698
2026-08-24 10:27:00,3,TXN00965529,DR,BNPAGB22,CHAPS,326927.09,10.377832919180268,27.383984214110832
2026-08-24 10:27:00,4,TXN00965532,DR,HSBCGB2L,CHAPS,137955.11,4.3791876712545745,11.555361027120519
2026-08-24 10:27:00,5,TXN00965534,DR,COBAGB2X,CHAPS,117572.16,3.7321600740615573,9.848049525228737
2026-08-24 10:28:00,1,TXN00965540,DR,SANTGB2L,SWIFT,395742.0,28.7554371945159,
2026-08-24 10:28:00,2,TXN00965538,DR,TSBSGB2A,CHAPS,341279.0,24.7980422859014,
2026-08-24 10:28:00,3,TXN00965543,DR,LOYDGB2L,CHAPS,265278.75,19.275705976784582,
2026-08-24 10:28:00,4,TXN00965539,DR,SANTGB2L,BACS,193147.5,14.034499258425337,
2026-08-24 10:28:00,5,TXN00965542,DR,TSBSGB2A,FPS,96554.94,7.015882855472128,
2026-08-24 10:29:00,1,TXN00965549,CR,SANTGB2L,CHAPS,311797.65,20.491489113278742,
2026-08-24 10:29:00,2,TXN00965545,DR,HSBCGB2L,CHAPS,238980.17,15.705889867497406,
2026-08-24 10:29:00,3,TXN00965547,DR,LOYDGB2L,CHAPS,225267.02,14.804655159879314,
2026-08-24 10:29:00,4,TXN00965550,DR,RBOSGB2L,INTERNAL,222027.89,14.591778003391783,
2026-08-24 10:29:00,5,TXN00965551,DR,CITIGB2L,CHAPS,192118.11,12.626093107272256,
2026-08-24 10:30:00,1,TXN00965553,DR,LOYDGB2L,CHAPS,604941.76,21.52138831427377,63.6298307153588
2026-08-24 10:30:00,2,TXN00965557,DR,CITIGB2L,CHAPS,598366.01,21.287449646843065,62.938170977194055
2026-08-24 10:30:00,3,TXN00965559,DR,CHASGB2L,CHAPS,451900.67,16.076803490224393,47.532448631513255
2026-08-24 10:30:00,4,TXN00965560,DR,HSBCGB2L,FPS,294572.83,10.479713388053346,30.98417161057647
2026-08-24 10:30:00,5,TXN00965564,DR,BOFAGB22,FPS,271988.16,9.67624190507996,28.608639247159793
2026-08-24 10:31:00,1,TXN00965568,DR,MIDLGB22,CHAPS,1740102.71,40.44507442167991,72.94524571132246
2026-08-24 10:31:00,2,TXN00965573,DR,LOYDGB2L,BACS,1247986.54,29.006855858269894,52.31569624112772
2026-08-24 10:31:00,3,TXN00965569,DR,MIDLGB22,CHAPS,401496.82,9.331959930668589,16.830779021782345
2026-08-24 10:31:00,4,TXN00965571,DR,HSBCGB2L,SWIFT,367247.52,8.53590606589963,15.395045608126091
2026-08-24 10:31:00,5,TXN00965567,DR,HSBCGB2L,CHAPS,260897.86,6.064029038927838,10.936859297953859
2026-08-24 10:32:00,1,TXN00965576,DR,TSBSGB2A,BACS,712993.06,37.77530511657289,
2026-08-24 10:32:00,2,TXN00965580,DR,BARCGB22,CHAPS,598906.38,31.730843552337166,
2026-08-24 10:32:00,3,TXN00965578,DR,BOFAGB22,SWIFT,276397.29,14.643890030491853,
2026-08-24 10:32:00,4,TXN00965579,DR,BARCGB22,INTERNAL,188701.88,9.997672478145752,
2026-08-24 10:32:00,5,TXN00965577,DR,TSBSGB2A,CHAPS,52540.52,2.783665487548224,
2026-08-24 10:33:00,1,TXN00965583,DR,COBAGB2X,CHAPS,135941.01,73.2554261503331,
2026-08-24 10:33:00,2,TXN00965581,DR,CHASGB2L,INTERNAL,37080.21,19.981656641317013,
2026-08-24 10:33:00,3,TXN00965582,DR,CHASGB2L,FPS,12550.03,6.762917208349893,
2026-08-24 10:34:00,1,TXN00965589,DR,NWBKGB2L,CHAPS,611079.01,70.04039169041867,
2026-08-24 10:34:00,2,TXN00965586,DR,TSBSGB2A,CHAPS,89653.15,10.275826267179196,
2026-08-24 10:34:00,3,TXN00965585,DR,CITIGB2L,CHAPS,84788.11,9.718207200555463,
2026-08-24 10:34:00,4,TXN00965587,DR,CHASGB2L,CHAPS,44914.77,5.148021830245922,
2026-08-24 10:34:00,5,TXN00965584,DR,NWBKGB2L,FPS,23194.74,2.6585247540369967,
2026-08-24 10:35:00,1,TXN00965594,DR,CHASGB2L,CHAPS,1858224.04,62.82777538428381,173.70181369684656
2026-08-24 10:35:00,2,TXN00965598,DR,TSBSGB2A,INTERNAL,354340.82,11.980495876289998,33.12283221824416
2026-08-24 10:35:00,3,TXN00965590,DR,RBOSGB2L,CHAPS,206643.58,6.9867551755730615,19.316489218818525
2026-08-24 10:35:00,4,TXN00965595,DR,CHASGB2L,CHAPS,195133.85,6.597603643998993,18.240590439594357
2026-08-24 10:35:00,5,TXN00965597,DR,BNPAGB22,CHAPS,107228.37,3.6254616236602324,10.023421260203119
2026-08-24 10:36:00,1,TXN00965599,DR,NWBKGB2L,BACS,325729.78,24.997509878581614,
2026-08-24 10:36:00,2,TXN00965603,DR,NWBKGB2L,BACS,289313.16,22.202785926124598,
2026-08-24 10:36:00,3,TXN00965604,DR,BARCGB22,CHAPS,288854.93,22.167619939914612,
2026-08-24 10:36:00,4,TXN00965605,DR,BOFAGB22,FPS,243035.08,18.65126305964985,
2026-08-24 10:36:00,5,TXN00965601,DR,BOFAGB22,CHAPS,84396.13,6.476819814844863,
2026-08-24 10:37:00,1,TXN00965614,DR,BNPAGB22,CHAPS,5837054.72,82.42641490332994,112.38797252632503
2026-08-24 10:37:00,2,TXN00965609,DR,NWBKGB2L,CHAPS,268813.51,3.7959784462805986,5.175796155048722
2026-08-24 10:37:00,3,TXN00965617,DR,BOFAGB22,CHAPS,248735.97,3.5124588080959827,4.789218656265879
2026-08-24 10:37:00,4,TXN00965615,DR,BARCGB22,FPS,204937.31,2.8939676863663784,3.9459093448243285
2026-08-24 10:37:00,5,TXN00965607,DR,BOFAGB22,FPS,149050.99,2.1047838906488927,2.8698614922598407
2026-08-24 10:38:00,1,TXN00965622,DR,MIDLGB22,INTERNAL,1653030.4,81.64103341759409,1532.5527315399775
2026-08-24 10:38:00,2,TXN00965619,DR,CITIGB2L,CHAPS,209154.67,10.329878629525425,193.9108686826586
2026-08-24 10:38:00,3,TXN00965621,DR,BARCGB22,FPS,135435.81,6.688999482495255,125.56485383682562
2026-08-24 10:38:00,4,TXN00965618,DR,HSBCGB2L,FPS,17239.72,0.8514474728534728,15.983239011807877
2026-08-24 10:38:00,5,TXN00965620,CR,BARCGB22,FPS,9893.78,0.48864099753175994,9.172692507201077
2026-08-24 10:39:00,1,TXN00965625,DR,NWBKGB2L,BACS,413698.67,46.87333671067177,
2026-08-24 10:39:00,2,TXN00965628,DR,CHASGB2L,CHAPS,278972.7,31.608468309035715,
2026-08-24 10:39:00,3,TXN00965629,DR,TSBSGB2A,SWIFT,117551.95,13.31899890648924,
2026-08-24 10:39:00,4,TXN00965623,CR,MIDLGB22,CHAPS,40766.59,4.618980524196282,
2026-08-24 10:39:00,5,TXN00965626,DR,LOYDGB2L,INTERNAL,14587.27,1.6527827328994822,
2026-08-24 10:40:00,1,TXN00965634,DR,TSBSGB2A,CHAPS,3117442.91,63.36307224596712,104.82345777048485
2026-08-24 10:40:00,2,TXN00965632,DR,RBOSGB2L,INTERNAL,1348527.38,27.409271082563226,45.343990876731915
2026-08-24 10:40:00,3,TXN00965636,CR,NTSBGB2L,FPS,121871.82,2.477085598147329,4.0979180520685565
2026-08-24 10:40:00,4,TXN00965630,DR,DEUTGB2L,CHAPS,113786.27,2.3127440837750965,3.826042885964506
2026-08-24 10:40:00,5,TXN00965633,DR,COBAGB2X,FPS,71132.13,1.4457843887827684,2.3918050916863907
2026-08-24 10:41:00,1,TXN00965644,DR,BOFAGB22,BACS,1196595.68,43.6698465784725,150.68169825394594
2026-08-24 10:41:00,2,TXN00965639,DR,BNPAGB22,BACS,676829.93,24.70095763910687,85.23002797528014
2026-08-24 10:41:00,3,TXN00965640,DR,HSBCGB2L,FPS,339868.68,12.40353225446039,42.798073519475615
2026-08-24 10:41:00,4,TXN00965641,DR,BOFAGB22,BACS,161351.28,5.888526726788917,20.318212151533043
2026-08-24 10:41:00,5,TXN00965643,DR,SANTGB2L,BACS,106581.15,3.889686839465411,13.421265806223328
2026-08-24 10:42:00,1,TXN00965655,DR,SANTGB2L,INTERNAL,1116714.57,35.03561588841156,90.17016971626381
2026-08-24 10:42:00,2,TXN00965648,DR,SANTGB2L,CHAPS,686149.6,21.52714263196838,55.403795692167364
2026-08-24 10:42:00,3,TXN00965653,DR,BARCGB22,CHAPS,522079.2,16.37962538138031,42.15577671681246
2026-08-24 10:42:00,4,TXN00965652,DR,LOYDGB2L,FPS,437669.01,13.731354217596856,35.339996424734714
2026-08-24 10:42:00,5,TXN00965650,DR,BNPAGB22,SWIFT,172470.0,5.411044894197397,13.926252588397785
2026-08-24 10:43:00,1,TXN00965662,DR,NWBKGB2L,BACS,1630405.1,70.58917714915987,457.643515935323
2026-08-24 10:43:00,2,TXN00965664,CR,CHASGB2L,FPS,325666.03,14.099868237123163,91.41221834371004
2026-08-24 10:43:00,3,TXN00965659,DR,RBOSGB2L,FPS,116476.8,5.042919375661462,32.694237939328964
2026-08-24 10:43:00,4,TXN00965661,DR,BOFAGB22,SWIFT,106054.15,4.591665704280227,29.768671654383404
2026-08-24 10:43:00,5,TXN00965660,DR,NWBKGB2L,CHAPS,53413.84,2.3125780298263794,14.992898106861167
2026-08-24 10:44:00,1,TXN00965667,CR,BOFAGB22,CHAPS,877520.6,75.23730811775206,
2026-08-24 10:44:00,2,TXN00965665,DR,MIDLGB22,CHAPS,89619.89,7.683875771587638,
2026-08-24 10:44:00,3,TXN00965668,DR,CITIGB2L,FPS,67218.11,5.763180548881646,
2026-08-24 10:44:00,4,TXN00965666,DR,TSBSGB2A,CHAPS,50609.19,4.339156507117732,
2026-08-24 10:44:00,5,TXN00965670,DR,BOFAGB22,CHAPS,40774.88,3.495977427794135,
2026-08-24 10:45:00,1,TXN00965674,DR,RBOSGB2L,CHAPS,654106.4,27.87075976647847,109.92600718044727
2026-08-24 10:45:00,2,TXN00965672,DR,TSBSGB2A,BACS,415400.18,17.69974827295974,69.81017640163601
2026-08-24 10:45:00,3,TXN00965679,DR,DEUTGB2L,CHAPS,294844.79,12.563014687652945,49.55021155985855
2026-08-24 10:45:00,4,TXN00965676,DR,MIDLGB22,CHAPS,292916.79,12.480864712007133,49.22620105966485
2026-08-24 10:45:00,5,TXN00965675,DR,BARCGB22,SWIFT,249183.81,10.617450167443424,41.87664466715386
2026-08-24 10:46:00,1,TXN00965685,DR,COBAGB2X,FPS,1398815.36,49.53895895488394,130.51296991009715
2026-08-24 10:46:00,2,TXN00965682,CR,RBOSGB2L,CHAPS,504490.39,17.86649577778685,47.070214534964194
2026-08-24 10:46:00,3,TXN00965683,DR,SANTGB2L,INTERNAL,328870.41,11.646925111306935,30.684431378170817
2026-08-24 10:46:00,4,TXN00965691,DR,DEUTGB2L,CHAPS,194617.54,6.892368072052399,18.15830299575573
2026-08-24 10:46:00,5,TXN00965689,DR,COBAGB2X,FPS,85991.86,3.0453963723947997,8.02325550435283
2026-08-24 10:47:00,1,TXN00965700,DR,NTSBGB2L,CHAPS,641674.38,50.653724372016754,
2026-08-24 10:47:00,2,TXN00965693,DR,HSBCGB2L,CHAPS,178973.88,14.128183810783286,
2026-08-24 10:47:00,3,TXN00965697,DR,NWBKGB2L,CHAPS,111021.62,8.764037826809888,
2026-08-24 10:47:00,4,TXN00965701,DR,DEUTGB2L,CHAPS,87678.55,6.921337743043582,
2026-08-24 10:47:00,5,TXN00965699,DR,NWBKGB2L,SWIFT,62077.32,4.900378689006538,
2026-08-24 10:48:00,1,TXN00965703,DR,NTSBGB2L,CHAPS,175112.01,27.98465612732283,
2026-08-24 10:48:00,2,TXN00965708,DR,LOYDGB2L,FPS,152384.32,24.35254323444704,
2026-08-24 10:48:00,3,TXN00965707,DR,BNPAGB22,SWIFT,94114.28,15.040406208977764,
2026-08-24 10:48:00,4,TXN00965706,DR,COBAGB2X,INTERNAL,77823.43,12.436964930039801,
2026-08-24 10:48:00,5,TXN00965705,DR,SANTGB2L,SWIFT,76166.45,12.172162901270609,
2026-08-24 10:49:00,1,TXN00965713,DR,BNPAGB22,CHAPS,294031.61,32.41537459534472,
2026-08-24 10:49:00,2,TXN00965711,DR,BNPAGB22,SWIFT,272182.12,30.00658799220624,
2026-08-24 10:49:00,3,TXN00965712,DR,LOYDGB2L,CHAPS,181285.73,19.98575883300616,
2026-08-24 10:49:00,4,TXN00965710,DR,SANTGB2L,CHAPS,96882.77,10.680794766877703,
2026-08-24 10:49:00,5,TXN00965709,DR,CITIGB2L,FPS,62692.31,6.911483812565172,
2026-08-24 10:50:00,1,TXN00965717,DR,CITIGB2L,CHAPS,43456.48,44.087101905658535,
2026-08-24 10:50:00,2,TXN00965715,DR,HSBCGB2L,FPS,28196.23,28.605401665422196,
2026-08-24 10:50:00,3,TXN00965714,DR,BARCGB22,CHAPS,13507.66,13.703677401551795,
2026-08-24 10:50:00,4,TXN00965716,DR,NWBKGB2L,SWIFT,13409.23,13.603819027367463,
2026-08-24 10:51:00,1,TXN00965721,DR,LOYDGB2L,FPS,1370329.23,62.04937697424132,280.369823115121
2026-08-24 10:51:00,2,TXN00965722,DR,DEUTGB2L,CHAPS,492016.23,22.278807066470456,100.66668677487723
2026-08-24 10:51:00,3,TXN00965720,DR,LOYDGB2L,SWIFT,130796.16,5.922533111713003,26.76093849602629
2026-08-24 10:51:00,4,TXN00965719,DR,CHASGB2L,FPS,95666.24,4.331828045051804,19.573345003294367
2026-08-24 10:51:00,5,TXN00965718,DR,BOFAGB22,CHAPS,88855.97,4.023454698504736,18.179961461978376
2026-08-24 10:52:00,1,TXN00965728,DR,NTSBGB2L,CHAPS,526689.95,48.84924127899195,
2026-08-24 10:52:00,2,TXN00965724,DR,RBOSGB2L,CHAPS,205668.55,19.075269278349474,
2026-08-24 10:52:00,3,TXN00965726,DR,BARCGB22,SWIFT,140367.72,13.018772471473937,
2026-08-24 10:52:00,4,TXN00965729,DR,NWBKGB2L,FPS,96941.42,8.991086341229972,
2026-08-24 10:52:00,5,TXN00965725,DR,COBAGB2X,CHAPS,77861.83,7.221499707928459,
2026-08-24 10:53:00,1,TXN00965732,CR,DEUTGB2L,BACS,341818.73,50.96311657836103,
2026-08-24 10:53:00,2,TXN00965730,DR,BOFAGB22,FPS,298021.27,44.433178737283384,
2026-08-24 10:53:00,3,TXN00965731,CR,NTSBGB2L,FPS,30877.87,4.603704684355584,
2026-08-24 10:54:00,1,TXN00965741,DR,RBOSGB2L,FPS,717967.57,43.44157459949582,
2026-08-24 10:54:00,2,TXN00965734,DR,CITIGB2L,INTERNAL,227440.57,13.761591611452383,
2026-08-24 10:54:00,3,TXN00965736,DR,SANTGB2L,CHAPS,167803.42,10.153167207789801,
2026-08-24 10:54:00,4,TXN00965740,DR,MIDLGB22,BACS,156107.35,9.445481068949402,
2026-08-24 10:54:00,5,TXN00965733,DR,NWBKGB2L,BACS,117278.64,7.096098767368301,
2026-08-24 10:55:00,1,TXN00965746,DR,SANTGB2L,FPS,708277.48,35.47616837786311,255.8840806244096
2026-08-24 10:55:00,2,TXN00965749,DR,BARCGB22,CHAPS,298320.96,14.942285906938292,107.77638247172743
2026-08-24 10:55:00,3,TXN00965743,CR,SANTGB2L,CHAPS,247672.94,12.405430315362262,89.47843795265743
2026-08-24 10:55:00,4,TXN00965744,DR,NWBKGB2L,CHAPS,223668.3,11.203087060724279,80.80612320234243
2026-08-24 10:55:00,5,TXN00965751,DR,TSBSGB2A,FPS,178191.12,8.925228254553584,64.37628218340903
2026-08-24 10:56:00,1,TXN00965755,DR,MIDLGB22,BACS,208182.27,65.79689896382867,
2026-08-24 10:56:00,2,TXN00965753,DR,SANTGB2L,CHAPS,85797.33,27.116613981470497,
2026-08-24 10:56:00,3,TXN00965754,DR,COBAGB2X,CHAPS,14202.6,4.488792620157677,
2026-08-24 10:56:00,4,TXN00965756,CR,MIDLGB22,BACS,8219.14,2.597694434543166,
2026-08-24 10:57:00,1,TXN00965762,DR,BNPAGB22,CHAPS,381577.81,35.1296048466649,
2026-08-24 10:57:00,2,TXN00965760,DR,HSBCGB2L,FPS,268807.21,24.747484837324453,
2026-08-24 10:57:00,3,TXN00965759,DR,BOFAGB22,BACS,177620.74,16.352487606059185,
2026-08-24 10:57:00,4,TXN00965757,DR,BNPAGB22,FPS,142255.01,13.096574690122479,
2026-08-24 10:57:00,5,TXN00965758,DR,RBOSGB2L,FPS,96951.59,8.925757621901202,
2026-08-24 10:58:00,1,TXN00965764,DR,BOFAGB22,INTERNAL,4260262.82,75.50969872524662,108.61601387007937
2026-08-24 10:58:00,2,TXN00965769,DR,HSBCGB2L,FPS,824201.79,14.608307393511696,21.013143281705858
2026-08-24 10:58:00,3,TXN00965767,DR,RBOSGB2L,SWIFT,276324.31,4.897623991789702,7.044928060940642
2026-08-24 10:58:00,4,TXN00965768,DR,CITIGB2L,CHAPS,165031.29,2.92504559334647,4.207496495166252
2026-08-24 10:58:00,5,TXN00965763,DR,TSBSGB2A,INTERNAL,51851.26,0.9190214750939781,1.3219553378026316
2026-08-24 10:59:00,1,TXN00965779,DR,CITIGB2L,FPS,1502331.18,36.52207269689851,63.18493097746723
2026-08-24 10:59:00,2,TXN00965770,DR,NWBKGB2L,CHAPS,1285982.13,31.262569441427942,54.085739019479234
2026-08-24 10:59:00,3,TXN00965777,DR,CHASGB2L,CHAPS,579892.75,14.097347811089424,24.389085356721186
2026-08-24 10:59:00,4,TXN00965774,DR,CHASGB2L,CHAPS,197877.31,4.810450316878015,8.32230891617179
2026-08-24 10:59:00,5,TXN00965772,DR,NTSBGB2L,CHAPS,172619.03,4.196414776220051,7.2599980890680476
2026-08-24 11:00:00,1,TXN00965780,DR,BARCGB22,CHAPS,156404.14,51.18182881119703,
2026-08-24 11:00:00,2,TXN00965782,CR,NTSBGB2L,CHAPS,57126.12,18.69400192659797,
2026-08-24 11:00:00,3,TXN00965783,DR,BNPAGB22,FPS,57044.95,18.667439784159765,
2026-08-24 11:00:00,4,TXN00965781,DR,CITIGB2L,CHAPS,35010.08,11.456729478045228,
2026-08-24 11:01:00,1,TXN00965785,DR,CITIGB2L,SWIFT,456323.13,64.22067356711419,
2026-08-24 11:01:00,2,TXN00965784,DR,BARCGB22,BACS,199644.04,28.09692053624345,
2026-08-24 11:01:00,3,TXN00965786,DR,SANTGB2L,CHAPS,54587.71,7.682405896642353,
2026-08-24 11:02:00,1,TXN00965791,DR,DEUTGB2L,CHAPS,256001.77,20.097333381775943,
2026-08-24 11:02:00,2,TXN00965792,DR,HSBCGB2L,BACS,250281.98,19.648303179743557,
2026-08-24 11:02:00,3,TXN00965793,DR,MIDLGB22,CHAPS,242389.13,19.02867762878604,
2026-08-24 11:02:00,4,TXN00965787,CR,COBAGB2X,BACS,203596.13,15.983246130873995,
2026-08-24 11:02:00,5,TXN00965789,DR,NTSBGB2L,BACS,154416.04,12.122379604538084,
2026-08-24 11:03:00,1,TXN00965794,DR,CITIGB2L,CHAPS,1340105.57,81.93776812939414,971.6004606251252
2026-08-24 11:03:00,2,TXN00965797,DR,BARCGB22,INTERNAL,194020.98,11.862980370626934,140.6686739903172
2026-08-24 11:03:00,3,TXN00965795,DR,BNPAGB22,SWIFT,73305.77,4.4821179161330535,53.147991839538044
2026-08-24 11:03:00,4,TXN00965796,DR,HSBCGB2L,FPS,28084.0,1.7171335838458646,20.361401330639953
2026-08-24 11:04:00,1,TXN00965800,DR,LOYDGB2L,CHAPS,170439.74,49.14109770204471,
2026-08-24 11:04:00,2,TXN00965798,DR,BNPAGB22,CHAPS,133497.47,38.4899215185718,
2026-08-24 11:04:00,3,TXN00965799,DR,CHASGB2L,CHAPS,42900.26,12.368980779383497,
2026-08-24 11:05:00,1,TXN00965804,DR,HSBCGB2L,FPS,1034868.25,47.13561141523347,143.3936463478604
2026-08-24 11:05:00,2,TXN00965803,CR,RBOSGB2L,FPS,501430.94,22.838901415146566,69.47938626799615
2026-08-24 11:05:00,3,TXN00965802,DR,BOFAGB22,INTERNAL,371769.22,16.933140513359497,51.51316996699813
2026-08-24 11:05:00,4,TXN00965801,CR,RBOSGB2L,CHAPS,246634.67,11.23358066753361,34.17424840997997
2026-08-24 11:05:00,5,TXN00965805,CR,BARCGB22,BACS,40809.44,1.85876598872686,5.654646769783717
2026-08-24 11:06:00,1,TXN00965807,DR,HSBCGB2L,SWIFT,196212.62,38.03021800728583,
2026-08-24 11:06:00,2,TXN00965808,DR,BARCGB22,CHAPS,148390.22,28.76121024605403,
2026-08-24 11:06:00,3,TXN00965810,DR,RBOSGB2L,FPS,75922.34,14.715379376837623,
2026-08-24 11:06:00,4,TXN00965806,DR,SANTGB2L,FPS,53929.07,10.452611503939849,
2026-08-24 11:06:00,5,TXN00965809,DR,NTSBGB2L,CHAPS,41484.47,8.040580865882678,
2026-08-24 11:07:00,1,TXN00965811,DR,BARCGB22,INTERNAL,379772.75,44.83292398810272,
2026-08-24 11:07:00,2,TXN00965815,DR,MIDLGB22,SWIFT,263720.19,31.132689832006132,
2026-08-24 11:07:00,3,TXN00965814,DR,CHASGB2L,CHAPS,91828.91,10.840584380897065,
2026-08-24 11:07:00,4,TXN00965813,DR,SANTGB2L,SWIFT,46970.76,5.544991084124429,
2026-08-24 11:07:00,5,TXN00965816,DR,CITIGB2L,FPS,43369.45,5.119849318456423,
2026-08-24 11:08:00,1,TXN00965818,DR,BARCGB22,BACS,893158.28,51.84907295367164,396.9183469722535
2026-08-24 11:08:00,2,TXN00965819,DR,BOFAGB22,CHAPS,400615.95,23.256309752795964,178.03319322608638
2026-08-24 11:08:00,3,TXN00965821,DR,SANTGB2L,BACS,259051.22,15.038281461733346,115.12201624951132
2026-08-24 11:08:00,4,TXN00965817,DR,MIDLGB22,CHAPS,100467.64,5.8322853994515045,44.64768505869246
2026-08-24 11:08:00,5,TXN00965822,DR,NWBKGB2L,SWIFT,49197.41,2.8559776663792387,21.863263309294087
2026-08-24 11:09:00,1,TXN00965828,DR,SANTGB2L,CHAPS,151515.97,20.22381006667721,
2026-08-24 11:09:00,2,TXN00965824,DR,TSBSGB2A,CHAPS,136540.34,18.224916506157925,
2026-08-24 11:09:00,3,TXN00965829,DR,CHASGB2L,CHAPS,80314.33,10.72006967682968,
2026-08-24 11:09:00,4,TXN00965823,DR,MIDLGB22,CHAPS,77811.08,10.38594481494608,
2026-08-24 11:09:00,5,TXN00965827,DR,NTSBGB2L,CHAPS,67654.54,9.030286161309702,
2026-08-24 11:10:00,1,TXN00965832,DR,HSBCGB2L,INTERNAL,245752.12,31.20422113602701,
2026-08-24 11:10:00,2,TXN00965833,DR,NTSBGB2L,FPS,243859.65,30.963925946006686,
2026-08-24 11:10:00,3,TXN00965835,CR,NTSBGB2L,FPS,227097.9,28.835613263996862,
2026-08-24 11:10:00,4,TXN00965834,DR,CHASGB2L,BACS,70850.83,8.996239653969441,
2026-08-24 11:11:00,1,TXN00965842,DR,CITIGB2L,FPS,135424.47,26.064035076391065,
2026-08-24 11:11:00,2,TXN00965840,CR,DEUTGB2L,CHAPS,115280.29,22.1870502589121,
2026-08-24 11:11:00,3,TXN00965841,DR,HSBCGB2L,CHAPS,89852.48,17.293168586302954,
2026-08-24 11:11:00,4,TXN00965837,DR,LOYDGB2L,BACS,59342.49,11.421161484925037,
2026-08-24 11:11:00,5,TXN00965836,DR,COBAGB2X,CHAPS,43866.83,8.442688354697522,
2026-08-24 11:12:00,1,TXN00965846,DR,CHASGB2L,SWIFT,351286.54,71.10249482366959,
2026-08-24 11:12:00,2,TXN00965847,DR,DEUTGB2L,FPS,79590.93,16.10967983098939,
2026-08-24 11:12:00,3,TXN00965845,DR,NTSBGB2L,CHAPS,47536.72,9.621716185693396,
2026-08-24 11:12:00,4,TXN00965844,DR,CHASGB2L,CHAPS,15642.37,3.166109159647632,
2026-08-24 11:13:00,1,TXN00965853,DR,BOFAGB22,FPS,774708.59,44.39924747577288,285.8137534323822
2026-08-24 11:13:00,2,TXN00965851,DR,BNPAGB22,FPS,369746.3,21.190493675759246,136.4107474537434
2026-08-24 11:13:00,3,TXN00965852,DR,BOFAGB22,FPS,229736.9,13.166428782488248,84.75698674119498
2026-08-24 11:13:00,4,TXN00965850,DR,TSBSGB2A,FPS,183620.93,10.523480981153918,67.74339137254786
2026-08-24 11:13:00,5,TXN00965849,CR,MIDLGB22,CHAPS,115260.65,6.605691726702607,42.523187976470105
2026-08-24 11:14:00,1,TXN00965858,DR,NTSBGB2L,CHAPS,613920.77,41.61297820617895,
2026-08-24 11:14:00,2,TXN00965856,DR,CITIGB2L,CHAPS,460208.13,31.193977822246296,
2026-08-24 11:14:00,3,TXN00965855,DR,CHASGB2L,CHAPS,310322.71,21.034395314744593,
2026-08-24 11:14:00,4,TXN00965854,DR,BARCGB22,CHAPS,83375.91,5.651413171361408,
2026-08-24 11:14:00,5,TXN00965857,CR,RBOSGB2L,BACS,7483.3,0.5072354854687502,
2026-08-24 11:15:00,1,TXN00965861,DR,NWBKGB2L,INTERNAL,159553.71,47.670478124823546,
2026-08-24 11:15:00,2,TXN00965863,DR,RBOSGB2L,CHAPS,62885.55,18.788558634221026,
2026-08-24 11:15:00,3,TXN00965864,CR,COBAGB2X,BACS,51661.53,15.435114832239973,
2026-08-24 11:15:00,4,TXN00965862,DR,HSBCGB2L,CHAPS,43367.27,12.957006740039555,
2026-08-24 11:15:00,5,TXN00965859,DR,SANTGB2L,CHAPS,12963.25,3.873080265896787,
2026-08-24 11:16:00,1,TXN00965866,DR,TSBSGB2A,CHAPS,250620.02,45.51102721641654,
2026-08-24 11:16:00,2,TXN00965869,DR,BARCGB22,CHAPS,171566.97,31.155488061600664,
2026-08-24 11:16:00,3,TXN00965865,CR,BOFAGB22,FPS,85227.85,15.476844192042863,
2026-08-24 11:16:00,4,TXN00965867,DR,RBOSGB2L,CHAPS,21848.22,3.967500022744616,
2026-08-24 11:16:00,5,TXN00965868,DR,HSBCGB2L,INTERNAL,21416.71,3.889140507195316,
2026-08-24 11:17:00,1,TXN00965871,DR,SANTGB2L,CHAPS,123633.3,41.238332420119164,
2026-08-24 11:17:00,2,TXN00965870,CR,HSBCGB2L,CHAPS,84154.49,28.070033180911565,
2026-08-24 11:17:00,3,TXN00965872,DR,MIDLGB22,SWIFT,64023.15,21.355152230694742,
2026-08-24 11:17:00,4,TXN00965873,DR,COBAGB2X,FPS,27990.95,9.336482168274522,
2026-08-24 11:18:00,1,TXN00965880,DR,LOYDGB2L,FPS,663667.03,47.760900293868986,180.90486478143077
2026-08-24 11:18:00,2,TXN00965876,DR,LOYDGB2L,BACS,421992.16,30.368730956176034,115.02821624817479
2026-08-24 11:18:00,3,TXN00965877,DR,CHASGB2L,FPS,198274.56,14.268859326898827,54.046428171062956
2026-08-24 11:18:00,4,TXN00965878,DR,HSBCGB2L,FPS,66494.96,4.78532006419666,18.12544725545075
2026-08-24 11:18:00,5,TXN00965879,DR,BNPAGB22,CHAPS,24371.54,1.75390163942307,6.643286390488965
2026-08-24 11:19:00,1,TXN00965881,DR,DEUTGB2L,CHAPS,14693.71,100.0,
2026-08-24 11:20:00,1,TXN00965883,DR,DEUTGB2L,CHAPS,991727.17,72.51673122163163,287.5553011520064
2026-08-24 11:20:00,2,TXN00965885,DR,DEUTGB2L,BACS,176402.9,12.89887186010681,51.14873381313862
2026-08-24 11:20:00,3,TXN00965882,DR,BARCGB22,BACS,136161.76,9.956373134946292,39.48065262968163
2026-08-24 11:20:00,4,TXN00965884,DR,LOYDGB2L,FPS,63292.11,4.6280237833152675,18.35180309882598
2026-08-24 11:21:00,1,TXN00965886,DR,BARCGB22,FPS,438038.16,52.93003739555958,
2026-08-24 11:21:00,2,TXN00965887,DR,TSBSGB2A,CHAPS,113154.6,13.672957647067978,
2026-08-24 11:21:00,3,TXN00965891,DR,LOYDGB2L,SWIFT,96418.03,11.650605813672,
2026-08-24 11:21:00,4,TXN00965888,DR,BOFAGB22,CHAPS,92198.29,11.140716456088317,
2026-08-24 11:21:00,5,TXN00965889,DR,DEUTGB2L,SWIFT,54471.57,6.582034398772111,
2026-08-24 11:22:00,1,TXN00965895,CR,DEUTGB2L,CHAPS,295597.84,51.8611935888289,
2026-08-24 11:22:00,2,TXN00965892,DR,CHASGB2L,SWIFT,215238.33,37.762511051725674,
2026-08-24 11:22:00,3,TXN00965894,DR,LOYDGB2L,CHAPS,30714.46,5.388701609038623,
2026-08-24 11:22:00,4,TXN00965893,DR,DEUTGB2L,FPS,28428.23,4.9875937504068135,
2026-08-24 11:23:00,1,TXN00965899,DR,MIDLGB22,INTERNAL,2238195.59,74.95490029911993,112.19099769616321
2026-08-24 11:23:00,2,TXN00965898,DR,RBOSGB2L,CHAPS,274662.36,9.19816386990602,13.767627965875292
2026-08-24 11:23:00,3,TXN00965897,DR,HSBCGB2L,CHAPS,206264.69,6.9075952715012185,10.339150637228187
2026-08-24 11:23:00,4,TXN00965901,DR,LOYDGB2L,BACS,121584.5,4.071741592261089,6.0945014905463
2026-08-24 11:23:00,5,TXN00965896,DR,NWBKGB2L,SWIFT,90435.09,3.028579443538238,4.533117221378455
2026-08-24 11:24:00,1,TXN00965908,DR,BNPAGB22,FPS,797334.88,47.34735109513112,115.06516922778745
2026-08-24 11:24:00,2,TXN00965905,DR,BOFAGB22,CHAPS,379433.26,22.531511199397386,54.75685733521538
2026-08-24 11:24:00,3,TXN00965904,CR,LOYDGB2L,INTERNAL,225299.77,13.378754121282501,32.513510712125864
2026-08-24 11:24:00,4,TXN00965902,DR,CHASGB2L,CHAPS,156323.39,9.282797750815956,22.559375960840217
2026-08-24 11:24:00,5,TXN00965906,CR,NTSBGB2L,CHAPS,69278.93,4.113922398835746,9.997796414437607
2026-08-24 11:25:00,1,TXN00965910,DR,SANTGB2L,CHAPS,1636145.98,75.66996048595277,139.70496670545228
2026-08-24 11:25:00,2,TXN00965913,CR,SANTGB2L,CHAPS,246470.37,11.398984801379497,21.04527056609613
2026-08-24 11:25:00,3,TXN00965914,DR,HSBCGB2L,CHAPS,185622.47,8.584836036577222,15.849674361656785
2026-08-24 11:25:00,4,TXN00965912,DR,CITIGB2L,CHAPS,43573.16,2.015210950460605,3.720564632656644
2026-08-24 11:25:00,5,TXN00965911,DR,COBAGB2X,INTERNAL,26796.76,1.239320815586125,2.2880846265404724
2026-08-24 11:26:00,1,TXN00965916,DR,CHASGB2L,BACS,121103.22,55.40885131720632,
2026-08-24 11:26:00,2,TXN00965915,DR,NTSBGB2L,SWIFT,97459.73,44.59114868279367,
2026-08-24 11:27:00,1,TXN00965917,DR,CHASGB2L,SWIFT,528086.25,69.71879634948634,
2026-08-24 11:27:00,2,TXN00965920,DR,BOFAGB22,SWIFT,130823.78,17.271565914639897,
2026-08-24 11:27:00,3,TXN00965918,DR,LOYDGB2L,CHAPS,54477.43,7.192197955946396,
2026-08-24 11:27:00,4,TXN00965919,DR,NTSBGB2L,CHAPS,44064.3,5.817439779927371,
2026-08-24 11:28:00,1,TXN00965923,DR,RBOSGB2L,SWIFT,257545.57,55.156796196597746,
2026-08-24 11:28:00,2,TXN00965922,DR,BARCGB22,FPS,139184.88,29.8082861988576,
2026-08-24 11:28:00,3,TXN00965921,DR,BOFAGB22,SWIFT,70203.07,15.034917604544649,
2026-08-24 11:29:00,1,TXN00965926,DR,HSBCGB2L,SWIFT,191133.72,36.47468888485976,
2026-08-24 11:29:00,2,TXN00965924,DR,HSBCGB2L,SWIFT,186084.21,35.51107395458483,
2026-08-24 11:29:00,3,TXN00965928,DR,NWBKGB2L,FPS,66887.79,12.764421319513028,
2026-08-24 11:29:00,4,TXN00965929,DR,TSBSGB2A,CHAPS,31674.73,6.044594968705334,
2026-08-24 11:29:00,5,TXN00965930,DR,NWBKGB2L,CHAPS,26331.2,5.024871215633847,
2026-08-24 11:30:00,1,TXN00965939,DR,TSBSGB2A,CHAPS,1849612.5,44.34460895843803,60.08936905402332
2026-08-24 11:30:00,2,TXN00965940,DR,MIDLGB22,SWIFT,1039694.16,24.926751393371152,33.77711065617948
2026-08-24 11:30:00,3,TXN00965938,DR,COBAGB2X,BACS,453156.07,10.864453349711127,14.721928149437153
2026-08-24 11:30:00,4,TXN00965936,DR,BARCGB22,CHAPS,274341.87,6.577368473708217,8.912693806622139
2026-08-24 11:30:00,5,TXN00965932,DR,MIDLGB22,CHAPS,254504.33,6.1017618512414185,8.268220836103206
2026-08-24 11:31:00,1,TXN00965942,DR,NTSBGB2L,FPS,697667.73,48.13933053993161,222.8545253199431
2026-08-24 11:31:00,2,TXN00965941,DR,TSBSGB2A,SWIFT,582780.35,40.212058970861435,186.15629286027072
2026-08-24 11:31:00,3,TXN00965943,DR,CHASGB2L,FPS,79516.64,5.486677470928385,25.399831897394478
2026-08-24 11:31:00,4,TXN00965945,DR,COBAGB2X,CHAPS,46751.73,3.2258866033314124,14.933806092817482
2026-08-24 11:31:00,5,TXN00965944,CR,CHASGB2L,CHAPS,42551.17,2.936046414947158,13.592030108886078
2026-08-24 11:32:00,1,TXN00965947,DR,DEUTGB2L,CHAPS,219149.42,59.28634846446327,
2026-08-24 11:32:00,2,TXN00965949,DR,LOYDGB2L,CHAPS,92905.68,25.13371250906307,
2026-08-24 11:32:00,3,TXN00965948,DR,HSBCGB2L,FPS,37747.38,10.21177388605688,
2026-08-24 11:32:00,4,TXN00965946,DR,MIDLGB22,FPS,19843.19,5.368165140416766,
2026-08-24 11:33:00,1,TXN00965954,DR,CHASGB2L,CHAPS,1057306.57,46.117341546708275,94.27023876507712
2026-08-24 11:33:00,2,TXN00965952,DR,HSBCGB2L,FPS,526817.84,22.978612778485914,46.97146974363566
2026-08-24 11:33:00,3,TXN00965956,DR,BARCGB22,CHAPS,485382.3,21.171287443931064,43.27704623394357
2026-08-24 11:33:00,4,TXN00965955,DR,TSBSGB2A,CHAPS,76353.17,3.3303540514875265,6.807705324644416
2026-08-24 11:33:00,5,TXN00965953,DR,BARCGB22,FPS,75868.38,3.3092085988413475,6.764481088318218
2026-08-24 11:34:00,1,TXN00965958,DR,BOFAGB22,CHAPS,315639.57,38.684067085401466,
2026-08-24 11:34:00,2,TXN00965960,DR,NWBKGB2L,CHAPS,210206.17,25.76238962068446,
2026-08-24 11:34:00,3,TXN00965959,CR,BARCGB22,BACS,171088.56,20.96822439779884,
2026-08-24 11:34:00,4,TXN00965957,DR,BNPAGB22,SWIFT,119007.75,14.585318896115233,
2026-08-24 11:35:00,1,TXN00965962,DR,HSBCGB2L,FPS,205108.96,54.954658760543374,
2026-08-24 11:35:00,2,TXN00965963,DR,BNPAGB22,FPS,92590.86,24.807785655220744,
2026-08-24 11:35:00,3,TXN00965961,DR,NTSBGB2L,CHAPS,75533.25,20.237555584235878,
2026-08-24 11:36:00,1,TXN00965964,DR,DEUTGB2L,FPS,479118.24,86.60492759120358,
2026-08-24 11:36:00,2,TXN00965965,CR,SANTGB2L,CHAPS,39741.02,7.183546507226636,
2026-08-24 11:36:00,3,TXN00965966,DR,DEUTGB2L,CHAPS,34363.58,6.211525901569791,
2026-08-24 11:37:00,1,TXN00965968,DR,SANTGB2L,SWIFT,150050.91,30.964593125959798,
2026-08-24 11:37:00,2,TXN00965969,CR,TSBSGB2A,INTERNAL,145996.19,30.127858746676846,
2026-08-24 11:37:00,3,TXN00965971,DR,CITIGB2L,CHAPS,100127.46,20.662360925607278,
2026-08-24 11:37:00,4,TXN00965967,DR,MIDLGB22,CHAPS,47347.61,9.770680358663771,
2026-08-24 11:37:00,5,TXN00965970,DR,CITIGB2L,FPS,41066.5,8.474506843092307,
2026-08-24 11:38:00,1,TXN00965975,CR,CITIGB2L,SWIFT,2256002.61,64.60814038315429,94.04206034350177
2026-08-24 11:38:00,2,TXN00965972,CR,TSBSGB2A,FPS,666572.77,19.089528934431517,27.786260699261838
2026-08-24 11:38:00,3,TXN00965974,DR,TSBSGB2A,CHAPS,331125.38,9.48287689944885,13.803048289569558
2026-08-24 11:38:00,4,TXN00965976,DR,DEUTGB2L,INTERNAL,95952.57,2.74792107296562,3.999808040139669
2026-08-24 11:38:00,5,TXN00965977,CR,DEUTGB2L,CHAPS,90742.45,2.59871195286931,3.7826228217959343
2026-08-24 11:39:00,1,TXN00965982,DR,RBOSGB2L,SWIFT,282723.29,54.104239737015725,
2026-08-24 11:39:00,2,TXN00965978,DR,NWBKGB2L,BACS,120983.58,23.152406781070006,
2026-08-24 11:39:00,3,TXN00965981,CR,MIDLGB22,CHAPS,56090.22,10.733882977175154,
2026-08-24 11:39:00,4,TXN00965980,DR,BARCGB22,CHAPS,53688.51,10.274272120146758,
2026-08-24 11:39:00,5,TXN00965979,CR,RBOSGB2L,BACS,9067.33,1.7351983845923513,
2026-08-24 11:40:00,1,TXN00965984,DR,CHASGB2L,CHAPS,189315.93,97.54766332718984,
2026-08-24 11:40:00,2,TXN00965983,DR,NWBKGB2L,CHAPS,4759.38,2.452336672810158,
2026-08-24 11:41:00,1,TXN00965988,DR,NWBKGB2L,CHAPS,413628.25,60.06380908215742,
2026-08-24 11:41:00,2,TXN00965985,DR,COBAGB2X,CHAPS,126785.81,18.41082828884798,
2026-08-24 11:41:00,3,TXN00965987,DR,DEUTGB2L,FPS,102744.89,14.919796839619309,
2026-08-24 11:41:00,4,TXN00965986,DR,NWBKGB2L,SWIFT,45489.1,6.605565789375284,
2026-08-24 11:42:00,1,TXN00965990,DR,MIDLGB22,CHAPS,245429.09,29.72175223863704,
2026-08-24 11:42:00,2,TXN00965992,CR,SANTGB2L,SWIFT,199773.95,24.192860942579646,
2026-08-24 11:42:00,3,TXN00965994,DR,CHASGB2L,FPS,175240.52,21.221833636794724,
2026-08-24 11:42:00,4,TXN00965993,DR,NWBKGB2L,FPS,109923.8,13.311901815426568,
2026-08-24 11:42:00,5,TXN00965991,CR,BARCGB22,CHAPS,63982.95,7.748410701425417,
2026-08-24 11:43:00,1,TXN00965999,DR,SANTGB2L,BACS,187653.31,55.14680310819708,
2026-08-24 11:43:00,2,TXN00965998,DR,NWBKGB2L,CHAPS,80637.8,23.69751367390309,
2026-08-24 11:43:00,3,TXN00965996,DR,LOYDGB2L,CHAPS,32775.59,9.63195910844841,
2026-08-24 11:43:00,4,TXN00965995,DR,BNPAGB22,CHAPS,29666.0,8.718125254533346,
2026-08-24 11:43:00,5,TXN00965997,DR,COBAGB2X,BACS,9546.88,2.805598854918064,
2026-08-24 11:44:00,1,TXN00966005,DR,NWBKGB2L,FPS,905279.1,76.289997743355,723.7900220233736
2026-08-24 11:44:00,2,TXN00966003,DR,RBOSGB2L,CHAPS,149649.18,12.611288170128889,119.6477233241989
2026-08-24 11:44:00,3,TXN00966000,DR,MIDLGB22,SWIFT,46620.74,3.9288393484324784,37.274279756757856
2026-08-24 11:44:00,4,TXN00966004,DR,SANTGB2L,CHAPS,41071.56,3.461196905701313,32.837591541585695
2026-08-24 11:44:00,5,TXN00966002,DR,TSBSGB2A,CHAPS,23513.86,1.981568254848218,18.799834489998194
2026-08-24 11:45:00,1,TXN00966007,DR,TSBSGB2A,SWIFT,105714.73,33.318109572626355,
2026-08-24 11:45:00,2,TXN00966010,DR,CHASGB2L,CHAPS,85668.51,27.00014277200194,
2026-08-24 11:45:00,3,TXN00966008,DR,MIDLGB22,CHAPS,57257.71,18.045911441647384,
2026-08-24 11:45:00,4,TXN00966006,DR,COBAGB2X,SWIFT,45617.97,14.377414793007388,
2026-08-24 11:45:00,5,TXN00966009,DR,BOFAGB22,CHAPS,23030.18,7.258421420716943,
2026-08-24 11:46:00,1,TXN00966013,DR,SANTGB2L,SWIFT,323794.11,40.13914802401967,
2026-08-24 11:46:00,2,TXN00966011,DR,DEUTGB2L,CHAPS,134177.87,16.633364286576022,
2026-08-24 11:46:00,3,TXN00966017,DR,SANTGB2L,SWIFT,88220.24,10.936225097098093,
2026-08-24 11:46:00,4,TXN00966016,DR,MIDLGB22,CHAPS,65133.12,8.074229469295275,
2026-08-24 11:46:00,5,TXN00966014,DR,RBOSGB2L,INTERNAL,51351.41,6.365779313379492,
2026-08-24 11:47:00,1,TXN00966022,DR,LOYDGB2L,CHAPS,601545.16,61.74699128166116,
2026-08-24 11:47:00,2,TXN00966025,DR,BOFAGB22,CHAPS,213002.01,21.86408291348617,
2026-08-24 11:47:00,3,TXN00966026,DR,BARCGB22,BACS,56157.03,5.764367951716184,
2026-08-24 11:47:00,4,TXN00966021,DR,COBAGB2X,CHAPS,37094.68,3.8076690411007723,
2026-08-24 11:47:00,5,TXN00966020,CR,RBOSGB2L,INTERNAL,29901.2,3.0692776843407845,
2026-08-24 11:48:00,1,TXN00966029,CR,NWBKGB2L,INTERNAL,96122.37,38.219116578075415,
2026-08-24 11:48:00,2,TXN00966027,DR,BARCGB22,FPS,82829.33,32.93368462881095,
2026-08-24 11:48:00,3,TXN00966030,DR,RBOSGB2L,SWIFT,59934.0,23.83029603816855,
2026-08-24 11:48:00,4,TXN00966028,DR,NTSBGB2L,BACS,12617.68,5.016902754945082,
2026-08-24 11:49:00,1,TXN00966033,DR,HSBCGB2L,CHAPS,946652.35,90.14592414402865,
2026-08-24 11:49:00,2,TXN00966031,DR,NWBKGB2L,CHAPS,73442.15,6.993602754880789,
2026-08-24 11:49:00,3,TXN00966032,DR,DEUTGB2L,CHAPS,30038.78,2.860473101090559,
2026-08-24 11:50:00,1,TXN00966036,CR,CHASGB2L,FPS,552344.04,75.07014074576665,
2026-08-24 11:50:00,2,TXN00966035,DR,RBOSGB2L,BACS,108595.07,14.759364813995969,
2026-08-24 11:50:00,3,TXN00966034,DR,BNPAGB22,CHAPS,74831.51,10.170494440237363,
2026-08-24 11:51:00,1,TXN00966041,CR,SANTGB2L,CHAPS,3731190.1,70.04623829939177,91.84096897068855
2026-08-24 11:51:00,2,TXN00966039,DR,CHASGB2L,CHAPS,602809.14,11.316633979461784,14.837779378217006
2026-08-24 11:51:00,3,TXN00966038,DR,NTSBGB2L,FPS,294138.72,5.521914006525175,7.240045222192791
2026-08-24 11:51:00,4,TXN00966040,DR,NTSBGB2L,FPS,269226.73,5.0542371684964555,6.626851780082163
2026-08-24 11:51:00,5,TXN00966037,DR,CHASGB2L,FPS,251336.26,4.718376466864523,6.186488770933678
2026-08-24 11:52:00,1,TXN00966044,CR,COBAGB2X,SWIFT,77490.57,49.88222821096378,
2026-08-24 11:52:00,2,TXN00966046,DR,BOFAGB22,FPS,60705.25,39.07718234752446,
2026-08-24 11:52:00,3,TXN00966045,DR,CHASGB2L,CHAPS,17151.23,11.040589441511765,
2026-08-24 11:53:00,1,TXN00966049,DR,LOYDGB2L,BACS,286326.2,45.14089631400685,
2026-08-24 11:53:00,2,TXN00966047,DR,HSBCGB2L,CHAPS,237374.81,37.42344111634589,
2026-08-24 11:53:00,3,TXN00966050,DR,DEUTGB2L,CHAPS,61665.42,9.721891780702165,
2026-08-24 11:53:00,4,TXN00966051,CR,NWBKGB2L,SWIFT,43307.21,6.827619254748328,
2026-08-24 11:53:00,5,TXN00966048,DR,COBAGB2X,INTERNAL,5620.81,0.8861515341967757,
2026-08-24 11:54:00,1,TXN00966056,DR,BNPAGB22,BACS,354432.11,39.68891480080439,
2026-08-24 11:54:00,2,TXN00966052,DR,MIDLGB22,FPS,235507.98,26.37192254711218,
2026-08-24 11:54:00,3,TXN00966054,DR,CITIGB2L,FPS,137625.85,15.411190129015921,
2026-08-24 11:54:00,4,TXN00966053,CR,NWBKGB2L,CHAPS,129967.11,14.553572913291553,
2026-08-24 11:54:00,5,TXN00966055,CR,RBOSGB2L,SWIFT,35492.4,3.974399609775959,
2026-08-24 11:55:00,1,TXN00966059,DR,NTSBGB2L,CHAPS,1361887.32,94.58666561876527,774.9388322125561
2026-08-24 11:55:00,2,TXN00966057,DR,LOYDGB2L,SWIFT,30578.13,2.1237317618590756,17.39951610199567
2026-08-24 11:55:00,3,TXN00966058,DR,DEUTGB2L,CHAPS,25811.97,1.7927093816774802,14.687483755194616
2026-08-24 11:55:00,4,TXN00966060,DR,HSBCGB2L,CHAPS,21552.72,1.4968932376981634,12.263892484000953
2026-08-24 11:56:00,1,TXN00966067,DR,TSBSGB2A,SWIFT,991687.2,41.04024207210399,86.56707766766769
2026-08-24 11:56:00,2,TXN00966062,DR,TSBSGB2A,CHAPS,860520.1,35.61198855033234,75.117144126988
2026-08-24 11:56:00,3,TXN00966061,DR,SANTGB2L,FPS,175731.02,7.272498425287479,15.340039537626849
2026-08-24 11:56:00,4,TXN00966066,DR,BNPAGB22,SWIFT,145486.44,6.02084882794558,12.699907744168197
2026-08-24 11:56:00,5,TXN00966063,DR,CITIGB2L,SWIFT,128360.68,5.31211190357189,11.204953492426482
2026-08-24 11:57:00,1,TXN00966071,DR,COBAGB2X,FPS,1596541.55,50.956551990183456,85.72789566891696
2026-08-24 11:57:00,2,TXN00966068,DR,MIDLGB22,SWIFT,792145.5,25.282776608313057,42.53504506575607
2026-08-24 11:57:00,3,TXN00966070,DR,TSBSGB2A,CHAPS,573543.57,18.30569504648371,30.796995750306756
2026-08-24 11:57:00,4,TXN00966069,DR,SANTGB2L,CHAPS,104702.74,3.341779995844556,5.622118366396251
2026-08-24 11:57:00,5,TXN00966072,CR,BARCGB22,INTERNAL,66209.46,2.1131963591752263,3.555183189047182
2026-08-24 11:58:00,1,TXN00966073,DR,BOFAGB22,SWIFT,24808.48,100.0,
2026-08-24 11:59:00,1,TXN00966079,DR,BARCGB22,CHAPS,1103158.38,70.93050711664229,378.8610347142828
2026-08-24 11:59:00,2,TXN00966074,DR,BOFAGB22,INTERNAL,110691.64,7.1172139024795396,38.01516629427309
2026-08-24 11:59:00,3,TXN00966076,DR,CITIGB2L,BACS,103160.92,6.6330061964623495,35.428868240367585
2026-08-24 11:59:00,4,TXN00966078,DR,HSBCGB2L,FPS,77432.99,4.978760391828681,26.59304705859255
2026-08-24 11:59:00,5,TXN00966077,DR,MIDLGB22,FPS,60891.58,3.91518636565458,20.912180356357837
2026-08-24 12:00:00,1,TXN00966082,CR,BNPAGB22,SWIFT,374659.23,43.70750201978164,
2026-08-24 12:00:00,2,TXN00966085,DR,NWBKGB2L,INTERNAL,302512.7,35.290934768268215,
2026-08-24 12:00:00,3,TXN00966084,DR,NTSBGB2L,CHAPS,113025.94,13.185532626108582,
2026-08-24 12:00:00,4,TXN00966083,DR,NTSBGB2L,CHAPS,46004.28,5.3668293745721956,
2026-08-24 12:00:00,5,TXN00966081,DR,NTSBGB2L,BACS,20994.47,2.4492012112693584,
2026-08-24 12:01:00,1,TXN00966086,DR,TSBSGB2A,SWIFT,147940.93,42.58896745980371,
2026-08-24 12:01:00,2,TXN00966087,DR,BARCGB22,FPS,139190.68,40.069961309746745,
2026-08-24 12:01:00,3,TXN00966088,DR,BARCGB22,CHAPS,60237.53,17.341071230449543,
2026-08-24 12:02:00,1,TXN00966094,DR,CITIGB2L,CHAPS,270156.71,20.629401416685045,
2026-08-24 12:02:00,2,TXN00966098,CR,BOFAGB22,CHAPS,250765.89,19.148701531130897,
2026-08-24 12:02:00,3,TXN00966096,DR,RBOSGB2L,BACS,231629.83,17.687455340822424,
2026-08-24 12:02:00,4,TXN00966093,DR,LOYDGB2L,SWIFT,185726.01,14.182199708492378,
2026-08-24 12:02:00,5,TXN00966089,DR,MIDLGB22,CHAPS,163463.23,12.482194458682567,
2026-08-24 12:03:00,1,TXN00966099,CR,CITIGB2L,SWIFT,234816.52,34.43477158095867,
2026-08-24 12:03:00,2,TXN00966100,DR,CITIGB2L,FPS,154463.92,22.651429306164122,
2026-08-24 12:03:00,3,TXN00966101,DR,RBOSGB2L,BACS,120600.87,17.68556748441247,
2026-08-24 12:03:00,4,TXN00966103,DR,BOFAGB22,CHAPS,100180.57,14.691023633261578,
2026-08-24 12:03:00,5,TXN00966102,DR,COBAGB2X,CHAPS,71855.0,10.537207995203168,
2026-08-24 12:04:00,1,TXN00966110,DR,BNPAGB22,CHAPS,363351.05,30.341669509319797,
2026-08-24 12:04:00,2,TXN00966109,DR,HSBCGB2L,BACS,334540.49,27.935840518600138,
2026-08-24 12:04:00,3,TXN00966107,DR,BOFAGB22,SWIFT,289970.46,24.214015247198095,
2026-08-24 12:04:00,4,TXN00966106,DR,BARCGB22,BACS,77259.59,6.451570584990875,
2026-08-24 12:04:00,5,TXN00966105,DR,BARCGB22,CHAPS,75253.94,6.284088560509682,
2026-08-24 12:05:00,1,TXN00966113,DR,RBOSGB2L,CHAPS,772881.72,74.13093830291632,
2026-08-24 12:05:00,2,TXN00966111,DR,CHASGB2L,FPS,113406.02,10.877336666468569,
2026-08-24 12:05:00,3,TXN00966112,DR,SANTGB2L,FPS,78866.31,7.564460912322616,
2026-08-24 12:05:00,4,TXN00966114,DR,BOFAGB22,SWIFT,77435.91,7.427264118292487,
2026-08-24 12:06:00,1,TXN00966121,DR,BOFAGB22,BACS,129101.52,24.469927618578858,
2026-08-24 12:06:00,2,TXN00966118,DR,HSBCGB2L,BACS,115330.37,21.859741125618957,
2026-08-24 12:06:00,3,TXN00966122,DR,SANTGB2L,CHAPS,70859.24,13.430674355402692,
2026-08-24 12:06:00,4,TXN00966116,DR,TSBSGB2A,CHAPS,67056.88,12.709974289440806,
2026-08-24 12:06:00,5,TXN00966120,DR,HSBCGB2L,BACS,65143.84,12.347376309715656,
2026-08-24 12:07:00,1,TXN00966125,DR,BOFAGB22,BACS,58374.94,28.761513424262347,
2026-08-24 12:07:00,2,TXN00966123,DR,TSBSGB2A,CHAPS,58349.02,28.748742560121727,
2026-08-24 12:07:00,3,TXN00966126,DR,LOYDGB2L,FPS,47490.34,23.39863735076701,
2026-08-24 12:07:00,4,TXN00966124,DR,HSBCGB2L,BACS,38747.69,19.091106664848922,
2026-08-24 12:08:00,1,TXN00966127,DR,SANTGB2L,CHAPS,437205.1,34.17294145524321,
2026-08-24 12:08:00,2,TXN00966128,DR,RBOSGB2L,FPS,346362.79,27.072500629440732,
2026-08-24 12:08:00,3,TXN00966129,DR,CHASGB2L,CHAPS,276694.1,21.62703792867743,
2026-08-24 12:08:00,4,TXN00966131,DR,DEUTGB2L,SWIFT,137587.47,10.75414847010026,
2026-08-24 12:08:00,5,TXN00966132,DR,LOYDGB2L,CHAPS,57968.77,4.530970437999143,
2026-08-24 12:09:00,1,TXN00966138,CR,NWBKGB2L,INTERNAL,1771799.67,55.8645013487742,101.3472957297812
2026-08-24 12:09:00,2,TXN00966139,DR,CHASGB2L,CHAPS,747817.59,23.578544161932296,42.77531581528191
2026-08-24 12:09:00,3,TXN00966133,DR,BNPAGB22,INTERNAL,215136.73,6.7832195404212206,12.305864013197434
2026-08-24 12:09:00,4,TXN00966136,DR,CITIGB2L,INTERNAL,210827.36,6.647345936732511,12.059367186725485
2026-08-24 12:09:00,5,TXN00966140,CR,BNPAGB22,SWIFT,92522.17,2.9172061482303557,5.292286641271973
2026-08-24 12:10:00,1,TXN00966148,DR,HSBCGB2L,CHAPS,1682045.54,62.41307452165718,134.94575855171882
2026-08-24 12:10:00,2,TXN00966149,DR,MIDLGB22,CHAPS,270985.27,10.0550332607412,21.740382140005753
2026-08-24 12:10:00,3,TXN00966144,DR,MIDLGB22,CHAPS,172039.67,6.383611197822449,13.802256370025143
2026-08-24 12:10:00,4,TXN00966147,DR,BOFAGB22,FPS,143287.9,5.3167635287399895,11.495583143832617
2026-08-24 12:10:00,5,TXN00966141,DR,HSBCGB2L,CHAPS,127652.25,4.736595533618675,10.241179146126834
2026-08-24 12:11:00,1,TXN00966152,DR,HSBCGB2L,BACS,544998.61,71.56620907597362,
2026-08-24 12:11:00,2,TXN00966154,DR,HSBCGB2L,CHAPS,203448.49,26.715732672292738,
2026-08-24 12:11:00,3,TXN00966153,DR,LOYDGB2L,SWIFT,13083.54,1.71805825173364,
2026-08-24 12:12:00,1,TXN00966156,DR,LOYDGB2L,CHAPS,941389.0,76.0863473585856,
2026-08-24 12:12:00,2,TXN00966157,DR,RBOSGB2L,SWIFT,215940.51,17.45306632290172,
2026-08-24 12:12:00,3,TXN00966158,DR,BARCGB22,CHAPS,57062.31,4.611975219323035,
2026-08-24 12:12:00,4,TXN00966155,DR,CITIGB2L,CHAPS,22872.2,1.8486110991896458,
2026-08-24 12:13:00,1,TXN00966164,DR,COBAGB2X,BACS,314555.42,26.53733341540319,
2026-08-24 12:13:00,2,TXN00966165,DR,COBAGB2X,BACS,310174.07,26.167702697358095,
2026-08-24 12:13:00,3,TXN00966166,DR,BARCGB22,CHAPS,233537.0,19.702249078502653,
2026-08-24 12:13:00,4,TXN00966160,DR,HSBCGB2L,CHAPS,89194.84,7.524884511649938,
2026-08-24 12:13:00,5,TXN00966167,CR,MIDLGB22,CHAPS,86129.36,7.266266603116522,
2026-08-24 12:14:00,1,TXN00966168,DR,NTSBGB2L,BACS,45188.17,100.0,
2026-08-24 12:15:00,1,TXN00966170,DR,BNPAGB22,CHAPS,111741.61,47.151344901632804,
2026-08-24 12:15:00,2,TXN00966169,CR,SANTGB2L,CHAPS,103871.53,43.83042571599155,
2026-08-24 12:15:00,3,TXN00966171,DR,NTSBGB2L,FPS,21371.85,9.018229382375653,
2026-08-24 12:16:00,1,TXN00966173,DR,CHASGB2L,CHAPS,237163.02,48.221053915091645,
2026-08-24 12:16:00,2,TXN00966172,DR,CITIGB2L,CHAPS,134537.16,27.354701613865902,
2026-08-24 12:16:00,3,TXN00966175,CR,CITIGB2L,CHAPS,105671.5,21.485605550092114,
2026-08-24 12:16:00,4,TXN00966174,DR,CHASGB2L,BACS,14452.95,2.9386389209503396,
2026-08-24 12:17:00,1,TXN00966177,DR,CHASGB2L,SWIFT,464973.78,76.26962501458021,
2026-08-24 12:17:00,2,TXN00966179,DR,TSBSGB2A,SWIFT,65213.91,10.697034274566153,
2026-08-24 12:17:00,3,TXN00966176,DR,HSBCGB2L,INTERNAL,65077.73,10.674696676229996,
2026-08-24 12:17:00,4,TXN00966178,CR,SANTGB2L,CHAPS,14379.35,2.358644034623638,
2026-08-24 12:18:00,1,TXN00966183,DR,MIDLGB22,CHAPS,872467.25,71.13857722250333,
2026-08-24 12:18:00,2,TXN00966182,DR,SANTGB2L,INTERNAL,168248.95,13.718556108759499,
2026-08-24 12:18:00,3,TXN00966184,CR,NWBKGB2L,CHAPS,91232.81,7.438872117447358,
2026-08-24 12:18:00,4,TXN00966180,DR,BNPAGB22,CHAPS,53898.73,4.394754033804543,
2026-08-24 12:18:00,5,TXN00966181,DR,BNPAGB22,SWIFT,40585.63,3.309240517485266,
2026-08-24 12:19:00,1,TXN00966186,DR,CITIGB2L,FPS,423725.22,57.347202418892856,
2026-08-24 12:19:00,2,TXN00966188,DR,COBAGB2X,FPS,176704.04,23.91522116648176,
2026-08-24 12:19:00,3,TXN00966187,DR,COBAGB2X,CHAPS,123758.15,16.749495531650687,
2026-08-24 12:19:00,4,TXN00966185,DR,BARCGB22,INTERNAL,14689.47,1.9880808829747119,
2026-08-24 12:20:00,1,TXN00966190,DR,BNPAGB22,CHAPS,352873.46,35.97223908636241,
2026-08-24 12:20:00,2,TXN00966193,DR,LOYDGB2L,FPS,216518.6,22.07210155687103,
2026-08-24 12:20:00,3,TXN00966192,DR,LOYDGB2L,CHAPS,206142.28,21.014330128335136,
2026-08-24 12:20:00,4,TXN00966194,DR,TSBSGB2A,SWIFT,92341.41,9.413366701173322,
2026-08-24 12:20:00,5,TXN00966189,CR,NTSBGB2L,BACS,87917.95,8.962435195276107,
2026-08-24 12:21:00,1,TXN00966197,DR,MIDLGB22,BACS,650918.23,54.20733716608198,
2026-08-24 12:21:00,2,TXN00966198,DR,BNPAGB22,BACS,292024.95,24.31932951940558,
2026-08-24 12:21:00,3,TXN00966199,DR,BNPAGB22,BACS,82041.59,6.832280808560946,
2026-08-24 12:21:00,4,TXN00966200,DR,CHASGB2L,FPS,78811.74,6.563304522636569,
2026-08-24 12:21:00,5,TXN00966196,DR,HSBCGB2L,FPS,51888.92,4.321218936553451,
2026-08-24 12:22:00,1,TXN00966201,DR,SANTGB2L,FPS,733726.41,74.05391255774006,
2026-08-24 12:22:00,2,TXN00966202,DR,DEUTGB2L,INTERNAL,235355.28,23.754057490069666,
2026-08-24 12:22:00,3,TXN00966203,DR,LOYDGB2L,SWIFT,21718.64,2.192029952190266,
2026-08-24 12:23:00,1,TXN00966204,DR,MIDLGB22,CHAPS,253130.7,29.397232851570617,
2026-08-24 12:23:00,2,TXN00966209,DR,HSBCGB2L,INTERNAL,182879.16,21.23859828230886,
2026-08-24 12:23:00,3,TXN00966212,DR,SANTGB2L,SWIFT,109586.02,12.726728710570763,
2026-08-24 12:23:00,4,TXN00966207,CR,HSBCGB2L,FPS,95683.82,11.112202260206958,
2026-08-24 12:23:00,5,TXN00966208,DR,DEUTGB2L,CHAPS,77482.77,8.998430580228673,
2026-08-24 12:24:00,1,TXN00966220,DR,LOYDGB2L,INTERNAL,911438.46,33.052479378211984,69.44137613803353
2026-08-24 12:24:00,2,TXN00966215,DR,BOFAGB22,CHAPS,446496.39,16.19178185976604,34.01801122399873
2026-08-24 12:24:00,3,TXN00966213,DR,BARCGB22,CHAPS,425438.16,15.428124472720242,32.4136105602049
2026-08-24 12:24:00,4,TXN00966218,DR,TSBSGB2A,CHAPS,380335.92,13.792533126804067,28.977326323847507
2026-08-24 12:24:00,5,TXN00966219,DR,NWBKGB2L,FPS,179667.48,6.515476291877472,13.68864449548532
2026-08-24 12:25:00,1,TXN00966225,DR,DEUTGB2L,SWIFT,352744.68,94.42026568108713,
2026-08-24 12:25:00,2,TXN00966224,CR,CITIGB2L,CHAPS,20845.33,5.579734318912864,
2026-08-24 12:26:00,1,TXN00966227,DR,SANTGB2L,SWIFT,1472575.05,49.44716670942747,96.05477361542306
2026-08-24 12:26:00,2,TXN00966229,DR,MIDLGB22,BACS,460623.85,15.467153474648585,30.046088064316034
2026-08-24 12:26:00,3,TXN00966232,CR,BARCGB22,FPS,387685.46,13.017976619555707,25.288381121417988
2026-08-24 12:26:00,4,TXN00966228,DR,RBOSGB2L,BACS,152009.01,5.104266066985875,9.915413848044336
2026-08-24 12:26:00,5,TXN00966231,DR,CHASGB2L,CHAPS,130155.05,4.370438338897476,8.489899284015486
2026-08-24 12:27:00,1,TXN00966237,DR,BARCGB22,FPS,324465.34,57.02640439357962,
2026-08-24 12:27:00,2,TXN00966236,DR,RBOSGB2L,INTERNAL,133361.23,23.438902387556038,
2026-08-24 12:27:00,3,TXN00966235,DR,BARCGB22,FPS,103940.18,18.26800587520829,
2026-08-24 12:27:00,4,TXN00966238,DR,BNPAGB22,FPS,7207.12,1.266687343656045,
2026-08-24 12:28:00,1,TXN00966245,DR,TSBSGB2A,CHAPS,705633.0,38.78148000969755,188.42497018404148
2026-08-24 12:28:00,2,TXN00966240,DR,DEUTGB2L,BACS,344762.88,18.948114301351776,92.0619293380047
2026-08-24 12:28:00,3,TXN00966242,DR,RBOSGB2L,INTERNAL,272981.46,15.00301861450365,72.89415809818435
2026-08-24 12:28:00,4,TXN00966244,DR,DEUTGB2L,FPS,157117.01,8.63512645029137,41.95490846467746
2026-08-24 12:28:00,5,TXN00966241,DR,NTSBGB2L,CHAPS,150870.37,8.291812086751433,40.286870042791804
2026-08-24 12:29:00,1,TXN00966250,DR,HSBCGB2L,CHAPS,190778.46,52.72484753253847,
2026-08-24 12:29:00,2,TXN00966251,DR,COBAGB2X,SWIFT,99707.34,27.555806349285838,
2026-08-24 12:29:00,3,TXN00966248,DR,NWBKGB2L,CHAPS,55644.8,15.378379697470022,
2026-08-24 12:29:00,4,TXN00966249,CR,CHASGB2L,CHAPS,15707.26,4.340966420705672,
2026-08-24 12:30:00,1,TXN00966256,DR,NTSBGB2L,CHAPS,387174.66,44.75320914052113,
2026-08-24 12:30:00,2,TXN00966258,DR,CHASGB2L,CHAPS,240220.21,27.766861854827756,
2026-08-24 12:30:00,3,TXN00966255,DR,BOFAGB22,FPS,91648.5,10.59357677983123,
2026-08-24 12:30:00,4,TXN00966252,CR,CHASGB2L,SWIFT,43501.66,5.028322070302438,
2026-08-24 12:30:00,5,TXN00966257,DR,HSBCGB2L,CHAPS,42852.21,4.953252664478432,
2026-08-24 12:31:00,1,TXN00966259,DR,NWBKGB2L,BACS,411604.56,36.81619900534394,
2026-08-24 12:31:00,2,TXN00966262,DR,SANTGB2L,CHAPS,337247.72,30.16531005783442,
2026-08-24 12:31:00,3,TXN00966261,DR,CITIGB2L,INTERNAL,306576.74,27.42192717750646,
2026-08-24 12:31:00,4,TXN00966260,DR,MIDLGB22,BACS,62569.5,5.596563759315173,
2026-08-24 12:32:00,1,TXN00966269,DR,MIDLGB22,SWIFT,451138.81,30.654712914295743,
2026-08-24 12:32:00,2,TXN00966266,DR,MIDLGB22,SWIFT,355202.33,24.135865084715142,
2026-08-24 12:32:00,3,TXN00966267,DR,MIDLGB22,CHAPS,246457.53,16.746696715621585,
2026-08-24 12:32:00,4,TXN00966263,DR,CHASGB2L,CHAPS,125144.36,8.503512319508214,
2026-08-24 12:32:00,5,TXN00966271,DR,HSBCGB2L,CHAPS,112500.24,7.644349108402734,
2026-08-24 12:33:00,1,TXN00966274,DR,BNPAGB22,BACS,341871.66,63.361170820234705,
2026-08-24 12:33:00,2,TXN00966273,DR,NTSBGB2L,CHAPS,78651.13,14.576896146157557,
2026-08-24 12:33:00,3,TXN00966275,DR,CITIGB2L,SWIFT,72488.7,13.434775211366592,
2026-08-24 12:33:00,4,TXN00966272,DR,LOYDGB2L,CHAPS,46548.71,8.627157822241152,
2026-08-24 12:34:00,1,TXN00966280,DR,CHASGB2L,SWIFT,1438129.98,62.81657061433859,256.52799981851746
2026-08-24 12:34:00,2,TXN00966281,DR,COBAGB2X,CHAPS,426678.29,18.63702676818561,76.10920419007282
2026-08-24 12:34:00,3,TXN00966276,DR,BARCGB22,CHAPS,293366.82,12.814069535240451,52.3296256905228
2026-08-24 12:34:00,4,TXN00966277,DR,NTSBGB2L,FPS,75033.66,3.277420864171313,13.384210736544622
2026-08-24 12:34:00,5,TXN00966278,DR,LOYDGB2L,CHAPS,42893.76,1.8735711941381625,7.65122110693745
2026-08-24 12:35:00,1,TXN00966286,DR,BARCGB22,SWIFT,472204.98,34.86622505117904,
2026-08-24 12:35:00,2,TXN00966285,DR,NWBKGB2L,FPS,390395.39,28.825645859734077,
2026-08-24 12:35:00,3,TXN00966282,DR,COBAGB2X,INTERNAL,212456.52,15.68716373959106,
2026-08-24 12:35:00,4,TXN00966284,DR,LOYDGB2L,CHAPS,151779.81,11.20697416974551,
2026-08-24 12:35:00,5,TXN00966283,DR,SANTGB2L,CHAPS,127496.84,9.4139911797503,
2026-08-24 12:36:00,1,TXN00966290,DR,DEUTGB2L,SWIFT,709534.35,34.67109169237399,223.35302425491417
2026-08-24 12:36:00,2,TXN00966293,DR,DEUTGB2L,CHAPS,365020.76,17.83658287943359,114.90421945297956
2026-08-24 12:36:00,3,TXN00966289,DR,TSBSGB2A,CHAPS,364871.08,17.829268830431573,114.85710195870958
2026-08-24 12:36:00,4,TXN00966292,DR,CHASGB2L,FPS,201388.63,9.84076902905628,63.39475962094568
2026-08-24 12:36:00,5,TXN00966291,DR,TSBSGB2A,CHAPS,166778.21,8.149545700218749,52.499808618597775
2026-08-24 12:37:00,1,TXN00966295,DR,SANTGB2L,CHAPS,911049.38,67.07906594746589,
2026-08-24 12:37:00,2,TXN00966299,DR,CITIGB2L,CHAPS,139278.78,10.254867270424567,
2026-08-24 12:37:00,3,TXN00966296,DR,MIDLGB22,INTERNAL,102461.69,7.544085547370448,
2026-08-24 12:37:00,4,TXN00966298,CR,BOFAGB22,CHAPS,77264.07,5.688826270755622,
2026-08-24 12:37:00,5,TXN00966294,DR,HSBCGB2L,FPS,68751.59,5.062066382837708,
2026-08-24 12:38:00,1,TXN00966303,DR,LOYDGB2L,CHAPS,1596668.88,65.30319029500505,222.93291866408808
2026-08-24 12:38:00,2,TXN00966304,DR,CHASGB2L,FPS,296175.3,12.113464613013694,41.35311014843096
2026-08-24 12:38:00,3,TXN00966302,DR,SANTGB2L,FPS,255815.8,10.462775392646817,35.71796485091425
2026-08-24 12:38:00,4,TXN00966301,DR,COBAGB2X,BACS,127609.42,5.219179970298677,17.817307524420126
2026-08-24 12:38:00,5,TXN00966300,CR,NTSBGB2L,INTERNAL,101086.16,4.134388053377308,14.114030133376804
2026-08-24 12:39:00,1,TXN00966316,DR,SANTGB2L,FPS,848606.26,40.697652564151646,238.13882841481356
2026-08-24 12:39:00,2,TXN00966315,DR,TSBSGB2A,CHAPS,245528.08,11.775091659803724,68.90094036560444
2026-08-24 12:39:00,3,TXN00966318,DR,BNPAGB22,INTERNAL,198053.75,9.49830691388884,55.57852942088877
2026-08-24 12:39:00,4,TXN00966311,DR,DEUTGB2L,FPS,178647.26,8.567606040306215,50.132612969313456
2026-08-24 12:39:00,5,TXN00966308,CR,CHASGB2L,BACS,169557.94,8.131698358686714,47.58193650377886
2026-08-24 12:40:00,1,TXN00966322,DR,BOFAGB22,SWIFT,1035664.57,52.54516865069812,427.6069616836899
2026-08-24 12:40:00,2,TXN00966325,DR,COBAGB2X,CHAPS,454363.48,23.052449969702163,187.59837191575264
2026-08-24 12:40:00,3,TXN00966324,DR,NWBKGB2L,FPS,179375.02,9.100717501248834,74.06066551465705
2026-08-24 12:40:00,4,TXN00966321,DR,NTSBGB2L,CHAPS,149108.49,7.565123864670715,61.564168763775385
2026-08-24 12:40:00,5,TXN00966323,DR,NTSBGB2L,CHAPS,56784.57,2.8810050028141574,23.44531052965808
2026-08-24 12:41:00,1,TXN00966329,DR,CITIGB2L,CHAPS,509416.47,55.58503275930131,
2026-08-24 12:41:00,2,TXN00966327,DR,DEUTGB2L,CHAPS,166099.49,18.1239636656295,
2026-08-24 12:41:00,3,TXN00966328,DR,RBOSGB2L,BACS,126442.63,13.796801133505195,
2026-08-24 12:41:00,4,TXN00966326,DR,HSBCGB2L,BACS,114504.79,12.494202441564006,
2026-08-24 12:42:00,1,TXN00966334,CR,CHASGB2L,BACS,1013016.07,37.52465192538732,104.34826657521748
2026-08-24 12:42:00,2,TXN00966332,DR,DEUTGB2L,CHAPS,844151.13,31.26947169325002,86.95390897699289
2026-08-24 12:42:00,3,TXN00966338,DR,LOYDGB2L,CHAPS,208958.43,7.740343499807866,21.524288313391633
2026-08-24 12:42:00,4,TXN00966331,DR,NTSBGB2L,BACS,191147.16,7.080569457823426,19.68959367720173
2026-08-24 12:42:00,5,TXN00966330,DR,SANTGB2L,FPS,150211.55,5.564211956600958,15.472918274708718
2026-08-24 12:43:00,1,TXN00966344,DR,BARCGB22,BACS,180354.7,28.9065003182998,
2026-08-24 12:43:00,2,TXN00966342,DR,RBOSGB2L,INTERNAL,120869.82,19.37251144718069,
2026-08-24 12:43:00,3,TXN00966343,DR,RBOSGB2L,BACS,117674.27,18.860341999463813,
2026-08-24 12:43:00,4,TXN00966341,DR,COBAGB2X,FPS,75841.74,12.155598281887917,
2026-08-24 12:43:00,5,TXN00966346,DR,BARCGB22,FPS,57071.78,9.147227251277267,
2026-08-24 12:44:00,1,TXN00966349,CR,COBAGB2X,SWIFT,2119276.51,58.7446436254794,114.13297844512736
2026-08-24 12:44:00,2,TXN00966350,DR,LOYDGB2L,SWIFT,539734.89,14.961017883073374,29.067254922036202
2026-08-24 12:44:00,3,TXN00966355,CR,SANTGB2L,CHAPS,403461.92,11.183640546674903,21.72831643322924
2026-08-24 12:44:00,4,TXN00966354,DR,CHASGB2L,SWIFT,206966.97,5.736958267373655,11.14614190946859
2026-08-24 12:44:00,5,TXN00966348,DR,NWBKGB2L,BACS,124216.15,3.443171964511178,6.689622191153673
2026-08-24 12:45:00,1,TXN00966360,DR,NWBKGB2L,CHAPS,154130.32,30.29965238332525,
2026-08-24 12:45:00,2,TXN00966359,DR,SANTGB2L,BACS,150562.56,29.598285593279446,
2026-08-24 12:45:00,3,TXN00966356,DR,NWBKGB2L,CHAPS,86936.55,17.0903897714971,
2026-08-24 12:45:00,4,TXN00966361,DR,BOFAGB22,FPS,68181.56,13.403446946407648,
2026-08-24 12:45:00,5,TXN00966357,DR,COBAGB2X,INTERNAL,36352.78,7.1463979129317226,
2026-08-24 12:46:00,1,TXN00966364,DR,BNPAGB22,BACS,278590.35,59.566968206558194,
2026-08-24 12:46:00,2,TXN00966367,DR,COBAGB2X,SWIFT,92431.33,19.76326206345586,
2026-08-24 12:46:00,3,TXN00966365,DR,NWBKGB2L,SWIFT,35374.26,7.563569307948117,
2026-08-24 12:46:00,4,TXN00966362,DR,DEUTGB2L,FPS,30343.41,6.487894999767796,
2026-08-24 12:46:00,5,TXN00966363,DR,CITIGB2L,BACS,24532.59,5.2454509230292,
2026-08-24 12:47:00,1,TXN00966371,DR,CHASGB2L,CHAPS,2879503.49,78.73034726335106,141.11364966667338
2026-08-24 12:47:00,2,TXN00966373,DR,NTSBGB2L,CHAPS,267975.8,7.326897802153493,13.132487351264345
2026-08-24 12:47:00,3,TXN00966369,DR,NWBKGB2L,CHAPS,240419.72,6.573469388140117,11.782067380317608
2026-08-24 12:47:00,4,TXN00966372,CR,CHASGB2L,CHAPS,176347.76,4.821636935718418,8.642141296429754
2026-08-24 12:47:00,5,TXN00966368,DR,BARCGB22,CHAPS,55530.16,1.518285633468514,2.721324551745662
2026-08-24 12:48:00,1,TXN00966374,DR,TSBSGB2A,FPS,170519.86,76.3064480567772,
2026-08-24 12:48:00,2,TXN00966377,DR,RBOSGB2L,BACS,20291.08,9.080116779569904,
2026-08-24 12:48:00,3,TXN00966376,DR,SANTGB2L,CHAPS,17691.96,7.917028707169828,
2026-08-24 12:48:00,4,TXN00966375,DR,COBAGB2X,FPS,14964.27,6.696406456483071,
2026-08-24 12:49:00,1,TXN00966384,DR,COBAGB2X,BACS,207999.64,24.714002356555493,
2026-08-24 12:49:00,2,TXN00966382,DR,DEUTGB2L,FPS,196916.25,23.397101391829672,
2026-08-24 12:49:00,3,TXN00966380,DR,CHASGB2L,SWIFT,134231.93,15.949105653956861,
2026-08-24 12:49:00,4,TXN00966378,DR,BOFAGB22,BACS,105186.11,12.497953219615693,
2026-08-24 12:49:00,5,TXN00966381,DR,MIDLGB22,INTERNAL,78075.88,9.276782797845918,
2026-08-24 12:50:00,1,TXN00966389,DR,NWBKGB2L,FPS,100599.97,16.055763310527013,
2026-08-24 12:50:00,2,TXN00966390,DR,NWBKGB2L,CHAPS,99937.49,15.950031449195864,
2026-08-24 12:50:00,3,TXN00966392,DR,BARCGB22,BACS,98844.66,15.775615693220557,
2026-08-24 12:50:00,4,TXN00966388,DR,DEUTGB2L,CHAPS,97701.12,15.593106617162979,
2026-08-24 12:50:00,5,TXN00966391,DR,TSBSGB2A,SWIFT,92206.42,14.716152054827097,
2026-08-24 12:51:00,1,TXN00966394,DR,CITIGB2L,FPS,569080.72,45.96939701205276,
2026-08-24 12:51:00,2,TXN00966396,DR,TSBSGB2A,SWIFT,395996.18,31.987914849191,
2026-08-24 12:51:00,3,TXN00966398,DR,BARCGB22,CHAPS,140177.48,11.32330441676022,
2026-08-24 12:51:00,4,TXN00966399,DR,TSBSGB2A,INTERNAL,56650.36,4.576122153137982,
2026-08-24 12:51:00,5,TXN00966400,DR,HSBCGB2L,BACS,41092.97,3.3194219834654977,
2026-08-24 12:52:00,1,TXN00966401,DR,COBAGB2X,FPS,565210.28,31.518441326549816,299.5125265543979
2026-08-24 12:52:00,2,TXN00966402,DR,SANTGB2L,SWIFT,506978.99,28.271225976478146,268.6549830708968
2026-08-24 12:52:00,3,TXN00966403,DR,BOFAGB22,FPS,416307.53,23.215013814161125,220.60695735031712
2026-08-24 12:52:00,4,TXN00966404,DR,BNPAGB22,CHAPS,241321.9,13.457098030774533,127.8797193531366
2026-08-24 12:52:00,5,TXN00966405,DR,DEUTGB2L,CHAPS,63449.8,3.5382208520363796,33.622902094723464
2026-08-24 12:53:00,1,TXN00966415,CR,LOYDGB2L,FPS,190756.77,19.01059839871365,
2026-08-24 12:53:00,2,TXN00966414,DR,BOFAGB22,SWIFT,157414.7,15.687766383096076,
2026-08-24 12:53:00,3,TXN00966408,DR,CITIGB2L,SWIFT,143868.37,14.337754850575124,
2026-08-24 12:53:00,4,TXN00966407,CR,NWBKGB2L,SWIFT,129296.59,12.885548160692464,
2026-08-24 12:53:00,5,TXN00966412,CR,BNPAGB22,SWIFT,108113.89,10.77450485302673,
2026-08-24 12:54:00,1,TXN00966420,CR,HSBCGB2L,CHAPS,219390.35,42.77247341985216,
2026-08-24 12:54:00,2,TXN00966418,DR,SANTGB2L,BACS,167757.14,32.70603201845669,
2026-08-24 12:54:00,3,TXN00966419,DR,CITIGB2L,CHAPS,76700.57,14.953588850250298,
2026-08-24 12:54:00,4,TXN00966416,DR,COBAGB2X,CHAPS,35079.29,6.839079290006538,
2026-08-24 12:54:00,5,TXN00966417,DR,RBOSGB2L,FPS,13996.81,2.7288264214343108,
2026-08-24 12:55:00,1,TXN00966422,DR,HSBCGB2L,FPS,1902126.72,97.47943532336471,520.7755631029629
2026-08-24 12:55:00,2,TXN00966421,DR,BNPAGB22,INTERNAL,49184.05,2.5205646766352854,13.465901648463403
2026-08-24 12:56:00,1,TXN00966426,DR,BOFAGB22,BACS,802227.95,49.984829055005555,6924.159222121207
2026-08-24 12:56:00,2,TXN00966425,DR,NWBKGB2L,BACS,438203.46,27.303368125495957,3782.204956489513
2026-08-24 12:56:00,3,TXN00966424,DR,SANTGB2L,CHAPS,201622.88,12.562620375390685,1740.239696139529
2026-08-24 12:56:00,4,TXN00966427,DR,TSBSGB2A,CHAPS,106262.64,6.62096090685147,917.170037173282
2026-08-24 12:56:00,5,TXN00966423,DR,BOFAGB22,FPS,56625.94,3.528221537256339,488.7476491716377
2026-08-24 12:57:00,1,TXN00966430,DR,SANTGB2L,BACS,3053714.3,82.21699012862267,144.49036207955564
2026-08-24 12:57:00,2,TXN00966431,DR,DEUTGB2L,CHAPS,523774.73,14.101902658684214,24.783065130166726
2026-08-24 12:57:00,3,TXN00966428,DR,NTSBGB2L,CHAPS,61646.76,1.6597528650213187,2.916894574397961
2026-08-24 12:57:00,4,TXN00966432,DR,TSBSGB2A,BACS,56776.96,1.5286403053007298,2.6864738158957593
2026-08-24 12:57:00,5,TXN00966429,DR,NWBKGB2L,FPS,18300.45,0.4927140423710734,0.8659089839278036
2026-08-24 12:58:00,1,TXN00966433,DR,NWBKGB2L,BACS,255004.28,50.66604967712857,
2026-08-24 12:58:00,2,TXN00966434,CR,BNPAGB22,CHAPS,140711.11,27.95747620151278,
2026-08-24 12:58:00,3,TXN00966435,DR,BOFAGB22,CHAPS,107588.66,21.37647412135865,
2026-08-24 12:59:00,1,TXN00966436,CR,BOFAGB22,CHAPS,256702.37,31.862857618641165,
2026-08-24 12:59:00,2,TXN00966438,DR,BNPAGB22,BACS,200428.83,24.8779755050989,
2026-08-24 12:59:00,3,TXN00966440,CR,BOFAGB22,CHAPS,135555.63,16.825671450151408,
2026-08-24 12:59:00,4,TXN00966439,DR,HSBCGB2L,CHAPS,96627.33,11.993745355212162,
2026-08-24 12:59:00,5,TXN00966437,DR,NWBKGB2L,SWIFT,86894.65,10.785688736616095,
2026-08-24 13:00:00,1,TXN00966444,DR,DEUTGB2L,SWIFT,1936973.5,70.66935178852403,201.2293959914176
2026-08-24 13:00:00,2,TXN00966445,DR,BARCGB22,BACS,417117.38,15.218285053630035,43.33372575046721
2026-08-24 13:00:00,3,TXN00966448,DR,MIDLGB22,FPS,159803.77,5.830347621824656,16.60178423414229
2026-08-24 13:00:00,4,TXN00966443,DR,TSBSGB2A,CHAPS,78225.89,2.8540261079361096,8.12677540275645
2026-08-24 13:00:00,5,TXN00966446,CR,RBOSGB2L,CHAPS,67672.52,2.4689925403191775,7.030400944988213
2026-08-24 13:01:00,1,TXN00966455,DR,BOFAGB22,INTERNAL,504601.95,38.4639041132573,
2026-08-24 13:01:00,2,TXN00966451,DR,HSBCGB2L,CHAPS,456796.32,34.8198611831936,
2026-08-24 13:01:00,3,TXN00966450,DR,SANTGB2L,BACS,237871.62,18.132056728962656,
2026-08-24 13:01:00,4,TXN00966452,DR,NWBKGB2L,CHAPS,54012.33,4.117156269518203,
2026-08-24 13:01:00,5,TXN00966453,DR,MIDLGB22,BACS,34117.25,2.6006293328989862,
2026-08-24 13:02:00,1,TXN00966458,DR,NWBKGB2L,CHAPS,1123157.84,44.34928890479711,148.92021846205796
2026-08-24 13:02:00,2,TXN00966463,CR,MIDLGB22,CHAPS,1044186.02,41.23098804290076,138.44929419130153
2026-08-24 13:02:00,3,TXN00966457,CR,SANTGB2L,CHAPS,93991.5,3.7113716698048753,12.462393276421876
2026-08-24 13:02:00,4,TXN00966464,DR,CITIGB2L,CHAPS,88189.2,3.4822606135954435,11.693062597501095
2026-08-24 13:02:00,5,TXN00966456,DR,CHASGB2L,CHAPS,73141.06,2.8880660270715817,9.697820062179762
2026-08-24 13:03:00,1,TXN00966474,DR,CHASGB2L,FPS,208502.04,22.46997797834381,
2026-08-24 13:03:00,2,TXN00966470,DR,LOYDGB2L,SWIFT,187023.55,20.15527066273156,
2026-08-24 13:03:00,3,TXN00966473,DR,TSBSGB2A,CHAPS,160583.47,17.305859619340097,
2026-08-24 13:03:00,4,TXN00966472,DR,CITIGB2L,CHAPS,109541.03,11.805086088486705,
2026-08-24 13:03:00,5,TXN00966469,DR,NWBKGB2L,CHAPS,72847.64,7.850689933653971,
2026-08-24 13:04:00,1,TXN00966479,DR,TSBSGB2A,SWIFT,576335.01,25.658072210972026,123.17825279760483
2026-08-24 13:04:00,2,TXN00966480,DR,NWBKGB2L,CHAPS,569337.45,25.346545240259957,121.68268650423248
2026-08-24 13:04:00,3,TXN00966475,DR,COBAGB2X,BACS,567619.35,25.2700565087049,121.31548244329655
2026-08-24 13:04:00,4,TXN00966477,DR,HSBCGB2L,SWIFT,321148.46,14.297327481671575,68.63804125215556
2026-08-24 13:04:00,5,TXN00966481,DR,COBAGB2X,CHAPS,149521.41,6.656599145115885,31.956736481502865
2026-08-24 13:05:00,1,TXN00966484,DR,SANTGB2L,CHAPS,2067615.09,54.615915925365,102.99908919091051
2026-08-24 13:05:00,2,TXN00966489,DR,DEUTGB2L,CHAPS,638951.18,16.877853182669877,31.82961369152008
2026-08-24 13:05:00,3,TXN00966482,DR,BNPAGB22,CHAPS,355625.04,9.393811923472935,17.715606444660413
2026-08-24 13:05:00,4,TXN00966487,DR,NTSBGB2L,CHAPS,247618.76,6.540833176886484,12.335229545351531
2026-08-24 13:05:00,5,TXN00966483,DR,MIDLGB22,CHAPS,182214.5,4.813183972449351,9.077089651815786
2026-08-24 13:06:00,1,TXN00966493,DR,BOFAGB22,BACS,519164.13,46.13594946506149,
2026-08-24 13:06:00,2,TXN00966495,CR,HSBCGB2L,CHAPS,189823.13,16.868789322906032,
2026-08-24 13:06:00,3,TXN00966491,DR,NWBKGB2L,FPS,144554.12,12.845921337605576,
2026-08-24 13:06:00,4,TXN00966496,DR,NWBKGB2L,CHAPS,127909.37,11.36677187314126,
2026-08-24 13:06:00,5,TXN00966492,DR,NWBKGB2L,CHAPS,119068.61,10.581130429475387,
2026-08-24 13:07:00,1,TXN00966503,DR,NWBKGB2L,INTERNAL,257614.18,28.202337656804193,
2026-08-24 13:07:00,2,TXN00966499,DR,TSBSGB2A,CHAPS,211898.31,23.197588298618378,
2026-08-24 13:07:00,3,TXN00966502,DR,LOYDGB2L,SWIFT,146584.42,16.04734377613376,
2026-08-24 13:07:00,4,TXN00966505,DR,MIDLGB22,CHAPS,90712.89,9.930802542020539,
2026-08-24 13:07:00,5,TXN00966501,DR,RBOSGB2L,CHAPS,88704.94,9.710982018561854,
2026-08-24 13:08:00,1,TXN00966506,DR,SANTGB2L,CHAPS,327555.85,66.55648891013546,
2026-08-24 13:08:00,2,TXN00966508,DR,CHASGB2L,CHAPS,68461.11,13.910699834823784,
2026-08-24 13:08:00,3,TXN00966507,CR,NTSBGB2L,INTERNAL,51597.01,10.484061951148632,
2026-08-24 13:08:00,4,TXN00966509,DR,SANTGB2L,BACS,44533.16,9.04874930389211,
2026-08-24 13:09:00,1,TXN00966511,DR,NTSBGB2L,CHAPS,739108.33,24.407498551582698,57.78528874858179
2026-08-24 13:09:00,2,TXN00966516,DR,MIDLGB22,SWIFT,584787.19,19.31136737818814,45.720086297257346
2026-08-24 13:09:00,3,TXN00966517,DR,NWBKGB2L,CHAPS,379083.1,12.518422318659944,29.63763971271641
2026-08-24 13:09:00,4,TXN00966515,DR,BOFAGB22,SWIFT,325672.41,10.754646582545545,25.46186192935549
2026-08-24 13:09:00,5,TXN00966518,DR,BOFAGB22,SWIFT,304777.39,10.064632480843715,23.828238392590062
2026-08-24 13:10:00,1,TXN00966523,DR,NWBKGB2L,FPS,3194385.84,81.73471912642741,148.59779658691036
2026-08-24 13:10:00,2,TXN00966521,DR,CHASGB2L,FPS,401266.68,10.267206601627693,18.666293766110876
2026-08-24 13:10:00,3,TXN00966519,DR,BNPAGB22,FPS,123230.03,3.1530855677694913,5.732466849195294
2026-08-24 13:10:00,4,TXN00966520,CR,TSBSGB2A,CHAPS,115980.6,2.967594473532517,5.3952347869247435
2026-08-24 13:10:00,5,TXN00966524,DR,BARCGB22,FPS,61032.23,1.5616310698113778,2.8391231845635554
2026-08-24 13:11:00,1,TXN00966531,DR,RBOSGB2L,CHAPS,380045.97,56.848977284206185,
2026-08-24 13:11:00,2,TXN00966528,DR,RBOSGB2L,CHAPS,57821.0,8.64912398768519,
2026-08-24 13:11:00,3,TXN00966526,DR,NWBKGB2L,FPS,57601.62,8.616308145336935,
2026-08-24 13:11:00,4,TXN00966527,DR,SANTGB2L,SWIFT,49083.24,7.342090736537058,
2026-08-24 13:11:00,5,TXN00966532,DR,COBAGB2X,CHAPS,46416.65,6.94321026863921,
2026-08-24 13:12:00,1,TXN00966533,CR,NTSBGB2L,CHAPS,420861.34,73.21415337841378,
2026-08-24 13:12:00,2,TXN00966536,DR,TSBSGB2A,INTERNAL,91026.87,15.835275394354188,
2026-08-24 13:12:00,3,TXN00966534,DR,CITIGB2L,BACS,57960.24,10.08291686095395,
2026-08-24 13:12:00,4,TXN00966535,CR,BARCGB22,CHAPS,4987.59,0.8676543662780781,
2026-08-24 13:13:00,1,TXN00966540,CR,TSBSGB2A,CHAPS,765817.6,41.02001744237327,706.564842990343
2026-08-24 13:13:00,2,TXN00966537,DR,RBOSGB2L,FPS,622476.1,33.34211760014459,574.3139461168574
2026-08-24 13:13:00,3,TXN00966544,DR,RBOSGB2L,CHAPS,145119.56,7.773139299004796,133.89138500633527
2026-08-24 13:13:00,4,TXN00966541,DR,RBOSGB2L,INTERNAL,138435.65,7.415124407752292,127.72462177222889
2026-08-24 13:13:00,5,TXN00966539,DR,NWBKGB2L,CHAPS,102473.19,5.488842305498895,94.54464536081383
2026-08-24 13:14:00,1,TXN00966549,DR,CHASGB2L,CHAPS,563726.55,35.62719194554212,
2026-08-24 13:14:00,2,TXN00966545,DR,HSBCGB2L,FPS,428916.42,27.107269692965076,
2026-08-24 13:14:00,3,TXN00966548,DR,CITIGB2L,INTERNAL,380683.22,24.058959347199522,
2026-08-24 13:14:00,4,TXN00966550,DR,TSBSGB2A,INTERNAL,134066.6,8.472931586575472,
2026-08-24 13:14:00,5,TXN00966546,DR,BARCGB22,INTERNAL,56076.95,3.54403080956639,
2026-08-24 13:15:00,1,TXN00966552,DR,SANTGB2L,CHAPS,617793.63,52.36470840952239,
2026-08-24 13:15:00,2,TXN00966553,DR,NTSBGB2L,FPS,538404.99,45.63566041880655,
2026-08-24 13:15:00,3,TXN00966551,DR,DEUTGB2L,CHAPS,23591.45,1.9996311716710757,
2026-08-24 13:16:00,1,TXN00966555,CR,COBAGB2X,BACS,639854.83,67.63829879583066,
2026-08-24 13:16:00,2,TXN00966554,CR,CITIGB2L,SWIFT,126115.06,13.331474126614177,
2026-08-24 13:16:00,3,TXN00966558,DR,SANTGB2L,FPS,109276.71,11.551512024071675,
2026-08-24 13:16:00,4,TXN00966557,DR,BOFAGB22,SWIFT,49605.58,5.243747307464229,
2026-08-24 13:16:00,5,TXN00966556,DR,LOYDGB2L,CHAPS,21142.68,2.2349677460192545,
2026-08-24 13:17:00,1,TXN00966562,CR,MIDLGB22,FPS,298256.25,49.939102361729304,
2026-08-24 13:17:00,2,TXN00966563,DR,HSBCGB2L,BACS,134427.7,22.508157567701733,
2026-08-24 13:17:00,3,TXN00966561,DR,RBOSGB2L,SWIFT,76334.24,12.781168626189098,
2026-08-24 13:17:00,4,TXN00966560,DR,SANTGB2L,FPS,67423.25,11.289140071031087,
2026-08-24 13:17:00,5,TXN00966559,DR,BNPAGB22,CHAPS,20798.47,3.482431373348777,
2026-08-24 13:18:00,1,TXN00966570,DR,COBAGB2X,CHAPS,633369.81,34.866814887236565,
2026-08-24 13:18:00,2,TXN00966564,DR,TSBSGB2A,FPS,530543.24,29.20624356685823,
2026-08-24 13:18:00,3,TXN00966567,DR,CHASGB2L,CHAPS,218821.65,12.046065100371091,
2026-08-24 13:18:00,4,TXN00966568,DR,COBAGB2X,CHAPS,200194.96,11.020671496290182,
2026-08-24 13:18:00,5,TXN00966565,DR,NTSBGB2L,CHAPS,137224.94,7.554191098707632,
2026-08-24 13:19:00,1,TXN00966576,DR,HSBCGB2L,INTERNAL,706872.06,52.69826371405563,
2026-08-24 13:19:00,2,TXN00966571,DR,LOYDGB2L,INTERNAL,234178.72,17.458338843920345,
2026-08-24 13:19:00,3,TXN00966572,DR,SANTGB2L,BACS,177804.1,13.255535027428186,
2026-08-24 13:19:00,4,TXN00966577,CR,NWBKGB2L,CHAPS,80863.18,6.0284589327199445,
2026-08-24 13:19:00,5,TXN00966573,CR,NWBKGB2L,CHAPS,58480.29,4.359784349793724,
2026-08-24 13:20:00,1,TXN00966579,CR,BARCGB22,CHAPS,658572.1,40.060234507194565,
2026-08-24 13:20:00,2,TXN00966584,DR,CHASGB2L,BACS,352545.49,21.44496404243942,
2026-08-24 13:20:00,3,TXN00966578,DR,RBOSGB2L,SWIFT,246406.98,14.988672315467968,
2026-08-24 13:20:00,4,TXN00966580,CR,RBOSGB2L,FPS,121340.33,7.381002133221823,
2026-08-24 13:20:00,5,TXN00966583,DR,BNPAGB22,FPS,117253.68,7.132415596760855,
2026-08-24 13:21:00,1,TXN00966595,DR,BARCGB22,CHAPS,537216.74,23.06353950099878,182.2247219605463
2026-08-24 13:21:00,2,TXN00966590,CR,SANTGB2L,CHAPS,462224.72,19.84401693822516,156.78731657783294
2026-08-24 13:21:00,3,TXN00966588,DR,MIDLGB22,CHAPS,432210.98,18.555480996357996,146.60661106501493
2026-08-24 13:21:00,4,TXN00966591,CR,NTSBGB2L,CHAPS,308318.71,13.236595618710595,104.58216772058205
2026-08-24 13:21:00,5,TXN00966587,DR,TSBSGB2A,FPS,206926.04,8.883652615376903,70.18962235874646
2026-08-24 13:22:00,1,TXN00966601,CR,SANTGB2L,CHAPS,196355.11,18.863467927823436,
2026-08-24 13:22:00,2,TXN00966599,CR,CITIGB2L,SWIFT,176805.59,16.985382129473994,
2026-08-24 13:22:00,3,TXN00966604,CR,SANTGB2L,FPS,142980.48,13.735867117411921,
2026-08-24 13:22:00,4,TXN00966602,CR,NTSBGB2L,CHAPS,126012.52,12.105786956724526,
2026-08-24 13:22:00,5,TXN00966605,DR,DEUTGB2L,FPS,111507.46,10.712312989578193,
2026-08-24 13:23:00,1,TXN00966610,DR,CITIGB2L,FPS,340829.21,23.195733962315785,
2026-08-24 13:23:00,2,TXN00966614,CR,NWBKGB2L,FPS,303533.24,20.65749084052904,
2026-08-24 13:23:00,3,TXN00966609,CR,BARCGB22,INTERNAL,268872.83,18.298615410266503,
2026-08-24 13:23:00,4,TXN00966607,DR,BOFAGB22,INTERNAL,251852.63,17.14027563303495,
2026-08-24 13:23:00,5,TXN00966612,DR,NWBKGB2L,FPS,114701.23,7.806194827697997,
2026-08-24 13:24:00,1,TXN00966625,CR,BARCGB22,CHAPS,1167106.72,36.02075217934327,96.2908748001321
2026-08-24 13:24:00,2,TXN00966617,DR,TSBSGB2A,BACS,591038.25,18.241384414068605,48.762970135960806
2026-08-24 13:24:00,3,TXN00966616,DR,DEUTGB2L,CHAPS,564780.43,17.430981722710783,46.59659716010784
2026-08-24 13:24:00,4,TXN00966624,CR,BARCGB22,INTERNAL,238229.04,7.352531747707574,19.65482870700604
2026-08-24 13:24:00,5,TXN00966626,CR,COBAGB2X,FPS,143638.57,4.433158720365563,11.850744514897498
2026-08-24 13:25:00,1,TXN00966629,DR,BOFAGB22,FPS,955520.76,52.70267481912357,
2026-08-24 13:25:00,2,TXN00966628,DR,NTSBGB2L,CHAPS,268702.14,14.82052729824794,
2026-08-24 13:25:00,3,TXN00966635,DR,DEUTGB2L,FPS,120651.35,6.6546422973984,
2026-08-24 13:25:00,4,TXN00966633,CR,COBAGB2X,CHAPS,113181.6,6.242640987002853,
2026-08-24 13:25:00,5,TXN00966637,DR,DEUTGB2L,BACS,75953.74,4.1893022402948725,
2026-08-24 13:26:00,1,TXN00966639,CR,TSBSGB2A,BACS,803919.46,27.662123968136825,92.22114271652354
2026-08-24 13:26:00,2,TXN00966646,CR,CITIGB2L,CHAPS,686900.3,23.635603064454212,78.79735937518274
2026-08-24 13:26:00,3,TXN00966640,DR,CHASGB2L,FPS,426731.59,14.683438741114859,48.952260544904604
2026-08-24 13:26:00,4,TXN00966642,DR,NTSBGB2L,FPS,254269.97,8.749194143794494,29.168428379499808
2026-08-24 13:26:00,5,TXN00966644,DR,HSBCGB2L,SWIFT,175786.85,6.048662681543091,20.165283947148286
2026-08-24 13:27:00,1,TXN00966659,CR,BNPAGB22,SWIFT,796294.35,28.097682931760207,99.5938933681434
2026-08-24 13:27:00,2,TXN00966655,CR,CHASGB2L,CHAPS,613679.07,21.654002606846923,76.75388863407282
2026-08-24 13:27:00,3,TXN00966657,DR,SANTGB2L,CHAPS,447855.46,15.802825568632525,56.01404672478313
2026-08-24 13:27:00,4,TXN00966653,CR,BNPAGB22,SWIFT,388948.34,13.724255527060397,48.64643269122327
2026-08-24 13:27:00,5,TXN00966652,DR,RBOSGB2L,BACS,239531.52,8.452001073626327,29.958616008250353
2026-08-24 13:28:00,1,TXN00966661,CR,TSBSGB2A,INTERNAL,711874.32,32.51960520076636,498.9844354596927
2026-08-24 13:28:00,2,TXN00966669,DR,NWBKGB2L,CHAPS,508468.26,23.22767742530819,356.4080632453103
2026-08-24 13:28:00,3,TXN00966666,CR,MIDLGB22,CHAPS,345695.91,15.791965234424607,242.31366920508486
2026-08-24 13:28:00,4,TXN00966668,CR,HSBCGB2L,FPS,341910.06,15.619021297706507,239.65999822425067
2026-08-24 13:28:00,5,TXN00966667,CR,NWBKGB2L,SWIFT,142595.24,6.513988183066537,99.95135845136174
2026-08-24 13:29:00,1,TXN00966674,DR,CHASGB2L,CHAPS,338837.76,44.39238251865576,
2026-08-24 13:29:00,2,TXN00966675,DR,DEUTGB2L,INTERNAL,129552.03,16.97308845338951,
2026-08-24 13:29:00,3,TXN00966672,DR,BNPAGB22,FPS,67734.61,8.87416065102061,
2026-08-24 13:29:00,4,TXN00966671,CR,NTSBGB2L,FPS,59618.52,7.810841817146143,
2026-08-24 13:29:00,5,TXN00966673,DR,BNPAGB22,FPS,46765.64,6.126938684784566,
2026-08-24 16:28:00,1,TXN00968137,CR,COBAGB2X,BACS,12305509.77,91.05469224475974,98.8903501115308
2026-08-24 16:28:00,2,TXN00968136,DR,TSBSGB2A,BACS,338376.68,2.503820242808482,2.7192850178670347
2026-08-24 16:28:00,3,TXN00968138,CR,CHASGB2L,SWIFT,249402.08,1.8454521644415345,2.0042614626069257
2026-08-24 16:28:00,4,TXN00968135,DR,BOFAGB22,FPS,196387.93,1.4531736483059505,1.5782256500031857
2026-08-24 16:28:00,5,TXN00968134,DR,MIDLGB22,BACS,183233.05,1.3558340360261787,1.4725095347678252
2026-08-24 17:24:00,1,TXN00968881,CR,COBAGB2X,CHAPS,11062021.53,81.4963775667399,98.85027645876896
2026-08-24 17:24:00,2,TXN00968878,DR,RBOSGB2L,CHAPS,525332.5,3.8702415875771115,4.694373692633397
2026-08-24 17:24:00,3,TXN00968885,CR,BOFAGB22,SWIFT,318898.24,2.3493943943181637,2.849676173629257
2026-08-24 17:24:00,4,TXN00968884,CR,BOFAGB22,CHAPS,310332.22,2.286286616208076,2.7731301785907396
2026-08-24 17:24:00,5,TXN00968874,DR,CHASGB2L,CHAPS,255789.61,1.8844590545837734,2.285737158909751
2026-08-25 12:48:00,1,TXN00972690,DR,CHASGB2L,CHAPS,14629321.62,93.28142167050316,103.77661947196192
2026-08-25 12:48:00,2,TXN00972681,CR,NWBKGB2L,FPS,229436.12,1.4629610321031525,1.6275604253455052
2026-08-25 12:48:00,3,TXN00972682,DR,DEUTGB2L,FPS,146992.73,0.9372745494147131,1.0427283644854917
2026-08-25 12:48:00,4,TXN00972688,DR,MIDLGB22,FPS,133348.25,0.850272805559775,0.9459379564520126
2026-08-25 12:48:00,5,TXN00972686,DR,MIDLGB22,FPS,121075.61,0.7720183699415715,0.8588790261558054
2026-08-26 06:52:00,1,TXN00975358,CR,BNPAGB22,CHAPS,11257633.36,80.5251045850995,84.05469738124698
2026-08-26 06:52:00,2,TXN00975354,DR,BARCGB22,BACS,1471174.11,10.523210810148527,10.984466331134394
2026-08-26 06:52:00,3,TXN00975355,CR,COBAGB2X,CHAPS,808455.86,5.782831133073653,6.036305365908254
2026-08-26 06:52:00,4,TXN00975357,CR,LOYDGB2L,SWIFT,319892.14,2.2881672555599457,2.388462669061332
2026-08-26 06:52:00,5,TXN00975356,CR,HSBCGB2L,SWIFT,62040.75,0.443773368924853,0.46322493367785417
2026-08-26 10:05:00,1,TXN00977171,CR,SANTGB2L,SWIFT,21730247.84,89.31511161484991,99.74295596205303
2026-08-26 10:05:00,2,TXN00977169,DR,COBAGB2X,FPS,752024.66,3.0909526177322952,3.4518318933613186
2026-08-26 10:05:00,3,TXN00977172,DR,RBOSGB2L,CHAPS,541569.73,2.225946120740339,2.4858329333150833
2026-08-26 10:05:00,4,TXN00977176,DR,HSBCGB2L,FPS,523963.53,2.1535815655962054,2.405019569188303
2026-08-26 10:05:00,5,TXN00977173,DR,HSBCGB2L,BACS,504809.85,2.0748565975410265,2.317103192218382
2026-08-26 10:14:00,1,TXN00977266,CR,HSBCGB2L,CHAPS,11249423.2,91.95982468014195,116.10082240819088
2026-08-26 10:14:00,2,TXN00977265,DR,RBOSGB2L,FPS,226937.87,1.8551321581078795,2.3421354921168853
2026-08-26 10:14:00,3,TXN00977263,DR,TSBSGB2A,INTERNAL,224247.31,1.8331378370220301,2.3143672925225647
2026-08-26 10:14:00,4,TXN00977264,DR,SANTGB2L,CHAPS,189662.67,1.5504213479645443,1.957432979064501
2026-08-26 10:14:00,5,TXN00977267,DR,COBAGB2X,FPS,122694.42,1.0029809663869436,1.266280307322422
2026-08-26 17:43:00,1,TXN00980715,CR,TSBSGB2A,CHAPS,10657452.12,83.40678879418374,98.10160184974765
2026-08-26 17:43:00,2,TXN00980713,DR,CITIGB2L,BACS,648009.08,5.071414430363241,5.96490868974988
2026-08-26 17:43:00,3,TXN00980714,DR,MIDLGB22,BACS,452672.1,3.5426784762997956,4.1668362778146975
2026-08-26 17:43:00,4,TXN00980710,DR,LOYDGB2L,CHAPS,430106.0,3.366072856549807,3.959115845897656
2026-08-26 17:43:00,5,TXN00980711,CR,BNPAGB22,CHAPS,385673.77,3.018339685287425,3.5501181898278285
2026-08-27 17:32:00,1,TXN00986270,DR,MIDLGB22,CHAPS,19204688.14,94.95687604733314,105.00923860072301
2026-08-27 17:32:00,2,TXN00986269,CR,LOYDGB2L,BACS,332558.74,1.6443244911050812,1.8183966239305882
2026-08-27 17:32:00,3,TXN00986268,DR,HSBCGB2L,FPS,308977.19,1.5277263821417775,1.6894551596134864
2026-08-27 17:32:00,4,TXN00986271,DR,BARCGB22,CHAPS,308738.08,1.5265441115177423,1.688147730986748
2026-08-27 17:32:00,5,TXN00986272,CR,CHASGB2L,SWIFT,69679.75,0.3445289679022698,0.38100163043776086
2026-08-28 06:39:00,1,TXN00986523,DR,TSBSGB2A,SWIFT,124435.77,72.71990029250827,
2026-08-28 06:39:00,2,TXN00986522,CR,CITIGB2L,SWIFT,46680.76,27.280099707491733,
2026-08-31 10:29:00,1,TXN00997580,DR,NTSBGB2L,FPS,10608016.7,68.9989210128589,81.69111796460739
2026-08-31 10:29:00,2,TXN00997586,CR,BOFAGB22,SWIFT,1789915.84,11.642351737985575,13.783936259466799
2026-08-31 10:29:00,3,TXN00997575,DR,RBOSGB2L,FPS,777243.98,5.05551579530791,5.985466600694638
2026-08-31 10:29:00,4,TXN00997571,CR,NTSBGB2L,SWIFT,446618.53,2.904991342476785,3.4393579922823414
2026-08-31 10:29:00,5,TXN00997579,DR,NWBKGB2L,CHAPS,350228.57,2.278031240078697,2.697069983538559
2026-09-01 06:33:00,1,TXN01003053,CR,CHASGB2L,CHAPS,168502.2,100.0,
2026-09-01 06:35:00,1,TXN01003056,DR,TSBSGB2A,FPS,294154.76,54.467317055593554,422.77985403565873
2026-09-01 06:35:00,2,TXN01003054,CR,RBOSGB2L,CHAPS,145027.69,26.854126627324796,208.44396877796152
2026-09-01 06:35:00,3,TXN01003055,CR,NTSBGB2L,BACS,100874.92,18.678556317081647,144.98451071625954
2026-09-01 06:36:00,1,TXN01003058,CR,COBAGB2X,BACS,49909.98,84.62530102525348,
2026-09-01 06:36:00,2,TXN01003057,CR,SANTGB2L,CHAPS,9067.63,15.374698974746517,
2026-09-01 06:37:00,1,TXN01003061,DR,SANTGB2L,CHAPS,245766.97,26.037686978604835,51.00699863982201
2026-09-01 06:37:00,2,TXN01003059,DR,NTSBGB2L,FPS,240077.23,25.434889665728956,49.826137922692524
2026-09-01 06:37:00,3,TXN01003060,CR,MIDLGB22,CHAPS,197707.88,20.946085198688692,41.03271308688101
2026-09-01 06:37:00,4,TXN01003063,CR,TSBSGB2A,CHAPS,136371.96,14.44787477804206,28.302926053203414
2026-09-01 06:37:00,5,TXN01003064,CR,BNPAGB22,CHAPS,89019.41,9.431127106299456,18.47527731162474
2026-09-01 06:38:00,1,TXN01003066,DR,DEUTGB2L,SWIFT,122278.89,69.81424548973784,
2026-09-01 06:38:00,2,TXN01003065,CR,MIDLGB22,INTERNAL,52870.02,30.185754510262154,
2026-09-01 06:39:00,1,TXN01003067,CR,LOYDGB2L,CHAPS,35480.59,100.0,
2026-09-01 06:40:00,1,TXN01003068,DR,MIDLGB22,CHAPS,1300992.41,84.82046014957344,119.52950530597766
2026-09-01 06:40:00,2,TXN01003069,DR,DEUTGB2L,SWIFT,133265.93,8.688503805230381,12.243892096988521
2026-09-01 06:40:00,3,TXN01003071,DR,COBAGB2X,INTERNAL,69739.35,4.546778068852958,6.40734714652212
2026-09-01 06:40:00,4,TXN01003070,CR,BARCGB22,BACS,29821.4,1.9442579763432206,2.739860096133599
2026-09-01 06:41:00,1,TXN01003073,DR,MIDLGB22,BACS,163127.52,59.15846466490933,
2026-09-01 06:41:00,2,TXN01003074,CR,NTSBGB2L,CHAPS,65173.58,23.63530647382883,
2026-09-01 06:41:00,3,TXN01003072,DR,CHASGB2L,FPS,47445.61,17.206228861261845,
2026-09-01 06:42:00,1,TXN01003077,DR,BARCGB22,SWIFT,428742.94,48.789971152162934,102.89188211508602
2026-09-01 06:42:00,2,TXN01003079,CR,RBOSGB2L,CHAPS,222674.65,25.339868569772783,53.438579858173384
2026-09-01 06:42:00,3,TXN01003076,DR,DEUTGB2L,SWIFT,108065.5,12.29760804351452,25.93410094801288
2026-09-01 06:42:00,4,TXN01003080,CR,CITIGB2L,SWIFT,96419.09,10.972273081902648,23.139137036108092
2026-09-01 06:42:00,5,TXN01003075,DR,BOFAGB22,CHAPS,14082.96,1.6026088082921308,3.3796994071820095
2026-09-01 07:40:00,1,TXN01003340,CR,DEUTGB2L,CHAPS,240338.73,40.59072843346912,
2026-09-01 07:40:00,2,TXN01003343,DR,CHASGB2L,SWIFT,131761.17,22.25310032031108,
2026-09-01 07:40:00,3,TXN01003342,DR,BOFAGB22,BACS,83131.74,14.040092009064715,
2026-09-01 07:40:00,4,TXN01003341,DR,CITIGB2L,BACS,67153.17,11.341476618922739,
2026-09-01 07:40:00,5,TXN01003339,DR,RBOSGB2L,SWIFT,40905.75,6.908558556572964,
2026-09-01 07:41:00,1,TXN01003345,CR,DEUTGB2L,FPS,590678.05,62.977675082550256,
2026-09-01 07:41:00,2,TXN01003346,DR,SANTGB2L,CHAPS,123889.94,13.20905760306591,
2026-09-01 07:41:00,3,TXN01003349,CR,BOFAGB22,SWIFT,82417.98,8.787346618686989,
2026-09-01 07:41:00,4,TXN01003350,DR,CHASGB2L,FPS,60712.81,6.47315677555414,
2026-09-01 07:41:00,5,TXN01003351,CR,CITIGB2L,SWIFT,40896.15,4.3603185302505105,
2026-09-01 07:42:00,1,TXN01003356,CR,DEUTGB2L,SWIFT,165794.18,29.31094445441154,
2026-09-01 07:42:00,2,TXN01003353,CR,COBAGB2X,FPS,148189.81,26.198647561813086,
2026-09-01 07:42:00,3,TXN01003354,DR,BOFAGB22,BACS,146446.36,25.89042102389092,
2026-09-01 07:42:00,4,TXN01003357,DR,SANTGB2L,CHAPS,44829.92,7.925533302892255,
2026-09-01 07:42:00,5,TXN01003352,CR,BARCGB22,CHAPS,35050.68,6.196650175352075,
2026-09-01 07:43:00,1,TXN01003360,DR,MIDLGB22,CHAPS,356536.34,44.88632284192788,
2026-09-01 07:43:00,2,TXN01003359,CR,COBAGB2X,CHAPS,305024.22,38.40117844236364,
2026-09-01 07:43:00,3,TXN01003358,DR,RBOSGB2L,CHAPS,132748.97,16.71249871570847,
2026-09-01 07:44:00,1,TXN01003364,CR,SANTGB2L,INTERNAL,726239.39,45.45434596743524,316.2673334937323
2026-09-01 07:44:00,2,TXN01003365,DR,COBAGB2X,CHAPS,234162.93,14.655942626532994,101.97475721356767
2026-09-01 07:44:00,3,TXN01003363,CR,SANTGB2L,BACS,176062.03,11.019485494099902,76.67260895555872
2026-09-01 07:44:00,4,TXN01003362,CR,CITIGB2L,FPS,168533.15,10.548263028092787,73.39388456442607
2026-09-01 07:44:00,5,TXN01003361,CR,CHASGB2L,FPS,121861.47,7.627145392761236,53.069005486643256
2026-09-01 07:45:00,1,TXN01003368,CR,CHASGB2L,SWIFT,700798.72,64.95577947420685,
2026-09-01 07:45:00,2,TXN01003369,DR,CITIGB2L,FPS,343675.01,31.854621766940205,
2026-09-01 07:45:00,3,TXN01003370,DR,COBAGB2X,CHAPS,17564.81,1.628050811603,
2026-09-01 07:45:00,4,TXN01003371,DR,RBOSGB2L,FPS,16847.32,1.561547947249953,
2026-09-01 07:46:00,1,TXN01003372,CR,LOYDGB2L,FPS,638357.71,42.92835467539784,
2026-09-01 07:46:00,2,TXN01003375,CR,TSBSGB2A,CHAPS,296100.31,19.912188617844453,
2026-09-01 07:46:00,3,TXN01003378,DR,CHASGB2L,CHAPS,236722.19,15.919121791224102,
2026-09-01 07:46:00,4,TXN01003376,CR,CITIGB2L,INTERNAL,154622.41,10.398066089379231,
2026-09-01 07:46:00,5,TXN01003373,CR,BNPAGB22,INTERNAL,65993.0,4.437905058111587,
2026-09-01 07:47:00,1,TXN01003383,DR,CHASGB2L,CHAPS,537467.47,36.394748508375066,
2026-09-01 07:47:00,2,TXN01003380,DR,NTSBGB2L,CHAPS,395676.0,26.793302505916895,
2026-09-01 07:47:00,3,TXN01003379,CR,CITIGB2L,CHAPS,118261.54,8.00811071693909,
2026-09-01 07:47:00,4,TXN01003382,DR,MIDLGB22,SWIFT,114766.19,7.77142218916875,
2026-09-01 07:47:00,5,TXN01003381,CR,BOFAGB22,INTERNAL,113301.02,7.672207824303067,
2026-09-01 08:12:00,1,TXN01003556,CR,MIDLGB22,INTERNAL,10840523.32,83.52424034279332,101.38995755709185
2026-09-01 08:12:00,2,TXN01003553,DR,BNPAGB22,INTERNAL,1435608.61,11.06110056131713,13.427054371808282
2026-09-01 08:12:00,3,TXN01003557,DR,BARCGB22,CHAPS,378490.92,2.9162029946765484,3.5399747024892383
2026-09-01 08:12:00,4,TXN01003558,DR,BOFAGB22,FPS,251755.31,1.9397284060281361,2.3546335764602646
2026-09-01 08:12:00,5,TXN01003554,CR,NTSBGB2L,CHAPS,41455.67,0.3194083202849959,0.3877293095293859
2026-09-01 10:36:00,1,TXN01004923,DR,LOYDGB2L,SWIFT,12079901.95,66.5247527058407,75.90414644028444
2026-09-01 10:36:00,2,TXN01004917,CR,NTSBGB2L,BACS,2970875.57,16.360791952791764,18.667516942978455
2026-09-01 10:36:00,3,TXN01004916,DR,BARCGB22,BACS,835566.46,4.601515173787875,5.250287560523624
2026-09-01 10:36:00,4,TXN01004911,CR,TSBSGB2A,BACS,645016.03,3.5521423985608696,4.052962631658686
2026-09-01 10:36:00,5,TXN01004912,CR,LOYDGB2L,SWIFT,339078.38,1.8673252043570667,2.13060131752596
2026-09-01 14:51:00,1,TXN01006758,CR,RBOSGB2L,FPS,626309.09,34.53414451536269,169.68151174948798
2026-09-01 14:51:00,2,TXN01006755,CR,NTSBGB2L,CHAPS,603735.0,33.28942860941471,163.56567249579138
2026-09-01 14:51:00,3,TXN01006754,DR,DEUTGB2L,BACS,161643.96,8.912908919580756,43.7930599058905
2026-09-01 14:51:00,4,TXN01006757,CR,BOFAGB22,CHAPS,95720.96,5.277971401930717,25.933005696775485
2026-09-01 14:51:00,5,TXN01006753,DR,BNPAGB22,FPS,94795.35,5.226934062675646,25.682236696934776
2026-09-01 15:38:00,1,TXN01006997,DR,NTSBGB2L,SWIFT,366648.64,46.328132799500864,
2026-09-01 15:38:00,2,TXN01006995,CR,MIDLGB22,BACS,284818.56,35.98843860826159,
2026-09-01 15:38:00,3,TXN01006996,CR,BOFAGB22,FPS,97006.44,12.25731325425566,
2026-09-01 15:38:00,4,TXN01006994,CR,BARCGB22,CHAPS,42943.19,5.426115337981882,
2026-09-01 15:39:00,1,TXN01006998,DR,CHASGB2L,CHAPS,215644.4,62.75255905557638,
2026-09-01 15:39:00,2,TXN01006999,CR,MIDLGB22,FPS,127998.0,37.247440944423616,
2026-09-01 15:40:00,1,TXN01007002,DR,TSBSGB2A,CHAPS,641610.3,65.06232472127564,1025.5749218470125
2026-09-01 15:40:00,2,TXN01007000,DR,NWBKGB2L,BACS,206321.57,20.921984862685967,329.7924425903121
2026-09-01 15:40:00,3,TXN01007001,CR,CHASGB2L,SWIFT,138215.34,14.01569041603839,220.92878889032525
2026-09-01 15:41:00,1,TXN01007003,DR,DEUTGB2L,FPS,217459.43,53.757992925512646,
2026-09-01 15:41:00,2,TXN01007004,DR,BOFAGB22,SWIFT,112670.12,27.853101214680187,
2026-09-01 15:41:00,3,TXN01007006,CR,CITIGB2L,CHAPS,41672.77,10.301896196667652,
2026-09-01 15:41:00,4,TXN01007005,DR,RBOSGB2L,SWIFT,32713.21,8.087009663139508,
2026-09-01 15:42:00,1,TXN01007007,CR,NTSBGB2L,INTERNAL,841139.94,62.26619012110558,196.85397934224375
2026-09-01 15:42:00,2,TXN01007008,CR,CHASGB2L,INTERNAL,418512.53,30.980791092912437,97.94548209788988
2026-09-01 15:42:00,3,TXN01007009,CR,SANTGB2L,INTERNAL,91225.01,6.753018785981983,21.349605909851313
2026-09-01 15:43:00,1,TXN01007011,DR,NWBKGB2L,SWIFT,690421.58,76.45026514258127,
2026-09-01 15:43:00,2,TXN01007010,CR,CHASGB2L,FPS,150878.14,16.706711002891158,
2026-09-01 15:43:00,3,TXN01007012,CR,BOFAGB22,SWIFT,61799.28,6.843023854527576,
2026-09-01 15:44:00,1,TXN01007013,CR,BARCGB22,CHAPS,379196.55,45.44903588557641,
2026-09-01 15:44:00,2,TXN01007015,DR,MIDLGB22,CHAPS,205930.19,24.681998280927314,
2026-09-01 15:44:00,3,TXN01007014,DR,BOFAGB22,CHAPS,127907.8,15.330535555360749,
2026-09-01 15:44:00,4,TXN01007016,DR,COBAGB2X,CHAPS,67084.43,8.040481028726232,
2026-09-01 15:44:00,5,TXN01007017,CR,HSBCGB2L,SWIFT,54214.57,6.497949249409294,
2026-09-01 15:45:00,1,TXN01007018,DR,BOFAGB22,CHAPS,577991.14,72.89801653312,
2026-09-01 15:45:00,2,TXN01007019,DR,COBAGB2X,FPS,177862.94,22.432619885400545,
2026-09-01 15:45:00,3,TXN01007020,DR,RBOSGB2L,CHAPS,37022.28,4.669363581479463,
2026-09-01 15:46:00,1,TXN01007022,CR,HSBCGB2L,FPS,1481814.76,47.82311404854174,70.55409284911903
2026-09-01 15:46:00,2,TXN01007027,CR,COBAGB2X,BACS,968113.81,31.244267770418393,46.09509466571543
2026-09-01 15:46:00,3,TXN01007026,CR,MIDLGB22,CHAPS,357640.47,11.54225308511846,17.0284435059768
2026-09-01 15:46:00,4,TXN01007023,DR,MIDLGB22,FPS,78494.93,2.533293695645399,3.737402763760498
2026-09-01 15:46:00,5,TXN01007025,CR,CHASGB2L,INTERNAL,73787.46,2.3813679079105756,3.513264575621218
2026-09-01 15:47:00,1,TXN01007034,DR,SANTGB2L,CHAPS,244978.26,31.881092285368958,
2026-09-01 15:47:00,2,TXN01007032,DR,BNPAGB22,INTERNAL,203516.14,26.48527604409497,
2026-09-01 15:47:00,3,TXN01007033,CR,TSBSGB2A,FPS,105786.04,13.766831814968937,
2026-09-01 15:47:00,4,TXN01007031,CR,COBAGB2X,SWIFT,97010.45,12.624790089925412,
2026-09-01 15:47:00,5,TXN01007030,CR,DEUTGB2L,FPS,74258.17,9.663843521105164,
2026-09-01 15:48:00,1,TXN01007036,DR,DEUTGB2L,FPS,721645.73,85.21340880744508,
2026-09-01 15:48:00,2,TXN01007035,CR,BARCGB22,CHAPS,125223.02,14.786591192554926,
2026-09-01 15:49:00,1,TXN01007037,DR,MIDLGB22,FPS,1466971.56,71.43670357214157,137.37309243222566
2026-09-01 15:49:00,2,TXN01007040,DR,BNPAGB22,SWIFT,255056.2,12.420400402061547,23.884484125931
2026-09-01 15:49:00,3,TXN01007038,CR,HSBCGB2L,CHAPS,174156.27,8.480839148115354,16.308690658162213
2026-09-01 15:49:00,4,TXN01007041,DR,BARCGB22,FPS,94034.09,4.579151768290642,8.80572881545858
2026-09-01 15:49:00,5,TXN01007039,DR,CITIGB2L,CHAPS,63308.27,3.0829051093908753,5.9284399667804735
2026-09-01 15:50:00,1,TXN01007042,DR,CHASGB2L,FPS,743110.31,39.10242792820304,81.23488347510995
2026-09-01 15:50:00,2,TXN01007044,CR,MIDLGB22,CHAPS,656809.71,34.56129460486013,71.80072667430863
2026-09-01 15:50:00,3,TXN01007047,DR,COBAGB2X,FPS,161217.04,8.483232707938377,17.623826883255244
2026-09-01 15:50:00,4,TXN01007045,DR,DEUTGB2L,CHAPS,141941.7,7.468965266080912,15.516696921832528
2026-09-01 15:50:00,5,TXN01007043,CR,DEUTGB2L,CHAPS,134251.27,7.0642952180877785,14.675999145854298
2026-09-01 15:51:00,1,TXN01007049,DR,BARCGB22,CHAPS,1217277.06,56.89349946124491,106.6577819324407
2026-09-01 15:51:00,2,TXN01007055,CR,HSBCGB2L,CHAPS,295430.49,13.807928347594357,25.885611266357145
2026-09-01 15:51:00,3,TXN01007048,DR,DEUTGB2L,CHAPS,189786.85,8.870320819342778,16.629118485930256
2026-09-01 15:51:00,4,TXN01007050,CR,CHASGB2L,CHAPS,165247.39,7.723387388847308,14.478971687452143
2026-09-01 15:51:00,5,TXN01007054,DR,COBAGB2X,FPS,139942.49,6.540678569446031,12.2617570575944
2026-09-01 16:05:00,1,TXN01007116,CR,CHASGB2L,BACS,317318.05,53.90856119490049,
2026-09-01 16:05:00,2,TXN01007115,DR,LOYDGB2L,BACS,271304.69,46.091438805099514,
2026-09-01 16:06:00,1,TXN01007118,DR,DEUTGB2L,SWIFT,538112.27,56.196535596518785,
2026-09-01 16:06:00,2,TXN01007117,CR,NWBKGB2L,FPS,214118.64,22.360994992064,
2026-09-01 16:06:00,3,TXN01007120,DR,LOYDGB2L,CHAPS,166038.94,17.33990046745867,
2026-09-01 16:06:00,4,TXN01007119,DR,MIDLGB22,CHAPS,39284.32,4.102568943958544,
2026-09-01 16:07:00,1,TXN01007125,DR,BNPAGB22,FPS,645919.93,58.187338802330004,1102.1268944323629
2026-09-01 16:07:00,2,TXN01007124,CR,BARCGB22,INTERNAL,261448.49,23.552442277152814,446.10701567565917
2026-09-01 16:07:00,3,TXN01007122,CR,HSBCGB2L,SWIFT,128456.93,11.571971323778767,219.18481030491722
2026-09-01 16:07:00,4,TXN01007123,DR,HSBCGB2L,BACS,49631.03,4.470983822590215,84.68494378456387
2026-09-01 16:07:00,5,TXN01007121,DR,CITIGB2L,FPS,24613.17,2.2172637741482055,41.99721258676102
2026-09-01 16:08:00,1,TXN01007131,CR,TSBSGB2A,CHAPS,320140.06,33.95378182048851,
2026-09-01 16:08:00,2,TXN01007126,DR,DEUTGB2L,CHAPS,170032.15,18.033464863999136,
2026-09-01 16:08:00,3,TXN01007130,CR,NTSBGB2L,CHAPS,137175.19,14.548683699391,
2026-09-01 16:08:00,4,TXN01007129,DR,HSBCGB2L,FPS,136863.24,14.51559854835148,
2026-09-01 16:08:00,5,TXN01007128,CR,RBOSGB2L,CHAPS,115091.24,12.206478790593966,
2026-09-01 16:09:00,1,TXN01007133,DR,BNPAGB22,FPS,1377864.87,95.98281577488365,365.7028567475918
2026-09-01 16:09:00,2,TXN01007132,DR,MIDLGB22,CHAPS,47216.79,3.289147255820063,12.531936451396081
2026-09-01 16:09:00,3,TXN01007134,CR,COBAGB2X,CHAPS,10451.21,0.7280369692962864,2.7738840264277864
2026-09-01 16:10:00,1,TXN01007135,DR,NTSBGB2L,BACS,72430.39,100.0,
2026-09-01 16:11:00,1,TXN01007137,DR,CHASGB2L,FPS,84702.58,35.44072589433537,
2026-09-01 16:11:00,2,TXN01007140,DR,MIDLGB22,FPS,41130.66,17.20963454611541,
2026-09-01 16:11:00,3,TXN01007138,DR,LOYDGB2L,CHAPS,35981.8,15.055280618191285,
2026-09-01 16:11:00,4,TXN01007136,CR,BOFAGB22,CHAPS,33344.73,13.951894215626274,
2026-09-01 16:11:00,5,TXN01007141,DR,BNPAGB22,CHAPS,27223.65,11.390750051454432,
2026-09-01 16:12:00,1,TXN01007144,CR,BNPAGB22,SWIFT,119451.29,28.67898483588343,
2026-09-01 16:12:00,2,TXN01007143,CR,BARCGB22,BACS,114541.82,27.5002732817242,
2026-09-01 16:12:00,3,TXN01007145,DR,NWBKGB2L,CHAPS,72689.7,17.45202420187271,
2026-09-01 16:12:00,4,TXN01007147,DR,CITIGB2L,BACS,50897.78,12.220015880951397,
2026-09-01 16:12:00,5,TXN01007146,DR,BOFAGB22,CHAPS,46087.89,11.065212426151811,
2026-09-01 16:13:00,1,TXN01007148,DR,MIDLGB22,CHAPS,1046232.97,27.5338002275154,38.03204330492415
2026-09-01 16:13:00,2,TXN01007156,CR,BNPAGB22,BACS,987427.73,25.986217827688048,35.8943899348182
2026-09-01 16:13:00,3,TXN01007154,DR,BNPAGB22,CHAPS,917753.89,24.152605576256253,33.3616476335501
2026-09-01 16:13:00,4,TXN01007152,CR,NTSBGB2L,CHAPS,262912.94,6.919101743838891,9.557255990035303
2026-09-01 16:13:00,5,TXN01007157,DR,DEUTGB2L,BACS,213682.28,5.623494363478154,7.767652099947613
2026-09-01 16:15:00,1,TXN01007160,DR,CITIGB2L,CHAPS,67700.61,40.30600015788855,
2026-09-01 16:15:00,2,TXN01007158,CR,LOYDGB2L,CHAPS,54312.32,32.335194298770624,
2026-09-01 16:15:00,3,TXN01007159,CR,CHASGB2L,FPS,45953.65,27.35880554334082,
2026-09-01 16:16:00,1,TXN01007165,DR,DEUTGB2L,SWIFT,346789.46,30.031663497557282,4021.866963523604
2026-09-01 16:16:00,2,TXN01007163,DR,TSBSGB2A,INTERNAL,309968.42,26.842993683572463,3594.8374790099137
2026-09-01 16:16:00,3,TXN01007161,DR,MIDLGB22,BACS,250065.44,21.655448082097422,2900.116779370959
2026-09-01 16:16:00,4,TXN01007164,CR,CHASGB2L,BACS,119170.32,10.320045335680677,1382.0696079994366
2026-09-01 16:16:00,5,TXN01007166,CR,LOYDGB2L,CHAPS,79146.16,6.853988135175239,917.8921591035476
2026-09-01 16:17:00,1,TXN01007167,DR,HSBCGB2L,CHAPS,328182.47,100.0,
2026-09-01 16:18:00,1,TXN01007168,CR,DEUTGB2L,BACS,336228.52,54.417401318844846,
2026-09-01 16:18:00,2,TXN01007170,CR,BARCGB22,FPS,210822.17,34.12082541897318,
2026-09-01 16:18:00,3,TXN01007169,DR,RBOSGB2L,FPS,70818.8,11.461773262181952,
2026-09-01 16:20:00,1,TXN01007173,DR,HSBCGB2L,CHAPS,409410.31,45.789062972792465,
2026-09-01 16:20:00,2,TXN01007174,DR,SANTGB2L,CHAPS,281496.69,31.483011908133527,
2026-09-01 16:20:00,3,TXN01007172,CR,HSBCGB2L,FPS,88032.45,9.845681210859599,
2026-09-01 16:20:00,4,TXN01007175,CR,NWBKGB2L,FPS,84745.72,9.478088399275137,
2026-09-01 16:20:00,5,TXN01007171,CR,BARCGB22,CHAPS,30437.32,3.404155508939273,
2026-09-01 16:21:00,1,TXN01007176,CR,BARCGB22,CHAPS,643603.4,81.79366614596978,
2026-09-01 16:21:00,2,TXN01007178,DR,HSBCGB2L,CHAPS,72294.15,9.187651229634058,
2026-09-01 16:21:00,3,TXN01007177,DR,DEUTGB2L,FPS,70964.6,9.018682624396154,
2026-09-01 16:22:00,1,TXN01007180,DR,SANTGB2L,FPS,1192970.01,45.491639284498355,80.6234015167289
2026-09-01 16:22:00,2,TXN01007185,DR,BNPAGB22,BACS,627991.26,23.947250672074833,42.44095918553434
2026-09-01 16:22:00,3,TXN01007182,DR,TSBSGB2A,BACS,295866.3,11.282297864335396,19.995261658060432
2026-09-01 16:22:00,4,TXN01007179,CR,NWBKGB2L,CHAPS,195263.97,7.446019609913839,13.196346365036039
2026-09-01 16:22:00,5,TXN01007181,CR,BNPAGB22,CHAPS,178179.58,6.794538934992522,12.041747655016172
2026-09-01 16:23:00,1,TXN01007191,DR,TSBSGB2A,CHAPS,950464.38,35.46267893168394,61.95750032242776
2026-09-01 16:23:00,2,TXN01007192,DR,BARCGB22,CHAPS,692766.05,25.847722989809363,45.159033488705816
2026-09-01 16:23:00,3,TXN01007186,CR,LOYDGB2L,SWIFT,565365.29,21.094286309170663,36.85421660669121
2026-09-01 16:23:00,4,TXN01007188,CR,SANTGB2L,CHAPS,289003.0,10.782961271303458,18.839110483743315
2026-09-01 16:23:00,5,TXN01007189,DR,NTSBGB2L,INTERNAL,86686.91,3.234366401936895,5.6508211851929335
2026-09-01 16:24:00,1,TXN01007193,DR,SANTGB2L,CHAPS,310054.84,78.40942992391457,
2026-09-01 16:24:00,2,TXN01007194,DR,TSBSGB2A,FPS,85375.71,21.59057007608542,
2026-09-01 16:25:00,1,TXN01007198,DR,CHASGB2L,CHAPS,536536.45,35.900075939728204,152.5050968438427
2026-09-01 16:25:00,2,TXN01007200,CR,CITIGB2L,FPS,376825.0,25.213657182076037,107.10872135188771
2026-09-01 16:25:00,3,TXN01007197,DR,LOYDGB2L,CHAPS,334748.33,22.39827409246324,95.14885053003319
2026-09-01 16:25:00,4,TXN01007196,CR,LOYDGB2L,SWIFT,92064.57,6.160112801951151,26.168429309391257
2026-09-01 16:25:00,5,TXN01007195,DR,COBAGB2X,SWIFT,89458.73,5.985753997648514,25.42774546291716
2026-09-01 16:26:00,1,TXN01007206,DR,RBOSGB2L,FPS,186222.99,37.18317214328274,
2026-09-01 16:26:00,2,TXN01007205,DR,RBOSGB2L,CHAPS,99512.0,19.86957585807398,
2026-09-01 16:26:00,3,TXN01007207,DR,DEUTGB2L,FPS,89039.91,17.778612088402202,
2026-09-01 16:26:00,4,TXN01007204,CR,RBOSGB2L,SWIFT,79554.68,15.884694801881187,
2026-09-01 16:26:00,5,TXN01007203,CR,SANTGB2L,FPS,46496.41,9.283945108359891,
2026-09-01 16:27:00,1,TXN01007209,DR,COBAGB2X,FPS,890627.15,65.15302142754345,403.2650861825462
2026-09-01 16:27:00,2,TXN01007210,DR,TSBSGB2A,INTERNAL,169524.79,12.401432266431362,76.75875258173754
2026-09-01 16:27:00,3,TXN01007211,DR,BARCGB22,BACS,146028.11,10.682553950723007,66.11974310936326
2026-09-01 16:27:00,4,TXN01007208,CR,BOFAGB22,CHAPS,91534.96,6.696156983592217,41.44591093266798
2026-09-01 16:27:00,5,TXN01007212,DR,CHASGB2L,CHAPS,69262.5,5.0668353717099555,31.36121331100069
2026-09-01 16:28:00,1,TXN01007214,CR,TSBSGB2A,CHAPS,631026.39,67.52986088906053,
2026-09-01 16:28:00,2,TXN01007215,DR,SANTGB2L,SWIFT,229633.55,24.574442420642864,
2026-09-01 16:28:00,3,TXN01007213,CR,NTSBGB2L,CHAPS,73780.59,7.895696690296599,
2026-09-01 16:29:00,1,TXN01007218,DR,SANTGB2L,INTERNAL,257409.07,28.32355401908073,
2026-09-01 16:29:00,2,TXN01007220,CR,LOYDGB2L,CHAPS,231698.36,25.494521290925817,
2026-09-01 16:29:00,3,TXN01007221,DR,HSBCGB2L,FPS,140869.83,15.500363835911916,
2026-09-01 16:29:00,4,TXN01007217,CR,HSBCGB2L,CHAPS,115659.94,12.72643795509473,
2026-09-01 16:29:00,5,TXN01007222,DR,CHASGB2L,FPS,57823.57,6.362514764810331,
2026-09-01 16:30:00,1,TXN01007225,CR,LOYDGB2L,BACS,343379.33,43.87271404321707,
2026-09-01 16:30:00,2,TXN01007226,CR,BOFAGB22,SWIFT,202856.78,25.918500978692563,
2026-09-01 16:30:00,3,TXN01007227,CR,CITIGB2L,CHAPS,123903.34,15.83081836876873,
2026-09-01 16:30:00,4,TXN01007224,DR,DEUTGB2L,FPS,112532.28,14.377966609321637,
2026-09-01 16:31:00,1,TXN01007230,CR,DEUTGB2L,SWIFT,146719.57,42.465857026719064,
2026-09-01 16:31:00,2,TXN01007228,DR,CITIGB2L,BACS,75679.76,21.90441171533158,
2026-09-01 16:31:00,3,TXN01007229,DR,NTSBGB2L,CHAPS,69018.69,19.976461365797658,
2026-09-01 16:31:00,4,TXN01007231,CR,DEUTGB2L,SWIFT,54082.06,15.65326989215169,
2026-09-01 16:32:00,1,TXN01007233,CR,LOYDGB2L,BACS,71982.31,65.74460638438372,
2026-09-01 16:32:00,2,TXN01007232,DR,CITIGB2L,BACS,33816.54,30.886131767399064,
2026-09-01 16:32:00,3,TXN01007234,DR,BARCGB22,SWIFT,3688.93,3.3692618482172167,
2026-09-01 16:33:00,1,TXN01007236,DR,NTSBGB2L,SWIFT,639448.91,70.51201636194735,
2026-09-01 16:33:00,2,TXN01007237,CR,DEUTGB2L,CHAPS,139036.69,15.331572557049164,
2026-09-01 16:33:00,3,TXN01007235,CR,CHASGB2L,CHAPS,128379.56,14.156411081003487,
2026-09-01 16:34:00,1,TXN01007240,CR,LOYDGB2L,FPS,239991.77,47.36177947780821,
2026-09-01 16:34:00,2,TXN01007238,DR,LOYDGB2L,SWIFT,168723.97,33.29725623407973,
2026-09-01 16:34:00,3,TXN01007241,DR,NWBKGB2L,CHAPS,71809.86,14.171497437817477,
2026-09-01 16:34:00,4,TXN01007239,DR,CITIGB2L,CHAPS,26194.74,5.169466850294583,
2026-09-01 16:35:00,1,TXN01007242,CR,NWBKGB2L,BACS,866597.95,35.514553202463354,110.36169443393065
2026-09-01 16:35:00,2,TXN01007248,CR,SANTGB2L,CHAPS,766903.64,31.42892286318333,97.66557280449274
2026-09-01 16:35:00,3,TXN01007245,CR,NTSBGB2L,CHAPS,262030.91,10.738440696617026,33.369771093578954
2026-09-01 16:35:00,4,TXN01007244,DR,HSBCGB2L,FPS,259007.87,10.614551741060215,32.98478539549192
2026-09-01 16:35:00,5,TXN01007247,DR,RBOSGB2L,FPS,137001.82,5.614551044373354,17.447252207015225
2026-09-01 16:36:00,1,TXN01007255,CR,MIDLGB22,CHAPS,1066048.55,61.49671184096294,1355.9738721575509
2026-09-01 16:36:00,2,TXN01007254,DR,NTSBGB2L,FPS,194717.72,11.232602414936267,247.67365498137002
2026-09-01 16:36:00,3,TXN01007250,DR,CHASGB2L,FPS,157725.92,9.098671399244223,200.62146933365477
2026-09-01 16:36:00,4,TXN01007251,CR,COBAGB2X,BACS,146813.75,8.469185458805955,186.74159734420223
2026-09-01 16:36:00,5,TXN01007253,CR,BNPAGB22,FPS,89566.64,5.166794561695398,113.92541517639266
2026-09-01 16:37:00,1,TXN01007258,CR,DEUTGB2L,BACS,338198.88,24.686143694649697,
2026-09-01 16:37:00,2,TXN01007264,DR,TSBSGB2A,CHAPS,247594.79,18.072681269632284,
2026-09-01 16:37:00,3,TXN01007263,CR,DEUTGB2L,CHAPS,199485.71,14.561056210739723,
2026-09-01 16:37:00,4,TXN01007266,DR,MIDLGB22,BACS,161679.94,11.801500440753504,
2026-09-01 16:37:00,5,TXN01007257,DR,MIDLGB22,CHAPS,121464.37,8.86604619033658,
2026-09-01 16:38:00,1,TXN01007270,DR,CHASGB2L,SWIFT,299966.48,51.75086798060126,
2026-09-01 16:38:00,2,TXN01007269,DR,NWBKGB2L,CHAPS,97599.78,16.83812581230985,
2026-09-01 16:38:00,3,TXN01007267,CR,CHASGB2L,CHAPS,95543.58,16.4833857268786,
2026-09-01 16:38:00,4,TXN01007271,CR,NTSBGB2L,FPS,53217.54,9.18120546933233,
2026-09-01 16:38:00,5,TXN01007268,CR,COBAGB2X,INTERNAL,33308.27,5.7464150108779535,
2026-09-01 16:39:00,1,TXN01007272,CR,DEUTGB2L,CHAPS,226225.55,52.87573655973215,
2026-09-01 16:39:00,2,TXN01007275,CR,DEUTGB2L,SWIFT,53926.78,12.604315528438907,
2026-09-01 16:39:00,3,TXN01007274,DR,BARCGB22,FPS,52089.65,12.174922818791474,
2026-09-01 16:39:00,4,TXN01007273,DR,SANTGB2L,CHAPS,38326.11,8.95796825654448,
2026-09-01 16:39:00,5,TXN01007277,CR,MIDLGB22,CHAPS,37879.7,8.85362877076301,
2026-09-01 16:40:00,1,TXN01007281,CR,CITIGB2L,SWIFT,197001.45,28.760840147302886,
2026-09-01 16:40:00,2,TXN01007278,DR,RBOSGB2L,FPS,194270.32,28.362114181826474,
2026-09-01 16:40:00,3,TXN01007279,DR,BARCGB22,SWIFT,131503.88,19.198650930894676,
2026-09-01 16:40:00,4,TXN01007282,CR,HSBCGB2L,FPS,94876.27,13.85127487763338,
2026-09-01 16:40:00,5,TXN01007280,DR,BNPAGB22,CHAPS,67312.25,9.82711986234258,
2026-09-01 17:34:00,1,TXN01008157,CR,CHASGB2L,CHAPS,588517.42,8.435842037451529,12.08682876497344
2026-09-01 17:34:00,2,TXN01008142,DR,BARCGB22,CHAPS,543438.0,7.789671077448452,11.160998514503845
2026-09-01 17:34:00,3,TXN01008156,DR,MIDLGB22,SWIFT,539208.94,7.729051491834648,11.07414310067973
2026-09-01 17:34:00,4,TXN01008138,DR,MIDLGB22,BACS,538571.07,7.719908227119681,11.061042680535305
2026-09-01 17:34:00,5,TXN01008134,CR,NTSBGB2L,BACS,473452.09,6.78648907884712,9.723644782254352
2026-09-01 17:35:00,1,TXN01008170,DR,RBOSGB2L,SWIFT,580486.3,13.356412009307034,26.077016206794177
2026-09-01 17:35:00,2,TXN01008183,CR,DEUTGB2L,FPS,474686.09,10.922054479368416,21.32418432970728
2026-09-01 17:35:00,3,TXN01008168,CR,COBAGB2X,FPS,433368.67,9.971381768088955,19.468093960368808
2026-09-01 17:35:00,4,TXN01008172,CR,SANTGB2L,CHAPS,375590.89,8.641972556083264,16.8725596549897
2026-09-01 17:35:00,5,TXN01008167,CR,CHASGB2L,CHAPS,347842.3,8.003505118148317,15.62601786555266
2026-09-01 17:36:00,1,TXN01008191,CR,MIDLGB22,FPS,1174842.03,18.79865114038758,28.581558988099015
2026-09-01 17:36:00,2,TXN01008220,DR,RBOSGB2L,INTERNAL,605295.58,9.685336542852967,14.725631943049914
2026-09-01 17:36:00,3,TXN01008192,CR,LOYDGB2L,CHAPS,534878.49,8.558592456900174,13.012524852724523
2026-09-01 17:36:00,4,TXN01008199,DR,HSBCGB2L,CHAPS,487177.14,7.795323000515874,11.85204632537991
2026-09-01 17:36:00,5,TXN01008193,DR,SANTGB2L,CHAPS,389008.47,6.224525792787587,9.46379874762835
2026-09-01 17:37:00,1,TXN01008244,DR,HSBCGB2L,FPS,1815992.43,19.34939083463227,25.061477188191073
2026-09-01 17:37:00,2,TXN01008236,DR,COBAGB2X,FPS,809820.24,8.628630863596555,11.175867881396082
2026-09-01 17:37:00,3,TXN01008223,DR,DEUTGB2L,CHAPS,777850.92,8.287997908756855,10.734677504902066
2026-09-01 17:37:00,4,TXN01008242,DR,NWBKGB2L,BACS,750285.04,7.994283586489239,10.354256495772413
2026-09-01 17:37:00,5,TXN01008221,DR,LOYDGB2L,BACS,683957.27,7.287561507851721,9.438904720435671
2026-09-01 17:38:00,1,TXN01008254,DR,RBOSGB2L,SWIFT,2387731.36,19.50820461277168,23.66593442557969
2026-09-01 17:38:00,2,TXN01008249,DR,NTSBGB2L,FPS,1733372.37,14.161971246248145,17.180273095517602
2026-09-01 17:38:00,3,TXN01008273,DR,CITIGB2L,FPS,1084963.25,8.864349412547714,10.753583740117154
2026-09-01 17:38:00,4,TXN01008265,DR,HSBCGB2L,SWIFT,1064449.08,8.696744868533523,10.550258102171354
2026-09-01 17:38:00,5,TXN01008251,DR,RBOSGB2L,CHAPS,815977.54,6.6666866618303695,8.087539192175214
2026-09-01 17:39:00,1,TXN01008294,DR,RBOSGB2L,SWIFT,2174885.4,29.130613083001773,41.089305467331876
2026-09-01 17:39:00,2,TXN01008286,CR,CHASGB2L,BACS,761645.58,10.201550250582617,14.389488243593505
2026-09-01 17:39:00,3,TXN01008296,CR,BOFAGB22,CHAPS,665554.24,8.914494092972118,12.574070096952195
2026-09-01 17:39:00,4,TXN01008293,CR,DEUTGB2L,BACS,524425.44,7.024202095210607,9.907775875915082
2026-09-01 17:39:00,5,TXN01008300,DR,BARCGB22,BACS,313326.96,4.196729832400905,5.9195703693585315
2026-09-01 17:40:00,1,TXN01008319,DR,NTSBGB2L,CHAPS,1463447.0,19.269501820635565,27.19469221474862
2026-09-01 17:40:00,2,TXN01008313,CR,LOYDGB2L,CHAPS,1459091.48,19.21215181030392,27.11375520381814
2026-09-01 17:40:00,3,TXN01008306,DR,NTSBGB2L,CHAPS,1025012.51,13.496546460253926,19.04742688031541
2026-09-01 17:40:00,4,TXN01008317,DR,BARCGB22,FPS,897550.97,11.818234654571171,16.678856409695108
2026-09-01 17:40:00,5,TXN01008310,DR,TSBSGB2A,CHAPS,644403.11,8.48498572300071,11.974703722565149
2026-09-01 17:41:00,1,TXN01008333,DR,SANTGB2L,CHAPS,1579280.35,16.067180491854124,20.736421915150608
2026-09-01 17:41:00,2,TXN01008351,CR,BNPAGB22,CHAPS,900285.23,9.15926376501829,11.821013522556909
2026-09-01 17:41:00,3,TXN01008354,DR,NWBKGB2L,CHAPS,688139.43,7.000948517704039,9.035475909601008
2026-09-01 17:41:00,4,TXN01008334,DR,TSBSGB2A,CHAPS,641793.83,6.529440643751656,8.426944361981356
2026-09-01 17:41:00,5,TXN01008339,CR,LOYDGB2L,CHAPS,613836.42,6.245009350375046,8.059855232166724
2026-09-01 17:42:00,1,TXN01008366,CR,MIDLGB22,FPS,849987.54,15.257443926568293,25.488863669025495
2026-09-01 17:42:00,2,TXN01008367,DR,HSBCGB2L,CHAPS,671533.86,12.054165186635514,20.13751284715827
2026-09-01 17:42:00,3,TXN01008357,DR,MIDLGB22,CHAPS,624628.14,11.212198264702385,18.730935166763704
2026-09-01 17:42:00,4,TXN01008362,DR,SANTGB2L,CHAPS,487694.23,8.754207582308677,14.624651722118612
2026-09-01 17:42:00,5,TXN01008361,DR,SANTGB2L,CHAPS,414258.89,7.436028750794891,12.422521359421138
2026-09-01 17:43:00,1,TXN01008382,CR,LOYDGB2L,CHAPS,1112884.01,24.887807911434574,50.033935437329916
2026-09-01 17:43:00,2,TXN01008381,DR,BOFAGB22,CHAPS,846319.1,18.926525139469106,38.04949557032378
2026-09-01 17:43:00,3,TXN01008387,DR,NTSBGB2L,CHAPS,593835.44,13.280146204744401,26.69813187931274
2026-09-01 17:43:00,4,TXN01008395,CR,RBOSGB2L,FPS,293097.86,6.5546482592849395,13.177329597951148
2026-09-01 17:43:00,5,TXN01008392,DR,TSBSGB2A,CHAPS,241864.57,5.408900572434068,10.873942092094182
2026-09-01 17:44:00,1,TXN01008402,DR,CITIGB2L,FPS,2165194.61,20.1195887469626,25.491790690381883
2026-09-01 17:44:00,2,TXN01008406,DR,HSBCGB2L,FPS,1783827.51,16.575819896724347,21.001787692730815
2026-09-01 17:44:00,3,TXN01008418,CR,NTSBGB2L,CHAPS,924640.12,8.592012407301414,10.886195769242926
2026-09-01 17:44:00,4,TXN01008403,CR,HSBCGB2L,CHAPS,804847.84,7.47886932190412,9.475828445225055
2026-09-01 17:44:00,5,TXN01008419,CR,BOFAGB22,BACS,754510.58,7.011121542941687,8.883185691580229
2026-09-01 17:45:00,1,TXN01008427,DR,LOYDGB2L,SWIFT,1300088.61,25.08112627054038,33.67992278865889
2026-09-01 17:45:00,2,TXN01008439,CR,COBAGB2X,CHAPS,584258.32,11.271429182456867,15.13571840786418
2026-09-01 17:45:00,3,TXN01008442,DR,BOFAGB22,CHAPS,473193.0,9.128772679068247,12.258474985127256
2026-09-01 17:45:00,4,TXN01008422,DR,TSBSGB2A,CHAPS,384589.82,7.419452615452415,9.963132776699135
2026-09-01 17:45:00,5,TXN01008444,DR,NWBKGB2L,SWIFT,274491.57,5.295452690235377,7.110942140888194
2026-09-01 17:46:00,1,TXN01008445,DR,BARCGB22,CHAPS,2969290.84,32.63811737807461,38.19410399962104
2026-09-01 17:46:00,2,TXN01008462,CR,NTSBGB2L,CHAPS,1762033.85,19.368081713558485,22.665110204479888
2026-09-01 17:46:00,3,TXN01008465,DR,HSBCGB2L,FPS,487727.7,5.361049078351099,6.273660446578541
2026-09-01 17:46:00,4,TXN01008456,CR,CHASGB2L,CHAPS,477549.89,5.249175713520411,6.142742879194545
2026-09-01 17:46:00,5,TXN01008453,DR,BARCGB22,FPS,442882.08,4.868110970121684,5.696809485691366
2026-09-01 17:47:00,1,TXN01008480,CR,COBAGB2X,FPS,657187.72,12.604729237780811,16.892486158507882
2026-09-01 17:47:00,2,TXN01008472,CR,LOYDGB2L,INTERNAL,592199.52,11.358268539077027,15.222016313200454
2026-09-01 17:47:00,3,TXN01008474,DR,CITIGB2L,SWIFT,551779.55,10.583021585818036,14.183053224005326
2026-09-01 17:47:00,4,TXN01008485,CR,MIDLGB22,FPS,469760.19,9.009906639214849,12.074810995240497
2026-09-01 17:47:00,5,TXN01008487,DR,NTSBGB2L,SWIFT,460628.9,8.834770320414407,11.840098469062555
2026-09-01 17:48:00,1,TXN01008503,CR,LOYDGB2L,INTERNAL,4875451.62,40.183605996702994,45.17079268416006
2026-09-01 17:48:00,2,TXN01008512,CR,DEUTGB2L,SWIFT,1358413.92,11.196084793005664,12.585630694782116
2026-09-01 17:48:00,3,TXN01008508,DR,CITIGB2L,SWIFT,1293719.5,10.662871608651427,11.986240430779871
2026-09-01 17:48:00,4,TXN01008506,DR,RBOSGB2L,SWIFT,624771.88,5.149386973865491,5.788477307538728
2026-09-01 17:48:00,5,TXN01008510,DR,SANTGB2L,CHAPS,576563.3,4.752050535035126,5.3418274497399665
2026-09-01 17:49:00,1,TXN01008535,CR,LOYDGB2L,SWIFT,2101070.21,25.98632214516325,31.14668074362998
2026-09-01 17:49:00,2,TXN01008531,DR,SANTGB2L,BACS,1856512.56,22.96159986519523,27.521309724751745
2026-09-01 17:49:00,3,TXN01008528,CR,SANTGB2L,SWIFT,526486.37,6.51165503691455,7.804738177817793
2026-09-01 17:49:00,4,TXN01008527,CR,MIDLGB22,SWIFT,514052.0,6.357865057429689,7.620408615295382
2026-09-01 17:49:00,5,TXN01008526,DR,TSBSGB2A,BACS,473268.2,5.853445471611131,7.015821490093099
2026-09-01 17:50:00,1,TXN01008552,DR,HSBCGB2L,CHAPS,1126955.72,24.70167744109447,34.969316587146956
2026-09-01 17:50:00,2,TXN01008545,CR,RBOSGB2L,BACS,1104565.39,24.21090508895657,34.27454701957185
2026-09-01 17:50:00,3,TXN01008546,CR,MIDLGB22,CHAPS,501680.6,10.996308142128902,15.5670958633848
2026-09-01 17:50:00,4,TXN01008543,DR,RBOSGB2L,CHAPS,445102.75,9.756181510524755,13.811491172483446
2026-09-01 17:50:00,5,TXN01008542,DR,LOYDGB2L,FPS,412296.88,9.037111537736047,12.793528502267097
2026-09-01 17:51:00,1,TXN01008568,CR,MIDLGB22,CHAPS,1380069.61,18.37157684482579,22.485651288325357
2026-09-01 17:51:00,2,TXN01008573,DR,BARCGB22,CHAPS,1265843.47,16.8509910037262,20.624550128325584
2026-09-01 17:51:00,3,TXN01008562,DR,NWBKGB2L,FPS,748587.88,9.96525078363636,12.196838410452894
2026-09-01 17:51:00,4,TXN01008556,CR,BARCGB22,CHAPS,724069.1,9.638855181814957,11.79735078091574
2026-09-01 17:51:00,5,TXN01008575,CR,TSBSGB2A,CHAPS,483563.8,6.437232909632702,7.878767059045308
2026-09-01 17:52:00,1,TXN01008578,DR,SANTGB2L,CHAPS,1630810.14,31.05516872050383,42.318277771400105
2026-09-01 17:52:00,2,TXN01008593,DR,NTSBGB2L,CHAPS,1182610.79,22.520204353241464,30.687846904529867
2026-09-01 17:52:00,3,TXN01008585,CR,RBOSGB2L,CHAPS,508902.97,9.690930420456853,13.20564344979514
2026-09-01 17:52:00,4,TXN01008592,CR,HSBCGB2L,CHAPS,256759.46,4.88941548455509,6.6627119136717505
2026-09-01 17:52:00,5,TXN01008590,CR,SANTGB2L,FPS,223989.63,4.265386620231112,5.812359849720541
2026-09-01 17:53:00,1,TXN01008604,DR,BARCGB22,INTERNAL,1939279.62,49.35297802531298,76.59829328085178
2026-09-01 17:53:00,2,TXN01008601,DR,HSBCGB2L,SWIFT,479348.18,12.198993868668495,18.93344935749004
2026-09-01 17:53:00,3,TXN01008598,CR,BOFAGB22,CHAPS,359995.79,9.161579449319014,14.219230077966749
2026-09-01 17:53:00,4,TXN01008607,DR,DEUTGB2L,FPS,238640.45,6.073191696203563,9.42589763191264
2026-09-01 17:53:00,5,TXN01008600,DR,RBOSGB2L,CHAPS,209654.29,5.3355191590589675,8.28099291478593
2026-09-01 17:54:00,1,TXN01008619,DR,CHASGB2L,CHAPS,968245.25,23.659785169220793,35.931299560059955
2026-09-01 17:54:00,2,TXN01008620,DR,SANTGB2L,SWIFT,430423.91,10.517724969263753,15.972906087607749
2026-09-01 17:54:00,3,TXN01008625,DR,NTSBGB2L,SWIFT,366053.55,8.944787855587851,13.58414075367102
2026-09-01 17:54:00,4,TXN01008628,CR,NTSBGB2L,SWIFT,242932.37,5.936231223287343,9.015149580444957
2026-09-01 17:54:00,5,TXN01008609,CR,SANTGB2L,CHAPS,225317.29,5.505793781390635,8.361459085960817
2026-09-01 17:55:00,1,TXN01008636,CR,LOYDGB2L,CHAPS,1138871.06,18.564968507086196,24.082849767458544
2026-09-01 17:55:00,2,TXN01008643,CR,BNPAGB22,CHAPS,1106751.93,18.041388044057303,23.403650681961132
2026-09-01 17:55:00,3,TXN01008632,DR,BNPAGB22,SWIFT,815724.68,13.297293720548984,17.249516306128804
2026-09-01 17:55:00,4,TXN01008638,CR,CHASGB2L,BACS,532807.85,8.68540900106664,11.266886882236333
2026-09-01 17:55:00,5,TXN01008645,DR,SANTGB2L,FPS,491923.46,8.018944254143113,10.402335435820454
2026-09-01 17:56:00,1,TXN01008658,DR,RBOSGB2L,INTERNAL,1082634.7,24.73423594317103,36.59016354386674
2026-09-01 17:56:00,2,TXN01008657,DR,MIDLGB22,CHAPS,986626.27,22.540795108369206,33.34533483544839
2026-09-01 17:56:00,3,TXN01008659,CR,CITIGB2L,CHAPS,355032.49,8.111191498989927,11.99915065763755
2026-09-01 17:56:00,4,TXN01008650,CR,HSBCGB2L,CHAPS,340169.36,7.7716234394459045,11.496816530093188
2026-09-01 17:56:00,5,TXN01008653,DR,CHASGB2L,FPS,250368.47,5.720002148195266,8.461786107103062
2026-09-01 17:57:00,1,TXN01008671,DR,BOFAGB22,FPS,1821912.98,29.763809493202572,38.905979492405166
2026-09-01 17:57:00,2,TXN01008674,CR,BOFAGB22,FPS,763116.07,12.466699330876626,16.29593646659503
2026-09-01 17:57:00,3,TXN01008678,CR,DEUTGB2L,BACS,557414.92,9.10624803142286,11.903298173044833
2026-09-01 17:57:00,4,TXN01008663,CR,DEUTGB2L,CHAPS,450279.86,7.3560285912590215,9.615486135349379
2026-09-01 17:57:00,5,TXN01008684,CR,HSBCGB2L,CHAPS,337257.64,5.509633147839528,7.201956937315944
2026-09-01 17:58:00,1,TXN01008692,DR,SANTGB2L,FPS,675954.12,58.65560913719613,
2026-09-01 17:58:00,2,TXN01008691,DR,TSBSGB2A,FPS,204794.2,17.770922897496018,
2026-09-01 17:58:00,3,TXN01008690,DR,NWBKGB2L,FPS,188153.19,16.326906877284216,
2026-09-01 17:58:00,4,TXN01008689,DR,NTSBGB2L,CHAPS,83510.22,7.246561088023635,
2026-09-01 17:59:00,1,TXN01008696,DR,SANTGB2L,CHAPS,466218.45,23.219529387452166,84.41152889526977
2026-09-01 17:59:00,2,TXN01008698,CR,BOFAGB22,SWIFT,435455.97,21.687435776847718,78.84180515437072
2026-09-01 17:59:00,3,TXN01008697,DR,BARCGB22,CHAPS,278106.45,13.850805107809434,50.35277055237925
2026-09-01 17:59:00,4,TXN01008699,CR,HSBCGB2L,FPS,262139.15,13.055570188238436,47.461799151892116
2026-09-01 17:59:00,5,TXN01008695,DR,RBOSGB2L,CHAPS,167743.68,8.354301094946742,30.37095698662051
2026-09-01 18:00:00,1,TXN01008703,DR,NWBKGB2L,CHAPS,401633.4,24.427914465982898,65.26470050103958
2026-09-01 18:00:00,2,TXN01008706,CR,MIDLGB22,CHAPS,397358.03,24.167880383482714,64.56996061491176
2026-09-01 18:00:00,3,TXN01008708,DR,CITIGB2L,SWIFT,313577.29,19.072216649797337,50.955742016918
2026-09-01 18:00:00,4,TXN01008705,CR,HSBCGB2L,BACS,271610.6,16.519742892036103,44.136230856068394
2026-09-01 18:00:00,5,TXN01008702,DR,BNPAGB22,CHAPS,108945.15,6.626198930874963,17.703389672748415
2026-09-02 16:02:00,1,TXN01013284,CR,SANTGB2L,INTERNAL,52855.06,100.0,
2026-09-02 16:03:00,1,TXN01013287,CR,RBOSGB2L,INTERNAL,682273.21,67.2063841144702,
2026-09-02 16:03:00,2,TXN01013289,CR,HSBCGB2L,CHAPS,170740.59,16.818566971831224,
2026-09-02 16:03:00,3,TXN01013286,CR,CHASGB2L,FPS,72330.65,7.124831190644732,
2026-09-02 16:03:00,4,TXN01013285,CR,CITIGB2L,FPS,54799.46,5.397945433070053,
2026-09-02 16:03:00,5,TXN01013288,DR,TSBSGB2A,CHAPS,35047.16,3.4522722899837963,
2026-09-02 16:04:00,1,TXN01013290,CR,RBOSGB2L,CHAPS,845619.27,70.90725101854319,456.74027263574897
2026-09-02 16:04:00,2,TXN01013291,DR,BARCGB22,CHAPS,222614.98,18.666812391051554,120.23995935901722
2026-09-02 16:04:00,3,TXN01013292,DR,NWBKGB2L,CHAPS,124336.69,10.425936590405264,67.15737886298004
2026-09-02 16:05:00,1,TXN01013297,CR,NWBKGB2L,BACS,359756.74,30.445026266181742,235.90013490869487
2026-09-02 16:05:00,2,TXN01013298,CR,MIDLGB22,FPS,327059.5,27.677966695229305,214.45986021879753
2026-09-02 16:05:00,3,TXN01013295,DR,LOYDGB2L,FPS,274613.44,23.23962962819411,180.06986483072086
2026-09-02 16:05:00,4,TXN01013296,CR,HSBCGB2L,BACS,106545.25,9.01657307320191,69.86398322622287
2026-09-02 16:05:00,5,TXN01013293,CR,HSBCGB2L,FPS,73196.23,6.194355510713934,47.99632254786348
2026-09-03 14:19:00,1,TXN01018957,CR,LOYDGB2L,CHAPS,16627834.05,93.8349894824052,104.20556124137764
2026-09-03 14:19:00,2,TXN01018951,DR,BOFAGB22,INTERNAL,314024.29,1.7721169131688417,1.9679699282826995
2026-09-03 14:19:00,3,TXN01018955,DR,HSBCGB2L,CHAPS,296066.27,1.6707753546256339,1.8554281776700345
2026-09-03 14:19:00,4,TXN01018954,DR,RBOSGB2L,INTERNAL,200273.62,1.1301936842642002,1.2551018317351077
2026-09-03 14:19:00,5,TXN01018952,DR,BNPAGB22,FPS,111206.25,0.6275644360985022,0.6969223808676965
2026-09-03 15:57:00,1,TXN01019656,DR,CHASGB2L,CHAPS,264859.55,40.79288183794809,
2026-09-03 15:57:00,2,TXN01019658,DR,CHASGB2L,FPS,207203.12,31.91280960272785,
2026-09-03 15:57:00,3,TXN01019657,DR,LOYDGB2L,BACS,177216.17,27.294308559324065,
2026-09-03 16:12:00,1,TXN01019744,CR,LOYDGB2L,CHAPS,1171390.92,41.84542737299518,66.73115142665188
2026-09-03 16:12:00,2,TXN01019746,DR,BOFAGB22,INTERNAL,723280.23,25.837634403712343,41.20342895609401
2026-09-03 16:12:00,3,TXN01019749,DR,BARCGB22,CHAPS,555574.54,19.846708444568794,31.649663766842636
2026-09-03 16:12:00,4,TXN01019747,DR,RBOSGB2L,FPS,193090.4,6.897740260461119,10.999867338422584
2026-09-03 16:12:00,5,TXN01019748,DR,CHASGB2L,FPS,92379.92,3.3000744389269343,5.262648297036472
2026-09-04 09:27:00,1,TXN01022374,DR,HSBCGB2L,FPS,14709587.13,83.7402071475943,97.96098269133425
2026-09-04 09:27:00,2,TXN01022375,CR,CITIGB2L,CHAPS,1181407.24,6.725633162163924,7.8677812753169345
2026-09-04 09:27:00,3,TXN01022373,DR,HSBCGB2L,FPS,443731.19,2.5261172485708325,2.955102888954787
2026-09-04 09:27:00,4,TXN01022372,CR,BNPAGB22,CHAPS,258592.07,1.4721387702555597,1.722137614707225
2026-09-04 09:27:00,5,TXN01022371,CR,LOYDGB2L,SWIFT,250039.26,1.423448479034992,1.6651787303437404
2026-09-04 16:13:00,1,TXN01025904,DR,LOYDGB2L,CHAPS,536949.24,71.34771784377922,
2026-09-04 16:13:00,2,TXN01025903,DR,NWBKGB2L,BACS,84616.87,11.243559196738499,
2026-09-04 16:13:00,3,TXN01025906,DR,COBAGB2X,CHAPS,69187.86,9.193412609160037,
2026-09-04 16:13:00,4,TXN01025905,DR,BOFAGB22,CHAPS,61826.85,8.215310350322243,
2026-09-04 16:14:00,1,TXN01025908,CR,LOYDGB2L,CHAPS,242506.47,27.094070841451792,
2026-09-04 16:14:00,2,TXN01025909,CR,NWBKGB2L,FPS,197101.03,22.021141414260473,
2026-09-04 16:14:00,3,TXN01025911,DR,NWBKGB2L,BACS,157371.02,17.582300234181492,
2026-09-04 16:14:00,4,TXN01025910,DR,MIDLGB22,BACS,102177.88,11.415838592468731,
2026-09-04 16:14:00,5,TXN01025914,DR,BOFAGB22,CHAPS,69179.84,7.729127745582625,
2026-09-04 16:15:00,1,TXN01025922,CR,SANTGB2L,CHAPS,914793.53,51.53831173809464,150.18769002546495
2026-09-04 16:15:00,2,TXN01025916,DR,BARCGB22,FPS,324295.67,18.27040833550087,53.2417599876996
2026-09-04 16:15:00,3,TXN01025917,CR,DEUTGB2L,CHAPS,222300.34,12.52412030330432,36.49651365207564
2026-09-04 16:15:00,4,TXN01025915,DR,SANTGB2L,FPS,146691.26,8.264400259951437,24.08327208689909
2026-09-04 16:15:00,5,TXN01025919,DR,CHASGB2L,BACS,59538.74,3.354337390879191,9.774867808287572
2026-09-04 16:16:00,1,TXN01025928,DR,CITIGB2L,FPS,1669732.02,37.877179445409595,51.49675743750604
2026-09-04 16:16:00,2,TXN01025931,CR,HSBCGB2L,CHAPS,1019045.94,23.116635166699446,31.42873285130828
2026-09-04 16:16:00,3,TXN01025927,CR,CHASGB2L,FPS,428239.39,9.714433230203458,13.20747265301623
2026-09-04 16:16:00,4,TXN01025925,DR,CITIGB2L,CHAPS,403030.59,9.142582041050696,12.429999715238704
2026-09-04 16:16:00,5,TXN01025929,DR,HSBCGB2L,SWIFT,292568.17,6.636787785326834,9.023191688223738
2026-09-04 16:17:00,1,TXN01025932,CR,RBOSGB2L,CHAPS,395005.64,36.49462103759766,
2026-09-04 16:17:00,2,TXN01025938,CR,COBAGB2X,CHAPS,300464.59,27.7599614710999,
2026-09-04 16:17:00,3,TXN01025933,CR,COBAGB2X,BACS,234890.15,21.70153066602915,
2026-09-04 16:17:00,4,TXN01025936,CR,MIDLGB22,CHAPS,79708.4,7.364269157051148,
2026-09-04 16:17:00,5,TXN01025939,CR,RBOSGB2L,INTERNAL,37567.76,3.4708900977500474,
2026-09-04 16:18:00,1,TXN01025944,DR,SANTGB2L,SWIFT,587590.49,35.310106535007755,125.2546228778738
2026-09-04 16:18:00,2,TXN01025941,DR,COBAGB2X,CHAPS,317289.69,19.06690619917893,67.63554063645157
2026-09-04 16:18:00,3,TXN01025946,CR,BNPAGB22,FPS,238528.59,14.333911232200483,50.84631064406944
2026-09-04 16:18:00,4,TXN01025947,CR,CHASGB2L,CHAPS,176651.55,10.61553097987384,37.65619704982269
2026-09-04 16:18:00,5,TXN01025942,DR,COBAGB2X,SWIFT,151982.87,9.133114681955174,32.3976602578216
2026-09-04 16:19:00,1,TXN01025949,DR,TSBSGB2A,SWIFT,574291.02,45.64286210732407,907.8494379538945
2026-09-04 16:19:00,2,TXN01025951,CR,COBAGB2X,CHAPS,222111.71,17.652747124536184,351.1181336014594
2026-09-04 16:19:00,3,TXN01025952,CR,NWBKGB2L,BACS,204970.66,16.290429842394552,324.02125751163373
2026-09-04 16:19:00,4,TXN01025955,CR,SANTGB2L,CHAPS,99574.0,7.913831477766598,157.4083466163568
2026-09-04 16:19:00,5,TXN01025950,DR,DEUTGB2L,FPS,65039.98,5.169175096283267,102.81635482918145
2026-09-08 08:31:00,1,TXN01033890,CR,TSBSGB2A,FPS,15684418.92,87.84718051578591,102.57540145525947
2026-09-08 08:31:00,2,TXN01033889,CR,BOFAGB22,FPS,1297401.55,7.266642694615711,8.484948375755694
2026-09-08 08:31:00,3,TXN01033881,DR,LOYDGB2L,CHAPS,305138.02,1.7090537342756393,1.9955890658372566
2026-09-08 08:31:00,4,TXN01033880,DR,BOFAGB22,CHAPS,119447.7,0.6690170491885484,0.7811826401030225
2026-09-08 08:31:00,5,TXN01033879,CR,BNPAGB22,CHAPS,112087.63,0.627793883625535,0.7330481099785994
2026-09-08 09:24:00,1,TXN01034390,DR,HSBCGB2L,FPS,1915374.67,80.78347212579072,
2026-09-08 09:24:00,2,TXN01034391,DR,BARCGB22,FPS,180649.87,7.619148340137921,
2026-09-08 09:24:00,3,TXN01034393,CR,MIDLGB22,CHAPS,91215.99,3.8471555988528374,
2026-09-08 09:24:00,4,TXN01034395,CR,DEUTGB2L,INTERNAL,84077.3,3.5460718612101854,
2026-09-08 09:24:00,5,TXN01034394,CR,RBOSGB2L,CHAPS,25390.97,1.0708979028326548,
2026-09-08 10:12:00,1,TXN01034851,CR,HSBCGB2L,CHAPS,13210370.31,85.72194671658752,104.3045848076296
2026-09-08 10:12:00,2,TXN01034849,CR,COBAGB2X,SWIFT,447393.33,2.9031303661930927,3.53246536140082
2026-09-08 10:12:00,3,TXN01034853,DR,CHASGB2L,CHAPS,406766.12,2.6395008502038766,3.2116867479705373
2026-09-08 10:12:00,4,TXN01034855,DR,LOYDGB2L,BACS,320787.12,2.0815840709016102,2.532825846517489
2026-09-08 10:12:00,5,TXN01034852,CR,CITIGB2L,CHAPS,301768.21,1.9581705744310811,2.3826590105778482
2026-09-08 15:31:00,1,TXN01037131,CR,NTSBGB2L,CHAPS,60415.44,43.144187517277366,
2026-09-08 15:31:00,2,TXN01037130,CR,NTSBGB2L,CHAPS,57088.92,40.7686357930828,
2026-09-08 15:31:00,3,TXN01037129,DR,BOFAGB22,CHAPS,22527.11,16.087176689639836,
2026-09-08 15:43:00,1,TXN01037171,CR,NTSBGB2L,CHAPS,219965.22,74.04339656023467,
2026-09-08 15:43:00,2,TXN01037170,CR,BARCGB22,FPS,77110.86,25.956603439765328,
2026-09-08 15:44:00,1,TXN01037173,CR,NTSBGB2L,CHAPS,214980.46,72.20921050726744,
2026-09-08 15:44:00,2,TXN01037172,DR,CHASGB2L,CHAPS,82738.43,27.790789492732554,
2026-09-08 15:45:00,1,TXN01037174,DR,BARCGB22,SWIFT,102097.39,100.0,
2026-09-08 15:46:00,1,TXN01037177,DR,CHASGB2L,SWIFT,582648.63,56.057892367034945,308.4151030086356
2026-09-08 15:46:00,2,TXN01037175,CR,BARCGB22,FPS,295013.73,28.38391282776638,156.1604803342828
2026-09-08 15:46:00,3,TXN01037176,CR,DEUTGB2L,SWIFT,76357.68,7.346538525005193,40.41863402768223
2026-09-08 15:46:00,4,TXN01037178,DR,NWBKGB2L,SWIFT,69086.63,6.646974984805452,36.56982787030581
2026-09-08 15:46:00,5,TXN01037179,CR,SANTGB2L,BACS,16262.82,1.5646812953880338,8.608446063815338
2026-09-08 15:47:00,1,TXN01037184,DR,COBAGB2X,BACS,115040.42,22.705827655186578,
2026-09-08 15:47:00,2,TXN01037185,CR,CITIGB2L,FPS,106639.15,21.047647089567214,
2026-09-08 15:47:00,3,TXN01037180,CR,DEUTGB2L,FPS,93149.89,18.385236671072548,
2026-09-08 15:47:00,4,TXN01037187,DR,MIDLGB22,FPS,67363.09,13.29562871780912,
2026-09-08 15:47:00,5,TXN01037183,DR,HSBCGB2L,CHAPS,51608.14,10.186033156387474,
2026-09-08 15:48:00,1,TXN01037188,DR,NTSBGB2L,CHAPS,976958.61,58.055352341659045,120.56424689473579
2026-09-08 15:48:00,2,TXN01037191,DR,DEUTGB2L,BACS,484106.06,28.767797935710227,59.74243119785574
2026-09-08 15:48:00,3,TXN01037189,DR,CHASGB2L,CHAPS,101960.53,6.058961386391075,12.582717821012002
2026-09-08 15:48:00,4,TXN01037192,CR,NTSBGB2L,CHAPS,86893.49,5.163608904727731,10.723328577763652
2026-09-08 15:48:00,5,TXN01037190,DR,SANTGB2L,CHAPS,32886.72,1.9542794315119298,4.058475547534245
2026-09-08 15:49:00,1,TXN01037196,CR,CITIGB2L,BACS,390064.33,58.8416609238883,
2026-09-08 15:49:00,2,TXN01037193,CR,HSBCGB2L,BACS,143644.74,21.668977228910148,
2026-09-08 15:49:00,3,TXN01037194,CR,NTSBGB2L,SWIFT,98904.81,14.919906400468857,
2026-09-08 15:49:00,4,TXN01037195,DR,SANTGB2L,CHAPS,30291.15,4.569455446732694,
2026-09-08 16:00:00,1,TXN01037235,DR,DEUTGB2L,CHAPS,234706350.52,99.71962167740296,100.14082466186677
2026-09-08 16:00:00,2,TXN01037237,CR,BNPAGB22,FPS,603150.81,0.25626051640428005,0.2573429281954008
2026-09-08 16:00:00,3,TXN01037234,DR,HSBCGB2L,SWIFT,36487.56,0.015502459439509252,0.01556793985422216
2026-09-08 16:00:00,4,TXN01037236,CR,BOFAGB22,CHAPS,20277.62,0.008615346753243614,0.008651736880919752
2026-09-08 17:37:00,1,TXN01037941,CR,LOYDGB2L,FPS,24965533.58,87.91024520655459,95.4864610356867
2026-09-08 17:37:00,2,TXN01037940,CR,MIDLGB22,SWIFT,1631505.51,5.744962308950774,6.240070407905264
2026-09-08 17:37:00,3,TXN01037942,DR,CITIGB2L,CHAPS,1101735.27,3.879501210260519,4.21384151848345
2026-09-08 17:37:00,4,TXN01037943,DR,CHASGB2L,CHAPS,572588.81,2.0162366058922943,2.1899984200351796
2026-09-08 17:37:00,5,TXN01037939,DR,NWBKGB2L,FPS,127526.54,0.4490546683418209,0.48775476613410085
2026-09-09 16:19:00,1,TXN01043078,CR,CHASGB2L,SWIFT,2091730.71,41.50589555931397,52.903396309903826
2026-09-09 16:19:00,2,TXN01043080,DR,BOFAGB22,CHAPS,1717885.1,34.08773376162825,43.44821053001548
2026-09-09 16:19:00,3,TXN01043077,CR,NWBKGB2L,CHAPS,477109.99,9.467221244385389,12.06691605363687
2026-09-09 16:19:00,4,TXN01043073,CR,BARCGB22,FPS,340586.61,6.758208499774237,8.614009595277517
2026-09-09 16:19:00,5,TXN01043075,CR,LOYDGB2L,CHAPS,210751.69,4.181913853571005,5.330265567049017
2026-09-09 16:20:00,1,TXN01043082,DR,CITIGB2L,FPS,215770.37,46.68464005278209,
2026-09-09 16:20:00,2,TXN01043083,DR,BNPAGB22,CHAPS,107639.85,23.289238705877253,
2026-09-09 16:20:00,3,TXN01043084,DR,CITIGB2L,BACS,73095.88,15.81521525472359,
2026-09-09 16:20:00,4,TXN01043081,DR,BOFAGB22,CHAPS,65680.97,14.210905986617064,
2026-09-09 16:21:00,1,TXN01043089,CR,BNPAGB22,FPS,1042203.77,73.60936108230938,315.69773557828404
2026-09-09 16:21:00,2,TXN01043086,CR,BARCGB22,CHAPS,197537.76,13.95180935032558,59.83688153728952
2026-09-09 16:21:00,3,TXN01043087,CR,SANTGB2L,CHAPS,88470.75,6.2485624879026505,26.798996745053486
2026-09-09 16:21:00,4,TXN01043085,CR,MIDLGB22,SWIFT,68716.17,4.853324767500462,20.81506504875953
2026-09-09 16:21:00,5,TXN01043088,CR,CITIGB2L,SWIFT,18929.2,1.3369423119619406,5.733912837705868
2026-09-09 16:22:00,1,TXN01043092,CR,NTSBGB2L,BACS,414638.64,61.09337220784663,
2026-09-09 16:22:00,2,TXN01043094,DR,BARCGB22,CHAPS,134782.3,19.858991484560256,
2026-09-09 16:22:00,3,TXN01043093,CR,BARCGB22,CHAPS,65526.56,9.654764735818627,
2026-09-09 16:22:00,4,TXN01043090,DR,MIDLGB22,SWIFT,43671.76,6.434651359679716,
2026-09-09 16:22:00,5,TXN01043091,DR,LOYDGB2L,FPS,20077.34,2.9582202120947714,
2026-09-09 16:23:00,1,TXN01043096,CR,COBAGB2X,CHAPS,82641.31,49.482255797053156,
2026-09-09 16:23:00,2,TXN01043095,CR,SANTGB2L,FPS,51176.51,30.64241308155024,
2026-09-09 16:23:00,3,TXN01043097,CR,DEUTGB2L,FPS,33194.19,19.8753311213966,
2026-09-09 16:26:00,1,TXN01043115,DR,TSBSGB2A,SWIFT,782747.12,39.06382050640681,85.72658826848425
2026-09-09 16:26:00,2,TXN01043118,CR,BARCGB22,BACS,476074.01,23.758975535298454,52.139700802215984
2026-09-09 16:26:00,3,TXN01043114,DR,CHASGB2L,CHAPS,231054.91,11.53103895337741,25.305170253429594
2026-09-09 16:26:00,4,TXN01043123,CR,BNPAGB22,CHAPS,105164.85,5.248362745790999,11.517670989663822
2026-09-09 16:26:00,5,TXN01043112,CR,SANTGB2L,SWIFT,76526.41,3.8191311955765426,8.381184515549819
2026-09-10 15:37:00,1,TXN01048421,DR,TSBSGB2A,FPS,1089662.44,54.976366385749124,101.108850461532
2026-09-10 15:37:00,2,TXN01048420,DR,RBOSGB2L,FPS,301783.38,15.225773651526206,28.00222300054289
2026-09-10 15:37:00,3,TXN01048419,DR,TSBSGB2A,FPS,234120.2,11.811986373968127,21.72381411239977
2026-09-10 15:37:00,4,TXN01048422,CR,SANTGB2L,SWIFT,187412.2,9.455443625605092,17.38981854276516
2026-09-10 15:37:00,5,TXN01048417,DR,BOFAGB22,INTERNAL,82225.79,4.148509659007487,7.629661076682916
2026-09-10 15:38:00,1,TXN01048425,CR,BNPAGB22,SWIFT,109196.79,43.97248739378037,
2026-09-10 15:38:00,2,TXN01048424,DR,RBOSGB2L,BACS,83572.21,33.65371775759495,
2026-09-10 15:38:00,3,TXN01048426,DR,COBAGB2X,BACS,55560.8,22.373794848624694,
2026-09-10 15:39:00,1,TXN01048427,DR,MIDLGB22,FPS,409473.68,71.85216951260199,
2026-09-10 15:39:00,2,TXN01048429,CR,CHASGB2L,CHAPS,88426.77,15.516638987619102,
2026-09-10 15:39:00,3,TXN01048428,DR,HSBCGB2L,CHAPS,71983.08,12.631191499778911,
2026-09-10 15:40:00,1,TXN01048430,CR,NWBKGB2L,CHAPS,475181.08,42.193909975850836,216.59586984336562
2026-09-10 15:40:00,2,TXN01048434,CR,TSBSGB2A,BACS,279492.89,24.817692319631877,127.39776092218592
2026-09-10 15:40:00,3,TXN01048433,CR,NWBKGB2L,CHAPS,210289.26,18.672725996010385,95.85353269624639
2026-09-10 15:40:00,4,TXN01048435,CR,LOYDGB2L,CHAPS,94859.72,8.423109956344257,43.23872399654066
2026-09-10 15:40:00,5,TXN01048432,CR,BNPAGB22,CHAPS,39940.07,3.546495828514849,18.205384362641105
2026-09-11 15:25:00,1,TXN01054529,DR,HSBCGB2L,FPS,180855.29,28.893134554595044,
2026-09-11 15:25:00,2,TXN01054527,DR,CITIGB2L,CHAPS,114880.82,18.35316506363852,
2026-09-11 15:25:00,3,TXN01054531,CR,CITIGB2L,FPS,113069.37,18.063770882307573,
2026-09-11 15:25:00,4,TXN01054528,CR,BARCGB22,CHAPS,98019.79,15.659475492716577,
2026-09-11 15:25:00,5,TXN01054532,CR,LOYDGB2L,CHAPS,69937.38,11.173077274852421,
2026-09-14 08:34:00,1,TXN01056700,DR,LOYDGB2L,CHAPS,50607799.97,94.27176279045003,98.38376996812814
2026-09-14 08:34:00,2,TXN01056703,CR,NWBKGB2L,SWIFT,1198214.86,2.232024057968792,2.3293819377351777
2026-09-14 08:34:00,3,TXN01056702,DR,SANTGB2L,SWIFT,567392.84,1.056934370851683,1.1030364229469376
2026-09-14 08:34:00,4,TXN01056708,CR,MIDLGB22,FPS,485874.99,0.9050836398785324,0.9445621678429693
2026-09-14 08:34:00,5,TXN01056699,CR,NTSBGB2L,CHAPS,309575.67,0.5766748237472263,0.6018286019756639
2026-09-15 15:33:00,1,TXN01067597,DR,HSBCGB2L,CHAPS,437880.57,44.754701718651695,294.9800748429388
2026-09-15 15:33:00,2,TXN01067600,DR,LOYDGB2L,FPS,138466.83,14.152355914255914,93.27875835336671
2026-09-15 15:33:00,3,TXN01067604,DR,CITIGB2L,CHAPS,107254.86,10.962256825361644,72.25268440220795
2026-09-15 15:33:00,4,TXN01067599,CR,RBOSGB2L,CHAPS,104809.86,10.712359357423974,70.6055999403626
2026-09-15 15:33:00,5,TXN01067601,DR,BARCGB22,CHAPS,71694.24,7.327692859597373,48.297124215873794
2026-09-15 15:34:00,1,TXN01067605,CR,CHASGB2L,BACS,480919.35,30.487622193771355,64.33981111571968
2026-09-15 15:34:00,2,TXN01067609,CR,BOFAGB22,CHAPS,435316.72,27.596668119075996,58.23886175574893
2026-09-15 15:34:00,3,TXN01067610,DR,BNPAGB22,CHAPS,207689.31,13.166351524356545,27.785721194529085
2026-09-15 15:34:00,4,TXN01067606,CR,RBOSGB2L,CHAPS,195416.43,12.388318931844948,26.143793538580343
2026-09-15 15:34:00,5,TXN01067608,DR,LOYDGB2L,INTERNAL,138872.45,8.803743889122789,18.579055307666923
2026-09-15 15:35:00,1,TXN01067613,CR,CITIGB2L,FPS,516023.2,57.38568107468851,1094.8467305658853
2026-09-15 15:35:00,2,TXN01067615,CR,CITIGB2L,CHAPS,299005.19,33.25163766477291,634.3994895844437
2026-09-15 15:35:00,3,TXN01067614,CR,DEUTGB2L,INTERNAL,58807.83,6.539875294510982,124.77260791215275
2026-09-15 15:35:00,4,TXN01067616,DR,NWBKGB2L,CHAPS,25383.22,2.822805966027603,53.855592981545385
2026-09-15 15:36:00,1,TXN01067621,CR,NWBKGB2L,SWIFT,604021.53,40.19229638158926,92.82047770167661
2026-09-15 15:36:00,2,TXN01067618,CR,BARCGB22,FPS,372569.29,24.791194655525405,57.25302453171575
2026-09-15 15:36:00,3,TXN01067617,DR,BNPAGB22,CHAPS,328976.23,21.89046165069294,50.55404369625141
2026-09-15 15:36:00,4,TXN01067620,CR,BNPAGB22,CHAPS,86443.94,5.752080487714269,13.283910269249956
2026-09-15 15:36:00,5,TXN01067619,DR,COBAGB2X,CHAPS,44231.38,2.9432075613707007,6.797071986828656
2026-09-15 15:37:00,1,TXN01067627,DR,BOFAGB22,FPS,323419.79,65.70542772042731,
2026-09-15 15:37:00,2,TXN01067626,CR,LOYDGB2L,CHAPS,89206.73,18.12309120041997,
2026-09-15 15:37:00,3,TXN01067625,CR,RBOSGB2L,BACS,40399.12,8.207418164265302,
2026-09-15 15:37:00,4,TXN01067628,DR,HSBCGB2L,FPS,39201.26,7.964062914887424,
2026-09-15 15:46:00,1,TXN01067680,CR,COBAGB2X,CHAPS,7632284.29,67.19588294257468,72.22875272870422
2026-09-15 15:46:00,2,TXN01067679,CR,MIDLGB22,FPS,1251011.89,11.01411390431961,11.839054342075473
2026-09-15 15:46:00,3,TXN01067681,DR,LOYDGB2L,FPS,784054.05,6.902940477922319,7.419960257191769
2026-09-15 15:46:00,4,TXN01067684,CR,BARCGB22,SWIFT,587742.16,5.174578393983802,5.562146472779582
2026-09-15 15:46:00,5,TXN01067682,CR,BNPAGB22,CHAPS,383924.26,3.380132166666791,3.633298942811098
2026-09-15 16:10:00,1,TXN01067796,CR,BOFAGB22,CHAPS,1681473.64,47.710129828292594,60.64050478495539
2026-09-15 16:10:00,2,TXN01067798,DR,NTSBGB2L,INTERNAL,640250.37,18.166462767333282,23.089928204616076
2026-09-15 16:10:00,3,TXN01067797,CR,CHASGB2L,FPS,336397.13,9.544931519809625,12.131793972940462
2026-09-15 16:10:00,4,TXN01067799,DR,TSBSGB2A,CHAPS,318300.36,9.03145380262534,11.479153787765012
2026-09-15 16:10:00,5,TXN01067794,DR,MIDLGB22,FPS,288300.35,8.180233576568106,10.39723629189888
2026-09-15 16:11:00,1,TXN01067801,CR,BOFAGB22,BACS,255057.79,90.15444552467808,
2026-09-15 16:11:00,2,TXN01067800,DR,NWBKGB2L,CHAPS,27854.26,9.845554475321924,
2026-09-15 16:12:00,1,TXN01067809,DR,RBOSGB2L,INTERNAL,472772.82,27.50696662123955,48.91420392905032
2026-09-15 16:12:00,2,TXN01067802,DR,NWBKGB2L,SWIFT,372718.38,21.68557836675653,38.56233285032179
2026-09-15 16:12:00,3,TXN01067806,DR,TSBSGB2A,CHAPS,321842.88,18.72552943598493,33.298632238276454
2026-09-15 16:12:00,4,TXN01067804,CR,LOYDGB2L,CHAPS,178977.38,10.41329917742925,18.517426750563054
2026-09-15 16:12:00,5,TXN01067803,CR,LOYDGB2L,CHAPS,164977.91,9.598779099889589,17.069008183525675
2026-09-15 16:13:00,1,TXN01067811,CR,BNPAGB22,CHAPS,862195.23,22.87127585587569,28.855809400428175
2026-09-15 16:13:00,2,TXN01067818,CR,NTSBGB2L,BACS,648971.27,17.21512764424362,21.719664667448708
2026-09-15 16:13:00,3,TXN01067817,DR,MIDLGB22,FPS,489798.73,12.992790354091355,16.39250404743225
2026-09-15 16:13:00,4,TXN01067812,DR,NWBKGB2L,BACS,461319.42,12.237325544578317,15.439363143120234
2026-09-15 16:13:00,5,TXN01067815,DR,CITIGB2L,FPS,448694.75,11.90243351535728,15.016842745665352
2026-09-16 06:39:00,1,TXN01068877,DR,LOYDGB2L,CHAPS,88861.41,58.785252399466636,
2026-09-16 06:39:00,2,TXN01068878,DR,LOYDGB2L,INTERNAL,62301.35,41.21474760053336,
2026-09-16 06:52:00,1,TXN01068921,DR,NTSBGB2L,SWIFT,461650.43,56.54323900878967,218.5567889250771
2026-09-16 06:52:00,2,TXN01068922,DR,BARCGB22,CHAPS,200705.2,24.58250086305981,95.01883066060478
2026-09-16 06:52:00,3,TXN01068920,DR,MIDLGB22,CHAPS,154099.95,18.87426012815051,72.95474683195884
2026-09-16 06:53:00,1,TXN01068925,CR,TSBSGB2A,CHAPS,288498.97,84.35674216431985,
2026-09-16 06:53:00,2,TXN01068924,DR,MIDLGB22,INTERNAL,45540.2,13.315898179849862,
2026-09-16 06:53:00,3,TXN01068923,DR,BOFAGB22,SWIFT,7959.54,2.327359655830281,
2026-09-16 09:22:00,1,TXN01070535,DR,TSBSGB2A,FPS,1787363.79,24.422376214173248,36.63611968391006
2026-09-16 09:22:00,2,TXN01070533,CR,BOFAGB22,CHAPS,1591935.27,21.752058696764504,32.63036400707082
2026-09-16 09:22:00,3,TXN01070527,CR,CITIGB2L,SWIFT,854642.39,11.67775586253774,17.517855661036382
2026-09-16 09:22:00,4,TXN01070540,DR,DEUTGB2L,CHAPS,509362.16,6.959878213032338,10.440545545691595
2026-09-16 09:22:00,5,TXN01070537,DR,DEUTGB2L,CHAPS,486222.57,6.643700960486721,9.966246584607344
2026-09-16 09:23:00,1,TXN01070552,DR,LOYDGB2L,FPS,711531.74,22.475769035098196,100.69016575277413
2026-09-16 09:23:00,2,TXN01070562,CR,NTSBGB2L,INTERNAL,698782.67,22.073053124305094,98.8860213986604
2026-09-16 09:23:00,3,TXN01070553,DR,DEUTGB2L,FPS,545361.03,17.226790966518596,77.17504282493937
2026-09-16 09:23:00,4,TXN01070557,DR,HSBCGB2L,CHAPS,242149.4,7.648982723367487,34.2670071512689
2026-09-16 09:23:00,5,TXN01070554,CR,BARCGB22,BACS,217741.62,6.877993047011674,30.813017292914523
2026-09-16 09:24:00,1,TXN01070575,DR,NTSBGB2L,CHAPS,3768781.57,37.04200614015141,48.84861400532398
2026-09-16 09:24:00,2,TXN01070569,DR,NTSBGB2L,CHAPS,1445557.14,14.207864122998169,18.73641691431326
2026-09-16 09:24:00,3,TXN01070586,CR,MIDLGB22,SWIFT,1103621.42,10.847100225031777,14.304457754389714
2026-09-16 09:24:00,4,TXN01070572,DR,DEUTGB2L,FPS,856792.26,8.421104690276387,11.105210958535118
2026-09-16 09:24:00,5,TXN01070570,DR,HSBCGB2L,INTERNAL,537172.64,5.279677757817454,6.9624992741568885
2026-09-16 09:25:00,1,TXN01070593,CR,HSBCGB2L,BACS,1566903.11,16.857593551849536,22.9690792374123
2026-09-16 09:25:00,2,TXN01070622,CR,BARCGB22,SWIFT,865546.53,9.312019045615234,12.687961817394863
2026-09-16 09:25:00,3,TXN01070606,DR,BOFAGB22,SWIFT,792659.04,8.527855893731198,11.619511239601257
2026-09-16 09:25:00,4,TXN01070616,CR,DEUTGB2L,CHAPS,779573.26,8.387071974712159,11.427688072115588
2026-09-16 09:25:00,5,TXN01070620,CR,TSBSGB2A,FPS,706603.55,7.602024255471668,10.358032239394063
2026-09-16 09:26:00,1,TXN01070630,DR,HSBCGB2L,SWIFT,366859.65,15.87983287955475,
2026-09-16 09:26:00,2,TXN01070632,DR,SANTGB2L,FPS,302064.02,13.07509876468149,
2026-09-16 09:26:00,3,TXN01070625,DR,HSBCGB2L,INTERNAL,253482.01,10.972185021638728,
2026-09-16 09:26:00,4,TXN01070629,DR,COBAGB2X,FPS,215528.22,9.329322847110358,
2026-09-16 09:26:00,5,TXN01070623,DR,RBOSGB2L,BACS,214545.54,9.286786705089613,
2026-09-16 09:27:00,1,TXN01070648,DR,BNPAGB22,BACS,805371.57,12.095942491234139,19.24736066828931
2026-09-16 09:27:00,2,TXN01070652,CR,BOFAGB22,INTERNAL,795718.35,11.950959978410609,19.01666093431392
2026-09-16 09:27:00,3,TXN01070650,DR,BNPAGB22,INTERNAL,750565.32,11.272802871145238,17.93756069530736
2026-09-16 09:27:00,4,TXN01070642,CR,CITIGB2L,FPS,743361.74,11.164611704910001,17.765404255314234
2026-09-16 09:27:00,5,TXN01070656,CR,LOYDGB2L,CHAPS,626551.31,9.410226156316163,14.973782897202524
2026-09-16 09:31:00,1,TXN01070727,CR,LOYDGB2L,INTERNAL,1113486.04,14.140051408004604,21.8527554569237
2026-09-16 09:31:00,2,TXN01070738,CR,DEUTGB2L,CHAPS,1018598.35,12.935081820252247,19.990534098995955
2026-09-16 09:31:00,3,TXN01070735,DR,CHASGB2L,SWIFT,913564.97,11.601273097552426,17.929198181435517
2026-09-16 09:31:00,4,TXN01070737,DR,NTSBGB2L,CHAPS,896728.68,11.387470681026329,17.59877704012345
2026-09-16 09:31:00,5,TXN01070716,DR,MIDLGB22,BACS,618469.17,7.8538801061807115,12.137786235431
2026-09-16 09:32:00,1,TXN01070742,CR,CITIGB2L,SWIFT,1656350.71,31.091031846154763,65.42435159750643
2026-09-16 09:32:00,2,TXN01070746,DR,RBOSGB2L,CHAPS,599576.82,11.254537998680364,23.682740886074072
2026-09-16 09:32:00,3,TXN01070743,DR,NWBKGB2L,FPS,521838.65,9.795330172379018,20.612153639109497
2026-09-16 09:32:00,4,TXN01070755,CR,BNPAGB22,BACS,421977.17,7.920850066119307,16.667715701465628
2026-09-16 09:32:00,5,TXN01070741,CR,COBAGB2X,CHAPS,378496.49,7.104682814576025,14.95026825579836
2026-09-16 09:33:00,1,TXN01070760,CR,SANTGB2L,FPS,1488276.76,22.901647343540464,40.19286102141289
2026-09-16 09:33:00,2,TXN01070768,DR,LOYDGB2L,SWIFT,1377194.79,21.19231466326281,37.19294709263881
2026-09-16 09:33:00,3,TXN01070769,CR,NTSBGB2L,FPS,800858.21,12.323630114064988,21.62822372660546
2026-09-16 09:33:00,4,TXN01070771,CR,COBAGB2X,BACS,789754.73,12.152769431374455,21.32835972248432
2026-09-16 09:33:00,5,TXN01070770,CR,COBAGB2X,BACS,324811.26,4.998205394090163,8.771953027990579
2026-09-16 09:34:00,1,TXN01070795,CR,LOYDGB2L,SWIFT,1055512.34,16.067225728649646,28.244126799408715
2026-09-16 09:34:00,2,TXN01070792,CR,NWBKGB2L,CHAPS,634172.17,9.653499082935948,16.96961608439005
2026-09-16 09:34:00,3,TXN01070794,DR,DEUTGB2L,FPS,622481.28,9.475537953084245,16.65678319078509
2026-09-16 09:34:00,4,TXN01070784,CR,DEUTGB2L,FPS,599968.32,9.132841049948029,16.054365888046576
2026-09-16 09:34:00,5,TXN01070783,DR,TSBSGB2A,FPS,417885.47,6.361138492433778,11.182067470959652
2026-09-16 09:35:00,1,TXN01070811,DR,LOYDGB2L,SWIFT,1186181.74,19.850172500687922,37.735289236074706
2026-09-16 09:35:00,2,TXN01070814,CR,MIDLGB22,CHAPS,808840.85,13.53555686846355,25.731169509237695
2026-09-16 09:35:00,3,TXN01070802,DR,LOYDGB2L,FPS,647355.48,10.833178014749773,20.59393215440829
2026-09-16 09:35:00,4,TXN01070821,DR,BARCGB22,CHAPS,540562.6,9.046051288414173,17.196594226112904
2026-09-16 09:35:00,5,TXN01070805,DR,NTSBGB2L,SWIFT,377789.18,6.322117546585601,12.018380908105607
2026-09-16 09:36:00,1,TXN01070841,CR,BARCGB22,INTERNAL,3163760.52,32.76196416198184,46.358432539300615
2026-09-16 09:36:00,2,TXN01070840,CR,COBAGB2X,SWIFT,1570030.06,16.25826867545404,23.00557585224058
2026-09-16 09:36:00,3,TXN01070829,CR,BARCGB22,SWIFT,949958.06,9.837183225583013,13.919690305660332
2026-09-16 09:36:00,4,TXN01070826,CR,TSBSGB2A,FPS,590846.49,6.1184439872246585,8.657645537516082
2026-09-16 09:36:00,5,TXN01070828,CR,BOFAGB22,CHAPS,524923.51,5.435786025423225,7.691679244618646
2026-09-16 09:37:00,1,TXN01070847,DR,SANTGB2L,FPS,781096.3,23.360981120155408,173.2490395733932
2026-09-16 09:37:00,2,TXN01070858,DR,COBAGB2X,CHAPS,580243.51,17.35388796772268,128.69940726411656
2026-09-16 09:37:00,3,TXN01070857,DR,COBAGB2X,FPS,488905.49,14.622155963906536,108.44041456176298
2026-09-16 09:37:00,4,TXN01070848,DR,NWBKGB2L,BACS,335553.01,10.03569922354173,74.42646535191781
2026-09-16 09:37:00,5,TXN01070855,CR,BARCGB22,CHAPS,246968.75,7.386326508035412,54.77826324633909
2026-09-16 09:38:00,1,TXN01070866,CR,MIDLGB22,BACS,8967971.93,55.51476290331652,67.62427249717653
2026-09-16 09:38:00,2,TXN01070882,DR,COBAGB2X,SWIFT,1306896.15,8.090126783716101,9.854836975734255
2026-09-16 09:38:00,3,TXN01070867,CR,SANTGB2L,BACS,1272122.31,7.87486501685218,9.592619871322198
2026-09-16 09:38:00,4,TXN01070860,CR,HSBCGB2L,CHAPS,667975.25,4.134991491775731,5.036962724678111
2026-09-16 09:38:00,5,TXN01070871,DR,COBAGB2X,SWIFT,666092.0,4.12333354078595,5.02276180922316
2026-09-16 09:39:00,1,TXN01070895,DR,MIDLGB22,BACS,2957274.75,28.920242793168573,40.4722998573454
2026-09-16 09:39:00,2,TXN01070890,CR,NTSBGB2L,CHAPS,1879680.32,18.382063157283845,25.724693164539733
2026-09-16 09:39:00,3,TXN01070891,DR,CHASGB2L,SWIFT,1339565.23,13.100085370453558,18.332853809756383
2026-09-16 09:39:00,4,TXN01070902,CR,COBAGB2X,CHAPS,806451.47,7.886576082694955,11.03683237894517
2026-09-16 09:39:00,5,TXN01070899,DR,MIDLGB22,CHAPS,767150.66,7.502239467651598,10.498974282751519
2026-09-16 09:40:00,1,TXN01070917,DR,LOYDGB2L,FPS,1247028.1,17.11378245212272,28.559863966935517
2026-09-16 09:40:00,2,TXN01070904,CR,BNPAGB22,BACS,1171306.13,16.074600318675873,26.825653516899642
2026-09-16 09:40:00,3,TXN01070925,DR,NTSBGB2L,CHAPS,1102044.02,15.124071070205057,25.239388989530198
2026-09-16 09:40:00,4,TXN01070913,DR,COBAGB2X,CHAPS,810923.41,11.128832481059181,18.572045230739768
2026-09-16 09:40:00,5,TXN01070906,DR,CHASGB2L,CHAPS,478471.4,6.566376049715792,10.958115615894453
2026-09-16 09:41:00,1,TXN01070933,CR,CITIGB2L,FPS,854441.31,13.20809806103365,24.094079643616478
2026-09-16 09:41:00,2,TXN01070937,CR,MIDLGB22,CHAPS,710459.64,10.982405091727909,20.033992913726387
2026-09-16 09:41:00,3,TXN01070938,DR,BARCGB22,CHAPS,589751.32,9.11647549693499,16.630182913333094
2026-09-16 09:41:00,4,TXN01070929,DR,BOFAGB22,CHAPS,561053.6,8.672861294938969,15.820946347663996
2026-09-16 09:41:00,5,TXN01070926,CR,SANTGB2L,CHAPS,547212.91,8.458909571616546,15.430657765780467
2026-09-16 09:42:00,1,TXN01070951,CR,BOFAGB22,CHAPS,1132288.4,15.02729196125248,24.668226607808716
2026-09-16 09:42:00,2,TXN01070957,DR,CITIGB2L,FPS,786610.36,10.439587246028417,17.13722635728671
2026-09-16 09:42:00,3,TXN01070958,DR,HSBCGB2L,CHAPS,768058.07,10.193368457264153,16.733043029246094
2026-09-16 09:42:00,4,TXN01070960,DR,NTSBGB2L,CHAPS,741122.34,9.835887908227823,16.146216659315296
2026-09-16 09:42:00,5,TXN01070947,CR,LOYDGB2L,FPS,607681.76,8.064916347326141,13.239057612099561
2026-09-16 11:07:00,1,TXN01071801,DR,BNPAGB22,FPS,149512.64,35.31976890114653,
2026-09-16 11:07:00,2,TXN01071800,DR,HSBCGB2L,BACS,141622.9,33.45595462102859,
2026-09-16 11:07:00,3,TXN01071802,CR,BOFAGB22,CHAPS,132175.95,31.224276477824876,
2026-09-16 13:30:00,1,TXN01072904,DR,CHASGB2L,CHAPS,469776.7,37.64255410618301,
2026-09-16 13:30:00,2,TXN01072900,CR,NWBKGB2L,FPS,456568.71,36.58421622308042,
2026-09-16 13:30:00,3,TXN01072899,CR,NWBKGB2L,CHAPS,101666.41,8.146388143997747,
2026-09-16 13:30:00,4,TXN01072902,CR,NWBKGB2L,FPS,93240.05,7.471195627599687,
2026-09-16 13:30:00,5,TXN01072901,CR,BOFAGB22,FPS,66647.8,5.340395591262965,
2026-09-16 13:31:00,1,TXN01072913,CR,DEUTGB2L,CHAPS,510361.82,46.703765566894035,
2026-09-16 13:31:00,2,TXN01072914,DR,CITIGB2L,FPS,223109.01,20.41694831110567,
2026-09-16 13:31:00,3,TXN01072912,DR,NTSBGB2L,CHAPS,76832.39,7.031015624374436,
2026-09-16 13:31:00,4,TXN01072906,CR,TSBSGB2A,CHAPS,59602.44,5.454284148792454,
2026-09-16 13:31:00,5,TXN01072915,DR,BARCGB22,SWIFT,50292.88,4.602356181745597,
2026-09-16 13:32:00,1,TXN01072920,DR,BOFAGB22,FPS,1001499.53,66.55057180324644,
2026-09-16 13:32:00,2,TXN01072918,DR,CITIGB2L,CHAPS,151716.86,10.081725934702222,
2026-09-16 13:32:00,3,TXN01072921,CR,BOFAGB22,BACS,112112.0,7.449946288048248,
2026-09-16 13:32:00,4,TXN01072917,DR,NTSBGB2L,INTERNAL,103630.02,6.886310857262075,
2026-09-16 13:32:00,5,TXN01072919,DR,SANTGB2L,CHAPS,71075.07,4.723004262873461,
2026-09-16 13:33:00,1,TXN01072925,DR,RBOSGB2L,BACS,1682915.26,93.20102087227046,
2026-09-16 13:33:00,2,TXN01072923,CR,BNPAGB22,BACS,35291.5,1.9544678845646293,
2026-09-16 13:33:00,3,TXN01072926,DR,RBOSGB2L,BACS,34465.05,1.9086985071451819,
2026-09-16 13:33:00,4,TXN01072924,DR,RBOSGB2L,CHAPS,27302.56,1.5120348153634406,
2026-09-16 13:33:00,5,TXN01072927,CR,NTSBGB2L,CHAPS,25708.92,1.423777920656285,
2026-09-16 13:34:00,1,TXN01072933,CR,MIDLGB22,BACS,854298.02,46.08945547585623,
2026-09-16 13:34:00,2,TXN01072931,CR,CITIGB2L,SWIFT,254103.15,13.708887933744498,
2026-09-16 13:34:00,3,TXN01072936,CR,RBOSGB2L,CHAPS,243308.63,13.12652260305669,
2026-09-16 13:34:00,4,TXN01072932,DR,CHASGB2L,CHAPS,172608.89,9.312265233146583,
2026-09-16 13:34:00,5,TXN01072928,CR,NTSBGB2L,CHAPS,170740.51,9.211465963095623,
2026-09-16 15:25:00,1,TXN01073705,CR,MIDLGB22,CHAPS,591300.11,27.572308318483667,57.495162633467636
2026-09-16 15:25:00,2,TXN01073710,DR,NWBKGB2L,CHAPS,460895.8,21.491558830073927,44.81527828243119
2026-09-16 15:25:00,3,TXN01073712,CR,CHASGB2L,CHAPS,349278.48,16.286846183017506,33.96214996809382
2026-09-16 15:25:00,4,TXN01073708,CR,COBAGB2X,CHAPS,323502.67,15.084920851938751,31.45583487885874
2026-09-16 15:25:00,5,TXN01073711,DR,CITIGB2L,CHAPS,164448.47,7.668227758900487,15.990173801041443
2026-09-16 15:26:00,1,TXN01073716,CR,NTSBGB2L,CHAPS,1002254.23,50.76216260841203,116.77158698428067
2026-09-16 15:26:00,2,TXN01073719,DR,COBAGB2X,SWIFT,318807.93,16.14698097458889,37.143976862311135
2026-09-16 15:26:00,3,TXN01073715,CR,BNPAGB22,CHAPS,313909.82,15.898901546384442,36.573303214045694
2026-09-16 15:26:00,4,TXN01073717,DR,BOFAGB22,INTERNAL,96047.72,4.86462399944895,11.190418912596492
2026-09-16 15:26:00,5,TXN01073720,DR,CHASGB2L,FPS,83774.79,4.243024758763621,9.760512736947836
2026-09-16 15:27:00,1,TXN01073726,DR,BARCGB22,CHAPS,246954.68,43.18632778425914,
2026-09-16 15:27:00,2,TXN01073721,DR,BARCGB22,BACS,189215.44,33.08914823433522,
2026-09-16 15:27:00,3,TXN01073725,CR,NTSBGB2L,SWIFT,53860.3,9.418847905042872,
2026-09-16 15:27:00,4,TXN01073722,CR,CHASGB2L,FPS,37180.19,6.501905015207786,
2026-09-16 15:27:00,5,TXN01073723,CR,MIDLGB22,FPS,31697.61,5.543135993363683,
2026-09-16 15:28:00,1,TXN01073730,DR,BOFAGB22,SWIFT,360394.64,63.471118371222346,
2026-09-16 15:28:00,2,TXN01073729,CR,CHASGB2L,INTERNAL,156435.54,27.550739036535305,
2026-09-16 15:28:00,3,TXN01073728,DR,COBAGB2X,CHAPS,24841.25,4.3749316561398555,
2026-09-16 15:28:00,4,TXN01073731,DR,BNPAGB22,BACS,17444.57,3.0722609176570277,
2026-09-16 15:28:00,5,TXN01073727,CR,HSBCGB2L,SWIFT,8692.87,1.5309500184454676,
2026-09-16 15:29:00,1,TXN01073732,DR,BOFAGB22,CHAPS,46936.03,86.50933685003073,
2026-09-16 15:29:00,2,TXN01073733,CR,CITIGB2L,BACS,7319.42,13.490663149969267,
2026-09-16 15:30:00,1,TXN01073734,DR,TSBSGB2A,SWIFT,1965384.68,71.49326372806861,103.36345880609264
2026-09-16 15:30:00,2,TXN01073739,DR,TSBSGB2A,BACS,238321.06,8.66921909380756,12.533774847545027
2026-09-16 15:30:00,3,TXN01073738,CR,HSBCGB2L,FPS,226540.66,8.240692682366245,11.914220364135044
2026-09-16 15:30:00,4,TXN01073735,DR,MIDLGB22,CHAPS,195522.49,7.112368934481903,10.282913592660984
2026-09-16 15:30:00,5,TXN01073737,DR,NWBKGB2L,SWIFT,106710.3,3.8817172526252315,5.612105258821793
2026-09-16 15:31:00,1,TXN01073741,CR,MIDLGB22,CHAPS,138697.15,35.574762103958776,
2026-09-16 15:31:00,2,TXN01073740,CR,DEUTGB2L,CHAPS,102199.24,26.213326302706204,
2026-09-16 15:31:00,3,TXN01073743,DR,BOFAGB22,CHAPS,89567.74,22.97344280462311,
2026-09-16 15:31:00,4,TXN01073742,DR,NTSBGB2L,FPS,59411.0,15.238468788711915,
2026-09-16 15:32:00,1,TXN01073747,DR,NWBKGB2L,SWIFT,344958.89,61.78029733726348,
2026-09-16 15:32:00,2,TXN01073746,DR,BNPAGB22,CHAPS,64282.68,11.512685131947636,
2026-09-16 15:32:00,3,TXN01073745,DR,LOYDGB2L,FPS,60404.49,10.818121987538163,
2026-09-16 15:32:00,4,TXN01073744,CR,BARCGB22,FPS,47448.72,8.497812681019933,
2026-09-16 15:32:00,5,TXN01073748,DR,CITIGB2L,INTERNAL,41269.14,7.391082862230783,
2026-09-16 16:19:00,1,TXN01073953,DR,RBOSGB2L,CHAPS,1026770.11,47.16408367196107,91.07511466692898
2026-09-16 16:19:00,2,TXN01073957,CR,CITIGB2L,BACS,497628.39,22.85826865714203,44.13993184975871
2026-09-16 16:19:00,3,TXN01073956,DR,BNPAGB22,CHAPS,276160.99,12.685293341166314,24.49564277906632
2026-09-16 16:19:00,4,TXN01073954,CR,BARCGB22,CHAPS,136903.38,6.288576582438966,12.143410594402823
2026-09-16 16:19:00,5,TXN01073960,DR,TSBSGB2A,FPS,68440.18,3.1437595861103476,6.070684353409216
2026-09-16 16:20:00,1,TXN01073963,DR,MIDLGB22,BACS,429564.98,58.4665778354107,
2026-09-16 16:20:00,2,TXN01073965,DR,SANTGB2L,CHAPS,179097.76,24.376365888084514,
2026-09-16 16:20:00,3,TXN01073961,CR,BARCGB22,CHAPS,72779.48,9.905758919734836,
2026-09-16 16:20:00,4,TXN01073964,CR,COBAGB2X,FPS,35217.41,4.793317748869034,
2026-09-16 16:20:00,5,TXN01073962,CR,HSBCGB2L,FPS,18059.24,2.457979607900911,
2026-09-16 16:21:00,1,TXN01073967,CR,NWBKGB2L,BACS,670610.45,45.88867958901217,162.86574181368667
2026-09-16 16:21:00,2,TXN01073969,DR,BNPAGB22,SWIFT,339233.61,23.213152188597594,82.3869260325199
2026-09-16 16:21:00,3,TXN01073968,DR,NWBKGB2L,SWIFT,213393.58,14.602142896777462,51.825174667317356
2026-09-16 16:21:00,4,TXN01073971,DR,TSBSGB2A,INTERNAL,78147.62,5.3475025550584245,18.979081077955314
2026-09-16 16:21:00,5,TXN01073966,DR,BARCGB22,CHAPS,60347.68,4.1294843399178145,14.656153464257802
2026-09-17 06:49:00,1,TXN01074941,CR,LOYDGB2L,CHAPS,221755.12,52.58000138139353,
2026-09-17 06:49:00,2,TXN01074940,CR,MIDLGB22,CHAPS,199992.91,47.41999861860646,
2026-09-17 06:50:00,1,TXN01074944,DR,BARCGB22,FPS,132076.2,40.13574586656475,
2026-09-17 06:50:00,2,TXN01074943,DR,MIDLGB22,CHAPS,91378.68,27.768450925315403,
2026-09-17 06:50:00,3,TXN01074945,DR,CITIGB2L,SWIFT,84396.06,25.646549615292912,
2026-09-17 06:50:00,4,TXN01074942,DR,BOFAGB22,CHAPS,21222.8,6.449253592826945,
2026-09-17 10:45:00,1,TXN01077183,DR,NTSBGB2L,CHAPS,8297398.04,74.29939650302278,87.34694979850572
2026-09-17 10:45:00,2,TXN01077174,DR,HSBCGB2L,FPS,731591.31,6.551064870916552,7.701482937124833
2026-09-17 10:45:00,3,TXN01077175,CR,RBOSGB2L,BACS,529554.08,4.74191407595934,5.574631157667575
2026-09-17 10:45:00,4,TXN01077173,DR,MIDLGB22,CHAPS,430541.08,3.855298041572518,4.532318435208446
2026-09-17 10:45:00,5,TXN01077181,DR,CITIGB2L,SWIFT,322305.73,2.8861000898139633,3.3929217668435174
2026-09-17 13:20:00,1,TXN01078405,CR,DEUTGB2L,SWIFT,9143562.34,77.10650334862486,90.3781476175427
2026-09-17 13:20:00,2,TXN01078403,DR,HSBCGB2L,CHAPS,1575357.22,13.284787946139858,15.571378209635707
2026-09-17 13:20:00,3,TXN01078401,CR,DEUTGB2L,CHAPS,943850.96,7.959375624253991,9.329350883152548
2026-09-17 13:20:00,4,TXN01078400,CR,BARCGB22,CHAPS,96519.76,0.8139389136213258,0.9540348491012522
2026-09-17 13:20:00,5,TXN01078404,DR,BNPAGB22,CHAPS,42047.57,0.3545818332558706,0.4156127936914093
2026-09-18 06:37:00,1,TXN01080544,CR,NTSBGB2L,FPS,916761.85,94.41717993726105,140.53580692230378
2026-09-18 06:37:00,2,TXN01080545,DR,DEUTGB2L,SWIFT,54207.47,5.582820062738954,8.30978136542939
2026-09-18 06:38:00,1,TXN01080548,CR,LOYDGB2L,BACS,180559.85,64.73480880969203,
2026-09-18 06:38:00,2,TXN01080546,DR,BARCGB22,CHAPS,70486.48,25.271004636236576,
2026-09-18 06:38:00,3,TXN01080547,DR,SANTGB2L,CHAPS,27876.02,9.994186554071412,
2026-09-18 14:36:00,1,TXN01084380,DR,HSBCGB2L,CHAPS,10354018.76,67.06397072575024,73.24669411333664
2026-09-18 14:36:00,2,TXN01084386,DR,SANTGB2L,CHAPS,2846033.05,18.434028523019368,20.133487980062007
2026-09-18 14:36:00,3,TXN01084384,CR,NTSBGB2L,INTERNAL,1413585.95,9.155931524421135,10.000029948039266
2026-09-18 14:36:00,4,TXN01084382,DR,NTSBGB2L,BACS,496349.25,3.2149016090587113,3.5112879869008524
2026-09-18 14:36:00,5,TXN01084385,CR,DEUTGB2L,CHAPS,203292.46,1.3167447251375997,1.4381373047819093
2026-09-18 14:51:00,1,TXN01084458,CR,NWBKGB2L,BACS,168206.75,44.33637761606749,
2026-09-18 14:51:00,2,TXN01084460,CR,RBOSGB2L,BACS,104604.6,27.57195561995992,
2026-09-18 14:51:00,3,TXN01084457,DR,SANTGB2L,CHAPS,56299.5,14.839570300215607,
2026-09-18 14:51:00,4,TXN01084459,CR,RBOSGB2L,CHAPS,50276.82,13.252096463756978,
2026-09-18 14:52:00,1,TXN01084466,DR,MIDLGB22,CHAPS,2591282.03,67.75846002258957,102.43545326104642
2026-09-18 14:52:00,2,TXN01084462,CR,TSBSGB2A,FPS,816247.95,21.343760906100872,32.26693496255595
2026-09-18 14:52:00,3,TXN01084467,DR,COBAGB2X,CHAPS,133870.97,3.500541687054531,5.292026622994004
2026-09-18 14:52:00,4,TXN01084464,CR,BOFAGB22,BACS,106009.49,2.7720023166216725,4.19064001231945
2026-09-18 14:52:00,5,TXN01084461,DR,BOFAGB22,CHAPS,104091.88,2.7218594533518194,4.114835353755165
2026-09-18 14:53:00,1,TXN01084473,DR,SANTGB2L,SWIFT,1468168.83,53.77907802197802,102.89640630208093
2026-09-18 14:53:00,2,TXN01084472,DR,BARCGB22,CHAPS,667515.76,24.45112673992674,46.78274831240106
2026-09-18 14:53:00,3,TXN01084468,DR,NWBKGB2L,BACS,426196.7,15.611600732600733,29.869935876384254
2026-09-18 14:53:00,4,TXN01084471,CR,NTSBGB2L,FPS,86620.78,3.172922344322344,6.070805203706147
2026-09-18 14:53:00,5,TXN01084470,CR,BNPAGB22,CHAPS,52210.42,1.912469597069597,3.6591599547323805
2026-09-18 14:54:00,1,TXN01084475,CR,DEUTGB2L,FPS,289997.34,39.58029273143294,
2026-09-18 14:54:00,2,TXN01084474,CR,MIDLGB22,CHAPS,161576.14,22.052722689163257,
2026-09-18 14:54:00,3,TXN01084477,DR,BARCGB22,FPS,107686.73,14.697625490946853,
2026-09-18 14:54:00,4,TXN01084476,DR,BOFAGB22,SWIFT,88254.28,12.045387165281749,
2026-09-18 14:54:00,5,TXN01084478,DR,DEUTGB2L,BACS,72781.93,9.93364316706719,
2026-09-18 14:55:00,1,TXN01084484,CR,DEUTGB2L,FPS,416144.62,32.69614019098203,
2026-09-18 14:55:00,2,TXN01084483,CR,CITIGB2L,BACS,293254.21,23.04074185016662,
2026-09-18 14:55:00,3,TXN01084481,DR,LOYDGB2L,BACS,213182.09,16.749541303325145,
2026-09-18 14:55:00,4,TXN01084482,DR,DEUTGB2L,CHAPS,187384.27,14.722627824684668,
2026-09-18 14:55:00,5,TXN01084480,CR,NTSBGB2L,CHAPS,162798.56,12.790948830841545,
2026-09-18 14:56:00,1,TXN01084487,CR,SANTGB2L,FPS,223753.08,52.12088916849889,
2026-09-18 14:56:00,2,TXN01084486,CR,CHASGB2L,CHAPS,137339.27,31.991715466676677,
2026-09-18 14:56:00,3,TXN01084485,DR,COBAGB2X,SWIFT,68204.01,15.887395364824428,
2026-09-18 16:47:00,1,TXN01085062,CR,RBOSGB2L,SWIFT,13157583.58,99.05392684134004,113.41700392440345
2026-09-18 16:47:00,2,TXN01085061,CR,CITIGB2L,FPS,69305.46,0.5217506636234052,0.5974058671951515
2026-09-18 16:47:00,3,TXN01085060,CR,TSBSGB2A,BACS,56363.83,0.42432249503656405,0.48585036070159693
2026-09-18 17:24:00,1,TXN01085406,DR,LOYDGB2L,CHAPS,12602079.99,78.53610162987657,91.55864936924394
2026-09-18 17:24:00,2,TXN01085402,CR,BARCGB22,CHAPS,1258638.5,7.843829052800306,9.144461961483799
2026-09-18 17:24:00,3,TXN01085407,CR,MIDLGB22,SWIFT,702345.82,4.377015757923227,5.102795310009306
2026-09-18 17:24:00,4,TXN01085405,DR,CHASGB2L,CHAPS,405604.84,2.5277274038164412,2.9468652283985612
2026-09-18 17:24:00,5,TXN01085399,CR,DEUTGB2L,CHAPS,246298.83,1.5349331189413986,1.7894496967103461
