timestamp,status,ewi_score,ewma_ratio,we_rule_count,z_score,if_score,total_amount,baseline,txn_count
2026-01-22 06:43:00,AMBER_BUILDING,77.23495421479409,0.9178415114771419,1,1.0572195178633965,,294246.7,245960.2746950059,1.0
2026-01-22 06:44:00,AMBER_BUILDING,68.1920394299246,0.7220493717215991,1,7.410325195906113,,866146.2499999999,246572.60000000018,4.0
2026-01-22 06:45:00,AMBER_BUILDING,61.54901333599122,0.48441955223538685,1,10.882209062204685,,2739603.46,432908.55000000005,7.0
2026-01-22 06:46:00,AMBER_BUILDING,54.25891015348548,0.41008712031454314,1,2.1310166674517963,,621351.11,432935.7291468127,3.0
2026-01-22 06:47:00,AMBER_BUILDING,52.79677443330447,0.30313040478847686,1,4.497959040252167,,928217.73,432962.91000000027,2.0
2026-01-22 06:48:00,AMBER_BUILDING,52.3287371371839,0.3580494822828317,0,-4.808449194073071,,192340.41999999998,434643.1098304973,3.0
2026-01-22 06:49:00,AMBER_BUILDING,56.89482621174008,0.4399172312506248,0,-6.712990098724627,,138723.6,432962.91000000027,4.0
2026-01-22 06:50:00,AMBER_BUILDING,51.92559878217988,0.381988287214827,0,1.3712583481582543,,546252.74,432935.7291468127,3.0
2026-01-22 06:51:00,AMBER_BUILDING,50.8359086611843,0.3051189269736487,0,2.811828873100925,,697420.53,432962.91000000027,5.0
2026-01-22 06:53:00,AMBER_BUILDING,50.69021809109543,0.3657335222566435,0,-4.883040987791811,,189189.05,432962.91000000027,2.0
2026-01-22 06:54:00,AMBER_BUILDING,52.00770640855004,0.41955499532677015,0,-5.051373260797013,,183854.32,432935.7291468127,2.0
2026-01-22 06:55:00,AMBER_BUILDING,53.588357544885554,0.3471155806903765,0,2.3572062874869077,,645602.02,432908.55000000005,5.0
2026-01-22 13:33:00,AMBER_BUILDING,50.90853469338689,0.5562764644365774,3,-3.237526127823216,,177029.08,1633383.321737525,2.0
2026-01-22 13:35:00,AMBER_BUILDING,50.675721787831435,0.5162494253360284,0,0.05400664827955558,,1622736.62,1559300.884609137,10.0
2026-01-22 14:44:00,AMBER_BUILDING,60.93598112008462,1.0362108739479492,0,0.7225792128980496,,2323323.21,1468654.1600000001,8.0
2026-01-22 14:45:00,AMBER_BUILDING,74.8201580098951,0.8895057134668729,0,1.2149186354959074,,2453701.87,1106153.5200000003,12.0
2026-01-22 14:46:00,AMBER_BUILDING,64.92143076391528,0.7934013236271068,0,0.4626014043866226,,1544495.25,1132519.879996262,8.0
2026-01-22 14:47:00,AMBER_BUILDING,58.598791207720886,0.7243373622775009,0,0.102744158155151,,1243140.43,1159514.7100000004,5.0
2026-01-22 14:48:00,AMBER_BUILDING,53.77216527724783,0.656162423981922,0,0.1791136982704985,,1350786.79,1188722.805365982,5.0
2026-01-23 06:39:00,AMBER_BUILDING,51.69702071254773,0.7333149820461732,0,-0.5796664794815364,,198892.64,294246.70000000024,3.0
2026-01-23 06:40:00,AMBER_BUILDING,55.67352729874767,0.6588070067551832,0,0.24211458879846506,,355676.86,277888.93080805195,3.0
2026-01-23 15:49:00,AMBER_BUILDING,63.7975407765173,1.1793683872197391,0,-0.36737507553954785,,652049.6799999999,728323.4820802062,5.0
2026-01-23 15:51:00,AMBER_BUILDING,75.59470607618444,0.994515696904832,0,0.8983147997341462,,1413716.72,661689.4932689591,10.0
2026-01-23 15:52:00,AMBER_BUILDING,67.4642998388361,0.7658430064679701,0,2.251924131404362,,3769797.17,671471.8199999996,8.0
2026-01-23 15:53:00,AMBER_BUILDING,56.07304636119405,0.5851190810404798,0,1.7439674157422551,,2895237.92,728323.4820802062,4.0
2026-01-23 16:05:00,AMBER_BUILDING,53.95453855220018,0.662034640898054,1,-0.8646797924048909,,539413.52,850315.2400000002,3.0
2026-01-23 16:06:00,AMBER_BUILDING,50.60928772396202,0.64867048984735,0,-0.8457789826873907,,536316.41,847614.7267296021,2.0
2026-01-26 06:31:00,AMBER_BUILDING,58.58585858585857,2.125239472537624,1,-4.5890719360094385,,11328.95,312281.6763363075,1.0
2026-01-26 06:44:00,AMBER_BUILDING,71.1243352562547,0.945749307155699,0,0.006913746097504142,,367900.25,330697.9,3.0
2026-01-26 06:45:00,AMBER_BUILDING,64.85821556673159,0.7903440565391577,0,1.3861185671815883,,1503516.16,461777.9100000002,8.0
2026-01-26 06:46:00,AMBER_BUILDING,60.24403682634139,0.7654078178018353,0,-0.8613444590496351,,271858.21,480446.10816249053,4.0
2026-01-26 06:47:00,AMBER_BUILDING,54.355836141758026,0.6484822781488921,0,0.9284054025981597,,1052768.8900000001,461777.9100000002,8.0
2026-01-26 06:48:00,AMBER_BUILDING,50.98410071384756,0.6294693088898086,0,-0.7632156021086991,,294981.38,480446.10816249053,2.0
2026-01-26 07:01:00,AMBER_BUILDING,55.650492224303754,1.1969170136239182,1,-16.069363924550174,,0.0,906144.7987159856,0.0
2026-01-26 07:02:00,AMBER_BUILDING,62.36692127888947,1.010743638115267,0,1.0767019710264083,,2310987.05,892123.0800000004,8.0
2026-01-26 07:03:00,AMBER_BUILDING,74.09823237818328,0.9838534142754628,0,-0.9871055404949971,,397915.52999999997,906144.7987159856,4.0
2026-01-26 07:04:00,AMBER_BUILDING,66.69827631587656,0.8879929411197541,0,0.265996985418384,,1157854.34,892123.0800000004,5.0
2026-01-26 07:05:00,AMBER_BUILDING,67.02301901488822,0.9373718019170151,0,-2.154890023023322,,144943.0,906144.7987159856,2.0
2026-01-26 07:06:00,AMBER_BUILDING,64.93305136542794,0.8744037332744142,0,-0.24065222345772594,,738584.0099999999,892123.0800000004,4.0
2026-01-26 07:07:00,AMBER_BUILDING,63.66052118754516,0.8440684932097449,0,-0.7105151849372318,,480376.61,878229.6254528159,2.0
2026-01-26 07:08:00,AMBER_BUILDING,59.92057107406299,0.8222667460213582,0,-0.8053312812881857,,430645.74,864552.5399999992,5.0
2026-01-26 07:09:00,AMBER_BUILDING,57.434457049638574,0.7945430720141011,0,-0.6618162242297917,,480422.82,858396.4778488601,5.0
2026-01-26 07:10:00,AMBER_BUILDING,54.74001210253318,0.7204656563562438,0,0.18582313963146802,,1002839.34,852284.2499999999,6.0
2026-01-26 07:11:00,AMBER_BUILDING,50.64107662268162,0.6418481634010658,0,0.367324750162439,,1182263.74,858396.4778488601,4.0
2026-01-27 12:37:00,AMBER_BUILDING,52.14710225035278,0.7964324216694384,1,-1.3567812215707573,,826535.16,1673430.8400000012,4.0
2026-01-27 12:38:00,AMBER_BUILDING,59.10510874768445,0.8304836521650226,2,-1.4404142854623232,,733090.27,1637173.74116537,7.0
2026-01-27 12:39:00,AMBER_BUILDING,56.78088070618136,0.751158648868682,1,0.17744079286653813,,1782975.63,1601702.2000000007,6.0
2026-01-27 12:40:00,AMBER_BUILDING,52.00539175303708,0.6417911976383127,0,0.7156551249854463,,2453247.6999999997,1637173.74116537,5.0
2026-01-27 12:43:00,AMBER_BUILDING,54.38229017091632,0.8434889432595575,0,-1.990910889042101,,492642.69999999995,1601702.2000000007,4.0
2026-01-27 12:44:00,AMBER_BUILDING,54.06619668090946,0.7872336091658687,0,-0.15652830964116496,,1446390.29,1600325.118019295,8.0
2026-01-27 12:45:00,AMBER_BUILDING,53.28406540508183,0.717270792820419,0,0.1119370705808684,,1746609.7,1635172.8279477807,6.0
2026-01-27 14:40:00,AMBER_BUILDING,51.305461002754775,0.6361742424727937,0,0.0559811575365321,,1425521.23,1491242.3753453586,8.0
2026-01-27 15:13:00,AMBER_BUILDING,50.61806507340679,0.7441936226463531,0,0.1635316395120907,,1055108.34,1066156.68,6.0
2026-01-27 15:14:00,AMBER_BUILDING,56.993678119562,0.8054969702676001,0,-1.659534066248442,,326326.76,1062600.9556821985,4.0
2026-01-27 15:15:00,AMBER_BUILDING,52.26762769772665,0.6767142806401567,0,1.1549803133541579,,2169610.3899999997,919165.3778092252,9.0
2026-01-28 06:31:00,AMBER_BUILDING,54.36706613734228,1.0722344864116784,1,-9.383186113542406,,0.0,347432.1581602492,0.0
2026-01-28 06:32:00,AMBER_BUILDING,77.61803868735261,0.9827336937773663,0,0.061664561524021735,,377398.74,346924.22000000003,2.0
2026-01-28 06:33:00,AMBER_BUILDING,71.51427193604925,0.9080243214215095,0,0.08345065778764696,,389176.18,347432.1581602492,3.0
2026-01-28 06:34:00,AMBER_BUILDING,63.81055298777064,0.7733907628350254,0,-1.2705936946149645,,63506.170000000006,347940.8399999997,2.0
2026-01-28 06:35:00,AMBER_BUILDING,57.95129095121347,0.6950971938009237,0,-0.3325746815450748,,222312.12,347432.1581602492,2.0
2026-01-28 06:36:00,AMBER_BUILDING,54.28998078463119,0.7114588326195046,0,1.483736492999875,,2528332.75,346924.22000000003,5.0
2026-01-28 06:37:00,AMBER_BUILDING,51.53560505497813,0.63940220873227,0,-0.3039602549173029,,229819.22,347432.1581602492,3.0
2026-01-28 13:02:00,AMBER_BUILDING,53.52582674036441,0.7624821929315201,0,1.8019999130781306,,5646172.640000001,1669829.18,12.0
2026-01-28 13:03:00,AMBER_BUILDING,50.480400837727366,0.6913086082769878,0,-1.078229586266469,,1491116.25,1671395.7251756398,13.0
2026-01-28 14:07:00,AMBER_BUILDING,51.5720606989316,0.6945258612243083,0,0.38981433026282475,,1960139.7100000002,1209330.2886891025,13.0
2026-01-28 14:14:00,AMBER_BUILDING,54.28596567857522,0.8175736814125049,0,1.9985356001840915,,3586070.4699999997,1250870.4999999998,11.0
2026-01-28 14:15:00,AMBER_BUILDING,56.956191941681816,0.776711414924586,0,-0.30679651629017773,,1661779.64,1299832.0499999993,14.0
2026-01-28 14:16:00,AMBER_BUILDING,53.42953714967383,0.727039309934109,0,-0.6619908086236704,,1467505.8,1303817.6645524476,11.0
2026-01-28 14:17:00,AMBER_BUILDING,51.96044184482344,0.7662784055416338,0,1.7122089143974912,,3394914.6,1307815.5000000007,11.0
2026-01-28 14:18:00,AMBER_BUILDING,53.90452759524597,0.8097323120399016,0,1.8909898522830912,,3718454.42,1310552.8951744144,14.0
2026-01-28 14:19:00,AMBER_BUILDING,58.71432242804064,0.8647455792527111,0,2.3051067044528892,,4365732.390000001,1313296.0199999993,23.0
2026-01-28 14:21:00,AMBER_BUILDING,67.15181234134872,0.9124334111816761,1,-0.4097953564026125,,1680637.08,1351373.4199999992,9.0
2026-01-28 14:22:00,AMBER_BUILDING,66.16276912253933,0.8959463630798224,0,0.5353035982238061,,2428307.73,1373169.3941397308,13.0
2026-01-28 14:23:00,AMBER_BUILDING,60.127787542279215,0.8787489029348801,0,0.4564584327548112,,2433228.33,1395316.9099999995,12.0
2026-01-28 14:24:00,AMBER_BUILDING,57.20756473048033,0.852695602893615,0,0.16498288527283853,,2209983.48,1403369.936127573,13.0
2026-01-28 14:25:00,AMBER_BUILDING,56.535452879266224,0.8659333590939342,0,1.1796651463728323,,3392063.9400000004,1411469.4400000009,18.0
2026-01-28 14:26:00,AMBER_BUILDING,57.883147420305534,0.8919003223955317,0,1.5363254165177307,,4171055.9099999997,1432498.6451188924,11.0
2026-01-28 14:27:00,AMBER_BUILDING,61.736882383286854,0.9329007606246782,0,1.9550325364929244,,5670578.029999999,1453841.160000001,11.0
2026-01-28 14:28:00,AMBER_BUILDING,61.5103600246606,0.8862586278719049,0,-0.30417888454914116,,2103397.74,1460657.5007888353,10.0
2026-01-28 14:29:00,AMBER_BUILDING,59.601468265091036,0.8442158364975014,0,-0.2709749568178928,,2083208.35,1467505.799999999,14.0
2026-01-28 14:30:00,AMBER_BUILDING,55.735185929131255,0.7364376162842338,0,-2.1540209952581546,,897327.33,1485177.1600000008,9.0
2026-01-28 14:31:00,AMBER_BUILDING,55.142299472486314,0.7775246992813794,0,1.649120745477576,,5530210.23,1476892.5534436135,14.0
2026-01-28 14:32:00,AMBER_BUILDING,53.90175236203478,0.7546746774576263,0,0.007416952623096882,,2500458.42,1485177.1600000008,10.0
2026-01-28 14:33:00,AMBER_BUILDING,52.35716237461253,0.7299345190244064,0,-0.09735493636112429,,2397452.34,1491242.3753453586,13.0
2026-01-28 14:35:00,AMBER_BUILDING,50.21708583931639,0.7493910863124298,0,1.6311928220766556,,5656661.92,1499279.623803565,11.0
2026-01-28 15:34:00,AMBER_BUILDING,50.0084934769676,0.3885979326570046,1,-0.4388663419155331,,1061905.4100000001,838768.5399999993,4.0
2026-01-29 06:31:00,AMBER_BUILDING,54.86116676556049,1.175829178408506,1,0.3658206202539722,,1110579.4,363588.98000000004,4.0
2026-01-29 06:34:00,AMBER_BUILDING,72.84019838897562,0.9716360810102264,1,0.13566972984596218,,884157.0199999999,370229.2183296391,5.0
2026-01-29 06:35:00,AMBER_BUILDING,69.21012758446787,0.9253182618051485,1,0.23932355400126573,,998921.19,372572.93,4.0
2026-01-29 06:36:00,AMBER_BUILDING,65.53868607297586,0.8236983959749278,1,-1.732288192830346,,156139.03,374978.0718330532,3.0
2026-01-29 06:37:00,AMBER_BUILDING,61.61639445386084,0.7790872197082159,1,-0.12347760723984738,,726198.98,372572.93,2.0
2026-01-29 06:38:00,AMBER_BUILDING,57.60245904383441,0.7282705234947596,1,-0.43440622782642335,,542590.76,374978.0718330532,4.0
2026-01-29 14:11:00,AMBER_BUILDING,56.42112706620753,0.8223999321195299,1,2.7888726884213435,,5557373.99,1353745.0499999998,14.0
2026-01-29 14:13:00,AMBER_BUILDING,67.37912700715901,0.9333883561165593,2,1.1809372424350182,,2896960.3899999997,1363825.6300000004,14.0
2026-01-29 14:14:00,AMBER_BUILDING,65.9259035095559,0.882096829028855,0,-0.09941554828597414,,1705192.63,1372757.4771863834,14.0
2026-01-29 14:15:00,AMBER_BUILDING,59.461090536287514,0.8140677313826654,0,-0.5537071307645257,,1523837.5299999998,1483852.328178764,12.0
2026-01-29 14:16:00,AMBER_BUILDING,59.35648103186342,0.909771478010851,0,2.970761034734221,,7988876.51,1500380.9400000002,13.0
2026-01-29 14:17:00,AMBER_BUILDING,59.05439397752874,0.8129404355477312,0,-1.1313824038994005,,1170093.65,1509291.5653227922,8.0
2026-01-29 14:18:00,AMBER_BUILDING,57.68604654365864,0.724675969065681,0,-1.1079465515366334,,1178382.53,1500380.9400000002,13.0
2026-01-29 14:19:00,AMBER_BUILDING,53.67612687161736,0.7718883596107466,0,1.6966421908926892,,4279194.09,1483852.328178764,11.0
2026-01-29 14:20:00,AMBER_BUILDING,51.39658326754784,0.7540996276871873,0,0.36048790537254105,,2372747.8,1500380.9400000002,13.0
2026-01-29 14:21:00,AMBER_BUILDING,55.591912608878395,0.8334901597318882,0,2.4469497557750994,,6766582.62,1509291.5653227922,18.0
2026-01-29 14:22:00,AMBER_BUILDING,53.91986560347624,0.7861271119867999,0,-0.17865641469425558,,1905847.94,1518255.110000001,10.0
2026-01-29 14:23:00,AMBER_BUILDING,53.75758313785949,0.7652583243422918,0,0.31170582592982227,,2389506.05,1521043.7589817732,10.0
2026-01-29 14:24:00,AMBER_BUILDING,50.40306597610718,0.7633188409667343,0,0.6921778887583506,,3030798.7100000004,1523837.5300000005,11.0
2026-01-29 14:25:00,AMBER_BUILDING,50.22150805292375,0.7399113595545534,0,0.21183456377897855,,2439990.31,1525828.1398204293,9.0
2026-01-29 14:26:00,AMBER_BUILDING,51.74967603668449,0.7640296418730116,0,1.2251005523360505,,4327326.45,1527821.3500000003,16.0
2026-01-29 14:27:00,AMBER_BUILDING,50.21688474275709,0.732217842942294,0,0.03002546018618397,,2213939.7800000003,1532796.7886034944,12.0
2026-01-30 06:32:00,AMBER_BUILDING,58.92443139373879,0.7773572890219603,0,0.2710143726592124,,841387.7,377398.7400000003,2.0
2026-01-30 06:33:00,AMBER_BUILDING,57.96324309209066,0.7462138015276939,0,0.31201372494370627,,870801.7699999999,379584.55015194544,3.0
2026-01-30 06:34:00,AMBER_BUILDING,54.93436120173672,0.6754335662529585,0,-0.7975420734972937,,284029.91000000003,381783.0199999998,3.0
2026-01-30 06:35:00,AMBER_BUILDING,51.3465461052264,0.6012170403105869,0,-1.0314048414175405,,223047.57,379584.55015194544,4.0
2026-01-30 14:06:00,AMBER_BUILDING,54.06482093015788,0.8273510738028774,0,1.0267195551718429,,2653999.8,1386796.3100000005,11.0
2026-01-30 14:07:00,AMBER_BUILDING,59.175257093690995,0.8531382638255312,1,1.0185117634428102,,2683131.92,1393275.0764206268,13.0
2026-01-30 14:08:00,AMBER_BUILDING,58.887994907138,0.8780546368836222,1,1.0109355934788709,,2891466.24,1399784.109999999,24.0
2026-01-30 14:09:00,AMBER_BUILDING,58.59991643573513,0.8274464955730887,1,-0.2575892671155694,,1659439.19,1406576.2961162396,9.0
2026-01-30 14:10:00,AMBER_BUILDING,57.05614074998704,0.8149860703871568,0,0.34455228198052534,,2147443.4699999997,1413401.440000001,10.0
2026-01-30 14:11:00,AMBER_BUILDING,56.31905274212901,0.8622754429879798,0,1.3624730266365104,,3673263.9699999997,1420654.3258791706,13.0
2026-01-30 14:12:00,AMBER_BUILDING,55.154762964026524,0.7050565165129284,0,-2.1286077748186254,,671205.7799999999,1427944.430000001,11.0
2026-01-30 14:13:00,AMBER_BUILDING,52.236483305593595,0.6966887751392432,0,0.2367246603312426,,2158816.3200000003,1420654.3258791706,13.0
2026-01-30 14:41:00,AMBER_BUILDING,50.61636994571774,0.6917674684315906,0,-0.15551695432603158,,2099683.96,1618342.147913845,15.0
2026-01-30 15:35:00,AMBER_BUILDING,51.13765692002386,0.6913808004794171,0,-1.191509912528401,,731440.8500000001,971329.7774676835,10.0
2026-01-30 15:36:00,AMBER_BUILDING,51.95126784492704,0.7234135293329349,0,0.9027542818959944,,2138695.3000000003,967219.7200000006,11.0
2026-01-30 15:38:00,AMBER_BUILDING,51.143885618256405,0.7778415128697518,0,1.3204583395240148,,2789876.4699999997,975457.2999999996,12.0
2026-01-30 15:39:00,AMBER_BUILDING,50.303453844091415,0.7194652785778173,0,-0.5894638538297722,,1013371.98,976080.8706883526,8.0
2026-02-02 06:32:00,AMBER_BUILDING,61.084012987748885,0.6684499321445694,1,-2.3712975991551604,,75233.74,431607.1033435063,1.0
2026-02-02 06:33:00,AMBER_BUILDING,57.78699116319813,0.5027729648157572,1,-3.162985616803271,,31699.59,420618.1431055325,1.0
2026-02-02 06:34:00,AMBER_BUILDING,51.38982923176374,0.4742214575440051,1,-0.2825579461620584,,558914.26,420618.1431055325,3.0
2026-02-02 06:35:00,AMBER_BUILDING,58.365972608066464,0.12446519049075626,3,-13.595134689938321,,0.0,431607.1033435063,0.0
2026-02-02 06:36:00,AMBER_BUILDING,54.712271303356566,0.013593728937684341,0,2.4207149180509697,,8817161.46,431607.1033435063,8.0
2026-02-02 06:37:00,AMBER_BUILDING,54.15005826127452,0.051048934080550175,0,0.34528601099520606,,1131141.3800000001,450171.0657039023,4.0
2026-02-03 06:31:00,AMBER_BUILDING,50.715187609561006,0.9748523641027598,0,-1.9445935570562236,,97059.2,493115.60089654184,1.0
2026-02-03 06:32:00,AMBER_BUILDING,72.04032534311041,0.8881927118783757,0,-0.4576454228143284,,399371.32,493115.60089654184,1.0
2026-02-03 06:33:00,AMBER_BUILDING,64.17779362826414,0.7634598174902084,0,-1.6641568075609774,,124097.48,493115.60089654184,1.0
2026-02-03 06:34:00,AMBER_BUILDING,57.64115032119108,0.6844561878672293,1,-0.6691850151972575,,311872.47,493115.60089654184,5.0
2026-02-03 06:35:00,AMBER_BUILDING,52.89104450912595,0.6643257714245127,0,0.7517646257993704,,1211526.27,493115.60089654184,6.0
2026-02-03 06:39:00,AMBER_BUILDING,52.864315144073224,0.08963358830111218,1,-13.609532663574722,,0.0,493115.60089654184,0.0
2026-02-03 06:40:00,AMBER_BUILDING,56.074155581400696,0.22271668307378922,1,-3.964724067819084,,11888.19,482903.90738174965,1.0
2026-02-03 06:41:00,AMBER_BUILDING,51.111111111111136,0.1907166005877373,1,0.1824355703887223,,674810.29,465988.61414449266,2.0
2026-02-03 14:41:00,AMBER_BUILDING,50.95574570446873,0.6747703341412509,0,-1.5758169659957317,,505796.71,1676363.9553097296,3.0
2026-02-03 14:52:00,AMBER_BUILDING,58.183436456889346,0.7990172390664355,2,-1.6759502630237728,,425454.06,1639674.5206878085,5.0
2026-02-03 14:53:00,AMBER_BUILDING,55.726601959639176,0.7353582092540758,0,0.18282517352092847,,1592378.0,1602030.245564976,7.0
2026-02-03 14:54:00,AMBER_BUILDING,54.837282641681696,0.7614201063456592,1,-1.224230487287978,,568732.24,1581471.2127085458,7.0
2026-02-03 14:55:00,AMBER_BUILDING,50.24982681868221,0.7219637994860963,0,-0.16943886378550752,,1206510.34,1567282.3629641426,6.0
2026-02-03 17:49:00,AMBER_BUILDING,64.26517633629902,1.2200474062927231,0,-0.4754855955848284,,752351.72,1430989.9665490252,9.0
2026-02-03 17:51:00,AMBER_BUILDING,74.83157255656586,0.972144171949732,0,0.9009483883740205,,2320090.89,1430989.9665490252,10.0
2026-02-03 17:52:00,AMBER_BUILDING,69.45243493000149,0.957261984860737,0,-0.7559039352347637,,602838.71,1430989.9665490252,6.0
2026-02-03 17:53:00,AMBER_BUILDING,64.80911409749285,0.9039962780692319,0,-0.09127291760775136,,1012948.67,1398406.0066940757,7.0
2026-02-03 17:54:00,AMBER_BUILDING,61.356306941949306,0.8249329194976285,0,0.42256594707305273,,1534219.33,1398406.0066940757,11.0
2026-02-03 17:55:00,AMBER_BUILDING,60.095943282391744,0.8864408655653652,0,-1.8696379864773016,,256960.06,1430989.9665490252,5.0
2026-02-03 17:56:00,AMBER_BUILDING,57.62649717918145,0.7648584419380456,0,1.1756669762660936,,2860132.99,1430989.9665490252,7.0
2026-02-03 17:57:00,AMBER_BUILDING,54.97354671964266,0.6947662080679217,0,0.46644730065604306,,1623471.06,1436786.7895853892,5.0
2026-02-03 17:58:00,AMBER_BUILDING,50.66982463091216,0.7158626297724121,0,-0.999677537401512,,503621.47,1436786.7895853892,5.0
2026-02-04 06:34:00,AMBER_BUILDING,56.52288218565612,0.7524548224374438,0,-2.9795429144106866,,7561.82,434767.6898225276,1.0
2026-02-04 06:35:00,AMBER_BUILDING,53.90650250360491,0.6965686267386971,0,0.20811488416395907,,384520.9,434767.6898225276,1.0
2026-02-04 06:36:00,AMBER_BUILDING,54.08733055603335,0.6468596017353939,0,0.17500109570771222,,339275.76,394240.7954348034,2.0
2026-02-04 12:02:00,AMBER_BUILDING,55.264590085277746,0.7691756274662033,0,-1.5883424872012861,,418941.35,1672465.3471798955,3.0
2026-02-04 12:03:00,AMBER_BUILDING,50.63421997728879,0.6861139836923673,0,0.5663893634638856,,2063147.07,1651649.017026117,8.0
2026-02-04 12:04:00,AMBER_BUILDING,50.459033318751814,0.6969571063405602,0,-0.6417339252431477,,834541.9199999999,1651649.017026117,3.0
2026-02-04 12:13:00,AMBER_BUILDING,52.5283201334152,0.6898115995322812,0,1.6162773072765495,,4140267.0700000003,1617110.8842333863,11.0
2026-02-04 12:14:00,AMBER_BUILDING,53.074285810377,0.6514005168677365,0,0.04381121071416312,,1354668.88,1617110.8842333863,1.0
2026-02-04 14:46:00,AMBER_BUILDING,67.33252783205496,1.5243077924751867,0,1.6307872053071846,,3651003.0300000003,1567282.3629641426,8.0
2026-02-04 14:58:00,AMBER_BUILDING,66.55793281483777,0.9175292728411065,0,0.3950807173743184,,1676904.3199999998,1554183.6232070883,6.0
2026-02-04 14:59:00,AMBER_BUILDING,66.79923148161755,1.0181880554475602,0,-2.6390830975707615,,257210.93,1554183.6232070883,3.0
2026-02-04 15:00:00,AMBER_BUILDING,66.37178315668605,0.9815263722539173,0,-0.48747946781392304,,854015.52,1426115.1621242806,4.0
2026-02-04 15:01:00,AMBER_BUILDING,69.53738545116705,1.0173327924453903,0,-1.63601915586324,,396242.64,1422838.419194489,3.0
2026-02-04 15:02:00,AMBER_BUILDING,68.73161750844852,1.0361450655266724,0,-1.3838509849986362,,456976.54999999993,1419656.6977294562,7.0
2026-02-04 15:03:00,AMBER_BUILDING,66.97671707642202,0.8724036966839773,0,1.6711651264955045,,3539570.2299999995,1419656.6977294562,6.0
2026-02-04 15:04:00,AMBER_BUILDING,66.48319393152566,0.9549317540253984,0,-2.1798610061238577,,252437.02999999997,1422838.419194489,5.0
2026-02-04 15:05:00,AMBER_BUILDING,65.2856776965061,0.980413079185455,0,-1.327279802231424,,434521.44999999995,1419656.6977294562,6.0
2026-02-04 15:06:00,AMBER_BUILDING,64.48540077780858,0.8514598833466096,0,1.1089841770096358,,2577144.26,1419656.6977294562,9.0
2026-02-04 15:07:00,AMBER_BUILDING,59.615935344380496,0.7525365378696045,0,0.7804328104799055,,2044952.1099999999,1419656.6977294562,7.0
2026-02-04 15:08:00,AMBER_BUILDING,55.43670768099816,0.7452819192481615,0,-0.528212022698141,,758963.72,1419656.6977294562,8.0
2026-02-04 15:09:00,AMBER_BUILDING,54.41983585020014,0.7765708595546239,0,-1.1162221512184978,,482488.25,1419656.6977294562,4.0
2026-02-04 15:10:00,AMBER_BUILDING,54.19426337046995,0.7332613728907513,0,0.011270778762236876,,1132839.12,1419656.6977294562,7.0
2026-02-04 15:11:00,AMBER_BUILDING,51.86785292228189,0.6069394469682498,0,1.3516421440599702,,3178960.4400000004,1419656.6977294562,11.0
2026-02-05 06:32:00,AMBER_BUILDING,52.24946006034512,0.5110520192174638,0,-2.5711129781080326,,34543.15,457303.3665840013,1.0
2026-02-05 15:19:00,AMBER_BUILDING,57.44118775747331,0.9952119161319413,0,-0.22326120879584216,,746558.8999999999,1341280.6393016826,8.0
2026-02-05 15:20:00,AMBER_BUILDING,71.59594979952956,0.9614666386486442,0,-0.3557217496944754,,667281.53,1323690.0944371426,7.0
2026-02-05 15:21:00,AMBER_BUILDING,66.22684807405186,0.8839157743063396,0,0.4177496489230099,,1322158.92,1308858.2327401654,8.0
2026-02-05 15:22:00,AMBER_BUILDING,62.28312402066072,0.8076575316714473,0,0.4960978844049113,,1418091.63,1308858.2327401654,9.0
2026-02-05 15:23:00,AMBER_BUILDING,57.95655982984588,0.7709108460761758,0,-0.06541813547032134,,885471.77,1321695.6538390394,6.0
2026-02-05 15:24:00,AMBER_BUILDING,54.359110696968536,0.754341914460645,0,-0.3483580260808897,,692064.0,1321695.6538390394,4.0
2026-02-05 15:25:00,AMBER_BUILDING,50.47976411955116,0.6415449127037522,0,1.2874834108094708,,2824411.38,1321695.6538390394,9.0
2026-02-05 15:39:00,AMBER_BUILDING,50.114084177746626,1.32596598230265,1,-19.3075601093407,,0.0,963937.1196763595,0.0
2026-02-05 15:40:00,AMBER_BUILDING,64.28668985644514,1.1416321340511395,0,0.8657414659720182,,1360023.65,963937.1196763595,10.0
2026-02-05 15:42:00,AMBER_BUILDING,72.45045715184865,0.9657883317012604,0,1.1484593135784542,,1664470.51,967876.5569718961,6.0
2026-02-05 15:43:00,AMBER_BUILDING,67.93125494027807,0.9318083979852555,0,-0.35613557545636765,,576975.76,971989.4055684777,5.0
2026-02-05 15:44:00,AMBER_BUILDING,61.970056960256386,0.805132056976728,0,1.2758623858791593,,1826132.33,967876.5569718961,5.0
2026-02-05 15:45:00,AMBER_BUILDING,59.93903564911678,0.8523405013608267,0,-1.5181422626972298,,179404.25,1092530.1863525352,5.0
2026-02-05 15:46:00,AMBER_BUILDING,57.392598188344,0.8252317637530365,0,-0.32677643629296654,,553359.6000000001,1080448.080392142,3.0
2026-02-05 15:47:00,AMBER_BUILDING,57.48842096679073,0.8126720746720628,0,-0.5305525104955378,,454420.73,1080448.080392142,3.0
2026-02-05 15:48:00,AMBER_BUILDING,56.859564470330945,0.8162191597699139,0,-0.7892365572205735,,355858.66,1080448.080392142,1.0
2026-02-05 15:49:00,AMBER_BUILDING,56.987518585999716,0.7859092874939825,0,-0.2071031272001441,,604359.84,1080448.080392142,5.0
2026-02-05 15:50:00,AMBER_BUILDING,56.42100258861791,0.768914004005187,0,-0.39305406166532403,,504934.07999999996,1080448.080392142,3.0
2026-02-05 15:51:00,AMBER_BUILDING,53.70704834944866,0.7004267071147647,0,0.5209570788129252,,1216353.47,1080448.080392142,5.0
2026-02-05 16:02:00,AMBER_BUILDING,54.815816804645415,0.7832551325587813,0,-1.3652480982788542,,221969.89,1036937.315628601,1.0
2026-02-05 16:03:00,AMBER_BUILDING,53.685332783896314,0.7509751379190688,0,-0.14191908435159634,,632725.5,1016825.974738303,7.0
2026-02-05 16:04:00,AMBER_BUILDING,53.139409719163275,0.7457584271045457,0,-0.5721202957097208,,435656.08,1016825.974738303,1.0
2026-02-05 16:05:00,AMBER_BUILDING,51.6294980717007,0.7080219497093981,0,0.01643909563560209,,724611.01,1016825.974738303,3.0
2026-02-05 16:06:00,AMBER_BUILDING,50.54224182965416,0.6631071275000754,0,0.19912100329764865,,850248.96,1016825.974738303,3.0
2026-02-05 16:13:00,AMBER_BUILDING,53.423517935499696,1.3924161096684995,1,-16.721149707897116,,0.0,1027897.8870569239,0.0
2026-02-05 16:14:00,AMBER_BUILDING,67.87397608037128,1.220861887790191,0,0.9382120723016599,,1579784.8,1027897.8870569239,6.0
2026-02-05 16:25:00,AMBER_BUILDING,70.4740646603675,0.9915041037552508,0,0.5096494594255572,,1470574.85,1366671.2362438396,10.0
2026-02-05 16:26:00,AMBER_BUILDING,68.48787719368181,1.0030198338402152,0,-1.2228079876235036,,361686.06,1371898.5585246566,1.0
2026-02-05 16:38:00,AMBER_BUILDING,50.10767318205029,0.6795344995069245,0,-0.40144081587027497,,963193.0,1680140.50175978,4.0
2026-02-05 16:39:00,AMBER_BUILDING,53.49182637652856,0.7964099963949519,0,-2.649207017495627,,216759.71000000002,1667052.982835151,4.0
2026-02-05 16:40:00,AMBER_BUILDING,53.84355311749411,0.6631529236015076,0,1.6534379029975372,,3796590.69,1667052.982835151,12.0
2026-02-05 16:41:00,AMBER_BUILDING,53.56941751591183,0.660085568901307,0,-0.45673899936458046,,916976.25,1667052.982835151,6.0
2026-02-05 16:42:00,AMBER_BUILDING,52.15773774833857,0.7472064905458109,0,-2.049308682682049,,310178.64,1667052.982835151,4.0
2026-02-05 16:43:00,AMBER_BUILDING,50.769979347121335,0.6933859958092378,0,0.32459823381492076,,1549593.8900000001,1667052.982835151,9.0
2026-02-05 17:29:00,AMBER_BUILDING,61.73545187302066,0.886029161548033,0,-2.751710126494415,,416760.79,2613056.3972178916,4.0
2026-02-05 17:30:00,AMBER_BUILDING,62.54074343973043,0.9166332769319219,0,-1.353684054200982,,802654.63,2219982.084827179,9.0
2026-02-05 17:31:00,AMBER_BUILDING,64.19810718469274,0.83860295500225,0,0.5867116092619361,,2322764.97,2219982.084827179,13.0
2026-02-05 17:32:00,AMBER_BUILDING,61.64693781546553,0.8387105477117412,0,-0.7404066163787919,,1152318.16,2219982.084827179,10.0
2026-02-05 17:33:00,AMBER_BUILDING,57.370969467358556,0.7667040722730245,0,0.604579694750422,,2339875.42,2219982.084827179,12.0
2026-02-05 17:34:00,AMBER_BUILDING,53.28305127743897,0.6431313113776134,0,1.648592701285521,,4076124.0900000003,2219982.084827179,10.0
2026-02-06 06:37:00,AMBER_BUILDING,50.15785024887652,0.7145954441065403,0,0.03376868266823102,,251099.78999999998,386841.5373330109,3.0
2026-02-06 06:38:00,AMBER_BUILDING,51.524583132624265,0.594630722235024,0,1.5627676464129772,,1599720.38,386841.5373330109,4.0
2026-02-06 06:41:00,AMBER_BUILDING,50.56374315769909,1.0447315789576967,1,-10.473951720750511,,0.0,394240.7954348034,0.0
2026-02-06 06:42:00,AMBER_BUILDING,59.05505626556641,0.9728168081367183,0,0.00010220111331168289,,240753.69,386841.5373330109,3.0
2026-02-06 06:43:00,AMBER_BUILDING,69.76060956993585,0.9881850054413865,0,-1.406022521688495,,44303.78,386841.5373330109,1.0
2026-02-06 06:44:00,AMBER_BUILDING,64.83321770677608,0.9300753924831445,0,0.5376541937519955,,455476.79,383149.5144979423,2.0
2026-02-06 06:45:00,AMBER_BUILDING,63.087643443524904,0.8720020136886747,0,0.09510798898425153,,441785.17000000004,635350.7633548665,3.0
2026-02-06 06:46:00,AMBER_BUILDING,60.188778632982604,0.8699140640948485,0,-0.8866523303152615,,141693.67,622380.2698351742,1.0
2026-02-06 06:47:00,AMBER_BUILDING,57.1914944500817,0.7584537932528087,0,1.1774367029320376,,1530260.4899999998,613351.5033471831,4.0
2026-02-06 06:48:00,AMBER_BUILDING,54.62927112786866,0.7511619557550832,0,-0.6099758085577119,,187688.68999999997,622380.2698351742,3.0
2026-02-06 06:49:00,AMBER_BUILDING,50.93992635293504,0.7257538705877117,0,-0.2631957671665188,,283134.24,622380.2698351742,4.0
2026-02-06 10:09:00,AMBER_BUILDING,50.65014825525248,0.5574676682973811,0,0.35266855059656727,,3176333.2399999998,2777789.590998389,15.0
2026-02-06 10:16:00,AMBER_BUILDING,50.41173869492486,0.7409213648161506,0,-1.0090311534386043,,1127556.24,2466192.321306004,6.0
2026-02-06 11:59:00,AMBER_BUILDING,50.83071883477729,0.7161987844510651,0,-1.9049422920555694,,321003.7,1474963.4292608814,4.0
2026-02-06 13:12:00,AMBER_BUILDING,51.352926515439286,0.6792651990772498,0,-1.0419292041915027,,858575.53,1919826.4511732874,8.0
2026-02-06 17:43:00,AMBER_BUILDING,50.208452095470136,0.7772063200185029,0,-2.027943375795982,,536035.02,2141420.323492897,4.0
2026-02-06 17:44:00,AMBER_BUILDING,50.74040560478759,0.757192756392226,0,-0.22461269142266432,,1517709.62,2137981.7610346787,9.0
2026-02-06 17:45:00,AMBER_BUILDING,52.346841277061486,0.6938967940477635,0,0.3980501070526197,,1387675.77,1339157.763102037,6.0
2026-02-09 06:32:00,AMBER_BUILDING,70.15009053708333,0.9006858391063277,0,0.37450028143752456,,443716.36,386841.5373330109,3.0
2026-02-09 06:33:00,AMBER_BUILDING,64.00646538090265,0.7857510106449463,0,-0.6451940584139879,,137086.79,394240.7954348034,1.0
2026-02-09 06:34:00,AMBER_BUILDING,59.418927950010186,0.7479653275573318,0,0.7828332464447735,,733170.69,394240.7954348034,1.0
2026-02-09 06:35:00,AMBER_BUILDING,54.593080521125906,0.6636058336476414,0,-0.26960783641487895,,230458.3,420072.27138330706,2.0
2026-02-09 06:36:00,AMBER_BUILDING,50.481301607277146,0.5861190721728702,0,-0.2675146380759627,,232081.94,420072.27138330706,2.0
2026-02-09 15:23:00,AMBER_BUILDING,61.51513670587903,0.7984988083686257,0,-1.183325358957675,,452304.9,1219479.26842254,6.0
2026-02-09 15:24:00,AMBER_BUILDING,57.82272487288487,0.7904388750696323,0,-1.0394599374767899,,507763.70000000007,1219479.26842254,5.0
2026-02-09 15:25:00,AMBER_BUILDING,55.37562607670347,0.6648659797497464,0,1.2611484669688537,,3242769.5200000005,1219479.26842254,6.0
2026-02-09 15:26:00,AMBER_BUILDING,51.70579592985998,0.633654118237378,0,-0.38213247892481983,,870951.6399999999,1243165.5508807632,6.0
2026-02-10 08:35:00,AMBER_BUILDING,50.46570345407091,0.5970026965393084,2,-1.7962093709163092,,1060939.22,2524110.743413911,9.0
2026-02-11 07:48:00,AMBER_BUILDING,68.01010329758297,1.3374038196380693,0,-1.1579006098086222,,711502.44,1504756.00649329,4.0
2026-02-11 07:53:00,AMBER_BUILDING,74.37743974192576,0.9720337257295714,0,0.11133512513844376,,1556628.6400000001,1559684.8151601937,7.0
2026-02-11 07:54:00,AMBER_BUILDING,72.28449097536752,1.0015252401685522,0,-2.2079768854520654,,415338.22,1584590.8531175489,4.0
2026-02-11 07:55:00,AMBER_BUILDING,67.9328967335818,0.8957200430119239,0,0.6650381091796767,,2104561.4299999997,1532162.1019302083,15.0
2026-02-11 07:56:00,AMBER_BUILDING,63.0070020903469,0.7687091498044403,0,1.311153483236694,,3164466.7,1584590.8531175489,6.0
2026-02-11 07:57:00,AMBER_BUILDING,54.198945897686,0.6410582147658587,0,1.5109512228306674,,3616773.99,1584590.8531175489,7.0
2026-02-11 07:58:00,AMBER_BUILDING,50.51173759557239,0.6785542848762484,0,-1.776609889409011,,519141.9,1584590.8531175489,6.0
2026-02-11 13:42:00,AMBER_BUILDING,52.76289172561934,0.7648977259035963,0,-0.637750036234111,,1001338.68,2074813.30094336,4.0
2026-02-11 13:43:00,AMBER_BUILDING,52.5972369658335,0.7433241137162365,1,-0.08849259638742106,,1409944.92,2074813.30094336,10.0
2026-02-11 13:44:00,AMBER_BUILDING,53.23323270383461,0.7780095823460056,1,-0.9449023143526568,,827236.47,2067761.5643339674,4.0
2026-02-11 13:45:00,AMBER_BUILDING,52.30257528941527,0.734507722395288,0,0.25856593066370437,,1573989.33,1909738.994555132,8.0
2026-02-11 13:46:00,AMBER_BUILDING,50.36538807348933,0.7335540813767719,0,-0.36682079537993145,,1021310.0900000001,1841333.1399337973,7.0
2026-02-11 13:53:00,AMBER_BUILDING,51.10180121961782,0.7754812395303577,0,-0.5370764718482518,,833239.7400000001,1676232.6057117071,4.0
2026-02-11 13:54:00,AMBER_BUILDING,52.24994348202637,0.7631074353221134,0,-0.239416977957836,,1009956.7,1676232.6057117071,7.0
2026-02-11 13:55:00,AMBER_BUILDING,52.69921589949371,0.7930446058238739,0,-0.8852414575429661,,658739.72,1676232.6057117071,5.0
2026-02-11 13:56:00,AMBER_BUILDING,51.2518238819904,0.637055204586248,0,1.9927981940389037,,4343143.58,1670032.8431380286,8.0
2026-02-11 17:16:00,AMBER_BUILDING,53.976215411329086,0.9028990335551066,1,-2.8965322903743522,,341637.78,2738230.0809824434,5.0
2026-02-11 17:17:00,AMBER_BUILDING,61.40033975530307,0.8613655315215996,1,0.06641942073330846,,1995588.38,2731847.955730777,14.0
2026-02-11 17:18:00,AMBER_BUILDING,59.70292452623022,0.7833000442651455,0,0.7157704097146222,,2976263.7300000004,2715341.517109132,10.0
2026-02-11 17:19:00,AMBER_BUILDING,54.799743498740675,0.7895558321657868,0,-0.6032093165068306,,1383321.9500000002,2715341.517109132,10.0
2026-02-11 17:20:00,AMBER_BUILDING,52.6988830058443,0.7914373739463471,0,-0.4998217798769906,,1415729.46,2683974.8348108134,4.0
2026-02-11 17:21:00,AMBER_BUILDING,51.76096145564075,0.6985607056631806,0,1.0788712664242164,,3552766.88,2647375.4930889057,13.0
2026-02-12 06:32:00,AMBER_BUILDING,68.47524041991068,0.8790094625193318,0,0.46196335883253464,,465592.38999999996,374372.1447901933,4.0
2026-02-12 06:33:00,AMBER_BUILDING,65.08283075106276,0.8770585345099691,0,1.7115864729733778,,2155095.3,374372.1447901933,2.0
2026-02-12 06:34:00,AMBER_BUILDING,61.709340692278154,0.7808819738704053,0,-0.2479625384227769,,191402.99,374372.1447901933,1.0
2026-02-12 06:35:00,AMBER_BUILDING,58.13892085060872,0.7004091247102433,0,-0.08903148185186628,,235623.93,372338.8806874087,3.0
2026-02-12 06:36:00,AMBER_BUILDING,53.464357193092354,0.6672897421380988,0,0.7496024890691846,,647977.09,371861.51380555605,6.0
2026-02-13 06:32:00,AMBER_BUILDING,68.24566131252362,0.8190339489107726,0,-2.258428983070044,,31454.98,355180.92114861275,1.0
2026-02-13 06:33:00,AMBER_BUILDING,62.003681183960566,0.7173376930717669,0,-0.9157544147809851,,122167.01000000001,335964.2086032493,3.0
2026-02-13 06:34:00,AMBER_BUILDING,56.33228874845191,0.7079803651299559,0,1.1876490325744635,,1298183.78,332245.09919254744,3.0
2026-02-13 06:35:00,AMBER_BUILDING,51.02237876184311,0.6033838413466066,0,-1.1852348996041633,,83356.34,335964.2086032493,2.0
2026-02-16 06:32:00,AMBER_BUILDING,60.40965943835088,0.7058484083750465,0,-1.4639722037108922,0.49537528548801235,107887.22,332245.09919254744,2.0
2026-02-16 06:33:00,AMBER_BUILDING,54.69358202813811,0.5902405792471334,0,-1.9897223820158938,0.5205205617743646,64104.22,332245.09919254744,2.0
2026-02-16 06:34:00,AMBER_BUILDING,50.35958519597839,0.597266578884272,0,1.2220289978993484,0.4800562212828356,1518425.12,332245.09919254744,6.0
2026-02-16 11:39:00,AMBER_BUILDING,56.44069268454158,0.8890841414309116,0,-1.0234987894132879,0.5326545254271898,609407.03,1216286.5326728052,3.0
2026-02-16 11:40:00,AMBER_BUILDING,65.77757688362435,0.7810105405212782,0,0.47303990950658464,0.4573643844703145,2124629.75,1196611.6492380723,6.0
2026-02-16 11:41:00,AMBER_BUILDING,57.517058067261104,0.6531982128449751,0,0.9844239627091106,0.4830465601657059,3307295.8400000003,1196611.6492380723,10.0
2026-02-16 11:42:00,AMBER_BUILDING,50.60919094190021,0.5948324330782584,0,-0.08160828877794898,0.46732634925273386,1315915.63,1196611.6492380723,6.0
2026-02-17 06:32:00,AMBER_BUILDING,66.73864222735818,0.8435019141739707,0,0.28125077098016715,0.47390949460884396,469114.48000000004,339090.9196488424,5.0
2026-02-17 06:33:00,AMBER_BUILDING,63.4959409558843,0.8009176270246173,0,0.5827438004099592,0.49031042688934695,626422.82,339090.9196488424,2.0
2026-02-17 06:34:00,AMBER_BUILDING,60.766690306434555,0.7720979466338235,0,0.8447153439293662,0.46649774070065775,814873.46,351108.43576281215,6.0
2026-02-17 06:35:00,AMBER_BUILDING,58.09743814030055,0.71064950675231,0,-0.051760298928227345,0.48356831727328287,368573.03,364492.61036435206,1.0
2026-02-17 06:36:00,AMBER_BUILDING,53.97586570512944,0.5967678636365551,0,-1.5173104286561603,0.49997793672685115,93590.95999999999,364492.61036435206,3.0
2026-02-17 06:39:00,AMBER_BUILDING,51.77593449479033,0.01630248493348169,1,-13.721757894959374,0.6626292768274596,0.0,367055.6799714723,0.0
2026-02-17 06:40:00,AMBER_BUILDING,50.717142046709704,0.015920829160439527,0,-0.028308016696202018,0.4912652600009809,376518.85,367055.6799714723,4.0
2026-02-17 07:21:00,AMBER_BUILDING,53.88151265787965,0.057170791439837075,0,2.48448928890477,0.529292092724255,6693735.010000001,931709.2779745675,8.0
2026-02-17 07:32:00,AMBER_BUILDING,50.85367683563528,0.7346537666818411,0,-2.731463742917198,0.5274401014940712,161241.8,1292313.4338977642,3.0
2026-02-17 07:33:00,AMBER_BUILDING,56.21842040041306,0.6267392152259194,0,1.1200416553702641,0.4585361888839149,3207043.7,1292313.4338977642,12.0
2026-02-17 07:34:00,AMBER_BUILDING,50.532581507439595,0.582126043361772,0,-0.1776338199096779,0.42158569452906236,1165228.5,1292313.4338977642,9.0
2026-02-17 08:38:00,AMBER_BUILDING,51.06554021152428,0.4912114200692457,0,1.689704227780944,0.4756643499520326,6073668.91,2295664.7842818485,15.0
2026-02-17 11:39:00,AMBER_BUILDING,54.442597802743315,0.8041739573547843,0,-0.6861566155684733,0.5259741977019404,783495.1300000001,1115258.6842153345,6.0
2026-02-17 11:40:00,AMBER_BUILDING,63.34824583842438,0.7958755341232483,0,-1.411754574772731,0.4917100552011989,435560.62,1115258.6842153345,4.0
2026-02-17 11:41:00,AMBER_BUILDING,57.42727760852062,0.6834782137187104,0,0.7346344919804515,0.4849445499251844,2551790.98,1105429.950505045,12.0
2026-02-17 11:42:00,AMBER_BUILDING,55.24612177041092,0.7092083357101399,0,-1.8960590616130029,0.4918751301359183,272499.77,1115258.6842153345,4.0
2026-02-17 11:43:00,AMBER_BUILDING,50.992985794451236,0.6149382317501447,0,0.5036767755428939,0.4949023758512491,2187054.15,1115258.6842153345,12.0
2026-02-18 08:04:00,AMBER_BUILDING,50.30560070002733,0.48647806067716964,2,-6.120287653727477,0.587304512966523,53735.64,1694752.2824469083,1.0
2026-02-18 08:06:00,AMBER_BUILDING,51.572396591972144,0.4786089297998525,0,-2.7594489503015387,0.5218339328014593,348222.70999999996,1694752.2824469083,2.0
2026-02-18 12:06:00,AMBER_BUILDING,50.12983134863157,0.47912157970612146,0,1.540781767330385,0.5210242441957424,4287608.53,1485504.03585601,5.0
2026-02-18 12:39:00,AMBER_BUILDING,52.4569812018083,1.044421232934754,1,-8.009873609665224,0.632697074547613,22882.61,1778888.578444153,1.0
2026-02-18 12:40:00,AMBER_BUILDING,60.72934773808388,0.8551045992928227,0,1.6604927123857036,0.5030135188928339,3794587.0199999996,1778888.578444153,9.0
2026-02-18 12:41:00,AMBER_BUILDING,68.74245285237974,0.895605981145202,0,-1.341604409585632,0.46868351811748893,754274.76,1781350.8623868076,7.0
2026-02-18 12:42:00,AMBER_BUILDING,60.444410208714935,0.740198040988745,0,1.4557461782738044,0.46431213298069696,3453648.33,1778888.578444153,11.0
2026-02-18 12:43:00,AMBER_BUILDING,55.44573784380422,0.667710953656322,0,0.43420102245108966,0.4282554531407,1977863.0799999998,1778888.578444153,10.0
2026-02-18 13:12:00,AMBER_BUILDING,50.41973565024308,0.5777191389565588,0,0.2836686960415469,0.44237341157343013,1766611.4500000002,1725767.8717629241,5.0
2026-02-18 16:07:00,AMBER_BUILDING,53.5419199009801,1.5445819062728727,1,-14.939820542404012,0.6847353457934651,0.0,865007.1107379002,0.0
2026-02-18 16:08:00,AMBER_BUILDING,72.57738572747957,1.595193526582552,1,-2.957577024254876,0.5836877093501484,50417.16,865007.1107379002,2.0
2026-02-18 16:20:00,AMBER_BUILDING,72.77245903008169,0.9293270545163372,0,0.7571844353340073,0.44468514433542183,1670348.7799999998,967470.2339217338,8.0
2026-02-18 16:21:00,AMBER_BUILDING,67.88722033983066,0.930259813299273,0,-0.9287676019753248,0.48835717490232383,372614.30000000005,967470.2339217338,2.0
2026-02-18 16:22:00,AMBER_BUILDING,67.17734646296132,0.9929315678670619,0,-1.775780242951227,0.5124785592660945,170320.2,967470.2339217338,3.0
2026-02-18 16:23:00,AMBER_BUILDING,67.68154251270056,0.9516400852027994,0,-0.3988430255877493,0.4576718096642151,594455.76,967470.2339217338,4.0
2026-02-18 16:24:00,AMBER_BUILDING,66.41133536158743,0.8613765816986821,0,0.32839922281054534,0.4493583527173263,1147893.58,967470.2339217338,6.0
2026-02-18 16:25:00,AMBER_BUILDING,61.54673869204768,0.7880512344208134,0,0.18963619914700924,0.45267484268923797,1021094.8,967470.2339217338,7.0
2026-02-18 16:26:00,AMBER_BUILDING,56.677884693664346,0.7003765057881312,0,0.4605214342012119,0.4489113317034303,1303846.6300000001,967470.2339217338,6.0
2026-02-18 16:27:00,AMBER_BUILDING,54.3266418372443,0.738863050569309,0,-1.2286328262358144,0.48705409933287874,307702.06,967470.2339217338,5.0
2026-02-18 16:28:00,AMBER_BUILDING,51.39542092816934,0.6324049237831216,0,0.7878521543046876,0.4500490636575911,1756096.3199999998,965348.9471738288,8.0
2026-02-19 06:32:00,AMBER_BUILDING,51.3644042649023,0.6233095868202909,0,0.7730819292994167,0.46261642992428975,698103.6499999999,351250.09725640115,3.0
2026-02-19 06:33:00,AMBER_BUILDING,53.535657257806584,0.0008013002624989919,1,-12.614814844240932,0.6570358025921991,0.0,364492.61036435206,0.0
2026-02-19 06:34:00,AMBER_BUILDING,50.45194488825957,0.004494076005157348,0,0.18505059860558226,0.487989960961229,383075.04000000004,351250.09725640115,3.0
2026-02-19 12:42:00,AMBER_BUILDING,51.42307156972424,0.5136467540001155,0,1.3428133058810623,0.4845157062433884,3201957.91,1730855.0053439836,11.0
2026-02-19 12:43:00,AMBER_BUILDING,52.269652683149,0.5348525723924763,0,-1.0476160628996103,0.431842555282292,926373.46,1730855.0053439836,7.0
2026-02-19 16:30:00,AMBER_BUILDING,54.572872083140076,0.5448036201693757,2,-5.477310736109553,0.5970292187847033,36281.79,1367959.1006159442,1.0
2026-02-20 15:45:00,AMBER_BUILDING,54.74222634752465,1.041402314711166,1,-18.31406409484969,0.6821658783497867,0.0,797760.0198487022,0.0
2026-02-20 15:46:00,AMBER_BUILDING,60.186338913693646,0.978230314089333,0,-1.1083493584622504,0.5314491531413851,390971.98,797760.0198487022,4.0
2026-02-20 15:47:00,AMBER_BUILDING,70.66233021279221,0.8873540618509504,0,0.026616265567887695,0.4317322723271775,936353.8300000001,797760.0198487022,6.0
2026-02-20 15:48:00,AMBER_BUILDING,63.0708552279821,0.7910522337983391,0,0.22755304249926936,0.4535974551177433,1107190.75,806933.1510225289,8.0
2026-02-20 15:49:00,AMBER_BUILDING,57.433789916228584,0.7175668255988543,0,-0.031675527019586217,0.4460212000404536,919270.87,810933.4942164677,4.0
2026-02-20 15:50:00,AMBER_BUILDING,53.6200746390606,0.689008723860161,0,-0.6786403417852581,0.4623112797172036,568934.9700000001,810933.4942164677,5.0
2026-02-20 15:51:00,AMBER_BUILDING,51.70913118751276,0.6941620794554387,0,-1.1866406542034245,0.46997670336357494,384456.69,806933.1510225289,6.0
2026-02-20 15:53:00,AMBER_BUILDING,52.11260937164817,0.7293216616138455,0,-2.428191703228208,0.5406385835350723,161800.92,797760.0198487022,1.0
2026-02-20 15:54:00,AMBER_BUILDING,53.005753519586015,0.7365439227050192,0,-1.2701169155471772,0.4777585397004893,349644.47,786822.7715543481,3.0
2026-02-20 15:55:00,AMBER_BUILDING,52.852841412054126,0.6182280030288837,0,0.8184012143618922,0.46581089435154854,1617891.02,772238.9590560338,6.0
2026-02-20 15:58:00,AMBER_BUILDING,59.38064425063326,1.5797249592486446,1,-18.052494961632444,0.6823688212389268,0.0,786822.7715543481,0.0
2026-02-20 15:59:00,AMBER_BUILDING,71.51429530597416,1.348537564953284,0,0.7621567918664431,0.5413132406917218,1618432.8900000001,786822.7715543481,6.0
2026-02-20 16:02:00,AMBER_BUILDING,75.30892299122972,0.9645652854956334,0,0.8166158008820542,0.45432139199657495,1959412.5099999998,891306.0722312748,5.0
2026-02-20 16:03:00,AMBER_BUILDING,68.99690136859466,0.8780111888655432,0,-0.033731503458334124,0.47021813947883045,1021402.6499999999,901305.5212420613,4.0
2026-02-20 16:04:00,AMBER_BUILDING,61.162210546081326,0.7336920692818137,0,1.077589287774295,0.4668676298388303,2472246.1500000004,913948.9975912853,8.0
2026-02-20 16:05:00,AMBER_BUILDING,54.574451681002806,0.6342630008240397,0,0.49836237093930147,0.4529357127506882,1578509.13,913948.9975912853,6.0
2026-02-23 06:32:00,AMBER_BUILDING,59.576774687109015,0.9711733397754453,2,-12.83257338379448,0.655660668973852,0.0,379782.79786319775,0.0
2026-02-23 06:33:00,AMBER_BUILDING,60.489897618126406,0.8378631470881145,0,0.966461900074808,0.49508811382105183,1023589.54,372524.75547134364,3.0
2026-02-23 06:34:00,AMBER_BUILDING,63.91212280784526,0.6918168617429784,0,1.6806731208976131,0.4848552031575612,2180082.6,379782.79786319775,3.0
2026-02-23 06:35:00,AMBER_BUILDING,55.07783049797084,0.6115283736969045,0,0.49650890032216277,0.46794273017433274,659360.65,379782.79786319775,3.0
2026-02-23 06:41:00,AMBER_BUILDING,53.635402834302965,0.9753370665488025,1,-13.118894219901804,0.6543611654734985,0.0,385695.6765668218,0.0
2026-02-23 06:42:00,AMBER_BUILDING,59.66621127797122,0.8965958535538561,0,-0.22883859358162068,0.4827367786513647,314456.39,383871.502028922,2.0
2026-02-23 06:43:00,AMBER_BUILDING,63.93966377998333,0.7728758713583678,0,1.1084430684789486,0.42530891939083154,1138469.93,383009.1093263828,5.0
2026-02-23 06:44:00,AMBER_BUILDING,55.522861027233354,0.6993272892434865,0,0.2270784169669446,0.42477883926162124,488823.3,383009.1093263828,4.0
2026-02-23 06:45:00,AMBER_BUILDING,50.78817722245052,0.6321289799583912,0,0.2180897596735346,0.4186600020004412,901873.62,707307.772559762,4.0
2026-02-23 14:58:00,AMBER_BUILDING,51.15743399944264,0.33756611497922395,1,-3.111516516501674,0.49060157902303153,244901.09,1299355.3791115913,3.0
2026-02-24 06:51:00,AMBER_BUILDING,50.822359800692276,0.6602855166718467,0,-0.41597526810884733,0.46018478221825165,470306.11,725324.8646764968,5.0
2026-02-24 06:52:00,AMBER_BUILDING,52.252010831984755,0.6073455461988552,1,0.0028373899084391217,0.45673962221921754,727471.46,725324.8646764968,1.0
2026-02-24 07:04:00,AMBER_BUILDING,50.785774725023934,0.6734144396643758,1,-1.876569440355879,0.5031840260559594,154330.47,749207.3504531898,1.0
2026-02-24 07:06:00,AMBER_BUILDING,50.450370493827414,0.6753118751421455,1,-1.3163580877858527,0.4577581252834555,224232.61,725519.2855759679,3.0
2026-02-24 07:07:00,AMBER_BUILDING,51.39102293274459,0.7149584969371489,1,-1.9706773251097967,0.5047025233536954,116753.39,704266.2688017498,1.0
2026-02-24 07:08:00,AMBER_BUILDING,56.184466513421164,0.8031042400000187,1,-2.9846531517001873,0.5368771134835119,40286.94,690807.1141551733,1.0
2026-02-24 07:09:00,AMBER_BUILDING,57.70821865923765,0.7564602488412419,1,-0.3715842097250139,0.4308434808840041,479973.64,685875.1848255226,3.0
2026-02-24 07:10:00,AMBER_BUILDING,56.87293332361568,0.7163694138737906,1,-0.4191325557025468,0.4461786576014894,460181.86,685875.1848255226,4.0
2026-02-24 07:11:00,AMBER_BUILDING,51.7337681298614,0.6477153461841432,0,0.2388764434320836,0.43709590679827254,852540.87,685875.1848255226,7.0
2026-02-24 09:48:00,AMBER_BUILDING,50.05758034300413,0.5374929132439586,0,-2.877289449275593,0.5269625927923187,520615.87,2794136.4164187373,5.0
2026-02-24 10:26:00,AMBER_BUILDING,52.10722532368411,0.790583259144889,0,-2.76092448288863,0.4916093264226201,343465.1,2059085.524007454,4.0
2026-02-24 10:27:00,AMBER_BUILDING,53.344833636335316,0.7163695490863611,0,0.678305908976568,0.4439549879115487,2243495.27,2044581.6245083266,15.0
2026-02-24 10:28:00,AMBER_BUILDING,52.932582292516145,0.5983989206388997,0,1.4944707761036677,0.4151087869433173,3565234.6500000004,2044581.6245083266,11.0
2026-02-24 11:42:00,AMBER_BUILDING,58.61988499889393,1.334523046978343,2,-16.401099145079826,0.6864401100843875,0.0,1240130.261053884,0.0
2026-02-24 11:43:00,AMBER_BUILDING,69.83885012580627,1.1801924954331173,0,0.5631007848354084,0.5175604430469922,1332706.46,1237776.183859854,7.0
2026-02-24 11:45:00,AMBER_BUILDING,76.37541377073482,0.918011488763432,0,1.8564657079067486,0.5424944199425203,4650432.98,1518227.2463515517,4.0
2026-02-24 11:46:00,AMBER_BUILDING,71.90673164553631,0.977267443867213,0,-1.657588345419694,0.5503975397981284,268925.7,1518227.2463515517,3.0
2026-02-24 11:47:00,AMBER_BUILDING,67.56289157880424,0.9131274341642054,0,0.24503149788356057,0.4651593367367602,1236428.85,1493880.6371448215,5.0
2026-02-24 11:48:00,AMBER_BUILDING,66.7151217308158,0.9131104765920851,0,-0.7008310999431768,0.4862275252507974,575999.99,1493880.6371448215,5.0
2026-02-24 11:50:00,AMBER_BUILDING,59.518364048612455,0.7449954000477997,0,0.8656216115755836,0.4761841206633587,2056313.4200000002,1487318.0351133966,10.0
2026-02-24 11:51:00,AMBER_BUILDING,56.20288147552594,0.7494155326609135,0,-0.5572352165665027,0.49133373774181194,645053.9,1487318.0351133966,5.0
2026-02-24 11:52:00,AMBER_BUILDING,52.64866098687898,0.6758890293549688,0,0.6804543691214354,0.47237910281479,1774530.04,1487318.0351133966,7.0
2026-02-24 11:53:00,AMBER_BUILDING,55.955636987952936,0.8132262376927468,0,-2.5830641963438716,0.5775017825285388,124319.73000000001,1487318.0351133966,2.0
2026-02-24 11:54:00,AMBER_BUILDING,55.07375938251223,0.721530929304315,0,0.8777347590430288,0.48998644114654083,2012282.7000000002,1436754.2145840449,8.0
2026-02-24 11:55:00,AMBER_BUILDING,55.24685233130597,0.6877221916025502,0,0.08472641098285336,0.4692938445789692,1089071.37,1487318.0351133966,5.0
2026-02-24 11:56:00,AMBER_BUILDING,51.370005787838885,0.7007392115319069,0,-0.6163411464090467,0.48034535307052423,592796.03,1436754.2145840449,6.0
2026-02-24 11:57:00,AMBER_BUILDING,52.836327183184686,0.7645139905816799,0,-1.44807626779681,0.5245315374968124,301049.04,1436754.2145840449,3.0
2026-02-24 11:58:00,AMBER_BUILDING,54.38732445835521,0.7476509086229838,0,-0.24815517009774749,0.4752377436057014,803326.6699999999,1436754.2145840449,6.0
2026-02-24 11:59:00,AMBER_BUILDING,53.529826057664536,0.6688224975362557,0,0.7691378488862628,0.4704741343868498,1793041.2999999998,1396533.221077373,8.0
2026-02-24 12:00:00,AMBER_BUILDING,51.040383243539985,0.6546629520783582,0,-0.16513299394185083,0.4980760760623895,876666.5,1404619.518270187,4.0
2026-02-24 14:15:00,AMBER_BUILDING,59.955999684073504,1.7417532753467595,2,-20.497267643627513,0.6845602785233633,0.0,1698967.6167051962,0.0
2026-02-24 14:16:00,AMBER_BUILDING,77.59946782812496,1.599753090710806,1,-0.8071970274942771,0.527365699055757,733113.6799999999,1685992.5992861271,7.0
2026-02-24 14:24:00,AMBER_BUILDING,75.37579826073085,0.8959964811640841,0,2.643118912369395,0.5753294652781961,8576146.870000001,1673434.233476851,9.0
2026-02-24 14:25:00,AMBER_BUILDING,69.63915261142354,0.8743776038418318,0,-0.502406614978412,0.48101765147434655,910871.66,1685992.5992861271,7.0
2026-02-24 14:26:00,AMBER_BUILDING,63.46531698637522,0.8496150242702266,0,-0.4099121912328768,0.4598239004534407,966135.4800000001,1673434.233476851,7.0
2026-02-24 14:27:00,AMBER_BUILDING,70.445464996323,1.9532164167302362,1,-19.78778972714402,0.6962624840327309,0.0,1660493.672821395,0.0
2026-02-24 14:28:00,RED_EARLY_WARNING,78.24369479144958,1.8171272321367329,0,-1.2428394729634336,0.5767655716841344,511383.42,1608108.1605990184,3.0
2026-02-24 14:37:00,AMBER_BUILDING,74.38731327671513,0.9378451478285024,0,1.0989888616408519,0.48242308226239217,2184289.06,1416911.398771588,10.0
2026-02-24 14:38:00,AMBER_BUILDING,67.43649924127728,0.8631011013126912,0,0.3736215298634402,0.4912316237538271,1412108.3,1416911.398771588,4.0
2026-02-24 14:39:00,AMBER_BUILDING,65.73466182847324,0.9341845521608119,0,-2.133873392760395,0.5233099240997274,312076.35,1413827.2887204324,4.0
2026-02-24 14:40:00,AMBER_BUILDING,63.20764789210017,0.7925835455905441,0,1.5805876832617518,0.5012977318473333,2970264.5,1407933.498747714,10.0
2026-02-24 14:41:00,AMBER_BUILDING,59.35549630790183,0.6178793212828982,0,2.3586708837103054,0.5265077366732407,5067158.26,1413827.2887204324,8.0
2026-02-24 14:42:00,AMBER_BUILDING,52.69404748142838,0.6155743413864765,0,-0.47547491278856124,0.47512486526118736,823509.85,1416911.398771588,6.0
2026-02-24 14:43:00,AMBER_BUILDING,51.634875967761474,0.7091229942854471,0,-2.1894494910835194,0.5061363892922989,260518.7,1413827.2887204324,4.0
2026-02-24 14:44:00,AMBER_BUILDING,51.76686403708262,0.6367897884954001,0,0.6566311024004089,0.5131646000302063,1696379.45,1407933.498747714,4.0
2026-02-24 14:45:00,AMBER_BUILDING,55.26371144026797,0.755573307601807,0,-2.660042764571118,0.5173371035955714,183229.17,1262602.9208555785,3.0
2026-02-24 14:46:00,AMBER_BUILDING,52.813808030263495,0.6480210297638485,0,1.1950286917949096,0.4698829807245009,2145606.09,1262602.9208555785,10.0
2026-02-24 14:47:00,AMBER_BUILDING,52.26161665307308,0.4785369166920438,0,2.4409952282362,0.5159218056133024,5034804.17,1275905.2696701693,11.0
2026-02-24 15:45:00,AMBER_BUILDING,50.81440456862037,0.5714514734838895,0,0.7463354570975798,0.44573202439876186,1055089.1199999999,797760.0198487022,3.0
2026-02-24 16:20:00,AMBER_BUILDING,52.58883346621794,0.378672622417854,1,1.9370757273452819,0.5403822569690683,3620813.9499999997,1031959.1433767964,2.0
2026-02-24 17:26:00,AMBER_BUILDING,53.2286071992069,0.633435921639648,0,0.3305359691745276,0.47362716900426544,2014913.81,2222924.057841543,17.0
2026-02-24 17:29:00,AMBER_BUILDING,50.22846756643421,0.6714001485767813,0,0.5965417545309712,0.45795813871066005,2386942.08,2210136.131341485,15.0
2026-02-24 17:30:00,AMBER_BUILDING,50.33117454530859,0.5371528245795248,0,1.896420944705093,0.4328283451314254,3746587.53,1837996.3311896531,11.0
2026-02-24 17:42:00,AMBER_BUILDING,50.636022140852994,0.6875685997748928,0,-1.169932109992566,0.4372684072122485,781210.37,1837996.3311896531,7.0
2026-02-25 06:31:00,AMBER_BUILDING,55.49917145124556,1.1422998060278122,0,0.7852180017007332,0.4983703282623303,652073.3700000001,383871.502028922,4.0
2026-02-25 06:32:00,RED_EARLY_WARNING,79.75040915805924,0.994004007609219,0,-0.9819298694729338,0.5316422500806216,90498.0,385695.6765668218,1.0
2026-02-25 06:33:00,AMBER_BUILDING,74.0539253537032,0.921959545635569,0,0.4956801916011517,0.4970632953808496,468262.13,383871.502028922,4.0
2026-02-25 06:34:00,AMBER_BUILDING,68.46675973528359,0.8711063135067426,0,0.8418382452545123,0.4815175942688314,684583.51,383871.502028922,4.0
2026-02-25 06:35:00,AMBER_BUILDING,64.59332205356982,0.8172744585446883,0,0.6711556963521007,0.45833887123971756,573039.44,383871.502028922,4.0
2026-02-25 06:36:00,AMBER_BUILDING,61.561588472564445,0.774889211081078,0,0.8390307696132986,0.4874492555816291,683945.63,385695.6765668218,4.0
2026-02-25 06:37:00,AMBER_BUILDING,60.037576706448384,0.1921521915332414,1,-11.576394968931366,0.6598727197958938,0.0,394047.53492377914,0.0
2026-02-25 06:38:00,AMBER_BUILDING,54.03163046763467,0.22360948935124336,0,1.4127063011998204,0.5171882221948927,1304225.85,385695.6765668218,4.0
2026-02-25 10:25:00,AMBER_BUILDING,50.08695924264091,0.6808296838250139,1,0.6003753840424764,0.4816907867123185,4490955.7,2188262.020909044,15.0
2026-02-25 10:26:00,AMBER_BUILDING,52.14433476290704,0.690663309079613,1,0.7938821908331565,0.5670401407970193,5070067.28,2198256.8565795086,25.0
2026-02-25 10:27:00,AMBER_BUILDING,51.10271859798027,0.6765683406594214,1,0.30555261877757384,0.4920797335428458,3797486.21,2206471.8716836316,19.0
2026-02-25 10:28:00,AMBER_BUILDING,50.63498077647707,0.6596445704377466,1,0.21975210140805693,0.47198750919032695,3686863.83,2206471.8716836316,18.0
2026-02-25 10:30:00,AMBER_BUILDING,50.25933504523806,0.7034932821680393,0,2.0405810250213174,0.6281280897896907,9239803.92,1981492.3132956752,30.0
2026-02-25 10:31:00,AMBER_BUILDING,50.76727436926314,0.6972584099455004,0,0.46137226064927944,0.5196834008140803,3651797.76,1981492.3132956752,20.0
2026-02-25 10:32:00,AMBER_BUILDING,52.597251834406386,0.7069762342005208,0,0.771262448648459,0.5234360887559188,4532657.23,2027190.5977963402,21.0
2026-02-25 10:33:00,AMBER_BUILDING,50.10447723453274,0.6458962157173643,0,-0.6731803216185308,0.46514967346803476,1905602.92,2027190.5977963402,11.0
2026-02-26 06:32:00,AMBER_BUILDING,62.576170206475915,0.7903558047899242,1,0.256111745273351,0.50219017105727,975246.6,419698.4186018696,6.0
2026-02-26 06:33:00,AMBER_BUILDING,58.774473521352945,0.7028310771912363,1,-1.4221443029080387,0.5073072471833011,237346.38,419698.4186018696,2.0
2026-02-26 06:34:00,AMBER_BUILDING,54.400546575660634,0.5957877379072939,1,-2.1444944386875364,0.5007166934469955,125378.02,411461.04726977606,3.0
2026-02-26 06:35:00,AMBER_BUILDING,50.062795450815635,0.5789550774422633,1,0.1236039843235727,0.49376027944969775,857529.79,411461.04726977606,7.0
2026-02-26 09:43:00,AMBER_BUILDING,50.36904314160887,0.6922602806532093,0,2.482096031717125,0.5782559143285627,10624132.43,2792210.7367374124,22.0
2026-02-26 09:44:00,AMBER_BUILDING,53.044722436012336,0.7054086352520488,0,1.2096490002775135,0.595026310877326,6204938.11,2792210.7367374124,31.0
2026-02-26 09:45:00,AMBER_BUILDING,52.86714639126519,0.6881739646942066,0,0.39139396541052074,0.5001402129364747,4748486.07,2993849.842266858,21.0
2026-02-26 09:46:00,AMBER_BUILDING,50.72357497808144,0.6759590039503343,0,0.4881815948126331,0.5083912559824438,5024326.9399999995,3029685.7373602195,21.0
2026-02-26 10:08:00,AMBER_BUILDING,52.067264268018555,0.6695218231783726,0,2.224241853814857,0.6171675118691408,10638112.63,2734555.0222956557,28.0
2026-02-26 10:10:00,AMBER_BUILDING,50.96191448541801,0.6923761743180421,0,0.2175583217397394,0.46248923534431896,4394427.02,2769065.985614134,18.0
2026-02-26 10:11:00,AMBER_BUILDING,51.11660029440397,0.7550890251988975,0,0.9852973296706599,0.5044683561446757,6178215.3,2769065.985614134,21.0
2026-02-26 10:12:00,AMBER_BUILDING,56.603636921812814,0.8706810523030094,0,2.252673948801882,0.5384848227435897,11017003.08,2795507.6091328193,17.0
2026-02-26 10:13:00,AMBER_BUILDING,59.811794310581284,0.8482780305817303,0,0.21780114829369648,0.4815146692329522,4531513.3,2833761.1464757686,19.0
2026-02-26 10:14:00,AMBER_BUILDING,63.03179820927059,0.8966935618229259,0,0.5916587041106643,0.5184767898028294,5436519.98,2882301.408288825,21.0
2026-02-26 10:15:00,AMBER_BUILDING,61.18942297873588,0.8646766020343648,0,-0.1150185098449295,0.4985353674868861,3168365.66,2252498.2359193014,21.0
2026-02-26 10:16:00,AMBER_BUILDING,60.39352350608228,0.8255361498379987,0,-0.21169377856160732,0.4408114292653077,3010039.5,2252498.2359193014,14.0
2026-02-26 10:17:00,AMBER_BUILDING,57.75338528291783,0.8015559206074432,0,0.054802694628785,0.43350821878515716,3397098.52,2263579.667808306,13.0
2026-02-26 10:18:00,AMBER_BUILDING,59.12031483501835,0.8604319934735198,0,1.837913876334023,0.5718265977167086,7454732.0,2263579.667808306,26.0
2026-02-26 10:19:00,AMBER_BUILDING,60.80704283485111,0.8618661328740349,0,0.5589066376676766,0.5405560216280331,4287938.18,2263579.667808306,23.0
2026-02-26 10:20:00,AMBER_BUILDING,62.341257437664524,0.8704087046561572,0,0.8045941864624191,0.4871301249826138,4984141.630000001,2263579.667808306,19.0
2026-02-26 10:21:00,AMBER_BUILDING,60.186447673194124,0.8231842971858917,0,-0.40810219299963396,0.5198117073197045,2894272.79,2303201.719931948,22.0
2026-02-26 10:22:00,AMBER_BUILDING,57.49647137505088,0.753863673126546,0,-0.9705734957054746,0.4507710321060685,2274635.05,2356290.9412259394,16.0
2026-02-26 10:23:00,AMBER_BUILDING,54.495693374479465,0.7239732031078131,0,-0.2302237173215152,0.46676105749668434,3212882.34,2356290.9412259394,19.0
2026-02-26 10:24:00,AMBER_BUILDING,53.52234457391635,0.7369940069840981,0,0.6451644366484527,0.5468670347460987,4943012.37,2400649.8984527565,24.0
2026-02-26 10:25:00,AMBER_BUILDING,53.1658879018327,0.744223718177051,0,0.5429335591367045,0.5159458156355399,4930774.66,2400649.8984527565,22.0
2026-02-26 10:26:00,AMBER_BUILDING,55.24954014140178,0.7865985824247267,0,1.3178132096743103,0.5692503807656106,7441532.08,2400649.8984527565,25.0
2026-02-26 10:27:00,AMBER_BUILDING,55.67894185038458,0.7888545606554177,0,0.4108349502294497,0.5525576574982127,4735850.17,2400649.8984527565,25.0
2026-02-26 10:28:00,AMBER_BUILDING,55.81873776910342,0.7289496578083591,0,-0.841000946724173,0.4490937786734254,2564688.42,2475145.176629663,13.0
2026-02-26 10:29:00,AMBER_BUILDING,52.90489617792326,0.6985541369193381,0,-0.3050184498940859,0.4587308970735395,3402036.93,2475145.176629663,17.0
2026-02-26 10:30:00,AMBER_BUILDING,55.28486895802367,0.8063728024252046,0,2.626263765755399,0.5823361219812208,8573168.81,2049742.298447863,23.0
2026-02-26 10:31:00,AMBER_BUILDING,56.671482018495446,0.783063297569638,0,-0.018544335141211704,0.5363042021302091,2970751.85,2049742.298447863,22.0
2026-02-26 10:32:00,AMBER_BUILDING,60.97208127513884,0.8435809647438086,0,1.7349388961744985,0.5244077794921026,6137344.85,2049742.298447863,17.0
2026-02-26 10:33:00,AMBER_BUILDING,60.97466119293701,0.8793304535627668,0,1.29510874762734,0.5210334867273931,5279971.87,2075605.057911049,19.0
2026-02-26 10:34:00,AMBER_BUILDING,61.67538389212206,0.8231233831637935,0,-0.6014257604740939,0.49440230893566034,2362786.53,2075605.057911049,18.0
2026-02-26 10:35:00,AMBER_BUILDING,59.85247048223503,0.8191171849036121,0,0.4174994111247561,0.4534030757044524,3686818.63,2098532.4280508403,16.0
2026-02-26 10:36:00,AMBER_BUILDING,57.565085578939915,0.8085562362166039,0,0.26889015977328373,0.47011647686751656,3522942.42,2125772.2653448447,18.0
2026-02-26 10:37:00,AMBER_BUILDING,61.512274486044,0.9372266626975061,0,2.7925096172397996,0.5486482798000704,10335229.71,2125772.2653448447,15.0
2026-02-26 10:38:00,AMBER_BUILDING,67.16548464341612,1.007206990656731,0,2.140091080587898,0.5552992291861164,7976234.68,2160312.049772542,19.0
2026-02-26 10:39:00,AMBER_BUILDING,69.74880101461109,0.9026617775297209,0,-1.4323423273451459,0.43825898096702814,1769278.29,2191659.471180251,11.0
2026-02-26 10:40:00,AMBER_BUILDING,69.54627235389489,0.964205086647051,0,1.8639009855200641,0.5817261536088789,7342407.71,2191659.471180251,23.0
2026-02-26 10:41:00,AMBER_BUILDING,65.49561267709625,0.8451998364482362,0,-1.7539280963412343,0.4516806280584931,1490935.2600000002,2191659.471180251,13.0
2026-02-26 10:42:00,AMBER_BUILDING,63.10378474420626,0.8282352456697324,0,0.13529023537064594,0.4448590195564336,3501574.1500000004,2191659.471180251,16.0
2026-02-26 10:43:00,AMBER_BUILDING,58.25940175695778,0.7907128466594179,0,-0.31540574239444125,0.5092848554034848,2889560.0300000003,2191659.471180251,21.0
2026-02-26 10:44:00,AMBER_BUILDING,55.07305870065475,0.7183845294561638,0,-1.1035009817551074,0.454396477327688,2008145.69,2191659.471180251,15.0
2026-02-26 10:45:00,AMBER_BUILDING,52.77315723037032,0.7146424710139607,0,0.20868064586592108,0.44300014109446717,2801721.23,1723687.5690159465,15.0
2026-02-26 10:46:00,AMBER_BUILDING,51.73302567630015,0.7332801808264551,0,0.6612649510890922,0.5692072330747634,3443059.3200000003,1728963.7760750686,27.0
2026-02-26 10:47:00,AMBER_BUILDING,53.8113257051684,0.7935076756687862,0,1.555375807211726,0.48710888977823164,5147530.26,1737905.1184242798,14.0
2026-02-26 10:48:00,AMBER_BUILDING,57.68987825539127,0.8474309800109605,0,1.5226590533165232,0.49905602917897424,5131357.97,1756390.1285015864,17.0
2026-02-26 10:49:00,AMBER_BUILDING,59.99846889517019,0.8578363944246211,0,0.7066510583219222,0.49642334864725307,3624204.0,1756390.1285015864,18.0
2026-02-26 10:50:00,AMBER_BUILDING,60.12648815744591,0.8426524251409631,0,0.17955010666241117,0.4524305559539971,2905521.8200000003,1756390.1285015864,15.0
2026-02-26 10:51:00,AMBER_BUILDING,59.05865729232492,0.8340983765482235,0,0.28235724746467544,0.434754652542996,3077538.56,1756390.1285015864,10.0
2026-02-26 10:52:00,AMBER_BUILDING,57.26062462530174,0.7759907798173168,0,-0.7719357306570119,0.44484792342961815,1928016.5700000003,1773691.3900943205,14.0
2026-02-26 10:53:00,AMBER_BUILDING,56.37587316884231,0.7739761147550043,0,0.3102270298779446,0.4590519706893739,3152845.41,1773691.3900943205,14.0
2026-02-26 10:54:00,AMBER_BUILDING,55.2668200940571,0.7696649133487776,0,0.25829481125387216,0.5534669710186496,3107416.78,1779789.2646734251,23.0
2026-02-26 10:55:00,AMBER_BUILDING,55.85746367288573,0.7937039137214262,0,0.8471859660790312,0.48744714626954727,4076258.84,1780490.9747883475,17.0
2026-02-26 10:56:00,AMBER_BUILDING,57.80385537284431,0.8506825204094943,0,1.570866750967679,0.48989270644222926,5832473.619999999,1780490.9747883475,11.0
2026-02-26 10:57:00,AMBER_BUILDING,58.95229179593616,0.8135477735737233,0,-0.31428307093424446,0.4682612556651798,2433934.64,1780490.9747883475,14.0
2026-02-26 10:58:00,AMBER_BUILDING,60.71985612715181,0.8524459967218251,0,1.2253696635384155,0.5449413241161408,4993850.57,1792281.5413689807,21.0
2026-02-26 10:59:00,AMBER_BUILDING,59.41414221929141,0.8006702207718998,0,-0.6241425477551859,0.4850358053120145,2136224.34,1809264.6925049517,16.0
2026-02-26 11:00:00,AMBER_BUILDING,59.021193573735154,0.8097999804478216,0,0.5608428581517293,0.5224265900734172,4208513.03,1732649.7229692813,18.0
2026-02-26 11:01:00,AMBER_BUILDING,58.22597194059369,0.6490109946081338,0,-3.047177914642821,0.48202543169002454,536722.3200000001,1746530.700349354,5.0
2026-02-26 11:02:00,AMBER_BUILDING,54.65043148886425,0.661227804648038,0,0.36646870082979155,0.46029975712019383,3860380.3899999997,1746530.700349354,12.0
2026-02-26 11:03:00,AMBER_BUILDING,52.50801909801433,0.6982630492350813,0,0.9120029687719272,0.5125964434810595,5275560.140000001,1746530.700349354,17.0
2026-02-26 11:05:00,AMBER_BUILDING,50.345574644435665,0.6778960595682946,0,-0.3880806268126445,0.5231277226309456,2571324.38,1746530.700349354,18.0
2026-02-26 11:06:00,AMBER_BUILDING,51.07020814668852,0.7196303582749084,0,1.0425811310115802,0.5568641111189176,5727403.43,1763056.5579979606,19.0
2026-02-26 11:07:00,AMBER_BUILDING,51.91695753816298,0.723276687646792,0,0.30243250520722015,0.4983422688440905,3795112.48,1763056.5579979606,16.0
2026-02-26 11:08:00,AMBER_BUILDING,52.66049332459153,0.7224748132861074,0,0.21095894065881446,0.45433353139568905,3592564.5599999996,1763056.5579979606,12.0
2026-02-26 11:09:00,AMBER_BUILDING,51.12183226084465,0.6104404816678528,0,-2.233642691910504,0.4399236082839932,917040.8899999999,1807461.5008178623,7.0
2026-02-26 11:19:00,AMBER_BUILDING,50.67399286156515,0.7239638868016446,0,1.4212182416502455,0.48954604706912447,5246934.33,1312341.021072337,15.0
2026-02-26 11:20:00,AMBER_BUILDING,51.26491577578298,0.685672174591324,0,-0.6828445369556602,0.43404974628144977,1658009.2000000002,1312341.021072337,9.0
2026-02-26 11:21:00,AMBER_BUILDING,50.19670670550633,0.5879484877726239,0,-2.0190615248412076,0.43035768645631045,787081.85,1316842.0558543536,7.0
2026-02-26 12:18:00,AMBER_BUILDING,53.62003953019363,0.6907127155368225,0,0.13908005370242818,0.44675768066744737,3122500.68,1692329.5969352042,11.0
2026-02-26 12:19:00,AMBER_BUILDING,50.23994034596726,0.7009688591277472,0,0.2641144297811099,0.4708440520943383,3441548.87,1702283.3241748363,16.0
2026-02-26 12:20:00,AMBER_BUILDING,51.243931501226406,0.7252194669839394,0,0.589656288619985,0.47831317152666825,4130135.59,1743002.4566829854,12.0
2026-02-26 12:21:00,AMBER_BUILDING,52.36879463587979,0.744189695037443,0,0.511829053130372,0.4562807882213468,4093850.64,1774105.102581482,11.0
2026-02-26 12:22:00,AMBER_BUILDING,55.03577687941805,0.7809665660205393,0,0.939755397376197,0.5557658398641898,5157574.43,1794774.5954430655,19.0
2026-02-26 12:23:00,AMBER_BUILDING,56.15455316546073,0.776670859205646,1,0.0789872867082321,0.4972676495386693,3522693.53,1811750.9141001024,17.0
2026-02-26 12:24:00,AMBER_BUILDING,56.13413133611104,0.7318334181658088,0,-0.8332364311844682,0.534005358712943,2211473.12,1815251.4942262908,19.0
2026-02-26 12:25:00,AMBER_BUILDING,53.38097153593973,0.6613987222942616,0,-1.4717860525403699,0.4235957728120225,1584604.02,1815251.4942262908,11.0
2026-02-26 12:26:00,AMBER_BUILDING,50.69918814443883,0.6495287257838347,0,-0.28313405874383635,0.47263997636800475,2843874.59,1811750.9141001024,14.0
2026-02-26 12:35:00,AMBER_BUILDING,54.27493109021901,0.7965546428077207,0,2.0733284210683136,0.5868885528940545,6356955.49,1618282.9632495537,23.0
2026-02-26 12:36:00,AMBER_BUILDING,55.23792990574815,0.7566433423712238,0,-0.6987997309614462,0.4470156476015044,2036009.5,1618282.9632495537,11.0
2026-02-26 12:37:00,AMBER_BUILDING,55.33857798212309,0.7044482931767136,0,-1.0579678935413086,0.46406483173502167,1751163.23,1618282.9632495537,14.0
2026-02-26 12:38:00,AMBER_BUILDING,50.95997342998785,0.6397956320487164,0,-1.4260262871703884,0.43268533692703903,1534357.46,1659960.386167939,11.0
2026-02-26 12:43:00,AMBER_BUILDING,51.7773365841121,0.5371627604718503,0,-3.1326179264310055,0.47482626260321215,777324.02,1698824.762640006,10.0
2026-02-26 12:44:00,AMBER_BUILDING,50.922069807589786,0.5573016280274404,0,0.2171005941547134,0.5624963541409793,3027025.25,1659960.386167939,23.0
2026-02-26 13:03:00,AMBER_BUILDING,51.234995746164834,0.6794508456295952,0,-0.9542373104131159,0.4516029985810878,2290758.51,2015102.773252928,14.0
2026-02-26 13:04:00,AMBER_BUILDING,51.762802798747124,0.6389454312279693,0,-0.9435530974007333,0.4493721993310525,2290427.09,2015102.773252928,14.0
2026-02-26 13:05:00,AMBER_BUILDING,51.44062634215131,0.46544086561216136,1,-4.045342133921509,0.46225434817724576,651153.99,2015102.773252928,9.0
2026-02-26 13:25:00,AMBER_BUILDING,54.906587169847775,0.7602228248692661,0,-0.44473008315280965,0.4695751151408247,2748111.86,1870308.2970080804,13.0
2026-02-26 13:26:00,AMBER_BUILDING,57.334305280120425,0.7611241679638139,0,0.14064489313373077,0.44690138997627726,3554077.3,1870308.2970080804,15.0
2026-02-26 13:27:00,AMBER_BUILDING,53.554705116746256,0.6837237692378025,0,-1.6950381038834383,0.4767000307023753,1570697.6300000001,1870308.2970080804,16.0
2026-02-26 13:28:00,AMBER_BUILDING,51.83544308858109,0.677168043713874,0,-0.17407447029232184,0.46222701555395324,3092526.0700000003,1870308.2970080804,15.0
2026-02-26 13:29:00,AMBER_BUILDING,51.080382009590245,0.7104798076651782,0,0.738554060232281,0.5034198946865104,4675166.71,1870308.2970080804,19.0
2026-02-26 13:30:00,AMBER_BUILDING,54.24168107722998,0.805526703347888,0,2.203000636272518,0.5306580062469346,8375800.04,1861189.3952980824,15.0
2026-02-26 13:31:00,AMBER_BUILDING,55.63025582936473,0.746688894727015,0,-1.1613258176506658,0.4548292170384973,1985731.78,1873057.478374015,13.0
2026-02-26 13:32:00,AMBER_BUILDING,55.50251555072435,0.6794070660947232,0,-1.4577762563452836,0.45707920581840944,1736149.88,1873057.478374015,14.0
2026-02-26 13:33:00,AMBER_BUILDING,50.79816970367895,0.6431008044640645,0,-0.8677415145662303,0.4418826436684921,2240523.63,1873057.478374015,13.0
2026-02-26 13:40:00,AMBER_BUILDING,50.93381082775618,0.7340317507917457,0,0.9875621145485436,0.48501333958914505,5270760.51,1929540.7880079548,17.0
2026-02-26 13:41:00,AMBER_BUILDING,52.77360913545585,0.7451750051876989,0,0.33082043539319095,0.503396446376797,3978715.46,1929540.7880079548,19.0
2026-02-26 13:42:00,AMBER_BUILDING,52.986403805520204,0.7358926448548967,0,-0.11469795759656666,0.4819667227797207,3248486.03,1929540.7880079548,18.0
2026-02-26 13:43:00,AMBER_BUILDING,51.92550685910163,0.6706914666824025,0,-1.405136784819705,0.44095886392692923,1806931.61,1929540.7880079548,11.0
2026-02-26 13:44:00,AMBER_BUILDING,50.512813960453315,0.6559515404374218,0,-0.35801095514193054,0.521586263051461,2859104.2,1909605.7614313536,20.0
2026-02-26 13:46:00,AMBER_BUILDING,57.406929229644675,0.8178948052102802,0,0.43959086777217554,0.5109218347506779,3639549.8000000003,1827277.0561919778,18.0
2026-02-26 13:47:00,AMBER_BUILDING,60.472688228125044,0.8369584899019444,0,0.6969863514450078,0.5031129246581688,4046021.2699999996,1827277.0561919778,18.0
2026-02-26 13:48:00,AMBER_BUILDING,57.44091394470539,0.7946408308331913,0,-0.6778158124085168,0.4399214590990926,2304584.63,1827277.0561919778,9.0
2026-02-26 13:49:00,AMBER_BUILDING,58.87715276737173,0.8488579867405033,0,1.4535835224455704,0.5301952381120925,5534565.52,1827277.0561919778,18.0
2026-02-26 13:50:00,AMBER_BUILDING,59.586481815062115,0.8543969964792825,0,0.4502180419264577,0.4720061192765697,3693253.4200000004,1829034.0087063059,14.0
2026-02-26 13:51:00,AMBER_BUILDING,60.25949568882644,0.805909102793421,0,-0.7876260207817953,0.4549776868023531,2216937.99,1829034.0087063059,13.0
2026-02-26 13:52:00,AMBER_BUILDING,59.76672634407064,0.8396232754824149,0,0.993475881650528,0.4909430889241296,4682460.17,1829034.0087063059,15.0
2026-02-26 13:53:00,AMBER_BUILDING,60.97046637055134,0.891515875167863,0,1.4646623947157766,0.5246938567103293,5920109.16,1831083.3217116178,17.0
2026-02-26 13:54:00,AMBER_BUILDING,62.65874102644394,0.909117985612949,0,0.7838805834410385,0.47079195933629203,4407477.37,1831083.3217116178,16.0
2026-02-26 13:55:00,AMBER_BUILDING,63.591455756791014,0.918580817279557,0,0.6129195366603708,0.467989810435685,4121244.79,1831083.3217116178,16.0
2026-02-26 13:56:00,AMBER_BUILDING,62.32108645970508,0.8262783688404127,0,-1.6724596148993627,0.4878639763908681,1516578.94,1831083.3217116178,16.0
2026-02-26 13:57:00,AMBER_BUILDING,61.02819700588929,0.8261938168792183,0,0.2493757785691976,0.4501991582924506,3548647.4,1829034.0087063059,11.0
2026-02-26 13:58:00,AMBER_BUILDING,60.0793984700907,0.8516322537220712,0,0.8181911315491317,0.5392195980256989,4634568.4799999995,1830430.4723493464,21.0
2026-02-26 13:59:00,AMBER_BUILDING,59.411382259519804,0.84010503088156,0,0.023126815421500826,0.4685791555141674,3270696.62,1846922.0159978166,16.0
2026-02-26 14:00:00,AMBER_BUILDING,58.250865140164045,0.7688897032645007,0,-1.3479806416015054,0.43627981739335153,1660247.65,1719574.6040666916,8.0
2026-02-26 14:01:00,AMBER_BUILDING,57.41221451382429,0.7978117423390597,0,0.784178378403447,0.4901338797289334,3770679.26,1719574.6040666916,14.0
2026-02-26 14:02:00,AMBER_BUILDING,55.731025307439495,0.7238705084574006,0,-1.4828416498934491,0.4652461997100215,1572843.25,1719574.6040666916,16.0
2026-02-26 14:03:00,AMBER_BUILDING,53.99132385376212,0.71403095463974,0,-0.17798802585536738,0.4331342417596075,2620244.11,1711203.9405550198,12.0
2026-02-26 14:04:00,AMBER_BUILDING,53.711112217541476,0.5821052367804959,0,-2.932508615778385,0.44243012347071925,886814.3900000001,1719574.6040666916,9.0
2026-02-26 14:05:00,AMBER_BUILDING,51.2446256756678,0.6056283363357288,0,0.32716112757373644,0.5261127871754769,3201819.45,1719574.6040666916,19.0
2026-02-26 14:13:00,AMBER_BUILDING,53.0832714247211,0.5802863625076139,1,-2.3700082315025846,0.45347068595901996,1087412.82,1735922.8383104613,6.0
2026-02-26 14:14:00,AMBER_BUILDING,52.618830427181685,0.6249979783040426,0,0.8109980265905169,0.5405250037223353,3893160.8200000003,1735922.8383104613,19.0
2026-02-26 15:01:00,AMBER_BUILDING,52.754242515219914,0.7567021843372103,0,1.0206633240092673,0.5279351696104911,4013141.82,1320710.2886316366,16.0
2026-02-26 15:02:00,AMBER_BUILDING,55.47674541034394,0.7276887257568159,0,-0.40389314946355637,0.5269219232325825,1915929.4,1325469.2267140949,16.0
2026-02-26 15:03:00,AMBER_BUILDING,55.11131393912053,0.7668096269082112,0,1.0389074608686053,0.5182505041286157,4084649.79,1331240.6408155693,13.0
2026-02-26 15:04:00,AMBER_BUILDING,54.47690405060729,0.7261147562589639,0,-0.6179521949617889,0.45789729126994233,1695020.45,1331240.6408155693,6.0
2026-02-26 15:05:00,AMBER_BUILDING,54.281533321830345,0.7293585504805383,0,0.2799528239730469,0.4733060883905714,2696807.6799999997,1331240.6408155693,12.0
2026-02-26 15:06:00,AMBER_BUILDING,54.4844026675737,0.7747523384921214,0,1.1767405291681197,0.5292633512811604,4395887.19,1331240.6408155693,14.0
2026-02-26 15:07:00,AMBER_BUILDING,55.38835892215985,0.7871183482006552,0,0.5350965385906605,0.47840397861272765,3205052.9299999997,1350707.0993709357,13.0
2026-02-26 15:08:00,AMBER_BUILDING,56.79284409904468,0.8150534383935533,0,0.8985579507616546,0.47181092918051654,4026294.04,1394474.535199582,11.0
2026-02-26 15:09:00,AMBER_BUILDING,56.55118724371272,0.7724529480547554,0,-0.5729997929267786,0.4770276928718391,1823686.83,1394474.535199582,12.0
2026-02-26 15:10:00,AMBER_BUILDING,56.08174207211096,0.6347636667579253,0,-2.705256362938958,0.4738848674790526,567316.37,1394474.535199582,5.0
2026-02-26 15:11:00,AMBER_BUILDING,51.85432909545855,0.6199091945424908,0,-0.26269638772841514,0.441878075213824,2085483.91,1350707.0993709357,8.0
2026-02-26 15:19:00,AMBER_BUILDING,51.18497811524268,0.7351058097781791,0,1.2229031357387972,0.5034385906061393,4597535.83,1159223.6865467823,14.0
2026-02-26 15:20:00,AMBER_BUILDING,51.95300593876408,0.6961833015630255,0,-0.6251423383521194,0.4416106259128126,1501218.58,1159223.6865467823,6.0
2026-02-26 15:21:00,AMBER_BUILDING,51.07366067030072,0.6751074509958693,0,-0.31252684316840484,0.4576802256629853,1811254.38,1159223.6865467823,11.0
2026-02-26 16:57:00,AMBER_BUILDING,53.08699640524237,0.6886369560636029,0,-0.2135085807214543,0.44533677441435604,3123120.48,2158182.0432839887,14.0
2026-02-26 16:58:00,AMBER_BUILDING,51.08639311297046,0.6846538495253157,0,0.07773744870187425,0.48303406237369517,3637752.3200000003,2158182.0432839887,18.0
2026-02-26 16:59:00,AMBER_BUILDING,50.31000469963144,0.7161721535892271,0,0.7527697069479066,0.5456712223168803,5266445.63,2176581.5543497987,23.0
2026-02-26 17:00:00,AMBER_BUILDING,50.534108569383704,0.6985334108744479,0,-0.13790810257041292,0.4601195614368457,3417079.79,2259790.1202229774,17.0
2026-02-26 17:01:00,AMBER_BUILDING,50.805954228559024,0.6848464821892473,0,-0.0895270521493108,0.4704470328804062,3552813.7800000003,2288409.100113211,17.0
2026-02-26 17:03:00,AMBER_BUILDING,50.032680571339405,0.6760641752152801,0,0.11469192059157282,0.5306551951193276,3948166.0599999996,2300821.2402842296,23.0
2026-02-26 17:14:00,AMBER_BUILDING,50.00138648969721,0.701358233230623,0,0.5399594687251843,0.527661333983309,5194365.55,2465610.810478029,23.0
2026-02-26 17:23:00,AMBER_BUILDING,50.26238059538173,0.7403425985286576,0,1.5332390480099447,0.5631544192693948,9030166.31,2419757.1244346052,18.0
2026-02-26 17:24:00,AMBER_BUILDING,52.542092470805244,0.7099108161956584,0,-0.32561068934442056,0.4985287829737241,3271958.44,2422658.1701062415,18.0
2026-02-26 17:25:00,AMBER_BUILDING,53.826459680886586,0.7085837940163997,0,0.20984267182049482,0.5418257719607535,4393398.13,2461894.9048545584,23.0
2026-02-26 17:26:00,AMBER_BUILDING,52.256240785104715,0.6883580757451938,0,-0.18098176150921544,0.5239463709289727,3621919.3899999997,2461894.9048545584,22.0
2026-02-26 17:27:00,AMBER_BUILDING,50.0646795261838,0.6324455868293919,0,-0.8678332841958517,0.43964720371942184,2490863.24,2515328.828046371,12.0
2026-02-26 17:32:00,AMBER_BUILDING,52.41546010410719,0.7701178649729239,0,1.7909393969768133,0.5478063560525005,5493488.96,1884036.3478075473,17.0
2026-02-26 17:33:00,AMBER_BUILDING,57.607297716372784,0.8281957651710148,0,1.4576580358838298,0.5161663837346814,4809162.130000001,1884036.3478075473,19.0
2026-02-26 17:34:00,AMBER_BUILDING,62.2617430886692,0.9132479996919678,1,2.05215615747208,0.572390591060045,6156398.14,1884036.3478075473,23.0
2026-02-26 17:35:00,AMBER_BUILDING,66.8810975167122,0.9885815067181308,1,1.9661812708449804,0.5488675832765251,6026721.0600000005,1884036.3478075473,20.0
2026-02-26 17:36:00,AMBER_BUILDING,68.45614742374788,0.9263176623973943,1,-0.5695730645942698,0.4460171567370074,2158009.65,1884036.3478075473,12.0
2026-02-26 17:37:00,AMBER_BUILDING,66.55984878836354,0.8773709062311366,0,-0.41487262038137473,0.45363816094814374,2301148.15,1884036.3478075473,14.0
2026-02-26 17:38:00,AMBER_BUILDING,63.44605168459041,0.901598545258036,0,0.9294268470345196,0.4511327918775521,3987306.33,1884036.3478075473,13.0
2026-02-26 17:39:00,AMBER_BUILDING,61.090096854242155,0.8065226063093126,0,-1.3148711311835528,0.4612539374035048,1564930.31,1887436.7041258456,15.0
2026-02-26 17:40:00,AMBER_BUILDING,59.720810087699384,0.8060549188028544,0,0.3768363183221937,0.47601230474970824,3111890.8499999996,1884036.3478075473,16.0
2026-02-26 17:41:00,AMBER_BUILDING,56.285484789792925,0.6997770740160913,0,-1.656306816848573,0.44860671426806514,1338179.0999999999,1884036.3478075473,13.0
2026-02-26 17:42:00,AMBER_BUILDING,53.22645109038091,0.6614288380526037,0,-0.4990333321343488,0.4408945863114013,2178266.88,1884036.3478075473,10.0
2026-02-26 17:43:00,AMBER_BUILDING,50.991750689110006,0.7009794194993184,0,0.9378403716985875,0.5386702853730646,4013901.2199999997,1884036.3478075473,23.0
2026-02-26 17:44:00,AMBER_BUILDING,51.19901670272771,0.7406058724863699,0,0.9935058782046283,0.44872230476276964,4122576.0700000003,1884036.3478075473,13.0
2026-02-26 17:45:00,AMBER_BUILDING,52.83243856493231,0.7328154483408177,0,0.1342318400339628,0.48895625700823026,2583472.26,1330291.5570878084,16.0
2026-02-26 17:46:00,AMBER_BUILDING,54.64693668407198,0.7785819463190441,0,1.1458309663175998,0.5487573270220266,5108059.66,1330291.5570878084,20.0
2026-02-26 17:47:00,AMBER_BUILDING,56.50457087806428,0.7991350491404831,0,0.7337336685507067,0.5532621743061645,3874718.9799999995,1330291.5570878084,20.0
2026-02-26 17:48:00,AMBER_BUILDING,58.19688768371577,0.8312745420891823,0,0.9765230136085465,0.48310093133817267,4649924.79,1338689.1146282172,14.0
2026-02-26 17:49:00,AMBER_BUILDING,57.85167575275148,0.7784358639452189,0,-0.5997873874158859,0.44093608241216264,1611070.5599999998,1345887.9872855854,10.0
2026-02-26 17:50:00,AMBER_BUILDING,56.74941266666207,0.7667637744454143,0,0.11743806401185636,0.47683968358193907,2622177.29,1348232.6057585813,15.0
2026-02-26 17:51:00,AMBER_BUILDING,55.86909846470698,0.7731554052952582,0,0.44029448505335994,0.4863454422471657,3314547.37,1361677.7647897275,13.0
2026-02-26 17:52:00,AMBER_BUILDING,54.10047252665251,0.7009878785490962,0,-1.0608065731960146,0.4272799835544136,1187129.83,1361677.7647897275,9.0
2026-02-26 17:53:00,AMBER_BUILDING,52.0788076012729,0.683701628919667,0,-0.1051802326484561,0.43578426077133564,2246289.79,1348232.6057585813,10.0
2026-02-27 06:31:00,AMBER_BUILDING,56.82447213890604,1.6922388491877507,1,0.3952637151416405,0.49610219292111507,1269961.9500000002,459697.9877201032,6.0
2026-02-27 06:40:00,AMBER_BUILDING,75.19976331920545,0.9674384496820723,1,-0.34330020276989726,0.4681162581333143,693131.3300000001,468891.63707169896,5.0
2026-02-27 06:41:00,AMBER_BUILDING,70.79647987000868,0.920743507706696,1,0.0487675209046981,0.45893312053344043,951579.99,468891.63707169896,6.0
2026-02-27 06:42:00,AMBER_BUILDING,67.41198430376755,0.868863887952397,1,-0.21595229292969184,0.4643469250693948,775776.93,468891.63707169896,3.0
2026-02-27 06:43:00,AMBER_BUILDING,64.9734273500456,0.8508808893966628,1,0.6314871686520611,0.4508928269029071,1574151.62,478867.50609552884,7.0
2026-02-27 06:44:00,AMBER_BUILDING,62.41486098209671,0.8316227763392496,1,0.5443532501484334,0.47634436466833013,1478201.5899999999,478867.50609552884,8.0
2026-02-27 06:45:00,AMBER_BUILDING,59.360369266188464,0.7289475594868655,1,-1.8875157556848057,0.47410178665125896,313933.18,748392.0410528892,5.0
2026-02-27 06:46:00,AMBER_BUILDING,54.58764404411239,0.6559851524395524,1,-1.269478504653904,0.45235516891678235,527524.6499999999,748392.0410528892,4.0
2026-02-27 06:51:00,AMBER_BUILDING,50.210198284596544,0.43532510467922947,2,-0.9443936225794591,0.4262809493081028,642203.96,724206.9754206131,4.0
2026-02-27 07:31:00,AMBER_BUILDING,53.971271472925515,0.7293128871740661,0,0.6979817158080674,0.506615658347674,4004789.2600000002,1669344.3208352716,15.0
2026-02-27 07:32:00,AMBER_BUILDING,54.30392396409794,0.6313787881252894,0,-1.8070262972844455,0.4809527163955067,909969.31,1693861.862839032,10.0
2026-02-27 10:13:00,AMBER_BUILDING,64.24343181381958,0.8441040315981563,1,-1.1817117225263603,0.4985314858729954,2895813.2199999997,3019879.7716925023,20.0
2026-02-27 10:14:00,AMBER_BUILDING,63.57050203866894,0.8392700847340526,0,-0.41964839794902314,0.5442550052483331,3957621.9299999997,3019879.7716925023,21.0
2026-02-27 10:15:00,AMBER_BUILDING,59.62138197305378,0.8026756719711245,0,-0.2483476546483845,0.5574090552534271,3786360.0599999996,2524090.6224496253,23.0
2026-02-27 10:16:00,AMBER_BUILDING,57.61805495667463,0.7396669318171025,0,-1.0216408068878,0.5318047127046784,2564975.8200000003,2524090.6224496253,19.0
2026-02-27 10:17:00,AMBER_BUILDING,54.972058825896625,0.7362747689365957,0,0.3346870323662491,0.5553238421482393,5078943.51,2536671.8722808417,23.0
2026-02-27 10:18:00,AMBER_BUILDING,55.18954861548486,0.7717212233098241,0,1.4207795528131508,0.5831235304212213,8982309.88,2547841.3070472367,22.0
2026-02-27 10:19:00,AMBER_BUILDING,55.7358242982552,0.7851284125906283,0,0.8966558459395974,0.5283184238730875,6976978.16,2557217.3381631277,17.0
2026-02-27 10:20:00,AMBER_BUILDING,56.72841777762813,0.7730792552315583,0,0.23511498856166863,0.6005974456638912,5045139.72,2564832.1159744607,28.0
2026-02-27 10:21:00,AMBER_BUILDING,55.82487191723224,0.7398554304665897,0,-0.33472813678488056,0.5490464040943849,3804033.06,2574541.2042489853,22.0
2026-02-27 10:22:00,AMBER_BUILDING,55.369038624223435,0.7408674711224884,0,0.4857079726591338,0.5494975466688095,5787412.46,2590732.3768976233,21.0
2026-02-27 10:23:00,AMBER_BUILDING,54.889655874285154,0.7408737308425346,0,0.45088175142641745,0.5332088229821698,5907743.83,2634107.640911087,19.0
2026-02-27 10:24:00,AMBER_BUILDING,54.45071310065399,0.7395277074473535,0,0.402156389658365,0.579919166262165,5985262.13,2672687.84287534,25.0
2026-02-27 10:25:00,AMBER_BUILDING,53.17377234643783,0.6547231943411601,0,-1.8250572686758537,0.5412871384187539,1877062.76,2691815.6960065775,20.0
2026-02-27 10:26:00,AMBER_BUILDING,50.18678109085914,0.6217176110312937,0,-0.624887967908037,0.4834448990194406,3514858.63,2672687.84287534,15.0
2026-02-27 12:16:00,AMBER_BUILDING,50.08170593735118,0.6609858410928282,0,-0.4677148273287078,0.49538249882058777,2575002.28,1817493.223736695,15.0
2026-02-27 12:21:00,AMBER_BUILDING,51.55988360482172,0.7355680563102034,0,2.0433240710901144,0.5531686696585199,9595187.549999999,1843794.5557490077,16.0
2026-02-27 12:22:00,AMBER_BUILDING,53.597848217661074,0.7226310836403207,0,0.034801020747438696,0.4817441969338662,3492643.2199999997,1846905.7007511978,14.0
2026-02-27 12:23:00,AMBER_BUILDING,52.95952328434607,0.6841643228610054,0,-0.6927409899270468,0.44707694410326565,2429718.0700000003,1846905.7007511978,12.0
2026-02-27 13:12:00,AMBER_BUILDING,51.472398066558775,0.711242395899612,0,0.6902938434494096,0.5115152532374792,5423942.21,2271460.9611562304,19.0
2026-02-27 13:13:00,AMBER_BUILDING,51.797130022285224,0.6947793996393895,0,-0.0989589828235827,0.45321190884946305,3651263.5,2271460.9611562304,15.0
2026-02-27 13:14:00,AMBER_BUILDING,51.36072516829148,0.6930609565059618,0,0.2109244873854679,0.47856730689995697,4270583.34,2271460.9611562304,17.0
2026-02-27 14:01:00,AMBER_BUILDING,51.559636339899974,0.7221107987598432,0,1.1601990918772433,0.5505678704739524,4959032.8,1750795.5411477617,22.0
2026-02-27 14:02:00,AMBER_BUILDING,51.883310376797944,0.656698040770749,0,-1.2144569437736652,0.4471715041384226,1624901.9200000002,1766772.2646069904,10.0
2026-02-27 14:03:00,AMBER_BUILDING,53.94995644783018,0.7531220087830286,1,2.4417051939450194,0.5879267961692841,9010042.95,1750795.5411477617,19.0
2026-02-27 14:04:00,AMBER_BUILDING,53.95912746533852,0.7647703455011629,0,0.6308686770119931,0.4538312262296848,3951232.96,1750795.5411477617,13.0
2026-02-27 14:05:00,AMBER_BUILDING,54.61860103894872,0.7127406173688989,0,-0.8295024471373316,0.43321935115601984,1945275.0899999999,1750795.5411477617,10.0
2026-02-27 14:06:00,AMBER_BUILDING,52.63144139595818,0.7379942898582189,0,0.8612258301386225,0.5372541071343516,4460504.03,1766772.2646069904,21.0
2026-02-27 14:07:00,AMBER_BUILDING,52.70808539050548,0.7307337922737877,0,0.15540027203801113,0.4947522011073828,3170216.27,1766772.2646069904,17.0
2026-02-27 14:08:00,AMBER_BUILDING,52.452053642383696,0.6889192759662421,0,-0.6681401003780512,0.5276673213372983,2151970.71,1785867.5225240048,20.0
2026-02-27 14:09:00,AMBER_BUILDING,51.599785309103424,0.7035328508103119,0,0.5723879246255872,0.47001166769586805,3938885.1300000004,1792566.420083941,15.0
2026-03-02 06:26:00,AMBER_BUILDING,68.21987766781537,0.6214222817991819,1,-7.913066851976749,0.6308121181477024,0.0,174666.78434349116,0.0
2026-03-02 07:17:00,AMBER_BUILDING,53.60727506521164,0.6278254039052169,0,-1.509460920065765,0.42907972467898436,450629.59,1109204.2210327296,4.0
2026-03-02 07:18:00,AMBER_BUILDING,51.158613334990385,0.6722617128288989,1,-2.5930880226630313,0.4728800603706965,175302.22,1109204.2210327296,3.0
2026-03-02 07:19:00,AMBER_BUILDING,52.477336097278844,0.6612430900080056,2,-1.4137511248194816,0.45627252647602506,479161.88000000006,1109204.2210327296,4.0
2026-03-02 07:20:00,AMBER_BUILDING,50.98590195122822,0.5537378094876328,0,0.8392572528279183,0.44829000322450846,3164698.2399999993,1095132.5066451358,8.0
2026-03-02 10:11:00,AMBER_BUILDING,54.22992475659728,0.6302986362406805,0,1.3222012657563287,0.45688274724200056,5882961.1899999995,2919001.6711638737,16.0
2026-03-02 10:12:00,AMBER_BUILDING,53.5736079323839,0.7718376763815449,0,-2.162759791994041,0.5006061625360088,554544.85,2933118.985503641,5.0
2026-03-02 10:13:00,AMBER_BUILDING,55.38520260059651,0.8371748108290045,0,-0.7604185657551162,0.4189694358205767,1423727.81,2933118.985503641,9.0
2026-03-02 10:14:00,AMBER_BUILDING,60.722631857210594,0.8965126204668709,0,-0.5558732537176776,0.46452746701362246,1614813.36,2933118.985503641,5.0
2026-03-02 10:15:00,AMBER_BUILDING,60.94748651603277,0.8588418552631788,0,-0.15216847725653251,0.4157463904225377,1868227.3599999999,2785453.3368614805,13.0
2026-03-02 10:16:00,AMBER_BUILDING,58.881030554958215,0.7543727996664541,0,0.7908230951435201,0.43119998528349773,4195636.71,2785453.3368614805,14.0
2026-03-02 10:17:00,AMBER_BUILDING,56.92509359063303,0.8032834046710594,0,-1.173868465973123,0.44923922555737117,794928.82,2785453.3368614805,11.0
2026-03-02 10:18:00,AMBER_BUILDING,54.150586054765256,0.697645495931357,0,0.8555240859036287,0.4437059974968143,4487418.42,2785453.3368614805,12.0
2026-03-02 10:19:00,AMBER_BUILDING,51.807220065249,0.6217369979312404,0,0.5643633429638802,0.4338327077822161,3508483.2,2785453.3368614805,13.0
2026-03-02 13:10:00,AMBER_BUILDING,50.23732559002995,0.6782539184333847,1,-3.2198003210257045,0.4744869464957971,247252.24,2256816.0603009793,4.0
2026-03-02 13:11:00,AMBER_BUILDING,54.988126271475345,0.6369900563903325,1,0.11050022338992199,0.41811532730313566,1942051.8699999999,2251695.771368783,9.0
2026-03-02 13:12:00,AMBER_BUILDING,50.42566182333518,0.596527642989981,0,0.17029724220537165,0.40060751706558206,2020278.97,2251695.771368783,9.0
2026-03-02 14:43:00,AMBER_BUILDING,60.07723794610964,0.8628520208650445,2,-4.608319654168481,0.5670098806577942,88403.42,1694167.2826099503,2.0
2026-03-02 14:44:00,AMBER_BUILDING,57.98390380664049,0.7685320224775077,0,0.890127975588892,0.4602046247909815,2229258.63,1694167.2826099503,11.0
2026-03-02 14:45:00,AMBER_BUILDING,58.69122779019216,0.7095270961823388,0,0.3759806162453824,0.43552147206097586,1464104.7,1498965.46398084,8.0
2026-03-02 14:46:00,AMBER_BUILDING,53.325419142779396,0.7181497382512861,0,-0.8724071171094293,0.43646019242861744,751847.96,1498965.46398084,6.0
2026-03-02 14:47:00,AMBER_BUILDING,50.188471011531355,0.5893295201249017,0,1.8376055816007475,0.45836746684905366,3160799.83,1487066.0445994912,14.0
2026-03-02 14:49:00,AMBER_BUILDING,53.7841668226177,0.5283004213762426,1,-3.5571369186812154,0.5301051692802652,165508.84,1498965.46398084,4.0
2026-03-02 15:19:00,AMBER_BUILDING,50.86531230390364,1.2811165737759413,1,-20.147659100302473,0.6930507558698823,0.0,1188518.220670918,0.0
2026-03-02 15:20:00,AMBER_BUILDING,66.71885798258246,1.1189225549195732,0,0.7410511773813616,0.5158491481884238,1503994.38,1188518.220670918,9.0
2026-03-02 15:21:00,RED_EARLY_WARNING,78.86332933968346,0.9348407615830528,0,2.1718512409677486,0.4942822976498161,4165632.54,1202109.3065407535,7.0
2026-03-02 15:22:00,AMBER_BUILDING,69.10090355349648,0.8447408164425151,0,0.6646287050681294,0.4483500860606161,1477580.6400000001,1207699.790117831,6.0
2026-03-02 15:23:00,AMBER_BUILDING,62.66408149962729,0.8193347210186929,0,-0.4265626250582502,0.4702543572635157,698325.41,1217572.5894220714,6.0
2026-03-02 15:24:00,AMBER_BUILDING,57.13634731514748,0.728892927096157,0,0.8481514119599181,0.44714707605903176,1678375.6099999999,1207699.790117831,6.0
2026-03-02 15:25:00,AMBER_BUILDING,53.721223753252055,0.6726465507460301,0,0.3292050239461764,0.47269909901650137,1185642.16,1217572.5894220714,4.0
2026-03-02 15:26:00,AMBER_BUILDING,52.66618087273479,0.7360532856281048,0,-1.8267259637683442,0.5056036322492325,261153.57,1217572.5894220714,3.0
2026-03-02 15:27:00,AMBER_BUILDING,53.188628982900774,0.7381373891818208,0,-0.785831786810375,0.4637642457971954,537878.01,1207699.790117831,4.0
2026-03-02 15:28:00,AMBER_BUILDING,52.85474433118509,0.6739251380050767,0,0.4565132062356522,0.4628215372413354,1294816.87,1207699.790117831,10.0
2026-03-02 15:29:00,AMBER_BUILDING,51.05069824124822,0.6824789767032302,0,-0.7919275102942529,0.46416417569447355,531499.41,1217572.5894220714,5.0
2026-03-02 15:49:00,AMBER_BUILDING,51.95659623609502,0.7158130617794024,0,-1.1129244459183794,0.49233762640861145,277790.45999999996,922864.5705905973,2.0
2026-03-02 15:50:00,AMBER_BUILDING,50.42841798241678,0.6385043094798747,0,0.7349845386081502,0.4356232435449023,1219720.98,922864.5705905973,5.0
2026-03-03 16:17:00,AMBER_BUILDING,52.81542363168743,1.3361517996906382,1,-17.21010990245065,0.6952734797340989,0.0,1184945.3890569336,0.0
2026-03-03 16:18:00,AMBER_BUILDING,68.92749776972458,1.2249350589049381,0,-0.46293972390802884,0.5205490668526876,688664.74,1184945.3890569336,4.0
2026-03-03 16:22:00,AMBER_BUILDING,70.51101272463154,0.8994454304602397,0,0.6934490512682092,0.4613026390574837,1779052.4,1184945.3890569336,4.0
2026-03-03 16:23:00,AMBER_BUILDING,66.34357279854207,0.8643598156111328,0,-0.3663878675823624,0.466406663440271,769466.92,1206132.8104333,4.0
2026-03-03 16:24:00,AMBER_BUILDING,60.5670094038781,0.7726287975267766,0,0.5414874271602944,0.4584102231256577,1594599.12,1206132.8104333,9.0
2026-03-03 16:25:00,AMBER_BUILDING,55.659763701772114,0.6680847774428412,0,0.8472653175807044,0.46743793486208357,2038679.8900000001,1206132.8104333,7.0
2026-03-03 16:26:00,AMBER_BUILDING,50.514859097983056,0.6278417403232825,0,-0.01611895104043987,0.4484376967442055,1024703.6799999999,1206132.8104333,6.0
2026-03-04 06:40:00,AMBER_BUILDING,60.195993316491545,0.9936882019527383,2,-13.38922308111504,0.6650187530297783,0.0,523294.4882573445,0.0
2026-03-04 06:41:00,AMBER_BUILDING,61.22108867569535,0.8340065942463385,0,1.6437832535091013,0.5519252987541697,2644648.88,523294.4882573445,1.0
2026-03-04 06:42:00,AMBER_BUILDING,76.35963753576259,1.3406017423631464,2,-13.11149581891107,0.6684435867057963,0.0,533900.904230248,0.0
2026-03-04 06:43:00,RED_EARLY_WARNING,78.01262641648641,1.1874673400220892,0,0.7968842713426781,0.4825492541740395,1150118.9400000002,523294.4882573445,6.0
2026-03-04 06:47:00,AMBER_BUILDING,73.05004346259808,0.9596261313732956,0,-0.3546337191958277,0.4353278616441888,536187.2,748392.0410528892,4.0
2026-03-04 06:48:00,AMBER_BUILDING,69.49307945235223,0.9852608034109084,0,-2.355161182819049,0.5132795424066952,90540.04,748392.0410528892,1.0
2026-03-04 06:49:00,AMBER_BUILDING,67.40207814089935,0.8788274717841205,0,0.6425932749905983,0.4605014829286365,1337482.06,748392.0410528892,3.0
2026-03-04 06:50:00,AMBER_BUILDING,67.44007253600398,0.9044236500227553,0,-2.241417530436131,0.5056813420794073,97554.19,748392.0410528892,2.0
2026-03-04 06:51:00,AMBER_BUILDING,72.99459132500397,1.4557459498465901,1,-14.620470480962148,0.6672488811699729,0.0,748392.0410528892,0.0
2026-03-04 06:52:00,RED_EARLY_WARNING,79.6812472039078,1.3324240721403369,0,-0.19083272014130004,0.4993124477193865,604633.06,728594.3883225054,2.0
2026-03-04 06:56:00,AMBER_BUILDING,69.96059836065217,0.9155127147097429,0,0.8281846014716372,0.4486279870000194,1458103.51,716580.3094536079,3.0
2026-03-04 06:57:00,AMBER_BUILDING,63.50416405954393,0.793253098679576,0,1.1709247345960054,0.4160639875993029,2022076.7100000002,724206.9754206131,7.0
2026-03-04 06:58:00,AMBER_BUILDING,59.26338180531658,0.7827572709421942,0,-1.234545172348493,0.4757061081793336,239920.16,728594.3883225054,1.0
2026-03-04 06:59:00,AMBER_BUILDING,55.1667381763363,0.7201441301205724,0,0.010318801993433603,0.41717263375727026,727668.85,728594.3883225054,4.0
2026-03-04 07:00:00,AMBER_BUILDING,53.17540934235365,0.6723852114815345,0,-0.22495159820270857,0.41745394770173905,693879.4,873260.7162631166,6.0
2026-03-04 07:01:00,AMBER_BUILDING,50.96259581361198,0.6678080299983197,0,-1.180156416711387,0.4291965559424341,276766.22,873260.7162631166,5.0
2026-03-04 07:03:00,AMBER_BUILDING,52.197785629691374,0.6815718619012752,0,-2.9003318414174464,0.5359289692077066,54805.67,907674.239073065,1.0
2026-03-04 07:04:00,AMBER_BUILDING,53.77323033024441,0.7073670610725796,0,-1.937953420512169,0.49999498661384334,131710.67,864369.5607315076,1.0
2026-03-04 07:05:00,AMBER_BUILDING,54.90892370957875,0.6562490121171672,1,-0.12363352634454738,0.44378915912558137,758823.4199999999,864369.5607315076,4.0
2026-03-04 07:06:00,AMBER_BUILDING,52.25720426975382,0.652317973400298,1,-1.1618278070149985,0.4367790918980284,285280.82,864369.5607315076,4.0
2026-03-04 07:48:00,AMBER_BUILDING,50.49307151179818,0.5317558662795132,0,-3.2251012855486003,0.5159714049171423,230878.15,1663740.4898829914,7.0
2026-03-04 11:49:00,AMBER_BUILDING,51.03745207020503,0.6884572931707894,2,-3.646979911828741,0.5484159734830133,86070.43000000001,1644435.1934891844,2.0
2026-03-04 11:50:00,AMBER_BUILDING,51.49239791378079,0.6934297955495529,0,-0.6367503741624359,0.45836369293116613,717053.68,1644435.1934891844,5.0
2026-03-04 11:51:00,AMBER_BUILDING,52.639229464848064,0.5753049475259997,0,1.7217902947534205,0.47189113307781466,3850595.0300000003,1637838.7091359103,7.0
2026-03-04 12:00:00,AMBER_BUILDING,53.5014864199213,0.7858296721554974,0,-1.698233458573344,0.4734431097517524,271300.04000000004,1563605.1111410563,4.0
2026-03-04 12:01:00,AMBER_BUILDING,55.985863339958826,0.6173010969365891,0,2.533583902132069,0.5249409947575165,7269391.25,1509559.9975985512,9.0
2026-03-04 12:02:00,AMBER_BUILDING,50.31936614986557,0.5485873505343934,0,0.8857982513254387,0.4214591468329011,2079666.19,1563605.1111410563,6.0
2026-03-04 15:41:00,AMBER_BUILDING,56.72762609503906,0.9569959053648466,1,-2.113150529977709,0.5970396586450969,52702.7,963731.2856992974,1.0
2026-03-04 15:42:00,AMBER_BUILDING,70.08535645965576,0.9306381281963902,1,-0.4726685465841366,0.4912349409620018,350228.35,959851.2867314526,3.0
2026-03-04 15:43:00,AMBER_BUILDING,68.24525446763936,0.8874764750225766,0,-0.1288263659545085,0.4766064093158945,503953.14999999997,959851.2867314526,3.0
2026-03-04 15:44:00,AMBER_BUILDING,66.92750003997894,0.9062495671443432,0,-1.1157024429670437,0.5206930950050593,150453.59,945732.6875665368,2.0
2026-03-04 15:45:00,AMBER_BUILDING,64.98871820618477,0.8451675087817695,0,0.21465950773331957,0.4629604511309993,824579.03,1017295.2228401755,3.0
2026-03-04 15:46:00,AMBER_BUILDING,64.41327424233846,0.8594211604765224,0,-0.9875507172389655,0.5005069576788888,227941.53999999998,1011545.8104490534,4.0
2026-03-04 15:47:00,AMBER_BUILDING,66.89560759464793,0.9820945298698177,0,-2.8424427193391058,0.5953631323726888,29345.79,1011545.8104490534,1.0
2026-03-04 15:48:00,AMBER_BUILDING,69.13616678472492,0.9461173113672258,0,-0.3253397806595696,0.48119746459648677,437077.12,975604.5429163914,6.0
2026-03-04 15:49:00,AMBER_BUILDING,67.63663540202997,0.7539545861437379,0,2.409533179966163,0.5499605438208641,8172823.4399999995,939247.3243073538,4.0
2026-03-04 15:50:00,AMBER_BUILDING,60.95249105380079,0.7381317035473383,0,-0.35652019945576563,0.4913936187111933,423822.66000000003,975604.5429163914,5.0
2026-03-04 15:51:00,AMBER_BUILDING,53.76130271596765,0.6299585376879826,0,1.257574184931988,0.4919768908695571,2351067.27,939247.3243073538,4.0
2026-03-04 15:58:00,AMBER_BUILDING,51.01940535477081,0.7188811580959454,0,-1.2663884030420447,0.5265848458523258,157703.66999999998,975604.5429163914,2.0
2026-03-04 15:59:00,AMBER_BUILDING,52.397110680437,0.7267287891388752,0,-0.7048377720729381,0.4950232771556778,278344.69,939247.3243073538,4.0
2026-03-04 16:00:00,AMBER_BUILDING,52.03569889363977,0.6843975473844705,0,0.13989138315367727,0.4474071779224258,719550.4400000001,956150.0824180185,5.0
2026-03-04 16:04:00,AMBER_BUILDING,54.60785590799761,0.8273102013177057,0,-2.7958734567586547,0.5847862845839019,32638.28,942285.736550113,1.0
2026-03-04 16:05:00,AMBER_BUILDING,56.519848251967865,0.6940257453951454,0,1.5475979212925757,0.5064041527541614,3116033.38,942285.736550113,8.0
2026-03-04 16:06:00,AMBER_BUILDING,54.55050813930726,0.6024287728514907,0,1.0204053718092707,0.5014218132480722,1839309.25,956150.0824180185,2.0
2026-03-04 16:21:00,AMBER_BUILDING,51.15073843991581,0.7156807257341402,0,-0.8732040197085182,0.45554380575388365,314689.56,1184945.3890569336,4.0
2026-03-04 16:33:00,AMBER_BUILDING,55.77975285270234,1.353415807669079,1,-15.839529109322978,0.6980575645356522,0.0,1766591.2800227676,0.0
2026-03-04 16:34:00,AMBER_BUILDING,69.98900282540193,1.1979813335735803,0,0.709003021031115,0.5189160993343647,2249108.0500000003,1766591.2800227676,7.0
2026-03-04 16:36:00,AMBER_BUILDING,76.0522548312345,0.9717894384751102,0,0.8646307244904081,0.4575861997314565,2611457.94,1766591.2800227676,10.0
2026-03-04 16:37:00,AMBER_BUILDING,68.05747345056548,0.832035458830813,0,1.489671787420868,0.5031513023725851,4492033.699999999,1766591.2800227676,6.0
2026-03-04 16:38:00,AMBER_BUILDING,61.32305637161761,0.7820308521296347,0,0.12440529584580379,0.4566314743218272,1408520.62,1815509.6612312077,11.0
2026-03-04 16:39:00,AMBER_BUILDING,55.98588159299599,0.7173603905197292,0,0.4359060222694264,0.4412231996877129,1874893.73,1815509.6612312077,9.0
2026-03-04 16:40:00,AMBER_BUILDING,53.678784556929806,0.7309777038582733,0,-0.8015535169484489,0.4880226975978642,624563.33,1815509.6612312077,3.0
2026-03-04 16:41:00,AMBER_BUILDING,52.38684927248884,0.6974517077090735,0,-0.016587066992949668,0.45191475278640825,1207297.19,1766591.2800227676,8.0
2026-03-04 16:42:00,AMBER_BUILDING,50.86240103022926,0.6560690582457328,0,0.16214180418334442,0.43838171393842223,1421941.45,1766591.2800227676,6.0
2026-03-05 06:50:00,AMBER_BUILDING,58.20306264670771,0.9115358826138928,0,-0.04092643719032599,0.47894494136270394,539438.14,728693.2289640366,4.0
2026-03-05 06:51:00,AMBER_BUILDING,68.32487119745227,0.9002202603427438,0,-1.1688209385464325,0.45527928405873336,197532.71999999997,727570.148306013,2.0
2026-03-05 06:52:00,AMBER_BUILDING,62.97012474684899,0.8527053873107608,0,-0.2671374417579829,0.4176110110424974,427112.07999999996,724206.9754206131,4.0
2026-03-05 06:53:00,AMBER_BUILDING,59.91153180670924,0.7722966768518543,0,0.6109940725149245,0.42876461522389364,928091.53,716580.3094536079,9.0
2026-03-05 06:54:00,AMBER_BUILDING,56.572269350102204,0.7162635961850025,0,0.18619517316562553,0.42947538909316396,641053.87,724206.9754206131,7.0
2026-03-05 06:55:00,AMBER_BUILDING,53.43665332172308,0.6793677455483158,0,-0.1807901734007852,0.4300572882562683,467430.15,716580.3094536079,2.0
2026-03-05 06:56:00,AMBER_BUILDING,50.35643180611561,0.6257150574535745,0,0.299369998015612,0.41989373151826354,686057.86,695803.431445074,5.0
2026-03-05 06:57:00,AMBER_BUILDING,52.70575442309386,0.7189694967312635,0,-3.171516438077577,0.5471852534838432,37497.79,682899.4950192927,1.0
2026-03-05 06:58:00,AMBER_BUILDING,56.077477559177915,0.7825379196495637,0,-2.574110628791082,0.5217145239028619,54436.99,673967.9253089989,1.0
2026-03-05 06:59:00,AMBER_BUILDING,57.619296417664884,0.7186268643376866,0,0.3367439891025582,0.4207559127590524,689505.36,673967.9253089989,3.0
2026-03-05 07:00:00,AMBER_BUILDING,53.717731785419836,0.6679632843722172,0,0.14669035427746474,0.41213896836614655,749791.45,892688.6246172577,5.0
2026-03-05 11:23:00,AMBER_BUILDING,52.29098936435611,0.3325967718646419,0,2.9165979417732655,0.5035950273900022,10226075.43,1544428.5680227715,7.0
2026-03-05 12:03:00,AMBER_BUILDING,50.44971829508316,0.6395393583969294,0,-1.2304141234220165,0.46165430179991884,497571.1,1567826.3172498299,4.0
2026-03-05 13:58:00,AMBER_BUILDING,50.557568612440974,0.6885084668212964,0,-0.3677480392176935,0.41173882371845416,1103557.7400000002,1902581.6150538821,6.0
2026-03-05 14:28:00,AMBER_BUILDING,54.60244852115617,0.8952233581848553,1,-4.418020587836068,0.552506826609872,71698.14,1674812.2336736673,2.0
2026-03-05 14:29:00,AMBER_BUILDING,58.60464351802293,0.7957032482968889,0,0.8571625427686458,0.4604918763660935,2229856.63,1674812.2336736673,6.0
2026-03-05 14:30:00,AMBER_BUILDING,59.39129714164167,0.7294429600141509,0,0.4583271212363516,0.4051303498743945,1830408.2400000002,1778006.97844297,9.0
2026-03-05 14:31:00,AMBER_BUILDING,54.27007825588939,0.7424778021431471,0,-0.7874242967713894,0.4466163011672097,789606.05,1789268.8734298253,7.0
2026-03-05 14:32:00,AMBER_BUILDING,52.76917088378559,0.7307038824035703,0,-0.3931320506418476,0.4129116197306733,1030347.72,1778006.97844297,6.0
2026-03-05 14:33:00,AMBER_BUILDING,52.45668690264457,0.6899023725181854,0,0.1331156113684636,0.42047157068351615,1453936.5999999999,1778006.97844297,6.0
2026-03-05 16:17:00,AMBER_BUILDING,50.84086849963858,0.608306796957037,0,-0.09910496950257758,0.4095738878116385,859595.88,1206132.8104333,5.0
2026-03-06 06:45:00,AMBER_BUILDING,51.05442446567444,1.0422820270885518,1,-18.94747494724316,0.6694881932487474,0.0,673967.9253089989,0.0
2026-03-06 06:46:00,AMBER_BUILDING,58.413700512794065,0.8540830755086866,0,2.3266666254894055,0.5050907721409085,3066437.62,673967.9253089989,9.0
2026-03-06 06:47:00,AMBER_BUILDING,65.95133861247236,0.7273774364178522,0,1.5974480440552383,0.4335111289217994,1838685.9100000001,673967.9253089989,5.0
2026-03-06 06:48:00,AMBER_BUILDING,55.2099297452215,0.6386347908241746,0,0.9167538873900899,0.4265900086996284,1140123.25,673967.9253089989,6.0
2026-03-09 06:37:00,AMBER_BUILDING,50.82866082305099,0.011406450390347852,0,-2.3210867672740925,0.5305110262668403,72944.69,532253.4165218893,1.0
2026-03-09 06:49:00,AMBER_BUILDING,51.34872023315668,0.7545707293319345,0,-2.10858775620839,0.5284311492387687,148320.88999999998,641628.6573149931,2.0
2026-03-09 06:50:00,AMBER_BUILDING,56.276668639053405,0.5948904835466043,0,2.2836702042789394,0.5094700198590625,3173034.0,641628.6573149931,1.0
2026-03-09 06:51:00,AMBER_BUILDING,54.44330140376325,0.4089796098436535,0,3.124136924361542,0.5063915891430983,6449774.76,654402.0640079438,9.0
2026-03-09 15:33:00,AMBER_BUILDING,51.141907840301506,0.5431777874125356,0,0.09684413093532361,0.43267243730300053,1152590.4000000001,949555.6150964692,7.0
2026-03-10 06:32:00,AMBER_BUILDING,53.6301145333646,0.576166784164419,0,0.3830998598390389,0.48582786702885616,845818.12,552774.709554117,4.0
2026-03-10 15:23:00,AMBER_BUILDING,56.141862686389004,0.7514732935307248,0,-1.7191311309446378,0.45536279450227535,352993.15,1292846.7612067165,3.0
2026-03-10 15:24:00,AMBER_BUILDING,53.115475222163774,0.7182901884083974,0,-0.21656641691543405,0.4173846940177238,961502.66,1290545.9268623432,5.0
2026-03-10 15:25:00,AMBER_BUILDING,54.608833464970076,0.7623482538211845,0,-1.5302449168663044,0.4352553980134684,399418.43,1290545.9268623432,5.0
2026-03-10 15:26:00,AMBER_BUILDING,59.73541323446016,0.9312404247477281,0,-3.7451778864377667,0.524496354646411,90283.04000000001,1290545.9268623432,2.0
2026-03-10 15:27:00,AMBER_BUILDING,63.17074138556827,0.8776600587500374,0,-0.15046869112538955,0.4355246557052943,997903.5499999999,1290545.9268623432,5.0
2026-03-10 15:28:00,AMBER_BUILDING,62.519829167778035,0.7106877463212452,0,1.914641525601607,0.44575229793625143,3903927.9000000004,1286818.8022653917,11.0
2026-03-10 15:29:00,AMBER_BUILDING,56.18124928357066,0.7269830713730572,0,-1.0292642686007267,0.43849086859079117,556116.1599999999,1290545.9268623432,5.0
2026-03-10 15:30:00,AMBER_BUILDING,50.83448108625197,0.6202613586490252,0,1.0797029110289085,0.4403599277738924,1903094.8900000001,910942.7565691799,9.0
2026-03-10 17:24:00,AMBER_BUILDING,51.88982192851068,0.7599096199260991,0,-1.6810118064883235,0.4418241530165438,923393.0700000001,2711939.2947623413,9.0
2026-03-10 17:25:00,AMBER_BUILDING,56.57258729099226,0.8492825406761125,0,-2.208103977994645,0.46687558790847816,697387.02,2711939.2947623413,8.0
2026-03-10 17:26:00,AMBER_BUILDING,67.0668048634745,1.096482080990161,1,-4.9259561491400925,0.5585002443263444,156719.79,2711939.2947623413,5.0
2026-03-10 17:27:00,AMBER_BUILDING,72.7710451254173,1.0390809940414094,0,-0.19175447719648,0.44449594300481327,2003139.29,2711939.2947623413,10.0
2026-03-10 17:29:00,AMBER_BUILDING,71.21796745868663,0.9743800376578697,0,0.20361376165707998,0.4314115777665108,2471519.4899999998,2711939.2947623413,10.0
2026-03-10 17:30:00,AMBER_BUILDING,67.73717827946535,0.8891246369372061,0,0.49684834660486077,0.4321344014092122,2344045.02,2172763.813665096,12.0
2026-03-10 17:31:00,AMBER_BUILDING,62.47364514301887,0.821816884631447,0,0.3128824950354502,0.41502657824243794,2088951.52,2172763.813665096,13.0
2026-03-10 17:32:00,AMBER_BUILDING,58.30156473790271,0.7926887210424073,0,-0.24423738062378714,0.4062010280557967,1497051.93,2172763.813665096,11.0
2026-03-10 17:33:00,AMBER_BUILDING,56.63826914406323,0.8085575831561734,0,-0.9877557613680236,0.42618785028895906,983990.51,2172763.813665096,11.0
2026-03-10 17:34:00,AMBER_BUILDING,55.960082010488044,0.7679951329789155,0,-0.03430708186618562,0.41032487709266147,1706033.56,2172763.813665096,9.0
2026-03-10 17:36:00,AMBER_BUILDING,52.67906194935523,0.5865093038032669,0,-1.3517972964413505,0.4495189210860165,789338.15,2192132.5443744017,7.0
2026-03-10 17:45:00,AMBER_BUILDING,50.43317914737134,0.6961166375799435,0,-0.4658454072488686,0.4386302455593006,711289.3,1372556.3170036494,8.0
2026-03-10 17:46:00,AMBER_BUILDING,52.81674871289864,0.639471167335468,0,0.4124467716929321,0.40500227223491686,1383031.96,1366787.223446693,7.0
2026-03-11 06:32:00,AMBER_BUILDING,56.27887796369163,0.7172742093990605,0,-0.8512911768283782,0.46082281944062314,168039.69,557754.9759258112,3.0
2026-03-11 06:33:00,AMBER_BUILDING,53.49073068936141,0.6534737744862099,0,0.5320426068875417,0.44480821852969143,627232.3799999999,557754.9759258112,2.0
2026-03-11 06:37:00,AMBER_BUILDING,55.532834412159445,1.171488456128293,1,-12.637127899354494,0.6535883072468128,0.0,557754.9759258112,0.0
2026-03-11 06:38:00,AMBER_BUILDING,66.61967689678686,1.0284268989758745,0,1.0490532417271385,0.46638445618189645,1101215.5699999998,557754.9759258112,3.0
2026-03-11 06:39:00,AMBER_BUILDING,75.87670676934623,0.9867890485867582,0,-0.40093433819433383,0.4630627180003856,252704.6,557754.9759258112,1.0
2026-03-11 06:40:00,AMBER_BUILDING,67.49105570812542,0.8806727862769935,0,0.9029449368669413,0.42624759455357986,925275.13,546445.181477114,3.0
2026-03-11 06:41:00,AMBER_BUILDING,62.22131186432383,0.7630272816769651,0,1.2677243923912018,0.4554035712669181,1394166.83,557754.9759258112,6.0
2026-03-11 06:42:00,AMBER_BUILDING,61.576107415035665,0.8688368587110137,0,-2.8119971351015054,0.5487337586349087,21365.7,566528.0679549145,1.0
2026-03-11 06:43:00,AMBER_BUILDING,70.53551199992147,1.468195269235271,1,-12.28180520211741,0.6516960518608801,0.0,557754.9759258112,0.0
2026-03-11 06:44:00,RED_EARLY_WARNING,80.14866542894462,1.2574950159847906,0,1.8195941143299144,0.5114776803062462,2485928.2399999998,546445.181477114,3.0
2026-03-11 06:48:00,AMBER_BUILDING,69.73261308478946,0.9253695601846252,0,0.4510021136427266,0.42844914353762464,723482.19,682899.4950192927,4.0
2026-03-11 06:49:00,AMBER_BUILDING,64.2686512972581,0.7899909977130737,0,1.5447365256438024,0.44102910082378466,1678754.55,687779.4499288631,8.0
2026-03-11 06:50:00,AMBER_BUILDING,59.00243703419007,0.7257158135218121,0,0.3886470619672503,0.4786713344470134,698547.37,687779.4499288631,1.0
2026-03-11 06:51:00,AMBER_BUILDING,53.81243504754167,0.6323569090576402,1,1.0471184550654722,0.4248922330880529,1162755.9,694011.6395697942,4.0
2026-03-11 07:33:00,AMBER_BUILDING,52.33426009660198,0.6294038427799827,0,0.49069101212444427,0.4241001574717599,1551683.13,1434427.0082156023,12.0
2026-03-11 08:27:00,AMBER_BUILDING,50.553584102101105,0.7038442628611848,0,-0.7365132854179066,0.42033721374544203,1245237.13,2391235.2636643127,9.0
2026-03-11 08:28:00,AMBER_BUILDING,50.81507375404285,0.641268249720025,0,0.508249535026004,0.4140676121278104,2518965.9299999997,2353783.657091727,7.0
2026-03-11 11:52:00,AMBER_BUILDING,50.57307528529859,0.713513767044863,0,0.5758506385270915,0.41743488431487036,1551890.68,1522186.0313371944,7.0
2026-03-11 11:53:00,AMBER_BUILDING,57.417264044426844,0.8054474698604512,0,-1.5863504462597284,0.4390226664669289,486466.75999999995,1522186.0313371944,6.0
2026-03-11 11:54:00,AMBER_BUILDING,58.73139115710666,0.9080279384933446,0,-1.819592875902121,0.45295072499288447,405546.58999999997,1505199.1483046047,3.0
2026-03-11 11:55:00,AMBER_BUILDING,61.63895656703835,0.8840318943452732,0,-0.12909633084886338,0.41089092587761866,1012489.4,1486719.5058720259,9.0
2026-03-11 11:56:00,AMBER_BUILDING,65.0102346159202,0.9681160027987947,0,-1.6272670768438784,0.4441545541835349,439325.23000000004,1478528.549611978,5.0
2026-03-11 11:57:00,AMBER_BUILDING,63.32341388111246,0.8979825162697103,0,0.47362249195383094,0.3956055035928768,1390601.25,1477196.0563442248,6.0
2026-03-11 11:58:00,AMBER_BUILDING,62.620184941291285,0.8457148141992215,0,0.30551555017749177,0.3881394049372052,1259798.15,1468628.4179154735,7.0
2026-03-11 11:59:00,AMBER_BUILDING,57.12836035683892,0.7095521383737128,0,1.5702509444034058,0.39816556144319376,2474724.0100000002,1459792.0204529895,7.0
2026-03-11 12:00:00,AMBER_BUILDING,52.97954081602375,0.6388577782857005,0,0.7787060763028628,0.493493312630922,1845066.65,1605105.8108182522,2.0
2026-03-11 12:01:00,AMBER_BUILDING,51.84880318229705,0.7413656440410369,0,-1.6003146832691717,0.47380922796083225,340871.89,1605105.8108182522,2.0
2026-03-11 12:02:00,AMBER_BUILDING,51.84263153746635,0.7558224204677907,0,-0.45560322371534734,0.41195609384696735,752371.0900000001,1605105.8108182522,7.0
2026-03-11 12:03:00,AMBER_BUILDING,53.63240168130503,0.7387279493321104,0,-0.019095874018356825,0.4277159113023484,1025362.0199999999,1597278.353000009,6.0
2026-03-11 12:04:00,AMBER_BUILDING,51.59400667367146,0.6696165719472617,0,0.752736601146627,0.4132624348325748,1771807.31,1597278.353000009,6.0
2026-03-11 12:05:00,AMBER_BUILDING,51.134676092799886,0.6959366745916408,0,-0.5373845222402855,0.41970391812772506,706005.28,1597278.353000009,8.0
2026-03-11 12:07:00,AMBER_BUILDING,52.80671073343465,0.7913141586386458,0,-1.8465765980613649,0.4913554305553012,269961.7,1567691.9656652382,3.0
2026-03-11 12:08:00,AMBER_BUILDING,52.63926653823239,0.6805300998403194,0,1.264779820997643,0.45906820644468016,2455282.43,1516827.599647388,6.0
2026-03-11 12:09:00,AMBER_BUILDING,52.87891079781599,0.6706758528658942,0,-0.03733108327760354,0.4128302637307091,960955.78,1516827.599647388,5.0
2026-03-11 14:33:00,AMBER_BUILDING,51.59843079772361,0.6141070970792546,0,0.5697173598311979,0.4475375605818245,1787129.6400000001,1734627.3392182477,15.0
2026-03-11 14:47:00,AMBER_BUILDING,52.25251730284109,0.6497291178666026,0,-0.19954995283162097,0.46891664442850717,1051561.02,1582525.926125176,3.0
2026-03-11 14:48:00,AMBER_BUILDING,52.24235847917556,0.7896187679911378,0,-2.440503852931635,0.5002949705830471,296412.39,1582525.926125176,3.0
2026-03-11 14:49:00,AMBER_BUILDING,55.48647333067611,0.7926176344139892,0,-0.4949070077154248,0.4547033847190748,869025.51,1582525.926125176,5.0
2026-03-11 14:50:00,AMBER_BUILDING,57.444769872808216,0.7686229928265813,0,-0.061770980451937636,0.4157124156284526,1084370.95,1545528.307490553,6.0
2026-03-11 14:51:00,AMBER_BUILDING,53.23407753692802,0.6010899714767169,0,2.2057407464103953,0.46023908763535776,3791979.84,1500916.7674913306,13.0
2026-03-11 14:52:00,AMBER_BUILDING,51.92969754197558,0.7034626600539,0,-1.7713042162532542,0.4692087620329318,398523.48,1545528.307490553,6.0
2026-03-11 14:54:00,AMBER_BUILDING,53.90398570847976,0.7962281427526033,0,-2.9784561472515723,0.5010061890438218,196102.53,1500916.7674913306,3.0
2026-03-11 14:55:00,AMBER_BUILDING,55.830823837408985,0.8195367700094099,0,-0.7821315590449792,0.4746298599131361,680450.78,1500916.7674913306,4.0
2026-03-11 14:56:00,AMBER_BUILDING,58.98125368499368,0.802604180728358,0,-0.19236851448837639,0.4138975814389661,962668.5,1490694.8022271192,7.0
2026-03-11 14:57:00,AMBER_BUILDING,54.92971644506262,0.6917245043073827,0,1.2258559907862232,0.42827674964257506,2237392.4,1487066.0445994912,5.0
2026-03-11 14:58:00,AMBER_BUILDING,56.40946574931758,0.8367719572053717,0,-2.438974274227595,0.4857657427701334,260572.59999999998,1487066.0445994912,4.0
2026-03-11 14:59:00,AMBER_BUILDING,56.03994015488896,0.7870600464934937,0,0.2698162940150783,0.4203276199439549,1281028.5999999999,1487066.0445994912,7.0
2026-03-11 15:00:00,AMBER_BUILDING,56.61165869857373,0.7178200868560497,0,0.6194460388486859,0.4238964157140993,1616302.2699999998,1528875.7915847267,10.0
2026-03-11 15:01:00,AMBER_BUILDING,53.5043410273392,0.7458230592204298,0,-0.7348149531147665,0.44075118311003436,732588.26,1528875.7915847267,5.0
2026-03-11 15:02:00,AMBER_BUILDING,53.277323306400376,0.7402825519347251,0,-0.2687488026259699,0.4115699621871887,941881.79,1516569.926472012,7.0
2026-03-11 15:03:00,AMBER_BUILDING,53.86788872412686,0.7691706754874339,0,-0.7706464977387585,0.4319956857831062,699368.47,1516569.926472012,9.0
2026-03-11 15:04:00,AMBER_BUILDING,53.38960517591048,0.7317725548350559,0,0.18016797845099586,0.40069699514506374,1212005.38,1497062.7146735794,8.0
2026-03-11 15:05:00,AMBER_BUILDING,52.663768955113994,0.7415751530698782,0,-0.4729855469775703,0.41534574940256896,819600.42,1484923.5139672637,8.0
2026-03-11 15:06:00,AMBER_BUILDING,51.50081426544696,0.6896365313075824,0,0.4404017915278518,0.42435896493295205,1393112.1400000001,1484923.5139672637,8.0
2026-03-11 15:07:00,AMBER_BUILDING,51.19830260064348,0.7123356285328601,0,-0.6133854525384218,0.41422646399041285,749112.44,1484923.5139672637,5.0
2026-03-11 15:08:00,AMBER_BUILDING,50.780391370109555,0.6830240081559066,0,0.1267604726888641,0.41765510753021245,1151656.79,1484923.5139672637,4.0
2026-03-11 15:54:00,AMBER_BUILDING,52.28048060155206,1.3846645247880494,1,-16.071681033847465,0.684640642078039,0.0,922392.7503557671,0.0
2026-03-11 15:55:00,AMBER_BUILDING,67.24747582035336,1.054326242904327,0,2.9310889045352324,0.5766439418627716,7961478.640000001,906265.4571836832,5.0
2026-03-11 15:56:00,RED_EARLY_WARNING,78.26460251189918,0.8946064825833316,0,1.448710701682893,0.488642839283399,2343594.2399999998,906265.4571836832,3.0
2026-03-11 15:57:00,AMBER_BUILDING,72.80699035057908,0.9971126209332738,0,-2.1527168679641266,0.5240973440588887,101474.84,922392.7503557671,2.0
2026-03-11 15:58:00,AMBER_BUILDING,66.76595490422723,0.8251864213324426,0,1.6533222569257855,0.47722188058155357,2898557.0300000003,906265.4571836832,4.0
2026-03-11 15:59:00,AMBER_BUILDING,74.54574756593483,1.808558589353347,1,-14.317975693381747,0.6905102349483527,0.0,906265.4571836832,0.0
2026-03-11 16:00:00,RED_EARLY_WARNING,78.5491834755406,1.6603693173256602,0,-0.2823016698987316,0.5109095817037275,531448.09,991222.3268786288,5.0
2026-03-11 16:06:00,AMBER_BUILDING,74.65415023460484,0.9439364309366433,0,0.3006506869689261,0.4487353857011108,904185.37,953318.7268418918,6.0
2026-03-11 16:07:00,AMBER_BUILDING,65.96641160896144,0.81502889568414,0,1.1239108971824625,0.4432949377275598,1876065.2999999998,941807.3453080601,7.0
2026-03-11 16:08:00,AMBER_BUILDING,62.65245215318507,0.8790703123314152,0,-1.5420906659256517,0.512969773689883,177097.39,941807.3453080601,2.0
2026-03-11 16:09:00,AMBER_BUILDING,61.138924320377804,0.8639840603021478,0,-0.4595755762746368,0.4700279699107176,455624.05,933055.2992489429,3.0
2026-03-11 16:10:00,AMBER_BUILDING,60.81115601826881,0.7909374161137179,0,0.40338767179656226,0.44610276563668566,982753.14,933055.2992489429,5.0
2026-03-11 16:11:00,AMBER_BUILDING,57.48830879025442,0.7393144132718723,0,0.1805324296811753,0.4499770539227846,802427.97,933055.2992489429,4.0
2026-03-11 16:12:00,AMBER_BUILDING,54.56009845120306,0.7231615138076254,0,-0.28420614573763336,0.45400111669961146,526723.09,915716.886556834,5.0
2026-03-11 16:13:00,AMBER_BUILDING,52.68745366785053,0.6918995602972046,0,-0.026622377651220303,0.48503671139095,650842.01,915716.886556834,3.0
2026-03-11 16:14:00,AMBER_BUILDING,51.079961120542066,0.672581468512183,0,-0.170060891218263,0.44077714035583465,576506.37,915716.886556834,5.0
2026-03-11 16:15:00,AMBER_BUILDING,50.44884047163733,0.7019769267365937,0,-0.8876261922598062,0.45798567776899846,526388.36,1243630.6158550563,3.0
2026-03-11 16:16:00,AMBER_BUILDING,50.90776873720847,0.7293747345989396,0,-0.8676492601529107,0.4498061182251349,524442.76,1238618.1325768773,5.0
2026-03-11 16:17:00,AMBER_BUILDING,53.28726147875104,0.7736252023327431,0,-1.161357175868064,0.46962692922617955,429102.17,1238618.1325768773,6.0
2026-03-11 16:18:00,AMBER_BUILDING,56.64131351474859,0.8414175282496756,0,-1.5433968454149496,0.4731139594803572,322838.35,1233799.0129429055,6.0
2026-03-11 16:19:00,AMBER_BUILDING,56.64680143869248,0.6971992706795969,0,1.5245651396112307,0.4800054705009195,2762305.77,1233799.0129429055,11.0
2026-03-11 16:20:00,AMBER_BUILDING,54.22453339234776,0.6280485735346482,0,0.5661690021642778,0.45105516350413455,1416814.6999999997,1233799.0129429055,9.0
2026-03-11 17:41:00,AMBER_BUILDING,53.514574060165025,0.7212427134390852,0,-1.2538421900339345,0.4397507653726893,764685.47,2159822.4386037304,5.0
2026-03-11 17:42:00,AMBER_BUILDING,50.13874880851012,0.6635645161167746,0,0.3191119427127029,0.408966861182065,2152418.18,2155035.7959350427,9.0
2026-03-11 17:43:00,AMBER_BUILDING,50.10756813290198,0.6818677232012337,0,-0.7069054053551964,0.40172874584944457,1104664.52,2152242.102798059,8.0
2026-03-11 17:44:00,AMBER_BUILDING,50.66724015038677,0.7461016636300009,0,-1.3727533382946715,0.4320144152870831,695109.96,2150764.9917207486,6.0
2026-03-11 17:45:00,AMBER_BUILDING,51.11667413914957,0.6829575901764976,0,0.3627301563719416,0.4235919648415258,1476467.59,1427844.8509217743,5.0
2026-03-11 17:46:00,AMBER_BUILDING,52.09964337771036,0.7110458470213872,0,-0.8510249605753142,0.4314508961127592,623293.28,1427844.8509217743,4.0
2026-03-11 17:47:00,AMBER_BUILDING,50.42857259783599,0.667001651456152,0,0.13155689696895315,0.43800611771150294,1255164.0299999998,1427844.8509217743,5.0
2026-03-12 06:32:00,AMBER_BUILDING,57.263403967600844,0.7225155815522037,0,0.04052961028007427,0.4591402369688606,442415.91000000003,540937.7516590914,2.0
2026-03-12 06:33:00,AMBER_BUILDING,56.65055383151469,0.724967575471223,0,-0.8069541851600068,0.4692239656301785,184889.6,532253.4165218893,3.0
2026-03-12 06:34:00,AMBER_BUILDING,53.68733958577186,0.6364062510302426,0,0.7656322268888488,0.4637351697492616,913933.0099999999,532253.4165218893,4.0
2026-03-12 06:35:00,AMBER_BUILDING,51.520026682855395,0.616133421306448,0,-0.287558295440045,0.45906793198736934,315325.37,540937.7516590914,2.0
2026-03-12 06:37:00,AMBER_BUILDING,50.04087135608225,0.6868970541530449,0,-2.4816336749169263,0.5455901289856535,33066.82,523294.4882573445,1.0
2026-03-12 06:39:00,AMBER_BUILDING,50.39757727472318,0.6046087274950626,0,-0.7243248921638685,0.47723201435534607,194111.7,532253.4165218893,2.0
2026-03-12 07:03:00,AMBER_BUILDING,64.6145435603654,1.0962647035294941,0,-1.1428069257305464,0.4979352223927854,291819.25,956098.6943364885,2.0
2026-03-12 07:05:00,AMBER_BUILDING,73.81721078700338,0.9724624825074338,0,0.2758928357132527,0.41602742758959244,1024800.0700000001,939345.918655795,5.0
2026-03-12 07:06:00,AMBER_BUILDING,69.41098851401547,0.9158162378252924,0,-0.16334460960835218,0.44044248151744564,684779.81,939345.918655795,3.0
2026-03-12 07:07:00,AMBER_BUILDING,64.40557809710351,0.8328742486094127,0,0.34184313525568494,0.403761333094344,1081830.6,938468.6974698465,7.0
2026-03-12 07:08:00,AMBER_BUILDING,58.52972217704718,0.7013696209327921,0,1.246030550683623,0.40861611820613575,2424460.64,938468.6974698465,7.0
2026-03-12 07:09:00,AMBER_BUILDING,53.25220199998089,0.6782019655120969,0,-0.3610281004327434,0.4092906411249417,578718.26,938468.6974698465,5.0
2026-03-12 07:28:00,AMBER_BUILDING,50.835051663548974,0.6793646766547385,0,-0.4832241452163048,0.44649777439158916,558394.34,1034808.8342363978,6.0
2026-03-12 07:29:00,AMBER_BUILDING,50.632617638371926,0.676176901632899,0,-0.6699276260468071,0.43501341321293824,446579.21,1000360.8186557743,4.0
2026-03-12 11:20:00,AMBER_BUILDING,50.94000336410892,0.6148490366236818,0,0.8165173383814001,0.399895386005134,1862281.4,1435887.282705544,9.0
2026-03-12 11:24:00,AMBER_BUILDING,52.09750334453378,0.7662739124466967,0,-1.0288388181600423,0.4210907144544301,521922.70999999996,1400380.9270129248,5.0
2026-03-12 11:25:00,AMBER_BUILDING,51.41775512277417,0.6434370263773321,0,1.2809520738208175,0.39759277949317506,2464897.5300000003,1391396.7943518225,8.0
2026-03-12 11:36:00,AMBER_BUILDING,54.74878303460043,0.8325684333320138,0,-2.2459694306505584,0.48060122489872714,211105.83000000002,1329905.073214349,5.0
2026-03-12 11:37:00,AMBER_BUILDING,56.25511200829671,0.7586139256688736,0,0.5292333335116772,0.4410858270678589,1421748.96,1329905.073214349,11.0
2026-03-12 11:38:00,AMBER_BUILDING,58.181397275342654,0.7968446295646545,0,-0.925389068597593,0.4213698310542846,522146.63,1329905.073214349,7.0
2026-03-12 11:39:00,AMBER_BUILDING,54.69425765988914,0.718397710535568,0,0.6282167447791419,0.4117244375585,1521880.0299999998,1319656.395774848,7.0
2026-03-12 11:40:00,AMBER_BUILDING,51.1289917413277,0.5490985646368381,0,1.9641463362620424,0.45803698495260897,3798976.7199999997,1319656.395774848,8.0
2026-03-12 11:51:00,AMBER_BUILDING,51.8818530952208,0.6595018829732677,0,-0.679184068975613,0.4347023892839626,738153.86,1451251.5935716154,9.0
2026-03-12 13:06:00,AMBER_BUILDING,53.86307214177938,0.7001161331565787,0,-0.2019145570920311,0.3945458026550433,1351077.71,2026878.5506857785,10.0
2026-03-12 13:17:00,AMBER_BUILDING,50.10737679388787,0.7413403578602233,0,-0.9192061443673181,0.426630859908495,861864.57,2177923.4032166963,7.0
2026-03-12 13:18:00,AMBER_BUILDING,54.70927264256036,0.7842894510245452,0,-1.000066450334179,0.4447975697401664,801768.1599999999,2147848.4884853866,5.0
2026-03-12 13:19:00,AMBER_BUILDING,53.505490054434254,0.7316607036053003,0,0.24811480899070024,0.39652237821133685,1918284.45,2111974.25387509,7.0
2026-03-12 13:20:00,AMBER_BUILDING,50.8212026103703,0.6242125436463752,0,1.0397316331350193,0.4087634985481525,3324452.0999999996,2072825.18666839,14.0
2026-03-12 14:35:00,AMBER_BUILDING,50.83072901783843,0.6330466099385447,0,-0.40536852841312565,0.407748268138521,946286.14,1594102.9652379183,5.0
2026-03-13 06:34:00,AMBER_BUILDING,52.309512285673804,0.900964878099138,1,-14.878623924686554,0.6685378553790187,0.0,488883.0650241009,0.0
2026-03-13 06:35:00,AMBER_BUILDING,58.93768128601215,0.8348315449204975,0,-0.24892418727852741,0.5162566473994786,335509.8,470340.68527287565,4.0
2026-03-13 06:36:00,AMBER_BUILDING,64.00452692804066,0.764003667951356,0,0.22290288741113584,0.48610791440664697,485692.97,450723.2949647817,3.0
2026-03-13 06:37:00,AMBER_BUILDING,56.90486593408958,0.6182731015458927,0,1.8816682182333697,0.5252056283734101,2115152.93,470340.68527287565,7.0
2026-03-13 06:38:00,AMBER_BUILDING,50.90610157688351,0.5168686932434391,0,1.196943395758168,0.5167476005036254,1179999.75,470340.68527287565,1.0
2026-03-13 06:48:00,AMBER_BUILDING,51.56014499711443,0.12160594540378024,0,3.284592924872806,0.5158968292785614,6062434.36,682899.4950192927,7.0
2026-03-13 06:57:00,AMBER_BUILDING,50.99025599657474,0.8750400412077081,1,-18.86487365299359,0.6696749524183823,0.0,682899.4950192927,0.0
2026-03-13 06:58:00,AMBER_BUILDING,56.540959746095076,0.784623563819766,0,0.02546343619645748,0.4853749187832813,670369.29,679726.1393585507,5.0
2026-03-13 06:59:00,AMBER_BUILDING,60.11931937693931,0.7733352556041858,0,-0.9860680554166236,0.4497109800075466,320688.23,675016.8397109277,3.0
2026-03-13 07:00:00,AMBER_BUILDING,53.00611697427946,0.6484018577038739,0,1.3357950419121425,0.420262175683392,2266117.73,930694.175264238,5.0
2026-03-17 06:32:00,AMBER_BUILDING,61.34485585859591,0.33361218559359357,0,-0.31407559814488084,0.5270087454433504,368744.36000000004,450723.2949647817,2.0
2026-03-17 06:33:00,AMBER_BUILDING,50.049811097432354,0.20159257786624615,0,-2.2242972502226013,0.5369305726165683,51341.32,437651.5160875471,1.0
2026-03-17 06:34:00,AMBER_BUILDING,50.00017717955512,0.4525389268971087,1,-12.939249222462086,0.6657906933169382,0.0,437651.5160875471,0.0
2026-03-17 06:35:00,AMBER_BUILDING,50.011963191926604,0.3871970021522365,0,0.38238353823834187,0.49817436005425847,708996.05,432921.6046730581,3.0
2026-03-17 06:40:00,AMBER_BUILDING,50.679027619176225,0.8571003757160945,1,-12.628056934224523,0.6687461349563409,0.0,432921.6046730581,0.0
2026-03-17 06:41:00,AMBER_BUILDING,56.787119006976376,0.7906425627860787,0,-0.32298787956459407,0.4961289401151158,332386.23000000004,426186.40288119286,3.0
2026-03-17 06:42:00,AMBER_BUILDING,61.81681067717608,0.7505742463505379,0,-0.556589969228247,0.4705547016124832,257042.76,417723.3461068305,3.0
2026-03-17 06:43:00,AMBER_BUILDING,55.56373358060446,0.6286137035351784,0,1.1745950381719816,0.456547874302276,1503458.9400000002,412776.2996478694,4.0
2026-03-17 06:44:00,AMBER_BUILDING,50.249171693201106,0.5820744837248285,0,-0.16596088888859845,0.4269190205075049,385650.18,417723.3461068305,2.0
2026-03-17 12:00:00,AMBER_BUILDING,52.237172732862156,0.5315222888467717,1,0.011229445883808758,0.43331722891506547,1253070.1400000001,1298602.2633190397,6.0
2026-03-18 06:31:00,AMBER_BUILDING,58.19631629585456,1.1451718634293853,0,-0.5292496296230995,0.5205258184684306,254033.62,412776.2996478694,2.0
2026-03-18 06:34:00,AMBER_BUILDING,71.61456558195454,0.8939525317504112,0,0.8664015177831631,0.47038086973668364,897725.86,412776.2996478694,3.0
2026-03-18 06:35:00,AMBER_BUILDING,68.29042628382096,0.874641521527903,0,-1.1930802692372517,0.5098506273828439,139840.02,417723.3461068305,1.0
2026-03-18 06:36:00,AMBER_BUILDING,63.091810432946374,0.7650900242914974,0,0.8961281543066717,0.47419884407989826,947481.47,412776.2996478694,3.0
2026-03-18 06:37:00,AMBER_BUILDING,59.33541338921405,0.7074725625075682,0,-0.08710130743405803,0.4817253861869691,381419.92000000004,412776.2996478694,4.0
2026-03-18 06:38:00,AMBER_BUILDING,54.052517452879876,0.6223119400351577,0,0.6487795860824178,0.47151161058043345,761277.1699999999,412776.2996478694,3.0
2026-03-18 11:48:00,AMBER_BUILDING,53.74671254494345,0.7312822730160174,0,0.2107733029828358,0.4313950825358665,1291981.1999999997,1314599.1295302613,7.0
2026-03-18 11:49:00,AMBER_BUILDING,60.19980069298373,0.9174345459762215,0,-2.6099848688869147,0.5020372082116809,213542.05000000002,1314599.1295302613,3.0
2026-03-18 11:50:00,AMBER_BUILDING,62.025709653242,0.9093858092741737,0,-0.5282975217637023,0.4322394144831494,804580.72,1314599.1295302613,9.0
2026-03-18 11:51:00,AMBER_BUILDING,66.38264604139091,0.950089937200175,0,-1.0852932393013295,0.42565793000694147,565122.95,1314599.1295302613,7.0
2026-03-18 11:52:00,AMBER_BUILDING,67.17049497485694,1.0181867992561973,0,-1.4344077039323662,0.46010859080589966,444528.95999999996,1301223.6263230536,3.0
2026-03-18 11:53:00,AMBER_BUILDING,67.50307824527137,0.9233587378942003,0,0.3925296247901502,0.42980113082890403,1431614.26,1301223.6263230536,9.0
2026-03-18 11:54:00,AMBER_BUILDING,67.28020731505478,0.9361187692588709,0,-0.7629806120537325,0.42105411410827326,710767.51,1314599.1295302613,6.0
2026-03-18 11:55:00,AMBER_BUILDING,63.59880702138079,0.8507842774224428,0,0.36304834859968826,0.4249049781312683,1414355.5999999999,1314599.1295302613,9.0
2026-03-18 11:56:00,AMBER_BUILDING,59.78015498810718,0.7388644789191081,0,0.7612948162261628,0.4135808926621871,1804044.1400000001,1314599.1295302613,7.0
2026-03-18 11:57:00,AMBER_BUILDING,59.11146213329375,0.8650067164522446,0,-1.9130286427521233,0.4716395998837057,352998.8,1314599.1295302613,5.0
2026-03-18 11:58:00,AMBER_BUILDING,56.07996027467964,0.6902790407826288,0,1.4594839387476375,0.44482639414799013,2780171.49,1314599.1295302613,10.0
2026-03-18 11:59:00,AMBER_BUILDING,55.16760902598762,0.7174766984582777,0,-0.716963589335785,0.4295558388636084,733431.93,1318887.3234988016,4.0
2026-03-18 12:00:00,AMBER_BUILDING,50.22229034223466,0.6573703433550616,0,0.2717020053468796,0.4382838934181501,1466428.2599999998,1427358.6940710065,10.0
2026-03-18 13:55:00,AMBER_BUILDING,55.69413562730208,0.9310575659516058,0,-1.3189500023529162,0.4390507186156219,684570.04,1700164.9815512958,5.0
2026-03-18 13:56:00,AMBER_BUILDING,63.48297008594779,0.8009177016653392,0,0.8296298629138897,0.43825218022542983,2522965.0700000003,1666826.2368525637,15.0
2026-03-18 13:57:00,AMBER_BUILDING,57.069836895041306,0.6744825850191862,0,0.9068988728119588,0.414097329167542,2685174.3,1700164.9815512958,7.0
2026-03-18 13:58:00,AMBER_BUILDING,51.39356023770006,0.6678872794084039,0,-0.4034013539011197,0.40108954873237035,1200048.1400000001,1709647.2046334513,6.0
2026-03-18 14:07:00,AMBER_BUILDING,50.09600966678166,0.8157606619576747,1,-2.5219023262836497,0.46413935725686795,273900.06,1605547.9117247327,4.0
2026-03-18 14:08:00,AMBER_BUILDING,59.91582163255583,0.8137600131687406,1,-0.5291270368272502,0.4124014124292935,987449.3300000001,1605547.9117247327,7.0
2026-03-18 14:09:00,AMBER_BUILDING,58.04809492146611,0.7497768551454362,0,0.22181707224718725,0.40612308889608184,1606644.81,1605547.9117247327,9.0
2026-03-18 14:10:00,AMBER_BUILDING,51.86728986567356,0.5464641151337484,0,1.9096198929069694,0.4324966928767806,4818117.04,1609061.9267854549,7.0
2026-03-18 14:36:00,AMBER_BUILDING,53.380533568509094,0.7640818052464545,0,0.5516614002856409,0.42688873692142515,2000673.0,1577782.4265901772,8.0
2026-03-18 14:37:00,AMBER_BUILDING,59.394705319555634,0.7631503537800433,0,-0.4860197395704363,0.4382542307979121,957825.95,1577782.4265901772,12.0
2026-03-18 14:38:00,AMBER_BUILDING,62.07107372279387,1.009040342575174,0,-3.4391026336281536,0.5180615879947491,121705.68,1577782.4265901772,4.0
2026-03-18 14:45:00,AMBER_BUILDING,69.71485299508409,0.7317646258282139,0,2.95982468753906,0.4982870581342556,7042089.07,1353885.7424121315,7.0
2026-03-18 14:46:00,AMBER_BUILDING,58.790443467535745,0.5978278023394581,0,1.079534091022612,0.4269428342386581,2328460.9699999997,1376444.7017170072,8.0
2026-03-18 14:47:00,AMBER_BUILDING,51.50716221452222,0.6808691562374535,0,-1.347082051742053,0.44742589835431706,550937.3,1391768.88168618,3.0
2026-03-18 14:48:00,AMBER_BUILDING,50.85727207785481,0.7827655651767842,0,-1.6301870657185258,0.4782886640431067,455125.83,1391768.88168618,3.0
2026-03-18 14:49:00,AMBER_BUILDING,53.39641456721873,0.7369178592461938,0,0.011864980174231066,0.44064888794560136,1217335.48,1376444.7017170072,13.0
2026-03-18 14:50:00,AMBER_BUILDING,52.40033942702228,0.6664005048185578,0,0.34636623533244787,0.40831164355286365,1472095.67,1353885.7424121315,6.0
2026-03-18 15:00:00,AMBER_BUILDING,50.71305554921136,0.8740619708430504,1,-5.4159963686713075,0.5997537410722533,23665.98,1303261.7682614739,1.0
2026-03-18 15:01:00,AMBER_BUILDING,56.5158292460969,0.8900954321393622,0,-0.869057530354705,0.45901247759340325,602298.53,1303261.7682614739,6.0
2026-03-18 15:02:00,AMBER_BUILDING,63.651605545764276,0.8261934544390113,0,0.14332603042041156,0.45297921168773964,1223486.77,1303261.7682614739,5.0
2026-03-18 15:03:00,AMBER_BUILDING,60.061752450178496,0.8072751927123856,0,-0.3222116174147923,0.43517246876843085,876693.8099999999,1293223.9669820594,5.0
2026-03-18 15:04:00,AMBER_BUILDING,57.4505162587933,0.7634927711991156,0,-0.009982098466022734,0.45034537843117534,1079623.04,1280281.8665535832,5.0
2026-03-18 15:05:00,AMBER_BUILDING,54.32763579872793,0.7048003833715386,0,0.22149524436396634,0.4076485139654968,1255511.3399999999,1280281.8665535832,6.0
2026-03-18 17:34:00,AMBER_BUILDING,53.61000551567801,0.6933072236194566,0,-0.5889810696744139,0.42102986142912835,1139131.21,1918699.3219668635,6.0
2026-03-18 17:35:00,AMBER_BUILDING,50.16937601035335,0.7032664361439674,0,-0.5207182183478704,0.46987332491511064,1189426.45,1918699.3219668635,4.0
2026-03-18 17:55:00,AMBER_BUILDING,50.77637144290863,1.916774512752624,1,-18.873205086565292,0.6918515875950378,0.0,1126921.6100974954,0.0
2026-03-18 17:56:00,AMBER_BUILDING,69.4595983556952,1.6367932361586532,0,0.16392746783109546,0.5200854438638995,1075203.3800000001,1126921.6100974954,6.0
2026-03-18 18:00:00,AMBER_BUILDING,52.24913115515047,0.9866741153501819,0,0.2220042802063488,0.47029253105483576,312538.92,0.0,3.0
2026-03-19 06:36:00,AMBER_BUILDING,50.71109700923186,0.8350213071813577,1,-10.535780640471463,0.6763431473183747,0.0,426186.40288119286,0.0
2026-03-19 06:37:00,AMBER_BUILDING,55.11166625451836,0.7214024647798142,0,0.8156339149069479,0.5294589684756266,1031951.19,426186.40288119286,1.0
2026-03-19 06:38:00,AMBER_BUILDING,58.77043072703702,0.6799296065862154,0,-0.2121102416337957,0.49749851183919946,299643.5,432921.6046730581,1.0
2026-03-19 06:39:00,AMBER_BUILDING,54.39378268569066,0.6882523715480274,0,-1.072586424490929,0.5209918707654951,103442.56,426186.40288119286,1.0
2026-03-19 06:40:00,AMBER_BUILDING,56.919923825649136,0.7987562481466749,0,-2.95449080315822,0.5791751125897115,9950.73,417723.3461068305,1.0
2026-03-19 06:41:00,AMBER_BUILDING,56.00369131852337,0.629707277056529,0,2.0198400195089214,0.5261664249235024,4558208.1,412776.2996478694,5.0
2026-03-19 06:42:00,AMBER_BUILDING,53.103758253859326,0.5570229747622487,0,0.4943207095793271,0.4601369988201457,693339.12,417723.3461068305,5.0
2026-03-20 06:34:00,AMBER_BUILDING,54.96494427353505,0.6988902572003766,2,-12.034293397680955,0.650619724627389,0.0,397082.188635171,0.0
2026-03-20 06:36:00,AMBER_BUILDING,74.01413315444391,1.042984109565181,1,-0.008681665987496296,0.5098169185385113,292823.54000000004,390104.1797189209,2.0
2026-03-20 06:37:00,AMBER_BUILDING,75.8268192126006,0.9152711563983587,0,1.359220864589264,0.4606492993143532,1258948.2999999998,383529.21768132615,4.0
2026-03-20 06:38:00,AMBER_BUILDING,70.59155128206915,0.9311371128262986,0,-1.908183998061312,0.5520894707083627,37055.03,390104.1797189209,1.0
2026-03-20 06:39:00,AMBER_BUILDING,67.03499689717783,0.8723056017860903,0,-0.12173308529487058,0.48840756932585944,255645.49,390104.1797189209,2.0
2026-03-20 06:40:00,AMBER_BUILDING,67.08442968881103,0.9014224699100959,0,-2.1313024357615467,0.5496296896859323,27894.18,383529.21768132615,2.0
2026-03-20 06:41:00,AMBER_BUILDING,63.70641399561379,0.7776069349016015,0,1.5279625513810768,0.48484494883805956,1546115.31,383529.21768132615,7.0
2026-03-20 06:42:00,AMBER_BUILDING,61.61979269326631,0.7685415696890674,0,-1.0165020693317537,0.4956783404511923,87749.28,383529.21768132615,2.0
2026-03-20 06:43:00,AMBER_BUILDING,58.1008019916653,0.7745100248539136,0,-1.3463156449316536,0.5005712132451039,58202.56,378496.1237656646,1.0
2026-03-20 06:44:00,AMBER_BUILDING,55.467200015185426,0.697405442931187,0,0.6364457552497815,0.4333714863340635,575554.64,375530.0844350513,4.0
2026-03-20 06:45:00,AMBER_BUILDING,51.00642880228966,0.5900998784545021,0,1.48219991055164,0.4411938357062508,2360238.93,864627.0722503335,5.0
2026-03-23 06:32:00,AMBER_BUILDING,56.05164543080911,0.6482454256862528,0,-0.3090373486878846,0.4696127203375088,256253.40999999997,369604.59658806934,3.0
2026-03-23 06:33:00,AMBER_BUILDING,51.25708918060519,0.5915758118357894,0,-0.10402591436716482,0.4501030968124451,322168.48,364153.8311418811,3.0
2026-03-23 15:58:00,AMBER_BUILDING,52.55874142975828,0.6230600806526242,0,-1.697313479903714,0.47943828102539926,276995.75,845936.0833479025,3.0
2026-03-23 16:30:00,AMBER_BUILDING,60.13853401998832,0.9953759108107346,0,-2.919134081311549,0.51765289528518,390965.15,1424549.8141126598,4.0
2026-03-23 16:31:00,AMBER_BUILDING,72.10817448920925,0.9253830289070791,0,-0.4541801411109215,0.466192896543491,1254293.8,1399472.4117355042,9.0
2026-03-23 16:32:00,AMBER_BUILDING,66.16474337271787,0.8077625544038567,0,0.7749929732928481,0.4687001697783676,2228361.42,1399472.4117355042,6.0
2026-03-23 16:33:00,AMBER_BUILDING,59.268680393704415,0.7591758422041724,0,-0.5616635410553198,0.4460617356849316,1177808.96,1399472.4117355042,9.0
2026-03-23 16:34:00,AMBER_BUILDING,53.43357426040822,0.5909551464920748,0,2.2495170095594257,0.4858989384475384,4487746.7299999995,1387331.9000810597,7.0
2026-03-24 06:50:00,AMBER_BUILDING,51.38305133625249,1.005829637929287,1,-18.330426304043243,0.6758512943921099,0.0,862808.1392035233,0.0
2026-03-24 06:51:00,AMBER_BUILDING,61.63478792007843,0.9757079023933356,0,-1.6263300654519075,0.5145707423074133,264827.75,842733.845882576,2.0
2026-03-24 06:52:00,AMBER_BUILDING,72.26834946806012,0.9547332827294157,0,-1.3055596304275918,0.45240005610994855,331774.05,842733.845882576,2.0
2026-03-24 06:53:00,AMBER_BUILDING,66.19879679950571,0.8214062120020745,0,1.1380714545018895,0.46644544718867376,2076918.74,821342.2518556734,6.0
2026-03-24 06:54:00,AMBER_BUILDING,63.03085302395264,0.8363238891351417,0,-1.7933260325309979,0.4586681826013182,225135.46000000002,842733.845882576,2.0
2026-03-24 06:55:00,AMBER_BUILDING,60.81354537876762,0.8461676285948972,0,-1.6932837658028048,0.48009801478882974,232611.83,821342.2518556734,1.0
2026-03-24 06:56:00,AMBER_BUILDING,58.84807581200161,0.7420422726834511,0,0.7125315413019933,0.4249320060191549,1468947.74,809586.4406776901,4.0
2026-03-24 06:57:00,AMBER_BUILDING,55.57094814981044,0.6821934109246651,0,-0.029136382600763785,0.4150136519033472,817695.6799999999,809586.4406776901,4.0
2026-03-24 06:58:00,AMBER_BUILDING,52.80726730637605,0.7112742984580661,0,-1.774508023590376,0.45050278534521976,209377.24,818370.6863920275,2.0
2026-03-24 08:19:00,AMBER_BUILDING,50.73188427854338,0.6368895077611341,0,-1.763650908979421,0.4352068841886613,667398.12,1997573.7778453545,8.0
2026-03-24 08:21:00,AMBER_BUILDING,51.08662422818813,0.7040772505606031,1,-1.3182576475859205,0.47944074291933203,875046.46,1997573.7778453545,3.0
2026-03-24 08:22:00,AMBER_BUILDING,53.442086500977005,0.7452602056725699,1,-1.824314960880778,0.45959663665566014,637411.1699999999,1997573.7778453545,4.0
2026-03-24 08:23:00,AMBER_BUILDING,54.6266462821396,0.7652792730925994,1,-1.4922096698096632,0.44342570190131747,776420.0900000001,1980284.016118272,8.0
2026-03-24 08:24:00,AMBER_BUILDING,58.15195547511772,0.8309978203468076,1,-2.3761113693652023,0.4640053462574325,435286.42,1963344.6921447571,6.0
2026-03-24 08:25:00,AMBER_BUILDING,57.81978284758082,0.7543548262614536,0,0.18692570709993997,0.45699909322637405,2213275.52,1961295.3610473247,5.0
2026-03-24 08:26:00,AMBER_BUILDING,56.38848436248902,0.7066341382625484,0,-0.23393494809292156,0.432786780962386,1685968.21,1961295.3610473247,6.0
2026-03-24 08:27:00,AMBER_BUILDING,56.866588210984254,0.8118681817738289,0,-3.0240294336298716,0.5391764164244782,283398.02999999997,1927576.7768950174,2.0
2026-03-24 08:28:00,AMBER_BUILDING,57.47076331001216,0.7836717505482956,0,-0.6828262173493419,0.4588752505967592,1237090.46,1927576.7768950174,6.0
2026-03-24 08:29:00,AMBER_BUILDING,57.35126929686188,0.6933380930663852,0,0.5064415696661085,0.47347736372439564,2675071.93,1927576.7768950174,4.0
2026-03-24 08:30:00,AMBER_BUILDING,52.56939272888264,0.6897338200665599,0,-0.9706898872701739,0.43679889177947917,1324604.2,2274199.246012559,11.0
2026-03-24 08:31:00,AMBER_BUILDING,51.011847639657304,0.7077645696498639,0,-1.3430768033999305,0.44130147373905276,1054417.29,2262178.58169617,10.0
2026-03-24 10:17:00,AMBER_BUILDING,50.3834842893855,0.728106154951523,0,0.3496756295282948,0.43330004041989423,2114652.57,2207075.687679978,11.0
2026-03-24 10:18:00,AMBER_BUILDING,52.27041980693625,0.6314411006930312,0,0.7690967425811515,0.4076724458537225,2857916.01,2203071.4783898178,9.0
2026-03-24 10:19:00,AMBER_BUILDING,50.22359964091427,0.7200151436571554,0,-0.9022154368196998,0.43455022150728306,870454.8500000001,2203071.4783898178,7.0
2026-03-24 10:20:00,AMBER_BUILDING,50.872416529891694,0.7536961014286825,0,-0.4508961002965907,0.40916595723818894,1194885.53,2201893.3484096546,8.0
2026-03-24 10:21:00,AMBER_BUILDING,54.10197677882669,0.7872667969990881,0,-0.42924619006583803,0.4225486668828945,1219561.47,2201893.3484096546,9.0
2026-03-24 10:22:00,AMBER_BUILDING,55.84998228571237,0.8015984426716016,0,-0.3268362178436581,0.43617288780554164,1316874.81,2201893.3484096546,7.0
2026-03-24 10:23:00,AMBER_BUILDING,57.16678241126811,0.8069322675356092,0,-0.24153252762230856,0.41216189054663416,1387515.55,2201893.3484096546,9.0
2026-03-24 10:24:00,AMBER_BUILDING,60.68904112648969,0.9439867843999807,0,-1.4766928195084645,0.462813413232887,566247.11,2190051.9097306645,5.0
2026-03-24 10:25:00,AMBER_BUILDING,61.939642975661656,0.8653403013461821,0,0.44903759997825105,0.4233102564444935,2198259.25,2162887.29824279,7.0
2026-03-24 10:26:00,AMBER_BUILDING,59.40333690433289,0.6411813591659843,0,1.900209112029304,0.48227209269070986,6327462.39,2162887.29824279,7.0
2026-03-24 10:27:00,AMBER_BUILDING,54.340586843071314,0.729338332164335,0,-0.8621203527811536,0.4330016987528052,838901.5800000001,2162887.29824279,8.0
2026-03-24 10:28:00,AMBER_BUILDING,51.40305344663562,0.7630024926156571,0,-0.42726213682933367,0.41159943859623627,1149380.86,2144980.646620129,6.0
2026-03-24 10:52:00,AMBER_BUILDING,56.65341902097881,0.9575417821067692,0,-1.1703140478630427,0.44882424932870185,424394.06000000006,1709967.2518839454,7.0
2026-03-24 10:53:00,AMBER_BUILDING,64.70220610320409,0.8858436429568833,0,0.37799878214048355,0.41085529187628433,1633040.5499999998,1694210.7451422557,8.0
2026-03-24 10:54:00,AMBER_BUILDING,64.40904512520015,0.911722765386589,0,-0.3927306074887768,0.4193954171940888,835915.89,1694210.7451422557,4.0
2026-03-24 10:55:00,AMBER_BUILDING,63.9223298224976,0.9365309924059362,0,-0.4102350613327537,0.40303523123876844,814134.24,1682369.2979121467,7.0
2026-03-24 10:56:00,AMBER_BUILDING,66.09390483784938,0.9910754706960233,0,-0.7104938164478377,0.4183732930255871,639700.29,1682369.2979121467,6.0
2026-03-24 10:57:00,AMBER_BUILDING,65.65725930213351,0.8896282273631128,0,1.0831672187150645,0.42335430791074297,2890046.32,1674514.5549114011,9.0
2026-03-24 10:58:00,AMBER_BUILDING,61.87124704130787,0.7538829460930582,0,0.9657935846738004,0.4169983862208481,2672328.3200000003,1674514.5549114011,14.0
2026-03-24 10:59:00,AMBER_BUILDING,54.28597047188783,0.6160326354257238,0,1.0510545671959084,0.4330214734918118,2942750.41,1675859.3389461865,11.0
2026-03-24 11:07:00,AMBER_BUILDING,50.82271883271562,0.7815881015680054,0,-0.6851685342564807,0.45138074207186896,467707.7,1391509.0442071434,4.0
2026-03-24 11:08:00,AMBER_BUILDING,56.118450710572624,0.8737175174707114,0,-0.8652068021503265,0.4829013576365435,393781.37,1391509.0442071434,2.0
2026-03-24 11:09:00,AMBER_BUILDING,60.505227738498114,0.9118092374205764,0,-0.46632188073735154,0.40989560336729425,573612.77,1391509.0442071434,6.0
2026-03-24 11:10:00,AMBER_BUILDING,60.72105292016525,0.8033828008827808,0,0.7734913472604854,0.40024909592985625,1858569.9200000002,1391509.0442071434,6.0
2026-03-24 11:11:00,AMBER_BUILDING,56.12908140153311,0.6795008141548912,0,0.9641834724223342,0.3934880897779058,2263935.34,1391509.0442071434,9.0
2026-03-24 11:12:00,AMBER_BUILDING,51.396417705954576,0.6593486046128919,0,0.16403832836624338,0.4061525501217745,1057168.1,1391509.0442071434,10.0
2026-03-24 12:24:00,AMBER_BUILDING,51.32706831695679,0.5405916503007945,0,1.3951051141456865,0.4523753793946199,3990483.0300000003,1616682.3487587005,7.0
2026-03-24 12:51:00,AMBER_BUILDING,53.43556515838478,0.7920338887733435,0,-0.95033555324771,0.4277254334053244,650571.52,1683397.5913878316,8.0
2026-03-24 12:52:00,AMBER_BUILDING,52.94630723403014,0.7578686412356462,0,0.07428740890859152,0.4168575168132886,1358862.93,1671038.3958651633,6.0
2026-03-24 12:53:00,AMBER_BUILDING,53.4502369303161,0.6971013292688453,0,0.36152573774674823,0.4157367982578258,1657181.55,1654283.0595889871,8.0
2026-03-24 12:54:00,AMBER_BUILDING,50.785742935718055,0.648038367249256,0,0.3016267658836095,0.41497291180617213,1584957.2,1658674.8072264604,8.0
2026-03-24 13:32:00,AMBER_BUILDING,60.25010218505781,0.8951642224428132,0,-1.5974692907027317,0.4291680679547269,469847.47000000003,1665571.9271134199,6.0
2026-03-24 13:33:00,AMBER_BUILDING,60.3651064787904,0.8614713580787904,0,-0.07515540080036966,0.44972436112243597,1262118.05,1665571.9271134199,5.0
2026-03-24 13:34:00,AMBER_BUILDING,60.95967454591457,0.8091562929825702,0,0.17592243471289853,0.40170545042615685,1484556.54,1665571.9271134199,7.0
2026-03-24 13:35:00,AMBER_BUILDING,59.36436270880796,0.8533002225683318,0,-0.8910880958472022,0.40858017380011896,760619.48,1648494.095406992,8.0
2026-03-24 13:36:00,AMBER_BUILDING,62.506282657117595,0.9855080469750152,0,-1.9299695703311115,0.451839643980271,391691.29000000004,1648494.095406992,6.0
2026-03-24 13:37:00,AMBER_BUILDING,70.08677919014475,1.1284266634741504,0,-2.1810431915826105,0.4642825486950074,325013.05999999994,1612955.8136421768,4.0
2026-03-24 13:38:00,AMBER_BUILDING,75.08451167930271,1.0690615881153933,0,-0.023906555755859635,0.41558513016550425,1276901.1,1612955.8136421768,6.0
2026-03-24 13:40:00,AMBER_BUILDING,71.64574443525505,0.8523170628807832,0,2.2189230620164655,0.5089189034125192,5066140.96,1565056.1666697913,6.0
2026-03-24 13:41:00,AMBER_BUILDING,70.79945749778376,0.9893968602682007,0,-2.005987006000515,0.4967687939354141,353653.07999999996,1565056.1666697913,4.0
2026-03-24 13:42:00,AMBER_BUILDING,67.78561702795177,0.9681474887647868,0,-0.3268647098319911,0.43332331042393457,997188.65,1539042.452532788,7.0
2026-03-24 13:43:00,AMBER_BUILDING,67.83392055406836,0.9043734260857227,0,0.2328503100037239,0.47334726723840365,1397520.6099999999,1518429.3339362764,2.0
2026-03-24 13:44:00,AMBER_BUILDING,64.02735124510166,0.8514042406508968,0,0.12455475603936796,0.4116611607970832,1319141.9100000001,1518429.3339362764,9.0
2026-03-24 13:45:00,AMBER_BUILDING,62.93309398827682,0.9197690766540366,0,-1.2466210183649011,0.4139889424339371,754114.75,1763939.3654014964,6.0
2026-03-24 13:47:00,AMBER_BUILDING,54.77042781920881,0.5334216226012121,0,-0.2655633775210588,0.4344235210853921,1285103.3,1779609.7815190055,8.0
2026-03-24 14:06:00,AMBER_BUILDING,51.768672375916374,0.6857314394840492,0,0.865441721926762,0.43267027502859295,2297982.98,1594400.848489398,10.0
2026-03-24 14:07:00,AMBER_BUILDING,54.08002986174812,0.6853699015885182,0,-0.24430446069644912,0.41010175251068404,1043067.5700000001,1597448.9831021414,7.0
2026-03-24 14:34:00,AMBER_BUILDING,51.968648165671745,0.6124568670466598,0,0.4962558944565391,0.41568293489695834,1634729.0,1416037.7095637051,8.0
2026-03-24 14:36:00,AMBER_BUILDING,51.18048827141934,0.7920000355567294,0,-1.3686448100042685,0.4488331006688261,467595.08,1426567.3280299534,4.0
2026-03-24 14:37:00,AMBER_BUILDING,55.173006087992356,0.79635849774257,0,-0.45669218898390734,0.4819200755450049,864837.49,1426567.3280299534,2.0
2026-03-24 14:38:00,AMBER_BUILDING,55.189527669571966,0.7108613537298096,0,0.5279969277311913,0.39893061810380065,1679962.8900000001,1426567.3280299534,9.0
2026-03-24 14:39:00,AMBER_BUILDING,54.19041171413431,0.7534634898219914,0,-0.798236384062721,0.4122889050742878,695935.86,1426567.3280299534,7.0
2026-03-24 14:40:00,AMBER_BUILDING,52.655909543329614,0.7390225743342761,0,-0.2066506391346859,0.4292163289130777,1013929.65,1416037.7095637051,3.0
2026-03-24 14:41:00,AMBER_BUILDING,50.57253116519947,0.5849914797905685,0,1.3047680479462604,0.4408296013616193,2812947.33,1416037.7095637051,5.0
2026-03-24 14:42:00,AMBER_BUILDING,50.47560547624776,0.7210441590915142,0,-1.664364055285769,0.46780393335979115,385530.37,1426567.3280299534,6.0
2026-03-24 14:44:00,AMBER_BUILDING,52.07349292935506,0.7249288583707545,0,-0.8171444728061846,0.4192225323686298,691631.1499999999,1416037.7095637051,6.0
2026-03-24 14:45:00,AMBER_BUILDING,58.59905897431391,0.9709482126666725,0,-2.934859112912138,0.5315626432877785,127639.54999999999,1292525.5321616381,2.0
2026-03-24 14:46:00,AMBER_BUILDING,65.29494489392478,1.002161061076261,0,-0.8863543416951609,0.4449709713037397,549087.49,1285354.1072752292,5.0
2026-03-24 14:47:00,AMBER_BUILDING,68.82318670978036,0.8922771137455856,0,0.6142045187758147,0.4512950479566147,1588166.8,1256722.3211115357,10.0
2026-03-24 14:48:00,AMBER_BUILDING,69.89824269811838,1.0633449308177063,0,-2.2696573271738307,0.483177141678349,186835.43,1256722.3211115357,6.0
2026-03-24 14:49:00,AMBER_BUILDING,71.45127039220431,1.08617029437106,0,-0.8512590799675083,0.4250317999347367,519383.33,1256722.3211115357,6.0
2026-03-24 14:50:00,AMBER_BUILDING,72.12974068404266,0.933013025071921,0,0.9790179052053892,0.42780621403636043,2105835.99,1225081.709361629,10.0
2026-03-24 14:51:00,AMBER_BUILDING,71.36507715201999,1.050224487630043,0,-1.7075544660109023,0.49192369142048487,260458.28,1256722.3211115357,2.0
2026-03-24 14:52:00,AMBER_BUILDING,67.68421386448343,0.8949181908843289,0,1.012486649271749,0.44737143403923707,2184995.89,1225081.709361629,8.0
2026-03-24 14:53:00,AMBER_BUILDING,65.30708955282022,0.8495766898442897,0,-0.00025534478286635964,0.4043383431445299,1011617.13,1256722.3211115357,4.0
2026-03-24 14:54:00,AMBER_BUILDING,59.06172168799734,0.7768449468903025,0,0.324247144026108,0.4169604184151715,1307562.26,1256722.3211115357,6.0
2026-03-24 14:55:00,AMBER_BUILDING,57.1789896739569,0.8150861151996097,0,-0.7663037908085618,0.4341584627647473,556876.16,1256722.3211115357,10.0
2026-03-24 14:56:00,AMBER_BUILDING,54.45853681541263,0.6722953101158126,0,1.0192550938722513,0.4679647127427699,2377219.5999999996,1256722.3211115357,3.0
2026-03-24 14:57:00,AMBER_BUILDING,50.22175042891653,0.5695834986534966,0,0.733583624185377,0.4129830946811007,1884027.2,1256722.3211115357,5.0
2026-03-24 15:23:00,AMBER_BUILDING,50.94247396211434,0.5953454730486007,0,0.21797721587259,0.40943789327819263,926144.92,969593.2111189578,5.0
2026-03-24 16:04:00,AMBER_BUILDING,53.785959743216715,0.827529436410725,0,-1.1331975997231316,0.4985490924048984,213792.65,879789.7930939519,1.0
2026-03-24 16:05:00,AMBER_BUILDING,57.79749341085486,0.793020209551912,0,-0.045660672953500146,0.4185103238139246,621125.5900000001,879789.7930939519,6.0
2026-03-24 16:06:00,AMBER_BUILDING,55.78446485544877,0.7277977756312249,0,0.34923059978472787,0.45713794555666576,900608.53,879789.7930939519,2.0
2026-03-24 16:07:00,AMBER_BUILDING,55.273871372608575,0.808941868405551,0,-1.2436797604178633,0.4630724265500449,222711.75,892049.226616043,3.0
2026-03-24 16:08:00,AMBER_BUILDING,56.063371764977184,0.8082845477065973,0,-0.3940499583840559,0.4326016904721464,464963.52,879789.7930939519,6.0
2026-03-24 16:09:00,AMBER_BUILDING,55.389612250998844,0.7010862355332284,0,0.8018634997880617,0.4222856236707656,1328611.09,868893.9045022216,6.0
2026-03-24 16:35:00,AMBER_BUILDING,54.966626249443244,0.9580767178546615,0,-1.9384401336549542,0.46558854014093903,357644.82,1399472.4117355042,3.0
2026-03-24 16:36:00,AMBER_BUILDING,66.97681631827179,0.935887566059239,0,-0.2801643127338367,0.45103015056647755,943972.14,1387331.9000810597,7.0
2026-03-24 16:37:00,AMBER_BUILDING,65.80467844179988,0.8786870996632119,0,0.15492884191446474,0.4472536832081076,1214554.11,1369876.9578022414,3.0
2026-03-24 16:38:00,AMBER_BUILDING,61.71967727284192,0.8007871522582869,0,0.449962953919863,0.40779531362591814,1434371.0499999998,1357067.7258717185,7.0
2026-03-24 16:39:00,AMBER_BUILDING,59.550037150504664,0.8380495802134657,0,-0.8011747452469604,0.42866514588275784,707857.49,1369876.9578022414,3.0
2026-03-24 16:40:00,AMBER_BUILDING,58.15740833125369,0.8176127567982208,0,-0.16989784683249023,0.40732381182314326,1010293.75,1369876.9578022414,6.0
2026-03-24 16:41:00,AMBER_BUILDING,55.413148122963285,0.6386161576588907,0,1.654586106605905,0.4510371270121794,2861665.65,1369876.9578022414,8.0
2026-03-24 17:25:00,AMBER_BUILDING,50.200795609260105,0.7358840164573233,0,-0.7150116150244371,0.40838234266650947,962663.59,2204026.6195393233,8.0
2026-03-24 17:26:00,AMBER_BUILDING,50.26612098512525,0.71750272886549,0,-0.055996120042558696,0.4053513110691204,1621484.9700000002,2204026.6195393233,10.0
2026-03-24 17:27:00,AMBER_BUILDING,50.82040494887891,0.6805835547595044,0,0.1587316036044967,0.4205232533128756,1905353.64,2204026.6195393233,7.0
2026-03-24 17:41:00,AMBER_BUILDING,54.876687043244225,0.8895105663428694,0,-2.213335757950919,0.4608469707445832,316938.7,1931019.0277144643,6.0
2026-03-24 17:42:00,AMBER_BUILDING,57.266174877196306,0.7826347390362283,0,0.762116785512035,0.44143882058860556,2520679.43,1931019.0277144643,7.0
2026-03-24 17:43:00,AMBER_BUILDING,61.742530368256524,0.8874378087591425,0,-1.376669656073421,0.44363327291994026,553924.05,1952257.534114323,4.0
2026-03-24 17:44:00,AMBER_BUILDING,59.456890976615945,0.8636023004871014,0,-0.12567519208922406,0.4069911161644106,1347995.97,1931019.0277144643,9.0
2026-03-24 17:45:00,AMBER_BUILDING,64.27838201567012,0.9991928573977706,0,-1.6534147206968837,0.45850219148081717,224743.42,1209131.5342612965,3.0
2026-03-24 17:46:00,AMBER_BUILDING,65.76504537172144,0.9945496411516136,0,-0.39422967478085447,0.41650125834573776,646151.23,1209131.5342612965,6.0
2026-03-24 17:47:00,AMBER_BUILDING,66.74031776146488,0.8949389101540501,0,0.5859348273516285,0.40952159419740797,1390786.02,1177223.6919472488,8.0
2026-03-24 17:48:00,AMBER_BUILDING,61.36618885052365,0.7478870844722134,0,1.149768202572825,0.4831599988603212,2190674.02,1177223.6919472488,2.0
2026-03-24 17:49:00,AMBER_BUILDING,57.06712003624239,0.7531127748983979,0,-0.3027514114839292,0.446212713494107,683556.7999999999,1177223.6919472488,7.0
2026-03-24 17:50:00,AMBER_BUILDING,54.43367262523916,0.7729609566461928,0,-0.48286882819840965,0.4159781280187842,601040.6,1177223.6919472488,6.0
2026-03-24 17:51:00,AMBER_BUILDING,53.52202882567309,0.7329885200589781,0,0.1549931546746859,0.41277217399234084,958419.48,1150371.7754963983,6.0
2026-03-24 17:52:00,AMBER_BUILDING,54.28196875378952,0.7941785486099688,0,-0.9062880356093871,0.4413108998521329,426811.91000000003,1148798.8704128584,3.0
2026-03-24 17:53:00,AMBER_BUILDING,66.14884772607628,2.3955261558578553,1,-17.77487896037511,0.691154277929206,0.0,1148798.8704128584,0.0
2026-03-24 17:54:00,AMBER_BUILDING,77.25515646223015,2.072839114636306,0,0.06623041651516996,0.5307130033767192,885263.4500000001,1148798.8704128584,5.0
2026-03-25 06:00:00,AMBER_BUILDING,57.07801545301371,0.0,0,0.37864213876895353,0.5750949258950435,0.0,0.0,0.0
2026-03-25 06:32:00,AMBER_BUILDING,50.38414355880449,0.09218137555832821,0,-2.3110782774816596,0.5609840565399539,12347.42,369604.59658806934,1.0
2026-03-25 06:48:00,AMBER_BUILDING,54.175339407183735,0.789398491766377,0,-0.614223462950419,0.484763276980645,347552.66,788682.955763151,4.0
2026-03-25 06:49:00,AMBER_BUILDING,57.73773341198523,0.6834956730375495,0,1.161612015460441,0.4176798593648119,1689316.5999999999,788682.955763151,8.0
2026-03-25 06:50:00,AMBER_BUILDING,51.20639561062512,0.6238860235364155,0,0.4086169904615916,0.4200410076697399,860243.2400000001,788682.955763151,5.0
2026-03-25 16:02:00,AMBER_BUILDING,54.38402654464767,0.8183726909977544,0,-0.10606420846921137,0.5504741259084803,711603.6699999999,868893.9045022216,2.0
2026-03-25 16:03:00,AMBER_BUILDING,64.16181358950865,0.7874886541473518,0,-0.5114198162791949,0.46250003891499863,503690.44000000006,868893.9045022216,3.0
2026-03-25 16:04:00,AMBER_BUILDING,58.12021205692313,0.6747241853934561,0,1.0571349408141848,0.49344686832626583,1865086.4600000002,846519.4196766448,7.0
2026-03-25 16:05:00,AMBER_BUILDING,53.67995603232904,0.6213198470195989,0,0.11865267961089877,0.4727531831250985,860680.76,868893.9045022216,5.0
2026-03-25 18:00:00,AMBER_BUILDING,50.88552638706883,0.3873675679607021,2,-3.8419848450186844,0.4921979177842976,65919.45,1001391.0400000005,2.0
2026-03-26 06:32:00,AMBER_BUILDING,55.528116572654845,0.6652904007011222,0,0.7601421460132656,0.4923432537912081,927939.3999999999,369604.59658806934,3.0
2026-03-26 06:33:00,AMBER_BUILDING,50.472778006789355,0.5386782104507014,0,-1.5627761024589568,0.5360500134028853,45966.3,369604.59658806934,1.0
2026-03-26 07:05:00,AMBER_BUILDING,53.978420814024844,0.6877361432379752,2,-3.4024972631455594,0.5406603224901011,45661.68,1003682.5039925345,2.0
2026-03-26 07:06:00,AMBER_BUILDING,57.65382052514095,0.6398496392589722,2,-0.03335955907077058,0.46018730793377793,854444.3799999999,988265.9849007769,4.0
2026-03-26 07:07:00,AMBER_BUILDING,55.33117039211967,0.6491316549288104,2,-1.1782025142977386,0.444092674788766,310635.65,988265.9849007769,4.0
2026-03-26 11:27:00,AMBER_BUILDING,52.62773327678908,1.511794073068722,1,-19.18280618185482,0.699761080907728,0.0,1144441.2402063517,0.0
2026-03-26 11:28:00,AMBER_BUILDING,69.59200857998258,1.4098886658995546,0,-1.0889096119973756,0.526063654945628,461402.6,1144441.2402063517,6.0
2026-03-26 11:38:00,AMBER_BUILDING,71.25180260616081,0.9364498460884454,0,0.38643632469687295,0.45761842623967347,1477454.63,1273043.5133860582,6.0
2026-03-26 11:39:00,AMBER_BUILDING,65.88720523267138,0.8471013647959998,0,0.4133095990831367,0.4508367636177931,1507689.6400000001,1274950.1524018042,7.0
2026-03-26 11:40:00,AMBER_BUILDING,60.60802071943059,0.7834582204103274,0,0.08927385297572987,0.45651811717972135,1215217.24,1274950.1524018042,7.0
2026-03-26 11:41:00,AMBER_BUILDING,57.385290342801945,0.7614880290346995,0,-0.5634414771661127,0.49739639050203605,800698.56,1273043.5133860582,4.0
2026-03-26 11:42:00,AMBER_BUILDING,54.997913451785074,0.7161139553841911,0,-0.11179652344555652,0.471766466629338,1043490.5900000001,1249269.700940637,4.0
2026-03-26 11:43:00,AMBER_BUILDING,51.395714197432106,0.6144838823669875,0,0.9657626433980994,0.46755084229761845,2043552.4,1221441.4650739455,5.0
2026-03-26 15:33:00,AMBER_BUILDING,62.860359654134335,1.0325922463539903,0,-1.317908832693178,0.550665693231235,314424.27999999997,929880.2365765594,3.0
2026-03-26 15:34:00,AMBER_BUILDING,74.21158844523616,0.9073249134010388,0,0.9570600867864338,0.47793065026140463,1650941.04,903246.3747334953,7.0
2026-03-26 15:35:00,AMBER_BUILDING,66.15885387137978,0.7819645278309596,0,1.1420811427483324,0.4684946510178416,1906846.2599999998,903246.3747334953,5.0
2026-03-26 15:36:00,AMBER_BUILDING,58.79176770310898,0.7252666583358297,0,0.04338933990922396,0.46818920123501084,840172.98,903246.3747334953,3.0
2026-03-26 15:37:00,AMBER_BUILDING,53.99579906043228,0.6956969272019938,0,-0.3958608647600855,0.4698606359320585,596172.27,891065.7777416429,6.0
2026-03-26 15:38:00,AMBER_BUILDING,52.15152923910174,0.6983472038169626,0,-0.9575528776518564,0.4965021544985911,397000.44,891065.7777416429,4.0
2026-03-26 15:39:00,AMBER_BUILDING,50.16728986555421,0.642032528285963,0,0.15150286737490487,0.4697159045281164,895989.4099999999,891065.7777416429,4.0
2026-03-26 15:54:00,AMBER_BUILDING,52.79826901025398,1.1022884173741494,1,-15.585809616185445,0.6879399561374975,0.0,773726.9064560481,0.0
2026-03-26 15:55:00,AMBER_BUILDING,63.70749257764567,1.0014786980846557,0,0.007877807388038855,0.5231464421529531,671550.57,765669.3870307065,4.0
2026-03-26 15:56:00,AMBER_BUILDING,72.54041530901475,0.8929709676594803,0,0.6941434721175298,0.46739533690077395,1234066.66,754598.2972904397,5.0
2026-03-26 15:57:00,AMBER_BUILDING,69.79486405514787,0.9866156770574657,0,-3.020071216175695,0.5832894191593303,48085.43,754598.2972904397,1.0
2026-03-26 15:58:00,AMBER_BUILDING,67.26041760988896,0.8947906542258509,0,0.3904979256020193,0.4706664160551758,927157.14,754598.2972904397,5.0
2026-03-26 15:59:00,AMBER_BUILDING,67.30999379847077,0.8893444048414605,0,-1.1157473757887375,0.5005848489660697,254438.75000000003,766749.3357524694,3.0
2026-03-26 16:00:00,AMBER_BUILDING,64.31472254529551,0.9139473162471987,0,-1.6593645885059938,0.5157839488523185,160560.03999999998,879789.7930939519,3.0
2026-03-26 16:01:00,AMBER_BUILDING,64.39253763692297,0.8977593938538742,0,-0.9210134839284262,0.4795005259921678,320133.54,879789.7930939519,4.0
2026-03-26 16:02:00,AMBER_BUILDING,66.41366731465924,0.9461727972889263,0,-2.083432661785553,0.5305497737704461,95479.07,879789.7930939519,2.0
2026-03-26 16:03:00,AMBER_BUILDING,66.44823961817876,0.9174649913656305,0,-0.7159945476886065,0.4932814719438065,349037.91,868893.9045022216,2.0
2026-03-26 16:04:00,AMBER_BUILDING,70.56890137054594,1.004211568897087,0,-2.8165952375654704,0.5675349517035616,39635.93,868893.9045022216,1.0
2026-03-26 16:05:00,AMBER_BUILDING,69.2269748201308,0.9231144884512399,0,0.17396749975397674,0.47622527214254246,871974.91,868893.9045022216,3.0
2026-03-26 16:06:00,AMBER_BUILDING,66.72846603632121,0.8337654225158387,0,0.45611203780018317,0.436270145722482,1178776.99,866883.2644203365,6.0
2026-03-26 16:07:00,AMBER_BUILDING,61.88541468882129,0.8490036908997524,0,-1.36219901129258,0.4841216338356144,180034.18,873997.3595783832,4.0
2026-03-26 16:08:00,AMBER_BUILDING,58.98897344759927,0.803893470053352,0,-0.25922147714990457,0.442735797424575,562920.13,873997.3595783832,5.0
2026-03-26 16:09:00,AMBER_BUILDING,57.30495615413256,0.7369375438627981,0,0.22102046322399407,0.464719877283519,920721.39,873997.3595783832,9.0
2026-03-26 16:10:00,AMBER_BUILDING,55.35439819377202,0.7556359837729741,0,-1.300535571029866,0.4866785705234292,195450.99,873997.3595783832,3.0
2026-03-26 16:11:00,AMBER_BUILDING,52.566538550417846,0.6683890323868933,0,0.6783363694667881,0.4482243032026495,1470971.94,866883.2644203365,3.0
2026-03-26 16:12:00,AMBER_BUILDING,50.95097100719562,0.661491425328349,0,-0.7109181844443284,0.44356091871270803,355911.55999999994,873997.3595783832,4.0
2026-03-26 16:17:00,AMBER_BUILDING,57.264105103140004,1.3944326439424966,1,-16.393847556341207,0.6774141338891057,0.0,925962.9133082097,0.0
2026-03-26 16:18:00,AMBER_BUILDING,72.79284821449586,1.213284205685578,0,0.9582140174926254,0.5138831338956144,1745011.75,925962.9133082097,8.0
2026-03-26 16:21:00,AMBER_BUILDING,71.82884398642074,0.9757582801424414,0,-0.008965298070259373,0.4705742855240419,776210.83,936035.0955910404,5.0
2026-03-26 16:22:00,AMBER_BUILDING,69.05366177467823,0.9604588428039269,0,-0.9811894433211416,0.4662922418780033,347805.17000000004,936035.0955910404,4.0
2026-03-26 16:23:00,AMBER_BUILDING,65.19958980852351,0.8319337141203378,0,1.2062760925305513,0.4505709817042588,2106204.63,931156.8302650831,6.0
2026-03-26 16:24:00,AMBER_BUILDING,59.76531678329451,0.7569202955421132,0,0.37803114018132883,0.43116838982005656,1068459.65,936035.0955910404,3.0
2026-03-26 16:25:00,AMBER_BUILDING,54.31922386947614,0.6998519045683206,0,0.15214484997055158,0.4293435706880749,889557.74,939627.0149285113,6.0
2026-03-27 06:32:00,AMBER_BUILDING,59.241820282729144,0.6350098171635629,0,-2.120249257456722,0.5645238775227448,17407.33,345652.975560878,1.0
2026-03-27 06:33:00,AMBER_BUILDING,53.43916368913386,0.6122250187013902,0,0.8027513884633474,0.47545874665942944,808736.21,334373.52589077386,5.0
2026-03-30 06:32:00,AMBER_BUILDING,53.302720603771,0.6576986947292791,0,0.6604228127544444,0.4710778769269065,815189.38,330987.9675240973,2.0
2026-03-30 06:33:00,AMBER_BUILDING,50.949680985727035,0.5914211492849956,0,-0.40621180024960696,0.5102725593103205,220046.03,330987.9675240973,3.0
2026-03-30 07:59:00,AMBER_BUILDING,52.96674037737648,0.6685601941240475,0,1.430124825799906,0.5190110507451642,4389613.15,1553039.059455049,13.0
2026-03-30 08:00:00,AMBER_BUILDING,53.44779181914754,0.6715151299214505,0,1.079992603572979,0.4666041554711233,3849968.77,1565788.5432745644,11.0
2026-03-30 08:01:00,AMBER_BUILDING,50.25314471370155,0.6785227700767297,0,1.1722954179712588,0.49936324729038734,4240076.3100000005,1565788.5432745644,13.0
2026-03-30 08:02:00,AMBER_BUILDING,50.70188959070803,0.6853589743943461,0,1.182471148428631,0.5838882935488383,4335605.75,1585738.6574142582,24.0
2026-03-30 08:03:00,AMBER_BUILDING,50.42686711846605,0.6516771808781023,0,0.21212763624666658,0.48435384308596197,2263822.66,1585738.6574142582,14.0
2026-03-30 08:18:00,AMBER_BUILDING,50.510402232356796,0.6016009560918242,0,0.9683899030904027,0.5670639986321379,3711577.58,1890294.4318225773,21.0
2026-03-30 08:21:00,AMBER_BUILDING,50.08923734971876,0.6536606736951314,0,0.31460416287880133,0.49366604273524073,2684909.8200000003,1890294.4318225773,16.0
2026-03-30 08:26:00,AMBER_BUILDING,50.054062122262486,0.6685867990869225,0,0.4763284282351698,0.47002890207653697,2957987.87,1890294.4318225773,13.0
2026-03-30 08:27:00,AMBER_BUILDING,50.95046682346891,0.6810499260412781,0,1.15782759298205,0.4921089290485569,4369705.12,1890294.4318225773,14.0
2026-03-30 09:52:00,AMBER_BUILDING,50.362589567182795,0.6906382745018075,0,1.4649797750621993,0.5615032293374198,7428443.859999999,2584229.519919215,20.0
2026-03-30 09:53:00,AMBER_BUILDING,52.49662426695932,0.6934033184401661,0,0.6654229054737534,0.5905467104634653,5164440.11,2636155.4342023088,23.0
2026-03-30 09:54:00,AMBER_BUILDING,50.6825311290867,0.6545478582305048,0,-0.311093188995304,0.47614040411421665,3215255.47,2642963.260638442,15.0
2026-03-30 10:27:00,AMBER_BUILDING,53.09343889628889,0.7798171244492627,0,1.5095477573283895,0.553216313453914,8290718.0200000005,2188787.3787846044,15.0
2026-03-30 10:28:00,AMBER_BUILDING,56.395438996852874,0.8173030285891052,0,0.819586670781467,0.5547512805023731,5801576.92,2200621.980247198,19.0
2026-03-30 10:29:00,AMBER_BUILDING,58.93415520221638,0.8343780345612485,0,0.5561837590712784,0.560240759227023,4995884.92,2200621.980247198,21.0
2026-03-30 10:30:00,AMBER_BUILDING,58.66866042196873,0.7787030650561465,0,-0.644336342931219,0.5447209084472797,2124407.0300000003,1904020.3203381747,18.0
2026-03-30 10:31:00,AMBER_BUILDING,57.78763234230979,0.7829406995180208,0,0.28534861011173007,0.5291308201119096,3651448.3999999994,1904020.3203381747,18.0
2026-03-30 10:32:00,AMBER_BUILDING,56.07093271048583,0.7428391162619037,0,-0.4877215204073439,0.49122606597133894,2421131.94,1952466.4945258405,15.0
2026-03-30 10:33:00,AMBER_BUILDING,55.41426760868951,0.754005137816719,0,0.3414677819599144,0.5036709721662634,3971592.64,2025287.9565551456,15.0
2026-03-30 10:34:00,AMBER_BUILDING,54.23417280265764,0.717910984453529,0,-0.4662246444637552,0.4706824781258239,2552994.15,2025287.9565551456,12.0
2026-03-30 10:35:00,AMBER_BUILDING,52.360368441980825,0.6745471707507484,0,-0.640164649193098,0.524889238346815,2347883.8899999997,2060910.7509774077,18.0
2026-03-30 10:40:00,AMBER_BUILDING,51.177157184275245,0.7298703345060287,0,1.0206134059073975,0.54949330528163,5612533.390000001,2091381.0711245257,17.0
2026-03-30 10:41:00,AMBER_BUILDING,52.48011457583031,0.7242583607459747,0,0.019679711615807637,0.560887668197758,3390483.44,2091381.0711245257,20.0
2026-03-30 10:42:00,AMBER_BUILDING,53.67001385196631,0.7434232195675147,0,0.4483896595983062,0.5125279394114489,4262041.24,2100449.1001561163,17.0
2026-03-30 10:43:00,AMBER_BUILDING,53.34912817019122,0.7356551189683429,0,-0.00042811540836472465,0.563873296206434,3375028.63,2100449.1001561163,21.0
2026-03-30 10:44:00,AMBER_BUILDING,53.32004138655039,0.7136326591850293,0,-0.2661366267153614,0.483191749222223,2982434.1100000003,2113191.9883741494,13.0
2026-03-30 10:45:00,AMBER_BUILDING,53.4714781803826,0.7492245859020675,0,0.7385915632897911,0.5653182103998667,4159986.6900000004,1521585.9714515693,21.0
2026-03-30 10:46:00,AMBER_BUILDING,56.205647996929606,0.8322753075031107,0,1.6221437804399421,0.5521890782043816,7182596.2299999995,1521585.9714515693,14.0
2026-03-30 10:47:00,AMBER_BUILDING,60.03695959540236,0.8867728386739433,0,1.2316396007738388,0.5645601353692814,5858998.2,1545012.4909868997,18.0
2026-03-30 10:48:00,AMBER_BUILDING,61.98656436216921,0.8489265984556768,0,-0.3414318848436361,0.5325420775917424,2238466.85,1545012.4909868997,17.0
2026-03-30 10:49:00,AMBER_BUILDING,61.183821224065014,0.8326155349713602,0,-0.021322382021564276,0.528541475856207,2739001.69,1556134.9348218797,17.0
2026-03-30 10:50:00,AMBER_BUILDING,58.800475195478505,0.8037524351108092,0,-0.27237444064426636,0.4908802716942581,2343067.6100000003,1556134.9348218797,14.0
2026-03-30 10:51:00,AMBER_BUILDING,56.63144808840025,0.7308014116885556,0,-1.0848695615450195,0.5270231798276919,1422218.5100000002,1564009.3433985412,16.0
2026-03-30 10:52:00,AMBER_BUILDING,52.94480747702509,0.6168835510926279,0,-1.9001983591482385,0.45490670522539944,863786.45,1564009.3433985412,9.0
2026-03-30 10:53:00,AMBER_BUILDING,50.54646014022361,0.6629694435529186,0,0.7633832779077555,0.5050178093387423,4390513.45,1556134.9348218797,9.0
2026-03-30 11:33:00,AMBER_BUILDING,51.06877671546954,0.7208127364390383,0,0.9324038230132163,0.5723910559219787,4159214.84,1180589.2861065255,18.0
2026-03-30 11:34:00,AMBER_BUILDING,50.80302907140313,0.6779661434592559,0,-0.6324842695352865,0.4640333182645761,1406166.76,1180589.2861065255,7.0
2026-03-30 12:43:00,AMBER_BUILDING,52.592908931562086,0.7427275146905831,1,1.20607968981821,0.5696707212478066,5311703.399999999,1618781.209248362,18.0
2026-03-30 12:44:00,AMBER_BUILDING,52.76492604964443,0.6883496157676559,0,-0.7741400031594691,0.5031483210445421,1711352.6600000001,1621954.9285621268,13.0
2026-03-30 12:45:00,AMBER_BUILDING,52.93311332808162,0.7100850047819252,0,0.528589663483679,0.5615089009655885,3419818.19,1640034.6431642238,19.0
2026-03-30 12:46:00,AMBER_BUILDING,53.91009443645584,0.7801536611169426,0,1.413659659115353,0.5947923539013429,5795439.29,1640034.6431642238,20.0
2026-03-30 12:47:00,AMBER_BUILDING,55.99187836109388,0.7914012774464686,0,0.4106639826367061,0.4984924615345208,3540579.21,1647939.6357121554,11.0
2026-03-30 12:48:00,AMBER_BUILDING,56.91345121072817,0.7683271901174359,0,-0.17630199410961722,0.49119794034782444,2531024.08,1652314.5430030944,14.0
2026-03-30 12:49:00,AMBER_BUILDING,59.967877356925726,0.884867863558206,0,2.315831280350229,0.6137260278028038,10473303.799999999,1652314.5430030944,17.0
2026-03-30 12:50:00,AMBER_BUILDING,59.794525972795874,0.7506891034862179,0,-1.9894022361085453,0.49650388740801843,858924.5499999999,1670942.5602554744,9.0
2026-03-30 12:51:00,AMBER_BUILDING,60.612187524382875,0.7941445977750631,0,0.9987899910348628,0.5252110313640682,5107020.12,1652314.5430030944,15.0
2026-03-30 12:52:00,AMBER_BUILDING,56.70127147214658,0.7659109018225209,0,-0.25895686777196664,0.47563630247316113,2458156.13,1670942.5602554744,9.0
2026-03-30 12:53:00,AMBER_BUILDING,58.12392719770497,0.8345522653203336,0,1.399030826484137,0.568924737289214,6947601.44,1689994.9359334651,15.0
2026-03-30 12:54:00,AMBER_BUILDING,58.324618412657856,0.7988134316702633,0,-0.36266866106348994,0.48112523801181223,2423708.81,1710328.9223612072,12.0
2026-03-30 12:55:00,AMBER_BUILDING,57.6156280519839,0.7443477262265158,0,-0.7130272712985012,0.4768259118975704,1924566.28,1731074.4824061436,13.0
2026-03-30 12:56:00,AMBER_BUILDING,55.49601134531465,0.7466599411427047,0,0.26048441636543734,0.5094754972131816,3395642.1500000004,1731074.4824061436,14.0
2026-03-30 12:57:00,AMBER_BUILDING,54.384320340188,0.7378548571479994,0,0.010333203554316476,0.5158926928810844,3042540.45,1748336.1292004844,15.0
2026-03-30 12:58:00,AMBER_BUILDING,52.72350951462576,0.6460322850655736,0,-1.4360161739128439,0.4570498221218927,1207735.04,1748336.1292004844,11.0
2026-03-30 13:03:00,AMBER_BUILDING,55.01557737520917,0.7882616291002918,0,1.6459953745663398,0.6269722397227192,7211945.85,1825531.829662459,23.0
2026-03-30 13:04:00,AMBER_BUILDING,57.24678192923083,0.8349249598807725,0,1.0327188223155754,0.5404613152352116,5232623.15,1854863.1486301536,17.0
2026-03-30 13:05:00,AMBER_BUILDING,59.24410717377659,0.80886285731469,0,-0.15489690211442958,0.45816995937141497,2770657.99,1881613.5678392013,11.0
2026-03-30 13:06:00,AMBER_BUILDING,56.81588648412892,0.7065909608712512,0,-1.448774614001044,0.47229182348767634,1329038.76,1897537.145836959,13.0
2026-03-30 13:07:00,AMBER_BUILDING,53.59204504884273,0.7088651871057234,0,0.20301571688566353,0.46101130626767506,3301033.83,1897537.145836959,11.0
2026-03-30 13:08:00,AMBER_BUILDING,51.95268753739388,0.7166722902069914,0,0.24624733941999577,0.4908926099935637,3505848.1399999997,1905910.5722315107,14.0
2026-03-30 13:09:00,AMBER_BUILDING,51.53562331308808,0.6982264396982575,0,-0.18806162127448123,0.4776000405311374,2755526.88,1905910.5722315107,14.0
2026-03-30 13:10:00,AMBER_BUILDING,52.27239424393017,0.736128965210375,0,0.7553373372910107,0.48350674365586443,4597617.9399999995,1905910.5722315107,14.0
2026-03-30 13:11:00,AMBER_BUILDING,52.246943580945434,0.7166911143176179,0,-0.20316258379183488,0.4839865501652966,2797589.34,1923699.7212036352,14.0
2026-03-30 13:12:00,AMBER_BUILDING,53.20902141964414,0.7380928597093205,0,0.502268545790373,0.5035789653504402,4051699.42,1923699.7212036352,15.0
2026-03-30 13:13:00,AMBER_BUILDING,52.00239376434155,0.6628238236519943,0,-1.177833256092333,0.4536501002621378,1649740.4700000002,1923699.7212036352,12.0
2026-03-30 13:14:00,AMBER_BUILDING,52.05299055979609,0.7135523702402572,0,0.9292759832025527,0.5146041966228059,5069739.359999999,1905910.5722315107,14.0
2026-03-30 13:15:00,AMBER_BUILDING,50.149101158912494,0.6595435072341539,0,-0.8435410526383562,0.5177605207797829,1848360.79,1810089.344967606,17.0
2026-03-30 13:33:00,AMBER_BUILDING,50.94504559191062,0.7344779746471819,0,1.9828416794623842,0.5865128483523767,7600647.9,1469848.4311087045,16.0
2026-03-30 13:34:00,AMBER_BUILDING,50.666816442512605,0.6496689598880191,0,-1.2824775873023928,0.450650331899691,1125563.82,1469848.4311087045,9.0
2026-03-30 13:35:00,AMBER_BUILDING,50.48564788374055,0.6097848987633451,0,-0.564839892961338,0.45396083198945186,1664374.06,1469848.4311087045,11.0
2026-03-30 13:38:00,AMBER_BUILDING,50.353570380768794,0.7149288491027062,0,0.41565593533194756,0.4903822552284768,2980187.31,1481404.2382093524,14.0
2026-03-30 13:39:00,AMBER_BUILDING,52.75398766106687,0.7277861624544706,0,0.4652288465441598,0.4757094386380799,3095129.45,1481404.2382093524,12.0
2026-03-30 13:40:00,AMBER_BUILDING,53.54812109801602,0.7666470914037281,0,0.8935166911932984,0.5039393934960914,4242290.81,1510160.7811600377,15.0
2026-03-30 13:41:00,AMBER_BUILDING,53.115892264314446,0.6975237890464858,0,-1.0121524688078676,0.4789212337837673,1412194.3900000001,1539042.452532788,13.0
2026-03-30 13:42:00,AMBER_BUILDING,52.37234386160063,0.7248214599943666,0,0.5942460824756749,0.4673510161229831,3576711.4400000004,1510160.7811600377,12.0
2026-03-30 13:43:00,AMBER_BUILDING,52.899021633579686,0.7667306746317453,0,0.8958779652315182,0.5454350645866382,4376875.42,1510160.7811600377,17.0
2026-03-30 13:44:00,AMBER_BUILDING,54.05171892785089,0.7671641834572651,0,0.20072231021287945,0.5009096065209818,2966662.01,1539042.452532788,15.0
2026-03-30 13:45:00,AMBER_BUILDING,53.843464060645864,0.6745487922349872,0,-1.458192467521119,0.4677047077831618,1221671.49,1705552.9224017498,12.0
2026-03-30 13:46:00,AMBER_BUILDING,51.55518360207682,0.6944599964806121,0,0.41884317899213,0.5061077940335723,3685356.09,1684087.6263135416,16.0
2026-03-30 13:51:00,AMBER_BUILDING,50.11613559884817,0.6724092219797527,0,0.8141400212008879,0.576064867136322,4694930.58,1684087.6263135416,21.0
2026-03-30 14:15:00,AMBER_BUILDING,50.17898418616801,0.7345868750394181,0,1.4326779316091982,0.5907209113161844,5726948.75,1564529.0567541136,22.0
2026-03-30 14:16:00,AMBER_BUILDING,50.96619391284853,0.6476182911168167,0,-1.3694626690082883,0.4640472776408859,1169103.07,1564529.0567541136,6.0
2026-03-30 14:17:00,AMBER_BUILDING,51.14434450613083,0.656305774718889,0,0.22267155446925052,0.48641756533196856,2929488.4699999997,1564529.0567541136,12.0
2026-03-30 14:44:00,AMBER_BUILDING,51.74628954417844,0.7227355894031455,0,0.7271069925309388,0.4994565410193013,3594696.8899999997,1416037.7095637051,14.0
2026-03-30 14:45:00,AMBER_BUILDING,51.21656076095841,0.6753580231660126,0,-0.6067346231884349,0.47872064264015946,1451862.47,1291367.6293563412,11.0
2026-03-30 14:46:00,AMBER_BUILDING,52.057913177911075,0.7351542898899079,0,1.2329478141954053,0.5499508957940772,4620380.399999999,1298022.562566024,14.0
2026-03-30 14:47:00,AMBER_BUILDING,52.66329505710967,0.7307804331179729,0,0.1796817438820591,0.5272298886422778,2431395.8200000003,1298022.562566024,14.0
2026-03-30 14:48:00,AMBER_BUILDING,52.389945889121,0.6516866600085715,0,-1.1787996736409048,0.451278669392465,1018529.93,1298022.562566024,8.0
2026-03-30 14:49:00,AMBER_BUILDING,52.17860932874864,0.7198084239925919,0,1.3474935914269204,0.5614514877014933,5258985.88,1291367.6293563412,17.0
2026-03-30 14:50:00,AMBER_BUILDING,50.180663150397756,0.6769170568686246,0,-0.5162887930706365,0.4723606558535446,1535430.5299999998,1291367.6293563412,11.0
2026-03-30 17:18:00,AMBER_BUILDING,51.69594315271081,0.7373222019555998,0,0.6855372525818824,0.5779538359933116,5181554.66,2097760.551925922,22.0
2026-03-30 17:19:00,AMBER_BUILDING,52.724337612280245,0.7002806629579498,0,-0.5454083932821361,0.47339904622220386,2632160.33,2097760.551925922,15.0
2026-03-30 17:20:00,AMBER_BUILDING,51.906018956099594,0.7090034975618794,0,0.2955960131309681,0.508746172323008,4179462.91,2097760.551925922,18.0
2026-03-30 17:28:00,AMBER_BUILDING,50.06678640216691,0.6384038893846185,0,0.4464087732202999,0.47891493328756585,4672599.29,2059310.4636456147,12.0
2026-03-30 17:32:00,AMBER_BUILDING,51.07903399016393,0.6913032254198203,0,-0.04592928930872793,0.5371629533438329,2813678.44,1717407.5300217276,18.0
2026-03-30 17:33:00,AMBER_BUILDING,51.672754906798126,0.6868883198794744,0,0.03367954778314099,0.4577012561451994,2943743.4799999995,1717407.5300217276,12.0
2026-03-30 17:34:00,AMBER_BUILDING,50.547462180729646,0.6768800718335554,0,-0.07858981545461663,0.4876377279183596,2806152.62,1717407.5300217276,15.0
2026-03-30 17:35:00,AMBER_BUILDING,50.28688317683864,0.6796301476089535,1,0.14853699106586582,0.5310695645977374,3236201.76,1717407.5300217276,18.0
2026-03-30 17:36:00,AMBER_BUILDING,50.973320011483146,0.7165090955256972,1,0.7736957465982017,0.47990262857326604,4769806.11,1717407.5300217276,11.0
2026-03-30 17:37:00,AMBER_BUILDING,53.26231037557071,0.7565044393484364,1,0.8768986516071429,0.533032736384879,5178134.3,1717407.5300217276,17.0
2026-03-30 17:38:00,AMBER_BUILDING,52.8408259209713,0.6180966701830091,0,-2.4217359335961604,0.467173544847078,716173.5700000001,1733652.7879949706,9.0
2026-03-30 17:39:00,AMBER_BUILDING,51.1284224584012,0.6481763274446953,0,0.572642981193303,0.5739512494287039,4291861.87,1733652.7879949706,20.0
2026-03-30 17:45:00,AMBER_BUILDING,51.669619609278975,0.7143792843152938,0,0.6953546393124949,0.5347546558067171,2930227.3299999996,1078932.408483639,16.0
2026-03-30 17:46:00,AMBER_BUILDING,52.77204758854398,0.742173251077666,0,0.6520289292417315,0.550679319516414,2905536.91,1078932.408483639,18.0
2026-03-30 17:47:00,AMBER_BUILDING,54.78663364952549,0.7704967881878502,0,0.7066707070553145,0.4833393814562375,3125246.73,1085263.5939285746,9.0
2026-03-30 17:48:00,AMBER_BUILDING,54.02570635158707,0.6620121192408978,0,-1.870234194988578,0.4691932866409486,613982.61,1097882.0709746755,8.0
2026-03-30 17:49:00,AMBER_BUILDING,54.263618297564115,0.7420822799674006,0,1.5393220804276897,0.5284040409556902,5680000.52,1097882.0709746755,12.0
2026-03-30 17:50:00,AMBER_BUILDING,53.13076856992262,0.7037825799213298,0,-0.5601401594851847,0.5437927683618953,1445578.2399999998,1111876.470025155,16.0
2026-03-30 17:51:00,AMBER_BUILDING,52.808851551766985,0.67671549606536,0,-0.4190203135972911,0.45038236281957084,1623258.6199999999,1132345.8505367944,9.0
2026-03-30 17:52:00,AMBER_BUILDING,50.83562966417727,0.6631075132566708,0,-0.16825765607506527,0.4989390160348753,1880056.9700000002,1132345.8505367944,14.0
2026-03-30 17:54:00,AMBER_BUILDING,50.349921367393904,0.6921559962399624,0,0.6464850058668885,0.5093259513294021,3235310.83,1150371.7754963983,13.0
2026-03-30 17:55:00,AMBER_BUILDING,50.49197105972571,0.6922212768123496,0,0.08195460678656319,0.4944767213018024,2297957.88,1150371.7754963983,14.0
2026-03-30 17:56:00,AMBER_BUILDING,50.748658924317425,0.6832150233897495,0,-0.10038236164243788,0.4515459452068481,2059539.46,1150371.7754963983,7.0
2026-03-31 06:32:00,AMBER_BUILDING,50.04429681020571,0.23877088693736276,0,0.057002242672382415,0.5543658971759639,873693.9199999999,340242.76865954825,5.0
2026-03-31 10:33:00,AMBER_BUILDING,51.67316749499287,0.7548614046293107,0,0.8124445856947861,0.5106971048955287,3837160.9799999995,2120777.2540718582,17.0
2026-03-31 10:34:00,AMBER_BUILDING,54.31475725057436,0.532934863907513,0,-2.7096922657148763,0.46721912481904804,766350.84,2124432.179851132,8.0
2026-03-31 10:35:00,AMBER_BUILDING,51.778161538942335,0.6269990234068767,0,1.3769859803142264,0.5033095808260749,5142498.18,2124432.179851132,14.0
2026-03-31 10:38:00,AMBER_BUILDING,50.91360855918632,0.7158895776628882,0,0.3638765997480223,0.493409074611282,3322348.6099999994,2152917.368482798,16.0
2026-03-31 16:15:00,AMBER_BUILDING,51.43083387258619,1.0606203594493946,1,-18.020147416508472,0.7074157046981097,0.0,939627.0149285113,0.0
2026-03-31 16:16:00,AMBER_BUILDING,62.924373518405325,0.9254255628902651,0,-0.40549003154047575,0.5455567719073712,821182.7499999999,939627.0149285113,6.0
2026-03-31 16:17:00,AMBER_BUILDING,72.71093725027045,0.9257057383971818,0,-1.1615895412952826,0.49232497292548144,462971.18000000005,939627.0149285113,4.0
2026-03-31 16:18:00,AMBER_BUILDING,66.33121068986962,0.829326431961668,0,0.05024262486603241,0.4774902433092929,1160384.71,936035.0955910404,7.0
2026-03-31 16:19:00,AMBER_BUILDING,60.922077291761376,0.6624771603287173,0,1.034229060278085,0.5314482401139805,2440494.06,936035.0955910404,11.0
2026-03-31 16:20:00,AMBER_BUILDING,54.168018243232375,0.5933760455859841,0,-0.031313887582741166,0.4965005295835083,1098681.58,939627.0149285113,4.0
2026-03-31 17:18:00,AMBER_BUILDING,50.72502496226266,0.7343831396377387,1,0.855640961238826,0.47781319368495745,5036973.5,2238519.06656743,14.0
2026-03-31 17:19:00,AMBER_BUILDING,51.41732161087301,0.6547526750809413,0,-0.6306665286119555,0.45723684797031483,1953928.4700000002,2334266.3122092816,13.0
2026-03-31 17:20:00,AMBER_BUILDING,50.73483630579062,0.6788536097447929,0,0.6412851425467323,0.46577989868147096,4468739.5,2334266.3122092816,13.0
2026-04-01 06:32:00,AMBER_BUILDING,69.33585035918486,0.7586056950596333,0,0.30879381293279073,0.5376323836304137,846584.06,378973.5195003295,5.0
2026-04-01 06:33:00,AMBER_BUILDING,58.79912369638464,0.6835893005302555,0,-0.7022119601987277,0.5000522692099106,268163.51,378973.5195003295,3.0
2026-04-01 06:34:00,AMBER_BUILDING,52.610886790146,0.5533620091365912,0,-1.9842249629590247,0.5395345999715008,60681.69,378973.5195003295,1.0
2026-04-01 06:42:00,AMBER_BUILDING,54.36173008838472,0.7157404379144475,2,-11.605602712957253,0.6411459201797125,0.0,339227.7519575101,0.0
2026-04-01 06:43:00,AMBER_BUILDING,51.11562052065636,0.6159445411723855,0,0.46440936451351333,0.4929752884126506,818055.2,326261.25807384535,4.0
2026-04-01 06:44:00,AMBER_BUILDING,53.0383043875504,0.6219745503712828,0,-1.5701913940401324,0.49350850917086003,81736.22,326261.25807384535,1.0
2026-04-01 06:46:00,AMBER_BUILDING,60.09315364487005,1.2143336715894428,1,-15.925167828927389,0.6693625733181227,0.0,797972.8701607663,0.0
2026-04-01 06:47:00,AMBER_BUILDING,69.33279922796346,1.0439657361877308,0,0.8982904592088866,0.5212144064779897,2287069.8200000003,774572.4330052325,5.0
2026-04-01 06:48:00,RED_EARLY_WARNING,78.08566841855207,0.9559677814352455,0,-0.2487966621063677,0.4222243826494537,848103.29,774572.4330052325,6.0
2026-04-01 06:49:00,AMBER_BUILDING,68.80516933557395,0.8204992941467898,0,0.9747014041457663,0.47104927282690706,2523581.1500000004,797972.8701607663,2.0
2026-04-01 06:50:00,AMBER_BUILDING,63.05186387493668,0.77444477351544,0,-0.7946869584318043,0.45089138555953445,543004.74,797972.8701607663,2.0
2026-04-01 06:51:00,AMBER_BUILDING,58.176164370189476,0.719685020016188,0,-0.5137190628959403,0.405508087842945,691918.27,797972.8701607663,4.0
2026-04-01 06:52:00,AMBER_BUILDING,56.66178284243853,0.7381019980962326,0,-2.043124682838565,0.4762226211049088,180912.38,797972.8701607663,1.0
2026-04-01 06:53:00,AMBER_BUILDING,54.227534250965924,0.6852490155283271,0,-0.4825124964064781,0.4161152801406453,705380.1799999999,797972.8701607663,6.0
2026-04-01 06:54:00,AMBER_BUILDING,52.01779628011773,0.6490614386400494,0,-0.7599138947505057,0.4153913879639752,554344.87,797972.8701607663,4.0
2026-04-01 07:04:00,AMBER_BUILDING,52.29441227374131,0.6579252469561822,1,-2.6804641691399804,0.44971065791146736,218611.52000000002,952546.4280167778,3.0
2026-04-01 07:05:00,AMBER_BUILDING,53.98882696354158,0.6161916305917133,1,-0.5346745652456258,0.4032481104343673,794390.3,929170.0271454314,5.0
2026-04-01 07:06:00,AMBER_BUILDING,51.77308382160621,0.6558855038314606,1,-2.251170891429072,0.42990331067056087,276817.1,929170.0271454314,3.0
2026-04-01 13:53:00,AMBER_BUILDING,50.05740959212515,0.18477646993803448,0,1.8822840066996702,0.5104184443145616,5516359.3100000005,1735048.9802794072,9.0
2026-04-01 14:24:00,AMBER_BUILDING,54.34337752564158,1.3524781397468775,1,-19.564578351318367,0.7028055842259661,0.0,1583319.168912851,0.0
2026-04-01 14:25:00,AMBER_BUILDING,70.79456234718467,1.1918490898380316,0,0.22396020485730084,0.5283081185682275,1590550.74,1564529.0567541136,8.0
2026-04-01 14:28:00,AMBER_BUILDING,74.2111948475317,0.9866932053231622,0,-0.2030575200944017,0.4647186025614181,1172096.2000000002,1564529.0567541136,6.0
2026-04-01 14:29:00,AMBER_BUILDING,70.44131644410625,0.9045240047060824,0,0.27192185525645013,0.4741403851314447,1629688.3900000001,1564529.0567541136,7.0
2026-04-01 14:30:00,AMBER_BUILDING,65.78029435020879,0.819675620493512,0,0.428483650255899,0.4647458094711202,1695726.8199999998,1451178.7338339887,9.0
2026-04-01 14:31:00,AMBER_BUILDING,60.651213628710956,0.7299414092124239,0,0.6259441188086208,0.5082658883282921,1974992.41,1463180.28819222,4.0
2026-04-01 14:32:00,AMBER_BUILDING,54.19860106135337,0.6139882190677298,0,1.2340182435343918,0.49676936470687594,2971010.83,1463180.28819222,10.0
2026-04-01 15:42:00,AMBER_BUILDING,53.19038865777353,1.351986572572364,1,-17.700549038518268,0.6911226271333317,0.0,1057101.5632886866,0.0
2026-04-01 15:43:00,AMBER_BUILDING,69.60366602910307,1.2630319086413087,0,-0.7926778072403866,0.5343560818717047,481673.49,1057101.5632886866,3.0
2026-04-03 06:32:00,AMBER_BUILDING,60.07438483617036,0.7493220395003135,1,-1.4394717138525908,0.5400781845440011,66598.92,352172.2125642695,1.0
2026-04-03 06:33:00,AMBER_BUILDING,58.240759087043166,0.7044033058667964,0,-0.38454124951895857,0.48280884069095475,235798.59,352172.2125642695,1.0
2026-04-03 06:34:00,AMBER_BUILDING,55.11342596366635,0.6800008216202458,0,-0.7303558930159839,0.4709226095157295,152159.87,352172.2125642695,2.0
2026-04-03 06:35:00,AMBER_BUILDING,52.30898328268228,0.6234102216290681,0,0.02113978672401272,0.47603493707340566,374756.83,352172.2125642695,3.0
2026-04-03 06:46:00,AMBER_BUILDING,51.65719171997097,0.6089575377328835,0,-0.2736880515376993,0.41520297397401046,603764.97,730743.8275521833,4.0
2026-04-06 06:32:00,AMBER_BUILDING,68.43627612689117,0.8439352987724164,1,0.253739530624589,0.4765563839599335,516075.16000000003,383081.8123416137,6.0
2026-04-06 06:33:00,AMBER_BUILDING,63.27732441320784,0.7892339490075686,1,0.3267200131394362,0.4882729108557418,582505.06,396960.6911858623,2.0
2026-04-06 06:34:00,AMBER_BUILDING,58.91368185845824,0.6923076997268433,1,-0.8522782800751006,0.5026086906742329,154395.76,414510.18291196926,1.0
2026-04-06 06:35:00,AMBER_BUILDING,54.80195219303361,0.643826891655001,1,0.17333029521757262,0.46706817737900985,510413.11,414510.18291196926,2.0
2026-04-06 06:36:00,AMBER_BUILDING,50.75871218761802,0.5933797276112207,1,0.024727305887959856,0.47392121187375436,428719.31000000006,414510.18291196926,5.0
2026-04-06 07:15:00,AMBER_BUILDING,62.58077133884493,0.9962400173014785,0,-1.1852254948533119,0.5087687867700377,453374.57999999996,1018796.8926030187,7.0
2026-04-06 07:16:00,AMBER_BUILDING,76.60017839023115,1.0256022936449833,0,-2.772166636801866,0.5108806397027728,145052.53,1018796.8926030187,1.0
2026-04-06 07:17:00,AMBER_BUILDING,74.4745492947242,1.0245397030835839,0,-2.0537799534510275,0.4787942787115268,233946.97999999998,1001604.9301070839,2.0
2026-04-06 07:18:00,AMBER_BUILDING,74.07483247628107,0.9912182316583984,0,-1.2227383913136018,0.4436382772003307,415362.96,993861.4836706046,4.0
2026-04-06 07:19:00,AMBER_BUILDING,70.29984584596288,0.9051776196018085,0,0.16277878622639094,0.4183291664807515,1117893.8599999999,991056.1894290983,5.0
2026-04-06 07:20:00,AMBER_BUILDING,64.51446237962095,0.7842840610470816,0,1.2111952600211946,0.4183715331404308,2375347.98,991056.1894290983,6.0
2026-04-06 07:21:00,AMBER_BUILDING,57.70963427964477,0.7002166695048746,0,0.5336954527898621,0.41355926503534246,1469232.82,991056.1894290983,8.0
2026-04-06 07:22:00,AMBER_BUILDING,50.896620616484746,0.5920732360747457,0,1.3075682134828102,0.440081676467126,2570564.6400000006,991056.1894290983,6.0
2026-04-06 07:23:00,AMBER_BUILDING,51.92531827147576,0.6691454711474656,0,-3.1433825692543667,0.5202702314668555,98373.0,991056.1894290983,2.0
2026-04-07 06:36:00,AMBER_BUILDING,50.14727793674758,0.41097685646343246,0,-2.2430207323770395,0.5379847661966125,37431.37,427141.61704087356,1.0
2026-04-07 07:01:00,AMBER_BUILDING,60.588296560770324,1.0094361447987383,0,-1.4681612913650897,0.5041988596452732,365071.49,888538.5894110741,4.0
2026-04-07 07:02:00,AMBER_BUILDING,73.4343128488993,0.960535664886953,0,-0.8054208909528618,0.4479762029021776,528301.5499999999,870864.9606603076,6.0
2026-04-07 07:03:00,AMBER_BUILDING,66.54871623800481,0.8484288946078056,0,0.8642335095239878,0.42907630654614487,1494899.92,860736.1960969941,5.0
2026-04-07 07:04:00,AMBER_BUILDING,61.42743703332125,0.7630486521003453,0,0.4182129022641573,0.42235206189621666,1145501.3299999998,870864.9606603076,7.0
2026-04-07 07:05:00,AMBER_BUILDING,55.76239838738706,0.67698652297897,0,0.6090834990123526,0.4233141861920363,1306723.88,888538.5894110741,7.0
2026-04-07 07:06:00,AMBER_BUILDING,51.77685395873561,0.6357556544893799,0,-0.3380926395495519,0.43264904687052036,729661.77,888538.5894110741,3.0
2026-04-07 07:14:00,AMBER_BUILDING,50.37390857569387,0.6206050719154446,0,-1.2901901098833752,0.43970985501823084,407907.04000000004,870864.9606603076,7.0
2026-04-07 15:38:00,AMBER_BUILDING,50.308519063608514,0.286823326248052,0,-3.0809008697957543,0.5535420853189139,121382.06,1057101.5632886866,2.0
2026-04-08 06:32:00,AMBER_BUILDING,55.73717098915255,0.5820002542185151,0,-2.0038220511399283,0.54330115026518,36371.68,427141.61704087356,1.0
2026-04-08 06:55:00,AMBER_BUILDING,50.139769171374745,1.1460784280902014,1,-20.08344407035842,0.6736539024102997,0.0,701035.9843672618,0.0
2026-04-08 06:56:00,AMBER_BUILDING,62.748954837490395,0.9746626821288846,0,1.0437500446016554,0.4846619089943153,1430966.4,701035.9843672618,7.0
2026-04-08 06:57:00,AMBER_BUILDING,73.53599425014808,0.8905992025178677,0,0.12896495907731548,0.4193977085181395,768668.41,701035.9843672618,4.0
2026-04-08 06:58:00,AMBER_BUILDING,64.24234502166662,0.8129432323664465,0,0.13578134203469966,0.40715459649400143,769057.81,702160.9945060805,5.0
2026-04-08 06:59:00,AMBER_BUILDING,58.017942584174726,0.7098115795656177,0,0.8084296721548156,0.43415144680189904,1185392.19,702160.9945060805,4.0
2026-04-08 07:00:00,AMBER_BUILDING,53.74217266730159,0.6958308923242612,0,-0.8873146145642593,0.4457015761147116,484202.06,870864.9606603076,3.0
2026-04-08 07:01:00,AMBER_BUILDING,50.250804335185954,0.5273238879953592,0,2.341262649313404,0.4853141661832411,4076335.3200000003,860736.1960969941,11.0
2026-04-08 14:45:00,AMBER_BUILDING,59.37610411021194,0.8454520574613029,2,-3.2687283974764494,0.5232119356185017,169120.76,1398205.6724696064,2.0
2026-04-08 14:46:00,AMBER_BUILDING,57.80254711622511,0.786181627248855,0,0.011808141710741566,0.4403594772817648,1273484.21,1398205.6724696064,8.0
2026-04-08 14:47:00,AMBER_BUILDING,61.95699333574228,0.8436126279778708,0,-1.7887856938750966,0.46550955086152174,416894.79000000004,1398205.6724696064,4.0
2026-04-08 14:48:00,AMBER_BUILDING,56.86120408662302,0.6915095100755881,0,1.5550889731023796,0.4889075539970269,3287200.61,1388413.7683770917,12.0
2026-04-08 14:49:00,AMBER_BUILDING,53.9479544399512,0.6806794632247973,0,-0.5403866340676217,0.42270590706908484,876782.42,1388413.7683770917,5.0
2026-04-08 14:58:00,AMBER_BUILDING,55.15898680406733,0.7781430105446113,0,-0.5341124929895341,0.4599683320521191,849544.7599999999,1368744.003633895,7.0
2026-04-08 14:59:00,AMBER_BUILDING,56.7971167174062,0.688023904811729,0,0.6717503139961931,0.45478348838692234,1833204.1,1362986.9291461096,12.0
2026-04-08 15:00:00,AMBER_BUILDING,50.87818152519395,0.6300545807246105,0,0.26438585913527096,0.42561132967158133,1222447.41,1179284.6837019664,9.0
2026-04-09 06:50:00,AMBER_BUILDING,50.57928686135774,0.5012056121616221,0,0.8274795588058392,0.40582775960959766,1203057.12,707239.0157778298,4.0
2026-04-10 06:32:00,AMBER_BUILDING,53.52716763124599,0.6340890839767408,0,-0.08704479301415641,0.49392528548830233,412831.67000000004,459528.25968439743,3.0
2026-04-10 06:33:00,AMBER_BUILDING,51.03979587486225,0.6069647457111899,0,0.4570734474157131,0.4729424422262517,795714.4700000001,459528.25968439743,4.0
2026-04-10 06:37:00,AMBER_BUILDING,50.831696733668075,0.04695423827040131,1,-11.061152388314497,0.6630979212544231,0.0,461767.0011804006,0.0
2026-04-10 06:38:00,AMBER_BUILDING,56.41700945674888,0.6024899601652671,2,-10.88151906449547,0.6397783770482264,0.0,459528.25968439743,0.0
2026-04-10 06:39:00,AMBER_BUILDING,55.235654592883,0.5055801335912943,1,0.8515989969390834,0.4895728756140269,1290801.1099999999,456511.3260567888,5.0
2026-04-10 06:40:00,AMBER_BUILDING,50.225811648163095,0.5393169366663028,0,-1.4490283033180353,0.5178419154420901,77457.66,456511.3260567888,1.0
2026-04-10 13:11:00,AMBER_BUILDING,67.79176862354956,1.5608448743612084,0,-0.5020815983702759,0.5576149590299251,1304524.83,1920732.0886134696,7.0
2026-04-10 13:19:00,AMBER_BUILDING,72.48898713581761,0.8845351595092895,0,1.2460701705234971,0.5330463102112235,3449247.59,1888444.0563447108,5.0
2026-04-10 13:20:00,AMBER_BUILDING,65.0316213805652,0.7585319073915302,0,1.0831802640371764,0.531843478592719,3191866.68,1896742.628543352,6.0
2026-04-10 13:21:00,AMBER_BUILDING,56.29691536778793,0.631175827748958,0,1.2613442898172593,0.5342592508642923,3582499.5,1896742.628543352,15.0
2026-04-10 14:39:00,AMBER_BUILDING,55.08380819938512,0.6550872786033817,1,-0.8888200283806986,0.4396892859365235,900811.45,1727450.8696242278,7.0
2026-04-10 14:40:00,AMBER_BUILDING,50.38731010225535,0.569077865209648,0,0.6608279592783703,0.43534109645664654,2418017.36,1727450.8696242278,7.0
2026-04-10 14:58:00,AMBER_BUILDING,50.671572454355335,0.5696725343641983,0,-0.17498641734785375,0.43073146065926504,1173092.04,1388413.7683770917,5.0
2026-04-10 15:26:00,AMBER_BUILDING,53.93505561391075,1.4805174561180763,1,-17.190169806337234,0.6912402236800126,0.0,1092617.4303003445,0.0
2026-04-10 15:27:00,AMBER_BUILDING,69.79395429746411,1.3202735018545906,0,0.12382519720370345,0.5027136190152696,1014414.03,1092617.4303003445,8.0
2026-04-10 15:30:00,AMBER_BUILDING,76.7721064096043,0.9223073354915026,0,2.074784733084184,0.47003669759970174,4461838.390000001,1062153.2797803588,9.0
2026-04-10 15:31:00,AMBER_BUILDING,68.24973810631052,0.8321334510505077,0,0.4097391409628323,0.4376523744743231,1304289.22,1062153.2797803588,9.0
2026-04-10 15:32:00,AMBER_BUILDING,61.31040583938094,0.8270656641248064,0,-0.8764000037240307,0.4365870571925937,505686.22,1075545.6312399523,4.0
2026-04-10 15:33:00,AMBER_BUILDING,58.93815114750854,0.8467142178161342,0,-1.2551788912931099,0.4540560787979162,370464.04000000004,1062153.2797803588,2.0
2026-04-10 15:34:00,AMBER_BUILDING,58.82339829300545,0.8097098847240081,0,-0.36051472918534505,0.43249851830946234,723474.1799999999,1057101.5632886866,6.0
2026-04-10 15:35:00,AMBER_BUILDING,60.55139052611303,0.8624060256625028,0,-1.7407294991503643,0.5067632552622413,249837.22,1057101.5632886866,1.0
2026-04-10 15:36:00,AMBER_BUILDING,60.93808017536247,0.8641209933772741,0,-0.9440967682493852,0.45494464061946543,427634.86,1057101.5632886866,3.0
2026-04-10 15:37:00,AMBER_BUILDING,60.52866814348755,0.8266939485924749,0,-0.30109796812125117,0.41461864248349894,695261.04,1057101.5632886866,6.0
2026-04-10 15:38:00,AMBER_BUILDING,59.13330335356497,0.825313352678912,0,-0.8351786154051912,0.45033751998536126,444966.47,1047776.0556725118,3.0
2026-04-10 15:39:00,AMBER_BUILDING,59.210620576811465,0.85508673695778,1,-1.331560686000155,0.5133306483522257,289581.59,1030436.3409441374,1.0
2026-04-10 15:40:00,AMBER_BUILDING,57.72828763553568,0.6457864788340965,0,2.4776131807252906,0.5191595598141333,6645274.919999999,1006302.0737159549,7.0
2026-04-10 15:41:00,AMBER_BUILDING,55.06019407586303,0.6904821153025257,0,-1.2986934792337799,0.4680660010387824,274565.9,1006302.0737159549,3.0
2026-04-10 15:42:00,AMBER_BUILDING,51.6087033211331,0.6978095283519264,0,-0.750224614002941,0.458599045068956,422819.89,986584.8081864422,4.0
2026-04-14 06:36:00,AMBER_BUILDING,50.95248953048614,0.5699433731381556,0,1.25590473568865,0.5369502183361721,1975311.66,418850.03645778866,4.0
2026-04-14 06:37:00,AMBER_BUILDING,65.61865999765841,1.1267175511897698,3,-10.482512173416751,0.6562560624487446,0.0,418850.03645778866,0.0
2026-04-14 06:38:00,AMBER_BUILDING,75.93585591686471,1.6198801991379634,3,-10.323133387123526,0.6392267144631784,0.0,408554.1747313205,0.0
2026-04-14 07:00:00,AMBER_BUILDING,73.06803839146556,0.9651232580892326,0,0.176792570362621,0.4486826493541256,927532.5499999999,809084.7184674772,4.0
2026-04-14 07:01:00,AMBER_BUILDING,69.62678508197818,0.8868873309924037,0,0.020415373126124098,0.42802997678206156,849263.48,836323.2959105922,4.0
2026-04-14 07:02:00,AMBER_BUILDING,67.14472306019223,0.9050154429070596,0,-1.6492079668481547,0.45799299581267894,245605.72000000003,849020.9103582411,4.0
2026-04-14 07:03:00,AMBER_BUILDING,64.52290530015101,0.84187961185406,0,-0.17322358701012713,0.41850444902556494,734166.0999999999,836323.2959105922,6.0
2026-04-14 07:04:00,AMBER_BUILDING,65.98661900133591,0.914406525627084,0,-2.6324150903773407,0.4833537922208569,118236.44999999998,836323.2959105922,5.0
2026-04-14 07:05:00,AMBER_BUILDING,66.13991910024437,0.9155188678530178,0,-1.4068264283626943,0.44154571927163694,284403.98,809084.7184674772,4.0
2026-04-14 07:06:00,AMBER_BUILDING,64.32080842334719,0.7423663082830131,0,1.8578220479269936,0.4529747194283115,3272522.89,778682.3845788623,7.0
2026-04-14 07:07:00,AMBER_BUILDING,59.488018416289606,0.7167386205013122,0,-0.6239401037750969,0.45497710952701675,472017.23,778682.3845788623,2.0
2026-04-14 07:08:00,AMBER_BUILDING,53.293089440785515,0.6566796970416577,0,0.04979418821206437,0.4105813737884762,810420.42,778682.3845788623,6.0
2026-04-14 07:09:00,AMBER_BUILDING,50.28656962389223,0.6373243170260806,0,-0.6173020364908799,0.4278520135205271,497958.35,802365.3286689239,5.0
2026-04-14 07:28:00,AMBER_BUILDING,61.42972200791707,1.49290227654093,1,-17.43117789968602,0.6840451175698614,0.0,1004245.0635430522,0.0
2026-04-14 07:29:00,AMBER_BUILDING,75.70427655477202,1.39922514181265,0,-1.150375893752059,0.49467175084785214,398809.57999999996,1000109.9172671844,5.0
2026-04-14 07:34:00,AMBER_BUILDING,75.00648361250457,0.8521098270316929,0,2.6684840689568827,0.49552532553521594,10135434.71,1287954.5823020926,8.0
2026-04-14 07:35:00,AMBER_BUILDING,66.86568947556394,0.834114120601556,0,-0.8799083689667889,0.4409400810699343,655841.25,1298781.4398821166,5.0
2026-04-14 07:36:00,AMBER_BUILDING,59.98487641221956,0.7673220627107656,0,0.0004992394319429358,0.4282361129841037,1299290.7,1298781.4398821166,6.0
2026-04-14 07:37:00,AMBER_BUILDING,56.14979629441794,0.7422001540086258,0,-0.6387552275617511,0.4161996215685759,792559.5700000001,1297867.1351378204,4.0
2026-04-14 07:38:00,AMBER_BUILDING,54.819371292176015,0.7644854999324575,0,-1.4216906405279577,0.4387413018630697,424208.05,1287954.5823020926,4.0
2026-04-14 07:39:00,AMBER_BUILDING,54.07006252702181,0.7311403912112738,0,-0.4217572206719455,0.4249078826624051,873426.65,1271239.020331766,4.0
2026-04-14 07:40:00,AMBER_BUILDING,53.2125656941196,0.7082649418506449,0,-0.5686964903197034,0.4091030748049415,788295.23,1271239.020331766,6.0
2026-04-14 07:41:00,AMBER_BUILDING,64.52654975358884,1.6953879756375665,1,-18.31401674938018,0.6975287784147604,0.0,1259539.551561879,0.0
2026-04-14 07:42:00,AMBER_BUILDING,75.30810622658682,1.6154400293335378,0,-1.7733997156484302,0.5395024608188228,291890.66000000003,1243746.3546858595,4.0
2026-04-14 07:52:00,AMBER_BUILDING,67.79851744183001,0.8642977649538384,0,1.2526374828850217,0.4560799066749541,3185364.64,1579437.9767715866,9.0
2026-04-14 07:53:00,AMBER_BUILDING,63.32054269051278,0.8576760476740314,0,-0.932673562884208,0.4344830372938599,769984.75,1579437.9767715866,9.0
2026-04-14 07:54:00,AMBER_BUILDING,60.060518601525466,0.7925479673545764,0,0.12176524220110446,0.4250583384494387,1511449.96,1576034.3671306297,7.0
2026-04-14 07:55:00,AMBER_BUILDING,58.18941459132211,0.7361149382174587,0,0.040739700488449715,0.43762761845957526,1433837.38,1557157.1013838572,11.0
2026-04-14 07:56:00,AMBER_BUILDING,55.37966495446168,0.6839897073669248,0,0.045323252993053745,0.40819103126055456,1419630.62,1537815.605609123,8.0
2026-04-14 07:57:00,AMBER_BUILDING,52.79629909687816,0.646971198858625,0,-0.15076078339561602,0.4092019793630594,1243672.33,1523324.236592991,9.0
2026-04-14 14:12:00,AMBER_BUILDING,50.03561133491178,0.5972939707584374,0,-0.16725980859069497,0.3984754365582256,1233705.8199999998,1581449.2268316848,6.0
2026-04-14 14:27:00,AMBER_BUILDING,51.08144779632679,0.6992297383746343,0,0.04739322183406446,0.5199715570208742,1346868.81,1519042.078600665,18.0
2026-04-14 14:28:00,AMBER_BUILDING,53.98966122299145,0.6901038713334333,0,-0.40716040602613196,0.40272263267505004,929004.89,1519042.078600665,8.0
2026-04-14 14:42:00,AMBER_BUILDING,50.586882109282406,0.6902718224887949,0,0.3057103792690185,0.4142528708801459,1706226.4100000001,1610116.9062755466,9.0
2026-04-14 14:43:00,AMBER_BUILDING,53.96822187968146,0.7551667651110868,0,-1.3372146403253011,0.4536534002637868,474929.43000000005,1639468.3078681557,3.0
2026-04-14 14:44:00,AMBER_BUILDING,51.228951704667985,0.5225410788376107,0,2.485468151725359,0.5348847554645872,9666499.88,1610116.9062755466,4.0
2026-04-15 06:32:00,AMBER_BUILDING,63.77917408250723,0.09892251720166144,2,-8.753778619970978,0.6361682033692245,0.0,408554.1747313205,0.0
2026-04-15 06:33:00,AMBER_BUILDING,54.655809799703796,0.100458984232336,1,-0.11305724393130676,0.5222890225637485,304761.38,403054.2706865649,3.0
2026-04-15 06:34:00,AMBER_BUILDING,51.45755811778212,0.22444450415741157,0,-2.444208881731026,0.5711016916951457,10295.74,403054.2706865649,1.0
2026-04-15 06:49:00,AMBER_BUILDING,52.016253058443176,0.7853392342122355,0,-0.8343538754639648,0.5306228629959536,307399.96,632013.2974694774,4.0
2026-04-15 06:50:00,AMBER_BUILDING,58.35377737348509,0.6965015710883591,0,0.6407417281894181,0.45577725518402523,975868.4299999999,623857.5615437906,2.0
2026-04-15 06:51:00,AMBER_BUILDING,52.423308610669515,0.6672836142013614,0,-0.515771201586799,0.42894803407278886,400782.29,632013.2974694774,2.0
2026-04-15 06:55:00,AMBER_BUILDING,50.284577763872825,0.652307522622389,0,0.15857657111096182,0.4667909319994998,683570.1599999999,632013.2974694774,2.0
2026-04-15 06:56:00,AMBER_BUILDING,51.40536084053605,0.5995169694401037,0,0.06302230388893823,0.40849127237445393,639422.54,632013.2974694774,3.0
2026-04-15 07:16:00,AMBER_BUILDING,50.14444639736545,1.0198262765243085,1,-17.066348588249568,0.6896116396546282,0.0,991582.4713808823,0.0
2026-04-15 07:17:00,AMBER_BUILDING,59.04020975672349,0.8673988827490074,0,1.3068181403994261,0.5234821554487096,2698586.9,991582.4713808823,4.0
2026-04-15 07:18:00,AMBER_BUILDING,76.7946901676216,1.5527353176142928,2,-16.50104474260863,0.6898540418662186,0.0,991582.4713808823,0.0
2026-04-15 07:19:00,RED_EARLY_WARNING,78.95691823467367,1.3935690327387604,0,0.3459721583360617,0.49983803680790195,1223438.44,991582.4713808823,6.0
2026-04-15 15:14:00,AMBER_BUILDING,61.61171786401163,1.0226614377754868,0,-1.2409376811053165,0.5545451552101871,364649.61,1085578.6567709125,4.0
2026-04-15 15:15:00,AMBER_BUILDING,73.10528269786748,0.8817515764022507,0,1.5679680095336619,0.49024732670498145,2614031.86,978760.4408980901,6.0
2026-04-15 15:16:00,AMBER_BUILDING,69.05714727241426,0.932018384812102,0,-2.1006940357997945,0.5246939306787378,130835.13999999998,978760.4408980901,3.0
2026-04-15 15:17:00,AMBER_BUILDING,65.50224055813307,0.8597843581876692,0,0.2814438299905011,0.48483547196491555,918508.47,958952.88780544,5.0
2026-04-15 15:18:00,AMBER_BUILDING,63.65453109547567,0.7946306418287203,0,0.25572276348473494,0.4950255513323125,874825.29,929379.3694413473,10.0
2026-04-15 15:19:00,AMBER_BUILDING,60.59748332625443,0.8085611620561013,0,-1.2679948190935193,0.4935506382222989,255805.44999999998,929379.3694413473,4.0
2026-04-15 15:20:00,AMBER_BUILDING,59.73439681269886,0.8232006725929947,0,-1.3055241989090882,0.5043651845246615,239588.91000000003,911909.540360138,3.0
2026-04-15 15:21:00,AMBER_BUILDING,59.32716124962255,0.7923754419679598,0,-0.38101466069258766,0.4777983859738017,505097.80000000005,911909.540360138,5.0
2026-04-15 15:22:00,AMBER_BUILDING,60.8296896232492,0.8502271790165012,0,-2.116717945368878,0.5508570137251197,111505.08,911909.540360138,1.0
2026-04-15 15:23:00,AMBER_BUILDING,59.08808426435855,0.7548373833823024,0,0.8664942352323073,0.47733854448672675,1459574.94,911909.540360138,5.0
2026-04-15 15:24:00,AMBER_BUILDING,56.95198176906189,0.6971759712110442,0,0.2531628474045998,0.46073424112166794,885947.52,929379.3694413473,6.0
2026-04-15 15:25:00,AMBER_BUILDING,51.39336775783497,0.6334817843351815,0,0.44868833730378976,0.453246843399324,1046072.45,911909.540360138,5.0
2026-04-15 15:54:00,AMBER_BUILDING,54.15216627759719,0.8056643362569388,0,-0.37311593447386576,0.5353498423966648,493906.4,880458.8001768817,2.0
2026-04-15 15:55:00,AMBER_BUILDING,65.16478700511378,0.8876004818075107,0,-2.5607391992911746,0.5508321301839009,59002.83,880458.8001768817,1.0
2026-04-15 15:56:00,AMBER_BUILDING,65.27697244058412,0.9331334399628016,0,-2.003660970852133,0.5396673050464426,101154.5,880458.8001768817,1.0
2026-04-15 15:57:00,AMBER_BUILDING,67.2739954627042,0.9011945588643618,0,-0.5828670303755277,0.45372854059954326,393376.19000000006,880458.8001768817,5.0
2026-04-15 15:58:00,AMBER_BUILDING,65.05980671055737,0.8329570095054123,0,0.17930993149293398,0.43917528999045924,819056.2999999999,880458.8001768817,4.0
2026-04-15 15:59:00,AMBER_BUILDING,59.717563720407206,0.6591807707100189,0,2.3519540012653324,0.5152418083271274,6464037.839999999,865328.2945583126,7.0
2026-04-15 16:00:00,AMBER_BUILDING,56.641357929561025,0.72971776092741,0,-2.15364706642207,0.5121399760214581,117977.43,927654.2233388666,3.0
2026-04-15 16:01:00,AMBER_BUILDING,53.26713394394191,0.6968731752755706,0,-0.21724137093211943,0.46035120412826674,603804.8400000001,927654.2233388666,2.0
2026-04-15 16:02:00,AMBER_BUILDING,51.76038680586498,0.667787712003027,0,-0.23099776703659594,0.4346477241236686,601827.33,922928.8184578366,4.0
2026-04-16 06:36:00,AMBER_BUILDING,51.82911127627357,0.7182763187091643,0,0.7200389031094029,0.48659252629181093,728467.33,393528.2739759093,4.0
2026-04-16 06:37:00,AMBER_BUILDING,67.7454422400027,1.0967463516216742,2,-9.493299229345359,0.6564370723499268,0.0,393528.2739759093,0.0
2026-04-16 06:38:00,AMBER_BUILDING,69.84724306821828,0.9773096189862645,0,0.7989164470936397,0.5094514523446583,860557.23,391945.6706450283,2.0
2026-04-16 06:39:00,AMBER_BUILDING,74.36940066761451,0.939804947648922,0,-0.6631933113632376,0.4891785411465515,115223.96,391945.6706450283,2.0
2026-04-16 06:40:00,AMBER_BUILDING,68.16790427448832,0.8653051844024883,0,0.21522801511324846,0.47324845909741614,383388.26,388221.5964178816,1.0
2026-04-16 06:41:00,AMBER_BUILDING,62.45620959762158,0.7489103264872026,0,1.244630545501673,0.44138433101150165,1558203.33,384551.53741458437,4.0
2026-04-16 06:42:00,AMBER_BUILDING,56.10898987180971,0.6766391265400935,0,0.4798610544847993,0.44081879923247663,559536.9,388221.5964178816,2.0
2026-04-16 06:43:00,AMBER_BUILDING,51.10617588250017,0.675156593208597,0,-0.9653112922299191,0.46802280649395533,83289.44,391945.6706450283,2.0
2026-04-16 06:45:00,AMBER_BUILDING,52.68326097089611,0.7574380496036152,0,-3.695356756213874,0.5688406403233058,27813.03,637271.1607771612,1.0
2026-04-16 06:46:00,AMBER_BUILDING,52.77413157883973,0.6654334489629812,0,0.8838724201263461,0.46446300333660245,1110596.97,637271.1607771612,3.0
2026-04-16 06:47:00,AMBER_BUILDING,52.93352417292676,0.6386430108627321,0,-0.36781636460716993,0.4807384962101247,393540.13,637271.1607771612,1.0
2026-04-16 06:51:00,AMBER_BUILDING,57.99836175542913,1.2475687469644532,1,-15.20803871355895,0.6838346898710777,0.0,623857.5615437906,0.0
2026-04-16 06:52:00,AMBER_BUILDING,71.08365744211169,1.1613197444235484,0,-0.4353955191755637,0.510815954090101,340772.96,615696.3504752347,3.0
2026-04-16 06:58:00,AMBER_BUILDING,68.02809276860434,0.8611361915855118,0,1.6892901691502618,0.47573965097852744,1991736.77,578544.0868566522,5.0
2026-04-16 06:59:00,AMBER_BUILDING,63.94679355635133,0.8146541101631134,0,-0.23355772209905434,0.470924765963272,370737.33,578544.0868566522,2.0
2026-04-16 07:00:00,AMBER_BUILDING,59.982916915901576,0.8152687644550863,0,-1.1697591179796287,0.46933224321815153,209897.75,731910.4699394094,2.0
2026-04-16 07:01:00,AMBER_BUILDING,58.47727893952369,0.8161630302339831,0,-1.1617787179193673,0.45073983873836154,208288.05,731910.4699394094,5.0
2026-04-16 07:02:00,AMBER_BUILDING,57.177249667506466,0.7572158026096276,0,0.1252816065077135,0.43567869018071415,646453.04,731910.4699394094,3.0
2026-04-16 07:03:00,AMBER_BUILDING,54.62977318926682,0.6977229227515175,0,0.2409375642956833,0.4278404805536917,717252.89,731910.4699394094,4.0
2026-04-16 07:04:00,AMBER_BUILDING,50.74745227480154,0.549195752372935,0,2.2639921655415485,0.4684252612487215,4217979.18,723430.724608947,6.0
2026-04-16 11:17:00,AMBER_BUILDING,51.64459507649693,0.6328570453071811,1,-0.7890150954450057,0.44963271463502397,558381.93,1345682.653933659,5.0
2026-04-16 12:01:00,AMBER_BUILDING,54.40493776205934,1.5418927660202697,2,-16.11668010686999,0.692822875699577,0.0,1382065.0419376323,0.0
2026-04-16 12:02:00,AMBER_BUILDING,68.75058054984297,1.3145835356558817,0,0.9912917723156517,0.5362610563284603,2500571.64,1381297.8040118532,10.0
2026-04-16 12:06:00,AMBER_BUILDING,70.79710932266067,0.9210042699571739,0,0.3913048952525924,0.46797446182056573,1476331.62,1374190.7484361744,10.0
2026-04-16 12:07:00,AMBER_BUILDING,65.37673308261441,0.8714297831261654,0,-0.04383494996453263,0.4591788951848537,1054502.3800000001,1381297.8040118532,8.0
2026-04-16 12:08:00,AMBER_BUILDING,60.90702222319828,0.7956029583994276,0,0.406538878001959,0.45421563284669003,1482227.2599999998,1374190.7484361744,7.0
2026-04-16 12:09:00,AMBER_BUILDING,55.72224771619849,0.6646818202495911,0,1.275410242196723,0.47740007902191073,3008275.96,1374631.3855339517,10.0
2026-04-16 12:10:00,AMBER_BUILDING,51.251021355566195,0.6505676722390595,0,-0.3126687787840026,0.4641303480583821,871023.09,1374631.3855339517,6.0
2026-04-16 16:01:00,AMBER_BUILDING,56.18225556172393,1.2543854298208605,1,-19.018711673142985,0.6987992809256489,0.0,933451.1925195665,0.0
2026-04-16 16:02:00,AMBER_BUILDING,73.61057102122282,1.2356734042883581,0,-1.9278096823227222,0.5650988123417636,194636.15,933451.1925195665,4.0
2026-04-16 16:07:00,AMBER_BUILDING,69.18514725597527,0.8728043477935862,0,1.6717286473611876,0.49292080644716374,2773559.4400000004,922928.8184578366,6.0
2026-04-16 16:08:00,AMBER_BUILDING,66.50060983830137,0.8989068965797804,0,-1.316298284425808,0.5058433048522073,272383.3,927654.2233388666,4.0
2026-04-16 16:09:00,AMBER_BUILDING,62.40280764935744,0.8243479468700333,0,0.2993975469132316,0.4900952869441247,954193.99,922928.8184578366,8.0
2026-04-16 16:10:00,AMBER_BUILDING,62.20246126823681,0.8694695273745436,0,-1.5319340949059816,0.4927521514225634,214379.41,922928.8184578366,3.0
2026-04-16 16:11:00,AMBER_BUILDING,61.98040869200053,0.8913782542721144,0,-1.2122531352019905,0.4950360145858891,271182.65,914287.2032477007,2.0
2026-04-16 16:12:00,AMBER_BUILDING,61.34592323088601,0.809510076240777,0,0.422473519366295,0.4723749508506656,1050257.72,914287.2032477007,2.0
2026-04-16 16:13:00,AMBER_BUILDING,59.087165157358555,0.7884214380628122,0,-0.4421766915469937,0.46373246722256684,514990.0800000001,914287.2032477007,3.0
2026-04-16 16:14:00,AMBER_BUILDING,55.319013273288874,0.7099512631863467,0,0.5215519008308745,0.47540052521009296,1106070.31,903469.7183554511,6.0
2026-04-16 16:15:00,AMBER_BUILDING,53.57875332348534,0.7263702354902998,0,-0.9218786801524326,0.4611848745419607,466144.1,1080593.8162716355,4.0
2026-04-16 16:16:00,AMBER_BUILDING,53.99951328390417,0.780228275420882,0,-1.5390060710515396,0.4854887297556127,295747.91000000003,1069656.4496329606,3.0
2026-04-16 16:17:00,AMBER_BUILDING,54.37686250145057,0.7472755231175019,0,-0.1989482541339926,0.4454912384081946,752339.1100000001,1056925.9590067607,6.0
2026-04-16 16:18:00,AMBER_BUILDING,53.612012113395316,0.6774982236463167,0,0.43933773374086793,0.4499081662748845,1175448.0,1047356.3273742526,8.0
2026-04-17 06:31:00,AMBER_BUILDING,53.321671289203856,1.0920993000934267,0,0.985065908595809,0.4917117645604759,1133944.94,393528.2739759093,3.0
2026-04-17 06:32:00,AMBER_BUILDING,77.26329029539852,0.9854013107883962,0,-0.2821172074686367,0.5011921916950185,234353.66999999998,398242.0670757496,2.0
2026-04-17 06:33:00,AMBER_BUILDING,72.8853809600086,0.9340597926394114,0,0.7460743282111961,0.49247663986443596,863861.81,398242.0670757496,3.0
2026-04-17 06:34:00,AMBER_BUILDING,68.16922988616285,0.8566018926356731,0,0.07535812973816355,0.5136794976575326,378570.17,407274.1830019867,1.0
2026-04-17 06:35:00,AMBER_BUILDING,64.38848248973609,0.7978297634763208,0,0.3569428687994381,0.5120798897116139,535950.32,407274.1830019867,1.0
2026-04-17 06:36:00,AMBER_BUILDING,59.13902424241285,0.6714709338316339,0,-1.2806442520089938,0.5194756685215557,74455.76000000001,418850.03645778866,2.0
2026-04-17 06:37:00,AMBER_BUILDING,55.40749216765996,0.6719544198663346,0,1.3482697330045352,0.5217610707065391,1854800.0799999998,407274.1830019867,4.0
2026-04-17 06:38:00,AMBER_BUILDING,51.02619769860417,0.5865479244672622,0,-0.5770604171538429,0.49109185340585476,173033.66,418850.03645778866,3.0
2026-04-20 06:31:00,AMBER_BUILDING,50.612366183880376,0.9863436754489597,1,-1.3168226653575028,0.5018498069682485,140088.81,398242.0670757496,2.0
2026-04-20 06:32:00,AMBER_BUILDING,73.56207904803847,0.9354811159712296,1,0.4036429535079436,0.5032940725138854,914722.96,398242.0670757496,4.0
2026-04-20 06:33:00,AMBER_BUILDING,67.6102591461605,0.8186644920305031,1,-1.4825951867811653,0.532847070292184,116872.18,398242.0670757496,1.0
2026-04-20 06:34:00,AMBER_BUILDING,63.568692207475785,0.7873051676147955,1,0.5568102874574214,0.5053210926099915,1080642.05,393528.2739759093,4.0
2026-04-20 06:35:00,AMBER_BUILDING,59.31004590422655,0.7295546520931687,1,-0.21903881720692844,0.4861412692969762,462820.49,398242.0670757496,2.0
2026-04-20 06:36:00,AMBER_BUILDING,55.8192955997304,0.6544647922953484,1,-0.7932729980485319,0.49363974939496763,243673.85,398242.0670757496,2.0
2026-04-20 06:37:00,AMBER_BUILDING,52.84996288483697,0.5217496254375608,1,-2.4923169999465635,0.5443399154741037,36629.06,393528.2739759093,1.0
2026-04-21 06:36:00,AMBER_BUILDING,54.34854994941799,0.6639937874576718,1,-12.504144614734152,0.6380414351578815,0.0,384551.53741458437,0.0
2026-04-21 06:37:00,AMBER_BUILDING,57.10198333711114,0.6380277421812172,0,-1.0934616868376372,0.5405125242591906,161445.51,384551.53741458437,1.0
2026-04-21 06:38:00,AMBER_BUILDING,55.45188190168616,0.6720858869765219,0,-2.463242603934041,0.5154864210849988,37118.89,383787.6120103086,2.0
2026-04-21 06:39:00,AMBER_BUILDING,51.961877623385725,0.640437915880628,0,-0.8347298416603764,0.4926014348365041,206135.16,380971.59838948277,1.0
2026-04-21 11:11:00,AMBER_BUILDING,51.51269412145871,0.5718929764785174,2,-2.1288574406648975,0.5171990927661202,323201.79,1318328.3433015607,1.0
2026-04-21 11:12:00,AMBER_BUILDING,50.75641383504462,0.5195288657562674,1,0.15934153588152783,0.44489948340625424,1373769.67,1285059.5967892236,5.0
2026-04-21 14:01:00,AMBER_BUILDING,56.086436769188964,0.33273934826974627,1,-2.9207994766901635,0.480891980251603,374398.47,1583100.0579452824,5.0
2026-04-21 14:02:00,AMBER_BUILDING,54.22627917588082,0.445883154974108,1,-2.6824923550021667,0.4499703512465805,416496.67,1583100.0579452824,5.0
2026-04-21 16:09:00,AMBER_BUILDING,55.93487047630279,1.4543741096451681,1,-15.452566888866391,0.6836604025792512,0.0,871903.9650915128,0.0
2026-04-21 16:10:00,AMBER_BUILDING,70.65649700949129,1.262822701497874,0,0.8205881984960564,0.544091121497015,1422057.8599999999,871903.9650915128,8.0
2026-04-21 16:14:00,AMBER_BUILDING,75.01069484594821,0.9706183944060418,0,0.37789824857186083,0.4813840490278734,955115.3899999999,871903.9650915128,3.0
2026-04-21 16:15:00,AMBER_BUILDING,68.22605418867676,0.8422980931531999,0,1.0615553252225467,0.4677524863297025,1968895.0,1105991.9548825133,4.0
2026-04-21 16:16:00,AMBER_BUILDING,62.817706956196595,0.8271195266109815,0,-0.5271672104044441,0.4623336826136701,607584.43,1105991.9548825133,4.0
2026-04-21 16:17:00,AMBER_BUILDING,61.29786970248686,0.8892744510632761,0,-1.7185841647201352,0.49211241730869676,250626.25,1089804.3387460834,3.0
2026-04-21 16:18:00,AMBER_BUILDING,61.42666899836491,0.8419536594643471,0,-0.09640392762311173,0.4607317690156948,825392.45,1089804.3387460834,5.0
2026-04-21 16:19:00,AMBER_BUILDING,59.112861374514125,0.7112154001207978,0,1.2426878316010077,0.47501463174221514,2241062.39,1089804.3387460834,6.0
2026-04-21 16:20:00,AMBER_BUILDING,53.16234702647514,0.6423931636895474,0,0.45076123531741646,0.4527246936976984,1247258.25,1089804.3387460834,4.0
2026-04-21 17:13:00,AMBER_BUILDING,50.55700270263094,0.7597049344553426,1,-1.925506007305375,0.43874866626413284,519707.26,2026997.9613608802,6.0
2026-04-21 17:14:00,AMBER_BUILDING,52.50626517776118,0.7278164882667647,0,-0.09621357773845335,0.4174361730807074,1538710.87,2026997.9613608802,10.0
2026-04-21 17:15:00,AMBER_BUILDING,52.08925279310527,0.6450448861014635,0,0.7590861281736138,0.444949149440513,2886241.99,2248017.484261439,13.0
2026-04-21 17:44:00,AMBER_BUILDING,50.98288948762322,0.2747475237168988,0,-3.5606783787499525,0.48937557490764344,185629.9,1638717.8960805642,5.0
2026-04-22 07:04:00,AMBER_BUILDING,55.57024712557067,0.8286790320470254,0,-0.3060910840642741,0.4886340841274786,488443.12,725660.2214973448,7.0
2026-04-22 07:05:00,AMBER_BUILDING,63.130751288169286,0.7676730937460438,0,0.0712648487276821,0.42548118167141286,649440.8300000001,710412.3151248936,3.0
2026-04-22 07:06:00,AMBER_BUILDING,56.23853496236358,0.6702468145780228,0,0.9225563672613263,0.39277229929769286,1290163.4,700578.8946180927,5.0
2026-04-22 07:07:00,AMBER_BUILDING,50.142042831159166,0.5790061829915426,0,0.9496809054463539,0.42785492054568164,1348879.73,707324.7834170471,4.0
2026-04-22 11:23:00,AMBER_BUILDING,50.35876577590444,1.5216040208271635,1,-21.33197360833526,0.6948370880132436,0.0,1169325.989382939,0.0
2026-04-22 11:24:00,AMBER_BUILDING,67.70522987199826,1.2888915716987157,0,0.5929986588006061,0.5548288723965283,1635094.28,1166209.0034247066,7.0
2026-04-22 11:28:00,AMBER_BUILDING,70.96767419921896,0.8660990890466753,0,1.2639568045581686,0.49297546851751284,2553995.3099999996,1169325.989382939,8.0
2026-04-22 11:29:00,AMBER_BUILDING,65.0037680003523,0.7780695163942478,0,0.3935946503138311,0.49027348365809975,1430283.74,1169325.989382939,9.0
2026-04-22 11:30:00,AMBER_BUILDING,56.25923546116172,0.6063457050625798,0,1.8298031928091396,0.4968446514599833,3314016.1500000004,1136774.5609644377,9.0
2026-04-22 11:31:00,AMBER_BUILDING,52.62523530832428,0.39313198569556496,0,2.6959897202099032,0.5715722439260695,5689447.41,1138985.6782952936,15.0
2026-04-22 15:31:00,AMBER_BUILDING,50.31571590915009,1.1934753824158264,1,-17.333853879281566,0.6891596319131311,0.0,822002.6479883149,0.0
2026-04-22 15:32:00,AMBER_BUILDING,64.3453112296235,1.0350824126942533,0,0.4088612338821557,0.5458190937161583,1072361.16,815783.7171339623,5.0
2026-04-22 15:33:00,AMBER_BUILDING,75.22190148937163,0.8901000559463446,0,1.0432780937678805,0.4588176448222088,1786329.0500000003,815783.7171339623,6.0
2026-04-22 15:34:00,AMBER_BUILDING,64.28081676877626,0.7699251443510562,0,0.8277155504383158,0.5018971999992623,1521785.57,822002.6479883149,10.0
2026-04-22 15:35:00,AMBER_BUILDING,57.245865079587524,0.7180636744747522,0,-0.09161545366642787,0.46240136388357306,724115.79,822002.6479883149,6.0
2026-04-22 15:36:00,AMBER_BUILDING,51.494925243586756,0.6195192353873215,0,0.7227560520636572,0.4612714532066841,1401643.66,822002.6479883149,8.0
2026-04-22 15:44:00,AMBER_BUILDING,54.20394779247505,1.4503858661515507,1,-16.999873778018195,0.6935847535521762,0.0,822002.6479883149,0.0
2026-04-22 15:45:00,AMBER_BUILDING,70.55187356266826,1.4374574590368436,0,-2.3515700536502306,0.5866052968041986,119522.44,872349.4847810529,2.0
2026-04-22 15:50:00,AMBER_BUILDING,73.86146576762373,0.9708501878497262,0,-0.21742643551036217,0.4644842789202707,697865.39,882412.8500136323,5.0
2026-04-22 15:51:00,AMBER_BUILDING,67.91155438014876,0.895520556553106,0,0.040752601122607805,0.46592549425838425,856544.7300000001,882412.8500136323,5.0
2026-04-22 15:52:00,AMBER_BUILDING,64.79641735305934,0.8827697718521992,0,-0.9060918007094074,0.4804197779995624,403399.82999999996,872349.4847810529,4.0
2026-04-22 15:53:00,AMBER_BUILDING,60.42824162886478,0.7468849118230836,0,1.145670638311705,0.4917752241936828,2051067.79,872349.4847810529,5.0
2026-04-22 15:54:00,AMBER_BUILDING,57.54041375170425,0.7546358619465415,0,-1.0243581311830552,0.4892954019336951,354191.82,872349.4847810529,4.0
2026-04-22 15:55:00,AMBER_BUILDING,52.179498130673046,0.62040427541868,0,1.2727622788064412,0.47928536261889376,2361785.4299999997,859742.3364412901,6.0
2026-04-23 06:41:00,AMBER_BUILDING,58.78517360618685,0.9589172782948531,2,-9.16137591862213,0.6157830658605862,0.0,369082.6856712099,0.0
2026-04-23 06:42:00,AMBER_BUILDING,66.73239168861342,0.9111254046912317,1,-0.6581456515239109,0.5137452834537657,137143.55,356023.2372773446,1.0
2026-04-23 06:43:00,AMBER_BUILDING,66.39429291358705,0.8261211190453666,0,0.2548611351730126,0.4261660667666872,477556.87,342819.357579054,4.0
2026-04-23 06:44:00,AMBER_BUILDING,58.74077758337412,0.699496154827779,0,1.1926334825878933,0.44902099155735836,1801767.88,342819.357579054,4.0
2026-04-23 06:45:00,AMBER_BUILDING,52.309985946285025,0.6650214988406239,0,-0.4233930333287009,0.43111695842529796,329180.61,560493.0776709534,5.0
2026-04-23 10:34:00,AMBER_BUILDING,54.1434218080532,0.25311131675965065,1,-3.4148741748936335,0.4972267151556514,429575.88,2050798.1665969633,4.0
2026-04-24 06:32:00,AMBER_BUILDING,51.84909356337389,0.5421863456183629,0,-0.959725350615384,0.5232561830452127,98503.05,328306.9813904917,1.0
2026-04-24 15:20:00,AMBER_BUILDING,51.91939609066677,0.7351591764906898,0,0.7436149720109697,0.560290003916013,2155950.37,1013922.781051877,6.0
2026-04-24 15:21:00,AMBER_BUILDING,58.311667435082505,0.6168911994551083,0,0.8517765065974459,0.4626760191576227,2408840.51,1016813.706690212,7.0
2026-04-24 15:44:00,AMBER_BUILDING,50.1311890476112,0.09106058090180963,0,2.745569422545897,0.552077072908167,7941944.54,923525.8462731919,8.0
2026-04-27 15:56:00,AMBER_BUILDING,63.67536836098363,1.0534930822871147,0,-1.5892295006637083,0.5377282015417958,297194.26,859742.3364412901,5.0
2026-04-27 15:57:00,AMBER_BUILDING,75.95601691463047,0.9367389196187589,0,0.42023620692209185,0.46581252963547,1309615.58,848862.5500655242,5.0
2026-04-27 15:58:00,AMBER_BUILDING,67.76971356136036,0.7648967166223203,0,1.5889762106629222,0.5071042370149241,3125949.3699999996,848862.5500655242,6.0
2026-04-27 15:59:00,AMBER_BUILDING,59.46581637621441,0.657078768259853,0,0.6729544266714939,0.47674419815903646,1586108.9500000002,848862.5500655242,7.0
2026-04-27 16:00:00,AMBER_BUILDING,50.31973003122377,0.5142831045109691,0,1.4552423485340846,0.49495159616615464,2862887.53,866882.8608520605,6.0
2026-04-27 17:32:00,AMBER_BUILDING,54.29497944295456,0.7216216678167657,1,3.06926779250907,0.5812861321010759,9230722.58,1743487.8349148352,20.0
2026-04-27 17:33:00,AMBER_BUILDING,54.56018928891328,0.7668823416779958,0,1.7760037790901306,0.4748718849199161,4903763.66,1743487.8349148352,9.0
2026-04-27 17:34:00,AMBER_BUILDING,55.70817332120763,0.6889670496947077,0,-0.5357599589281506,0.42986643194598656,1478149.21,1745155.421878786,11.0
2026-04-27 17:35:00,AMBER_BUILDING,50.11617862860891,0.6066294985877745,0,-0.7377556876455992,0.41645600705609864,1329555.69,1745155.421878786,6.0
2026-04-28 06:31:00,AMBER_BUILDING,57.03233720778716,1.224453289927491,0,2.2528236089289067,0.5874895817057556,5714049.5200000005,323015.6667388526,7.0
2026-04-28 06:33:00,AMBER_BUILDING,77.21614742559983,0.9348501116109609,0,-0.7467909658490788,0.5320177466037891,181067.16,323015.6667388526,3.0
2026-04-28 06:34:00,AMBER_BUILDING,70.01720848966796,0.8641807151426323,0,-0.13660257632231193,0.5186645338593285,362585.41000000003,323015.6667388526,3.0
2026-04-28 06:35:00,AMBER_BUILDING,66.08064524682533,0.8572175586061205,0,1.213540730222169,0.5478954208254672,1769309.47,337342.0804171603,7.0
2026-04-28 06:36:00,AMBER_BUILDING,65.6556571600774,0.8977720889316738,0,2.247287103142695,0.5947172751478585,6489005.33,354198.3479888347,5.0
2026-04-28 06:37:00,AMBER_BUILDING,66.14946484729188,0.8831939373012493,0,1.059564021374231,0.5474655280091303,1639720.1400000001,354198.3479888347,4.0
2026-04-28 06:38:00,AMBER_BUILDING,66.92643884101662,0.8942527485790174,0,1.6037709070109716,0.5539945194241085,3159869.2,357988.5529948073,3.0
2026-04-28 06:39:00,AMBER_BUILDING,65.05763521868501,0.8236334711373291,0,-0.23292081084827346,0.5243733938739159,372132.54,361206.5682739044,4.0
2026-04-28 06:40:00,AMBER_BUILDING,63.567979193548986,0.8105953307460185,0,0.9509445246292576,0.5445461109226608,1472688.4200000002,361206.5682739044,7.0
2026-04-28 06:41:00,AMBER_BUILDING,60.86443945812806,0.7655401489661938,0,0.18991455588396755,0.5319231125258679,618679.37,361206.5682739044,6.0
2026-04-28 06:42:00,AMBER_BUILDING,60.6382938889842,0.8091389823561025,0,2.115141980006581,0.5501293622981916,6191373.720000001,361206.5682739044,5.0
2026-04-28 06:43:00,AMBER_BUILDING,59.30121121066035,0.773025038778533,0,0.3658676672970974,0.5008652810245912,793039.0299999999,361206.5682739044,6.0
2026-04-28 06:44:00,AMBER_BUILDING,58.9830274532132,0.7560583304161378,0,0.7183831802749822,0.49810991681058797,1236456.7800000003,367327.95925749035,6.0
2026-04-28 06:45:00,AMBER_BUILDING,57.10899487304058,0.7329510524677173,0,0.5539732489478087,0.47595436592195633,1415106.73,561722.653637671,5.0
2026-04-28 06:46:00,AMBER_BUILDING,55.950297920819196,0.7070027811999251,0,0.4457755281927585,0.48734178920895255,1286807.86,573676.4944190014,6.0
2026-04-28 06:47:00,AMBER_BUILDING,55.95022236957362,0.11871167917431014,1,-12.148830052689895,0.6748722659092693,0.0,573676.4944190014,0.0
2026-04-28 06:48:00,AMBER_BUILDING,50.14631035006331,0.06690176392647622,0,-1.2147442454896873,0.5150701079862103,202795.12999999998,573676.4944190014,3.0
2026-04-28 11:59:00,AMBER_BUILDING,50.49149687208071,0.023800953607786304,2,-3.4657246308088934,0.4833023607121819,352873.25,1466207.721636709,3.0
2026-04-28 12:00:00,AMBER_BUILDING,50.308966249472576,0.12468310527596213,1,1.2472219325270009,0.46649681634837886,3922380.1199999996,1456733.4839613738,13.0
2026-04-28 14:43:00,AMBER_BUILDING,50.684176524236484,0.6376094868213843,0,-1.1982234616428953,0.45246914376659536,1024424.5299999998,1351566.0580929164,11.0
2026-04-28 14:44:00,AMBER_BUILDING,50.07676662172566,0.6326891484405804,0,0.25289443132144673,0.44618317664590396,2271308.05,1351566.0580929164,13.0
2026-04-28 17:43:00,AMBER_BUILDING,53.606621636854264,0.73338132145542,0,-0.7531057308013693,0.4509031970729022,1709700.02,1892475.6436539122,9.0
2026-04-28 17:44:00,AMBER_BUILDING,56.0921311888824,0.7116911043209598,0,0.08355347255901518,0.45347303336186934,2728723.6100000003,1892475.6436539122,14.0
2026-04-28 17:45:00,AMBER_BUILDING,51.254783487457395,0.6821718027553273,0,-0.08754937146606187,0.42947151463558125,1628356.06,1238813.2030137447,9.0
2026-04-28 17:46:00,AMBER_BUILDING,50.9281228380131,0.6995472438060714,0,0.7033656942750817,0.49171913463989914,2537811.9699999997,1238813.2030137447,15.0
2026-04-28 17:47:00,AMBER_BUILDING,52.58747100138526,0.7653689353982369,0,1.570086225095489,0.4964769392015625,4172457.27,1238813.2030137447,14.0
2026-04-28 17:48:00,AMBER_BUILDING,54.015542777789555,0.7440348844611643,0,0.14324747924210693,0.4507893831159766,1851986.76,1238813.2030137447,9.0
2026-04-28 17:49:00,AMBER_BUILDING,55.07673259774243,0.7615096325362394,0,0.7877148536176364,0.4733777964668553,2715939.87,1254008.867916237,13.0
2026-04-28 17:50:00,AMBER_BUILDING,53.99641851674661,0.7357076900416374,0,0.05880066960633511,0.4402254304985693,1819387.01,1278132.8779877264,9.0
2026-04-28 17:51:00,AMBER_BUILDING,51.73822212046085,0.6326943278533572,0,-1.34532487635611,0.4382559510419858,818719.1599999999,1278132.8779877264,7.0
2026-04-29 06:31:00,AMBER_BUILDING,50.818865080561636,1.0086011794196788,1,-0.6683044428344428,0.503971450576368,324397.58,375337.55335422355,2.0
2026-04-29 06:32:00,AMBER_BUILDING,74.00754844759177,0.9442911584849317,1,-0.16335688907099566,0.5227169331309894,575590.3,375337.55335422355,3.0
2026-04-29 06:33:00,AMBER_BUILDING,69.58067743292592,0.8870929813070261,1,-0.1182260343876825,0.5062408395507995,611356.5199999999,380971.59838948277,2.0
2026-04-29 06:34:00,AMBER_BUILDING,65.57232046580742,0.3099123072518108,2,-12.029459210048513,0.6601781854834232,0.0,383781.27855514956,0.0
2026-04-29 06:35:00,AMBER_BUILDING,56.70102774225837,0.29691398965122,1,-0.2099803323774852,0.5392773306184292,553922.86,383781.27855514956,4.0
2026-04-29 10:15:00,AMBER_BUILDING,50.64973926545511,0.6497823947032015,0,1.6047883125214133,0.5169761693623176,4716539.51,2113669.915623531,21.0
2026-04-29 10:16:00,AMBER_BUILDING,51.58925175482543,0.7807801124687006,0,3.535279974572595,0.551367630326073,9358542.65,2113669.915623531,21.0
2026-04-29 10:17:00,AMBER_BUILDING,56.31490739720055,0.7850998934144214,0,0.8755417404046482,0.45354905219667824,3722800.3899999997,2130582.1587094935,12.0
2026-04-29 10:18:00,AMBER_BUILDING,62.761419018746444,0.8824859009832929,2,2.8709681577329196,0.5916917932144191,8065885.84,2144595.0854559653,28.0
2026-04-29 10:19:00,AMBER_BUILDING,64.72671523966618,0.9131411570576211,2,1.5280219954848713,0.4629626799168163,4958405.03,2176688.4370872816,16.0
2026-04-29 10:20:00,AMBER_BUILDING,66.83197357648125,0.8842669655710458,1,0.3277405869992356,0.47658641321245815,3215387.59,2205980.4712649877,19.0
2026-04-29 10:21:00,AMBER_BUILDING,64.3687921386857,0.8681312546559644,1,0.5561453252846751,0.47270527704776855,3530345.04,2218021.842692534,19.0
2026-04-29 10:22:00,AMBER_BUILDING,63.16487907221551,0.8955327717020772,1,1.5026245441385062,0.5068810751496521,5089581.22,2232637.9572838275,18.0
2026-04-29 10:23:00,AMBER_BUILDING,61.35417310621557,0.7466812764422901,0,-2.3687615851750086,0.4687198594633986,1158846.6300000001,2241721.0469659483,8.0
2026-04-29 10:24:00,AMBER_BUILDING,57.45999333072458,0.7223751072623574,0,0.13977219194238644,0.4605575757035005,3042470.95,2241721.0469659483,18.0
2026-04-29 10:25:00,AMBER_BUILDING,51.639428371001,0.6459438557140893,0,-1.0561737193524208,0.4215744179918633,1921246.13,2253610.91338926,10.0
2026-04-29 16:45:00,AMBER_BUILDING,50.36312187223535,0.6718230243727453,0,0.0831108234706137,0.47018160327985614,2627082.35,2087629.1583874645,12.0
2026-04-29 16:46:00,AMBER_BUILDING,52.12848273371626,0.6037268843039013,0,-0.702590965044122,0.43656713259468544,1818056.3,2091153.5205965973,10.0
2026-04-30 10:38:00,AMBER_BUILDING,57.87498755002969,0.7071529221996723,1,0.5289219698276313,0.5595810503460601,3576556.0999999996,2169903.564586102,23.0
2026-04-30 10:39:00,AMBER_BUILDING,53.636929962637595,0.607709795314867,0,-1.403522399784252,0.4575193085188582,1595177.1099999999,2187208.836030713,14.0
2026-04-30 10:40:00,AMBER_BUILDING,50.51139044703253,0.6910336149027975,0,1.6944994294075513,0.47504971789768735,5734817.5600000005,2169903.564586102,11.0
2026-04-30 10:42:00,AMBER_BUILDING,52.61692844218944,0.7411580062042886,0,1.1000486067242845,0.47184287207805276,4689638.85,2188083.948693162,13.0
2026-04-30 10:43:00,AMBER_BUILDING,52.73319759567783,0.7229613038911207,0,0.04506684123555218,0.43483076578715785,3027894.77,2211473.431400205,13.0
2026-04-30 10:44:00,AMBER_BUILDING,51.18710148639318,0.583306115305528,0,-2.0714591709344665,0.47336487791211285,1196917.67,2236607.9127955553,15.0
2026-04-30 11:05:00,AMBER_BUILDING,50.235067229131424,0.7309734837877596,1,1.0191875679913476,0.5845812547764765,3606655.55,1493304.2081091758,21.0
2026-04-30 11:06:00,AMBER_BUILDING,51.36331914590186,0.6842449408689444,0,-0.43736913100673414,0.4609868285208821,1654938.02,1493304.2081091758,13.0
2026-04-30 11:07:00,AMBER_BUILDING,51.22497662290496,0.6852700649820368,0,0.2550329055207452,0.4423333965417038,2475603.73,1529241.5609967776,11.0
2026-04-30 11:32:00,AMBER_BUILDING,53.70404192686226,0.7004138062829252,0,-0.006725747540165301,0.45021939077242745,1880305.32,1277085.2161936266,12.0
2026-04-30 11:33:00,AMBER_BUILDING,52.178193064365736,0.7734684807859492,0,1.3235591675736942,0.5115140978284946,4260309.45,1291287.4644686577,16.0
2026-04-30 11:34:00,AMBER_BUILDING,53.55981328411215,0.7754731109709698,0,0.3299975998545542,0.428704458242008,2441314.06,1310894.343998086,7.0
2026-04-30 11:35:00,AMBER_BUILDING,53.838854788361175,0.7175012833534119,0,-0.5996071059904535,0.4184596200465492,1410158.86,1357395.0068874452,8.0
2026-04-30 11:36:00,AMBER_BUILDING,50.49189280407361,0.6231339616387076,0,-1.2387183318385149,0.44420078971421195,973613.47,1394921.590678345,6.0
2026-04-30 11:45:00,AMBER_BUILDING,50.33263266190119,0.7091110352053817,0,0.35230516104437204,0.4423358621383225,2519564.04,1494677.2134311937,11.0
2026-04-30 11:46:00,AMBER_BUILDING,52.641956477732684,0.7470027229147239,0,0.8311311221149181,0.4461414027938225,3211986.99,1494677.2134311937,7.0
2026-04-30 11:47:00,AMBER_BUILDING,56.34659163512479,0.8480741270183955,0,1.8429415274898329,0.530660149266685,5514869.350000001,1502427.7398602702,16.0
2026-04-30 11:48:00,AMBER_BUILDING,58.97760396609902,0.8445915865616512,0,0.32745085424837506,0.48214387270994,2535924.63,1502427.7398602702,15.0
2026-04-30 11:49:00,AMBER_BUILDING,59.41550473268248,0.7914598131711054,0,-0.4594086511247429,0.41934637753469634,1688617.9599999997,1502427.7398602702,9.0
2026-04-30 11:50:00,AMBER_BUILDING,57.38359885318865,0.8031837906586503,0,0.48905715460989696,0.45087430419209484,2778112.55,1514319.8214478237,13.0
2026-04-30 11:51:00,AMBER_BUILDING,55.06939082449005,0.754630808012563,0,-0.4548540155342388,0.4844776063847412,1717296.9100000001,1514319.8214478237,15.0
2026-04-30 11:52:00,AMBER_BUILDING,54.05170443461852,0.7490946972684258,0,0.1942914867627118,0.4247399411588141,2364087.51,1525155.791502495,8.0
2026-04-30 11:53:00,AMBER_BUILDING,53.7001052429971,0.7870866883454588,0,0.8945221065536657,0.46385467981084944,3372071.4299999997,1542367.647823572,14.0
2026-04-30 11:54:00,AMBER_BUILDING,55.840827918609186,0.8185763960728668,0,0.8151354072195196,0.5063666206885075,3277229.63,1542367.647823572,17.0
2026-04-30 11:55:00,AMBER_BUILDING,57.61906670034072,0.807425713670249,0,0.14658927505111333,0.4373834277954206,2424260.9,1561731.5133577748,11.0
2026-04-30 11:56:00,AMBER_BUILDING,56.62921594524379,0.7408358148184485,0,-0.7902313374916052,0.4583937388574217,1535774.51,1561731.5133577748,13.0
2026-04-30 11:57:00,AMBER_BUILDING,55.35306177006195,0.7787992294218037,0,0.8448551176770216,0.49031618164124924,3397564.71,1561731.5133577748,15.0
2026-04-30 11:58:00,AMBER_BUILDING,52.941968627322524,0.7016968635124358,0,-0.9830980585503927,0.44493851264199974,1396435.29,1570867.0250755614,11.0
2026-04-30 11:59:00,AMBER_BUILDING,51.32663652162358,0.6784205725043942,0,-0.21742876072197906,0.4374525841839531,2035848.56,1570867.0250755614,12.0
2026-04-30 12:00:00,AMBER_BUILDING,50.198200205972654,0.7109469757766317,0,0.6571063440346118,0.4465376990850174,3315158.95,1630746.9702309323,11.0
2026-04-30 12:04:00,AMBER_BUILDING,51.246760463409395,0.7504092912734964,0,0.6427797411607039,0.5019724460348644,3361081.0,1649674.5322463473,17.0
2026-04-30 12:05:00,AMBER_BUILDING,53.374519639539606,0.7330684857106712,0,-0.05967473987850575,0.4474439495606281,2375581.84,1655953.178791079,12.0
2026-04-30 12:06:00,AMBER_BUILDING,51.28527803340257,0.6008583655356529,0,-1.9303598249593448,0.45372972501557374,888398.72,1655953.178791079,10.0
2026-04-30 12:53:00,AMBER_BUILDING,51.62422087554753,0.7566529986739068,0,0.6067151298877115,0.4977859966885529,4428009.21,2029717.1531463373,16.0
2026-04-30 12:54:00,AMBER_BUILDING,52.989860214387335,0.6865324866978733,0,-0.9684427827259994,0.443310611450056,1888060.2000000002,2058481.3966404353,9.0
2026-04-30 12:55:00,AMBER_BUILDING,50.698104440198705,0.6928336934583432,0,0.17886629800857554,0.45136582672722614,3583862.9699999997,2058481.3966404353,12.0
2026-04-30 13:02:00,AMBER_BUILDING,54.37766746708175,0.8165454980135798,1,1.9398486383292401,0.59864012969493,5972514.18,1691075.580339584,24.0
2026-04-30 13:03:00,AMBER_BUILDING,57.953171761449546,0.8331030353420139,0,0.4763161584416514,0.46433967433175105,3084299.19,1716930.4509216235,13.0
2026-04-30 13:04:00,AMBER_BUILDING,59.952309842907084,0.8050826305048744,0,-0.18212352116737798,0.47723810304363623,2311145.42,1743830.597163457,15.0
2026-04-30 13:05:00,AMBER_BUILDING,59.74401148090892,0.8512185489963144,0,0.922902061080579,0.5180770506491147,3834646.7899999996,1743830.597163457,17.0
2026-04-30 13:06:00,AMBER_BUILDING,60.36252797505964,0.8845122789091624,0,0.766157900815152,0.4808651920125432,3601531.25,1747260.4712839967,16.0
2026-04-30 13:07:00,AMBER_BUILDING,59.76528680295573,0.7791339980108732,0,-1.2866343395528017,0.45843647513134095,1361512.16,1751944.998024887,6.0
2026-04-30 13:08:00,AMBER_BUILDING,56.81072117708842,0.7550910326179636,0,-0.1887953525819382,0.4599779884270833,2303583.1,1751944.998024887,16.0
2026-04-30 13:09:00,AMBER_BUILDING,54.43014595832606,0.7431043481290454,0,-0.030723925767837085,0.4836071311883208,2468118.8600000003,1756420.480567439,17.0
2026-04-30 13:10:00,AMBER_BUILDING,54.45075452886965,0.7770298632162846,0,0.655798033436845,0.4758352977064305,3344564.93,1756420.480567439,16.0
2026-04-30 13:11:00,AMBER_BUILDING,57.750931850260514,0.857660869356402,0,1.4134313970803687,0.5434899076416625,4732481.15,1761265.5783607583,19.0
2026-04-30 13:12:00,AMBER_BUILDING,58.03039854113035,0.7558906311389234,0,-1.262388432316654,0.49469363973719754,1428989.3900000001,1794418.85918425,15.0
2026-04-30 13:13:00,AMBER_BUILDING,55.45920609978699,0.6510713740248986,0,-1.4092550915543278,0.44288606439641587,1323495.5,1794418.85918425,9.0
2026-04-30 13:15:00,AMBER_BUILDING,64.73281859048262,0.9979432899074548,0,0.8616601545167485,0.5941912878816732,4561622.77,1775562.6943674886,21.0
2026-04-30 13:16:00,AMBER_BUILDING,69.4501765918177,0.9053096843287622,0,-0.9557655609737125,0.43368112986651497,1590289.13,1775562.6943674886,10.0
2026-04-30 13:17:00,AMBER_BUILDING,63.96993823308768,0.8272369865433583,0,-0.8426878023226101,0.4435870630651855,1664697.61,1747802.6891657475,13.0
2026-04-30 13:18:00,AMBER_BUILDING,58.076168253972895,0.7554434365137542,0,-0.8253642863302527,0.4300472267211198,1649542.72,1732754.4538770146,8.0
2026-04-30 13:19:00,AMBER_BUILDING,55.31076426376065,0.7813309694704692,0,0.527789832401018,0.4476989895111696,3657505.6500000004,1732754.4538770146,12.0
2026-04-30 13:20:00,AMBER_BUILDING,54.328856913480315,0.7599838107403031,0,-0.1310767490785928,0.4355814814987625,2526032.9699999997,1767541.4776946655,11.0
2026-04-30 13:21:00,AMBER_BUILDING,52.67730546920604,0.6427296547958951,0,-1.579164899345867,0.4356817893823906,1090606.33,1767541.4776946655,11.0
2026-04-30 13:57:00,AMBER_BUILDING,50.845610074149,0.6877931957691521,0,-0.36887256050217987,0.4450845898486412,2556121.3899999997,1999860.8392660837,14.0
2026-04-30 13:58:00,AMBER_BUILDING,55.10465006567107,0.5151508883312415,0,-2.729855995004057,0.4422302152677185,704478.8899999999,1999860.8392660837,6.0
2026-04-30 16:56:00,AMBER_BUILDING,52.34173485289519,0.7470821602332066,0,0.6363620112538364,0.4655908672763011,4344330.29,2336210.747239171,16.0
2026-04-30 16:57:00,AMBER_BUILDING,54.809442124201716,0.7669390111295348,0,0.7309775691859777,0.4948937668199953,4743005.78,2367661.9859922417,19.0
2026-04-30 16:58:00,AMBER_BUILDING,53.98721098164365,0.7255290540338363,0,-0.21593556385475585,0.4775842266035184,2823024.64,2367661.9859922417,19.0
2026-04-30 16:59:00,AMBER_BUILDING,56.528901342623556,0.8157679452578908,0,1.8214834063896983,0.5938689743870381,8849035.06,2378651.567520254,24.0
2026-04-30 17:00:00,AMBER_BUILDING,56.3747065278563,0.7666871988124665,0,-0.2845366732752065,0.43575803766485627,2948194.35,2575635.024053718,13.0
2026-04-30 17:01:00,AMBER_BUILDING,57.54568975711297,0.7848256097374571,0,0.7309530681849447,0.4676028247652267,4956034.2,2642161.1773130014,16.0
2026-04-30 17:02:00,AMBER_BUILDING,54.11095619073742,0.7217712549638627,0,-0.5431540291194206,0.4580827128309546,2648057.08,2653102.9768501176,18.0
2026-04-30 17:03:00,AMBER_BUILDING,56.91020913963978,0.827486463394901,0,2.1121171964313175,0.5512253649819358,10162452.84,2653285.6531085433,21.0
2026-04-30 17:04:00,AMBER_BUILDING,59.62246665158116,0.8977432973184143,0,1.6761195753107472,0.4795080454093928,8231602.17,2672204.5035863123,13.0
2026-04-30 17:05:00,AMBER_BUILDING,61.7896335246925,0.8437701465427476,0,-0.22775002158814014,0.4519422367220923,3110685.66,2672204.5035863123,15.0
2026-04-30 17:06:00,AMBER_BUILDING,60.08060101458131,0.8305169257806152,0,0.37273678060720905,0.5024611930503546,4245759.5600000005,2686198.648935426,21.0
2026-04-30 17:07:00,AMBER_BUILDING,58.44097515701865,0.8273322802963416,0,0.5202288268340568,0.5235152869572197,4718295.7700000005,2723162.6564174765,22.0
2026-04-30 17:08:00,AMBER_BUILDING,59.27453092498181,0.8402276318184952,0,0.7651020308378526,0.47835228537867475,5690855.53,2782576.5707173888,17.0
2026-04-30 17:09:00,AMBER_BUILDING,59.3741394272271,0.8141876940872834,0,0.14351314646780786,0.47046577460702704,4076668.91,2807913.5560401846,18.0
2026-04-30 17:10:00,AMBER_BUILDING,58.80868170534388,0.8263617595879293,0,0.715286164902163,0.5213760612459191,5518598.92,2833632.5087052006,21.0
2026-04-30 17:11:00,AMBER_BUILDING,59.49984137116619,0.8610004211038578,0,1.1021441434812809,0.5508299082096408,7044067.850000001,2833632.5087052006,23.0
2026-04-30 17:12:00,AMBER_BUILDING,59.85493241175806,0.831325268683314,0,0.10392675236603563,0.47889294399108184,4064363.71,2862302.8436848084,18.0
2026-04-30 17:13:00,AMBER_BUILDING,60.25012274847743,0.8194340557090664,1,0.33795409680010396,0.5209793094700758,4588302.390000001,2862302.8436848084,21.0
2026-04-30 17:14:00,AMBER_BUILDING,56.86307692909622,0.72998001693255,0,-0.9616187634592216,0.43925999889857104,2332540.7,2871403.43132329,14.0
2026-04-30 17:15:00,AMBER_BUILDING,52.87838630861748,0.5667066455675538,0,-2.283459386028023,0.46180288439953315,1086162.0,2402924.153930714,12.0
2026-04-30 17:47:00,AMBER_BUILDING,52.69658258870468,0.6548785405174129,0,0.5433913605776023,0.5357149853681037,2389450.52,1419110.142826003,18.0
2026-05-01 06:32:00,AMBER_BUILDING,68.92895359273994,0.8794660913935981,1,0.41302609358093195,0.4867293591760527,1057500.91,457116.60217626113,5.0
2026-05-01 06:33:00,AMBER_BUILDING,63.820285102055855,0.7687702137454541,1,-1.4387205731532013,0.4922907803843737,177632.11,470130.9441971862,2.0
2026-05-01 06:34:00,AMBER_BUILDING,58.3051749842543,0.6310915635903498,1,-2.3267421153137247,0.522663072868643,71582.15,457116.60217626113,1.0
2026-05-01 06:35:00,AMBER_BUILDING,56.94876697001764,0.05847693114660204,2,-13.225481981106897,0.6487285063607514,0.0,457116.60217626113,0.0
2026-05-01 06:36:00,AMBER_BUILDING,51.884711211153395,0.12749838263297258,0,1.4065191728142943,0.5407401613329071,3023051.09,450782.7920070848,5.0
2026-05-01 10:17:00,AMBER_BUILDING,54.87694534241862,0.6055916899188644,1,1.7794270020535754,0.47134907030642165,6118411.610000001,2528210.2555218576,13.0
2026-05-01 10:18:00,AMBER_BUILDING,50.45641270084125,0.5852790541319806,0,0.5286562031068986,0.4196928936187089,3304884.87,2539475.3892481183,11.0
2026-05-04 06:31:00,AMBER_BUILDING,53.10512098339907,0.9716894272128781,0,-3.5718992553524664,0.5773979570162833,7378.95,470130.9441971862,1.0
2026-05-04 06:32:00,AMBER_BUILDING,73.6264078360312,0.8074954515790584,0,-1.9363099043304137,0.5497457344729978,45038.95,470130.9441971862,1.0
2026-05-04 06:33:00,AMBER_BUILDING,64.56926386004648,0.7576729736772806,0,0.4846089252629073,0.4866063533705904,700791.33,457116.60217626113,4.0
2026-05-04 06:34:00,AMBER_BUILDING,58.29906333583839,0.7183448517257129,0,0.6342645451949528,0.4966556077683499,847340.85,470130.9441971862,7.0
2026-05-04 06:35:00,AMBER_BUILDING,56.44580374497815,0.7253150647112246,0,1.6943166215997256,0.501735238710099,2731179.84,470130.9441971862,6.0
2026-05-04 06:36:00,AMBER_BUILDING,54.211238232803986,0.6471310539212105,0,-0.3866728364457847,0.4912179665210122,281836.06999999995,487921.70176001836,3.0
2026-05-04 06:37:00,AMBER_BUILDING,50.997292867010934,0.5613149106691867,0,-0.7116474138169051,0.4925870226649659,192219.36,487921.70176001836,2.0
2026-05-05 06:42:00,AMBER_BUILDING,51.615661594869074,0.907916851815628,1,-10.772777011990039,0.6533104154228349,0.0,547837.2474589446,0.0
2026-05-05 06:43:00,AMBER_BUILDING,57.538851918671874,0.8096124799917914,0,0.3276545106937499,0.5081007748604813,824705.5800000001,547837.2474589446,6.0
2026-05-05 06:44:00,AMBER_BUILDING,63.90360236963477,0.7884601190508861,0,-0.8362046800117032,0.44246409790058544,198415.88,547837.2474589446,3.0
2026-05-05 06:45:00,AMBER_BUILDING,57.60196082005774,0.6916953798888265,0,0.643971829731882,0.4129181852711584,1509995.0699999998,725585.1213017732,5.0
2026-05-05 06:46:00,AMBER_BUILDING,56.31338656549528,0.7429869584420187,0,-2.0845819582153124,0.5098982469056583,70935.9,725585.1213017732,1.0
2026-05-05 06:47:00,AMBER_BUILDING,52.91085106857073,0.6325344906447543,0,0.9949293545818648,0.4435363842269368,2201172.87,725585.1213017732,4.0
2026-05-05 06:48:00,AMBER_BUILDING,51.73984525395753,0.6169145413922342,0,-0.6682484084357851,0.4559418946563183,346392.81,741063.1663209514,2.0
2026-05-05 06:49:00,AMBER_BUILDING,51.83690399392402,0.7121420400042503,0,-2.807937823792124,0.5310195517427333,33017.67,741063.1663209514,1.0
2026-05-05 06:50:00,AMBER_BUILDING,52.539956770779916,0.669900980326805,0,-0.2949833414212202,0.4262824952590308,534463.1699999999,741063.1663209514,4.0
2026-05-05 06:51:00,AMBER_BUILDING,51.09207662424086,0.5805148471919682,0,0.6957668229586677,0.43515378225330964,1557748.55,725585.1213017732,7.0
2026-05-05 11:00:00,AMBER_BUILDING,50.86493474223952,0.6991983501409117,0,-0.662664966378973,0.41556699897465227,1043070.3500000001,1801042.3186134442,8.0
2026-05-05 11:01:00,AMBER_BUILDING,50.371095542575155,0.6993755925276907,0,-0.4909801960992232,0.4068373528287192,1137053.84,1782495.1381663028,8.0
2026-05-05 11:02:00,AMBER_BUILDING,50.49885837201043,0.6953117863655772,0,-0.4319108844520403,0.40983045070749236,1176426.23,1782495.1381663028,7.0
2026-05-05 11:04:00,AMBER_BUILDING,51.75734411713108,0.7612165518446582,0,-1.9403921371325477,0.4831824013402572,501013.13,1770851.6716717894,4.0
2026-05-05 11:05:00,AMBER_BUILDING,51.35014914169147,0.7051047773801785,0,0.2675304614206387,0.4175126287981607,1701075.64,1770851.6716717894,7.0
2026-05-05 11:06:00,AMBER_BUILDING,51.36487657232743,0.6355361054574391,0,0.5105023549940885,0.4203030781702646,1973054.95,1770851.6716717894,9.0
2026-05-05 11:09:00,AMBER_BUILDING,50.949012280392175,0.7108398412767543,0,-0.8931965485155803,0.41891903398143354,920882.86,1770851.6716717894,7.0
2026-05-05 11:10:00,AMBER_BUILDING,54.64354980429746,0.8385152919671837,0,-2.3633452894462494,0.4805539647114111,412085.41,1770851.6716717894,3.0
2026-05-05 11:11:00,AMBER_BUILDING,57.675748771970895,0.8234997602186214,0,-0.4068794971547102,0.43806025683804406,1167048.22,1770851.6716717894,5.0
2026-05-05 11:12:00,AMBER_BUILDING,59.27153288395465,0.7660419495787618,0,0.25611473849928995,0.44604229541720897,1656406.31,1770851.6716717894,12.0
2026-05-05 11:13:00,AMBER_BUILDING,55.069550142624564,0.6921997956650167,0,0.5672676877710272,0.42549282713195785,1955735.6800000002,1770851.6716717894,8.0
2026-05-05 11:14:00,AMBER_BUILDING,51.71427492688514,0.49671060436284786,0,2.456223370289374,0.47046968074800394,5396666.77,1782495.1381663028,11.0
2026-05-05 11:18:00,AMBER_BUILDING,51.546988481760025,0.7118945852033549,0,0.39142162777155426,0.4357367925199037,1614953.4700000002,1608833.3528162404,10.0
2026-05-05 11:19:00,AMBER_BUILDING,53.97693352249551,0.5157643305600578,0,2.4484351111819245,0.4765546968231133,5570745.22,1614723.528630179,11.0
2026-05-05 13:37:00,AMBER_BUILDING,50.31402192500152,0.8720491982152536,1,-4.031215833125523,0.5729132949125377,147288.51,2036008.0467735725,2.0
2026-05-05 13:38:00,AMBER_BUILDING,54.77018095713699,0.7128006323247768,0,1.488556465938093,0.4821511238135492,3957211.2300000004,2036008.0467735725,9.0
2026-05-05 13:39:00,AMBER_BUILDING,55.66681730103778,0.6232511658290963,0,0.8006599979509836,0.4196707900634466,2641566.46,2056289.5766732807,11.0
2026-05-05 13:41:00,AMBER_BUILDING,50.46923892449191,0.7539454850952579,0,-1.1366463262865514,0.5033497554396134,783781.77,2056289.5766732807,3.0
2026-05-05 13:42:00,AMBER_BUILDING,53.08364428369626,0.7579091508768925,0,-0.380208596662679,0.4248645834393432,1243692.56,2036008.0467735725,11.0
2026-05-05 13:43:00,AMBER_BUILDING,53.40273339572418,0.7239398854954867,0,0.0841529423472439,0.41546819740690794,1657479.58,2036008.0467735725,10.0
2026-05-05 13:44:00,AMBER_BUILDING,51.29791054892329,0.6745365004929332,0,0.28699849774063585,0.41232420681366627,1884846.48,2011225.4815171254,8.0
2026-05-05 15:49:00,AMBER_BUILDING,52.8844096582687,1.4706410947929616,1,-16.109853109541298,0.683419671941181,0.0,886455.6202479055,0.0
2026-05-05 15:50:00,AMBER_BUILDING,71.24484021649509,2.432374366132125,2,-15.745515096496916,0.6782703258477941,0.0,883311.6063181594,0.0
2026-05-05 17:02:00,AMBER_BUILDING,52.29271400947702,0.6996547205449618,0,0.5971354888170695,0.4465134579079782,3240038.5,2807913.5560401846,12.0
2026-05-05 17:03:00,AMBER_BUILDING,53.46962777049015,0.664032039529007,0,0.06503678298663085,0.4522346518049494,2365362.19,2833632.5087052006,16.0
2026-05-06 06:32:00,AMBER_BUILDING,76.36078327465749,1.8540142599530562,2,-11.283354788132776,0.6421997999524216,0.0,450782.7920070848,0.0
2026-05-06 06:41:00,AMBER_BUILDING,67.41594512915441,0.9103372439545918,0,0.3341378945708611,0.43168160598495214,542880.35,464336.9611389301,2.0
2026-05-06 06:42:00,AMBER_BUILDING,62.42705615057721,0.8530540207049282,0,-0.07870556788838719,0.4305268319825265,342615.42000000004,464336.9611389301,4.0
2026-05-06 06:43:00,AMBER_BUILDING,59.10976118572466,0.7990931752612086,0,-0.053616093337084135,0.4539617840130875,342340.86,450782.7920070848,2.0
2026-05-06 06:44:00,AMBER_BUILDING,56.76140805178616,0.7330484885788291,0,0.22842572149583057,0.450446129165449,464012.48,443885.56820458965,2.0
2026-05-06 06:45:00,AMBER_BUILDING,56.371923990510375,0.7552105969153462,0,-1.2023793770780071,0.49572729126160353,182696.53,760970.962125884,1.0
2026-05-06 06:46:00,AMBER_BUILDING,54.711678474628165,0.7118423531943553,0,-0.10545229539210134,0.4233884234794117,547929.97,741063.1663209514,4.0
2026-05-06 06:47:00,AMBER_BUILDING,54.37684459397957,0.7014038401125873,0,-0.6092091512166178,0.43945386929151115,325359.84,741063.1663209514,3.0
2026-05-06 06:48:00,AMBER_BUILDING,52.085523126296145,0.6474206363048268,0,0.153852394266662,0.4194524105051769,714646.5700000001,741063.1663209514,6.0
2026-05-06 06:49:00,AMBER_BUILDING,52.212445483761144,0.6888588510484064,0,-1.416916755565631,0.46791524473186585,139775.92,725585.1213017732,4.0
2026-05-06 06:50:00,AMBER_BUILDING,51.13120643509634,0.6409820365322689,0,0.06120813445220689,0.43630261543347587,628766.7,716069.5030729749,6.0
2026-05-06 06:51:00,AMBER_BUILDING,50.4150848694702,0.6252879737506224,0,-0.42030298540239314,0.42996427357212397,387376.69000000006,716069.5030729749,4.0
2026-05-06 06:52:00,AMBER_BUILDING,50.04154338546966,0.6591975531438241,0,-1.2246365440238158,0.4900685569509027,174652.56,715303.8384109569,2.0
2026-05-06 06:53:00,AMBER_BUILDING,50.939929163522585,0.6792390963651903,0,-1.0728076643553859,0.46820214733787635,199830.82,715303.8384109569,3.0
2026-05-06 06:54:00,AMBER_BUILDING,52.5639383367161,0.6917057267332843,0,-0.9549899879227314,0.468877266656657,221986.81,715303.8384109569,3.0
2026-05-06 06:55:00,AMBER_BUILDING,51.24965081011403,0.5960268392801121,0,0.8826155920474995,0.48270772304155224,1448429.04,715303.8384109569,2.0
2026-05-06 07:09:00,AMBER_BUILDING,58.44915519501263,1.670623813066139,1,-18.45737754027567,0.6898578509402098,0.0,951883.4874544411,0.0
2026-05-06 07:10:00,AMBER_BUILDING,73.88623643489703,1.4188421856471023,0,1.276243506452624,0.5073949236709862,2133097.5,951883.4874544411,7.0
2026-05-06 07:18:00,AMBER_BUILDING,72.91737236697726,0.9882188578369403,0,-0.5943944509241,0.48422878115459755,672154.5,1251978.1099426725,3.0
2026-05-06 07:19:00,AMBER_BUILDING,67.15166985025074,0.8619931579535185,0,1.0774555461953956,0.45109605348151716,2334057.1399999997,1251978.1099426725,6.0
2026-05-06 07:20:00,AMBER_BUILDING,62.78620455169662,0.8366403034845458,0,-0.5039048559320473,0.4353490379137759,709955.04,1251978.1099426725,4.0
2026-05-06 07:21:00,AMBER_BUILDING,57.98608025591057,0.7604013387571377,0,0.40691728321246506,0.44152730191268735,1403203.18,1237433.2370778904,7.0
2026-05-06 07:22:00,AMBER_BUILDING,53.50018374593674,0.6750607689712018,0,0.6699383581114321,0.4249804237302766,1732022.43,1251978.1099426725,9.0
2026-05-06 07:23:00,AMBER_BUILDING,51.565006720527286,0.6984026397111787,0,-1.1167325304210391,0.48409411747980835,457870.31,1269545.4496915182,3.0
2026-05-06 07:25:00,AMBER_BUILDING,50.19245383989119,0.7114063086081179,0,-1.4229196314152233,0.44995112492811634,355915.22,1251978.1099426725,6.0
2026-05-06 07:26:00,AMBER_BUILDING,50.35778896758634,0.7128663835907448,0,-0.7719333842405188,0.44945633823582415,578781.01,1251978.1099426725,4.0
2026-05-06 07:27:00,AMBER_BUILDING,50.115709750618954,0.6355276924717971,0,0.6234376813800946,0.42637870816685425,1623305.04,1237433.2370778904,8.0
2026-05-06 10:16:00,AMBER_BUILDING,50.40744214395907,0.6879433701878362,0,-0.10262560060822967,0.44170679435897237,1967411.66,2614278.5662317085,9.0
2026-05-06 10:29:00,AMBER_BUILDING,50.02591180571414,0.6804311887670167,0,0.5142037989311193,0.4295906322557786,2930629.21,2776154.205073024,12.0
2026-05-06 10:30:00,AMBER_BUILDING,53.83681003537986,0.7652677774460269,0,-1.3640718043581335,0.44402142662106475,751402.84,2501461.726829153,8.0
2026-05-06 10:31:00,AMBER_BUILDING,50.92088459188431,0.6441303776859288,0,1.184676039183087,0.4558413577984714,4161835.5199999996,2484983.046344656,13.0
2026-05-06 10:32:00,AMBER_BUILDING,50.41725488919608,0.6430608669280637,0,-0.24483534873045223,0.4377103007552245,1608473.04,2484983.046344656,7.0
2026-05-06 10:33:00,AMBER_BUILDING,51.729590114882875,0.7869071092945008,0,-2.113561974841835,0.48820888756573755,457330.97,2469592.7933224905,5.0
2026-05-06 10:34:00,AMBER_BUILDING,53.08257391464167,0.7407311785563634,0,0.17887753983326113,0.43135076052989996,2122225.26,2469592.7933224905,12.0
2026-05-06 10:35:00,AMBER_BUILDING,53.79272287792586,0.7133516550575999,0,-0.00852695386633236,0.41781050854158097,1868445.8199999998,2461406.5101971645,8.0
2026-05-06 10:36:00,AMBER_BUILDING,50.30634615949341,0.6803004257431585,0,0.09086568943405478,0.42068928225606617,2001719.2999999998,2461406.5101971645,8.0
2026-05-06 11:11:00,AMBER_BUILDING,51.68860406661338,0.8604634903335043,0,-2.9329910142123556,0.5200102142770702,234304.13,1782495.1381663028,3.0
2026-05-06 11:12:00,AMBER_BUILDING,56.39211865448815,0.725838149675399,0,1.2366626606926099,0.46251972457868523,2929495.0,1782495.1381663028,12.0
2026-05-06 11:13:00,AMBER_BUILDING,63.380312266280214,0.9245630265402126,1,-2.8358817678750206,0.5253165792008342,246512.44,1782495.1381663028,4.0
2026-05-06 11:14:00,AMBER_BUILDING,69.6839488625556,1.1430958920219862,2,-3.306046027987011,0.5622038536681419,178807.53,1770851.6716717894,1.0
2026-05-06 11:15:00,RED_EARLY_WARNING,78.35185070595335,1.1366589321612872,1,-0.6924329777496826,0.48823506246010634,789257.5899999999,1631567.092637155,4.0
2026-05-06 11:16:00,AMBER_BUILDING,77.12775540346392,0.8737472360438959,0,2.5984997881354723,0.5346488276015207,6933849.819999999,1631567.092637155,5.0
2026-05-06 11:17:00,AMBER_BUILDING,68.0076471202794,0.8372150570211133,0,-0.029596607754455533,0.4525282057058475,1222092.45,1634463.9184915966,6.0
2026-05-06 11:18:00,AMBER_BUILDING,62.10154549095705,0.8747995525848602,0,-0.9127843661738637,0.44828186558698435,677607.83,1631567.092637155,6.0
2026-05-06 11:19:00,AMBER_BUILDING,57.61758649333669,0.714144336521418,0,1.5622891039425688,0.4660975262399324,3514357.79,1631567.092637155,8.0
2026-05-06 11:20:00,AMBER_BUILDING,53.072962828043934,0.5900642231669384,0,1.2602948774923741,0.4460689745808024,2877637.4699999997,1634463.9184915966,11.0
2026-05-06 11:36:00,AMBER_BUILDING,52.787573592031436,0.7342796738435257,0,1.4424264062451788,0.5035635411147369,3178735.6,1421488.4366161758,12.0
2026-05-06 11:37:00,AMBER_BUILDING,58.55701237226034,0.7336825936246248,0,-0.3246893344383677,0.4573647393326379,803755.9199999999,1430681.634941767,4.0
2026-05-06 11:38:00,AMBER_BUILDING,50.83786458732797,0.6503621541094375,0,0.7188595638711279,0.4341439940234524,1812891.8599999999,1421488.4366161758,7.0
2026-05-06 11:44:00,AMBER_BUILDING,50.03975793341374,0.6353793397922729,0,0.25251502306968754,0.41498086611498786,1259397.35,1421488.4366161758,7.0
2026-05-06 12:43:00,AMBER_BUILDING,51.36495324237385,0.6971210212511697,0,-0.6838077420080271,0.43039474890148244,1151061.83,2063490.8856790948,8.0
2026-05-06 12:44:00,AMBER_BUILDING,50.032343386282825,0.7252225431614994,0,-0.6399498064847331,0.4274059585158333,1158350.43,2048307.2169246473,10.0
2026-05-06 12:45:00,AMBER_BUILDING,54.86939276614414,0.8638607342077406,0,-2.0086621824572526,0.4825191242537035,396933.99,2075524.4008197384,5.0
2026-05-06 12:46:00,AMBER_BUILDING,65.0600608531987,1.071490813398185,0,-2.9701874898497884,0.5502422368615084,201782.88999999998,2075524.4008197384,3.0
2026-05-06 12:47:00,AMBER_BUILDING,70.93014235396079,0.9976969357195915,0,0.22292598927046092,0.45035422114048385,1848821.74,2075524.4008197384,12.0
2026-05-06 12:48:00,AMBER_BUILDING,69.91145935578952,0.8570855831058933,0,1.1218953677774017,0.42918050334289437,3465308.96,2075524.4008197384,9.0
2026-05-06 12:49:00,AMBER_BUILDING,60.22153697477686,0.6611934498112101,0,1.8929556271081842,0.4654696630491956,6156505.91,2096434.8350099316,10.0
2026-05-06 12:50:00,AMBER_BUILDING,53.27785240476225,0.6826997639092865,0,-0.5246973100324798,0.43188190547530037,1104813.6600000001,2096434.8350099316,8.0
2026-05-06 13:10:00,AMBER_BUILDING,54.54397263567544,2.6422969161129624,1,-25.634777251612324,0.7193568608835761,0.0,1989368.5572176839,0.0
2026-05-06 13:11:00,AMBER_BUILDING,71.12022104351361,2.089018962726651,0,1.1350583537490144,0.5493271172791877,3025506.35,1989368.5572176839,10.0
2026-05-06 13:20:00,AMBER_BUILDING,75.95933496640801,0.9519600675554182,0,1.3937484990934736,0.48845685132280287,3694945.63,1833905.228615874,13.0
2026-05-06 13:21:00,AMBER_BUILDING,68.50859547852345,0.8433805729444128,0,0.8022804409410377,0.47895325072972034,2482416.84,1848949.5092467046,9.0
2026-05-06 13:22:00,AMBER_BUILDING,62.047882192795846,0.804241360913817,1,-0.006490882124638505,0.46721999714581797,1474324.79,1906885.672981262,9.0
2026-05-06 13:23:00,AMBER_BUILDING,57.643438564470806,0.7443732860699015,1,0.31679524760484895,0.4686397925990398,1780519.38,1848949.5092467046,9.0
2026-05-06 13:24:00,AMBER_BUILDING,57.69603828071723,0.8289612251418644,0,-1.5519440921618117,0.5044932008681907,505506.16,1833905.228615874,7.0
2026-05-06 13:25:00,AMBER_BUILDING,57.449793871780486,0.7924974550268465,0,-0.02794894841939697,0.49050967096009856,1401194.94,1833905.228615874,13.0
2026-05-06 13:26:00,AMBER_BUILDING,58.032905148866526,0.7762225334141734,0,-0.2560092841655937,0.4759829392064383,1189430.42,1812431.5822126616,10.0
2026-05-06 13:27:00,AMBER_BUILDING,56.74936249389871,0.7828790192726115,0,-0.5409590077378877,0.4793540513132331,980149.8200000001,1812431.5822126616,9.0
2026-05-06 13:28:00,AMBER_BUILDING,56.14994138369144,0.7649569357849892,0,-0.2197296296085406,0.4797172744623053,1204540.37,1796425.75197328,6.0
2026-05-06 13:29:00,AMBER_BUILDING,53.67779761415102,0.6501491962095622,0,1.099253449744127,0.47676959608682085,2902985.7399999998,1796425.75197328,9.0
2026-05-06 13:30:00,AMBER_BUILDING,50.71301632738592,0.642178498998999,0,-0.2085823550509487,0.4765202732047361,1404271.49,2011225.4815171254,7.0
2026-05-06 13:33:00,AMBER_BUILDING,51.37874425580054,0.7640392934070701,0,-1.5534826530420407,0.5344359294256135,630408.72,1992631.4954096572,4.0
2026-05-06 13:34:00,AMBER_BUILDING,56.872722021670974,0.8480133550430156,0,-1.5654471317688403,0.5116148515175761,607738.41,1992631.4954096572,6.0
2026-05-06 13:35:00,AMBER_BUILDING,61.1629025540392,0.8682087973405066,0,-0.7983871835601881,0.49481677538848756,967925.21,1992631.4954096572,7.0
2026-05-06 13:36:00,AMBER_BUILDING,63.857072004825284,0.8846868901543475,0,-0.7606369621444004,0.494841373497628,976188.79,1992631.4954096572,8.0
2026-05-06 13:37:00,AMBER_BUILDING,65.87874442648409,0.9361605407125029,0,-1.229141329219269,0.5021905377084694,718604.0900000001,1992631.4954096572,7.0
2026-05-06 13:38:00,AMBER_BUILDING,67.6657559952629,0.9442428711981575,0,-0.6962575974121635,0.5046959815072743,996448.8200000001,1992631.4954096572,8.0
2026-05-06 13:39:00,AMBER_BUILDING,66.27779215437752,0.8093597959066926,0,1.117873849422897,0.48818967817451586,3284122.9800000004,1992631.4954096572,12.0
2026-05-06 13:40:00,AMBER_BUILDING,62.67826618809218,0.7954899283074569,0,-0.2845484874355051,0.4804713557931116,1308832.0899999999,2011225.4815171254,5.0
2026-05-06 13:42:00,AMBER_BUILDING,50.91209661936792,0.4243285944995951,0,-0.03695973499570644,0.45823424948447616,1550498.25,2036008.0467735725,9.0
2026-05-06 15:37:00,AMBER_BUILDING,54.36165960797845,1.3499075921446908,1,-15.572326313819039,0.6736952118211551,0.0,1087773.8826121923,0.0
2026-05-06 15:38:00,AMBER_BUILDING,70.41145869485722,1.2713539991538145,0,-0.6651233039281415,0.5338681821390941,436059.35,1087773.8826121923,2.0
2026-05-06 15:42:00,AMBER_BUILDING,70.17644441598053,0.8684726044407737,0,1.5466442410896855,0.47085329279105215,2947438.85,1082982.9607201836,5.0
2026-05-06 15:43:00,AMBER_BUILDING,67.59005483500395,0.9393670980230958,0,-1.8014467817619706,0.5030411218467326,166521.03999999998,1082982.9607201836,3.0
2026-05-06 15:44:00,AMBER_BUILDING,62.936083789110874,0.8041205954843368,0,1.3071816439899506,0.45683942041619086,2397901.96,1065685.6196301403,6.0
2026-05-06 15:45:00,AMBER_BUILDING,58.484026335433555,0.6315569234114098,0,2.029254650008045,0.449158309392094,3648953.96,887780.9042154101,6.0
2026-05-06 15:46:00,AMBER_BUILDING,51.17064023808674,0.6119509972348757,0,-0.10072914211133994,0.46082470457724684,592439.5800000001,891105.5249325016,4.0
2026-05-06 16:10:00,AMBER_BUILDING,50.41868405623055,0.6627771095417428,0,-0.16369790394504785,0.44550224798514637,751582.78,1191177.6922896844,4.0
2026-05-06 16:11:00,AMBER_BUILDING,50.391853118037155,0.6928910730911269,0,-0.8237302361688931,0.4312347603730248,439680.92000000004,1191177.6922896844,4.0
2026-05-06 16:15:00,AMBER_BUILDING,61.12283229680302,1.7211037143442418,1,-16.590978009031247,0.6912722668727431,0.0,1080073.40368138,0.0
2026-05-06 16:16:00,AMBER_BUILDING,73.80774001070228,1.5673042150192564,0,-0.21252402629204975,0.4884551968519483,645629.69,1080073.40368138,5.0
2026-05-06 16:27:00,AMBER_BUILDING,67.91314485421016,0.8640256646701937,0,1.4234424500635492,0.4121782875601241,2396547.1,1080073.40368138,8.0
2026-05-06 16:28:00,AMBER_BUILDING,62.69555039284693,0.8079071323289644,0,0.2227212900736972,0.4432288503154193,909972.42,1080073.40368138,10.0
2026-05-06 16:29:00,AMBER_BUILDING,56.50306541932827,0.6560874284443113,0,1.8122498623061465,0.4352583744053878,3220359.47,1056199.925619257,9.0
2026-05-07 06:32:00,AMBER_BUILDING,51.998732294213276,0.5994823014865523,0,1.125527892952698,0.4914901678397822,1095028.27,457704.8735088015,3.0
2026-05-07 06:55:00,AMBER_BUILDING,51.23055025069841,0.7548011996104097,2,-13.110806886888179,0.6538553185052189,0.0,716069.5030729749,0.0
2026-05-07 06:56:00,AMBER_BUILDING,55.76822851234476,0.6466055863132192,1,1.0835045333579658,0.4651339980904965,1670677.46,716069.5030729749,6.0
2026-05-07 06:57:00,AMBER_BUILDING,51.46426723124282,0.5560735796853656,0,1.0312787875607454,0.4370738845358522,1658319.51,725585.1213017732,5.0
2026-05-07 07:00:00,AMBER_BUILDING,61.14285029196348,1.4139132884388246,1,-18.039400166757336,0.6875933286377087,0.0,948390.9949575412,0.0
2026-05-07 07:01:00,AMBER_BUILDING,72.75048843345179,1.2272906863177457,0,1.1669037783810081,0.4792482096584411,1953145.75,948390.9949575412,8.0
2026-05-07 07:04:00,AMBER_BUILDING,75.91908161945004,0.9858715758596127,0,0.1588667596421494,0.4301011100403344,896586.72,948390.9949575412,5.0
2026-05-07 07:05:00,AMBER_BUILDING,70.01196106847776,0.8908724829492903,0,0.5634363476439511,0.44276463977549063,1231385.21,948390.9949575412,4.0
2026-05-07 07:06:00,AMBER_BUILDING,64.45412907427448,0.8369933701603001,0,-0.15645659477412482,0.4167667325755249,720767.01,948390.9949575412,4.0
2026-05-07 07:07:00,AMBER_BUILDING,60.29632203942435,0.8015770736073385,0,-0.45686753039054645,0.447189439543626,583927.72,948390.9949575412,3.0
2026-05-07 07:08:00,AMBER_BUILDING,62.24690465530964,0.9004431421885867,0,-3.293796838335974,0.5444055228455498,76812.23,948390.9949575412,1.0
2026-05-07 07:09:00,AMBER_BUILDING,61.304841931707074,0.7848994301022658,0,1.176386037518688,0.45311396194445247,1874692.45,948390.9949575412,6.0
2026-05-07 07:10:00,AMBER_BUILDING,60.1075308775676,0.7445678241405338,0,-0.25860378863176814,0.4375421752877248,660886.2999999999,951883.4874544411,4.0
2026-05-07 07:11:00,AMBER_BUILDING,54.02493920912249,0.7289202507371044,0,-0.7095047309764215,0.4294208620506727,467099.25,948390.9949575412,4.0
2026-05-07 07:12:00,AMBER_BUILDING,51.8200109164903,0.6820220105237241,0,0.005892018895060229,0.4238392926260327,788888.3500000001,948390.9949575412,6.0
2026-05-07 08:02:00,AMBER_BUILDING,51.347549772168385,0.7312445074212933,0,-2.7468574233372323,0.5141872206101663,382480.57,2119312.7540365104,3.0
2026-05-07 08:03:00,AMBER_BUILDING,53.04025558577995,0.6867096984667003,1,0.07436867837351371,0.4431135346008899,1797635.27,2119312.7540365104,8.0
2026-05-07 08:04:00,AMBER_BUILDING,51.99097400091747,0.6303890992835923,0,0.4038570997429109,0.4495675032566121,2143823.54,2109891.231411403,5.0
2026-05-07 14:53:00,AMBER_BUILDING,50.02770466242876,1.6402541818869092,1,-20.450305051871165,0.7110089525694839,0.0,1432935.0811233262,0.0
2026-05-07 14:54:00,AMBER_BUILDING,69.15413389467606,1.46719308816045,0,-0.3264052128718982,0.5413771798039448,972001.8200000001,1424304.645038844,7.0
2026-05-07 14:59:00,AMBER_BUILDING,73.14121092682491,0.925859583498038,0,0.7726460461124268,0.4828956574362401,2070126.59,1432935.0811233262,7.0
2026-05-07 15:00:00,AMBER_BUILDING,66.28823196541065,0.8408714498856235,0,0.378177661826712,0.47966342862163186,1516131.1700000002,1283387.917810519,5.0
2026-05-07 15:01:00,AMBER_BUILDING,59.40784385867795,0.7184328984598879,0,1.0723137246860608,0.4744206904609787,2812813.45,1283387.917810519,7.0
2026-05-07 15:02:00,AMBER_BUILDING,53.5055804809601,0.6362377663838027,0,0.5814098920206695,0.4924176254058893,1867448.38,1310031.699415188,5.0
2026-05-07 15:03:00,AMBER_BUILDING,51.51047732704848,0.7047167963569848,0,-1.7110512162003138,0.5459104427601159,249959.52000000002,1335973.7791750694,3.0
2026-05-07 15:53:00,AMBER_BUILDING,58.653534692341914,0.880181858013389,0,1.2612918591036415,0.5024152648729087,2348131.54,887780.9042154101,6.0
2026-05-07 15:54:00,AMBER_BUILDING,68.16919162514218,0.8195793863314139,0,0.03638274325990698,0.43918882670576553,756711.08,891105.5249325016,5.0
2026-05-07 15:55:00,AMBER_BUILDING,59.48667015640326,0.7358363745447714,0,0.530424255752461,0.4296204887912073,1210340.16,891105.5249325016,4.0
2026-05-07 15:56:00,AMBER_BUILDING,53.83864451277321,0.6539980229955055,0,0.6105770579409814,0.4128977727107736,1322369.28,902639.671947253,7.0
2026-05-07 16:05:00,AMBER_BUILDING,50.53617744410467,0.6949238107899918,0,-2.8536627344253067,0.5331472222891458,79821.92,1078370.560286941,2.0
2026-05-07 16:06:00,AMBER_BUILDING,51.46019227811047,0.7167213681660812,0,-1.1759435560538503,0.4865100505219332,329563.70999999996,1078370.560286941,3.0
2026-05-07 16:07:00,AMBER_BUILDING,52.51175890682916,0.6201427255503444,0,0.9145208000134017,0.44961636485350587,1997891.3400000003,1078370.560286941,8.0
2026-05-08 06:58:00,AMBER_BUILDING,52.641600907793894,0.6238045957139874,0,-0.3684083443370335,0.42559737668991127,431237.91000000003,713427.1746795608,4.0
2026-05-08 07:00:00,AMBER_BUILDING,51.04111316333885,0.7411085418311182,0,-4.084367854912331,0.5492862790603565,50083.12,933890.1428481434,1.0
2026-05-08 07:01:00,AMBER_BUILDING,51.40356055597226,0.6377528863028581,0,1.2064066863241631,0.4402161041953727,1875365.4,918310.3058896167,6.0
2026-05-08 07:02:00,AMBER_BUILDING,50.10419762595376,0.5446267718656497,0,1.1739452868758657,0.4223769089705411,1864010.46,933890.1428481434,6.0
2026-05-08 07:30:00,AMBER_BUILDING,55.78893178167639,0.8172339292035188,0,0.3329994438444308,0.46498110033112006,1657100.4700000002,1487232.089573671,7.0
2026-05-08 07:31:00,AMBER_BUILDING,62.660228687196,0.7660222205519133,0,-0.17430120734943602,0.4075090196030675,1189178.55,1487232.089573671,6.0
2026-05-08 07:32:00,AMBER_BUILDING,55.43847339078553,0.6903633511358105,0,0.5244403091233895,0.4066294894548916,1865877.9200000002,1487232.089573671,7.0
2026-05-08 07:33:00,AMBER_BUILDING,50.168729254871415,0.5913987984314804,0,1.2324959203092198,0.41763188716700206,3024067.0300000003,1517202.8706666864,11.0
2026-05-08 12:41:00,AMBER_BUILDING,50.50247893301628,0.6903077288233322,0,0.20276208099337112,0.4417319022532821,1929124.25,2025125.9989775545,11.0
2026-05-08 12:42:00,AMBER_BUILDING,51.83730349959098,0.690519025834434,0,-0.4907406585009773,0.47158384910792894,1234788.06,2025125.9989775545,4.0
2026-05-08 12:44:00,AMBER_BUILDING,55.31323450550102,0.889520489737532,1,-3.9154403179170187,0.5764587864248096,131937.96000000002,2025125.9989775545,2.0
2026-05-08 12:45:00,AMBER_BUILDING,59.62393561953849,0.8951987976816898,0,-0.7962475730414093,0.47992861156654903,795108.75,1885022.2809711671,6.0
2026-05-08 12:46:00,AMBER_BUILDING,64.08853323677724,0.8764229571601394,0,-0.44001492992561114,0.46908908904862534,1049382.47,1878920.8035620847,11.0
2026-05-08 12:47:00,AMBER_BUILDING,60.30670437368972,0.8088040164349444,0,0.2644575187020389,0.43676750751355836,1828221.7000000002,1878920.8035620847,8.0
2026-05-08 12:48:00,AMBER_BUILDING,59.023737383269385,0.8251228621974295,0,-0.8293445589421702,0.44779254716883626,794812.76,1862290.4898015053,8.0
2026-05-08 12:49:00,AMBER_BUILDING,56.63436104668364,0.7619278493917364,0,0.26165425193579145,0.4303174865252255,1810317.54,1862290.4898015053,8.0
2026-05-08 12:50:00,AMBER_BUILDING,55.313750749248605,0.7554539879411737,0,-0.4654731979374866,0.45543306218855445,1046833.76,1840106.7747345855,12.0
2026-05-08 12:51:00,AMBER_BUILDING,52.861119977071354,0.7137183262915313,0,0.038268082861556814,0.4269549509525777,1515850.73,1840106.7747345855,11.0
2026-05-08 12:52:00,AMBER_BUILDING,52.418518401674795,0.7189228010382411,0,-0.5754029542433298,0.4229771708298804,974846.7000000002,1840106.7747345855,8.0
2026-05-08 12:53:00,AMBER_BUILDING,52.43767506971745,0.7402746165711532,0,-0.8157702666898237,0.46208765587790457,813260.9400000001,1840106.7747345855,12.0
2026-05-08 12:54:00,AMBER_BUILDING,51.14353545186098,0.6540773536104478,0,0.6941329118824815,0.4401970117624484,2432989.75,1840106.7747345855,15.0
2026-05-08 15:47:00,AMBER_BUILDING,60.883423187778895,0.952227446539971,0,0.13712651373299634,0.509180459433784,797186.38,922766.5299852531,4.0
2026-05-08 15:48:00,AMBER_BUILDING,70.9060916078838,0.8780300646737635,0,0.26253695463158433,0.4533487825055783,878428.24,902639.671947253,6.0
2026-05-08 15:49:00,AMBER_BUILDING,63.37037913936634,0.8015600116078824,0,0.3869679326424334,0.4586400530341491,984596.0900000001,902639.671947253,6.0
2026-05-08 15:50:00,AMBER_BUILDING,57.98086713724467,0.7121446284624151,0,0.6623859569978379,0.4508942951044284,1273378.24,902639.671947253,5.0
2026-05-08 15:51:00,AMBER_BUILDING,53.21947197318195,0.6534516612057195,0,0.3168813435004,0.47001153839855436,924640.62,902639.671947253,8.0
2026-05-08 15:52:00,AMBER_BUILDING,50.08685974574911,0.4541052169717831,0,2.444151768434634,0.5022901732285671,5456263.38,902639.671947253,6.0
2026-05-11 11:49:00,AMBER_BUILDING,50.498623444529564,0.3930758450163447,1,0.1923412500764157,0.46106658981868975,1684517.23,1588420.0297405657,8.0
2026-05-11 15:52:00,AMBER_BUILDING,57.73668136322821,0.9422798804949338,0,-1.680371868681585,0.5480124250488211,261469.21000000002,886455.6202479055,3.0
2026-05-11 15:53:00,AMBER_BUILDING,74.09420083487333,1.0403663452250176,1,-3.1640029422206357,0.5394494059730089,80381.6,883311.6063181594,3.0
2026-05-11 15:54:00,AMBER_BUILDING,72.6520250320893,0.9674348622634893,0,-0.2401295032005806,0.47071255240318755,757961.72,883311.6063181594,7.0
2026-05-11 15:55:00,AMBER_BUILDING,69.49717165654219,0.8272039215188288,0,1.134959057131944,0.48443945199650584,2108723.63,883311.6063181594,4.0
2026-05-11 15:56:00,AMBER_BUILDING,61.818712198355,0.757150682469939,0,0.02689940495290938,0.4621141389660476,934773.22,886455.6202479055,5.0
2026-05-11 15:57:00,AMBER_BUILDING,57.8781638219641,0.7872238353438115,0,-1.7033960641746624,0.49192340431097537,261780.22999999998,887780.9042154101,3.0
2026-05-11 15:58:00,AMBER_BUILDING,55.32014199603261,0.7189275197606948,0,0.05228749945312225,0.5017139801450503,952267.97,886455.6202479055,10.0
2026-05-11 15:59:00,AMBER_BUILDING,52.21854241440184,0.6073013855926078,0,0.9437190321099879,0.45743052205789986,1838333.5500000003,886455.6202479055,6.0
2026-05-11 16:14:00,AMBER_BUILDING,50.554734093908905,0.6645415765797281,2,-1.6071058350911698,0.4833264434149862,289864.57,998665.5136015848,4.0
2026-05-11 16:15:00,AMBER_BUILDING,52.108995417571954,0.5824680030415564,0,0.5410849485577742,0.45745283892249167,1585716.37,1109971.2344691698,8.0
2026-05-12 14:13:00,AMBER_BUILDING,53.09641828566146,1.5646321126713518,1,-23.502115833389684,0.7027889758899453,0.0,1715160.1299738672,0.0
2026-05-12 14:14:00,AMBER_BUILDING,69.99787572518566,1.4141382961814182,0,-0.9676105990388469,0.546971018030539,899551.7799999999,1715160.1299738672,6.0
2026-05-12 14:18:00,RED_EARLY_WARNING,78.83963840688163,0.9990269642186952,0,0.7978793931971906,0.4650242285966381,2656854.0,1673020.8879892153,10.0
2026-05-12 14:19:00,AMBER_BUILDING,74.79209518000198,1.0051817478061014,0,-1.3735096827321591,0.488385624732822,640590.5,1699493.6558383917,5.0
2026-05-12 14:20:00,AMBER_BUILDING,70.52382207544083,0.9325677601371825,0,-0.029826174145149178,0.46596592681613325,1528270.47,1673020.8879892153,9.0
2026-05-12 14:21:00,AMBER_BUILDING,67.84700022091437,0.8792034614990968,0,-0.2560072444193664,0.4764690878467961,1280042.88,1627381.1505232193,8.0
2026-05-12 14:22:00,AMBER_BUILDING,64.64024849141599,0.8725415733074551,0,-0.9655408398943054,0.47052025835370226,789222.11,1627381.1505232193,7.0
2026-05-12 14:23:00,AMBER_BUILDING,62.03179105216261,0.8240360821876516,0,-0.24238353175223482,0.48912633608898665,1233295.42,1576928.961975206,6.0
2026-05-12 14:24:00,AMBER_BUILDING,59.053180670559094,0.7614536080243348,0,0.07641399451001384,0.4688710814161372,1493233.33,1551101.4318199723,11.0
2026-05-12 14:25:00,AMBER_BUILDING,53.889892231408965,0.6147451215700885,0,1.606018004320163,0.48147830007193815,4042283.7,1539071.7352983668,8.0
2026-05-13 06:57:00,AMBER_BUILDING,50.12203789301194,0.8395666554869741,1,-12.74546405121599,0.6629476402630069,0.0,695483.7634202673,0.0
2026-05-13 06:58:00,AMBER_BUILDING,58.779189367859885,0.7761982883342533,0,-0.13578557262823374,0.46731057411922977,516865.43999999994,683945.5850701692,4.0
2026-05-13 06:59:00,AMBER_BUILDING,59.89942982413686,0.7154074208662009,0,0.10709271965421004,0.4099541398620552,654459.22,670713.9319102018,4.0
2026-05-13 07:00:00,AMBER_BUILDING,53.82018666208004,0.6462054527339884,0,0.35197386442234035,0.40160998908249623,1071096.0299999998,880850.390289344,5.0
2026-05-13 07:01:00,AMBER_BUILDING,56.49409295141262,0.8484087571204425,0,-4.939198146143155,0.5749544730474779,14615.53,880850.390289344,1.0
2026-05-13 07:02:00,AMBER_BUILDING,57.67651941382233,0.7620196452105402,0,0.4729806671804128,0.4445302684479101,1162574.62,880850.390289344,4.0
2026-05-13 07:03:00,AMBER_BUILDING,57.548783797054476,0.6418853855088319,0,1.317258572346552,0.4361917150478096,2307084.79,888920.2026785354,5.0
2026-05-13 07:04:00,AMBER_BUILDING,50.8697618604904,0.6225123712169544,0,-0.5078152294009081,0.4300417066430528,539404.1799999999,905546.3530339184,3.0
2026-05-13 14:53:00,AMBER_BUILDING,56.51680117828581,0.661524603005049,2,-1.6185180797382959,0.5100206741666792,516349.01,1344621.4582134928,4.0
2026-05-13 14:54:00,AMBER_BUILDING,54.47311148700115,0.6676018601108987,1,-0.7460038870804409,0.44199515444089077,826684.18,1344621.4582134928,7.0
2026-05-13 14:56:00,AMBER_BUILDING,50.04271446634857,0.7131936489072579,0,-2.165767904999907,0.48166865624939137,379433.75,1344621.4582134928,7.0
2026-05-13 15:44:00,AMBER_BUILDING,55.29802218732218,1.4964583258692121,1,-16.42253536949511,0.6892373220689448,0.0,899306.7253552158,0.0
2026-05-13 15:45:00,AMBER_BUILDING,71.25483472777778,1.6344683998790057,2,-4.48248191736801,0.6156196490734742,32957.83,856684.3977324868,1.0
2026-05-13 15:53:00,AMBER_BUILDING,71.57115355352316,0.9014620507058069,0,0.574996617844889,0.45949648397783055,1318363.9200000002,856684.3977324868,5.0
2026-05-13 15:54:00,AMBER_BUILDING,65.1862200946248,0.8441773984161505,0,-0.11067172930504766,0.47080536292468644,708582.99,856684.3977324868,4.0
2026-05-13 15:55:00,AMBER_BUILDING,59.757118581352366,0.7654036039875421,0,0.26501446336358625,0.4710108357409593,966015.99,843809.1355972287,6.0
2026-05-13 15:56:00,AMBER_BUILDING,58.83689063917368,0.8233884454310393,0,-1.6128908278999055,0.5462872029191367,231273.13,856684.3977324868,1.0
2026-05-13 15:57:00,AMBER_BUILDING,57.34711702797051,0.7603918399039865,0,0.06254265691018544,0.49526607538888007,816399.31,843809.1355972287,3.0
2026-05-13 15:58:00,AMBER_BUILDING,56.011574739636416,0.7165371457730187,0,-0.13792023124772243,0.4613952300379367,704477.0800000001,843809.1355972287,6.0
2026-05-13 15:59:00,AMBER_BUILDING,52.79800985918266,0.6935853876177381,0,-0.3878567984989623,0.47514298222547685,580517.2999999999,834871.6515642795,3.0
2026-05-13 16:00:00,AMBER_BUILDING,51.1693696332826,0.6822018561712998,0,-0.5292870344902064,0.48548465804352453,492870.71,881181.4528554165,4.0
2026-05-13 17:55:00,AMBER_BUILDING,50.37365671571945,0.557247327587004,0,0.08627541109668241,0.4321350003968576,1326591.11,1314175.5324187602,7.0
2026-05-13 18:00:00,AMBER_BUILDING,54.998887431864226,0.7338742500182914,0,-1.4618478527296923,0.44959642526336047,333897.31,970684.9483064414,2.0
2026-05-14 06:32:00,AMBER_BUILDING,50.60623844051855,0.4493535086257214,0,-0.3957034476628648,0.5168284944603788,274029.69999999995,456707.6675625142,3.0
2026-05-14 06:53:00,AMBER_BUILDING,50.330179103382534,0.679880108467409,0,-0.329170548472229,0.46580507836087853,421863.17,623764.1041965939,4.0
2026-05-14 06:54:00,AMBER_BUILDING,55.62531407304747,0.7209465391322687,0,-1.827916155122792,0.481142610537091,95575.48999999999,617435.1268799688,3.0
2026-05-14 06:55:00,AMBER_BUILDING,53.13257492115836,0.7426208789114084,0,-1.4792699497642594,0.4562879137473028,128800.55,611534.0622751295,2.0
2026-05-14 06:56:00,AMBER_BUILDING,56.87269305064467,0.8082630601802228,0,-2.3811735891323136,0.48881139993549916,51601.26,601431.1991842556,2.0
2026-05-14 06:57:00,AMBER_BUILDING,57.29295884076989,0.7716973851848905,0,-0.43865303404142025,0.45323305051917456,339882.43000000005,593699.649776849,2.0
2026-05-14 06:58:00,AMBER_BUILDING,56.58088344589836,0.7190268931666717,0,-0.07297610747230013,0.4429356044732449,487625.73,582819.7553610462,2.0
2026-05-14 06:59:00,AMBER_BUILDING,53.207356032032116,0.7012241930461205,0,-0.6486242394280624,0.44509925994815797,262072.01,569221.4797513401,3.0
2026-05-14 07:00:00,AMBER_BUILDING,50.02467618238186,0.6231078175571222,0,0.5153140368026276,0.41074612688430595,1198913.85,852757.5461729711,7.0
2026-05-14 11:29:00,AMBER_BUILDING,50.21737502156112,0.7140335615296961,0,-0.5415276151387638,0.4053036456887419,836946.3599999999,1409181.3287735386,6.0
2026-05-14 11:30:00,AMBER_BUILDING,51.29475738710294,0.7060861757868078,0,-0.4454006385947441,0.401890506609473,817485.25,1403341.1240588399,7.0
2026-05-14 11:31:00,AMBER_BUILDING,50.19958831637897,0.6845717186316421,0,-0.23976170713889586,0.41662459992239903,947160.3,1390968.9528697913,6.0
2026-05-14 11:32:00,AMBER_BUILDING,50.58036963912022,0.7113780722251164,1,-0.908864725046309,0.44635462252852176,575357.93,1381413.4730928692,4.0
2026-05-14 11:34:00,AMBER_BUILDING,50.77208654064527,0.7230651728910275,0,-1.8151211121029656,0.49684457240047486,307793.99,1375391.1393409022,2.0
2026-05-14 12:02:00,AMBER_BUILDING,57.76960602366014,1.9507384067415035,2,-19.983221298496908,0.6923723766268622,0.0,1503594.5099783684,0.0
2026-05-14 12:03:00,AMBER_BUILDING,74.79648363405336,1.8294679741002633,2,-1.6972439666623336,0.5727426634139063,348466.26,1484112.8557275224,5.0
2026-05-14 12:09:00,RED_EARLY_WARNING,78.90355317981121,0.994404261949355,0,1.620563001917726,0.5296882710206425,3779631.9699999997,1459638.7313718775,15.0
2026-05-14 12:10:00,AMBER_BUILDING,71.12046817250094,0.8416042043780322,0,1.3981386668139903,0.5016301874185324,3302548.8499999996,1459638.7313718775,10.0
2026-05-14 12:11:00,AMBER_BUILDING,63.8244413644753,0.8261695590170273,0,-0.4844077037060574,0.47805495723692665,818576.4500000001,1459638.7313718775,8.0
2026-05-14 12:12:00,AMBER_BUILDING,59.183152852089016,0.7909110466208082,0,-0.16569949297608114,0.4805174208362216,1033647.72,1459638.7313718775,6.0
2026-05-14 12:13:00,AMBER_BUILDING,57.23383723000702,0.7646040232925524,0,-0.250013255344348,0.4741638882949804,972924.24,1459638.7313718775,9.0
2026-05-14 12:14:00,AMBER_BUILDING,54.22612551622695,0.6739263207261074,0,0.7760607698212263,0.5035542651837963,2021537.4700000002,1456099.467146278,5.0
2026-05-14 12:15:00,AMBER_BUILDING,50.28970818450742,0.6022864421110296,0,0.5758306585363527,0.4697857934942267,2297588.97,1937939.6010587616,8.0
2026-05-14 16:11:00,AMBER_BUILDING,51.86692833115095,1.3090430069288035,1,-13.246273527798584,0.689798695436282,0.0,772152.1181114854,0.0
2026-05-14 16:12:00,AMBER_BUILDING,66.84446089030202,1.1109121836462836,0,1.0205277697332844,0.5326819619444996,1854144.94,763866.1915997968,8.0
2026-05-14 16:14:00,AMBER_BUILDING,71.53005501991436,0.9006787681207741,0,0.444989605308671,0.49402352746750544,1042595.99,763866.1915997968,2.0
2026-05-14 16:15:00,AMBER_BUILDING,63.93286029235433,0.7789241991363312,0,0.844657142755577,0.4679989190585421,1943068.2,1056729.26051613,5.0
2026-05-14 16:16:00,AMBER_BUILDING,57.553473425616254,0.7060121038674702,0,0.2893951748667297,0.4569808231218314,1203344.72,1056729.26051613,5.0
2026-05-14 16:17:00,AMBER_BUILDING,52.54726846371272,0.6782418944627986,0,-0.2609897008477386,0.4491255363690806,750388.8400000001,1066842.569535391,6.0
2026-05-14 16:18:00,AMBER_BUILDING,50.21176068960625,0.6559943371500083,0,-0.3059910280367254,0.5152853131692899,715693.99,1056729.26051613,2.0
2026-05-14 16:19:00,AMBER_BUILDING,51.83660487940755,0.748226250245039,0,-1.893564961791853,0.5092851192895766,186033.34,1038980.767097255,3.0
2026-05-14 16:20:00,AMBER_BUILDING,52.210389502984924,0.6840294462721375,0,0.1998321215490651,0.46454506640017296,1092064.85,1038980.767097255,7.0
2026-05-14 16:21:00,AMBER_BUILDING,53.45424555066861,0.7267040125546482,0,-1.2133297881082943,0.48031420780457046,321502.4,1056729.26051613,3.0
2026-05-14 16:22:00,AMBER_BUILDING,53.168331278532555,0.763265927155433,0,-1.1777423304120496,0.5040456029513308,331710.12,1056729.26051613,3.0
2026-05-14 16:23:00,AMBER_BUILDING,54.90767447145299,0.7659403982226273,0,-0.7379596446309413,0.4838418845896293,475043.29,1038980.767097255,3.0
2026-05-14 16:24:00,AMBER_BUILDING,57.35158157793246,0.8272414858826125,0,-1.536171352145767,0.5052736721477278,224619.99,1002280.9187661876,3.0
2026-05-14 16:25:00,AMBER_BUILDING,57.444811973060474,0.7990019637029853,0,-0.37782730718163204,0.4655341278775948,608075.22,974162.7192548919,6.0
2026-05-14 16:26:00,AMBER_BUILDING,58.44637852912027,0.8252857363684293,0,-1.1049402573382576,0.47378459919208704,316641.74,963847.5834182983,4.0
2026-05-14 16:27:00,AMBER_BUILDING,54.88674024356815,0.6440579564739789,0,1.7543536044356645,0.49605536011555046,3993899.1799999997,963847.5834182983,8.0
2026-05-14 16:28:00,AMBER_BUILDING,54.47070926733204,0.7225506526794209,0,-1.6649615452231545,0.5446760359954599,194622.64,974162.7192548919,2.0
2026-05-14 16:29:00,AMBER_BUILDING,50.303523451021654,0.6124303211661973,0,0.8688236074786955,0.4733296579611143,1835319.71,963847.5834182983,6.0
2026-05-15 06:31:00,AMBER_BUILDING,56.53229608440091,1.348336709537271,0,1.117460128152185,0.48942278725659416,1387124.28,431803.89744779177,5.0
2026-05-15 06:35:00,AMBER_BUILDING,76.17741977602783,0.976307587316536,0,0.29606907932938065,0.48331855026161075,514683.37,440903.02403720573,2.0
2026-05-15 06:36:00,AMBER_BUILDING,68.97221962358432,0.3959764988576649,1,-10.99478249029816,0.663996267799626,0.0,445727.2528489023,0.0
2026-05-15 06:37:00,AMBER_BUILDING,57.96220166434619,0.33415979132571505,0,-0.42989460329534185,0.5236863643671306,215799.73,440903.02403720573,3.0
2026-05-18 06:32:00,AMBER_BUILDING,50.45211551145854,0.10829820981398768,0,-0.4720319794849799,0.5110445055127976,332636.35,435392.20189738076,2.0
2026-05-19 06:37:00,AMBER_BUILDING,51.49860763383808,0.6348469199607564,0,-0.12527750013742692,0.5418176876989919,386192.88999999996,440903.02403720573,3.0
2026-05-19 06:38:00,AMBER_BUILDING,53.64345090665679,0.6036581104741618,0,-0.40568770079163446,0.48531069025731954,283638.89,435392.20189738076,4.0
2026-05-19 06:48:00,AMBER_BUILDING,54.70362762178311,0.7916221005566719,0,0.5730038761591358,0.47554817562075047,1061132.61,589038.9447543109,5.0
2026-05-19 06:49:00,AMBER_BUILDING,59.98708649282373,0.7383747435764363,0,-0.2187765807422273,0.4478367651890975,480076.11,593699.649776849,3.0
2026-05-19 06:50:00,AMBER_BUILDING,53.72104325351518,0.7085911280777016,0,-0.6637593936147093,0.47518696914439895,323708.11,593699.649776849,1.0
2026-05-19 06:51:00,AMBER_BUILDING,52.11307219232219,0.6977413013110548,0,-1.0398193588882136,0.43874291000377846,229569.3,593699.649776849,4.0
2026-05-19 06:52:00,AMBER_BUILDING,50.052589881619575,0.6655092480925664,0,-0.5363111489784652,0.427838027651416,360835.05000000005,589038.9447543109,3.0
2026-05-19 06:53:00,AMBER_BUILDING,50.12627305497514,0.6884872349742086,0,-1.7310638267640739,0.4923713105513101,116789.49,567250.0663158408,2.0
2026-05-19 06:55:00,AMBER_BUILDING,52.94892795643864,0.7098666986573782,0,-3.37017849195818,0.5560161404593231,26079.84,567250.0663158408,2.0
2026-05-19 06:56:00,AMBER_BUILDING,51.73784697267547,0.6587127973802983,0,-0.1382627135358983,0.4422667894106163,499925.12,567250.0663158408,4.0
2026-05-19 06:57:00,AMBER_BUILDING,52.42270116758281,0.6360897165056155,0,-0.6831233350172213,0.47690291497667897,304029.05,567250.0663158408,1.0
2026-05-19 07:21:00,AMBER_BUILDING,50.4270142528847,0.6238942846124749,0,-1.129386039916129,0.45955809380974205,397878.93,895049.7733206347,2.0
2026-05-19 07:26:00,AMBER_BUILDING,51.29924071859862,0.7614157666533156,0,-3.9360757152930557,0.5516938505737936,49709.1,872630.7411194046,1.0
2026-05-19 07:27:00,AMBER_BUILDING,53.48109947392904,0.6903747205850919,0,0.286314387734603,0.4430597494296829,1001363.2200000001,866376.9266927023,7.0
2026-05-19 07:28:00,AMBER_BUILDING,53.60992423818991,0.6871784881461344,0,-1.0248006860284185,0.43211899396960657,388226.66,866376.9266927023,6.0
2026-05-19 12:19:00,AMBER_BUILDING,50.96040182084764,0.37933251322303996,0,2.6190925030324137,0.6214668320700661,8811060.07,1809575.6940876436,21.0
2026-05-19 15:45:00,AMBER_BUILDING,66.32076525173348,1.0862058768466818,0,-0.34974364727421303,0.5002612448439613,666372.63,800667.4546034691,6.0
2026-05-19 15:48:00,AMBER_BUILDING,71.07626999794384,0.8924836688622617,0,0.4304981427814238,0.451540769539031,1319340.1,769408.1732363816,5.0
2026-05-19 15:49:00,AMBER_BUILDING,67.07472616113621,0.8617889172695813,0,-0.765352341933573,0.5057478181926827,445042.01,785300.4006538405,1.0
2026-05-19 15:50:00,AMBER_BUILDING,64.64309163135643,0.9047477019316347,0,-1.8223292192400007,0.4884683959472643,167983.03,785300.4006538405,4.0
2026-05-19 15:51:00,AMBER_BUILDING,62.66138333703236,0.8291320884265422,0,-0.08856608299100809,0.44863390449546475,824568.17,785300.4006538405,5.0
2026-05-19 15:52:00,AMBER_BUILDING,61.74174872399385,0.833126060743455,0,-1.1710042703182288,0.4966475589340125,298319.47,785300.4006538405,3.0
2026-05-19 15:53:00,AMBER_BUILDING,60.03196086513427,0.8411001163484234,0,-1.2372636842549478,0.5135975274003025,270603.08,769408.1732363816,2.0
2026-05-19 15:54:00,AMBER_BUILDING,60.75947125938913,0.8475857282086956,0,-1.217382153820574,0.48987062620340516,274044.89,769408.1732363816,4.0
2026-05-19 15:55:00,AMBER_BUILDING,63.12383621862734,0.9079214918129128,0,-2.0056480951729085,0.5468980226290222,127929.89,769408.1732363816,1.0
2026-05-19 15:56:00,AMBER_BUILDING,70.61484616436206,1.110240370477736,1,-4.174292288640523,0.6200317496745953,16043.75,769408.1732363816,1.0
2026-05-19 15:57:00,AMBER_BUILDING,74.74444678037594,1.0452686503167845,0,-0.4922953990858098,0.4776499132177257,530975.1900000001,769408.1732363816,4.0
2026-05-19 15:58:00,AMBER_BUILDING,74.97129401408328,0.9691078161701973,0,-0.21314739475492428,0.4572003072110715,686429.12,762255.6872732857,5.0
2026-05-19 15:59:00,AMBER_BUILDING,67.85334491067489,0.8860552426282321,0,-0.01364787122794534,0.45936687463790277,827248.15,758618.4454949945,7.0
2026-05-19 16:00:00,AMBER_BUILDING,62.85147697388614,0.8421835617948913,0,-0.4998532304698647,0.4600249459616529,565782.38,830662.9551943466,4.0
2026-05-19 16:01:00,AMBER_BUILDING,58.51025175954336,0.752382031267549,0,0.22425292262604998,0.4744006416417996,1135654.45,825715.4844169825,8.0
2026-05-19 16:02:00,AMBER_BUILDING,55.01022630854462,0.6957247110323607,0,-0.1566572666451872,0.46867221233776507,790501.61,830662.9551943466,4.0
2026-05-19 16:03:00,AMBER_BUILDING,51.77140250333065,0.6601462112244125,0,-0.4020841400704463,0.46456375256497134,620855.04,825715.4844169825,4.0
2026-05-20 06:45:00,AMBER_BUILDING,53.397355893632074,1.055611285287657,1,-12.801492682398074,0.6775440456532362,0.0,547550.1533587091,0.0
2026-05-20 06:46:00,AMBER_BUILDING,68.82385648149129,1.6175175339217842,2,-12.800228424877647,0.6602703665275456,0.0,547550.1533587091,0.0
2026-05-20 06:56:00,AMBER_BUILDING,76.14334998845588,0.9366308216288209,0,2.0943473752913206,0.4814503744889529,3762740.5600000005,593699.649776849,6.0
2026-05-20 06:57:00,AMBER_BUILDING,67.73733558573848,0.847434795220024,0,0.38209206511312976,0.42287247776968456,785407.06,593699.649776849,5.0
2026-05-20 06:58:00,AMBER_BUILDING,61.01383306183868,0.7926955899063485,0,-0.18404597826254154,0.4439972518208084,463028.5,601431.1991842556,6.0
2026-05-20 06:59:00,AMBER_BUILDING,55.89418834979586,0.7239811835502438,0,0.23457708165974583,0.4112676082297947,660084.27,593699.649776849,5.0
2026-05-20 07:00:00,AMBER_BUILDING,52.79496870075366,0.6365635786134572,0,0.7167839891591619,0.41132483222838917,1318425.92,763132.2282967262,6.0
2026-05-20 07:02:00,AMBER_BUILDING,60.462215932139166,1.2388632726866153,1,-15.419583295797002,0.6795763716597818,0.0,780022.522111094,0.0
2026-05-20 07:03:00,AMBER_BUILDING,70.66157975104139,1.138481061752958,0,-0.2686757512871155,0.5114368774981946,563328.61,772933.4582178923,4.0
2026-05-20 07:05:00,AMBER_BUILDING,73.04023653045819,0.9754332042601778,0,0.2271125468032521,0.4283926409905488,844736.1300000001,772933.4582178923,7.0
2026-05-20 07:06:00,AMBER_BUILDING,67.59692993783091,0.8861076795180951,0,0.3715451952418702,0.42941502518193736,964266.1,780022.522111094,3.0
2026-05-20 07:07:00,AMBER_BUILDING,61.42207680389313,0.765868643306552,0,1.1901810145893021,0.42702456655695775,1928414.9800000002,780022.522111094,4.0
2026-05-20 07:08:00,AMBER_BUILDING,56.69841413356954,0.7098205319326616,0,0.014307923871151986,0.44593739728939663,711508.9299999999,783429.2447456557,2.0
2026-05-20 07:09:00,AMBER_BUILDING,52.35725515252977,0.6520573079524827,0,0.14881752138475937,0.4179714250115392,797646.94,783429.2447456557,5.0
2026-05-20 07:14:00,AMBER_BUILDING,50.8165513817441,0.6237162328646797,0,-0.4232997237197664,0.4421861984962,521892.23,793255.556805828,4.0
2026-05-20 07:15:00,AMBER_BUILDING,52.06216679882064,0.6065579891810914,0,-0.591276966167365,0.4266744145704721,519116.45,862282.8453095978,6.0
2026-05-20 09:51:00,AMBER_BUILDING,53.93949008442271,0.5890239388539219,0,-0.01575108617672772,0.45303628921883893,2407054.34,2709595.846770322,10.0
2026-05-20 09:52:00,AMBER_BUILDING,51.305230220341976,0.6409664961719618,0,-1.8848347206731508,0.45818102299790847,957990.6300000001,2709595.846770322,9.0
2026-05-20 09:53:00,AMBER_BUILDING,50.58780754934071,0.7276232625055487,0,-2.7139149351229457,0.48134747605873224,623353.2100000001,2673364.1537847267,7.0
2026-05-20 09:54:00,AMBER_BUILDING,56.41993308613612,0.8050659380094262,0,-2.6199172873579477,0.5080218192352319,634463.47,2664090.276251242,7.0
2026-05-20 09:55:00,AMBER_BUILDING,60.34873188190968,0.8295564687575084,0,-1.6381242197524173,0.4497973637804333,1038643.88,2664090.276251242,11.0
2026-05-20 09:56:00,AMBER_BUILDING,61.940690145822494,0.8482008978682221,0,-1.5482694569491449,0.4572617682766537,1075175.2,2664090.276251242,8.0
2026-05-20 09:57:00,AMBER_BUILDING,61.502156304125116,0.826961865082703,0,-0.7336897815853883,0.4596679503432193,1618762.38,2664090.276251242,8.0
2026-05-20 09:58:00,AMBER_BUILDING,61.93401501459138,0.854259275120786,0,-1.6856882380687375,0.447622101026203,960751.18,2640734.8511775867,9.0
2026-05-20 09:59:00,AMBER_BUILDING,61.54073823357029,0.8361265437818403,1,-0.7978706542780195,0.4316690993664822,1523364.71,2640734.8511775867,9.0
2026-05-20 10:00:00,AMBER_BUILDING,60.80814227404144,0.8062269328654299,1,-0.5186192288676079,0.43690343542148996,1616066.9900000002,2444043.517026063,8.0
2026-05-20 10:01:00,AMBER_BUILDING,59.46747327396097,0.8056645240084006,1,-0.4082246712696689,0.4290069507673479,1711020.21,2444043.517026063,10.0
2026-05-20 10:02:00,AMBER_BUILDING,59.83487256092352,0.8494766437756786,1,-1.859294883353513,0.4513955953743416,756200.01,2403868.1670188378,8.0
2026-05-20 10:03:00,AMBER_BUILDING,61.49728011042712,0.8816312963522734,1,-1.6758888760777593,0.45962970706676837,822980.8400000001,2403868.1670188378,8.0
2026-05-20 10:04:00,AMBER_BUILDING,60.76148547831436,0.801624730620326,0,0.44074500493559926,0.43690248091115547,2626672.94,2377192.7905571614,13.0
2026-05-20 10:05:00,AMBER_BUILDING,58.220222234085384,0.7792241963420583,0,-0.5206247007936868,0.42129127455637316,1538828.49,2403868.1670188378,9.0
2026-05-20 10:06:00,AMBER_BUILDING,55.43742006184027,0.7656182033658443,0,-0.6286095539912016,0.44559682977136333,1408679.57,2377192.7905571614,8.0
2026-05-20 10:07:00,AMBER_BUILDING,53.96539301510398,0.7134635730489589,0,0.13464237019595104,0.43110922296574633,2155570.6900000004,2377192.7905571614,13.0
2026-05-20 10:08:00,AMBER_BUILDING,52.15201123092777,0.6633974680460435,0,0.1743688781069846,0.44504963093798505,2205659.79,2377192.7905571614,7.0
2026-05-20 10:09:00,AMBER_BUILDING,50.46263028864573,0.7020351517465707,0,-0.7304375682171124,0.45503822391077314,1324806.03,2365614.981511756,6.0
2026-05-20 10:13:00,AMBER_BUILDING,51.158096705098664,0.7412245481229384,0,-0.41943216915507475,0.43149668774288025,1543446.57,2365614.981511756,10.0
2026-05-20 10:14:00,AMBER_BUILDING,53.501821379692444,0.7259088274520998,0,-0.36992096172517874,0.4222630946388668,1588449.65,2365614.981511756,8.0
2026-05-20 10:15:00,AMBER_BUILDING,50.138735489305965,0.6095663834038093,0,1.2903575531926037,0.4537872665539307,3818183.69,2277489.2701567193,11.0
2026-05-20 10:20:00,AMBER_BUILDING,50.92964140029082,0.7068385022881613,0,-0.6108293203081926,0.47878052902699125,1299512.35,2277489.2701567193,5.0
2026-05-20 10:21:00,AMBER_BUILDING,51.82159138224991,0.7032945579493962,0,-0.49097262900079996,0.4909900353857985,1391491.8,2277489.2701567193,5.0
2026-05-20 10:22:00,AMBER_BUILDING,51.20677789945129,0.6923345762061254,0,-0.35211173469545143,0.4268758329867221,1485436.63,2272401.01242462,9.0
2026-05-20 11:47:00,AMBER_BUILDING,50.91960248563964,0.7427634831428847,0,-1.8031836796442522,0.48376544953410416,263867.12,1293000.3872849715,3.0
2026-05-20 11:48:00,AMBER_BUILDING,53.16467650180896,0.7478878642955243,0,-0.4835018227734799,0.5035525913959913,635251.8300000001,1293000.3872849715,2.0
2026-05-20 11:49:00,AMBER_BUILDING,58.21858877559084,0.8582080219174423,0,-2.1651800684094873,0.48242985400963,198381.05,1293000.3872849715,5.0
2026-05-20 11:50:00,AMBER_BUILDING,59.40782305470807,0.8303784513797036,0,-0.0789769608226601,0.45455960121284084,814719.98,1279290.1591799986,4.0
2026-05-20 11:51:00,AMBER_BUILDING,60.69835915983617,0.820021014502238,1,-0.3009812251036394,0.4550386709739731,682586.95,1264141.0289010536,5.0
2026-05-20 11:52:00,AMBER_BUILDING,58.12624200489817,0.7881320402916382,0,0.046026474598942595,0.4308180025280224,864205.3899999999,1257120.1335119747,5.0
2026-05-20 11:53:00,AMBER_BUILDING,63.183891585663865,0.9772817056809665,1,-3.3924838923473652,0.5763617232446075,77221.38,1257120.1335119747,1.0
2026-05-20 13:33:00,AMBER_BUILDING,53.104061128334585,0.7922272060081359,0,-2.545004886244163,0.5252887073810584,192443.12999999998,1566818.414034841,3.0
2026-05-20 13:34:00,AMBER_BUILDING,59.10063885151036,0.914082022067979,1,-2.382423411105724,0.48782531875701984,213457.74999999997,1566818.414034841,5.0
2026-05-20 13:35:00,AMBER_BUILDING,63.88769603879522,0.8777042717035015,1,0.058919225078972806,0.44978764972455654,1049155.8900000001,1566818.414034841,8.0
2026-05-20 13:36:00,AMBER_BUILDING,62.29615229738477,0.8230830869500949,0,0.42454758019446187,0.41015322276472566,1343085.9,1566818.414034841,10.0
2026-05-20 13:37:00,AMBER_BUILDING,57.56227885726244,0.7708270052554047,0,0.45472350201833917,0.4049550631127293,1369441.33,1566818.414034841,8.0
2026-05-20 13:38:00,AMBER_BUILDING,54.00793408238396,0.7160196087148412,0,0.5601152653510446,0.4168722891627373,1462815.39,1566818.414034841,12.0
2026-05-20 13:39:00,AMBER_BUILDING,52.583986169564184,0.7207079554339291,0,-0.34901966358108366,0.42453848502870767,853654.36,1566818.414034841,5.0
2026-05-20 13:40:00,AMBER_BUILDING,51.65752788629069,0.6977350500907034,0,0.10614320782073543,0.4283288401265808,1100142.7,1541470.995943174,6.0
2026-05-20 13:41:00,AMBER_BUILDING,54.442882030098474,0.8022422872946233,0,-1.9997543062200442,0.4755657201058934,331168.41,1541470.995943174,5.0
2026-05-20 13:42:00,AMBER_BUILDING,56.05571968539323,0.8011541956385559,0,-0.3771992136601125,0.4262789477963498,823577.6,1514871.521430041,7.0
2026-05-20 13:43:00,AMBER_BUILDING,55.85324105980069,0.6453487658781301,0,2.2071322995050697,0.42723631001784845,3672213.2299999995,1486991.985148138,9.0
2026-05-20 14:12:00,AMBER_BUILDING,50.09001348293924,0.6535009547370552,0,0.5448535370860296,0.42372956139322154,1534702.0799999998,1656790.5226826835,8.0
2026-05-20 14:14:00,AMBER_BUILDING,50.370597670763935,0.7421975076316885,0,-1.7067899125787813,0.4467112336419582,425571.47,1656790.5226826835,5.0
2026-05-20 14:15:00,AMBER_BUILDING,54.70155220531941,0.8274462672312128,0,-1.9075903491968955,0.47834716126390375,343218.47,1495216.4672003242,3.0
2026-05-20 14:16:00,AMBER_BUILDING,57.611681092381,0.7886459959368198,0,0.18196866882549587,0.4184732405496403,1119654.32,1495216.4672003242,8.0
2026-05-20 14:17:00,AMBER_BUILDING,56.0288995192387,0.6775429187953347,0,1.5278134740158715,0.4203953089253253,2470927.24,1495216.4672003242,7.0
2026-05-20 14:18:00,AMBER_BUILDING,53.056365602672884,0.724233951876705,0,-1.1339054560959174,0.44019069125341515,506518.61,1495216.4672003242,5.0
2026-05-20 14:19:00,AMBER_BUILDING,51.63355552376506,0.719422844963304,0,-0.28682085660686135,0.41710946864453063,844778.2399999999,1495216.4672003242,6.0
2026-05-20 14:20:00,AMBER_BUILDING,50.36440368362371,0.6294067116912729,0,1.2653255885659536,0.4092364875689652,2119939.32,1494178.8506466874,7.0
2026-05-20 14:21:00,AMBER_BUILDING,52.48987848669905,0.752626620916115,0,-2.4806389006523513,0.5154554809581848,232625.18,1494178.8506466874,3.0
2026-05-20 14:22:00,AMBER_BUILDING,58.12726012714236,0.9000166098968723,1,-3.0425703563118573,0.5079228781000583,160413.08000000002,1494178.8506466874,3.0
2026-05-20 14:23:00,AMBER_BUILDING,62.247124506875316,0.8266016209041784,1,0.6615690079114802,0.4319439614177846,1503516.05,1494178.8506466874,8.0
2026-05-20 14:24:00,AMBER_BUILDING,62.35396779823603,0.6285166347754081,0,3.006896885370554,0.48653336972791084,6194550.210000001,1495216.4672003242,8.0
2026-05-20 14:25:00,AMBER_BUILDING,55.8782117411641,0.6682589493303749,0,-0.9559683773659904,0.47032409428931665,560004.5700000001,1499406.3934101223,6.0
2026-05-20 14:26:00,AMBER_BUILDING,53.41419687509063,0.7042249455959427,0,-0.9278588332923864,0.43976816575566147,565371.81,1495216.4672003242,6.0
2026-05-20 14:27:00,AMBER_BUILDING,50.96837379790444,0.7086205286672306,0,-0.40612618741317624,0.4297967841738261,755784.0,1494178.8506466874,6.0
2026-05-20 14:28:00,AMBER_BUILDING,51.34444115953155,0.7006379782880406,0,-0.1863521468504236,0.4303142112827861,868671.4700000001,1494178.8506466874,5.0
2026-05-20 14:29:00,AMBER_BUILDING,50.52312960126568,0.6648726448695926,0,0.32595074908397687,0.4344267786701221,1173290.1,1480035.0672019501,5.0
2026-05-20 14:55:00,AMBER_BUILDING,53.53157407422921,2.0746699935007276,1,-27.86046185386891,0.7141588838506454,0.0,1216515.7212205813,0.0
2026-05-20 14:56:00,AMBER_BUILDING,70.72366286624323,1.7158704590723648,0,1.437518779457115,0.5650914180021327,1841382.79,1216515.7212205813,5.0
2026-05-20 15:05:00,AMBER_BUILDING,70.88799959904016,0.9203910541677355,0,1.4987299916028243,0.537997396103832,2520185.6,1283485.8669238645,3.0
2026-05-20 15:06:00,AMBER_BUILDING,67.95975337480513,0.893039165381,0,-0.24314433445500935,0.4766032169792762,715766.61,1297040.1827950154,6.0
2026-05-20 15:07:00,AMBER_BUILDING,64.14558952410975,0.8736653640213718,0,-0.3410163365925812,0.5127831571946051,666033.7,1297040.1827950154,4.0
2026-05-20 15:08:00,AMBER_BUILDING,61.640263632458016,0.8206071043129711,0,0.28824610431526987,0.4818729188011711,1030358.98,1283485.8669238645,4.0
2026-05-20 15:09:00,AMBER_BUILDING,60.04376132697265,0.8139286913487983,0,-0.46273628289502006,0.48203870052059317,595196.61,1283485.8669238645,5.0
2026-05-20 15:10:00,AMBER_BUILDING,57.016824782267776,0.7365100214571746,0,0.8039081549563377,0.4669125777226049,1512388.76,1283485.8669238645,9.0
2026-05-20 15:11:00,AMBER_BUILDING,53.50855907338021,0.6436230119646168,0,1.1742174801797847,0.4905527216750571,2033486.2999999998,1297040.1827950154,5.0
2026-05-20 15:13:00,AMBER_BUILDING,53.908887320138525,0.8500758433294722,1,-4.4860462253110205,0.6297134972471611,29791.15,1306905.8477619288,1.0
2026-05-20 15:14:00,AMBER_BUILDING,56.082764583737514,0.7416997648337452,0,1.2457628502735256,0.5383002089269214,2170278.4,1297040.1827950154,3.0
2026-05-20 15:15:00,AMBER_BUILDING,57.79446435884004,0.690883318630715,0,0.4078497707408644,0.4713341655710713,954094.6599999999,1071010.4601090848,5.0
2026-05-20 15:16:00,AMBER_BUILDING,52.15839943113158,0.6815037111201848,0,-0.25116687124108844,0.48043826785754423,585879.26,1071010.4601090848,5.0
2026-05-20 15:23:00,AMBER_BUILDING,50.42596118495581,0.6651111444347269,0,-0.2514413817523092,0.4661963935308082,541730.33,1041481.2516193397,5.0
2026-05-20 15:24:00,AMBER_BUILDING,50.32860950104823,0.5635014280404314,0,1.4275786611793004,0.5142250645015378,2020842.2200000002,1041481.2516193397,3.0
2026-05-20 15:29:00,AMBER_BUILDING,57.354831737935875,1.3453266880467705,1,-15.830074637690219,0.7022031769096856,0.0,1071010.4601090848,0.0
2026-05-20 15:30:00,AMBER_BUILDING,72.07120340491208,1.2106640988616897,0,0.4386453415259241,0.49854548296405704,792577.65,871006.7814678142,4.0
2026-05-20 15:33:00,AMBER_BUILDING,71.79055427233637,0.8177866362294042,0,3.520847083802527,0.5626036082423476,11230001.69,853929.4544008978,5.0
2026-05-20 15:34:00,AMBER_BUILDING,66.77771014039543,0.8360404296792733,0,-0.8523781355260961,0.48665143032627006,247822.86000000002,853929.4544008978,4.0
2026-05-20 15:35:00,AMBER_BUILDING,61.6971969110922,0.8581100235598905,0,-0.9034442665149676,0.4871040273516448,226624.3,853929.4544008978,3.0
2026-05-20 15:36:00,AMBER_BUILDING,59.34390205060638,0.7984192198369536,0,0.37299732461923485,0.46966481462585596,746186.7200000001,853929.4544008978,6.0
2026-05-20 15:37:00,AMBER_BUILDING,60.7429574852801,0.8673057908705606,0,-1.5827439800331158,0.5121645886157224,122136.62,853929.4544008978,2.0
2026-05-20 15:38:00,AMBER_BUILDING,60.161058434471016,0.8320962174884948,0,-0.027053215231814677,0.47300142103296794,515381.41000000003,853929.4544008978,2.0
2026-05-20 15:39:00,AMBER_BUILDING,60.36044437959699,0.8093646147908647,0,-0.17416795694509063,0.46326951014189777,454146.12,853929.4544008978,3.0
2026-05-20 15:40:00,AMBER_BUILDING,57.64766986335107,0.7569366367983014,0,0.3319330408779037,0.4621198906375299,712103.84,852916.437398543,4.0
2026-05-20 15:41:00,AMBER_BUILDING,54.52790918009214,0.7067691302216736,0,0.36250368691205126,0.46552136083104856,726940.6599999999,846501.108868883,2.0
2026-05-20 15:42:00,AMBER_BUILDING,55.4006726871954,0.8044039633101294,0,-1.9806837421761556,0.5497011726702371,88449.26,846501.108868883,2.0
2026-05-20 15:43:00,AMBER_BUILDING,56.05089876878736,0.8054781375531611,0,-0.532303478865564,0.47717992157294087,319551.97,838251.7450429276,3.0
2026-05-20 15:44:00,AMBER_BUILDING,56.21187731605397,0.6567932438544549,0,1.9386312935706982,0.4720953153025188,2907454.8,838251.7450429276,8.0
2026-05-20 15:45:00,AMBER_BUILDING,51.347578401966125,0.614523580938203,0,0.3701987482100293,0.45715209552498753,644555.0499999999,758618.4454949945,5.0
2026-05-20 16:07:00,AMBER_BUILDING,50.06152439331816,0.6399293065367773,0,-0.8140828730309624,0.48499471809010475,238677.39,783298.8723830784,3.0
2026-05-20 16:10:00,AMBER_BUILDING,50.52574183304508,0.7401681476216024,0,-2.9644542019286395,0.5808540843230451,34549.93,783298.8723830784,1.0
2026-05-20 16:11:00,AMBER_BUILDING,50.88508234972365,0.6598724674709071,0,0.8704647232751219,0.4785866175356159,1053628.43,783298.8723830784,4.0
2026-05-20 16:12:00,AMBER_BUILDING,51.61540355232339,0.5984551356898619,0,0.6493856597831141,0.41785932796433817,895051.9700000001,789229.0457023751,5.0
2026-05-20 16:15:00,AMBER_BUILDING,54.964158065871175,1.4387424539980411,1,-15.707261308130908,0.7005975794275269,0.0,1019402.4839393442,0.0
2026-05-20 16:16:00,AMBER_BUILDING,70.03709539220516,1.2709779013243934,0,0.7418589639626012,0.5225115716682854,1248493.08,1019402.4839393442,3.0
2026-05-20 16:24:00,AMBER_BUILDING,71.78833018397304,0.9755352503864175,0,0.5511831588673667,0.4408327277782967,1033065.42,1019402.4839393442,5.0
2026-05-20 16:25:00,AMBER_BUILDING,69.41471348713856,0.9454104377887834,0,-0.23219374660862085,0.4533079527159515,538827.71,1048238.1287561465,4.0
2026-05-20 16:26:00,AMBER_BUILDING,65.24209666784138,0.8629301086082453,0,0.6573230192249135,0.43428816715370655,1153649.62,1048238.1287561465,6.0
2026-05-20 16:27:00,AMBER_BUILDING,61.678527290110196,0.8002081249581791,0,0.4502570659563778,0.44297819536830224,983627.37,1066842.569535391,7.0
2026-05-20 16:28:00,AMBER_BUILDING,58.692159552971596,0.7996812625536299,0,-0.49972920712112723,0.44847658664648443,432590.22000000003,1048238.1287561465,5.0
2026-05-20 16:29:00,AMBER_BUILDING,55.426006516679365,0.7012913742056687,0,1.1278589858383317,0.4414734094612112,1695930.1199999999,1048238.1287561465,6.0
2026-05-20 16:30:00,AMBER_BUILDING,51.22611465341549,0.5772594893901772,0,1.6762861087026977,0.43577298966397093,3177955.71,1430105.0592313146,7.0
2026-05-20 16:40:00,AMBER_BUILDING,50.85251460156946,0.6262249363374481,0,0.25741595138191514,0.4345523082744344,1152662.63,1427934.0134630674,11.0
2026-05-20 17:59:00,AMBER_BUILDING,51.49915904031027,0.7618749739903987,0,-2.3295465099023036,0.5228892026484547,99566.29000000001,1194525.7432129306,2.0
2026-05-20 18:00:00,AMBER_BUILDING,55.662117444710105,0.6310017047271572,0,1.5164703554431622,0.45555072381708617,2200412.34,940920.4100000001,4.0
2026-05-21 06:32:00,AMBER_BUILDING,51.41147426322757,0.5303959767673396,0,-0.053062730972504725,0.4728871762433407,269511.08,431803.89744779177,2.0
2026-05-21 16:03:00,AMBER_BUILDING,52.185731378704496,0.7878137291997466,0,0.6461517684541584,0.5046944285824021,1294941.73,790883.6526811325,5.0
2026-05-21 16:04:00,AMBER_BUILDING,73.17644862016128,1.5647479034286487,2,-17.713234239356083,0.6966161460964897,0.0,808018.5858198131,0.0
2026-05-21 16:05:00,AMBER_BUILDING,77.7559016584381,1.3452637202248148,0,1.4568585916391548,0.538681921731848,2455572.17,790883.6526811325,7.0
2026-05-21 16:11:00,AMBER_BUILDING,72.58991814102284,0.9056735214793792,0,1.0378289295173795,0.47222013231967436,1586054.3,783298.8723830784,5.0
2026-05-21 16:12:00,AMBER_BUILDING,66.55189542493275,0.8403008794229305,0,-0.10312676946286059,0.49875621503239675,696431.13,783298.8723830784,3.0
2026-05-21 16:13:00,AMBER_BUILDING,66.70901271683707,0.9687966710245569,0,-4.269684133458997,0.6015495973328465,35408.13,783298.8723830784,1.0
2026-05-21 16:14:00,AMBER_BUILDING,65.32677323229032,0.8454008287409517,0,1.03807372091446,0.506643025906364,1628516.4000000001,773500.894233829,5.0
2026-05-21 16:15:00,AMBER_BUILDING,65.4568974340144,0.8445264470411684,0,-1.4162387120913498,0.4982767741091294,358374.56999999995,1048238.1287561465,3.0
2026-05-21 16:16:00,AMBER_BUILDING,61.193901974837246,0.8470363501975959,0,-1.4885111389134227,0.5045124784627908,326186.91000000003,1008043.3635110197,2.0
2026-05-21 16:17:00,AMBER_BUILDING,59.75700801024129,0.7811689720113261,0,0.020696209186479967,0.47179427995454254,958355.51,977455.8743554452,4.0
2026-05-21 16:18:00,AMBER_BUILDING,57.87691260297643,0.7571699853448639,0,-0.7943063378708435,0.5043643546479446,527252.07,977455.8743554452,3.0
2026-05-21 16:19:00,AMBER_BUILDING,55.39904277219182,0.7421342815203233,0,-0.945125025341822,0.4774676608498591,471440.14,977455.8743554452,4.0
2026-05-21 16:20:00,AMBER_BUILDING,52.773930636004074,0.6586556630208018,0,0.5766548996483534,0.4666106566745327,1424676.33,964817.5189738485,8.0
2026-05-22 06:31:00,AMBER_BUILDING,54.4263122309369,1.078159596494391,0,-0.9859079559065242,0.5199740332452207,114588.35,401264.08703450026,3.0
2026-05-22 06:34:00,AMBER_BUILDING,73.55558624913567,0.9508421353438412,0,0.39404254900491814,0.49222257225829064,673262.15,407237.4149762735,3.0
2026-05-22 06:35:00,AMBER_BUILDING,69.2919732501332,0.8717633080799383,0,-0.06357932178700629,0.4796352967074855,375507.61,407237.4149762735,5.0
2026-05-22 06:36:00,AMBER_BUILDING,66.73246476690588,0.8849427624251195,0,1.8821335261888288,0.5250125284562178,4429021.149999999,401264.08703450026,6.0
2026-05-22 06:37:00,AMBER_BUILDING,62.840649859819315,0.7508682519794838,0,-1.4277321238236689,0.5415188988502615,62657.24,401264.08703450026,1.0
2026-05-22 06:38:00,AMBER_BUILDING,60.15706934303065,0.7415052602983396,0,1.151495152439522,0.47144962957901476,1817182.08,397992.280857161,5.0
2026-05-25 06:54:00,AMBER_BUILDING,50.706526937079616,0.3412567546711897,0,2.747367915654698,0.5141983452987784,8308880.08,663144.4936376883,8.0
2026-05-26 06:35:00,AMBER_BUILDING,50.75696580728445,0.7901216534666176,1,-14.416682897368302,0.6647445483857967,0.0,408555.96025245124,0.0
2026-05-26 06:36:00,AMBER_BUILDING,54.72418977028491,0.7045729821208363,0,0.13819686149930596,0.5226040464608716,501070.82,408555.96025245124,3.0
2026-05-26 06:37:00,AMBER_BUILDING,55.957368386148936,0.6137498053290643,0,0.6070421217174368,0.4709307536100486,776178.06,414507.2511744981,4.0
2026-05-26 06:38:00,AMBER_BUILDING,51.108930179299385,0.621082839320281,0,-1.2968687506492382,0.5034857006420694,152982.05,425955.31668752834,2.0
2026-05-26 06:45:00,AMBER_BUILDING,54.30230929549983,1.2318514813892483,1,-17.53503009354319,0.67171018027522,0.0,662814.8422261272,0.0
2026-05-26 06:46:00,AMBER_BUILDING,70.57757872095476,1.2469467694462562,0,-3.019250478727475,0.5300217575073223,67923.6,657265.7274577034,2.0
2026-05-26 06:52:00,AMBER_BUILDING,64.19509138776436,0.8871420277467497,0,-1.1988929938238229,0.4457348661357814,280551.43,649180.259612964,4.0
2026-05-26 06:53:00,AMBER_BUILDING,61.26264547878528,0.8278189616717645,0,-0.30596781853095567,0.4260619672135147,538308.51,649180.259612964,4.0
2026-05-26 06:54:00,AMBER_BUILDING,57.62924287755843,0.6855762212254848,0,1.6071594830258402,0.42211191712562224,2262703.54,649180.259612964,6.0
2026-05-26 06:55:00,AMBER_BUILDING,52.005291271648844,0.6336147792715237,0,-0.12196877864808961,0.4542290872669715,626580.3200000001,657265.7274577034,9.0
2026-05-26 07:03:00,AMBER_BUILDING,50.60015799374389,0.5977868758773234,0,-1.747089351793815,0.4618763226560288,255732.97999999998,783429.2447456557,3.0
2026-05-26 08:36:00,AMBER_BUILDING,53.208268954173526,0.7307951574649563,1,-3.8029558793544935,0.5162281180530051,266142.32,2027186.7858257627,2.0
2026-05-26 08:37:00,AMBER_BUILDING,51.386058339516275,0.662507582849246,0,0.1742448466015664,0.45448653824102386,2215705.7399999998,2018542.5741885647,16.0
2026-05-26 08:38:00,AMBER_BUILDING,53.67928275128395,0.47448555593587,0,2.6127227658653216,0.4842579314028183,8164501.4399999995,2018542.5741885647,11.0
2026-05-26 11:46:00,AMBER_BUILDING,50.100267264222595,1.5846280475928454,1,-21.52918156603159,0.7009836699523735,0.0,1264141.0289010536,0.0
2026-05-26 11:47:00,AMBER_BUILDING,68.17154535956227,1.4786279641475226,0,-1.7070251423427056,0.5517783569537342,412030.73,1264141.0289010536,5.0
2026-05-26 11:51:00,AMBER_BUILDING,76.6118189260671,0.998615793034424,0,-0.48477384810578994,0.4685841664226262,938366.4600000001,1286053.851094922,6.0
2026-05-26 11:52:00,AMBER_BUILDING,72.17060235009126,0.9405076310268932,0,-0.31498868076127734,0.4744872999212303,1027904.39,1272417.2799841654,7.0
2026-05-26 11:53:00,AMBER_BUILDING,69.5272533732615,0.9141025410117601,0,-0.7364342677852825,0.5008594720535097,776005.67,1264141.0289010536,5.0
2026-05-26 11:54:00,AMBER_BUILDING,67.31206716008337,0.8837815033543829,0,-0.6469656745553176,0.502088236543528,822637.08,1264141.0289010536,4.0
2026-05-26 11:55:00,AMBER_BUILDING,62.60606405674858,0.7165106640582014,0,1.4971370637444992,0.4982664255919167,3272208.98,1257120.1335119747,10.0
2026-05-26 11:56:00,AMBER_BUILDING,57.05358394097076,0.6804001440373185,0,-0.31600351169549906,0.47417700391090867,1014873.8599999999,1257120.1335119747,9.0
2026-05-26 15:41:00,AMBER_BUILDING,51.63698871732213,0.7196613252847308,0,0.5230093708377838,0.4999314759325467,1299845.6800000002,836526.4207129284,10.0
2026-05-26 15:42:00,AMBER_BUILDING,54.646959078707944,0.610886092393755,0,0.8719933704055736,0.4362686570713899,1837922.3800000001,847274.7558170868,7.0
2026-05-27 06:32:00,AMBER_BUILDING,71.95728054367662,0.8859979086400389,0,-0.9958420530556769,0.5236628658260758,148899.47,425955.31668752834,2.0
2026-05-27 06:33:00,AMBER_BUILDING,68.75657667468569,0.9013602628698393,0,2.1547365819440074,0.5439249659035578,4140398.17,425955.31668752834,5.0
2026-05-27 06:34:00,AMBER_BUILDING,66.96247638843737,0.9073363985058435,0,1.9478068280429732,0.5510489408802647,3354314.15,425955.31668752834,9.0
2026-05-27 06:35:00,AMBER_BUILDING,67.2677816714076,0.90344072341279,0,1.7126631374532393,0.5101534585219425,2614614.72,425955.31668752834,5.0
2026-05-27 06:36:00,AMBER_BUILDING,67.10986572597432,0.898813912913812,0,1.6872259844721293,0.5200905815658926,2685852.79,425955.31668752834,4.0
2026-05-27 06:37:00,AMBER_BUILDING,65.25510747742506,0.8241990235320589,0,-0.063737339944125,0.5074992980133456,397331.98,425955.31668752834,5.0
2026-05-27 06:38:00,AMBER_BUILDING,63.76613125862308,0.8280806001222768,0,1.7439626493810465,0.5226164179336311,2683821.29,425955.31668752834,9.0
2026-05-27 06:39:00,AMBER_BUILDING,62.09703579723752,0.8194062089113415,0,1.4357652687689904,0.5061706335030349,2001542.95,437249.7392541572,8.0
2026-05-27 06:40:00,AMBER_BUILDING,61.654786991020906,0.8050670395714947,0,1.2686460314791543,0.4933113606004304,1771582.23,440098.39965309424,3.0
2026-05-27 06:41:00,AMBER_BUILDING,58.80243426520145,0.7334969235165698,0,-0.17467797667857404,0.4908582880208925,362059.02999999997,442260.77219609934,2.0
2026-05-27 06:42:00,AMBER_BUILDING,55.2886176866317,0.6947233929500203,0,0.4867226502652642,0.4613563904977278,758806.1799999999,442260.77219609934,3.0
2026-05-27 06:43:00,AMBER_BUILDING,52.07886084582477,0.659416125668529,0,0.501330365074456,0.4608793372282443,772809.49,445727.2528489023,4.0
2026-05-27 06:44:00,AMBER_BUILDING,51.16088861786769,0.6549953241864402,0,1.2025278497467433,0.456566639829006,1655954.04,445727.2528489023,6.0
2026-05-27 06:45:00,AMBER_BUILDING,51.04612245466649,0.6621221575208295,0,1.4810219317322664,0.5138920403903565,2604701.9699999997,662814.8422261272,12.0
2026-05-27 17:31:00,AMBER_BUILDING,50.80561764705853,0.7398295866696466,0,1.6847154308868766,0.6139504723953557,5384458.15,1761673.3118693065,26.0
2026-05-27 17:32:00,AMBER_BUILDING,55.66325530182286,0.6646996041120251,0,-1.02373003822357,0.449955684174611,1475529.75,1761673.3118693065,9.0
2026-05-27 17:33:00,AMBER_BUILDING,54.94984415175859,0.7522285032197564,0,2.619028762885898,0.5550613758331914,8390335.84,1746147.0051645383,16.0
2026-05-27 17:34:00,AMBER_BUILDING,53.921069157077035,0.7396638371835321,0,0.45177114226706166,0.48939704396898986,3037563.14,1761673.3118693065,16.0
2026-05-27 17:35:00,AMBER_BUILDING,56.12215445606744,0.7458524595864762,0,0.8599048913588335,0.5312593414129064,3742059.04,1773827.500389016,18.0
2026-05-27 17:36:00,AMBER_BUILDING,53.75955282134027,0.7375083460682235,0,0.5296122227730999,0.452478052541375,3205267.0999999996,1785990.206709745,11.0
2026-05-27 17:37:00,AMBER_BUILDING,52.55389030418055,0.6789869872272556,0,-0.6438317180817752,0.44677195753921345,1791948.53,1785990.206709745,11.0
2026-05-27 17:38:00,AMBER_BUILDING,51.79145119262845,0.7056052368159961,0,1.2247861673641807,0.5622840707031678,4505228.66,1792292.1520537278,21.0
2026-05-27 17:39:00,AMBER_BUILDING,50.02846350488486,0.6192683951825866,0,-1.3401539969696763,0.4979377506322063,1266361.68,1792292.1520537278,15.0
2026-05-27 17:51:00,AMBER_BUILDING,51.41468453527322,0.6192407236101545,0,-0.19886548280023225,0.43842118704704836,1745362.4,1319151.0214211938,6.0
2026-05-28 06:31:00,AMBER_BUILDING,55.413779755951545,1.0653148334570757,0,-3.5504548989642926,0.5927903585106508,31586.23,450398.6406801052,1.0
2026-05-28 06:33:00,AMBER_BUILDING,75.20328947017644,0.9829042701455339,0,0.9046229965438646,0.5119512028005976,2012794.92,454953.9647104831,3.0
2026-05-28 06:34:00,AMBER_BUILDING,71.79549595809011,0.9523336567692405,0,0.7722155627800508,0.5122265171102421,1788628.3199999998,454953.9647104831,3.0
2026-05-28 06:35:00,AMBER_BUILDING,68.3408035151977,0.7986009869127263,0,-2.945551697117859,0.5517803709026002,47109.53,454953.9647104831,1.0
2026-05-28 06:36:00,AMBER_BUILDING,64.49569760537706,0.7944090152326851,0,1.1272817779214557,0.5104958248151297,2688169.38,454953.9647104831,5.0
2026-05-28 06:37:00,AMBER_BUILDING,60.10990782661482,0.7383073919124183,0,-0.4305627810174419,0.5052044315994392,580323.78,465644.2533553609,8.0
2026-05-28 06:38:00,AMBER_BUILDING,57.073042007641085,0.7016691941159853,0,0.013024401860098704,0.4692348954220659,931903.89,479108.7723018195,4.0
2026-05-28 06:39:00,AMBER_BUILDING,53.684480271236225,0.6350484594838621,0,-0.9699212302542162,0.4720491340236302,362862.41000000003,492643.94467122917,2.0
2026-05-28 06:40:00,AMBER_BUILDING,50.43769919127956,0.586203278346953,0,-0.5974698878376203,0.4651273193761798,522574.86000000004,492643.94467122917,5.0
2026-05-28 10:13:00,AMBER_BUILDING,53.128610248932056,0.8082256139481264,0,1.6232979974547903,0.5315497269148415,7962190.64,2763412.912730253,19.0
2026-05-28 10:14:00,AMBER_BUILDING,55.929029451069994,0.7910403430635696,0,0.08113579788980153,0.5180252261897975,4226392.4799999995,2777190.678490681,22.0
2026-05-28 10:15:00,AMBER_BUILDING,60.47575167673441,0.8643812666969297,0,1.8460825005676509,0.6092627451176572,8052076.029999999,2450402.2072792915,30.0
2026-05-28 10:16:00,AMBER_BUILDING,60.82832878882122,0.8504810967104118,0,0.16156215273837132,0.4802466673759644,3972565.9699999997,2471062.8723492627,15.0
2026-05-28 10:17:00,AMBER_BUILDING,65.80924681442458,0.9466836682892434,0,2.471827706955224,0.614908368546621,11095017.06,2471062.8723492627,25.0
2026-05-28 10:18:00,AMBER_BUILDING,64.95305326500873,0.9024427475690983,0,-0.2786571874385653,0.5070234865018907,3323797.76,2483506.8084335024,20.0
2026-05-28 10:19:00,AMBER_BUILDING,64.23482828667382,0.8309511636070096,0,-0.918052310876898,0.4873305708241478,2496365.02,2483506.8084335024,18.0
2026-05-28 10:20:00,AMBER_BUILDING,58.390874131994345,0.6810947498507763,0,-2.632345442011105,0.45684641373908635,1188468.7999999998,2490870.217639008,10.0
2026-05-28 10:21:00,AMBER_BUILDING,52.98649855833409,0.6482102235929549,0,-0.47239580417910143,0.4555770910272574,3017470.42,2483506.8084335024,14.0
2026-05-28 10:22:00,AMBER_BUILDING,50.40335369252582,0.684798895291397,0,0.8919023788283409,0.5001382707836145,5300922.55,2483506.8084335024,16.0
2026-05-28 10:26:00,AMBER_BUILDING,50.70917103296034,0.733073800322906,0,2.4855540405147227,0.5945296309260206,10144403.69,2552153.0900986157,24.0
2026-05-28 10:27:00,AMBER_BUILDING,51.45732270900286,0.6962589465338126,0,-0.4563153732271029,0.532539292196025,3132257.87,2591037.3713048636,23.0
2026-05-28 10:28:00,AMBER_BUILDING,55.241184820579804,0.7652627574637405,0,1.5874873624561812,0.562147746801814,7189066.9399999995,2591037.3713048636,23.0
2026-05-28 10:29:00,AMBER_BUILDING,54.29049775122788,0.7552391858958567,0,0.12136779823275547,0.521313829444445,4043442.7199999997,2614035.4139727545,21.0
2026-05-28 10:30:00,AMBER_BUILDING,54.55807845528309,0.6961500306429147,0,-0.8959387236726475,0.445206323343695,2111890.38,2090660.260430159,14.0
2026-05-28 10:31:00,AMBER_BUILDING,53.86154336048718,0.7533323137936871,0,1.3997751628386588,0.4874468723770085,5068208.449999999,2102287.489291466,14.0
2026-05-28 10:32:00,AMBER_BUILDING,53.587713934641336,0.7526571666413718,0,0.29139180544995263,0.46155288930013566,3340519.02,2102287.489291466,16.0
2026-05-28 10:33:00,AMBER_BUILDING,56.89710252849047,0.8192497487288888,0,1.664044107564946,0.5179379547467028,5656798.42,2108667.921483668,19.0
2026-05-28 10:34:00,AMBER_BUILDING,58.73646322283889,0.8571913884877571,0,1.1913365827521354,0.46589630854086084,4731454.65,2112307.358835156,16.0
2026-05-28 10:35:00,AMBER_BUILDING,61.988786917172206,0.9020541564996652,1,1.3939864195101677,0.4904502512890065,5157820.45,2112307.358835156,18.0
2026-05-28 10:37:00,AMBER_BUILDING,72.47444067080495,1.053823828402256,1,1.2921311026702624,0.5663701177883647,5140715.119999999,2129201.785654325,22.0
2026-05-28 10:38:00,AMBER_BUILDING,73.61161128075672,0.9619052530778185,1,-1.1033762032416434,0.49586801187225293,2019733.2600000002,2147759.7520682127,17.0
2026-05-28 10:39:00,AMBER_BUILDING,71.32245167818017,1.005408402053844,1,1.4881636601207717,0.5443389946976951,5648625.65,2129201.785654325,20.0
2026-05-28 10:40:00,AMBER_BUILDING,68.06261618327261,0.9207746067973025,0,-1.0289820575284432,0.47034820449970066,2060091.7200000002,2129201.785654325,13.0
2026-05-28 10:41:00,AMBER_BUILDING,66.82088296914073,0.9172940375519065,0,0.4563272445337628,0.5617715424524087,3757991.42,2129201.785654325,23.0
2026-05-28 10:42:00,AMBER_BUILDING,64.53171850231428,0.9316370906857191,0,0.7927107453267258,0.5090145690757006,4346290.029999999,2129201.785654325,19.0
2026-05-28 10:43:00,AMBER_BUILDING,66.46534439941162,0.9834399114559302,0,1.5405304690394284,0.5321600535485687,5951340.85,2129201.785654325,18.0
2026-05-28 10:44:00,AMBER_BUILDING,68.6754754207011,1.0043890329557952,0,1.0151615063928756,0.5236877119839575,4874688.74,2147759.7520682127,19.0
2026-05-28 10:45:00,AMBER_BUILDING,69.90188751699033,0.9782433718698158,0,0.10479341501125004,0.45829562898626247,3015517.15,1758595.676123432,10.0
2026-05-28 10:46:00,AMBER_BUILDING,68.58159965092348,0.9721749785962657,0,0.4432961696259028,0.48881678430294245,3658897.94,1769849.7434385067,16.0
2026-05-28 10:47:00,AMBER_BUILDING,66.12034796643742,0.9077973296069307,0,-0.7298078370684224,0.4981922584947388,2043483.7,1787371.0381612794,16.0
2026-05-28 10:48:00,AMBER_BUILDING,64.90427726749932,0.9271093605484229,0,0.8228287271891703,0.529052288961765,4458855.55,1787371.0381612794,18.0
2026-05-28 10:49:00,AMBER_BUILDING,65.13068937991154,0.9473641245648075,0,0.8650015217370406,0.500077643233706,4571275.859999999,1787371.0381612794,14.0
2026-05-28 10:50:00,AMBER_BUILDING,67.32086234009584,0.9862783749132344,0,1.253279688806999,0.5583774668462552,5676316.32,1787371.0381612794,20.0
2026-05-28 10:51:00,AMBER_BUILDING,67.44360949016584,0.9179042855348266,0,-0.7951458308112894,0.49498049576200276,2014519.88,1806691.5290506913,15.0
2026-05-28 10:52:00,AMBER_BUILDING,66.16423511452813,0.8838806001569173,0,-0.21932811615068806,0.5231937464199394,2687917.79,1806691.5290506913,19.0
2026-05-28 10:53:00,AMBER_BUILDING,65.0469799938612,0.9308499558698837,0,1.3279543306319987,0.5425593602950484,5838423.300000001,1812464.549271884,18.0
2026-05-28 10:54:00,AMBER_BUILDING,66.15129321159118,0.9701555443284129,0,1.2413628937694685,0.5100082075434872,5709622.300000001,1812464.549271884,15.0
2026-05-28 10:55:00,AMBER_BUILDING,67.63543366743964,0.9617508198779711,0,0.3643698836696378,0.4762264452476022,3698648.4599999995,1812464.549271884,7.0
2026-05-28 10:56:00,AMBER_BUILDING,66.02030390319855,0.8938874392161096,0,-0.8175514893688589,0.43964049379104364,1995942.45,1818671.8677259772,10.0
2026-05-28 10:57:00,AMBER_BUILDING,62.46798247897655,0.7739572132162577,0,-1.9458308442908185,0.4576799686791285,1115715.4899999998,1842822.9058860603,8.0
2026-05-28 10:58:00,AMBER_BUILDING,57.0020353466413,0.6979109001463233,0,-1.2607297311019334,0.4515286645365012,1585981.58,1842822.9058860603,11.0
2026-05-28 10:59:00,AMBER_BUILDING,52.0896297069786,0.6431494103361051,0,-0.9584217336108685,0.456500177408016,1864184.6300000001,1842822.9058860603,14.0
2026-05-28 11:00:00,AMBER_BUILDING,50.33318193494466,0.7032853511390865,0,1.186135157320073,0.5655621244567143,5307086.76,1663529.224148798,19.0
2026-05-28 11:31:00,AMBER_BUILDING,50.00808152795673,0.6801005305485333,0,-0.6327463170259083,0.426315209641588,1688388.3299999998,1404036.2393373044,8.0
2026-05-28 12:21:00,AMBER_BUILDING,50.19188295471531,0.6842927016726421,0,-0.2555271772453063,0.45356989261428526,2598935.3899999997,1771348.6587484183,13.0
2026-05-28 12:26:00,AMBER_BUILDING,51.829969051254125,0.5188074271456716,1,-3.2186974881718333,0.4934389658628311,605300.71,1780101.1435269357,4.0
2026-05-28 12:27:00,AMBER_BUILDING,50.345568984752084,0.5412565774863316,0,0.25057148460224576,0.5298564224303879,3202228.1999999997,1774497.2112829473,18.0
2026-05-28 13:05:00,AMBER_BUILDING,51.22025239747532,0.6977808131077036,0,-0.24103131458548846,0.4742976347265059,2549042.83,1749193.960002605,14.0
2026-05-28 13:06:00,AMBER_BUILDING,52.363312768666965,0.6789616668994294,0,-0.2459002919205851,0.44581709682023785,2577188.9499999997,1778566.204619976,11.0
2026-05-28 13:07:00,AMBER_BUILDING,50.2484150653786,0.6712934393872692,0,-0.06781342434703445,0.4626347440443153,2832431.09,1778566.204619976,13.0
2026-05-28 13:08:00,AMBER_BUILDING,50.961264786719454,0.7163893459913464,0,0.8967251089098922,0.5033908654077157,4795079.76,1790383.0777180858,17.0
2026-05-28 13:09:00,AMBER_BUILDING,52.311749879090506,0.7402287838864923,0,0.5577773203420223,0.47349194172511,4034784.6500000004,1797361.9452311527,16.0
2026-05-28 13:10:00,AMBER_BUILDING,52.033768024608115,0.6871480503766185,0,-0.8213276406421369,0.418566070371877,1899966.6,1797361.9452311527,10.0
2026-05-28 13:17:00,AMBER_BUILDING,50.23891031628771,0.6740483075155247,0,-0.08901475729399853,0.45473339853697803,3244948.04,1997141.2860067475,15.0
2026-05-28 14:03:00,AMBER_BUILDING,51.97539064854434,0.7064221673332312,0,0.2466621977862501,0.563084775384955,3563260.66,1905810.810048332,23.0
2026-05-28 14:04:00,AMBER_BUILDING,51.02072570725352,0.7230180117812232,0,0.4481352865392813,0.4616927278066846,4071304.0300000003,1928681.1281584287,14.0
2026-05-28 14:05:00,AMBER_BUILDING,51.255769726256226,0.6907961644993544,0,-0.4166174934551035,0.43453945864650556,2520682.0300000003,1932076.8966944336,11.0
2026-05-28 14:06:00,AMBER_BUILDING,50.92913287404388,0.7226828305414786,0,0.708147406119717,0.46408476838347773,4778127.68,1934983.786562612,14.0
2026-05-28 14:07:00,AMBER_BUILDING,51.148937450785674,0.701360154343079,0,-0.2215823711403614,0.4458045886833661,2829603.33,1934983.786562612,11.0
2026-05-28 14:08:00,AMBER_BUILDING,52.34921544479318,0.7437586881129928,0,0.8879753356402521,0.5402728269886937,5408500.25,1946935.4154443417,19.0
2026-05-28 14:09:00,AMBER_BUILDING,51.90146463473892,0.6925237698163403,0,-0.7167755088599134,0.4240892152001037,2133494.36,1957861.7764342844,11.0
2026-05-28 14:10:00,AMBER_BUILDING,51.97438447132839,0.7014972611464028,0,0.28994808918968484,0.4647477646920542,3819752.87,1957861.7764342844,14.0
2026-05-28 14:11:00,AMBER_BUILDING,51.417904801326074,0.7387029907033731,0,0.8115793251092948,0.46558095754603734,5168812.98,1957861.7764342844,15.0
2026-05-28 14:12:00,AMBER_BUILDING,51.47412776501839,0.7141071967190504,0,-0.23711233319989383,0.4607842993057948,2829085.6399999997,1969639.227442677,16.0
2026-05-28 14:13:00,AMBER_BUILDING,51.822714781377755,0.7435364717169715,0,0.6878356805382697,0.47984498137151865,4847727.7700000005,1969639.227442677,16.0
2026-05-28 14:14:00,AMBER_BUILDING,51.7859974716666,0.7276435842436324,0,-0.0715327705416153,0.43838182760553646,3107982.74,1969639.227442677,12.0
2026-05-28 14:15:00,AMBER_BUILDING,53.27831107501512,0.7669085535393856,0,0.8823174622971756,0.4737257836062242,5463383.92,1647002.2120456686,13.0
2026-05-28 14:16:00,AMBER_BUILDING,52.53990659942178,0.7219734636605293,0,-0.5408774988180289,0.43645945349337656,2046468.66,1670289.3941326966,12.0
2026-05-28 14:17:00,AMBER_BUILDING,51.8127736638692,0.6864405416042528,0,-0.43079299319866793,0.42607738675518486,2219676.09,1695946.1167260988,9.0
2026-05-28 14:26:00,AMBER_BUILDING,53.39145429488898,0.7862763394641222,0,1.5650970771764172,0.5055913127777194,9297469.14,1844403.0755980043,8.0
2026-05-28 14:27:00,AMBER_BUILDING,53.86507229169016,0.7305185328589211,0,-0.7290633652400259,0.4522433550042078,2013024.29,1844403.0755980043,14.0
2026-05-28 14:28:00,AMBER_BUILDING,53.04434278934883,0.700011687267206,0,-0.3516312185452933,0.4419660699407678,2631349.73,1878802.024154017,15.0
2026-05-28 14:29:00,AMBER_BUILDING,50.08493165864007,0.6575057038445723,0,-0.6117766965005641,0.4858951614234242,2230900.34,1895767.3294193523,16.0
2026-05-28 14:30:00,AMBER_BUILDING,50.03198032595148,0.706120996583658,0,0.9821240024389839,0.47741242340631707,4969586.6899999995,1507648.3425318077,13.0
2026-05-28 14:31:00,AMBER_BUILDING,51.808200188801926,0.7408441859553379,0,0.7927614896575677,0.46917199639118,4423829.27,1510626.2867070427,12.0
2026-05-28 14:32:00,AMBER_BUILDING,51.62688801074785,0.6611366313643197,0,-1.2278266558519197,0.43168031188885675,1175522.87,1510626.2867070427,9.0
2026-05-28 16:43:00,AMBER_BUILDING,50.84359935603849,0.7017281663141443,0,0.5946891976232987,0.48268501341541237,3624518.3899999997,1495839.5674186016,7.0
2026-05-28 16:44:00,AMBER_BUILDING,50.891045863527516,0.6687451280341068,0,-0.457234181858431,0.5123428322379395,2022094.9600000002,1520122.5857601336,17.0
2026-05-28 16:45:00,AMBER_BUILDING,50.51330500218285,0.6920000498017927,0,0.6935724675090944,0.48043612623790155,3746281.35,2031331.9658397723,16.0
2026-05-28 16:46:00,AMBER_BUILDING,54.24567608685246,0.8013438837708439,0,2.573141573530289,0.6148921631502647,7697199.620000001,2049999.5525710697,27.0
2026-05-28 16:47:00,AMBER_BUILDING,57.437079169510554,0.8015769559835871,0,0.4160581155647068,0.4818328678427828,3476141.34,2067435.5718251034,8.0
2026-05-28 16:48:00,AMBER_BUILDING,60.736356157970114,0.8383629596605158,0,1.2014332257305878,0.5877487306511726,4728676.279999999,2081444.8011602226,26.0
2026-05-28 16:49:00,AMBER_BUILDING,59.47210052952775,0.8290018262122559,0,0.26834150891930597,0.46835063534769333,3431177.51,2093012.262681048,14.0
2026-05-28 16:50:00,AMBER_BUILDING,58.861048235944395,0.7721140708580246,0,-0.7760209564692273,0.4788932344778769,2276936.65,2093012.262681048,15.0
2026-05-28 16:51:00,AMBER_BUILDING,56.98235458470575,0.7764064002392754,0,0.46627426445529235,0.5140038225892244,3797051.4299999997,2094722.0931065218,19.0
2026-05-28 16:52:00,AMBER_BUILDING,57.647637102124555,0.8303261617228427,0,1.5504528473937749,0.5540590558658534,5960519.07,2096683.9022096095,21.0
2026-05-28 16:53:00,AMBER_BUILDING,58.523549294277075,0.8244653967348035,0,0.3482880414858644,0.5690857182644996,3668772.42,2122042.423666159,25.0
2026-05-28 16:54:00,AMBER_BUILDING,59.672518459257184,0.8394556511905361,0,0.7888202496085701,0.48969596668053544,4464631.09,2148937.7937737983,18.0
2026-05-28 16:55:00,AMBER_BUILDING,61.420695065827694,0.9000911612831305,0,1.7949654196489002,0.5801319383228961,6962151.95,2175758.045011525,23.0
2026-05-28 16:56:00,AMBER_BUILDING,61.89782218801758,0.8683580039377692,0,-0.10245736511595438,0.46904940678337004,3143453.04,2175758.045011525,15.0
2026-05-28 16:57:00,AMBER_BUILDING,62.43789180855811,0.8410011859632404,0,-0.06784505614320177,0.5005373025582375,3246683.29,2214301.1114128795,18.0
2026-05-28 16:58:00,AMBER_BUILDING,59.60833349029687,0.8193196552406522,0,0.008922346365565752,0.5369763129929999,3353105.0,2214301.1114128795,22.0
2026-05-28 16:59:00,AMBER_BUILDING,58.985097276304884,0.8202381584080274,0,0.45412879111187865,0.5561749163186095,4154985.79,2236864.6446883273,24.0
2026-05-28 17:00:00,AMBER_BUILDING,57.03937619928166,0.7364011464042359,0,-1.3803907855412365,0.5264055205263308,2173590.1799999997,2503777.6149860215,21.0
2026-05-28 17:01:00,AMBER_BUILDING,56.15510289930442,0.7570028467263742,0,0.7453660672887543,0.49397017744423827,4560846.0,2459003.6345959636,15.0
2026-05-28 17:02:00,AMBER_BUILDING,53.69953714095927,0.7242654141168549,0,-0.37374493086239063,0.44353787564031427,3107729.91,2503777.6149860215,9.0
2026-05-28 17:03:00,AMBER_BUILDING,51.747158128555135,0.6175387929539593,0,-2.0112088639313304,0.49241827501470276,1748914.17,2549232.254591847,17.0
2026-05-28 17:08:00,AMBER_BUILDING,51.1572327040792,0.7610721070834375,0,2.8181517785224015,0.5897750910884338,10022196.069999998,2579731.562042825,21.0
2026-05-28 17:09:00,AMBER_BUILDING,52.82929206935324,0.7119567995372676,0,-0.6815934615511108,0.48837113988257774,2854274.04,2598309.40906541,17.0
2026-05-28 17:10:00,AMBER_BUILDING,54.043676127972674,0.7034064008437461,0,0.09849969547893787,0.47712004601098057,3787988.8299999996,2605422.272346915,18.0
2026-05-28 17:13:00,AMBER_BUILDING,50.60752325257556,0.7308082827052621,0,1.1604099242711108,0.5202693700624756,5676632.529999999,2658550.323545973,20.0
2026-05-28 17:14:00,AMBER_BUILDING,53.030764776251324,0.7446877842462478,0,0.5894063196171264,0.5086032476490118,4676495.550000001,2668825.2028165385,20.0
2026-05-28 17:15:00,AMBER_BUILDING,53.111806703296516,0.7273926496847931,0,-0.047966416662107825,0.469389837392048,3191554.63,2189916.144041238,18.0
2026-05-28 17:16:00,AMBER_BUILDING,56.741627889639595,0.8295582796142654,0,2.4909948384630574,0.6185479786030071,8987831.07,2189916.144041238,28.0
2026-05-28 17:17:00,AMBER_BUILDING,57.61078044270487,0.816532667921982,0,0.2041839316408514,0.5395658067867731,3509596.6399999997,2189916.144041238,23.0
2026-05-28 17:18:00,AMBER_BUILDING,60.8459171103763,0.8447871689910974,0,1.0410840834860156,0.536327270137621,5039772.77,2189916.144041238,22.0
2026-05-28 17:19:00,AMBER_BUILDING,60.686509235230325,0.88108367878235,1,1.2367438001101052,0.598907607657324,5645556.210000001,2189916.144041238,27.0
2026-05-28 17:20:00,AMBER_BUILDING,64.88195146497073,0.920090196849555,2,1.3565037686731618,0.584093339715773,6183767.52,2189916.144041238,25.0
2026-05-28 17:21:00,AMBER_BUILDING,66.3180150037316,0.9152887518452528,1,0.4851312348277081,0.47400690931523604,4246283.01,2219859.863248733,14.0
2026-05-28 17:22:00,AMBER_BUILDING,66.6618589085583,0.9127287269129815,1,0.5361238158815547,0.5176594923776137,4352185.42,2228111.3074535853,21.0
2026-05-28 17:23:00,AMBER_BUILDING,63.864288109914035,0.8673393508166005,0,-0.3875701114982216,0.49985613217122804,2942023.37,2254210.440453166,19.0
2026-05-28 17:24:00,AMBER_BUILDING,62.946753719461704,0.8646260306135606,0,0.45087408008156993,0.5049321324688361,4302647.43,2254210.440453166,17.0
2026-05-28 17:25:00,AMBER_BUILDING,62.442596976967586,0.8954612556445937,0,1.1549876502015533,0.5097804298088885,5920735.97,2254210.440453166,18.0
2026-05-28 17:26:00,AMBER_BUILDING,61.329618761734935,0.8405839560063864,0,-0.6296552208787859,0.45974053699649947,2697399.19,2289796.958222835,15.0
2026-05-28 17:27:00,AMBER_BUILDING,60.94876396562915,0.8498606412600914,0,0.6480157282614913,0.48330080738265213,4851743.65,2313822.5722043826,15.0
2026-05-28 17:28:00,AMBER_BUILDING,60.35208316252718,0.8579900599625505,0,0.6466540915829085,0.5214978281740459,4897283.83,2313822.5722043826,20.0
2026-05-28 17:29:00,AMBER_BUILDING,63.093745499518924,0.9081972479417155,0,1.5549066364351667,0.5926602223073609,7695867.48,2329351.8372610053,25.0
2026-05-28 17:30:00,AMBER_BUILDING,64.54096477378441,0.9132444736122343,0,0.6618938612070859,0.5254587572036414,3731772.29,1785647.7928776776,19.0
2026-05-28 17:31:00,AMBER_BUILDING,67.47633580202977,0.9758417716027481,0,1.9089013452729722,0.5072274481529203,6485928.04,1792292.1520537278,14.0
2026-05-28 17:32:00,AMBER_BUILDING,67.77940609672987,0.9557944247111305,0,0.23485361803390048,0.5124467304289345,3129393.84,1792292.1520537278,19.0
2026-05-28 17:33:00,AMBER_BUILDING,68.28348065607885,0.9551126578764983,0,0.616406574887665,0.47135711300046124,3703134.29,1792292.1520537278,16.0
2026-05-28 17:34:00,AMBER_BUILDING,66.93114499147002,0.9422229477039693,1,0.35171882815646327,0.4856196229625584,3321890.0300000003,1807560.8690410408,17.0
2026-05-28 17:35:00,AMBER_BUILDING,67.43435348623261,0.9688125214061591,1,1.1850940741813316,0.5454709911437787,5000199.12,1860308.8178729932,21.0
2026-05-28 17:36:00,AMBER_BUILDING,66.23872654451013,0.9322654619054647,0,-0.14246187563765747,0.44126299979740774,2826381.35,1899454.8026479895,13.0
2026-05-28 17:37:00,AMBER_BUILDING,67.25898043338866,0.9714752636962068,0,1.4347311492796095,0.5623049290504907,5724094.06,1899454.8026479895,21.0
2026-05-28 17:38:00,AMBER_BUILDING,67.39581609535445,0.9807902201045303,0,0.8435081012802176,0.5165256662289803,4536981.81,1902215.397506676,17.0
2026-05-28 17:39:00,AMBER_BUILDING,68.81118508935349,0.9828421271496252,0,0.7014460343054529,0.48680680041639046,4357048.8100000005,1911086.4797147023,17.0
2026-05-28 17:40:00,AMBER_BUILDING,67.11212081120553,0.9334139440209093,0,-0.44497471786917153,0.44227213368541146,2563600.1799999997,1921700.9369416821,12.0
2026-05-28 17:41:00,AMBER_BUILDING,66.21393657946824,0.9375233916344671,0,0.6518188367340754,0.5549341474858183,4329921.79,1921700.9369416821,21.0
2026-05-28 17:42:00,AMBER_BUILDING,64.38789404485847,0.9005877618013849,0,-0.24310532827264106,0.4694713183131562,2843382.5,1925686.1780755825,15.0
2026-05-28 17:43:00,AMBER_BUILDING,62.717070766324895,0.8326851267529286,0,-0.9629050464296014,0.5111318142239621,2017225.2200000002,1933858.6409297728,18.0
2026-05-28 17:44:00,AMBER_BUILDING,59.306728169213805,0.7813400710654222,0,-0.7074881297995205,0.45016803916478376,2278481.16,1950020.8393329887,13.0
2026-05-28 17:45:00,AMBER_BUILDING,58.54149206658502,0.8226144217017726,0,1.2139187844133217,0.5379904069989552,4546303.720000001,1363232.1559820035,17.0
2026-05-28 17:46:00,AMBER_BUILDING,61.00601582215486,0.901602456273803,0,2.0833130605998207,0.5370516914524402,7319336.35,1363232.1559820035,13.0
2026-05-28 17:47:00,AMBER_BUILDING,62.573132507049024,0.87805006025188,0,0.015653262024935062,0.5042130860865447,2414045.3,1363232.1559820035,15.0
2026-05-28 17:48:00,AMBER_BUILDING,62.9719132322439,0.8748367808923315,0,0.4119445901870632,0.43626593691326665,3019299.34,1375020.0849807675,9.0
2026-05-28 17:49:00,AMBER_BUILDING,60.46239005700604,0.8311468518988453,0,-0.4687385700500735,0.4585743842631499,1889269.4,1387868.5508535348,12.0
2026-05-28 17:50:00,AMBER_BUILDING,58.594146300669,0.7916289262283717,0,-0.4546943072561799,0.45221405290998673,1915747.01,1396223.1546756856,12.0
2026-05-28 17:51:00,AMBER_BUILDING,57.295884194691126,0.7883236705554741,0,0.2617234955495068,0.46542022269159666,2824315.58,1396223.1546756856,13.0
2026-05-28 17:52:00,AMBER_BUILDING,56.12124663158274,0.7754545649285263,0,0.032918735941346595,0.439120787673723,2514742.7800000003,1396223.1546756856,8.0
2026-05-28 17:53:00,AMBER_BUILDING,58.88953273688457,0.8529365540506896,0,1.970801909422963,0.5481804691653709,7198676.96,1400915.1888473313,15.0
2026-05-28 17:54:00,AMBER_BUILDING,60.08982044571246,0.8535711720769579,0,0.44325244755177406,0.4410841477504025,3150342.29,1400915.1888473313,10.0
2026-05-28 17:55:00,AMBER_BUILDING,61.548320752004344,0.8440049788686261,0,0.21774649444114808,0.45589648204655436,2814380.91,1413901.6284024536,11.0
2026-05-28 17:56:00,AMBER_BUILDING,59.323955726698024,0.8309779822699618,0,0.11913335792347539,0.43113471197602754,2733834.1100000003,1435919.9235462802,8.0
2026-05-28 17:57:00,AMBER_BUILDING,57.627500085595614,0.6873252070219099,0,-2.7547147398154737,0.45057497293976256,582026.59,1458193.3801701018,7.0
2026-05-28 17:58:00,AMBER_BUILDING,53.03259920098159,0.6125210235898401,0,-1.4949363105019595,0.4351687351366,1156383.67,1458193.3801701018,10.0
2026-05-29 06:16:00,AMBER_BUILDING,57.3840133691069,5.09034324654276,0,-0.27834307043781836,0.5643227229099719,475829.51,174320.21037978996,3.0
2026-05-29 06:36:00,AMBER_BUILDING,75.99396966567456,0.9489026701716339,1,-1.8824099729001398,0.5146811092303147,220421.82,508108.5660772503,1.0
2026-05-29 06:37:00,AMBER_BUILDING,71.04714775216547,0.9125864953755116,1,0.21997448069446435,0.46935518000801574,1560698.13,508108.5660772503,6.0
2026-05-29 06:38:00,AMBER_BUILDING,68.54544953602432,0.9330384766332309,0,1.8849515086843398,0.5176755590214642,7557749.109999999,516299.9752876439,7.0
2026-05-29 06:39:00,AMBER_BUILDING,67.43967687287761,0.9025217079929562,0,0.35792931684886764,0.4711973350220566,1895904.9700000002,518199.62372562493,6.0
2026-05-29 06:40:00,AMBER_BUILDING,66.59684398287304,0.8648829305374272,0,0.042607812551214326,0.5041762800549201,1454291.6,520806.2722261721,10.0
2026-05-29 06:41:00,AMBER_BUILDING,64.53247889264138,0.8335730969594038,0,0.12979610071787906,0.5073517183408609,1625626.79,520806.2722261721,10.0
2026-05-29 06:42:00,AMBER_BUILDING,61.387631919014744,0.7477370279983894,0,-1.6504218056050688,0.4734054304138059,295084.67,530898.2146640647,3.0
2026-05-29 06:43:00,AMBER_BUILDING,58.00350515970329,0.7054879484160705,0,-0.5026125314798457,0.4671170305366259,912320.69,530898.2146640647,7.0
2026-05-29 06:44:00,AMBER_BUILDING,53.384555180255525,0.6205011480018844,0,-1.941514255946338,0.4833705833043256,233544.46000000002,559438.988829488,4.0
2026-05-29 08:49:00,AMBER_BUILDING,50.47721512242355,0.6712319526822219,0,1.2071315541337382,0.617888450817141,7255506.35,2564774.9897341346,33.0
2026-05-29 10:13:00,AMBER_BUILDING,50.52722334013229,0.7110493530821685,0,0.9128099837774261,0.5748817649063998,6484163.42,2888038.076706843,26.0
2026-05-29 10:14:00,AMBER_BUILDING,53.038672417043735,0.7669595371489594,0,0.9147514091513873,0.5257884139767969,6488671.25,2888038.076706843,21.0
2026-05-29 10:15:00,AMBER_BUILDING,54.20387508268314,0.7451959569178022,0,-0.2557691535217898,0.5150390076210458,3802684.17,2614035.4139727545,21.0
2026-05-29 10:16:00,AMBER_BUILDING,57.66961286545641,0.8145181937848764,0,2.209580682712157,0.6114824659395933,8907740.21,2632387.965080862,29.0
2026-05-29 10:17:00,AMBER_BUILDING,58.634080672812644,0.7911854013422159,0,-0.19769410537229362,0.5585409559175921,3912872.6,2632387.965080862,24.0
2026-05-29 10:18:00,AMBER_BUILDING,62.369520763479926,0.8678158536017189,0,2.510867134809769,0.5373518035050507,10028457.42,2632387.965080862,16.0
2026-05-29 10:19:00,AMBER_BUILDING,62.715654982354295,0.891868974638721,0,1.2237665296402702,0.5304057977847709,6679250.73,2657603.7409652225,21.0
2026-05-29 10:20:00,AMBER_BUILDING,64.84895148601669,0.8974404327649776,0,0.616861073173284,0.5501243814006611,5601284.39,2687358.7215869515,23.0
2026-05-29 10:21:00,AMBER_BUILDING,64.6976990451762,0.9187481035324621,0,1.1475479438824163,0.5634252333729268,6850793.58,2687358.7215869515,24.0
2026-05-29 10:22:00,AMBER_BUILDING,63.90841825637094,0.8729698434142206,0,-0.6368867273216277,0.5397496875595665,3556089.71,2687358.7215869515,23.0
2026-05-29 10:23:00,AMBER_BUILDING,62.47949132763387,0.8606237332668791,0,0.19062964328628274,0.5507954186025842,4837636.06,2707837.5465553086,25.0
2026-05-29 10:24:00,AMBER_BUILDING,60.75397969899999,0.8431465212116329,0,0.02280096798526608,0.5950979323363358,4628337.27,2739366.050790797,33.0
2026-05-29 10:25:00,AMBER_BUILDING,60.013932359013495,0.8371647808259011,0,0.2780443778349201,0.5100710281710822,5304669.890000001,2787949.5414799983,19.0
2026-05-29 10:26:00,AMBER_BUILDING,58.915046847774306,0.7557348742001816,0,-1.8035922447094352,0.5151556710933093,2414941.61,2826909.2837229436,21.0
2026-05-29 10:27:00,AMBER_BUILDING,56.71959531402556,0.7433160471032331,0,-0.08808478016609378,0.5889832013905972,4738430.5600000005,2826909.2837229436,27.0
2026-05-29 10:28:00,AMBER_BUILDING,56.141545946661104,0.7809949197755263,0,1.244224373313291,0.5660304760543331,8039809.779999999,2833658.0268625496,24.0
2026-05-29 10:29:00,AMBER_BUILDING,56.170492508354016,0.7844703729206897,0,0.3886607782923261,0.6067846578128622,5777709.33,2843970.068727165,35.0
2026-05-29 10:30:00,AMBER_BUILDING,57.73007394472584,0.811310845807378,0,1.020196435372051,0.5491671279465344,4841911.77,2153771.7196838977,22.0
2026-05-29 10:31:00,AMBER_BUILDING,57.96422111303247,0.8208874702130831,0,0.5831271489834909,0.4885925148775297,4240991.53,2176676.1856635613,17.0
2026-05-29 10:32:00,AMBER_BUILDING,57.35261300034381,0.7580785331176508,0,-1.3501592679919234,0.46034045597892426,2256417.3200000003,2198600.746525125,13.0
2026-05-29 10:33:00,AMBER_BUILDING,57.76752423518414,0.8021302012132027,0,1.4165634048490547,0.610822287983495,5630806.34,2203145.329467189,29.0
2026-05-29 10:35:00,AMBER_BUILDING,65.49623655642826,0.9308626208730634,0,0.5878098499953525,0.5502750354859088,4315526.51,2203145.329467189,21.0
2026-05-29 10:36:00,AMBER_BUILDING,66.19716652163562,0.8551140181656413,0,-1.473543613114983,0.49410344826542296,2184837.4899999998,2210665.7808726444,17.0
2026-05-29 10:37:00,AMBER_BUILDING,62.68849573023915,0.8358856036498898,0,-0.10227627263109791,0.5873736983855059,3450005.54,2210665.7808726444,26.0
2026-05-29 10:38:00,AMBER_BUILDING,61.416378044275824,0.8477727259497133,0,0.6998324070681846,0.5298634723612515,4533785.84,2210665.7808726444,20.0
2026-05-29 10:39:00,AMBER_BUILDING,63.97880041204155,0.9192113978286309,0,2.3401263125671683,0.6128930700876796,7910660.43,2223292.0472064195,25.0
2026-05-29 10:40:00,AMBER_BUILDING,64.0504694828821,0.8243922148406925,0,-2.0041379890345383,0.46597136040795323,1829490.65,2223292.0472064195,11.0
2026-05-29 10:41:00,AMBER_BUILDING,64.32415873095304,0.8625188598537024,0,1.3603440394420132,0.5036468405774064,5806114.33,2223292.0472064195,14.0
2026-05-29 10:42:00,AMBER_BUILDING,61.69881844809089,0.8579335986181198,0,0.27673862322222653,0.5094262253680351,4064323.2799999993,2223292.0472064195,18.0
2026-05-29 10:43:00,AMBER_BUILDING,61.63591779177592,0.8475271554391846,0,0.10446443332816115,0.5046356789437266,3871527.0700000003,2223292.0472064195,19.0
2026-05-29 10:44:00,AMBER_BUILDING,60.87283789080331,0.8322808160190509,0,-0.060027892873899924,0.4829114226865467,3672439.54,2230768.8902218905,14.0
2026-05-29 10:45:00,AMBER_BUILDING,62.80345838411949,0.8976814451159417,0,2.0910334146782095,0.6071362247368054,8059656.279999999,1863212.8166933863,24.0
2026-05-29 10:46:00,AMBER_BUILDING,62.645904135835565,0.766303609426987,0,-3.0964952179508,0.47244676258943635,948337.7999999999,1863212.8166933863,10.0
2026-05-29 10:47:00,AMBER_BUILDING,61.885361532503985,0.7754165684528576,0,0.4357742217025544,0.5903688105108496,4115399.4,1842822.9058860603,24.0
2026-05-29 10:48:00,AMBER_BUILDING,57.70311288233225,0.7571424166650834,0,-0.2942649265554867,0.45581291345930786,3028006.0600000005,1842822.9058860603,10.0
2026-05-29 10:49:00,AMBER_BUILDING,54.91936969471288,0.7302054761738815,0,-0.5614457571898223,0.5244219198446974,2740806.23,1842822.9058860603,19.0
2026-05-29 10:50:00,AMBER_BUILDING,53.28089866100755,0.7402402934059252,0,0.39405876374408144,0.5106444250301377,4044585.0100000002,1863212.8166933863,18.0
2026-05-29 10:51:00,AMBER_BUILDING,54.82251004225159,0.7915688975155357,0,1.5492164363465413,0.6157042518557682,6906093.75,1872438.144154331,27.0
2026-05-29 10:52:00,AMBER_BUILDING,56.50390488208405,0.7996917376081291,0,0.4701220866541121,0.5820205551407344,4399712.1,1890990.5214868963,23.0
2026-05-29 10:53:00,AMBER_BUILDING,59.37307412217806,0.836521645042647,0,1.268493167833325,0.5909632417869698,6267509.619999999,1907280.7462906514,23.0
2026-05-29 10:54:00,AMBER_BUILDING,58.452911503984495,0.7801251020548452,0,-1.2166469196388277,0.5148078347958718,2182340.0,1927149.2786314124,18.0
2026-05-29 10:55:00,AMBER_BUILDING,58.696955353546336,0.789143165430297,0,0.44658500264290824,0.5514877934531023,4481103.140000001,1927149.2786314124,20.0
2026-05-29 10:56:00,AMBER_BUILDING,56.75537003359286,0.7725838179979274,0,-0.234661063106884,0.4967881482259463,3339597.4899999998,1927149.2786314124,17.0
2026-05-29 10:57:00,AMBER_BUILDING,55.691179799586955,0.6771287492388556,0,-2.4542526780305396,0.47891261296714815,1295200.41,1927149.2786314124,12.0
2026-05-29 10:58:00,AMBER_BUILDING,52.198713943124574,0.6282515823026025,0,-1.373519725378928,0.4710374141102173,2028670.16,1907280.7462906514,12.0
2026-05-29 11:35:00,AMBER_BUILDING,53.042273462882044,0.572018401566427,0,-3.06505633827744,0.49778594276806765,780695.6,1525285.4948256866,11.0
2026-05-29 11:36:00,AMBER_BUILDING,54.40973237121879,0.4804475937609218,1,-2.5649205268752335,0.452819875365637,920231.0499999999,1525285.4948256866,9.0
2026-05-29 11:37:00,AMBER_BUILDING,53.465426289293255,0.5840862909115218,1,2.31599574226949,0.6309401500371058,7936994.88,1525285.4948256866,24.0
2026-05-29 12:20:00,AMBER_BUILDING,51.56706554572591,0.697287620022578,0,0.005123001533703345,0.5760002883136413,3237011.66,1797223.6731293749,23.0
2026-05-29 12:21:00,AMBER_BUILDING,50.43168395285293,0.6817973723108885,0,-0.31813849716535464,0.43909181773154843,2853287.1399999997,1797223.6731293749,11.0
2026-05-29 12:23:00,AMBER_BUILDING,51.85155802016138,0.7535439352135188,0,2.625683709603895,0.6313481266760035,10682089.61,1835662.6377848948,26.0
2026-05-29 12:24:00,AMBER_BUILDING,54.533241738431876,0.7690219422135692,0,0.6331278812713292,0.5757819240210912,4588758.8100000005,1835662.6377848948,22.0
2026-05-29 12:25:00,AMBER_BUILDING,57.05279918632801,0.7716809704233076,0,0.31386427139295037,0.4899754655008217,4067421.96,1875368.4920805169,17.0
2026-05-29 12:26:00,AMBER_BUILDING,54.651979292276444,0.7300227443693318,0,-0.8689020778859042,0.45349279905157147,2413654.3499999996,1875368.4920805169,12.0
2026-05-29 12:27:00,AMBER_BUILDING,52.495646991270085,0.6965303799903119,0,-0.7285594991902608,0.4687133322825335,2621931.83,1915382.174829669,15.0
2026-05-29 12:28:00,AMBER_BUILDING,51.81256048313543,0.7092300241227718,0,0.4261681280161015,0.4810407602706502,4586229.33,1936549.6144952169,14.0
2026-05-29 12:29:00,AMBER_BUILDING,51.16055237538017,0.7199206706169385,0,0.40384844304422335,0.5036274144095628,4747311.03,1981756.8831605962,17.0
2026-05-29 12:30:00,AMBER_BUILDING,53.97896977355668,0.7727431282658052,0,1.5561690225745977,0.5999133654452038,6339463.58,2040881.192329328,22.0
2026-05-29 12:31:00,AMBER_BUILDING,54.106305223114475,0.7278601209557294,0,-0.9505189716664776,0.4567836648992982,2447656.16,2056100.4742435291,12.0
2026-05-29 12:32:00,AMBER_BUILDING,53.95982860573108,0.6435962474242338,0,-2.077984357975814,0.5116062371651833,1599698.48,2081694.841406417,17.0
2026-05-29 12:34:00,AMBER_BUILDING,51.121151018032755,0.4540254772315208,1,-3.805986291062747,0.46661669175680887,846158.9400000001,2081694.841406417,8.0
2026-05-29 13:06:00,AMBER_BUILDING,53.49816794025045,0.7597740511101161,0,0.4310513483057606,0.567081355901809,4176235.36,1902486.69368934,22.0
2026-05-29 13:07:00,AMBER_BUILDING,56.14728809655394,0.7360995517699327,0,-0.3759904082934044,0.48619552518261966,2926945.29,1906350.428506667,17.0
2026-05-29 13:08:00,AMBER_BUILDING,55.126341379113796,0.7837678877001943,0,1.3711039312029922,0.6042145766213786,6536910.38,1907838.8693209824,26.0
2026-05-29 13:09:00,AMBER_BUILDING,56.84249121468949,0.8210410097292778,0,1.1986498560896137,0.5585404686890215,6261581.96,1940668.816628248,20.0
2026-05-29 13:10:00,AMBER_BUILDING,59.275757567358816,0.8184986099075148,0,0.274072512781218,0.5329136795823055,4066805.87,1940668.816628248,19.0
2026-05-29 13:11:00,AMBER_BUILDING,58.26328259420726,0.7785776568477564,0,-0.6564102759857858,0.4650718419796881,2617329.66,1940668.816628248,15.0
2026-05-29 13:12:00,AMBER_BUILDING,56.34021446787418,0.7578142059468536,0,-0.2556719949862353,0.4943219889129213,3228335.0,1984662.1732849274,18.0
2026-05-29 13:13:00,AMBER_BUILDING,53.783765939848166,0.7028179587612586,0,-1.136260594472695,0.47889075541049075,2119964.13,1984662.1732849274,16.0
2026-05-29 13:14:00,AMBER_BUILDING,53.8714910432181,0.7541715005113298,0,1.403579665674539,0.509000918919965,6886396.03,1984662.1732849274,13.0
2026-05-29 13:15:00,AMBER_BUILDING,55.00845378536531,0.7779768647941094,0,0.8232437968427259,0.5609841063473097,5780372.71,2027474.5397885165,20.0
2026-05-29 13:16:00,AMBER_BUILDING,56.008148758125,0.7794197149598062,0,0.31932415366216166,0.47573041508040487,4532700.79,2038034.338199919,15.0
2026-05-29 13:17:00,AMBER_BUILDING,55.909607830787046,0.7873584598972196,0,0.48287362946594486,0.48098810466031827,4967180.01,2038034.338199919,15.0
2026-05-29 13:18:00,AMBER_BUILDING,56.219407959138884,0.7945126736485049,0,0.45871692743066805,0.5814569080175891,4994854.62,2053791.5861522749,25.0
2026-05-29 13:19:00,AMBER_BUILDING,57.24232110949179,0.798544619511973,0,0.3977559553622457,0.49850753881655935,4834407.56,2053791.5861522749,17.0
2026-05-29 13:20:00,AMBER_BUILDING,57.455110602197415,0.773442682733035,0,-0.32602845358266386,0.4638373890631744,3424055.37,2073976.4460957996,13.0
2026-05-29 13:21:00,AMBER_BUILDING,57.51044178368344,0.803401750755789,0,1.0025872357734593,0.591815888698857,6965278.84,2124913.9647616292,24.0
2026-05-29 13:22:00,AMBER_BUILDING,56.76908466733971,0.7819015561930011,0,-0.22446095074563252,0.5352289690102089,3695083.3899999997,2124913.9647616292,20.0
2026-05-29 13:23:00,AMBER_BUILDING,57.62547525899217,0.7935746175968407,0,0.5627073324968787,0.584393895696387,5903292.95,2203693.4759418396,24.0
2026-05-29 13:24:00,AMBER_BUILDING,55.93404256175825,0.7155455066885518,0,-1.646359423742251,0.4544045043887677,1816720.07,2203693.4759418396,12.0
2026-05-29 13:25:00,AMBER_BUILDING,54.623807370576195,0.7290654833076365,0,0.4799934876329435,0.48943889357100157,5648470.050000001,2203693.4759418396,17.0
2026-05-29 13:26:00,AMBER_BUILDING,51.73681621375351,0.6878300163783453,0,-0.8619355063039464,0.4652881079928804,2772785.06,2203693.4759418396,16.0
2026-05-29 13:27:00,AMBER_BUILDING,52.235079615807216,0.7347854094243207,0,1.2457696396707267,0.5851459444137439,8764230.309999999,2203693.4759418396,23.0
2026-05-29 13:28:00,AMBER_BUILDING,53.042150142584354,0.7486402232655426,0,0.5106515491131687,0.5794332004847813,6027289.97,2241493.243562753,24.0
2026-05-29 13:29:00,AMBER_BUILDING,55.13552236477216,0.6260180333234742,0,-2.8353368996811645,0.46650478015820707,946311.0299999999,2241493.243562753,10.0
2026-05-29 13:30:00,AMBER_BUILDING,51.50834153444553,0.6089196156471076,0,-0.46536050632326587,0.44638146198531475,2975449.16,1864237.6725326977,11.0
2026-05-29 13:52:00,AMBER_BUILDING,50.849001709708,0.7248655153249134,0,0.9567904649156342,0.5603301327725223,4854008.1899999995,1791129.8483861599,21.0
2026-05-29 13:53:00,AMBER_BUILDING,51.1383387673136,0.6764977940168008,0,-1.045834216021134,0.47750032923900654,1987367.69,1791129.8483861599,15.0
2026-05-29 13:54:00,AMBER_BUILDING,50.757279410826214,0.6591831309050183,0,-0.37237367107728875,0.5585985138824413,2701659.96,1809839.3235176282,23.0
2026-05-29 13:57:00,AMBER_BUILDING,51.38464058969462,0.5289660635082495,0,-3.0402900916472095,0.46510629792599023,823071.67,1839126.2293684194,6.0
2026-05-29 14:50:00,AMBER_BUILDING,50.18261373874057,0.6844107276963861,0,1.5272339905566175,0.6034327374165145,6597515.0600000005,1673586.55988306,24.0
2026-05-29 14:51:00,AMBER_BUILDING,50.53545625814737,0.688472042237206,0,0.30251099807306087,0.5273907404090299,3550862.67,1673586.55988306,16.0
2026-05-29 14:52:00,AMBER_BUILDING,51.367782995258416,0.6947730020803926,0,0.36665122001605477,0.4673197677561333,3673243.73,1675947.1755762524,13.0
2026-05-29 14:53:00,AMBER_BUILDING,50.90633864896142,0.6939815590071424,0,0.2035917224743489,0.4876264798040206,3374296.33,1675947.1755762524,13.0
2026-05-29 14:54:00,AMBER_BUILDING,51.21755850892182,0.7243975531147592,0,0.9713580762562981,0.4938319568310775,5071403.01,1680605.2090573993,14.0
2026-05-29 14:55:00,AMBER_BUILDING,51.06088451835234,0.6731016002520163,0,-0.9817749988235931,0.47808890670724985,1831994.7200000002,1680605.2090573993,13.0
2026-05-29 14:56:00,AMBER_BUILDING,51.56851007481398,0.7050445282411586,0,0.9661807548963365,0.5638749031477582,5065465.289999999,1680605.2090573993,18.0
2026-05-29 14:57:00,AMBER_BUILDING,50.86167319885519,0.7045452793659522,0,0.22622824950765114,0.4736938007479628,3462239.23,1685277.8810441936,14.0
2026-05-29 14:58:00,AMBER_BUILDING,55.14063919963323,0.7981486478434535,0,2.5363107358845562,0.5499847665707374,11921297.49,1685277.8810441936,15.0
2026-05-29 14:59:00,AMBER_BUILDING,55.54804267307079,0.7722780001328828,0,-0.21017878174144874,0.4523118684456848,2796235.73,1685277.8810441936,9.0
2026-05-29 15:00:00,AMBER_BUILDING,56.20765792776793,0.7089386832004936,0,-1.1888974842441207,0.5107401867971624,1473253.9500000002,1503940.6396480047,15.0
2026-05-29 15:01:00,AMBER_BUILDING,53.017267670662335,0.7035624740639609,0,0.11339153289805978,0.5271262461617996,2887306.45,1489781.188518222,17.0
2026-05-29 15:02:00,AMBER_BUILDING,52.726325806406386,0.7181630959197002,0,0.5937987560515041,0.5231482647265798,3751596.02,1503940.6396480047,16.0
2026-05-29 15:03:00,AMBER_BUILDING,54.553739259714256,0.7755987582870584,0,1.6757652430505596,0.5135827678968963,6645559.58,1512969.7783943857,10.0
2026-05-29 15:04:00,AMBER_BUILDING,54.409865901487365,0.7047947396713145,0,-1.3765389221771251,0.4583516407147607,1354063.48,1516077.0271398176,7.0
2026-05-29 15:05:00,AMBER_BUILDING,54.91608669736902,0.7477882869103902,0,1.2868086996870503,0.4965982666007903,5498849.57,1516077.0271398176,12.0
2026-05-29 15:06:00,AMBER_BUILDING,52.79391277465896,0.6738128574913235,0,-1.5170889721648175,0.5408213949130577,1262659.29,1516077.0271398176,16.0
2026-05-29 15:07:00,AMBER_BUILDING,53.20750970093926,0.715322116687541,0,1.174316291687232,0.5636466009016671,5196952.83,1516077.0271398176,19.0
2026-05-29 15:08:00,AMBER_BUILDING,51.28457319103577,0.6813056184960168,0,-0.6025684807297158,0.487026593388723,2099878.12,1558117.1031825214,14.0
2026-05-29 15:59:00,AMBER_BUILDING,51.090412125539395,0.693491940358027,0,0.2874283675862369,0.5007999842405844,2203452.49,899425.4785730673,12.0
2026-05-29 16:00:00,AMBER_BUILDING,53.348584547599415,0.6369903129012933,0,-1.2986020147001702,0.5124312799559336,1023301.4299999999,1039541.8441119129,11.0
2026-05-29 16:04:00,AMBER_BUILDING,50.0152695172954,0.6812340956684325,0,0.3589909513382208,0.5033597334971555,2531459.52,1053933.380869194,11.0
2026-05-29 16:05:00,AMBER_BUILDING,50.44785585629209,0.6886424300654433,0,0.3156810968163876,0.46862945306782794,2491360.13,1055811.2866851129,6.0
2026-05-29 16:36:00,AMBER_BUILDING,50.44579612903692,0.7142630269825467,0,1.0035850533428305,0.49399756499677855,5484011.92,1583023.4263327084,15.0
2026-05-29 16:37:00,AMBER_BUILDING,51.42093372961267,0.7252818221624616,0,0.45574640865852734,0.4921803231518205,4192172.32,1632749.3018390695,16.0
2026-05-29 16:38:00,AMBER_BUILDING,50.92078832878594,0.6538358609998017,0,-1.519064033167733,0.452643070652931,1353262.99,1632749.3018390695,11.0
2026-05-29 16:55:00,AMBER_BUILDING,52.250728374451,0.7437953167339251,0,1.7313229886068435,0.621826846002525,7827661.46,2269906.1108422545,27.0
2026-05-29 16:56:00,AMBER_BUILDING,54.277886384920066,0.7017719734004869,0,-0.6963230639974769,0.4918559594282826,2703139.92,2269906.1108422545,17.0
2026-05-29 16:57:00,AMBER_BUILDING,52.215074396483715,0.681118689370551,0,-0.29965263232506933,0.4701853941439479,3249394.5700000003,2281552.0123204547,16.0
2026-05-29 16:58:00,AMBER_BUILDING,51.63550201055674,0.7359798920000666,0,1.3348170034231643,0.6092500201338256,6792197.23,2281552.0123204547,27.0
2026-05-29 16:59:00,AMBER_BUILDING,52.47289958439,0.754796473924669,0,0.6172520598744263,0.4746508367489005,4955965.75,2281552.0123204547,14.0
2026-05-29 17:00:00,AMBER_BUILDING,53.72108649515122,0.7383858775424255,0,-0.10747111131931746,0.48355792417872606,3933438.6199999996,2678522.7816930497,18.0
2026-05-29 17:01:00,AMBER_BUILDING,52.39494635939659,0.7316086170436039,0,0.08210978968733576,0.4600136209064346,4229601.02,2678522.7816930497,14.0
2026-05-29 17:02:00,AMBER_BUILDING,53.230884142103434,0.7577918186467075,0,0.8017058052556135,0.6018730660392896,5716565.36,2678522.7816930497,29.0
2026-05-29 17:03:00,AMBER_BUILDING,52.89518842187383,0.7209723988360393,0,-0.5566811421175656,0.4831433743432007,3327235.29,2688454.6800959343,18.0
2026-05-29 17:04:00,AMBER_BUILDING,54.310286824570646,0.7525164530333747,0,0.9299393866990994,0.606609623298365,5854341.36,2688454.6800959343,28.0
2026-05-29 17:05:00,AMBER_BUILDING,53.52727137782699,0.7472144310822806,0,0.14241393020435283,0.5262053368829934,4435393.79,2713583.535871037,23.0
2026-05-29 17:06:00,AMBER_BUILDING,53.21042651793372,0.6783611301036335,0,-1.3178266354712165,0.4692837644670164,2515782.14,2736372.6510868175,15.0
2026-05-29 17:07:00,AMBER_BUILDING,52.34164233663072,0.7181848646165702,0,1.0258900040227712,0.56824611359885,6539078.4,2736372.6510868175,24.0
2026-05-29 17:08:00,AMBER_BUILDING,52.45340738199749,0.7182169050578114,0,0.193718830369896,0.5636516939942927,4738743.38,2746696.2480025208,25.0
2026-05-29 17:09:00,AMBER_BUILDING,53.04606499813995,0.7190612077353313,0,0.21736146918126267,0.5781970447436737,4797351.01,2752654.8027605666,28.0
2026-05-29 17:10:00,AMBER_BUILDING,52.76719822768354,0.7308233879389227,0,0.47540757378319054,0.5368349434232348,5324180.9399999995,2752654.8027605666,23.0
2026-05-29 17:11:00,AMBER_BUILDING,52.210195706399126,0.6927669703693062,0,-0.6441659950854429,0.5532307538516206,3341232.21,2752654.8027605666,24.0
2026-05-29 17:12:00,AMBER_BUILDING,51.260365099921955,0.6528981855959484,0,-0.7532374090787022,0.5582970203062,3192961.1500000004,2752654.8027605666,25.0
2026-05-29 17:13:00,AMBER_BUILDING,53.072613056465464,0.5110657361282487,1,-3.0531800580438935,0.48924878670854405,1176847.04,2752654.8027605666,14.0
2026-05-29 17:14:00,AMBER_BUILDING,51.02936595065012,0.5251196082811034,0,0.15046327689738037,0.5978070347350195,4650961.63,2746696.2480025208,29.0
2026-06-01 06:16:00,AMBER_BUILDING,58.50219327912808,4.016609404573203,0,-1.1252906290616769,0.587315578778292,157404.03,207241.69024135472,2.0
2026-06-01 06:26:00,RED_EARLY_WARNING,84.03863865336297,0.9360809386239484,3,-9.182853922958016,0.6201010148371915,0.0,191708.84003505216,0.0
2026-06-01 06:27:00,RED_EARLY_WARNING,78.49022830273226,0.8862659129628293,2,-0.10193267199564593,0.4925866588406764,620923.64,191708.84003505216,3.0
2026-06-01 06:28:00,AMBER_BUILDING,73.96472983774242,0.5121863300610443,4,-9.059913873352661,0.63197468714383,0.0,191708.84003505216,0.0
2026-06-01 06:29:00,AMBER_BUILDING,62.51266628896772,0.4921209632509301,1,-0.2599130062222343,0.5149800287755856,489773.68,191708.84003505216,2.0
2026-06-01 06:30:00,AMBER_BUILDING,54.541919438097786,0.4387505619023066,1,-1.2520563515135388,0.48308578754022896,343955.33,530898.2146640647,2.0
2026-06-01 06:33:00,AMBER_BUILDING,59.947524593822,0.0771532623083871,3,-3.746852439501812,0.5632031557736926,18308.81,530898.2146640647,1.0
2026-06-01 06:34:00,AMBER_BUILDING,68.8026308785983,0.06603416468921906,3,-0.9824730166346488,0.47589207872123596,444904.62,520806.2722261721,4.0
2026-06-01 06:35:00,AMBER_BUILDING,66.04836463159585,0.013365121924748457,2,-2.1147089017259466,0.5053296535556686,112800.20000000001,520806.2722261721,2.0
2026-06-01 06:36:00,AMBER_BUILDING,58.18590503140234,0.0020715908590661736,2,-1.2294899999442372,0.4586344199460371,327458.27,520806.2722261721,2.0
2026-06-01 06:47:00,AMBER_BUILDING,50.72771224997808,0.5846467262682465,0,-2.330394951936383,0.47125950556323315,159669.2,815217.7408845763,2.0
2026-06-02 06:16:00,AMBER_BUILDING,58.57485980104434,1.7776348383760232,1,-7.246090540593202,0.6326266839192796,0.0,198768.0993392056,0.0
2026-06-02 06:19:00,RED_EARLY_WARNING,78.09026776137515,0.7230499792792899,2,-7.51104637911541,0.6297492412573464,0.0,207241.69024135472,0.0
2026-06-02 06:20:00,AMBER_BUILDING,64.96354627369844,0.6107092535751255,0,-1.0229032327840293,0.5689937775880762,35225.14,207241.69024135472,1.0
2026-06-02 06:21:00,AMBER_BUILDING,57.5442356668275,0.2155765515825964,2,-7.283823468540673,0.630151522854599,0.0,198768.0993392056,0.0
2026-06-02 06:22:00,AMBER_BUILDING,57.189192381881206,0.14572695810162123,2,-7.225900499832471,0.6265080460276865,0.0,198768.0993392056,0.0
2026-06-02 06:23:00,AMBER_BUILDING,53.88840818287059,0.14124480986862387,1,-0.11188538819197401,0.526190868025674,149912.07,198768.0993392056,2.0
2026-06-02 06:26:00,AMBER_BUILDING,54.85324277484927,0.7715853131109565,2,-6.910163022741016,0.625948250590731,0.0,191708.84003505216,0.0
2026-06-02 06:27:00,AMBER_BUILDING,59.55471977416144,0.7180804541662573,1,-0.15898320504885124,0.5447773064125985,126295.31,191708.84003505216,1.0
2026-06-02 06:28:00,AMBER_BUILDING,56.627907742385695,0.6430505022549479,0,0.4462228294107769,0.5045880186443075,352357.68,185829.5018857499,1.0
2026-06-02 06:29:00,AMBER_BUILDING,50.59423341852848,0.5453170453423212,0,1.0655960516786491,0.48696319540048233,1006161.0800000001,185829.5018857499,6.0
2026-06-02 06:31:00,AMBER_BUILDING,57.037416751808394,1.015520016827773,1,-10.030602957516313,0.654158692881078,0.0,502530.3493308021,0.0
2026-06-02 06:32:00,AMBER_BUILDING,64.97714047107299,0.9332894542668774,0,-0.0598436812430226,0.49744771719787195,419779.05000000005,492643.94467122917,3.0
2026-06-02 06:33:00,RED_EARLY_WARNING,78.53865156197833,1.3293544782466098,2,-10.022038738771831,0.6606824113358645,0.0,492643.94467122917,0.0
2026-06-02 06:34:00,RED_EARLY_WARNING,80.5838703673814,1.1765699605096505,0,0.8912633445124454,0.5389000431476307,1389646.2,479108.7723018195,2.0
2026-06-02 06:37:00,AMBER_BUILDING,75.88420380860606,0.9257145624207392,0,0.6672934401021295,0.48304276711802546,1070704.3599999999,479108.7723018195,5.0
2026-06-02 06:38:00,AMBER_BUILDING,68.66275048088106,0.8420479694992051,0,0.26559155917071126,0.4801203012148669,644726.2999999999,492643.94467122917,3.0
2026-06-02 06:39:00,AMBER_BUILDING,63.66786136507165,0.7952173763412306,0,-0.388412260684765,0.4928254935189721,280103.03,502530.3493308021,4.0
2026-06-02 06:40:00,AMBER_BUILDING,59.568183792821095,0.72493887917489,0,0.20330898212867274,0.48039895105000563,592570.25,492643.94467122917,4.0
2026-06-02 06:41:00,AMBER_BUILDING,55.03799839580097,0.6180100114573152,0,1.1060628010834257,0.48916918820116967,1907748.0,492643.94467122917,4.0
2026-06-02 06:42:00,AMBER_BUILDING,50.59930835340856,0.5783672681446175,0,-0.1626791411201629,0.48706103605398643,382490.44999999995,502530.3493308021,2.0
2026-06-02 10:25:00,AMBER_BUILDING,50.5299470809281,0.7401067146906843,0,-1.8209010081372998,0.4469024531071717,710057.05,2640869.975851144,7.0
2026-06-02 10:26:00,AMBER_BUILDING,50.71423456142882,0.6724542425041493,0,0.6986221666874901,0.43007827075304544,2974011.78,2640869.975851144,16.0
2026-06-02 10:27:00,AMBER_BUILDING,52.06891107715979,0.7010083531516439,0,-0.7567938530913305,0.4391406919944946,1300999.49,2640869.975851144,6.0
2026-06-02 10:28:00,AMBER_BUILDING,51.63864889631847,0.7472039696574259,0,-0.9600620056596227,0.4279466911673726,1091526.3699999999,2574805.9960953533,7.0
2026-06-02 10:29:00,AMBER_BUILDING,53.47804327487941,0.7587575212091356,0,-0.5582919511304618,0.4504014816273032,1341686.6800000002,2515951.6825180114,6.0
2026-06-02 10:30:00,AMBER_BUILDING,57.08871778339405,0.8528438517874111,0,-1.7967636185997926,0.44883175975021994,724335.86,2243204.0318872873,6.0
2026-06-02 10:31:00,AMBER_BUILDING,57.13383794538172,0.6395397816149321,0,2.6631158262362504,0.50903371474313,6436036.42,2236232.8031783826,19.0
2026-06-02 10:32:00,AMBER_BUILDING,52.898110484541796,0.5837974689179249,0,0.5712761675779365,0.4111152147679281,2324833.79,2243204.0318872873,10.0
2026-06-02 10:33:00,AMBER_BUILDING,50.2473854132438,0.7079421522538354,0,-2.035227470730392,0.46937314499362276,636153.95,2250926.9152669315,6.0
2026-06-02 10:35:00,AMBER_BUILDING,54.111009717101716,0.7953888514639532,0,-1.3878924145898262,0.42393923401982314,853387.3499999999,2250926.9152669315,7.0
2026-06-02 10:36:00,AMBER_BUILDING,54.94882438593472,0.7885103828516307,0,-0.3446227275967519,0.443271352313279,1452789.56,2250926.9152669315,9.0
2026-06-02 10:37:00,AMBER_BUILDING,57.547752204278474,0.8317006635217095,0,-1.0883350803727472,0.4258938706336774,994724.0700000001,2250926.9152669315,7.0
2026-06-02 10:38:00,AMBER_BUILDING,56.87251736858769,0.7564615900863919,0,0.6793680586791477,0.48167205940281144,2396072.05,2243204.0318872873,4.0
2026-06-02 10:39:00,AMBER_BUILDING,54.63951870773576,0.6801665918809366,0,0.7843681771915573,0.43626017677607704,2540690.9,2250926.9152669315,15.0
2026-06-02 10:40:00,AMBER_BUILDING,50.362398830995495,0.614698030902765,0,0.7079358419124737,0.4143565307233322,2486612.4299999997,2290370.1077310946,9.0
2026-06-02 10:42:00,AMBER_BUILDING,51.90876172310842,0.8431539026680483,1,-3.41911410191474,0.5094907412088027,333269.68,2290370.1077310946,6.0
2026-06-02 10:43:00,AMBER_BUILDING,57.69559764637963,0.8947246014544036,0,-1.2424891528513298,0.4476227334779349,932876.7699999999,2250926.9152669315,6.0
2026-06-02 10:44:00,AMBER_BUILDING,61.53703824361022,0.7644284593626448,0,1.4366908261054296,0.44806339783847776,3476532.72,2243204.0318872873,12.0
2026-06-02 10:45:00,AMBER_BUILDING,57.711875346449126,0.781733630787112,0,-0.25821035233245127,0.4111350019047141,1110112.04,1890990.5214868963,8.0
2026-06-02 10:46:00,AMBER_BUILDING,57.00189067171115,0.8537904647086778,0,-1.3878971192019895,0.44405555965646404,514195.23,1872438.144154331,5.0
2026-06-02 10:47:00,AMBER_BUILDING,56.32059762929288,0.7637257140287553,0,0.8717943266214975,0.4118105743371703,2306615.29,1872438.144154331,10.0
2026-06-02 10:48:00,AMBER_BUILDING,54.30077718520528,0.6592660305095502,0,1.1767563714560016,0.4069382629604046,2841173.17,1872438.144154331,9.0
2026-06-02 11:36:00,AMBER_BUILDING,50.729452677822394,0.6753154358179284,1,-2.6741285338131733,0.5333762272624109,174377.5,1555297.89290762,2.0
2026-06-02 11:37:00,AMBER_BUILDING,50.02160818793021,0.77105476074397,0,-1.6080167328772292,0.4623695269350595,355994.81,1555297.89290762,5.0
2026-06-02 11:38:00,AMBER_BUILDING,55.38172696860176,0.753109439050997,0,-0.10115750445385933,0.4172018257100077,1010503.27,1555297.89290762,8.0
2026-06-02 11:39:00,AMBER_BUILDING,61.2930275695596,0.9532319335798238,0,-3.10029996271957,0.5421013008915573,121644.75,1555297.89290762,3.0
2026-06-02 11:40:00,AMBER_BUILDING,62.34126153733703,0.8371919125544454,0,1.0621109599039102,0.4636775659564431,2265107.94,1555297.89290762,6.0
2026-06-02 11:41:00,AMBER_BUILDING,61.35286446132246,0.6755892840984498,0,1.8347845356371342,0.43691073165812516,4027973.9699999997,1592516.3069642582,8.0
2026-06-02 11:42:00,AMBER_BUILDING,52.385308843871634,0.6148703591688666,0,0.6085160753335149,0.4183479480100768,1710113.46,1602909.5717558772,7.0
2026-06-02 15:15:00,AMBER_BUILDING,57.25224365307725,0.878846715312923,2,-2.749080393632586,0.5247585562234307,123032.35,1311839.670060648,2.0
2026-06-02 15:16:00,AMBER_BUILDING,63.792556002089974,0.8159844725547465,2,0.22808921053272638,0.43723900860866766,1189775.96,1307305.5596288852,7.0
2026-06-02 15:17:00,AMBER_BUILDING,62.17106835479786,0.7791470494293121,0,-0.0860616617112512,0.43365941286325643,936303.8300000001,1307305.5596288852,3.0
2026-06-02 15:18:00,AMBER_BUILDING,58.41547123751056,0.7962540471183648,0,-0.8711620462660766,0.4667802810357047,516166.3,1307305.5596288852,6.0
2026-06-02 15:19:00,AMBER_BUILDING,54.3270785378887,0.6708978532849378,0,1.3036497204923232,0.45403848912570494,2709509.4800000004,1307305.5596288852,8.0
2026-06-02 15:20:00,AMBER_BUILDING,51.28610931006085,0.625814088618927,0,0.2173330331436468,0.427270518054175,1179163.27,1307305.5596288852,9.0
2026-06-03 06:16:00,AMBER_BUILDING,56.75877258600111,1.4343943095318126,0,0.34385030758889573,0.4909167601098931,212826.44,185829.5018857499,1.0
2026-06-03 06:22:00,AMBER_BUILDING,67.96898336130663,0.4681668982164041,1,-8.095292803164861,0.6299369168957364,0.0,213327.859330524,0.0
2026-06-03 06:23:00,AMBER_BUILDING,56.71274756451674,0.4867366280610973,0,1.2920810273448624,0.5045018001191502,1030362.21,213327.859330524,4.0
2026-06-03 06:54:00,AMBER_BUILDING,51.53259127322335,1.2544295036639004,1,-16.968973969888477,0.6736998334891878,0.0,846193.716243056,0.0
2026-06-03 06:55:00,AMBER_BUILDING,67.02029625683616,1.1019060863529706,0,0.6370383846500554,0.4888555495635714,1197389.3599999999,844569.6830935319,7.0
2026-06-03 06:57:00,AMBER_BUILDING,73.70037845853138,0.9698524083573937,0,-0.0814154833299149,0.41317159052259445,682015.09,844569.6830935319,6.0
2026-06-03 06:58:00,AMBER_BUILDING,68.88043557214552,0.8498334478873029,0,0.9859167253720791,0.42432295415902316,1582379.65,844569.6830935319,8.0
2026-06-03 06:59:00,AMBER_BUILDING,62.8153486141671,0.7738542163772932,0,0.31881240842659797,0.40820550339750183,964546.46,857609.8114754275,4.0
2026-06-03 07:00:00,AMBER_BUILDING,57.768506552521906,0.7360691455237884,0,-0.2553673292541238,0.46335859105029825,639392.5,895722.5850047052,1.0
2026-06-03 07:01:00,AMBER_BUILDING,54.34865175443855,0.7002041071826592,0,-0.2076914996119063,0.4332763900176283,637148.8500000001,879526.0729473801,5.0
2026-06-03 07:02:00,AMBER_BUILDING,51.480856380227685,0.6381991618161913,0,0.354693019571608,0.41245429224499675,934453.13,862958.2249089915,8.0
2026-06-03 07:03:00,AMBER_BUILDING,53.09204804655251,0.7524783038828934,0,-2.91414414605617,0.4846982957254452,99716.82,879526.0729473801,3.0
2026-06-03 07:04:00,AMBER_BUILDING,53.44406836752565,0.7252013106710867,0,-0.3929872314990792,0.43462797463191044,564716.5599999999,879526.0729473801,3.0
2026-06-03 07:05:00,AMBER_BUILDING,54.83534583560117,0.7074997154667049,0,-0.5243903665475196,0.41534588530872885,515155.37,879526.0729473801,4.0
2026-06-03 07:06:00,AMBER_BUILDING,51.092656896046236,0.6580187192742745,0,0.12473078868180987,0.4082923759708524,806307.48,879526.0729473801,5.0
2026-06-03 07:45:00,AMBER_BUILDING,53.95262414803179,0.6736790657056141,1,-3.222377262037149,0.5002021619658477,302481.3,1838645.4842957724,3.0
2026-06-03 07:46:00,AMBER_BUILDING,50.010840866958574,0.6090351796368333,0,0.32472836830855556,0.45975164039078387,2055365.78,1838645.4842957724,6.0
2026-06-03 07:47:00,AMBER_BUILDING,50.65456214198641,0.618669293927092,0,-1.0278353413459844,0.4346646103385342,983892.0300000001,1838645.4842957724,6.0
2026-06-03 08:49:00,AMBER_BUILDING,50.69138207371052,0.7529009685819797,0,-2.4763531060541983,0.5061244478459928,551038.24,2661230.2353857136,6.0
2026-06-03 08:50:00,AMBER_BUILDING,54.171047489532235,0.7621760059391214,0,-0.9755586283445503,0.4290568454273773,1280209.98,2661230.2353857136,11.0
2026-06-03 08:51:00,AMBER_BUILDING,55.986276204320745,0.7627100052339836,1,-0.7895191500934897,0.44584424249173604,1392357.4600000002,2661230.2353857136,8.0
2026-06-03 08:52:00,AMBER_BUILDING,54.866101608311396,0.767330782035012,1,-0.8538322746741459,0.4274704331600279,1329819.5999999999,2661230.2353857136,8.0
2026-06-03 08:53:00,AMBER_BUILDING,53.25439691400453,0.7104110130472597,0,0.26872063084226216,0.4167890541628092,2542043.1100000003,2661230.2353857136,10.0
2026-06-03 08:54:00,AMBER_BUILDING,51.64700374294955,0.6996742270806221,0,-0.5014908539761634,0.41925071876601877,1638546.27,2661230.2353857136,8.0
2026-06-03 10:28:00,AMBER_BUILDING,52.98931244857213,0.9999706141706082,1,-6.224150677426094,0.5865788452887045,53244.33,2574805.9960953533,1.0
2026-06-03 10:29:00,AMBER_BUILDING,62.077382467300176,0.9644738021384337,0,-0.1693161998620204,0.46912507483647276,1707707.1,2574805.9960953533,7.0
2026-06-03 10:30:00,AMBER_BUILDING,69.3015110764915,0.9338646457000627,0,-0.11703580727105994,0.41635612860319443,1637199.12,2250926.9152669315,11.0
2026-06-03 10:31:00,AMBER_BUILDING,63.3401793793467,0.7845569992988003,0,1.8685620112514936,0.44994491959142074,4176009.9299999997,2250926.9152669315,13.0
2026-06-03 10:32:00,AMBER_BUILDING,57.72535890642305,0.6911862816199362,0,0.9881224397682762,0.4562189231662247,2811843.1799999997,2290370.1077310946,9.0
2026-06-03 10:33:00,AMBER_BUILDING,53.989270165358164,0.7259023269639235,0,-0.5293149649580802,0.4302577852714528,1404908.15,2341624.371951264,10.0
2026-06-03 10:34:00,AMBER_BUILDING,50.83462007855065,0.6886538221353854,0,0.2667382636142421,0.41541709520892406,2033982.0299999998,2341624.371951264,14.0
2026-06-03 10:35:00,AMBER_BUILDING,50.04642292852754,0.6627264977585734,0,0.15351463479201463,0.46590598810860595,1935393.88,2341624.371951264,3.0
2026-06-03 11:25:00,AMBER_BUILDING,53.847412973953396,0.7346552382853921,0,0.7364075508164055,0.4310215710277067,2102156.5100000002,1839170.4945135806,5.0
2026-06-03 11:26:00,AMBER_BUILDING,55.59005788931438,0.6926717490227217,0,0.33072608125422126,0.4263219348527454,1583168.87,1853101.082445977,4.0
2026-06-03 11:27:00,AMBER_BUILDING,50.1011306503425,0.6944498070660416,0,-0.19307618363545404,0.4083032802148282,1083111.6600000001,1853101.082445977,9.0
2026-06-03 11:29:00,AMBER_BUILDING,51.29104113519028,0.7877667859930944,0,-0.9216612078429318,0.4283760364542755,615572.9299999999,1853101.082445977,4.0
2026-06-03 11:30:00,AMBER_BUILDING,55.445451643451385,0.8405554639079308,0,-0.8804056854380075,0.4486449063656002,583190.52,1602909.5717558772,5.0
2026-06-03 11:31:00,AMBER_BUILDING,55.66683508622943,0.6799312326696,0,1.8404612613735407,0.42585729794365884,3621092.2800000003,1602909.5717558772,9.0
2026-06-03 11:32:00,AMBER_BUILDING,53.17905445536568,0.6518852718485152,0,0.2938792311948727,0.4113739981065822,1292157.6099999999,1626306.816613756,8.0
2026-06-03 11:40:00,AMBER_BUILDING,57.62989722498887,0.9369729964437167,0,-2.766578412004671,0.4914752733585745,166419.56,1602909.5717558772,3.0
2026-06-03 11:41:00,AMBER_BUILDING,61.22138442210132,0.8339174311532473,0,0.9473159934653306,0.4207483746758723,2025543.0500000003,1602909.5717558772,10.0
2026-06-03 11:42:00,AMBER_BUILDING,60.61605459741943,0.7261136451918947,0,1.1222397043719343,0.40200803163749865,2327240.91,1626306.816613756,7.0
2026-06-03 11:43:00,AMBER_BUILDING,51.89547012525554,0.5537098343636031,0,2.0221652644804315,0.4344137962048052,4396001.41,1626306.816613756,10.0
2026-06-03 12:27:00,AMBER_BUILDING,54.36666257583794,0.8214169997768479,0,-0.9828853051879978,0.4818376517836276,725410.99,1800168.518187384,3.0
2026-06-03 12:28:00,AMBER_BUILDING,62.04249755523,0.9498675954383238,0,-1.8640828655744788,0.46091407090447023,409320.98,1800168.518187384,5.0
2026-06-03 12:29:00,AMBER_BUILDING,63.65184234431394,0.8947449091374066,0,0.3122823468024879,0.44953245512765083,1524938.8099999998,1797223.6731293749,7.0
2026-06-03 12:30:00,AMBER_BUILDING,65.51753535517553,0.9191686621905383,0,-0.6445451309984191,0.4479773860462574,1000462.8600000001,2100275.445177526,7.0
2026-06-03 12:31:00,AMBER_BUILDING,61.79605015297236,0.8010703752269981,0,1.093934717136335,0.42176138150996345,2966437.4299999997,2100275.445177526,9.0
2026-06-03 12:32:00,AMBER_BUILDING,61.11691431206859,0.8650967322177042,0,-1.0470873563102807,0.4292527703019741,808037.86,2132299.0612350157,7.0
2026-06-03 12:33:00,AMBER_BUILDING,59.99403212209214,0.8678226157146652,0,-0.317163106067212,0.4272249827954016,1216985.05,2100275.445177526,6.0
2026-06-03 12:34:00,AMBER_BUILDING,61.30348583480295,0.8665342564039211,0,-0.26915362381652663,0.41526958609323167,1239013.53,2100275.445177526,9.0
2026-06-03 12:35:00,AMBER_BUILDING,70.4710053547601,1.4284208297848542,1,-7.233555495782703,0.625937875897263,14411.17,2100275.445177526,1.0
2026-06-03 12:39:00,AMBER_BUILDING,75.78887095771644,0.9236300265710922,0,2.002802264779583,0.47737183729081967,5287868.79,2132299.0612350157,9.0
2026-06-03 12:40:00,AMBER_BUILDING,67.70529652150908,0.8100514188102212,0,1.0213205320292305,0.43129208471062436,2917779.0,2132299.0612350157,12.0
2026-06-03 12:41:00,AMBER_BUILDING,60.038275094292345,0.7803644680336688,0,0.1057526684154762,0.4289467219351486,1648942.6199999999,2162198.10680516,13.0
2026-06-03 12:42:00,AMBER_BUILDING,54.351195626405314,0.7200260891831027,0,0.4780218050194099,0.4021104513629082,2100123.2800000003,2132299.0612350157,9.0
2026-06-03 12:43:00,AMBER_BUILDING,55.48138679680334,0.8420706125415447,0,-1.727130201452967,0.4479596230961923,550048.92,2132299.0612350157,7.0
2026-06-03 12:44:00,AMBER_BUILDING,54.179490375094396,0.650082700873299,0,2.022382755483052,0.48607586473735487,5435044.8100000005,2102294.16298713,9.0
2026-06-03 12:45:00,AMBER_BUILDING,53.85890589391287,0.6690113228900266,0,-0.38216332654260177,0.4382793724608776,1284127.74,2307215.719616477,11.0
2026-06-03 12:51:00,AMBER_BUILDING,51.11785839016452,0.6940658044298113,0,0.13855182507889124,0.43017338859104415,1717718.51,2105853.8505261745,15.0
2026-06-03 12:52:00,AMBER_BUILDING,50.02980212433399,0.6614990006797882,0,0.14459945164446011,0.40540937102723507,1737176.7899999998,2105853.8505261745,10.0
2026-06-03 12:55:00,AMBER_BUILDING,50.11853155119699,0.717113056976532,0,-0.351932522709763,0.41853750750023944,1332971.79,2200561.287861999,9.0
2026-06-03 12:56:00,AMBER_BUILDING,51.43296543235846,0.649482486081801,0,0.5730338527630632,0.42832579059101245,2397458.06,2200561.287861999,6.0
2026-06-03 13:01:00,AMBER_BUILDING,50.9862992221935,0.4959373750641787,0,2.960528805207674,0.5667746131213693,10442068.15,2105071.983472631,10.0
2026-06-03 13:02:00,AMBER_BUILDING,52.940200050331185,0.5033665290713344,0,-0.1869325135017843,0.45404760445282005,1452155.3599999999,2123616.473812562,6.0
2026-06-03 14:12:00,AMBER_BUILDING,53.404698810893954,0.9614217659059259,1,-4.951329752624722,0.5551441930823416,95534.2,2222761.300024007,2.0
2026-06-03 14:13:00,AMBER_BUILDING,61.92991306842399,0.9225206342437823,0,-0.14946762675995995,0.43944589242912996,1595166.43,2222761.300024007,10.0
2026-06-03 14:14:00,AMBER_BUILDING,67.77087690658199,0.8704598670818349,0,0.12248913838702319,0.41240742390913404,1876572.49,2222761.300024007,6.0
2026-06-03 14:15:00,AMBER_BUILDING,66.22001106862844,0.9489869143637327,0,-1.536508274184904,0.459735631225149,503480.72,2051977.131438447,6.0
2026-06-03 14:16:00,AMBER_BUILDING,64.49743191693484,0.8747854764704955,0,0.4031235958166879,0.4269650269710698,2012087.26,2051977.131438447,5.0
2026-06-03 14:17:00,AMBER_BUILDING,61.764689482087114,0.769887927974112,0,0.9039694323583869,0.44069572694219916,2861211.3,2051977.131438447,15.0
2026-06-03 14:18:00,AMBER_BUILDING,54.590491356654866,0.6207761819623161,0,1.55240327539577,0.44153016011458734,4704382.54,2051977.131438447,10.0
2026-06-03 14:21:00,AMBER_BUILDING,51.99516558729058,0.7645682987364201,0,-0.5100959759186412,0.4587558468476042,1039245.24,2051977.131438447,3.0
2026-06-03 14:22:00,AMBER_BUILDING,56.21370193186582,0.7949291993338836,0,-0.7593144938757675,0.4286500175076522,860478.64,2051977.131438447,10.0
2026-06-03 14:23:00,AMBER_BUILDING,55.89921319870692,0.7761205554133898,0,-0.13216445978218294,0.419443918995152,1344909.84,2051977.131438447,6.0
2026-06-03 14:24:00,AMBER_BUILDING,55.38945247667933,0.748470150367698,0,0.002205844863878432,0.40971351682818674,1479955.52,2051977.131438447,9.0
2026-06-03 14:25:00,AMBER_BUILDING,57.15319690766098,0.8503611258433127,0,-1.711365175819977,0.44841781585727575,445935.92000000004,2037893.4840256139,6.0
2026-06-03 14:26:00,AMBER_BUILDING,61.681846772180656,0.959313230410803,0,-1.9051796572337907,0.4768752179344322,383433.34,2037893.4840256139,3.0
2026-06-03 14:27:00,AMBER_BUILDING,63.559966038819546,0.8288246906512293,0,1.1728122970632986,0.4747850942168497,3367347.81,2037893.4840256139,15.0
2026-06-03 14:28:00,AMBER_BUILDING,60.160413386424786,0.7291557864657394,0,0.9018108797959817,0.40328533623309953,2807379.6,2051977.131438447,11.0
2026-06-03 14:29:00,AMBER_BUILDING,56.980842382931506,0.8247817561320794,0,-1.6162315290211569,0.4319134065380987,490558.32,2077337.6555362153,5.0
2026-06-03 14:30:00,AMBER_BUILDING,54.69493324048616,0.7245078591195089,0,0.8817760017762407,0.4313793280451321,2288596.38,1656165.0567703596,7.0
2026-06-03 14:31:00,AMBER_BUILDING,55.1466353405389,0.7323901534001742,0,-0.43904022993956254,0.4097280228435764,898238.99,1656165.0567703596,7.0
2026-06-03 14:32:00,AMBER_BUILDING,50.40662019519832,0.6095333896914948,0,1.2727820013703164,0.4234080837093452,3002540.66,1642035.7419839536,7.0
2026-06-03 14:33:00,AMBER_BUILDING,54.34665385161029,0.8187247462891744,0,-2.9459433524066867,0.5542583545271779,133865.1,1656165.0567703596,1.0
2026-06-03 14:34:00,AMBER_BUILDING,56.964715040078026,0.8546112003937004,0,-0.8950018248660871,0.4443511923189202,608162.95,1656165.0567703596,5.0
2026-06-03 14:35:00,AMBER_BUILDING,59.29665037451972,0.7261797941616293,0,1.185889954979103,0.4335823279353071,2969813.26,1642035.7419839536,5.0
2026-06-03 14:36:00,AMBER_BUILDING,55.26756598111774,0.7401746801800476,0,-0.4695620692922513,0.4235460586290649,806523.23,1642035.7419839536,7.0
2026-06-03 14:37:00,AMBER_BUILDING,50.77583473666684,0.6314145425165707,0,1.058165829613869,0.4591493072289807,2681668.38,1642035.7419839536,4.0
2026-06-03 14:53:00,AMBER_BUILDING,50.62947523294468,0.7620489356357024,0,-1.1292399706798568,0.4386897382235984,499136.62,1818490.9866483498,4.0
2026-06-03 14:54:00,AMBER_BUILDING,50.34584008030132,0.6544320002386503,0,1.0564906329547132,0.41735832750290935,2893504.29,1818490.9866483498,9.0
2026-06-03 14:55:00,AMBER_BUILDING,52.338529653840176,0.7395400521705845,0,-1.206662180698053,0.43402060138016185,471358.54000000004,1835867.656203636,7.0
2026-06-03 14:56:00,AMBER_BUILDING,59.256038361070075,1.004967430069626,0,-3.4878723790323023,0.5338983583554673,74035.14,1835867.656203636,2.0
2026-06-03 14:57:00,AMBER_BUILDING,65.12810390754264,0.9251768572637383,0,0.44397250811912503,0.5136147986128953,1764918.08,1818490.9866483498,1.0
2026-06-03 14:58:00,AMBER_BUILDING,74.25935032611524,1.1032818995878317,1,-2.6235305336510337,0.5582070901763799,149338.78,1818490.9866483498,1.0
2026-06-03 14:59:00,AMBER_BUILDING,71.92596222944576,0.9950419291016845,0,0.7077041830523175,0.43387273004598176,2188112.34,1818490.9866483498,8.0
2026-06-03 15:00:00,AMBER_BUILDING,73.40279769510607,1.007647651048359,0,-0.6459871232340733,0.45883049191636177,660402.33,1489781.188518222,7.0
2026-06-03 15:01:00,AMBER_BUILDING,70.21571008284373,1.0316174595718062,0,-0.8079801142018862,0.4521786429781518,581447.42,1489781.188518222,3.0
2026-06-03 15:02:00,AMBER_BUILDING,68.03681667645581,0.8710961672879374,0,1.4468440609259399,0.44731709003421716,3056414.22,1489781.188518222,6.0
2026-06-03 15:03:00,AMBER_BUILDING,63.08904469241211,0.7963418837686413,0,0.5323048456785787,0.4205709595018705,1570356.3900000001,1503940.6396480047,6.0
2026-06-03 15:04:00,AMBER_BUILDING,61.61504471398829,0.9234795643875071,0,-1.866003309179517,0.4815346449447772,266882.03,1503940.6396480047,4.0
2026-06-03 15:05:00,AMBER_BUILDING,62.655691244315186,0.9295649592967052,0,-0.5070277727333693,0.44772770321308697,722916.2000000001,1503940.6396480047,3.0
2026-06-03 15:06:00,AMBER_BUILDING,65.91770111336432,0.929485956075697,0,-0.42473975038682177,0.43359144712289777,758516.35,1489781.188518222,5.0
2026-06-03 15:07:00,AMBER_BUILDING,62.65241379481554,0.8175504581065152,0,0.9319947540806655,0.4203312387726765,2095907.03,1489781.188518222,9.0
2026-06-03 15:08:00,AMBER_BUILDING,66.57841506838061,1.0332185412154338,0,-2.8856991384367277,0.5302948256634975,119196.41,1503940.6396480047,3.0
2026-06-03 15:09:00,AMBER_BUILDING,65.85567335937526,0.9058502339222682,0,0.9908554407582824,0.443491886608935,2224956.24,1503940.6396480047,10.0
2026-06-03 15:10:00,AMBER_BUILDING,65.53317410022852,0.8120565559062554,0,0.7239080720764383,0.4164446399291301,1834297.2599999998,1512969.7783943857,11.0
2026-06-03 15:11:00,AMBER_BUILDING,61.10086752288595,0.9004891497663089,0,-1.3503143454799367,0.4544912283720379,378531.18999999994,1516077.0271398176,5.0
2026-06-03 15:12:00,AMBER_BUILDING,59.45234544166604,0.8140306766937726,0,0.6347108986288237,0.4283599405978385,1731464.6600000001,1504518.4125077727,12.0
2026-06-03 15:13:00,AMBER_BUILDING,57.88634469888161,0.7549672905449223,0,0.37939537234368653,0.395332463672577,1434308.5299999998,1516077.0271398176,6.0
2026-06-03 15:14:00,AMBER_BUILDING,52.47848545988466,0.675054018639104,0,0.6858329750119003,0.4034585774645287,1808649.78,1516077.0271398176,5.0
2026-06-03 15:36:00,AMBER_BUILDING,50.49958845497062,0.6476339448429117,0,-0.21255238205348453,0.4522548107897868,724958.02,1287144.965612039,4.0
2026-06-03 15:37:00,AMBER_BUILDING,53.366555981582565,0.8415892058299878,0,-2.387368301197808,0.5326310542596583,102340.65,1287144.965612039,2.0
2026-06-03 15:38:00,AMBER_BUILDING,57.86134152491855,0.8610206660660575,0,-0.5646437458471468,0.4475408585933354,519662.64999999997,1287144.965612039,5.0
2026-06-03 15:39:00,AMBER_BUILDING,62.26169583103913,0.8750915072839665,0,-0.491078054319013,0.42349995171954147,546960.9400000001,1287144.965612039,5.0
2026-06-03 15:40:00,AMBER_BUILDING,64.00886611282819,0.9739221503229546,0,-1.5054928466593676,0.5010475166518337,218767.11000000002,1287144.965612039,2.0
2026-06-03 15:41:00,AMBER_BUILDING,63.349995042718284,0.8208187896963424,0,1.322538496881036,0.48134584953802495,2886051.4299999997,1287144.965612039,3.0
2026-06-03 15:42:00,AMBER_BUILDING,62.41973740571071,0.8216961161291858,0,-0.323630989314778,0.4318611123288385,626438.2,1294307.253981246,4.0
2026-06-03 15:43:00,AMBER_BUILDING,57.492587362683444,0.7535434895573131,0,0.4896635915934031,0.4388108479141566,1328586.98,1294307.253981246,5.0
2026-06-03 15:44:00,AMBER_BUILDING,55.13154376744558,0.7439609315430965,0,-0.13441917068873105,0.4225226768068765,753578.13,1297402.0330327526,3.0
2026-06-03 15:45:00,AMBER_BUILDING,51.41223654254054,0.6744077538641078,0,0.5888436539861032,0.41513756377375355,1160663.7400000002,1055815.1899005487,6.0
2026-06-03 15:46:00,AMBER_BUILDING,51.745785758277236,0.7667001643271404,0,-1.27556737833366,0.45648823128100124,268459.83,1065888.7142283868,3.0
2026-06-03 15:47:00,AMBER_BUILDING,53.72173068925846,0.826190504145886,0,-0.9576557642579262,0.4407481017375407,330299.93,1065888.7142283868,3.0
2026-06-03 15:48:00,AMBER_BUILDING,59.3701593946408,0.9092833099839389,0,-1.2840260725097778,0.4709519020828737,242717.71000000002,1065888.7142283868,2.0
2026-06-03 15:49:00,AMBER_BUILDING,59.61216214764786,0.7986601836960872,0,0.9091825133438437,0.4419091488051668,1554551.52,1065888.7142283868,2.0
2026-06-03 15:50:00,AMBER_BUILDING,56.635604481956136,0.6727770124355377,0,1.1762389425510005,0.42522923192263035,2026643.94,1085886.5876789603,6.0
2026-06-03 15:51:00,AMBER_BUILDING,50.668639493358484,0.6758523588901266,0,-0.2013236532759549,0.4198238061873024,621980.99,1099153.734112762,4.0
2026-06-03 15:54:00,AMBER_BUILDING,51.9412717288178,0.7521368056404232,0,-1.4300730133584307,0.4803018385944862,219521.8,1099153.734112762,4.0
2026-06-03 15:55:00,AMBER_BUILDING,56.01476983931224,0.8829588597668223,0,-1.8186058230899,0.4922358568361142,155743.05,1099153.734112762,3.0
2026-06-03 15:56:00,AMBER_BUILDING,58.70241535725032,0.7971069471226755,0,0.6850309778982786,0.4287263518300032,1276613.46,1099153.734112762,7.0
2026-06-03 15:57:00,AMBER_BUILDING,58.121059114165746,0.7643410025370302,0,0.15712074031083753,0.4082001088943846,811778.01,1099153.734112762,4.0
2026-06-03 15:58:00,AMBER_BUILDING,53.85890177146973,0.7097663253710791,0,0.416116946155619,0.42972530443885404,1028719.89,1099153.734112762,5.0
2026-06-03 15:59:00,AMBER_BUILDING,62.54331311570642,1.1002972142608634,1,-4.952351946329316,0.5849807675923194,12131.23,1099153.734112762,1.0
2026-06-03 16:00:00,AMBER_BUILDING,73.58828847537255,1.2635712697675097,1,-2.61974138771418,0.5393426489923102,65321.979999999996,1048907.2826415151,2.0
2026-06-03 16:20:00,AMBER_BUILDING,72.73620226216617,0.9103785210243345,0,1.1072529911137532,0.4416136621172945,1927591.8399999999,1182116.3652494822,8.0
2026-06-03 16:21:00,AMBER_BUILDING,65.21525247454223,0.7792134114237816,1,1.2253942872931674,0.4773647851485176,2304722.62,1247103.291893682,8.0
2026-06-03 16:22:00,AMBER_BUILDING,60.74997024573462,0.7760486357780247,1,-0.22907668369752962,0.4488826083397509,698306.17,1313701.8747033388,4.0
2026-06-03 16:23:00,AMBER_BUILDING,58.145453336061706,0.7563969237081635,0,-0.021468739055737568,0.43978696146583623,832742.2000000001,1313701.8747033388,7.0
2026-06-03 16:24:00,AMBER_BUILDING,56.08699612738735,0.6829932133228526,0,0.6780878186222268,0.43210843100641855,1507205.72,1313701.8747033388,8.0
2026-06-03 16:25:00,AMBER_BUILDING,51.57816459285036,0.5545845354341248,0,1.4257627607624095,0.44954992135490923,2949765.07,1344807.2235985294,8.0
2026-06-03 16:28:00,AMBER_BUILDING,52.506280474089216,0.7032129190888118,0,0.1406834985133115,0.47815984729746813,1011419.83,1364459.458721508,5.0
2026-06-03 16:29:00,AMBER_BUILDING,55.41422721597661,0.6811873845116212,0,0.05351187302378005,0.4388739126463808,947231.87,1364459.458721508,6.0
2026-06-03 16:30:00,AMBER_BUILDING,52.26522280541733,0.631876936364585,0,0.42048499888090557,0.4671849922428896,1722771.1900000002,1814408.743285128,5.0
2026-06-03 16:31:00,AMBER_BUILDING,50.17085791807392,0.60716772875548,0,0.15425570948736417,0.4409702540515161,1372147.04,1767156.0482483504,10.0
2026-06-03 16:35:00,AMBER_BUILDING,51.03088616859401,0.7338677460237547,0,-0.49139777036294086,0.4396652371634099,807226.0399999999,1737119.1372309849,5.0
2026-06-03 16:36:00,AMBER_BUILDING,57.77769637738373,0.9078306588479443,0,-2.509627301454574,0.5087989830894943,167800.91,1737119.1372309849,3.0
2026-06-03 16:37:00,AMBER_BUILDING,60.28090704947784,0.8319097489686438,0,0.5199894543592639,0.42768197611902053,1778869.14,1737119.1372309849,10.0
2026-06-03 16:38:00,AMBER_BUILDING,61.360144515111166,0.8085665577820275,0,-0.06443649272514636,0.41814121163326273,1142637.82,1765175.1508860418,8.0
2026-06-03 16:39:00,AMBER_BUILDING,56.8034522157335,0.7695238877979926,0,0.16998149013568856,0.4131654902677903,1363861.87,1765175.1508860418,9.0
2026-06-03 16:40:00,AMBER_BUILDING,63.101935996459815,1.0322975466957225,0,-3.836663032825201,0.5896002663392488,69000.5,1765175.1508860418,2.0
2026-06-03 16:41:00,AMBER_BUILDING,65.2992134980093,0.8778437462220602,0,1.4618397588067293,0.48757232232633774,3556994.3600000003,1765175.1508860418,7.0
2026-06-03 16:42:00,AMBER_BUILDING,69.48617387325488,0.9470535690816317,0,-1.3296154835711391,0.49362847358957335,432994.65,1765175.1508860418,4.0
2026-06-03 16:43:00,AMBER_BUILDING,62.89519711100005,0.8173963582066571,0,1.227690906978272,0.4432851660696903,2996896.54,1737119.1372309849,8.0
2026-06-03 16:44:00,AMBER_BUILDING,61.17842203297469,0.8168226171831725,0,-0.33723783777179406,0.4252903070678025,909818.96,1765175.1508860418,7.0
2026-06-03 16:45:00,AMBER_BUILDING,60.89725488585674,0.9225538327037606,0,-1.7297659550512539,0.45065207296653415,610036.63,2382639.1455134107,5.0
2026-06-03 16:46:00,AMBER_BUILDING,61.3293136134045,0.8331222980506624,0,0.72774626828192,0.4586620702040766,2669612.52,2363597.388622389,8.0
2026-06-03 16:47:00,AMBER_BUILDING,64.47795473322773,0.9409214002521955,0,-1.7346907600566839,0.4578283695282958,592585.21,2382639.1455134107,7.0
2026-06-03 16:48:00,AMBER_BUILDING,61.90045708127088,0.8407324263299083,0,0.8443611703321584,0.4301434730874689,2919483.02,2382639.1455134107,13.0
2026-06-03 16:49:00,AMBER_BUILDING,61.28494691856227,0.8287771034566912,0,-0.18761274375909703,0.41498000374213795,1532213.22,2382639.1455134107,7.0
2026-06-03 16:50:00,AMBER_BUILDING,55.7659480998291,0.6802039594545647,0,1.584752533451039,0.43983024879877414,4647730.18,2382639.1455134107,13.0
2026-06-03 16:51:00,AMBER_BUILDING,53.19007003850089,0.7200253724547935,0,-0.7021852260523326,0.43473045277959527,1096775.13,2395243.2167575466,5.0
2026-06-03 16:52:00,AMBER_BUILDING,50.32297365180005,0.6686566427168309,0,0.42680905470327457,0.42295817257296947,2275061.87,2395243.2167575466,11.0
2026-06-03 17:02:00,AMBER_BUILDING,50.99017444794708,0.8886365759219219,0,-3.6887026930981133,0.4895704514333238,345072.86,2752654.8027605666,5.0
2026-06-03 17:03:00,AMBER_BUILDING,57.86975855738916,0.8348001519034254,0,0.2542241373061775,0.43737389359196727,2448186.79,2752654.8027605666,13.0
2026-06-03 17:04:00,AMBER_BUILDING,62.34125457696273,0.8620938388653533,0,-0.6988084131677874,0.41453213722892945,1521925.3699999999,2752654.8027605666,8.0
2026-06-03 17:05:00,AMBER_BUILDING,59.1138203413382,0.822701365935035,0,0.13820774291808816,0.4172490238514276,2284644.73,2752654.8027605666,8.0
2026-06-03 17:06:00,AMBER_BUILDING,60.67899834157402,0.9050436014068621,0,-1.4091803515218437,0.44220001546586013,1077966.58,2740580.1592950057,11.0
2026-06-03 17:07:00,AMBER_BUILDING,60.23536960978229,0.811484351664181,0,0.7735547302763117,0.4237003825040476,3125922.34,2740580.1592950057,9.0
2026-06-03 17:08:00,AMBER_BUILDING,58.76511943714497,0.7799768435005752,0,0.06261775483276442,0.412545719697351,2231035.27,2752654.8027605666,13.0
2026-06-03 17:09:00,AMBER_BUILDING,54.128911140714735,0.7141891915599592,0,0.530371489875709,0.4179812584924314,2812649.84,2752654.8027605666,9.0
2026-06-03 17:10:00,AMBER_BUILDING,51.75862419512621,0.732946920955877,0,-0.4787074942393806,0.42110150843865735,1706151.12,2752654.8027605666,13.0
2026-06-03 17:12:00,AMBER_BUILDING,50.26768633385941,0.720223420473522,0,-1.9355203657294069,0.4704270541621028,809163.99,2752654.8027605666,8.0
2026-06-03 17:13:00,AMBER_BUILDING,54.51782170967337,0.8631663814812828,0,-2.0127238302628183,0.461909832856818,774810.81,2752654.8027605666,7.0
2026-06-03 17:14:00,AMBER_BUILDING,57.56221975156697,0.7689567568612956,0,0.7895031750768902,0.46406813368378513,3214534.94,2752654.8027605666,18.0
2026-06-03 17:15:00,AMBER_BUILDING,56.84026741870704,0.7180599201002558,0,0.349928529936865,0.45282347386127836,2533551.9,2803116.362901691,7.0
2026-06-03 17:16:00,AMBER_BUILDING,53.0981296578567,0.7204502803475211,0,-0.25843544387088785,0.42157196645633654,1602798.7999999998,2803116.362901691,10.0
2026-06-03 17:17:00,AMBER_BUILDING,51.96836481012556,0.7089970833617819,0,-0.08975673268455915,0.4260411750302119,1809631.89,2803116.362901691,8.0
2026-06-03 17:18:00,AMBER_BUILDING,52.5679516576237,0.7501647265850412,0,-0.7245284395253592,0.4381514175606729,1127386.29,2803116.362901691,8.0
2026-06-03 17:19:00,AMBER_BUILDING,51.67741332271047,0.686974194779149,0,0.535399228370214,0.42959827962537733,2886777.4400000004,2803116.362901691,10.0
2026-06-03 17:20:00,AMBER_BUILDING,50.3866810646087,0.6499331212004851,0,0.27637992700008673,0.4197784789638181,2400036.47,2838133.558566198,14.0
2026-06-03 17:37:00,AMBER_BUILDING,51.05785928130836,0.8369157699617868,0,-2.2959083651076133,0.5049647124554157,280581.48,2251350.5536528393,3.0
2026-06-03 17:38:00,AMBER_BUILDING,55.77972806219652,0.781446252489957,0,0.34270653503829984,0.4477569420998899,2010341.9700000002,2251350.5536528393,15.0
2026-06-03 17:39:00,AMBER_BUILDING,56.463490640091685,0.7547738369097231,0,0.037520093324773296,0.41590350486050415,1633162.17,2251350.5536528393,9.0
2026-06-03 17:40:00,AMBER_BUILDING,54.311168113169494,0.8085397591308617,0,-0.9164551009840337,0.43111942720772134,810745.31,2251350.5536528393,7.0
2026-06-03 17:41:00,AMBER_BUILDING,55.27290867246643,0.79048827942734,0,-0.0953242101339036,0.43241155526754826,1465216.01,2251350.5536528393,6.0
2026-06-03 17:42:00,AMBER_BUILDING,58.653510861628114,0.8767686328672528,0,-1.3201955895553321,0.4579983807896094,591370.78,2251350.5536528393,5.0
2026-06-03 17:43:00,AMBER_BUILDING,59.781681967761706,0.8635262325695495,0,-0.1944479335014625,0.43396274299439896,1335634.33,2251350.5536528393,6.0
2026-06-03 17:44:00,AMBER_BUILDING,63.026396261397274,0.9444319607891061,0,-1.297837655082719,0.4586796972202815,550170.7,2251350.5536528393,6.0
2026-06-03 17:45:00,AMBER_BUILDING,63.60986034130057,0.9084025966529697,0,0.032915347738677984,0.4503322643735516,1095694.01,1596618.5185804022,5.0
2026-06-03 17:46:00,AMBER_BUILDING,63.3138700138015,0.869248961804738,0,0.10484442726336818,0.4173423880506712,1163892.74,1596618.5185804022,7.0
2026-06-03 17:47:00,AMBER_BUILDING,60.041168007022826,0.8020710086673581,0,0.48382351644647814,0.4283432122184293,1562725.99,1596618.5185804022,6.0
2026-06-03 17:48:00,AMBER_BUILDING,57.48632484740858,0.8206120773006409,0,-0.49551569944744095,0.43346898401654493,735280.01,1596618.5185804022,5.0
2026-06-03 17:49:00,AMBER_BUILDING,58.47287274946344,0.873740072560903,0,-0.9318118955690158,0.4695394845966259,524557.9,1596618.5185804022,3.0
2026-06-03 17:50:00,AMBER_BUILDING,60.71149917860799,0.8884546091210705,0,-0.5068254522641487,0.490406226150995,722252.82,1596618.5185804022,2.0
2026-06-03 17:51:00,AMBER_BUILDING,61.96808007931424,0.8831998583171222,0,-0.2713036952291544,0.4278673466137552,855597.0800000001,1596618.5185804022,6.0
2026-06-03 17:52:00,AMBER_BUILDING,64.44122231351776,0.984041740127278,0,-1.5376482986174083,0.4665033549380921,309539.52,1579939.7677765773,4.0
2026-06-03 17:53:00,AMBER_BUILDING,64.62481646239915,0.9413569604777888,0,0.12147569411371462,0.4286825052045416,1115955.6700000002,1579939.7677765773,6.0
2026-06-03 17:54:00,AMBER_BUILDING,72.44624330166779,1.1427320960265868,0,-2.7703682944261585,0.5447599978224199,114762.56,1571069.3306173054,2.0
2026-06-03 17:55:00,AMBER_BUILDING,76.92147018009778,1.2175483069918045,0,-1.4652655762758204,0.5054266139008234,317965.7,1571069.3306173054,2.0
2026-06-04 06:00:00,AMBER_BUILDING,54.71551375588094,0.0,0,0.5533654956949614,0.5690445177627514,0.0,0.0,0.0
2026-06-04 06:16:00,AMBER_BUILDING,57.66713676546883,4.6588974626890485,1,0.9866063263731226,0.5287188329521352,528493.95,203679.11912817624,2.0
2026-06-04 06:30:00,AMBER_BUILDING,77.1599255318328,0.9327458044639491,0,-0.6632293672571516,0.5110945789093325,117209.61,510631.8301889563,1.0
2026-06-04 06:31:00,AMBER_BUILDING,70.14045108090436,0.8538532447903757,0,0.36552516136997953,0.4631679540628361,466034.08999999997,510631.8301889563,2.0
2026-06-04 06:32:00,AMBER_BUILDING,66.60663963833775,0.8954579223525483,0,2.4124015270502146,0.5515851652128745,6986130.490000001,510631.8301889563,4.0
2026-06-04 06:33:00,AMBER_BUILDING,64.20036692940307,0.825600878809439,0,0.4801176326957847,0.4507635444816187,551169.8,519959.3596901277,4.0
2026-06-04 06:34:00,AMBER_BUILDING,62.69364567117992,0.7774672007803731,0,0.7553163365682558,0.47646202204064625,799940.41,519959.3596901277,4.0
2026-06-04 06:35:00,AMBER_BUILDING,58.55205761878003,0.721926796414845,0,0.5519406923455376,0.4564921310865525,624426.73,530898.2146640647,3.0
2026-06-04 06:36:00,AMBER_BUILDING,56.57066032286334,0.7197973117986438,0,1.4176194944401015,0.4976549796297354,1981173.15,545229.9639023736,2.0
2026-06-04 06:37:00,AMBER_BUILDING,53.77664073012901,0.6405010902901451,0,0.029386520614236383,0.4753915020417034,338498.84,565558.9643295339,3.0
2026-06-04 06:38:00,AMBER_BUILDING,50.28207186962987,0.5146554564422904,0,-0.9258878262053134,0.5142922501636086,92707.79,545229.9639023736,2.0
2026-06-04 07:05:00,AMBER_BUILDING,56.23016272376959,0.8126430117311105,0,1.0701447260899628,0.47650826022668835,1640535.5299999998,862958.2249089915,8.0
2026-06-04 07:06:00,AMBER_BUILDING,63.87514104883866,0.7770519304368466,0,-0.14241226459086553,0.4194367716153083,515720.77,879526.0729473801,5.0
2026-06-04 07:07:00,AMBER_BUILDING,55.97011531626222,0.6650521287976197,0,1.334671073764404,0.3999235068546351,2153658.9,879526.0729473801,8.0
2026-06-04 15:15:00,AMBER_BUILDING,50.82498669908809,0.6598538026645391,0,0.282869128976489,0.4288913349424537,1142325.81,1311839.670060648,6.0
2026-06-04 15:16:00,AMBER_BUILDING,54.60280074171245,0.7978741948029344,1,-2.9817003619947626,0.5410602086287266,82095.39,1307305.5596288852,2.0
2026-06-04 15:17:00,AMBER_BUILDING,54.99178299977473,0.7230867515232224,0,0.6373495542163504,0.468263441586285,1521946.05,1307305.5596288852,4.0
2026-06-04 15:18:00,AMBER_BUILDING,54.5130659849267,0.6593259233361692,0,0.5569978235557327,0.4159427342601317,1429172.6500000001,1311839.670060648,8.0
2026-06-04 15:19:00,AMBER_BUILDING,50.39995460152087,0.6848147906373342,0,-0.9791743852507356,0.4841142351822582,424500.74,1321699.8866745506,2.0
2026-06-04 15:59:00,AMBER_BUILDING,50.876026712070065,0.7507215503936521,2,-3.9838059337592173,0.5521663947663076,35098.77,1055815.1899005487,1.0
2026-06-04 16:00:00,AMBER_BUILDING,59.7689895957507,0.7943149242114625,1,-1.4841874330441513,0.4860574106467478,212240.78999999998,1030564.5590036949,4.0
2026-06-04 16:01:00,AMBER_BUILDING,58.54484177758773,0.7594043991377678,0,-0.12836124526257373,0.42526414895076203,668611.65,1030564.5590036949,3.0
2026-06-04 16:02:00,AMBER_BUILDING,54.8286456850052,0.697468214047902,0,0.4055587275361436,0.43807050971789263,1053465.03,1030564.5590036949,4.0
2026-06-04 16:03:00,AMBER_BUILDING,51.08404643125732,0.641275868723404,0,0.3889709062128724,0.41279506040629516,1047044.52,1040822.5593119729,7.0
2026-06-05 06:16:00,AMBER_BUILDING,57.15269028045981,2.4638558850095746,0,-0.19978234291099797,0.5216374077010045,86482.29,192600.29831182744,1.0
2026-06-05 06:22:00,RED_EARLY_WARNING,78.77408329946117,0.9119781728288551,1,-7.389792048539117,0.629842859140844,0.0,179746.22971277902,0.0
2026-06-05 06:23:00,AMBER_BUILDING,73.42104414536345,0.9055700813224511,0,1.8956499019992932,0.5277860557749936,2105793.25,177401.90327896277,3.0
2026-06-05 06:24:00,AMBER_BUILDING,66.7078523567947,0.8382564509989667,0,0.4568680170914398,0.4737031471335444,221443.69999999998,177401.90327896277,2.0
2026-06-05 06:25:00,AMBER_BUILDING,62.87635529136478,0.42089232779754654,1,-7.488989674032579,0.6294009000830613,0.0,177401.90327896277,0.0
2026-06-05 06:26:00,AMBER_BUILDING,55.29980839812658,0.43424020097841254,0,1.403384864282688,0.5110608666392238,985338.73,177401.90327896277,3.0
2026-06-05 07:48:00,AMBER_BUILDING,51.720030993071475,0.6350678318095253,1,-1.0959797926683323,0.4254101220961434,830816.77,1899842.351495853,7.0
2026-06-05 07:49:00,AMBER_BUILDING,50.20380336065832,0.6024132607495132,1,-0.18933688962206632,0.45017402823134106,1445364.9100000001,1899842.351495853,6.0
2026-06-05 13:08:00,AMBER_BUILDING,52.021250498236775,0.7152500365848581,0,-0.2241654702810403,0.43096813094429975,1632827.3900000001,2294513.077468334,6.0
2026-06-05 13:09:00,AMBER_BUILDING,52.09429533227287,0.647194494890594,0,0.5444146121534182,0.4070859297030189,2532710.33,2280368.4924797425,11.0
2026-06-05 14:14:00,AMBER_BUILDING,51.31566257543275,0.8623835651547563,1,-4.528721881948305,0.5326306605222907,134588.7,2210240.2164892424,2.0
2026-06-05 14:15:00,AMBER_BUILDING,56.67532643199623,0.826496659130153,0,-0.27563900241080824,0.43639536961241576,1394312.87,2051977.131438447,9.0
2026-06-05 14:16:00,AMBER_BUILDING,63.9267326868414,0.9027347791935079,0,-1.930003755407974,0.4535818710224374,426961.19,2037893.4840256139,6.0
2026-06-05 14:17:00,AMBER_BUILDING,60.09955872733261,0.7968094510850379,0,0.8004138295560064,0.41048736837021227,2951097.64,2037893.4840256139,11.0
2026-06-05 14:18:00,AMBER_BUILDING,57.5212255605127,0.7326603768359731,0,0.2862599687031717,0.3965069644987885,2064780.79,2051977.131438447,10.0
2026-06-05 14:19:00,AMBER_BUILDING,53.07411715091829,0.7214695122778391,0,-0.47065533036794194,0.41386564724402153,1219010.03,2051977.131438447,8.0
2026-06-05 14:20:00,AMBER_BUILDING,53.31893697355637,0.7756175500633127,0,-1.476760611681257,0.43045273121783845,601574.67,2037893.4840256139,8.0
2026-06-05 14:21:00,AMBER_BUILDING,54.51181016045684,0.7778345342808016,0,-0.6975668957417744,0.41968371015823963,1002321.74,2026874.9905589449,7.0
2026-06-05 14:22:00,AMBER_BUILDING,53.454364016948155,0.6973714945127014,0,0.5887784661790825,0.4176301956029471,2463030.3600000003,2018703.5187644928,6.0
2026-06-05 16:06:00,AMBER_BUILDING,52.15992142940504,0.6758030149830975,0,-0.9934035893731763,0.43828769305560045,366630.72,1030564.5590036949,6.0
2026-06-05 16:32:00,AMBER_BUILDING,50.04504477375022,0.5794747845101498,0,0.5665199301617959,0.4203587100678822,2202352.08,1860358.065502022,12.0
2026-06-05 17:22:00,AMBER_BUILDING,50.803466001939704,0.7099273938420014,0,-0.613515464004286,0.4468528793715473,1374924.8800000001,2611139.011729212,15.0
2026-06-05 17:51:00,AMBER_BUILDING,56.76786678464844,0.7159088870712028,0,-0.09790256846133077,0.4070309208193972,1176146.49,1625726.7425819484,7.0
2026-06-05 17:52:00,AMBER_BUILDING,53.499490774525334,0.7031800330231982,0,-0.30060066398816254,0.4158176238040812,1013075.6400000001,1625726.7425819484,9.0
2026-06-05 17:53:00,AMBER_BUILDING,51.853829620864836,0.6708152598398369,0,0.007440234852501434,0.4106860397529895,1251976.02,1607546.441221458,11.0
2026-06-05 17:54:00,AMBER_BUILDING,52.27859887171147,0.732199620181797,0,-1.3509961517118667,0.44568554834081614,484318.14,1596618.5185804022,6.0
2026-06-05 17:55:00,AMBER_BUILDING,52.67787307862344,0.7294872918591967,0,-0.46519147336741473,0.42951217256982593,887102.8600000001,1586160.4653454423,7.0
2026-06-05 17:56:00,AMBER_BUILDING,53.628359910474785,0.7208835430182675,0,-0.3567622887328943,0.4065553321779223,947073.18,1578220.9499291454,7.0
2026-06-05 17:57:00,AMBER_BUILDING,53.228961103767546,0.7338581042045873,0,-0.6777948992151364,0.41255334511177044,751574.5900000001,1578220.9499291454,6.0
2026-06-05 17:58:00,AMBER_BUILDING,51.89384060990822,0.6820020640274053,0,0.267368666353401,0.41100415981868,1461894.41,1571069.3306173054,9.0
2026-06-05 17:59:00,AMBER_BUILDING,50.01467901378379,0.6486255907734175,0,0.05632444716297055,0.4020159541760828,1258236.1400000001,1571069.3306173054,9.0
2026-06-08 06:21:00,AMBER_BUILDING,55.905310432206655,1.7223871385225846,0,1.46901920184432,0.47595854087207473,1228311.22,169613.39816607555,2.0
2026-06-08 06:28:00,AMBER_BUILDING,77.23225628161636,0.9916061913720278,0,0.15807068573946914,0.49221677656196394,146599.22,179746.22971277902,1.0
2026-06-08 06:29:00,AMBER_BUILDING,72.76428753824852,0.9322888259055454,0,0.6818687548416495,0.47512386046881266,367463.77,179746.22971277902,1.0
2026-06-08 06:30:00,AMBER_BUILDING,67.63020302682294,0.8345364105278087,0,-0.22353974981840352,0.4657797717873521,345746.42,583657.9718845156,5.0
2026-06-08 06:31:00,AMBER_BUILDING,62.39282003615515,0.7354691731128515,0,-0.40173623826196736,0.48694791818819033,278800.82999999996,583657.9718845156,2.0
2026-06-08 06:32:00,AMBER_BUILDING,56.7585788766124,0.6577287916799204,0,-0.12901430934678879,0.4641072811975891,378067.70000000007,574774.7199703741,3.0
2026-06-08 06:33:00,AMBER_BUILDING,51.37748999927528,0.5677362810271458,0,-0.49723689203864263,0.48009374006037575,243307.56999999998,560151.0853269902,5.0
2026-06-09 06:16:00,AMBER_BUILDING,58.34582025767719,2.9461255130798545,0,-1.1332892833376857,0.5471517832041,32037.12,179746.22971277902,1.0
2026-06-09 06:22:00,AMBER_BUILDING,77.31422922551722,0.9304385681869825,0,-0.526880819061211,0.555083238527999,72795.71,172611.88289026383,1.0
2026-06-09 06:23:00,AMBER_BUILDING,69.34237076148874,0.8394351878332098,0,-0.34114386804612956,0.5294083920901937,100392.51,172611.88289026383,1.0
2026-06-09 06:24:00,AMBER_BUILDING,62.849457750753295,0.4283216351855021,1,-7.754790370596098,0.6380512471477278,0.0,172611.88289026383,0.0
2026-06-09 06:25:00,AMBER_BUILDING,54.97689061780767,0.4004799253315404,0,0.18217661024641335,0.5191515984248627,231840.13,172611.88289026383,2.0
2026-06-09 06:26:00,AMBER_BUILDING,54.892120125237085,0.02708213744295425,2,-7.754790370596098,0.6390025628581538,0.0,172611.88289026383,0.0
2026-06-09 06:32:00,AMBER_BUILDING,50.10748425068781,0.5333231139388129,0,-1.1285518599373745,0.5533106739914776,147306.24,514179.13192104135,2.0
2026-06-09 06:33:00,AMBER_BUILDING,50.16901108067099,0.4649574060292993,0,0.5978084303975157,0.49377171324379576,1010901.1900000001,514179.13192104135,4.0
2026-06-09 06:36:00,AMBER_BUILDING,53.94556767103975,0.9309900355606677,1,-12.137329026537689,0.6533651159314173,0.0,560151.0853269902,0.0
2026-06-09 06:37:00,AMBER_BUILDING,60.959824125482385,0.8618604503216627,0,-0.29317744089041153,0.5100141837791481,405838.41000000003,560151.0853269902,2.0
2026-06-09 06:38:00,AMBER_BUILDING,67.6354147861879,0.8774242082731057,0,-2.1271672101565953,0.5265412930421262,55909.37,536681.9183203877,1.0
2026-06-09 06:39:00,AMBER_BUILDING,64.10666442412695,0.8296127275980548,0,-0.5690952822944783,0.4787113591072813,293045.43,536681.9183203877,3.0
2026-06-09 06:40:00,AMBER_BUILDING,62.10296090641648,0.7705946127563492,0,-0.19128970606080042,0.47149502666695065,422217.89999999997,514179.13192104135,5.0
2026-06-09 06:41:00,AMBER_BUILDING,58.968885110291325,0.7368463612694456,0,-0.7269039970677572,0.4622144135825468,245618.19999999998,514179.13192104135,2.0
2026-06-09 06:42:00,AMBER_BUILDING,56.33584750146529,0.7015083320249949,1,-0.6177343369374996,0.4724496978086044,275330.23,514179.13192104135,3.0
2026-06-09 06:43:00,AMBER_BUILDING,53.42594551274053,0.6360600357071797,0,0.2425178500364333,0.43154322930900557,642443.41,504955.2934879193,5.0
2026-06-09 06:44:00,AMBER_BUILDING,51.07603403000487,0.6222197465130441,0,-0.9659810426886696,0.4582382362751756,197037.97,514179.13192104135,2.0
2026-06-09 10:13:00,AMBER_BUILDING,52.607783145605346,0.644603092035897,0,-0.12621613847777,0.4214740170010527,1988442.26,2617374.935647631,11.0
2026-06-09 10:40:00,AMBER_BUILDING,52.04979502113432,0.6475141602295982,0,0.0012950267530460993,0.4173986318367982,1971615.44,2437067.8676237203,8.0
2026-06-09 10:46:00,AMBER_BUILDING,50.8842653634515,0.7324204160855599,0,-1.542594798718848,0.4449455267490821,572873.02,2127871.2059148676,5.0
2026-06-09 10:48:00,AMBER_BUILDING,54.05819369146631,0.8004949581914014,0,-2.2133705560040737,0.5166722785081889,369431.25,2127871.2059148676,1.0
2026-06-09 10:49:00,AMBER_BUILDING,54.599720345294166,0.8021266011390453,0,-0.6455679492790704,0.42145359759630463,1084144.3599999999,2109413.4219089574,10.0
2026-06-09 10:50:00,AMBER_BUILDING,56.97864306192764,0.7850444312608209,0,-0.3736093914756891,0.4053305664334673,1298201.69,2109413.4219089574,11.0
2026-06-09 10:51:00,AMBER_BUILDING,56.85025441694477,0.8384686961935858,0,-1.3929323744040525,0.4824514020660469,630719.4400000001,2084490.8090674032,2.0
2026-06-09 10:52:00,AMBER_BUILDING,56.18916430113106,0.737724224728991,0,0.8135707184041743,0.4488279322493244,2940479.6500000004,2084490.8090674032,14.0
2026-06-09 10:53:00,AMBER_BUILDING,53.477883156017896,0.6115422707257672,0,1.311090307644745,0.4411554074905377,4210472.67,2109413.4219089574,16.0
2026-06-09 12:10:00,AMBER_BUILDING,50.536349794859994,0.8689825012872283,1,-5.026137390288653,0.5955308810110272,38984.77,1860997.6904847946,1.0
2026-06-09 12:11:00,AMBER_BUILDING,55.962340240907416,0.8103749770287685,0,0.17528961796291684,0.46527209429530736,1605401.96,1860997.6904847946,12.0
2026-06-09 12:12:00,AMBER_BUILDING,58.958875830225615,0.6600188992344953,0,1.6293337608870235,0.4890250904444074,4597188.2700000005,1860997.6904847946,8.0
2026-06-09 12:13:00,AMBER_BUILDING,53.323917809301314,0.7064260055853453,0,-1.0821048578723629,0.4581937679822631,669987.57,1915347.5692721407,9.0
2026-06-09 12:18:00,AMBER_BUILDING,52.65714266222656,0.8309007640840791,0,-2.381586121127254,0.48555573324903684,255648.28,1866747.3474725513,3.0
2026-06-09 12:19:00,AMBER_BUILDING,56.075934769102446,0.6943786857373343,0,1.3953759741662541,0.4519817536540505,3808247.4699999997,1822736.4759096627,9.0
2026-06-09 12:20:00,AMBER_BUILDING,57.155148236953835,0.7737690446023696,0,-1.5851326952966498,0.4657921947738764,443737.29,1866747.3474725513,6.0
2026-06-09 12:21:00,AMBER_BUILDING,55.30172579746604,0.7973351957636138,0,-0.8670133742142926,0.449181300736375,748960.84,1866747.3474725513,4.0
2026-06-09 12:22:00,AMBER_BUILDING,55.76367759367702,0.7288277802339197,0,0.4523578516000775,0.4156419429451495,1961429.5999999999,1866747.3474725513,10.0
2026-06-09 12:23:00,AMBER_BUILDING,51.804824711809566,0.5663038564964418,0,1.899499230566782,0.45804421039899024,5877655.21,1912694.3804960279,11.0
2026-06-09 13:03:00,AMBER_BUILDING,56.74758152839175,0.9828421655164622,1,-4.867264357577619,0.5553290300042548,84069.41,2280368.4924797425,2.0
2026-06-09 13:04:00,AMBER_BUILDING,64.46330352042905,0.9613904358589366,0,-0.48814644021455134,0.4392478508387811,1290235.18,2280368.4924797425,9.0
2026-06-09 13:05:00,AMBER_BUILDING,68.04662454390676,0.8742988896234152,0,0.5752241618490951,0.4386079408435617,2514362.29,2280368.4924797425,6.0
2026-06-09 13:06:00,AMBER_BUILDING,62.22551736254613,0.8249062938178368,0,0.11809072596848001,0.40078462789748687,1881048.55,2294119.413105832,10.0
2026-06-09 13:07:00,AMBER_BUILDING,59.46004953692087,0.8274355872275346,0,-0.6023161944954185,0.4294550716749513,1203712.57,2294119.413105832,5.0
2026-06-09 13:08:00,AMBER_BUILDING,57.996690678739554,0.8135874149626113,0,-0.3590461309965592,0.42737549795624374,1393304.26,2280368.4924797425,5.0
2026-06-09 13:09:00,AMBER_BUILDING,59.71512742531926,0.8735349571851492,0,-1.459581390353925,0.44242454754044186,682011.6,2280368.4924797425,5.0
2026-06-09 13:10:00,AMBER_BUILDING,58.152621240279,0.7566236670441063,0,1.1439827777029699,0.43307236459887105,3635829.54,2280368.4924797425,10.0
2026-06-09 13:11:00,AMBER_BUILDING,55.59313169908024,0.6724956835940025,0,0.7912056289789362,0.4620409649237663,2915911.5500000003,2294119.413105832,6.0
2026-06-09 13:12:00,AMBER_BUILDING,50.115193654452696,0.6638312110890927,0,-0.24414188153973923,0.40658857955005245,1473813.3399999999,2307491.4610331287,9.0
2026-06-09 13:13:00,AMBER_BUILDING,54.338773768874,0.8625165107124309,0,-3.357294259638509,0.5174513881703228,187596.44,2294119.413105832,3.0
2026-06-09 13:14:00,AMBER_BUILDING,55.59313516652421,0.7231620889159703,0,1.4631353882875344,0.4766942614380675,4635085.41,2294119.413105832,8.0
2026-06-09 13:15:00,AMBER_BUILDING,55.946022633228274,0.655399641651178,0,0.5725780014319662,0.4196605357430463,2525020.45,2242360.1381945387,12.0
2026-06-09 13:23:00,AMBER_BUILDING,52.195333950723004,0.8310351748393974,0,-3.0908381512166114,0.5498538691489091,138553.85,2242360.1381945387,1.0
2026-06-09 13:24:00,AMBER_BUILDING,59.85103570120423,0.9302619449569578,0,-2.0385169732908994,0.477159838555536,310760.41,2193086.4958987734,4.0
2026-06-09 13:25:00,AMBER_BUILDING,63.76508185187709,0.8223028254283157,0,0.9285058419090246,0.4411108850480843,3229363.71,2193086.4958987734,9.0
2026-06-09 13:26:00,AMBER_BUILDING,59.83465315046058,0.7723782297047425,0,0.2058449472808855,0.4334693161765981,1870559.67,2242360.1381945387,15.0
2026-06-09 13:27:00,AMBER_BUILDING,53.94439211078558,0.7165060509286908,0,0.3594701191482711,0.41303767011146475,2063903.08,2193086.4958987734,6.0
2026-06-09 13:28:00,AMBER_BUILDING,52.8383711470037,0.7639275803130353,0,-1.0822579906731389,0.4246340341190938,706250.31,2193086.4958987734,8.0
2026-06-09 13:29:00,AMBER_BUILDING,55.24910938514151,0.83738114145162,0,-1.5308187199731222,0.4795546698878073,470092.24000000005,2171224.41721731,3.0
2026-06-09 13:30:00,AMBER_BUILDING,56.03727414032823,0.7129630126189672,0,1.2973322729584629,0.48332021251968543,4163636.13,2075732.5745423518,8.0
2026-06-09 13:31:00,AMBER_BUILDING,53.48008322209092,0.6628017850528608,0,0.35659992650889566,0.4179580650819855,1917074.04,2090311.715516305,12.0
2026-06-09 14:20:00,AMBER_BUILDING,51.92106091647046,0.7306620284760504,0,-0.9875185703143091,0.4431368071710085,641327.47,2012555.7204658089,5.0
2026-06-09 14:21:00,AMBER_BUILDING,51.30437703164463,0.6854040676417984,0,0.27687051562030934,0.4155817455962455,1698320.79,1994386.0070247222,9.0
2026-06-09 14:22:00,AMBER_BUILDING,51.185054917246184,0.6822283958895874,0,-0.3129284615858451,0.42156847104143375,1072204.43,1973918.1499854515,8.0
2026-06-09 15:56:00,AMBER_BUILDING,51.734291268795964,1.427559810073691,1,-17.50117578743677,0.6937635063786919,0.0,1040827.9687571202,0.0
2026-06-09 15:57:00,AMBER_BUILDING,68.96684656856979,1.2787572107199157,0,0.30532662597191285,0.5222178772585602,880902.34,1040827.9687571202,6.0
2026-06-09 16:02:00,AMBER_BUILDING,71.78538106871652,0.9349653513911295,0,1.461682585184712,0.4723197641859286,2393508.83,1013644.7358839978,9.0
2026-06-09 16:03:00,AMBER_BUILDING,67.03055276731624,0.8261897719105841,0,1.0591958217901527,0.42912481412200665,1688311.23,1023513.6929852121,7.0
2026-06-09 16:04:00,AMBER_BUILDING,59.89184764345739,0.7539908059273309,0,0.5994219173283813,0.44891728711477424,1124118.04,1030564.5590036949,5.0
2026-06-10 06:16:00,AMBER_BUILDING,58.091243284686335,1.4903853506585023,1,-7.263737897994545,0.6257248427363137,0.0,183086.77713379316,0.0
2026-06-10 06:20:00,AMBER_BUILDING,72.72785130453649,0.618184009198732,1,-7.359442544800758,0.6267976315810763,0.0,183086.77713379316,0.0
2026-06-10 06:21:00,AMBER_BUILDING,60.207151796858426,0.5785937854053855,0,0.6239739278930513,0.5183102490363256,267645.4,168907.57338469237,2.0
2026-06-10 06:22:00,AMBER_BUILDING,50.525685055874284,0.5482311415939315,0,0.6865773027086166,0.49324503308285406,306435.59,168907.57338469237,1.0
2026-06-10 10:15:00,AMBER_BUILDING,55.19636279330475,0.8167713570628523,0,-0.881753324379214,0.4303711073547301,1089821.6500000001,2661379.28361344,9.0
2026-06-10 10:16:00,AMBER_BUILDING,58.22971501016753,0.7685124153592995,0,0.16318908589606357,0.4194464253801728,2217916.07,2661379.28361344,11.0
2026-06-10 10:17:00,AMBER_BUILDING,55.59328419130963,0.7324627764742989,0,0.06879900239767163,0.42857715840755334,2091928.56,2640869.975851144,14.0
2026-06-10 10:18:00,AMBER_BUILDING,53.64879120768273,0.7237076067048528,0,-0.3118951705715166,0.4173835153063418,1614516.7100000002,2629537.4011667413,9.0
2026-06-10 10:19:00,AMBER_BUILDING,50.601642982963,0.6364761925343319,0,0.8764769180266053,0.42698364830038676,3579853.27,2629537.4011667413,13.0
2026-06-10 13:38:00,AMBER_BUILDING,50.565570284208285,0.6555735585048736,0,-0.6610147094173098,0.4184011726492448,858541.7200000001,2032466.6864490851,7.0
2026-06-10 13:42:00,AMBER_BUILDING,51.35207893668447,0.6780940603812042,0,-0.03664797754828286,0.41489427657673084,1377495.79,1954018.3491484676,8.0
2026-06-10 13:43:00,AMBER_BUILDING,50.98859180234633,0.7079894569555245,0,-0.7987378144705106,0.41842477607249917,739246.9099999999,1954018.3491484676,6.0
2026-06-10 13:48:00,AMBER_BUILDING,51.52397056492126,0.7976225881591886,0,-2.2823750189339327,0.4617456321762665,367145.17,1961336.5081440485,5.0
2026-06-10 13:49:00,AMBER_BUILDING,55.44619320643084,0.8135627623667844,0,-0.7473155689440648,0.44841457683554586,963329.8400000001,1956655.1307000574,4.0
2026-06-10 13:50:00,AMBER_BUILDING,57.39653517329105,0.7891561224901622,0,-0.19754209393672442,0.4172121802423657,1344083.32,1934420.9156993628,9.0
2026-06-10 13:51:00,AMBER_BUILDING,53.7970384404666,0.7044275756426613,0,0.6771305393490341,0.4117351926848371,2310009.1799999997,1906635.0571218624,8.0
2026-06-10 13:52:00,AMBER_BUILDING,51.171006071742624,0.6636506398455155,0,0.14871919965645777,0.4271420142584841,1662175.68,1906635.0571218624,9.0
2026-06-10 13:53:00,AMBER_BUILDING,51.435801457621295,0.7517377194878475,0,-1.665462747016784,0.4488916798324945,551629.1,1906635.0571218624,8.0
2026-06-10 13:54:00,AMBER_BUILDING,52.216928475713765,0.7107213816530674,0,0.10053408343810627,0.43282730879825665,1597631.85,1890974.4584758754,12.0
2026-06-10 13:55:00,AMBER_BUILDING,52.7948132114762,0.7253994568068463,0,-0.6804650775392156,0.3980081414032005,1008038.23,1879339.7270150431,7.0
2026-06-10 14:06:00,AMBER_BUILDING,51.2962919741104,0.6554407530616482,0,-0.35775146949439607,0.4109591366904822,1229931.81,2128209.417113135,6.0
2026-06-10 14:24:00,AMBER_BUILDING,51.86574147225528,0.7110059169775648,0,-0.16059831923138845,0.4325720749607989,1156325.51,1757674.9836352319,6.0
2026-06-10 14:25:00,AMBER_BUILDING,54.127057149610586,0.6983843996478466,0,-0.2817062657653531,0.42729915071054897,1027512.6700000002,1718526.4975319314,5.0
2026-06-10 14:29:00,AMBER_BUILDING,51.07413156236432,0.7473810025622432,0,-1.3173432625726709,0.43213655390738004,446808.45,1697800.2352220442,5.0
2026-06-10 15:52:00,AMBER_BUILDING,52.905324714122344,0.7117307006808252,0,-0.4854303912805576,0.4273859707871839,455173.05000000005,967270.0344328409,3.0
2026-06-10 15:53:00,AMBER_BUILDING,53.09319682288253,0.7701636229233736,0,-1.2831095176832528,0.4481465740485275,245100.67,952610.6691307874,3.0
2026-06-10 15:54:00,AMBER_BUILDING,53.9856834181056,0.7539640626605661,0,-0.17318613624174023,0.43087812998468034,556753.44,952610.6691307874,5.0
2026-06-10 15:55:00,AMBER_BUILDING,53.01648419384352,0.6600814400909994,0,1.0985081630939464,0.4229260231166449,1420355.9800000002,952610.6691307874,4.0
2026-06-10 15:56:00,AMBER_BUILDING,52.05203428362279,0.7188660374324242,0,-1.2240439164829564,0.4695930277313999,256770.22,967270.0344328409,2.0
2026-06-10 15:57:00,AMBER_BUILDING,50.15007636834963,0.660208963775727,0,0.5682692511173278,0.4329743102663829,965270.73,952610.6691307874,4.0
2026-06-10 15:58:00,AMBER_BUILDING,53.59815209328127,0.7750152445227382,0,-2.1122835298441918,0.5101959528865482,125725.0,952610.6691307874,1.0
2026-06-10 16:00:00,AMBER_BUILDING,53.928042876479054,0.5714336665731984,0,-0.936553614241338,0.4810187268487459,298381.62,1030564.5590036949,3.0
2026-06-10 16:03:00,AMBER_BUILDING,54.738012988696845,1.4680538870288964,1,-16.022354688209262,0.699641685703179,0.0,1023513.6929852121,0.0
2026-06-10 16:04:00,AMBER_BUILDING,70.45642525148521,1.4072708458637029,0,-1.027883098465886,0.5467243566672425,268899.45,1023513.6929852121,2.0
2026-06-10 16:11:00,AMBER_BUILDING,60.545824835872985,0.6810508213892538,0,2.771585174637719,0.517504472334237,5485336.55,874660.0325260657,6.0
2026-06-10 16:12:00,AMBER_BUILDING,54.97679770792896,0.6133632108566784,0,0.7694812474133913,0.47328692254748633,1118535.38,932179.097960524,6.0
2026-06-10 16:16:00,AMBER_BUILDING,50.282388754924746,0.6458248384156648,0,0.8451361028693152,0.5140445021567193,1553562.45,1280729.2382940382,2.0
2026-06-10 16:17:00,AMBER_BUILDING,53.482889311249146,0.7513594372569592,0,-1.964380693116069,0.5048369644095255,231682.84,1311154.717431841,4.0
2026-06-10 16:18:00,AMBER_BUILDING,59.071713096049244,0.9249064452013894,0,-3.1842004796423256,0.5469636911036863,89965.73,1280729.2382940382,2.0
2026-06-10 16:19:00,AMBER_BUILDING,62.462591218742936,0.8367168739698057,0,0.7704169253585251,0.4737731895180688,1495177.55,1280729.2382940382,10.0
2026-06-10 16:20:00,AMBER_BUILDING,62.65757466987764,0.7992442700603918,0,0.09081327822767982,0.4673718575271,912770.4299999999,1280729.2382940382,4.0
2026-06-10 16:21:00,AMBER_BUILDING,56.7374312343747,0.7488461474637943,0,0.3446592808651783,0.44813942886521596,1098684.97,1280729.2382940382,4.0
2026-06-10 16:22:00,AMBER_BUILDING,53.14735832310604,0.6661624670892918,0,0.9218610240344555,0.44118400996316476,1660099.63,1280729.2382940382,8.0
2026-06-10 16:23:00,AMBER_BUILDING,51.02152819174908,0.694963483942136,0,-0.7748935037862126,0.4669477565132465,516928.56,1311154.717431841,3.0
2026-06-10 16:24:00,AMBER_BUILDING,50.31726408158573,0.6958371985715086,0,-0.3552625156793454,0.4558451187595831,673342.85,1280729.2382940382,5.0
2026-06-10 16:25:00,AMBER_BUILDING,52.60429925622805,0.7519900123212188,0,-1.235990575476194,0.49412123001989144,351897.26,1280729.2382940382,2.0
2026-06-10 16:38:00,AMBER_BUILDING,51.08800238035076,0.6192911767709322,0,1.146738829222293,0.41688434937508895,2625984.14,1657271.383232126,8.0
2026-06-10 17:41:00,AMBER_BUILDING,50.40214411356114,0.6236402345954706,0,-0.3431651858934136,0.40117917474298426,1336825.24,2264497.941964539,8.0
2026-06-10 17:58:00,AMBER_BUILDING,51.47242553796215,0.6713232043939003,0,-1.3718267552420904,0.478213680943172,301154.18,1324427.1480714872,3.0
2026-06-11 06:16:00,AMBER_BUILDING,59.54457458252417,4.659705927707176,0,-0.03049361700612104,0.578338336161311,70447.6,163502.32967699473,1.0
2026-06-11 06:25:00,AMBER_BUILDING,57.159717711482266,1.5632560285785306,0,-0.7325830926589398,0.5463956959293582,20556.27,148286.18825220809,1.0
2026-06-11 06:32:00,AMBER_BUILDING,55.20978672811864,0.041895872335328245,2,-10.424459280399798,0.6643584498045806,0.0,433412.84551052126,0.0
2026-06-11 15:49:00,AMBER_BUILDING,58.58495738962309,0.8868775746967835,0,0.8222934735363097,0.5264471897113505,1403795.5,931575.8632059094,8.0
2026-06-11 15:50:00,AMBER_BUILDING,66.38921434257746,0.7781143377948809,0,1.120522257626412,0.4478562171613466,1780061.0100000002,952610.6691307874,6.0
2026-06-11 15:51:00,AMBER_BUILDING,62.36080808603646,0.8510327132999124,0,-2.89076899843719,0.5220605680038156,102919.07,952610.6691307874,2.0
2026-06-11 15:52:00,AMBER_BUILDING,65.70132610801373,0.9631844941286017,2,-3.9417593144598357,0.5562573545773907,47612.729999999996,931575.8632059094,2.0
2026-06-11 15:53:00,AMBER_BUILDING,69.51805135471709,0.948947690918511,1,-1.2285816165283054,0.4852911406929543,325259.88,931575.8632059094,3.0
2026-06-11 15:54:00,AMBER_BUILDING,70.60020960797543,0.9611870121321598,0,-1.7963882918616594,0.4874306027139982,214009.93,931575.8632059094,3.0
2026-06-11 15:55:00,AMBER_BUILDING,65.8830035543333,0.8210859821470443,0,1.7177242141095426,0.4823440257344466,2630525.96,913965.3702633813,7.0
2026-06-11 15:56:00,AMBER_BUILDING,60.84137326789689,0.7054168115594922,0,1.404375890953156,0.5032875948802502,2098922.44,913965.3702633813,13.0
2026-06-11 15:57:00,AMBER_BUILDING,54.126283728356746,0.6590450872582989,0,0.010602928063350229,0.4664098196831381,785467.59,931575.8632059094,4.0
2026-06-12 06:32:00,AMBER_BUILDING,52.807566749777074,0.19091382564279835,0,-0.2956119751792904,0.5079015591289744,258144.75,393991.51820059266,2.0
2026-06-15 06:48:00,AMBER_BUILDING,52.22252360551323,0.7652427036806029,0,-1.1188876463827273,0.48707823119371474,339380.32,639510.5395760948,4.0
2026-06-15 06:49:00,AMBER_BUILDING,70.32269195895495,1.4198212136676698,2,-17.294083831731623,0.6694604429776786,0.0,615175.8946269721,0.0
2026-06-15 06:50:00,AMBER_BUILDING,76.77131213657607,1.2653952693287738,0,0.17850659285436857,0.47502989830022274,906845.01,615175.8946269721,4.0
2026-06-15 06:55:00,AMBER_BUILDING,73.04315437417736,0.9361689055931017,0,-0.42277687037518413,0.4173939285248364,555962.9,603383.3943985996,5.0
2026-06-15 06:57:00,AMBER_BUILDING,59.6527001949942,0.7281228840188045,0,-0.22675943916259797,0.44382695350982543,647097.68,598673.0928136789,7.0
2026-06-15 06:58:00,AMBER_BUILDING,59.25413654133627,0.8320381249917836,0,-4.055842688416132,0.5447079613389703,28391.35,598673.0928136789,1.0
2026-06-15 06:59:00,AMBER_BUILDING,58.894173561310915,0.8010741334152505,0,-1.1253002944122088,0.4424791923032018,298731.2,593745.972290413,3.0
2026-06-15 07:00:00,AMBER_BUILDING,57.805236666114666,0.6868216896060236,0,0.8691850657286105,0.43809604681852715,1904184.57,741931.4576786063,6.0
2026-06-15 07:01:00,AMBER_BUILDING,51.344817372807036,0.6145912805796191,0,0.1125910985311914,0.43305384019025583,1039092.6500000001,751210.9514554901,3.0
2026-06-15 07:04:00,AMBER_BUILDING,51.31274897112053,0.720141657708125,0,-4.449487159523055,0.5446842098368547,24189.98,741931.4576786063,1.0
2026-06-15 07:05:00,AMBER_BUILDING,55.603313311708995,0.715027909557148,0,-1.4631677305431858,0.4818401184905376,271308.82,741931.4576786063,1.0
2026-06-15 07:06:00,AMBER_BUILDING,58.792267372877724,0.7926101152591264,0,-3.2965058922521315,0.49455600991851395,57099.4,729915.64273478,2.0
2026-06-15 07:07:00,AMBER_BUILDING,57.799310004082734,0.7893717535892734,0,-1.6212175869127123,0.4428173618570622,231910.34,729915.64273478,2.0
2026-06-15 07:08:00,AMBER_BUILDING,61.45381618027843,0.8344450610644205,0,-2.6977374685977913,0.49746107672103995,93527.06999999999,729915.64273478,2.0
2026-06-15 07:09:00,AMBER_BUILDING,58.46962544773974,0.754598464900884,0,0.0394764726401629,0.4156742956878049,931134.64,729915.64273478,5.0
2026-06-15 07:10:00,AMBER_BUILDING,55.492579011878775,0.6688737216204821,0,0.3210824359259435,0.40531176133266333,1181201.78,729915.64273478,5.0
2026-06-15 07:22:00,AMBER_BUILDING,52.81008938663638,0.6540835345676571,1,-2.451019413024169,0.47319309064580556,167141.69,1034304.0088318406,3.0
2026-06-15 13:09:00,AMBER_BUILDING,55.02600926024695,0.5745272673504442,1,1.5285825984164771,0.4792811383272144,4197729.27,1799109.6887047002,9.0
2026-06-15 16:23:00,AMBER_BUILDING,52.07136949322151,0.8768648543058809,1,-6.081812425423801,0.5899337798341583,9502.78,1038730.0315176969,1.0
2026-06-15 16:24:00,AMBER_BUILDING,57.54817403753001,0.8537980959637104,1,-0.7287168177614581,0.4875719974318739,527396.99,1037667.22978762,3.0
2026-06-15 16:25:00,AMBER_BUILDING,63.71044938406027,0.8544965764652036,1,-1.0654000737939904,0.43664920377492866,402575.45,1023977.1619946109,3.0
2026-06-15 16:26:00,AMBER_BUILDING,58.473613372376555,0.7298526405157173,0,1.1448212820229986,0.4440584337120739,2229253.92,1023977.1619946109,8.0
2026-06-15 16:27:00,AMBER_BUILDING,53.99234438672289,0.6597992947519095,0,0.36068486927088184,0.4305119957943302,1202823.81,1023977.1619946109,8.0
2026-06-15 16:31:00,AMBER_BUILDING,52.62616021360967,0.7249710705083636,1,-2.7974776318490564,0.5127073414187363,160182.99,1442242.6306423196,2.0
2026-06-15 16:32:00,AMBER_BUILDING,53.12128959842608,0.7627928108058187,0,-1.5315145887878778,0.4492512121716437,395424.64,1420817.1472137237,4.0
2026-06-15 16:33:00,AMBER_BUILDING,55.91047574175812,0.7500988699513566,0,-0.6793941119133311,0.4405643124704833,746513.72,1420817.1472137237,9.0
2026-06-15 16:34:00,AMBER_BUILDING,53.57675325761113,0.6957697157175247,0,0.07305793162838882,0.42827765057490097,1301137.66,1402887.4058410253,6.0
2026-06-15 16:35:00,AMBER_BUILDING,50.26358665334997,0.6515740755886271,0,-0.035891257251864296,0.402995132258145,1194553.45,1387146.0814990217,7.0
2026-06-15 16:36:00,AMBER_BUILDING,50.65089912463376,0.7228585180704339,0,-2.006125759843543,0.4631339910639469,276469.79000000004,1387146.0814990217,3.0
2026-06-16 06:32:00,AMBER_BUILDING,51.35777176886665,0.09103626331247228,2,-8.888482154734742,0.6621227463743941,0.0,417819.05931388796,0.0
2026-06-16 06:34:00,AMBER_BUILDING,60.11745465667593,0.3276761125313641,3,-8.691846214496593,0.6639007761318162,0.0,410822.7077895577,0.0
2026-06-16 06:35:00,AMBER_BUILDING,65.07536957541994,0.6936721050839452,3,-8.663168640852708,0.6536776550795103,0.0,393991.51820059266,0.0
2026-06-16 06:36:00,AMBER_BUILDING,75.46094590448756,0.703680539775326,3,-1.372662389615981,0.5821593149101834,41255.55,393991.51820059266,1.0
2026-06-16 06:37:00,AMBER_BUILDING,67.18128182426993,0.6447952872527857,1,0.2291846415917562,0.5006929947939006,411989.22000000003,380272.64523802453,4.0
2026-06-16 06:38:00,AMBER_BUILDING,57.34050247981796,0.5744499831434838,0,0.5962713448825213,0.4938743854417624,703783.86,380272.64523802453,2.0
2026-06-16 15:37:00,AMBER_BUILDING,58.564531015317435,0.9339173233091123,0,-0.7292172631112707,0.5430060211648428,473347.5,884090.2492280954,3.0
2026-06-16 15:38:00,AMBER_BUILDING,68.11616982902954,0.8618449348021038,0,0.0187798781898767,0.4581805480671555,841793.38,879991.5619369128,3.0
2026-06-16 15:39:00,AMBER_BUILDING,60.52379726756059,0.7589486819658738,0,0.7567084311940219,0.44778240855365276,1555569.27,878296.2517130622,6.0
2026-06-16 15:40:00,AMBER_BUILDING,54.960870463908435,0.6753703672874649,0,0.5152217231653126,0.46326529633977365,1293045.8699999999,878296.2517130622,3.0
2026-06-16 17:51:00,AMBER_BUILDING,55.61797349343325,0.877130877481899,0,-0.2782190884283814,0.5423318951913444,1084031.2600000002,1241854.7975852257,3.0
2026-06-16 17:52:00,AMBER_BUILDING,66.41673068261923,0.8522727555977255,0,-1.0231908637392235,0.44151808599176373,612839.61,1218005.5941114593,6.0
2026-06-16 17:53:00,AMBER_BUILDING,58.87052924492343,0.7463357383749536,0,0.7152927255947247,0.4388470454854346,2188064.04,1218005.5941114593,8.0
2026-06-16 17:54:00,AMBER_BUILDING,54.19960645089676,0.6940065416794433,0,-0.2155731332284294,0.42603527570315225,1084149.74,1218005.5941114593,7.0
2026-06-17 06:49:00,AMBER_BUILDING,53.83379009485828,0.6611607001523973,0,-2.7016289706965035,0.49435100503559604,70540.45999999999,615175.8946269721,2.0
2026-06-17 06:53:00,AMBER_BUILDING,57.20855076772,1.1998432702465507,1,-17.203582390224327,0.6673474473804427,0.0,615175.8946269721,0.0
2026-06-17 06:54:00,AMBER_BUILDING,68.2488478962518,1.0527500139956798,0,0.8064537840324294,0.5012267837872678,1150826.3,615175.8946269721,3.0
2026-06-17 06:55:00,AMBER_BUILDING,76.8410539374308,0.9118563115923651,0,1.349599942162636,0.4272619172365312,1805216.27,628782.354624684,6.0
2026-06-17 06:56:00,AMBER_BUILDING,76.85481224037869,1.5325189092186149,1,-16.514074721718288,0.6701915706915732,0.0,628782.354624684,0.0
2026-06-17 06:57:00,RED_EARLY_WARNING,79.84607243458301,1.3943948393573249,0,-0.11214486314393109,0.4989988537584786,573279.31,628782.354624684,5.0
2026-06-17 07:02:00,AMBER_BUILDING,72.32953065471771,0.9291318468511672,0,-0.12786450364963772,0.42074944491636057,679315.22,760273.2858226381,5.0
2026-06-17 07:03:00,AMBER_BUILDING,65.75437849291293,0.841897058153032,0,0.3136050858574208,0.4236825515412428,981583.6299999999,745994.5977388816,7.0
2026-06-17 07:04:00,AMBER_BUILDING,60.354749378008854,0.7724711072814914,0,0.05066307317820649,0.4180669704450396,794531.8699999999,760273.2858226381,4.0
2026-06-17 07:05:00,AMBER_BUILDING,59.88588817107015,0.827522658381324,0,-2.838060880940509,0.517052397358176,66019.74,779755.5741912546,1.0
2026-06-17 07:06:00,AMBER_BUILDING,58.12235186670018,0.753478008349578,0,0.18197757989543986,0.4338019073623297,915273.6699999999,779755.5741912546,4.0
2026-06-17 07:07:00,AMBER_BUILDING,56.183388464402945,0.6961573788958324,0,-0.06879177762473215,0.42486330454284904,733923.68,779755.5741912546,7.0
2026-06-17 07:08:00,AMBER_BUILDING,51.42170266162588,0.676597951977994,0,-0.870962019617979,0.4568081533318126,353096.35,760273.2858226381,2.0
2026-06-17 14:22:00,AMBER_BUILDING,54.891103739693285,0.6689054565224585,1,-0.39865713370224515,0.43307074362945674,933098.9,1388588.8406684855,6.0
2026-06-17 14:23:00,AMBER_BUILDING,53.00550099209864,0.6610533789988029,0,-0.6011269455404961,0.4211298875010518,814344.85,1388588.8406684855,8.0
2026-06-17 16:03:00,AMBER_BUILDING,59.099682929695994,0.9774406722218589,0,-1.2624361466212197,0.5450358111321255,174627.44,791827.79797532,3.0
2026-06-17 16:04:00,AMBER_BUILDING,68.25550968794728,0.787597672533981,0,1.7567406332101243,0.5600323936698642,4639527.22,791827.79797532,2.0
2026-06-17 16:05:00,AMBER_BUILDING,59.123596910228194,0.6367375131876054,0,1.3997490242428416,0.512897795102522,3194225.46,795751.7559457908,4.0
2026-06-17 16:06:00,AMBER_BUILDING,50.505378981282,0.5688537854280086,0,0.3580221178931305,0.4655852239189724,1045986.5,801783.7512192072,5.0
2026-06-17 16:23:00,AMBER_BUILDING,51.76571741999097,0.6597624085019796,0,-1.017097892153613,0.45662091025126095,386264.66,1010024.8479994549,5.0
2026-06-18 06:32:00,AMBER_BUILDING,60.882165436151496,0.7327348982545562,0,0.32413227570179465,0.48569306724820316,602418.22,419031.032919033,2.0
2026-06-18 06:33:00,AMBER_BUILDING,55.803950273491296,0.6556933525023595,0,-0.3280628626910907,0.48585545409729075,248374.0,419031.032919033,2.0
2026-06-18 06:34:00,AMBER_BUILDING,55.94316124152897,0.15204022420815233,1,-9.60132410994029,0.6554635044907149,0.0,413924.17613577016,0.0
2026-06-18 06:35:00,AMBER_BUILDING,51.818784603524215,0.062045099180292634,0,-1.5634854983324646,0.544832464072177,41804.65,408902.24993887043,2.0
2026-06-18 06:36:00,AMBER_BUILDING,55.036213908626145,0.3752668281222427,2,-9.150433420183093,0.6512833970608789,0.0,391707.02665693103,0.0
2026-06-18 06:53:00,AMBER_BUILDING,53.492445346268504,0.7703174746112442,0,0.7548396040930914,0.4849117543863173,1114319.1,597894.5530988369,5.0
2026-06-18 06:54:00,AMBER_BUILDING,60.18909590898471,0.7469932091493956,0,-0.7117187814828749,0.4554385219723194,285229.99,597894.5530988369,1.0
2026-06-18 06:55:00,AMBER_BUILDING,53.83001919955681,0.717551070485144,0,-0.5145615226938554,0.4231433836110984,332788.91000000003,597894.5530988369,3.0
2026-06-18 06:56:00,AMBER_BUILDING,50.120585197409724,0.6007892196961877,0,1.2781032357210156,0.4179100464089888,1870498.2,597894.5530988369,6.0
2026-06-18 06:57:00,AMBER_BUILDING,61.76403831029362,1.240568371938237,1,-13.459625890384542,0.6706188524236639,0.0,603383.3943985996,0.0
2026-06-18 06:58:00,AMBER_BUILDING,70.0033749704623,1.107001256135524,0,0.4943192013403477,0.4751145055901068,867714.62,603383.3943985996,3.0
2026-06-18 07:00:00,AMBER_BUILDING,69.71897060441925,0.9032089321050125,0,1.1771230360750793,0.42605584969306737,2088695.71,760273.2858226381,8.0
2026-06-18 07:04:00,AMBER_BUILDING,59.510429623874366,0.7874858278196132,0,0.4152994374406908,0.4111949234177731,975238.52,745986.4318236628,5.0
2026-06-18 07:05:00,AMBER_BUILDING,59.13591609622296,0.81469058210352,0,-1.7085981280645053,0.46431892861964874,129132.3,760273.2858226381,2.0
2026-06-18 07:06:00,AMBER_BUILDING,55.428323312075406,0.6373127085080416,0,2.3862569039542096,0.5278131948611365,6753212.410000001,745986.4318236628,10.0
2026-06-18 07:07:00,AMBER_BUILDING,51.37432476532979,0.5586242764774978,0,0.6753047892318111,0.44653183111971895,1320202.4300000002,760273.2858226381,2.0
2026-06-19 06:31:00,AMBER_BUILDING,55.59196173361945,1.1444863810742196,0,-0.9440071331110005,0.5090799859330611,128358.9,353148.67234492395,1.0
2026-06-19 06:33:00,AMBER_BUILDING,77.26081086262343,0.9954029382082673,0,-0.20140535581008667,0.46924960517079706,328296.42,357355.2650315258,2.0
2026-06-19 06:34:00,AMBER_BUILDING,73.1466450776274,0.9484362346613903,0,0.8100844623644785,0.4766292084629517,1140828.14,353148.67234492395,4.0
2026-06-19 06:35:00,AMBER_BUILDING,68.4784343700702,0.8601189089588303,1,-0.48318131014482557,0.4808488425550197,222599.43,353148.67234492395,2.0
2026-06-19 06:36:00,AMBER_BUILDING,63.229528091764905,0.7067418913666523,1,-2.5186086097348364,0.5363324682327627,17150.61,348718.46614002634,1.0
2026-06-19 06:37:00,AMBER_BUILDING,56.92286287922636,0.641138252153662,1,-0.3633065712562408,0.46400669404664874,254861.59999999998,348718.46614002634,2.0
2026-06-19 06:38:00,AMBER_BUILDING,50.72368197773769,0.5564013049516972,1,-1.0602679115872624,0.4775268717516083,104603.41,343757.9318297775,2.0
2026-06-22 06:32:00,AMBER_BUILDING,54.00934654141637,0.5974784094806241,0,-0.020118405641257282,0.5055665380835537,311653.97,321487.28674995253,1.0
2026-06-22 07:05:00,AMBER_BUILDING,51.54707972921858,0.8237823277269541,2,-16.22118267757221,0.6597391520690041,0.0,735342.1742014317,0.0
2026-06-22 07:06:00,AMBER_BUILDING,61.54740591580374,0.8057877331620104,2,-1.5470494103744838,0.4770187835190167,200601.74,735342.1742014317,2.0
2026-06-22 07:07:00,AMBER_BUILDING,60.5965276857749,0.7223663671943769,0,0.5208018274229891,0.43605439624412684,1159880.41,735342.1742014317,5.0
2026-06-22 07:08:00,AMBER_BUILDING,54.9374771389645,0.6636950852303483,0,0.024301298612905777,0.4114080392008839,761364.7200000001,745986.4318236628,4.0
2026-06-22 07:09:00,AMBER_BUILDING,51.70075368170285,0.6786687937339847,0,-1.8782429023421325,0.4786694001830774,156514.37,757676.7535552954,1.0
2026-06-23 06:39:00,AMBER_BUILDING,54.589951561864204,0.6308107279098718,2,-8.862067483933753,0.6399851446247122,0.0,334091.36523277836,0.0
2026-06-23 06:40:00,AMBER_BUILDING,50.23230085481105,0.5771506307022101,0,0.11530140337498371,0.4892373601252905,337750.2,334091.36523277836,2.0
2026-06-23 06:41:00,AMBER_BUILDING,60.07940654865539,0.9228064988403987,2,-8.531574663775398,0.6337932384022354,0.0,332989.7619768208,0.0
2026-06-23 06:42:00,AMBER_BUILDING,69.37531593613774,1.2200163059609546,2,-8.116833905561792,0.6168581698193558,0.0,332989.7619768208,0.0
2026-06-23 06:43:00,RED_EARLY_WARNING,79.75106569996716,1.085908781422092,1,0.814760616663416,0.492450896435294,1009126.64,332989.7619768208,2.0
2026-06-23 06:44:00,RED_EARLY_WARNING,78.63952278341645,0.9844323505054018,0,0.4367224930250994,0.44234271304453837,562004.4500000001,332989.7619768208,3.0
2026-06-23 06:45:00,AMBER_BUILDING,70.07712496346797,0.8924373502856503,0,0.4016424500042073,0.4607529417541224,760182.27,574386.8401716283,1.0
2026-06-23 06:46:00,AMBER_BUILDING,65.98881428409888,0.9046856021076903,0,-1.7506854931938027,0.48531342120756443,98394.31,579545.3921523785,3.0
2026-06-23 06:47:00,AMBER_BUILDING,63.023537409580875,0.8355524358603178,0,0.031320898650311325,0.4601742213874058,533916.17,574386.8401716283,2.0
2026-06-23 06:48:00,AMBER_BUILDING,63.53393502857002,0.8674997307454044,0,-2.1495353667799546,0.5146764577440883,70080.22,570253.3087817279,1.0
2026-06-23 06:49:00,AMBER_BUILDING,61.15400502680651,0.8115752868688116,0,-0.20930539146120694,0.47345034398804375,427108.39,570253.3087817279,1.0
2026-06-23 06:50:00,AMBER_BUILDING,58.60361059598896,0.711305093998869,0,0.935316291341701,0.4550384914300137,1187937.47,570253.3087817279,3.0
2026-06-23 06:51:00,AMBER_BUILDING,56.64560512216517,0.7616733326442989,0,-2.3357434882883643,0.5205357991844745,61816.96,574386.8401716283,1.0
2026-06-23 06:52:00,AMBER_BUILDING,54.45649066895817,0.7101713125930692,0,-0.09798617011988535,0.44081280346352075,469735.91,574386.8401716283,3.0
2026-06-23 06:53:00,AMBER_BUILDING,58.01937022064951,0.7907477847973505,0,-3.013190277841728,0.5418515949863991,34017.5,570253.3087817279,1.0
2026-06-23 06:54:00,AMBER_BUILDING,58.48784863128143,0.8123006687458113,0,-1.8142701250069637,0.501717765995907,96939.04,570253.3087817279,1.0
2026-06-23 06:55:00,AMBER_BUILDING,59.15568587749808,0.7386246570138835,0,0.322766275827823,0.4641342012004931,681591.3400000001,570253.3087817279,5.0
2026-06-23 06:56:00,AMBER_BUILDING,57.57677661229749,0.7720952020179619,0,-1.9307248445421414,0.49139884816684354,83183.81,570253.3087817279,2.0
2026-06-23 06:57:00,AMBER_BUILDING,57.1844150671349,0.796524409674887,0,-1.7557792238082297,0.497528215891211,89659.65,562501.6471873552,1.0
2026-06-23 06:58:00,AMBER_BUILDING,55.857923933452604,0.6950771682462727,0,0.9426188075059034,0.433484945399716,1255727.48,557795.0049806604,6.0
2026-06-23 06:59:00,AMBER_BUILDING,51.267408220790486,0.5809601464092066,0,1.3667914477455494,0.447688591987886,2014316.91,562501.6471873552,2.0
2026-06-23 13:57:00,AMBER_BUILDING,50.052268475875785,0.7520254380959939,0,-1.8806147046624861,0.46764281378337935,358683.11,1572161.373032184,4.0
2026-06-23 13:58:00,AMBER_BUILDING,54.973867090263546,0.6318973228795443,0,1.336246699043729,0.44656818062353965,3117810.4699999997,1570031.4167474555,7.0
2026-06-23 14:58:00,AMBER_BUILDING,50.66623324736941,0.6206007987529806,0,0.5639065493215002,0.4324958339631634,1428070.19,1189980.573463096,5.0
2026-06-23 15:55:00,AMBER_BUILDING,58.629443887917695,0.9475122441101802,0,-0.3743305572052883,0.5435135460392939,414191.67,784831.1221339635,2.0
2026-06-23 15:56:00,AMBER_BUILDING,76.35711164826976,1.087315243088307,2,-3.5362405783049957,0.5945076539958936,20852.31,783970.8479159381,1.0
2026-06-23 15:57:00,AMBER_BUILDING,74.80432312291735,1.0179675060320015,0,-0.03474817953814199,0.4775284706049281,570219.9099999999,783970.8479159381,2.0
2026-06-23 15:58:00,AMBER_BUILDING,73.69513769833551,0.9155036105337403,0,0.6849530717444279,0.4617822565620951,1113495.91,781050.8539456333,7.0
2026-06-23 15:59:00,AMBER_BUILDING,67.56332853991024,0.8849388566020215,0,-0.44679931917402843,0.4955030828359234,380127.58,781050.8539456333,1.0
2026-06-23 16:00:00,AMBER_BUILDING,65.57773216721894,0.9250057325894021,0,-1.65076063952824,0.5210499943026043,117052.59,837591.8510144616,3.0
2026-06-23 16:01:00,AMBER_BUILDING,64.13771194601175,0.8555329808937917,0,0.2440248384049662,0.47324176318847305,771707.75,837591.8510144616,2.0
2026-06-23 16:02:00,AMBER_BUILDING,62.554854092041865,0.8214375388298997,0,-0.29490039235755205,0.460381053070377,460735.41,837591.8510144616,3.0
2026-06-23 16:03:00,AMBER_BUILDING,59.50647207630661,0.7972864299485725,0,-0.41326420259992297,0.4884801676114205,393889.35,815495.5780002602,2.0
2026-06-23 16:04:00,AMBER_BUILDING,56.107054764801234,0.6963180637219019,0,1.0045460025671014,0.44984692896101347,1533649.3699999999,795023.3661880057,5.0
2026-06-23 16:05:00,AMBER_BUILDING,53.03537181132589,0.6707334707617006,0,-0.21142768712151896,0.45990917249300906,467291.83999999997,795023.3661880057,3.0
2026-06-23 16:06:00,AMBER_BUILDING,50.41488760422544,0.6705715335445698,0,-0.6059119397687569,0.4835706703798869,310424.32,787796.5301989216,4.0
2026-06-24 06:32:00,AMBER_BUILDING,50.26825680213997,0.5683211251953569,0,0.4688281580959448,0.4789131879336383,562839.79,332989.7619768208,3.0
2026-06-24 17:43:00,AMBER_BUILDING,52.224166455889794,0.6380511252104687,2,-3.41550110769091,0.5105903805779333,297465.83,1857976.4641425197,3.0
2026-06-24 17:45:00,AMBER_BUILDING,58.52761294424503,0.8268320889296676,2,-3.6908615233188096,0.5286214321184515,56593.13,1182783.5880219783,3.0
2026-06-24 17:46:00,AMBER_BUILDING,59.05692639313531,0.8617589370101364,0,-1.6093809884087713,0.4759465629874608,302093.67,1182783.5880219783,4.0
2026-06-24 17:47:00,AMBER_BUILDING,61.63912235699471,0.7939976905206103,0,0.0315854818326461,0.4050414074799888,1160692.3900000001,1182783.5880219783,6.0
2026-06-24 17:48:00,AMBER_BUILDING,56.282500600865355,0.7076211675276829,0,0.42247153527815684,0.4100866884334603,1586563.45,1169162.375775142,9.0
2026-06-24 17:49:00,AMBER_BUILDING,50.44430633876575,0.6416106340397218,0,0.20507523718464246,0.41078123395722205,1337191.73,1182783.5880219783,5.0
2026-06-26 06:32:00,AMBER_BUILDING,69.46919260134449,0.8563160515794616,0,0.07682789913269282,0.4871072582507519,373644.64999999997,338867.55178301793,3.0
2026-06-26 06:33:00,AMBER_BUILDING,65.25861958403397,0.842890021316435,0,1.3514667770716213,0.5125530270807102,1852877.79,340883.5620858301,6.0
2026-06-26 06:34:00,AMBER_BUILDING,62.705678150778226,0.803934277567835,0,0.69100263071145,0.4951090445635868,820761.76,340883.5620858301,4.0
2026-06-26 06:35:00,AMBER_BUILDING,61.4906629502532,0.7962480155818322,0,1.3603610226717513,0.48937853385288965,1842570.55,346120.1097786561,5.0
2026-06-26 06:36:00,AMBER_BUILDING,59.53540822146673,0.7526264043052129,0,0.4732528415842633,0.4817462962191233,628708.71,346120.1097786561,2.0
2026-06-26 06:37:00,AMBER_BUILDING,56.42838082562992,0.6496898021750751,0,-1.0642641511038509,0.5043574787619651,103932.15000000001,346120.1097786561,2.0
2026-06-26 06:38:00,AMBER_BUILDING,52.707872672611536,0.611455601819294,0,0.3170954546359169,0.5009508751543299,502698.3300000001,340883.5620858301,5.0
2026-06-26 17:29:00,AMBER_BUILDING,51.495484163483944,0.5951873119700207,0,3.1328419510797842,0.5532577341974589,9946103.649999999,2289315.33004363,17.0
2026-06-26 17:30:00,AMBER_BUILDING,50.025205677403086,0.5844662494936789,0,0.297232130288676,0.42150530789493273,2606350.9699999997,1882182.4472511418,10.0
2026-06-26 17:33:00,AMBER_BUILDING,51.29659665889297,0.6918707651602297,0,1.3175643012718148,0.4799784792390193,3801105.1100000003,1882182.4472511418,17.0
2026-06-26 17:34:00,AMBER_BUILDING,53.894289624725324,0.6752297390951302,0,0.33736249159889903,0.45197275452064894,2669774.61,1882182.4472511418,14.0
2026-06-29 06:31:00,AMBER_BUILDING,57.08443760324237,1.294824203789124,1,-0.6659726131641839,0.5601864537415584,335804.17,338867.55178301793,3.0
2026-06-29 06:37:00,AMBER_BUILDING,73.29981354988716,0.9285197958258686,0,-0.975048468256686,0.5449136000925895,251582.17000000004,340883.5620858301,4.0
2026-06-29 06:38:00,AMBER_BUILDING,70.2899400481719,0.901890978430025,0,1.109917608460562,0.5574576309216542,1911878.52,338867.55178301793,5.0
2026-06-29 09:58:00,AMBER_BUILDING,51.69597334027686,0.4851114142079108,0,-2.614823815251261,0.48886242438895333,1721463.54,2856973.6840734594,9.0
2026-06-29 09:59:00,AMBER_BUILDING,52.42455940553889,0.525008193783634,0,1.3758410986262342,0.5843943657119074,7144492.26,2856973.6840734594,20.0
2026-06-29 10:09:00,AMBER_BUILDING,50.49716889644409,0.6666363974354214,0,-1.2750300681376214,0.5187447075550581,2374732.7199999997,2460008.32713243,21.0
2026-06-29 10:10:00,AMBER_BUILDING,50.534243175799524,0.6895189401499489,0,0.9137713176953292,0.5780440604625237,6162414.37,2452691.740911948,25.0
2026-06-29 10:11:00,AMBER_BUILDING,50.74684120983317,0.7185784922105322,0,0.1384368871344496,0.5313521584898363,4401092.3100000005,2460008.32713243,22.0
2026-06-29 10:12:00,AMBER_BUILDING,51.54777600869695,0.7098511488456448,0,-0.7065603848396008,0.5431727544732348,3047375.15,2460008.32713243,23.0
2026-06-29 10:13:00,AMBER_BUILDING,52.86771428874567,0.7372090171793073,0,0.931753622475711,0.5774572461960937,6286633.89,2493303.7762346524,24.0
2026-06-29 10:14:00,AMBER_BUILDING,54.40356560779882,0.750546226267418,0,0.6261193684820462,0.5975244822799449,5594918.83,2493303.7762346524,32.0
2026-06-29 10:15:00,AMBER_BUILDING,55.65328505611094,0.7724532558809112,0,0.8183532346387314,0.5889364086604185,5843426.32,2409423.714743221,24.0
2026-06-29 10:16:00,AMBER_BUILDING,54.66205850941037,0.7099170008343662,0,-1.2222214951344086,0.4763808696712612,2401944.41,2420870.37459699,14.0
2026-06-29 10:17:00,AMBER_BUILDING,53.20539129606255,0.7100128429222053,0,0.23163830931173682,0.5610956051430863,4415079.93,2411155.3241200815,23.0
2026-06-29 10:18:00,AMBER_BUILDING,51.57901266870485,0.7078754688954033,0,0.1640552141747154,0.5273250501997944,4327436.47,2420870.37459699,19.0
2026-06-29 10:19:00,AMBER_BUILDING,52.33402450563165,0.7406876510408237,0,0.9837118406798891,0.5714372254743658,6125482.4399999995,2420870.37459699,22.0
2026-06-29 10:20:00,AMBER_BUILDING,53.9670306486922,0.755386798734504,0,0.6305289983263397,0.5645302389747539,5305282.52,2420870.37459699,20.0
2026-06-29 10:21:00,AMBER_BUILDING,55.164984684613025,0.7479925131637869,0,0.04481442897575868,0.5617607694339316,4187184.28,2440852.249951005,23.0
2026-06-29 10:22:00,AMBER_BUILDING,55.98059667319384,0.7763505816659162,0,0.9833605545435082,0.5955273836027655,6251324.5600000005,2460641.0021449444,24.0
2026-06-29 10:23:00,AMBER_BUILDING,56.81225719098355,0.8006776910078556,0,0.9277433485331553,0.5400481623541237,6136648.3,2460641.0021449444,17.0
2026-06-29 10:24:00,AMBER_BUILDING,57.03692019503425,0.7570520228928342,0,-0.754936446468042,0.5174039722691919,3084411.92,2461599.376685433,17.0
2026-06-29 10:25:00,AMBER_BUILDING,55.44664961916823,0.7271734735955986,0,-0.4932323104090142,0.5202370373486611,3470327.5999999996,2474716.500253361,19.0
2026-06-29 10:26:00,AMBER_BUILDING,53.18774221498084,0.6924795348477528,0,-0.6795398870486054,0.5252749550715784,3258012.5100000002,2515481.5517708138,18.0
2026-06-29 10:27:00,AMBER_BUILDING,51.018468878452495,0.6791856305032375,0,-0.2106574347056186,0.5244856604956025,4000410.1100000003,2515481.5517708138,20.0
2026-06-29 10:28:00,AMBER_BUILDING,51.05178347065365,0.6973392547681673,0,0.5453363141583256,0.5691063844136784,5766050.08,2545032.9543372313,22.0
2026-06-29 10:29:00,AMBER_BUILDING,50.28493960044042,0.6759633785462585,0,-0.42295167200273953,0.5366163988197008,3773203.72,2545032.9543372313,21.0
2026-06-29 12:01:00,AMBER_BUILDING,50.29292326849975,0.7111331813005538,0,0.7102060877419362,0.49105250542080947,3579715.5700000003,1174324.9280364704,12.0
2026-06-29 12:02:00,AMBER_BUILDING,53.75663417819658,0.7521516381626147,0,1.2413504236244,0.5630490866248724,5103644.15,1193615.8245899659,16.0
2026-06-29 12:03:00,AMBER_BUILDING,52.62139042547417,0.6930061720451349,0,-1.1737720869670834,0.4567408395306401,1217111.1400000001,1198445.924561774,7.0
2026-06-29 12:04:00,AMBER_BUILDING,54.135983247900135,0.7418234851598513,0,1.3920126980504477,0.5835957192666928,5727735.790000001,1198445.924561774,18.0
2026-06-29 12:05:00,AMBER_BUILDING,53.66243991416071,0.7420538057114924,0,0.2761657123630478,0.4909351565725997,2971600.66,1206242.622599935,12.0
2026-06-29 12:06:00,AMBER_BUILDING,54.169622056350555,0.7300539671564693,0,-0.020280620416367058,0.46462833163115796,2492202.0,1213674.6285114542,10.0
2026-06-29 12:07:00,AMBER_BUILDING,52.91587070368738,0.7034639977581237,0,-0.40579631593510035,0.48340220642945814,1978335.8599999999,1213674.6285114542,12.0
2026-06-29 12:08:00,AMBER_BUILDING,51.96431192041613,0.7071279221831204,0,0.30322307587533837,0.54957655761657,3133836.45,1245137.6705131761,18.0
2026-06-29 12:09:00,AMBER_BUILDING,54.057096263418806,0.7673889278595897,0,1.7294483723539298,0.6077531205369084,7807965.9399999995,1280715.2263261196,22.0
2026-06-29 12:10:00,AMBER_BUILDING,54.20075700536224,0.7394603759010075,0,-0.3624923565823394,0.4557056327141405,2167274.1,1288605.9812812468,9.0
2026-06-29 12:11:00,AMBER_BUILDING,54.55096486024414,0.725892554477026,0,-0.05679579427889837,0.5485046046228277,2600696.6799999997,1288605.9812812468,18.0
2026-06-29 12:12:00,AMBER_BUILDING,52.278876226335704,0.7028164711327057,0,-0.3213285152171496,0.462799638951085,2294048.94,1338961.3108217986,10.0
2026-06-29 12:13:00,AMBER_BUILDING,51.568059496151626,0.6744545835128422,0,-0.4962722442252397,0.48980369765926524,2056333.8399999999,1338961.3108217986,13.0
2026-06-29 12:14:00,AMBER_BUILDING,50.47418283958468,0.6709305282865611,0,0.08044313670033806,0.5606896755479431,3032869.02,1395678.4208524956,19.0
2026-06-29 12:16:00,AMBER_BUILDING,50.018496649309355,0.6967101619451636,0,1.1497510639202624,0.5397099466465172,3767953.84,1510275.6366171767,16.0
2026-06-29 12:17:00,AMBER_BUILDING,52.339890012290915,0.7523985024947126,0,1.658845391468907,0.5080766023252283,4589503.619999999,1511577.3978074058,13.0
2026-06-29 12:18:00,AMBER_BUILDING,54.65228242646541,0.7755612808298978,0,0.927019952466504,0.5173183631336536,3503001.73,1524976.1968543925,15.0
2026-06-29 12:19:00,AMBER_BUILDING,58.17178158859455,0.8336718782913487,0,1.83928605273152,0.5611065502378245,5081767.470000001,1538213.9763078387,17.0
2026-06-29 12:20:00,AMBER_BUILDING,58.03096209749358,0.7692627565352389,0,-1.1339580887320133,0.5109016009561751,1583482.55,1544752.4618839335,15.0
2026-06-29 12:21:00,AMBER_BUILDING,57.517866387421066,0.7652846105790941,0,0.2669248519351652,0.4679607779032689,2739751.15,1544752.4618839335,12.0
2026-06-29 12:22:00,AMBER_BUILDING,56.74772095118089,0.8117978503944651,0,1.5389831695852205,0.549946846007818,4541148.79,1552563.4943721942,15.0
2026-06-29 12:23:00,AMBER_BUILDING,58.62166797504839,0.8391732557593778,0,1.151261235351517,0.5934962609528935,3898129.6800000006,1552563.4943721942,20.0
2026-06-29 12:24:00,AMBER_BUILDING,59.152149050766205,0.7807944160424609,0,-0.9636454876221746,0.4840018717931121,1698500.56,1552563.4943721942,13.0
2026-06-29 12:25:00,AMBER_BUILDING,56.62381275694802,0.7092740406159768,0,-1.4063442495671263,0.4651802401722057,1417620.28,1554779.2080779162,7.0
2026-06-29 12:26:00,AMBER_BUILDING,52.556284935571874,0.6923071235297455,0,-0.1637292153681626,0.4561446145550758,2287531.4299999997,1554779.2080779162,11.0
2026-06-29 12:27:00,AMBER_BUILDING,50.68190805385614,0.6836445275025282,0,0.02012094148911552,0.5663931252427887,2475858.83,1554779.2080779162,19.0
2026-06-29 12:28:00,AMBER_BUILDING,52.43693447048631,0.7500304108761467,0,1.9220963023077067,0.5832598328554512,5315360.36,1557982.7671328853,18.0
2026-06-29 12:29:00,AMBER_BUILDING,55.066973538484426,0.7696443482627868,0,0.8446210709310086,0.5912178430316936,3496156.54,1557982.7671328853,20.0
2026-06-29 12:30:00,AMBER_BUILDING,56.66776284981029,0.7472880550192317,0,-0.18740162467124769,0.5123565814666715,2762435.95,1659500.2309247842,15.0
2026-06-29 12:31:00,AMBER_BUILDING,54.29932993942782,0.6617034193387261,0,-1.833502999475416,0.4525035677895503,1201466.0,1679837.5459734753,8.0
2026-06-29 12:32:00,AMBER_BUILDING,52.15055051242644,0.6831149943766726,0,0.6971630909693531,0.533979116817681,4290021.87,1659500.2309247842,16.0
2026-06-29 12:33:00,AMBER_BUILDING,51.51253947124922,0.7115352774899817,0,0.9066927330903444,0.5366648789430242,4880870.640000001,1659500.2309247842,15.0
2026-06-29 12:34:00,AMBER_BUILDING,51.67309596386917,0.705512438247331,0,0.0997149127596515,0.4923644014314918,3254639.26,1679837.5459734753,14.0
2026-06-29 12:35:00,AMBER_BUILDING,52.35510490113023,0.7110904647172781,0,0.3680818301010583,0.514027184811837,3814651.2100000004,1704999.9284166335,14.0
2026-06-29 12:36:00,AMBER_BUILDING,52.485966522470996,0.7329986305096348,0,0.78960117524751,0.580109098188188,4785475.65,1721788.9888260015,20.0
2026-06-29 12:37:00,AMBER_BUILDING,53.53329737674725,0.743758212578882,0,0.5525456444098698,0.4752691897214803,4262243.08,1730434.6160688011,11.0
2026-06-29 12:38:00,AMBER_BUILDING,54.35604132202861,0.7505669196250639,0,0.4666331817816502,0.5190333383429693,4158760.26,1759643.017950064,14.0
2026-06-29 12:39:00,AMBER_BUILDING,55.654548834550205,0.7870882997896458,1,1.212920074105889,0.5071367365082016,6161759.82,1759643.017950064,13.0
2026-06-29 12:40:00,AMBER_BUILDING,55.59301566748161,0.7538444508739287,0,-0.4496801054634196,0.4673869383580437,2628414.41,1785400.7102646239,12.0
2026-06-29 12:41:00,AMBER_BUILDING,55.31730052701901,0.7480205246745182,0,0.16355084472878506,0.4723730250435494,3624004.5199999996,1789270.0678617286,11.0
2026-06-29 12:42:00,AMBER_BUILDING,55.44427961842383,0.7811400646542843,0,1.1313977859606101,0.5739467477488049,6046768.88,1808867.0091583745,17.0
2026-06-29 12:43:00,AMBER_BUILDING,57.64891084748704,0.8224906751224493,0,1.3897238466185804,0.5855241157716172,7032298.529999999,1827388.242428384,19.0
2026-06-29 12:44:00,AMBER_BUILDING,60.193394048891584,0.8576881750776416,0,1.3122922316432382,0.5356214300597888,6811041.3,1834806.3370581816,16.0
2026-06-29 12:45:00,AMBER_BUILDING,62.48962045332047,0.8956612595882523,1,1.4146164825566174,0.5313706864187926,5341157.19,1802499.780713415,16.0
2026-06-29 12:46:00,AMBER_BUILDING,62.799568895959084,0.8640428704168728,1,-0.24135860704332912,0.4674833346360064,2730375.01,1802499.780713415,12.0
2026-06-29 12:47:00,AMBER_BUILDING,63.7525590603939,0.8975436396726628,1,1.31644930155126,0.5725607057549882,5282615.37,1823423.27394419,19.0
2026-06-29 12:48:00,AMBER_BUILDING,63.0336713554687,0.8997988324245336,0,0.6184047848334654,0.5172265713233759,4027449.36,1823423.27394419,16.0
2026-06-29 12:49:00,AMBER_BUILDING,62.665272816483075,0.8646645234643773,0,-0.29886863143044196,0.44693935728373035,2703473.41,1823423.27394419,9.0
2026-06-29 12:50:00,AMBER_BUILDING,61.43452835978673,0.8716339007611006,0,0.7006456861197359,0.5396068155357119,4190095.3099999996,1850267.49081458,18.0
2026-06-29 12:51:00,AMBER_BUILDING,61.18737821449704,0.8853976557930466,0,0.8760876530130072,0.4642608411825371,4530023.26,1850267.49081458,11.0
2026-06-29 12:52:00,AMBER_BUILDING,60.98045276224334,0.8662987272673959,0,0.09319048419807488,0.46166553637152163,3273887.9399999995,1850267.49081458,13.0
2026-06-29 12:53:00,AMBER_BUILDING,59.72488092809383,0.76469457435411,0,-2.000499966147175,0.45812799033710067,1320051.65,1889939.2687728144,11.0
2026-06-29 12:54:00,AMBER_BUILDING,56.84278139878288,0.7174981538930933,0,-0.83657667800968,0.5051565509942084,2161055.64,1850267.49081458,15.0
2026-06-29 12:55:00,AMBER_BUILDING,54.08624434819111,0.7085165395761764,0,0.020738126809227184,0.45279635428001774,3109462.11,1850267.49081458,11.0
2026-06-29 12:56:00,AMBER_BUILDING,52.912214825821685,0.7361516776909509,0,0.9107942830872624,0.4827101736836409,4672442.859999999,1889939.2687728144,11.0
2026-06-29 12:57:00,AMBER_BUILDING,53.76804757955819,0.7688409685857369,0,1.0916397410494714,0.5032521125287881,5130906.359999999,1918823.4843006558,14.0
2026-06-29 12:58:00,AMBER_BUILDING,53.949915837609524,0.7513689532402404,0,-0.08393519677170236,0.4524919554813239,3086099.01,1922303.7333593771,12.0
2026-06-29 12:59:00,AMBER_BUILDING,55.7338673414668,0.8004769764018885,0,1.5131033001146863,0.5498080908590349,6433533.54,1930628.7132494966,16.0
2026-06-29 13:00:00,AMBER_BUILDING,55.14289351256295,0.7459899270821189,0,-0.93775582599467,0.44992807194260503,1949989.92,1704953.5400300405,11.0
2026-06-29 13:01:00,AMBER_BUILDING,54.52509501205268,0.7046391603753416,0,-0.7043481251545873,0.47486325917765804,2232306.79,1731912.764822185,15.0
2026-06-29 13:02:00,AMBER_BUILDING,53.48358154570675,0.7501832850652193,0,1.3000951771976264,0.5992945420927238,7149042.52,1745593.005683286,22.0
2026-06-29 13:03:00,AMBER_BUILDING,54.0648524230299,0.7572677599851116,0,0.4683458861111433,0.5148512461906358,4459868.42,1760657.5058701143,15.0
2026-06-29 13:04:00,AMBER_BUILDING,54.292516969764414,0.6877525078031279,0,-1.3427227721493125,0.4667369772749486,1554974.6400000001,1760657.5058701143,10.0
2026-06-29 13:05:00,AMBER_BUILDING,51.7187322599972,0.6543723257940194,0,-0.6134019539246194,0.5243345494392553,2375620.24,1760657.5058701143,18.0
2026-06-29 14:23:00,AMBER_BUILDING,50.703767293066115,0.6967433999799096,0,0.6909826301246874,0.6030178884738927,4076884.13,1745331.0086842142,21.0
2026-06-29 14:24:00,AMBER_BUILDING,51.65208546458323,0.6543538332403273,0,-0.8001452044503939,0.4953760579539984,2044529.35,1763091.8371291552,13.0
2026-06-29 16:55:00,AMBER_BUILDING,50.58905831376567,0.7133202484460174,0,1.097726917641522,0.5635871470416416,5020423.01,2106721.750824482,19.0
2026-06-29 16:56:00,AMBER_BUILDING,52.27683566969467,0.7041633737291303,0,0.025374551627036293,0.5612005958577769,3308598.24,2114431.2857356,20.0
2026-06-29 16:57:00,AMBER_BUILDING,52.60630088076215,0.7146363921131078,0,0.4726639475610036,0.5526069055884243,4023551.17,2130166.469175332,19.0
2026-06-29 16:58:00,AMBER_BUILDING,54.27464327661634,0.7713604049296121,0,1.612361466253111,0.5638201866906558,6393827.710000001,2146364.1304707043,18.0
2026-06-29 16:59:00,AMBER_BUILDING,56.19292971415816,0.8063172683306965,1,1.1851876974108293,0.5174157945281597,5448209.74,2149084.8225764763,14.0
2026-06-29 17:00:00,AMBER_BUILDING,60.00264892838462,0.8535779682756317,1,1.543749019009405,0.6121203931542215,5982275.01,2215045.5158397635,25.0
2026-06-29 17:01:00,AMBER_BUILDING,64.70849487332826,0.9410279693459545,2,2.587754671414748,0.5991963517000551,8850950.37,2215045.5158397635,21.0
2026-06-29 17:02:00,AMBER_BUILDING,69.55689116643224,0.9697047597468418,2,1.3493687006903232,0.600343477762064,5616143.15,2221950.934317761,23.0
2026-06-29 17:03:00,AMBER_BUILDING,72.56318177279982,0.9703830144799562,2,0.7286559774580679,0.520061248963664,4457466.44,2221950.934317761,17.0
2026-06-29 17:04:00,AMBER_BUILDING,71.18262512346617,0.9502857447847926,1,0.2318960305068246,0.5607142982481709,3734418.25,2238485.876578938,21.0
2026-06-29 17:05:00,AMBER_BUILDING,69.4126747611,0.9468128739138265,1,0.587590827636016,0.5757049145360463,4308872.57,2260420.315399903,22.0
2026-06-29 17:06:00,AMBER_BUILDING,67.25890619629193,0.9222859529825276,1,0.06933918689357463,0.5303211797033329,3603163.54,2274963.2442721273,18.0
2026-06-29 17:07:00,AMBER_BUILDING,64.95090186125815,0.7972994935321042,0,-2.386850841941067,0.4988637639277363,1449564.9100000001,2297969.627190687,15.0
2026-06-29 17:08:00,AMBER_BUILDING,61.653998075525955,0.813562052184007,0,0.7548515238477648,0.5536118249890654,4673550.279999999,2274963.2442721273,20.0
2026-06-29 17:09:00,AMBER_BUILDING,58.761043494503504,0.8036095123736181,0,0.1376230618138947,0.5515037798893557,3770602.11,2297969.627190687,21.0
2026-06-29 17:10:00,AMBER_BUILDING,58.19507132053375,0.8295312852206492,0,0.970113301024982,0.5293140923463636,5205143.24,2315643.095638021,18.0
2026-06-29 17:11:00,AMBER_BUILDING,58.929807118901316,0.8285376440058239,0,0.3555778988552292,0.5557434251084513,4162522.25,2315643.095638021,20.0
2026-06-29 17:12:00,AMBER_BUILDING,59.80543818888821,0.843813533921388,0,0.7406042809889095,0.5559247361493475,4825279.49,2319987.0496032536,21.0
2026-06-29 17:13:00,AMBER_BUILDING,59.442036534158284,0.8263345172184148,0,-0.013026224218495397,0.5341574032295741,3682838.2300000004,2333173.8206358133,19.0
2026-06-29 17:14:00,AMBER_BUILDING,57.99519865772055,0.7828472896003568,0,-0.6593157147594514,0.553852670993909,2870169.99,2333173.8206358133,23.0
2026-06-29 17:15:00,AMBER_BUILDING,56.92735096390194,0.7679249393952133,0,-0.06336982121044703,0.5462652726583962,3726706.12,2305300.2028914504,19.0
2026-06-29 17:16:00,AMBER_BUILDING,57.240740234840814,0.7982461010924771,0,0.9917206917905276,0.6073230410501503,5861085.790000001,2305300.2028914504,28.0
2026-06-29 17:17:00,AMBER_BUILDING,57.74562837091434,0.7999674811358752,0,0.3650313165916383,0.5433840942140268,4508704.32,2305300.2028914504,19.0
2026-06-29 17:18:00,AMBER_BUILDING,57.2605136413794,0.7431571816063356,0,-1.042878777760427,0.5514921273721455,2482038.92,2305300.2028914504,20.0
2026-06-29 17:20:00,AMBER_BUILDING,64.65249174249998,0.925355686083074,0,-0.13420129977265371,0.5635986163882521,3739481.54,2322233.0735424343,21.0
2026-06-29 17:21:00,AMBER_BUILDING,66.55867945450849,0.8551583341542701,0,-1.1124590960006036,0.49441978843423584,2418355.06,2322233.0735424343,16.0
2026-06-29 17:22:00,AMBER_BUILDING,62.50699046783243,0.8771469148360271,0,0.9474133399922823,0.5127759408517002,6070240.4,2322233.0735424343,15.0
2026-06-29 17:23:00,AMBER_BUILDING,62.69117030030935,0.9084586925567915,0,1.193921769237347,0.562524480531037,7041769.24,2322233.0735424343,19.0
2026-06-29 17:24:00,AMBER_BUILDING,62.54263028067954,0.8538508909979626,0,-0.7720647278519353,0.5479986788125525,2835281.71,2322306.779151386,21.0
2026-06-29 17:25:00,AMBER_BUILDING,61.542701285929304,0.8310819407962714,0,-0.12437741229554272,0.5786171833659984,3827287.54,2322306.779151386,24.0
2026-06-29 17:26:00,AMBER_BUILDING,58.41920056729106,0.7809822386946396,0,-0.8108036159823168,0.500911480666135,2784095.61,2322306.779151386,17.0
2026-06-29 17:27:00,AMBER_BUILDING,56.89887416201248,0.7843846268782196,0,0.35085256356753713,0.5612843038130924,4826841.220000001,2326161.8842361816,21.0
2026-06-29 17:28:00,AMBER_BUILDING,54.97970973564619,0.6846912240432657,0,-2.0667579052805465,0.49824419294396033,1536269.25,2326161.8842361816,14.0
2026-06-29 17:29:00,AMBER_BUILDING,52.799485638485635,0.6756750292631665,0,-0.16579113805993273,0.5088682146775625,3791476.66,2322306.779151386,16.0
2026-06-29 17:30:00,AMBER_BUILDING,51.808626624925154,0.7137771959681555,0,0.9710773221218972,0.5465548341531283,4453535.22,1882182.4472511418,17.0
2026-06-29 17:31:00,AMBER_BUILDING,54.02750392905523,0.7861319179486684,0,1.8055723320780206,0.6055961362179981,6425532.359999999,1916168.9756268782,27.0
2026-06-29 17:32:00,AMBER_BUILDING,55.78811823532984,0.7578553609506234,0,-0.38230191942759867,0.5245419144172837,2668685.0700000003,1916168.9756268782,17.0
2026-06-29 17:33:00,AMBER_BUILDING,57.76079938832725,0.7990522505361534,0,1.1711236255606634,0.6022623963753998,5155428.46,1953363.4424583272,23.0
2026-06-29 17:34:00,AMBER_BUILDING,56.86583029536584,0.7839466218171434,0,-0.04905678503514838,0.5119037154803041,3125969.19,1963039.8897305536,15.0
2026-06-29 17:35:00,AMBER_BUILDING,57.47878386524858,0.761347271310825,0,-0.2429643492887332,0.5679138284750592,2927205.42,1963039.8897305536,20.0
2026-06-29 17:36:00,AMBER_BUILDING,59.22760028098899,0.837437499161475,0,2.073597234526152,0.6335146981709913,7682055.91,1963039.8897305536,21.0
2026-06-29 17:37:00,AMBER_BUILDING,61.700845549155126,0.887543250480539,0,1.5994945990458007,0.5266486131927802,6306758.26,1963039.8897305536,13.0
2026-06-29 17:38:00,AMBER_BUILDING,64.29625889086468,0.9064065687200299,0,0.9214785369732957,0.5528071586901777,4810211.03,1963039.8897305536,18.0
2026-06-29 17:39:00,AMBER_BUILDING,63.00211327320678,0.8133755468050983,0,-1.6354699313378016,0.5282581979110413,1608219.28,1973252.107934915,16.0
2026-06-29 17:40:00,AMBER_BUILDING,61.87651948227066,0.8495894586913375,0,1.1716536506161124,0.5113987828019927,5187832.149999999,1973252.107934915,11.0
2026-06-29 17:41:00,AMBER_BUILDING,60.525727097067524,0.826585094445048,0,-0.1941953140670214,0.5344488779815368,2958742.43,1973252.107934915,16.0
2026-06-29 17:42:00,AMBER_BUILDING,59.06329089853685,0.7709765690629613,0,-0.9232782029672866,0.5478244313922587,2186108.4,1980374.3190737618,18.0
2026-06-29 17:43:00,AMBER_BUILDING,56.59758389907759,0.747503736004998,0,-0.28026384095042867,0.5335487097654639,2828104.45,1980374.3190737618,17.0
2026-06-29 17:44:00,AMBER_BUILDING,54.007536032720935,0.7271196781698196,0,-0.2543764194665858,0.501078342865766,2871502.5,1990818.8399028622,15.0
2026-06-29 17:45:00,AMBER_BUILDING,52.69453211401111,0.7223735697788947,0,0.06693166917565667,0.4891142204842475,2431206.98,1121320.6617458458,12.0
2026-06-29 17:46:00,AMBER_BUILDING,52.137143879696204,0.7256629427459503,0,0.23812480603332967,0.5124948662977843,2805210.69,1138091.919908428,14.0
2026-06-29 17:47:00,AMBER_BUILDING,52.29059231896323,0.7070514762439294,0,-0.27625770109798936,0.534003197813075,2030939.45,1138091.919908428,14.0
2026-06-29 17:48:00,AMBER_BUILDING,51.94928857819465,0.7132720839788388,0,0.2949594299739041,0.4750901779543302,2898356.95,1138091.919908428,11.0
2026-06-29 17:49:00,AMBER_BUILDING,50.81603500991198,0.6835210134490907,0,-0.5695944561465214,0.4537066293868366,1727939.63,1150890.4704397132,10.0
2026-06-29 17:50:00,AMBER_BUILDING,50.53149619406008,0.6985913926899625,0,0.4845762148459162,0.5037939245043417,3232312.8400000003,1150890.4704397132,13.0
2026-06-29 17:51:00,AMBER_BUILDING,53.41188524375533,0.7703953417927464,0,1.918392554396832,0.6285322369902562,7618129.39,1150890.4704397132,21.0
2026-06-29 17:52:00,AMBER_BUILDING,58.34197827600277,0.8446162250307331,0,2.092958102524575,0.5420951358333107,8787842.469999999,1159724.4814278716,8.0
2026-06-29 17:53:00,AMBER_BUILDING,62.425370988313205,0.888886950177053,0,1.4814089409185824,0.5098540044716132,6229666.67,1162301.185053733,12.0
2026-06-29 17:54:00,AMBER_BUILDING,64.57745578260408,0.9101677383703922,1,1.003375654644635,0.6019677297034496,4673025.350000001,1170782.9107692735,20.0
2026-06-29 17:55:00,AMBER_BUILDING,63.461668240674236,0.7936734740569563,1,-2.2606560837397773,0.4785113502256188,606032.4299999999,1170782.9107692735,7.0
2026-06-29 17:56:00,AMBER_BUILDING,60.46391381515207,0.7540909352752672,0,-0.6310060267560881,0.5075377629377048,1672566.44,1162301.185053733,14.0
2026-06-29 17:57:00,AMBER_BUILDING,56.63948044597745,0.7649644934467394,0,0.47851326648990344,0.5093690016964386,3444544.99,1170782.9107692735,14.0
2026-06-29 17:58:00,AMBER_BUILDING,54.03330796052405,0.7447892170707604,0,-0.24216305170799554,0.4438851201956356,2178897.44,1170782.9107692735,8.0
2026-06-29 17:59:00,AMBER_BUILDING,53.74853515136406,0.7532622228959164,0,0.40859902272596316,0.4731847704632581,3318932.6399999997,1182783.5880219783,10.0
2026-06-29 18:00:00,AMBER_BUILDING,52.966480438756626,0.7368812149585612,0,-0.17586330320508076,0.4652544605299168,1899377.5,969326.72,9.0
2026-06-30 06:37:00,AMBER_BUILDING,50.00229345486153,0.04585716890256431,0,0.5467794533547556,0.580363719992082,3039120.53,407625.6878884681,9.0
2026-06-30 11:21:00,AMBER_BUILDING,53.51716127296708,0.8065754236140831,0,1.9273712480199028,0.4725342909344914,3771652.09,1230123.0666934312,13.0
2026-06-30 11:22:00,AMBER_BUILDING,53.92468271081743,0.6875558449427009,0,-1.3951569162920725,0.43864920965395465,833788.7899999999,1230123.0666934312,8.0
2026-06-30 11:23:00,AMBER_BUILDING,53.778373567713544,0.7058005941612326,0,0.5891994957723763,0.4144044066801379,2047057.86,1221141.04886862,8.0
2026-06-30 11:24:00,AMBER_BUILDING,51.280437018344934,0.5116681985451353,0,-2.677842495494657,0.4642357057449633,458615.06,1230123.0666934312,6.0
2026-06-30 12:41:00,AMBER_BUILDING,52.820236225885004,0.7777025666124254,0,0.651218786912072,0.4740780636096924,3655361.72,1911038.0099203407,9.0
2026-06-30 12:42:00,AMBER_BUILDING,58.90084612232106,0.8079384503798505,0,0.9572968322329346,0.4876490289021877,4351594.11,1911038.0099203407,10.0
2026-06-30 12:43:00,AMBER_BUILDING,56.674776997829895,0.7687212143808303,0,-0.08948975725299418,0.4656213149224162,2411734.57,1923025.281935136,13.0
2026-06-30 12:44:00,AMBER_BUILDING,54.388750623051976,0.6616838710772917,0,-1.1852074451396784,0.46055518590536204,1290309.65,1923025.281935136,12.0
2026-06-30 12:45:00,AMBER_BUILDING,51.325625742141916,0.6658997245659041,0,0.429612851470652,0.4419480229214345,2932803.69,1930628.7132494966,9.0
2026-06-30 13:00:00,AMBER_BUILDING,50.48289902632329,0.7199077313901998,0,0.5735913953905319,0.49633676977751,3218958.0500000003,1820493.4242035663,16.0
2026-06-30 13:01:00,AMBER_BUILDING,55.14628135481987,0.7859141709080056,0,1.497830322293092,0.5029175780845987,5670113.029999999,1836467.2180636474,7.0
2026-06-30 13:02:00,AMBER_BUILDING,57.15811164684209,0.8387241382333445,0,1.350739601402097,0.5577622618669819,5355330.43,1853546.8268958528,19.0
2026-06-30 13:03:00,AMBER_BUILDING,57.85392994644868,0.7604526525109008,0,-0.5378868160021213,0.4529010013048278,1672252.0899999999,1853546.8268958528,12.0
2026-06-30 13:04:00,AMBER_BUILDING,54.67678578794918,0.6809052542551975,0,-0.6469445070206332,0.4394070846713422,1562672.01,1853546.8268958528,11.0
2026-06-30 13:05:00,AMBER_BUILDING,51.256448000764884,0.6897847553996653,0,0.5661555718604009,0.47023799644922065,3285567.84,1836467.2180636474,14.0
2026-06-30 13:06:00,AMBER_BUILDING,52.472930299713624,0.7744957812838892,0,1.7220710808005908,0.5251567635924026,6669095.960000001,1853546.8268958528,16.0
2026-06-30 13:07:00,AMBER_BUILDING,54.09162560858377,0.73987116844342,0,-0.014492573574276624,0.4382280502763685,2376051.5,1853546.8268958528,9.0
2026-06-30 13:08:00,AMBER_BUILDING,55.00363156350425,0.7585694153160011,0,0.7595726145623899,0.4720857009650286,3808988.58,1865300.7164928026,15.0
2026-06-30 13:09:00,AMBER_BUILDING,54.48489563492759,0.7845998060578504,0,0.8568249639884797,0.47181526948940605,4224560.28,1908711.91140524,14.0
2026-06-30 13:10:00,AMBER_BUILDING,53.97776888551667,0.7055976861868002,0,-0.7001939271735905,0.4411214104111047,1643226.1700000002,1908711.91140524,10.0
2026-06-30 13:11:00,AMBER_BUILDING,52.17493071677777,0.6754307485605013,0,-0.04679527036490951,0.4301115166701486,2434041.55,1908711.91140524,12.0
2026-06-30 14:29:00,AMBER_BUILDING,50.04203391813962,0.6559119478893731,0,-0.41932516405094544,0.4585816127805027,1899938.2799999998,1838344.495864975,10.0
2026-06-30 17:25:00,AMBER_BUILDING,51.12883360316757,0.7250418904861966,0,0.9313635823115547,0.46666069728554,5226106.87,2393495.528488374,10.0
2026-06-30 17:26:00,AMBER_BUILDING,51.717401020303036,0.48569126027547976,0,-2.751392523690258,0.4542905469615813,598795.56,2406328.254550649,7.0
2026-06-30 17:27:00,AMBER_BUILDING,51.53091836159041,0.5915384948612668,0,1.4774963921360469,0.6109042058166746,7373973.54,2393495.528488374,24.0
2026-07-01 06:32:00,AMBER_BUILDING,70.66371446942614,0.874489283114214,0,-0.35900019562944546,0.5220854856280585,372411.76,372122.9413459303,3.0
2026-07-01 06:33:00,AMBER_BUILDING,65.20922343255862,0.29212342759456134,1,-10.543695425598047,0.6591637649853017,0.0,371508.4996033974,0.0
2026-07-01 06:34:00,AMBER_BUILDING,56.12477871519199,0.3137831363661252,0,0.6004502322109614,0.539683351012393,1264047.0,369007.82793772814,4.0
2026-07-01 09:35:00,AMBER_BUILDING,51.3072655986934,0.700681519983567,0,-2.479771291131484,0.4394393273512165,885226.8300000001,2828228.9275189764,10.0
2026-07-01 09:36:00,AMBER_BUILDING,54.64971059654508,0.686484688732539,0,-0.8315991627709389,0.43339790277008394,1876970.2899999998,2788034.301174926,12.0
2026-07-01 09:37:00,AMBER_BUILDING,50.02407718848349,0.6131856601232871,0,0.35645428621073033,0.425475959268294,3315186.1100000003,2788034.301174926,12.0
2026-07-01 11:04:00,AMBER_BUILDING,54.165916790506515,0.7229078266353041,0,0.38063962846951144,0.42794601222280704,1814693.49,1726714.8125488476,10.0
2026-07-01 11:05:00,AMBER_BUILDING,56.865412688899085,0.7850680451930517,1,-1.207343708321018,0.4357612552646445,548390.98,1726714.8125488476,6.0
2026-07-01 11:06:00,AMBER_BUILDING,53.08809266611775,0.6642973556095666,0,1.0460627577628967,0.45660400864885675,2994325.38,1726714.8125488476,13.0
2026-07-01 11:07:00,AMBER_BUILDING,51.94001102429525,0.6973631658816214,0,-0.7563565831821425,0.4163515257327496,759321.36,1735726.2344969132,8.0
2026-07-01 11:08:00,AMBER_BUILDING,55.00943460181969,0.8664391083206383,0,-2.452156385726286,0.525058077440086,196234.61,1735726.2344969132,2.0
2026-07-01 11:09:00,AMBER_BUILDING,59.12566662926363,0.8440722045189372,0,-0.27543138779497245,0.4260013703226486,1075060.78,1735726.2344969132,5.0
2026-07-01 11:10:00,AMBER_BUILDING,63.20879541524258,0.8531757979066468,0,-0.6171967594107559,0.41617073840884783,821836.3,1735726.2344969132,5.0
2026-07-01 11:11:00,AMBER_BUILDING,61.17358690454614,0.8281886352322777,0,-0.19231487003084374,0.4162709893824956,1125595.48,1726714.8125488476,10.0
2026-07-01 11:12:00,AMBER_BUILDING,59.235874655188866,0.7782919774008897,0,0.15046794938007457,0.4179436642228076,1458058.6700000002,1710451.8224752825,9.0
2026-07-01 11:13:00,AMBER_BUILDING,58.7431591050244,0.8439692026281275,0,-1.2405417292164296,0.48136819236006306,496727.04000000004,1710451.8224752825,3.0
2026-07-01 11:14:00,AMBER_BUILDING,59.39502075814636,0.8711968484868978,0,-0.8159480993469991,0.4377113398357716,676503.91,1710451.8224752825,5.0
2026-07-01 11:15:00,AMBER_BUILDING,60.920795037670864,0.8464942153362296,0,-0.17367623053642128,0.4546861195340377,810350.34,1168508.8252808966,3.0
2026-07-01 11:16:00,AMBER_BUILDING,58.14697432557386,0.7375843084796385,0,0.8963545797394002,0.41684640293621417,1635101.9100000001,1168453.5998539901,11.0
2026-07-01 11:17:00,AMBER_BUILDING,57.493938633017024,0.8271240414588431,0,-1.4477324179927331,0.46248085541444595,351396.2,1168453.5998539901,3.0
2026-07-01 11:18:00,AMBER_BUILDING,55.49682582451576,0.7550485252951699,0,0.4525641743615574,0.418519613179889,1219609.75,1168045.3582065357,5.0
2026-07-01 11:19:00,AMBER_BUILDING,53.39461785417037,0.6074645084740153,0,1.4630274823537703,0.4206543307974906,2366553.7199999997,1168045.3582065357,7.0
2026-07-01 12:08:00,AMBER_BUILDING,51.93489904448668,1.5996036841250607,1,-16.243041097422264,0.6903449236328215,0.0,1460529.5165555344,0.0
2026-07-01 12:09:00,AMBER_BUILDING,69.21707893711779,1.471040613499855,0,-0.5636492668712237,0.5257827141560364,639579.01,1460529.5165555344,8.0
2026-07-01 12:19:00,AMBER_BUILDING,71.67659587237843,0.9809754773371875,0,0.1778528982392465,0.4677750244252519,1307068.22,1564167.6010641498,9.0
2026-07-01 12:20:00,AMBER_BUILDING,68.88625481258671,0.9386596662108496,0,-0.019089490389558712,0.5014871380450736,1156949.34,1564167.6010641498,5.0
2026-07-01 12:21:00,AMBER_BUILDING,66.2077477006646,0.9042740156297584,0,-0.07890839720280421,0.47631816186478587,1109325.5699999998,1557982.7671328853,8.0
2026-07-01 12:22:00,AMBER_BUILDING,62.106715645029645,0.7280573006770337,0,1.8127672898263014,0.5302997157614486,3675840.15,1546957.0282190936,13.0
2026-07-01 12:23:00,AMBER_BUILDING,55.36800416144761,0.6287820095531995,0,0.98745301793513,0.4623941624187599,2190414.91,1557982.7671328853,7.0
2026-07-01 14:04:00,AMBER_BUILDING,53.54532286959818,0.8190161707458006,0,-0.9441247860238559,0.4279798260200534,640500.1499999999,1735183.9977233731,5.0
2026-07-01 14:05:00,AMBER_BUILDING,57.60250031253509,0.7259676147523672,0,0.6817636223970432,0.4140296262472372,2274814.85,1735183.9977233731,8.0
2026-07-01 14:06:00,AMBER_BUILDING,58.23148591077702,0.8617894926063958,0,-2.114644815508998,0.49473775393573594,262892.32,1761924.7064619032,4.0
2026-07-01 14:07:00,AMBER_BUILDING,58.15223828618712,0.8062817234008417,0,0.15630570054168896,0.4285089195528026,1527403.87,1761924.7064619032,6.0
2026-07-01 14:08:00,AMBER_BUILDING,59.712243644978294,0.8006495537613769,0,-0.4000326945812183,0.42445082853979366,988481.62,1761924.7064619032,6.0
2026-07-01 14:09:00,AMBER_BUILDING,54.65586183932128,0.662717394421629,0,1.2606748541740944,0.43557962214584867,3667113.38,1761924.7064619032,10.0
2026-07-01 14:10:00,AMBER_BUILDING,52.361890208743894,0.709750497482457,0,-0.9170349518444466,0.4338887002464886,664450.3,1817694.46543477,8.0
2026-07-01 14:36:00,AMBER_BUILDING,51.192407328029354,0.7474052043600855,0,-0.8755587059210082,0.43400071435658893,583104.92,1718545.2526066536,5.0
2026-07-01 14:37:00,AMBER_BUILDING,51.86278076296472,0.6815065808460962,0,0.44673620975675116,0.42006720046545143,1833457.0899999999,1718545.2526066536,5.0
2026-07-01 14:38:00,AMBER_BUILDING,50.03142957811798,0.6121346377318357,0,0.5392601333106856,0.4431624435334935,2018512.94,1718545.2526066536,4.0
2026-07-01 15:44:00,AMBER_BUILDING,50.809659013609966,0.6623950641925601,0,0.3446218808308154,0.40953065463048577,1038764.47,1080355.6077857304,5.0
2026-07-01 15:46:00,AMBER_BUILDING,50.88168239187027,0.7655634791484934,0,-1.334946993427084,0.4911040099986635,130986.83,896131.0682514579,1.0
2026-07-01 15:47:00,AMBER_BUILDING,53.29344918019598,0.7593195024535903,0,-0.3229934397418093,0.4403178423813416,403739.94000000006,886872.9519667694,4.0
2026-07-01 15:48:00,AMBER_BUILDING,53.76791697478996,0.6841477939540448,0,0.5750790780742671,0.43800926368219,1088009.7300000002,886872.9519667694,5.0
2026-07-01 17:40:00,AMBER_BUILDING,50.97893677537038,0.6236406634069768,0,0.3889460025358177,0.42607697172454384,2067104.8,2033433.1922575217,7.0
2026-07-02 06:32:00,AMBER_BUILDING,63.31374374555318,0.7570808045963083,0,-0.2694042336426939,0.5076604767887077,149739.9,369905.00838837255,1.0
2026-07-02 06:33:00,AMBER_BUILDING,60.02596168705035,0.7606505333047169,0,1.3722412131417996,0.5022552732549399,2448156.8099999996,358865.3021180532,4.0
2026-07-02 06:34:00,AMBER_BUILDING,56.89083495911805,0.7045792433580574,0,0.31473558298598864,0.48728812163005036,429392.18999999994,369905.00838837255,2.0
2026-07-02 06:35:00,AMBER_BUILDING,55.0284914391101,0.6662130007183719,0,0.5103375720271376,0.5046093082955955,640603.06,373027.6956502058,1.0
2026-07-02 06:36:00,AMBER_BUILDING,54.03583673254289,0.7047841149427307,0,1.8172546895875397,0.5413927139174571,5733306.910000001,374742.55198941316,4.0
2026-07-02 06:37:00,AMBER_BUILDING,53.8685305319182,0.6963297325460593,0,1.0253292029030998,0.4874871918770094,1634050.72,390831.5337857218,6.0
2026-07-02 06:38:00,AMBER_BUILDING,54.10558035772332,0.6824060805810944,0,0.913682938266741,0.47962174788657996,1413420.09,407625.6878884681,4.0
2026-07-02 06:39:00,AMBER_BUILDING,51.60361488672161,0.5884994629298714,0,-0.49566724780446664,0.5055294188837895,130707.84,418989.0231116377,3.0
2026-07-03 06:35:00,AMBER_BUILDING,55.16250476868737,0.6670642261370345,2,-9.454864260686348,0.6523835144804591,0.0,407625.6878884681,0.0
2026-07-03 06:36:00,AMBER_BUILDING,51.3207301818671,0.5999126855521588,0,0.2778210639326109,0.522015013966734,537755.85,407625.6878884681,2.0
2026-07-03 06:37:00,AMBER_BUILDING,51.55806918850916,0.5455439010374977,0,0.21113568937586827,0.4832801918265062,498059.77999999997,418989.0231116377,4.0
2026-07-03 15:57:00,AMBER_BUILDING,59.449837184208185,0.9579229917467152,0,-1.2088957368560485,0.5469030828556342,318463.27,896131.0682514579,3.0
2026-07-03 15:58:00,AMBER_BUILDING,70.68406925931693,0.8739662977087328,0,0.15772931967626405,0.48013968996841044,994265.1,896131.0682514579,4.0
2026-07-03 15:59:00,AMBER_BUILDING,66.49787454835655,0.8573354539081899,0,-0.8467535954893438,0.49596066566318525,424246.37,896131.0682514579,6.0
2026-07-03 16:00:00,AMBER_BUILDING,63.98066979279202,0.8472620206760957,0,-0.9183022564152811,0.4760941272169683,412409.0,974483.8967701754,3.0
2026-07-03 16:01:00,AMBER_BUILDING,60.59856809254578,0.7164346258011812,0,1.0877815008177334,0.4758793882702162,2490187.58,974483.8967701754,6.0
2026-07-03 16:02:00,AMBER_BUILDING,58.079333147560845,0.7360543491036511,0,-1.2110628556018719,0.48890430376476174,307443.43,974483.8967701754,5.0
2026-07-03 16:03:00,AMBER_BUILDING,55.927399725297555,0.7403780359066717,0,-0.9860035823964023,0.4829146597169644,371273.42,960218.512950323,4.0
2026-07-03 16:04:00,AMBER_BUILDING,56.117055368855404,0.7130936259927123,0,-0.45132883758031506,0.5029143045617289,577952.4199999999,936212.329476236,2.0
2026-07-03 16:05:00,AMBER_BUILDING,52.80198863781223,0.5272219633220354,0,2.2150308604659403,0.5530714810819746,6474708.6,936212.329476236,5.0
2026-07-03 16:16:00,AMBER_BUILDING,53.77865201390289,1.4805367406014973,1,-19.960795175360122,0.6817958102493538,0.0,1067191.9759836018,0.0
2026-07-03 16:17:00,AMBER_BUILDING,70.50415157661824,1.3872884476937095,0,-1.289341724400965,0.5433270362607924,393870.16,1048413.642795534,6.0
2026-07-03 16:21:00,AMBER_BUILDING,71.55321632163977,0.9262456925664093,0,0.7032032741386449,0.5257742818013359,1539777.69,1026890.8848150849,11.0
2026-07-03 16:22:00,AMBER_BUILDING,73.24612436605686,1.078696656837808,1,-3.861985904213003,0.5778585751365944,70541.91,1048413.642795534,2.0
2026-07-03 16:23:00,AMBER_BUILDING,71.40218410555518,0.9489312995326136,0,0.8455107623033363,0.5202466458651006,1703155.33,1026890.8848150849,5.0
2026-07-03 16:24:00,AMBER_BUILDING,71.26783378162717,0.92720466199302,0,-0.830698754659411,0.48672620159307567,555387.49,1048413.642795534,5.0
2026-07-03 16:25:00,AMBER_BUILDING,65.08607656489642,0.8694527496033153,0,-0.172473086186584,0.4962209767775983,865183.03,1048413.642795534,5.0
2026-07-03 16:26:00,AMBER_BUILDING,63.27093019106629,0.8717806559041147,0,-1.109597333237505,0.4689862975488938,442569.87,1026890.8848150849,4.0
2026-07-03 16:27:00,AMBER_BUILDING,61.59960721293624,0.8427172691504875,0,-0.5577130088489834,0.4833831662566194,631532.09,1026890.8848150849,3.0
2026-07-03 16:28:00,AMBER_BUILDING,58.23542401084049,0.6996859701620263,0,1.4418839212199503,0.481897185606471,2510359.9299999997,1018747.6676016637,7.0
2026-07-03 16:29:00,AMBER_BUILDING,52.74335635880945,0.5999976778271778,0,0.886466026632479,0.46658609090950903,1743772.7299999997,1026890.8848150849,9.0
2026-07-06 06:31:00,AMBER_BUILDING,50.40460621395389,0.9915896582949354,1,-0.6517626378308062,0.5090574711774707,194756.94,467770.8882115331,1.0
2026-07-06 06:32:00,AMBER_BUILDING,71.93768931081092,0.864600118818976,1,-1.1161781704610905,0.5150474380205623,108007.16,467770.8882115331,1.0
2026-07-06 06:33:00,AMBER_BUILDING,64.95281182930309,0.7606277348375214,1,-0.7943132760035526,0.4897914772812575,158128.61000000002,467770.8882115331,2.0
2026-07-06 06:34:00,AMBER_BUILDING,58.99830586530897,0.7011603099290649,1,0.02945698644083432,0.4986645388912476,487593.61,467770.8882115331,1.0
2026-07-06 06:35:00,AMBER_BUILDING,54.02267514204133,0.6309817213696137,1,-0.31588079086256593,0.45631506421020257,304293.57,474877.1322107845,2.0
2026-07-06 06:36:00,AMBER_BUILDING,55.08931521899456,0.16944368745453287,2,-9.276952310376236,0.6527376080901267,0.0,474877.1322107845,0.0
2026-07-06 06:37:00,AMBER_BUILDING,51.123444803605445,0.15173946034109947,1,-0.07437747669661378,0.5024568197678677,420351.58,467770.8882115331,3.0
2026-07-06 08:43:00,AMBER_BUILDING,51.405406522209944,0.5764437787548669,2,-4.324233805145014,0.5432112055427205,180288.89,2333740.6343866456,4.0
2026-07-06 08:44:00,AMBER_BUILDING,52.387588944971725,0.4913832258095411,1,0.8184602349368452,0.4627780365728651,3925325.71,2333740.6343866456,17.0
2026-07-06 14:00:00,AMBER_BUILDING,55.271043313698755,0.31242164504992415,1,-2.9116127343401628,0.5152169615435425,294888.10000000003,1717378.986075535,2.0
2026-07-07 06:32:00,AMBER_BUILDING,71.63079682362356,1.0326055025728402,0,-1.1572322708551344,0.5595935540361066,113054.43,476361.9065936487,2.0
2026-07-07 06:40:00,RED_EARLY_WARNING,79.32765320754223,0.9990349140473179,0,1.3377617066753809,0.4845992047660005,2378298.95,474877.1322107845,4.0
2026-07-07 06:41:00,AMBER_BUILDING,74.33873915152918,0.9532964339399944,0,-0.9015437554512159,0.49675647534375117,152397.24,481369.90501235164,1.0
2026-07-07 06:42:00,AMBER_BUILDING,68.73111690600024,0.8626653986861773,0,0.38538976953660736,0.46244275178001204,779034.96,481369.90501235164,4.0
2026-07-07 06:43:00,AMBER_BUILDING,62.819141038789404,0.7839309358252229,0,0.26503841584430105,0.41511987450481946,668609.0700000001,490211.8454342008,5.0
2026-07-07 06:44:00,AMBER_BUILDING,56.959188710563886,0.7319881887628533,0,-0.2770038623301661,0.4475139814258141,349272.36,490211.8454342008,6.0
2026-07-07 06:45:00,AMBER_BUILDING,52.53096632091399,0.689004991519814,0,-0.38667385489504885,0.4309131746679922,484653.42000000004,678982.903791138,4.0
2026-07-07 06:46:00,AMBER_BUILDING,51.526950428765765,0.6850176209840033,0,-1.3283570446816193,0.4657382271366266,223245.25,674101.8785478185,2.0
2026-07-07 06:47:00,AMBER_BUILDING,51.49641109689225,0.67399326451362,0,-1.121977233448776,0.4422933968006277,261406.2,674101.8785478185,3.0
2026-07-07 06:48:00,AMBER_BUILDING,50.08865978979994,0.5827648320940138,0,1.022037899573646,0.42605082634280894,1558940.9400000002,674101.8785478185,4.0
2026-07-07 10:23:00,AMBER_BUILDING,50.51136080753451,0.6955144253875237,0,-0.3575899832828254,0.44137703670598727,1700730.89,2618700.880964998,6.0
2026-07-07 10:36:00,AMBER_BUILDING,50.01344668319957,0.6878774134614297,0,-0.15657329288136873,0.42777740996104274,1548952.17,2115742.5044034976,6.0
2026-07-07 10:45:00,AMBER_BUILDING,51.674702130966274,0.8553963150537741,2,-3.9880735932366425,0.5402132694849796,145294.45,1806972.6526999555,4.0
2026-07-07 10:46:00,AMBER_BUILDING,62.50975799675545,0.9014555080833969,1,-1.1824537030602102,0.44952418678631667,720291.02,1806972.6526999555,7.0
2026-07-07 10:47:00,AMBER_BUILDING,64.57952607866945,0.8770085965377279,0,-0.2684987786575698,0.4311862418017116,1230548.27,1806972.6526999555,9.0
2026-07-07 10:48:00,AMBER_BUILDING,66.01880822253635,0.9959595939189357,0,-2.1500599501754665,0.48817459817936626,407805.77,1806972.6526999555,3.0
2026-07-07 10:49:00,AMBER_BUILDING,65.28069529461068,0.894852520854127,0,0.6703748143909654,0.4431588782139262,2137621.2800000003,1806972.6526999555,6.0
2026-07-07 10:50:00,AMBER_BUILDING,63.18403710407134,0.8079811516854335,0,0.5969108553186095,0.4200307523670046,2079286.2,1839684.4402920501,11.0
2026-07-07 10:51:00,AMBER_BUILDING,58.40192064628055,0.8014055762936343,0,-0.38203852916517483,0.4870614696525796,1181381.01,1864460.5093181783,3.0
2026-07-07 10:52:00,AMBER_BUILDING,54.86902384167575,0.7295273150866523,0,0.4963352063012184,0.4262327764425214,1957543.2,1839684.4402920501,12.0
2026-07-07 10:53:00,AMBER_BUILDING,52.49297767231892,0.6940869372165187,0,0.09215133001898305,0.4140104803854306,1556428.96,1864460.5093181783,9.0
2026-07-07 11:35:00,AMBER_BUILDING,50.91155329988542,0.6953282114462014,0,-1.3001562147475851,0.4575655761977324,483629.79000000004,1565318.6821300224,2.0
2026-07-07 11:37:00,AMBER_BUILDING,53.37622956160077,0.7926841164358539,0,-1.5110593280266573,0.47528993973244615,410406.04000000004,1565318.6821300224,2.0
2026-07-07 11:38:00,AMBER_BUILDING,55.64140187742586,0.8074419670054416,0,-0.720283155222535,0.456207642459945,726742.5,1559647.132223776,4.0
2026-07-07 11:39:00,AMBER_BUILDING,58.28187530513869,0.823125862888495,0,-0.7239077315320638,0.4425335841217816,712426.1,1559647.132223776,4.0
2026-07-07 11:40:00,AMBER_BUILDING,55.99521874163179,0.6867659151459329,0,1.2839443914833808,0.49788537772980357,3108020.8200000003,1559647.132223776,4.0
2026-07-07 11:41:00,AMBER_BUILDING,52.95935124923591,0.662665154695426,0,-0.06466126291070116,0.43271056643447153,1152852.38,1559647.132223776,8.0
2026-07-07 11:42:00,AMBER_BUILDING,51.82620435329545,0.7538207787496939,0,-1.5112499867634324,0.460417737008341,383895.62,1559647.132223776,6.0
2026-07-07 11:43:00,AMBER_BUILDING,52.36058439313275,0.7408725785038188,0,-0.27437609637925126,0.4241768408227122,975578.1799999999,1552269.2216656774,7.0
2026-07-07 11:44:00,AMBER_BUILDING,54.07935902843385,0.7660352041741213,0,-0.7189545783640322,0.423081536236715,682449.19,1548417.3943056867,5.0
2026-07-07 11:45:00,AMBER_BUILDING,53.07906055526663,0.7216857914276914,0,0.14823513777247987,0.4243577287224307,1256815.24,1534988.4691167146,10.0
2026-07-07 11:46:00,AMBER_BUILDING,51.84906659237123,0.7041813334895246,0,-0.14217876936187668,0.41985622559069524,962211.76,1532530.947881095,9.0
2026-07-07 12:30:00,AMBER_BUILDING,52.118113108092395,0.7895600521904412,0,-0.6003813573652795,0.4320974355253752,1058005.46,1960051.0013425548,6.0
2026-07-07 12:31:00,AMBER_BUILDING,60.51498367937686,0.8844961389089651,0,-1.7131558930344613,0.4582981867475719,507208.3,1960051.0013425548,4.0
2026-07-07 12:32:00,AMBER_BUILDING,57.95312164739857,0.7525634292807822,0,1.171322251455485,0.4510481647184456,3281247.9,1948342.098332691,9.0
2026-07-07 12:33:00,AMBER_BUILDING,60.22512952848218,0.8515363128936179,0,-1.7166644875349366,0.468847753138187,501781.26,1960051.0013425548,8.0
2026-07-07 12:34:00,AMBER_BUILDING,56.39825486322919,0.7079173611357812,0,1.3090254373742134,0.49924355309322294,3704599.14,1948342.098332691,5.0
2026-07-07 12:35:00,AMBER_BUILDING,54.54780616383348,0.6949067750600189,0,-0.22798844748883335,0.4161683768727606,1330440.9,1948342.098332691,8.0
2026-07-07 12:36:00,AMBER_BUILDING,52.42413390456551,0.7701284804449761,0,-1.3327368495113443,0.4408246012126496,636178.6000000001,1948342.098332691,9.0
2026-07-07 12:37:00,AMBER_BUILDING,52.03386673578907,0.7159246511793345,0,0.23637936168180046,0.42074542273852744,1831775.69,1948342.098332691,9.0
2026-07-07 12:38:00,AMBER_BUILDING,50.50700608780809,0.6103627918993452,0,0.9249364176933179,0.41297426188873143,2945824.75,1948342.098332691,11.0
2026-07-07 15:05:00,AMBER_BUILDING,52.40176565329324,0.744063984087809,0,-1.310503952264551,0.4496923098395087,430981.93,1405132.7945685694,4.0
2026-07-07 15:06:00,AMBER_BUILDING,50.367124536520386,0.684742585050801,0,0.350143131072951,0.4077909247598939,1400342.22,1405132.7945685694,8.0
2026-07-07 15:08:00,AMBER_BUILDING,50.76318054945764,0.7617320326180784,0,-1.9331081991337082,0.49649677690019545,299553.38,1398813.7458354768,2.0
2026-07-07 15:09:00,AMBER_BUILDING,51.33092229063601,0.6885196457058231,0,0.4799976198961125,0.4221889763878587,1544902.84,1396113.5773385041,5.0
2026-07-07 15:10:00,AMBER_BUILDING,50.19172772698377,0.6133239379699679,0,0.5637679167741871,0.4029850371079735,1663337.29,1398813.7458354768,8.0
2026-07-07 16:34:00,AMBER_BUILDING,59.799625187321986,0.8747895620768615,1,-2.429272014130168,0.47614536574523775,215025.95999999996,1582153.460834592,3.0
2026-07-07 16:35:00,AMBER_BUILDING,59.931902360803825,0.8598404107292805,0,-0.44594945676467584,0.4377064815152011,910046.5799999998,1582153.460834592,7.0
2026-07-07 16:36:00,AMBER_BUILDING,60.915924280196755,0.782920918466044,0,0.4011379484517974,0.41885141285343086,1703713.7800000003,1569384.9274342263,7.0
2026-07-07 16:37:00,AMBER_BUILDING,56.256239769489326,0.7516625628810064,0,-0.13348277851548318,0.4003267319983363,1150049.1099999999,1569384.9274342263,9.0
2026-07-07 16:38:00,AMBER_BUILDING,51.57853930486982,0.6627712413985265,0,0.6776814036787253,0.40450388747427907,2077353.6,1569384.9274342263,8.0
2026-07-07 16:39:00,AMBER_BUILDING,51.21926553690829,0.7449451598154736,0,-1.5067484988558724,0.47465353823354367,419990.51,1569384.9274342263,3.0
2026-07-07 16:40:00,AMBER_BUILDING,57.649665585843046,0.9314249220259427,0,-2.9713703752084655,0.504859672811279,136419.96000000002,1569384.9274342263,4.0
2026-07-07 16:41:00,AMBER_BUILDING,61.800124284329605,0.87618997313175,0,0.04741134164603668,0.4177249217742534,1269478.77,1560870.1059167278,8.0
2026-07-07 16:42:00,AMBER_BUILDING,62.20429127868916,0.7836266317412152,0,0.6229696076646578,0.4271211895475028,1955642.67,1557755.708401931,10.0
2026-07-07 16:43:00,AMBER_BUILDING,54.69980578737577,0.5712433277761951,0,2.3217816865989658,0.5362106342761742,7027601.869999999,1557755.708401931,15.0
2026-07-08 06:32:00,AMBER_BUILDING,64.38292261300299,0.7225490014759255,0,-1.499148239613079,0.5386661787957279,62998.92,481369.90501235164,1.0
2026-07-08 06:33:00,AMBER_BUILDING,56.74995842634423,0.6131178406936924,0,-0.9216081048803558,0.49579267439313707,123395.93,474877.1322107845,2.0
2026-07-08 06:34:00,AMBER_BUILDING,51.23841935458802,0.610557093364612,0,1.1564948752216218,0.4647629501892054,1560123.4,458309.97283365426,2.0
2026-07-08 06:35:00,AMBER_BUILDING,52.493028774068506,0.07047541569495692,1,-9.978663993743792,0.6518411825828199,0.0,474877.1322107845,0.0
2026-07-08 06:36:00,AMBER_BUILDING,50.389976923152155,0.07783716027302637,0,0.4360682332752448,0.5183806363210067,691629.5800000001,474877.1322107845,5.0
2026-07-08 09:13:00,AMBER_BUILDING,50.41637071240331,0.5499451360533865,0,-3.339206914345536,0.5245756892304315,480101.19999999995,2731404.045393452,4.0
2026-07-08 09:14:00,AMBER_BUILDING,54.59103962966375,0.6112599805599711,0,-1.9667979732580596,0.4589741488914598,940802.15,2731404.045393452,7.0
2026-07-08 09:15:00,AMBER_BUILDING,50.84851122258106,0.6112732097385035,0,-0.8163114208600859,0.4489599176662808,1629881.14,2877395.8864719584,8.0
2026-07-08 09:44:00,AMBER_BUILDING,54.379907129232514,0.6895588184188147,0,-1.0277326840312597,0.4483719219387587,1530024.37,2952084.338796834,11.0
2026-07-08 11:38:00,AMBER_BUILDING,53.67074800522463,0.7106161407565882,0,0.43811154764996574,0.4223470996033766,1330627.48,1494021.7414568176,7.0
2026-07-08 11:39:00,AMBER_BUILDING,52.63497354077652,0.7154197617435106,0,-0.3723548623014326,0.4096132957468561,754788.0,1479787.8808799258,7.0
2026-07-08 11:40:00,AMBER_BUILDING,54.27668594162975,0.826324026657606,0,-2.0815968290225033,0.48136197729808533,227892.36,1479787.8808799258,2.0
2026-07-08 11:41:00,AMBER_BUILDING,55.83561053388701,0.7834198045278529,0,0.24255549286084277,0.4429112597750276,1131309.01,1479787.8808799258,5.0
2026-07-08 11:42:00,AMBER_BUILDING,56.789926949218504,0.7134935187432859,0,0.7323531970395382,0.45179181109824657,1603789.3,1479383.015703958,4.0
2026-07-08 11:43:00,AMBER_BUILDING,54.45476427298979,0.7534104018373391,0,-0.9239423026852562,0.4543833121152925,502372.65,1479383.015703958,4.0
2026-07-08 11:44:00,AMBER_BUILDING,52.53524786448958,0.691787561579629,0,0.6158867087883039,0.4285670802084628,1496564.08,1475948.476678382,7.0
2026-07-08 11:45:00,AMBER_BUILDING,50.55039150860364,0.6202995193942298,0,0.8496593004196794,0.4283625167688825,1838985.21,1490907.575521319,4.0
2026-07-08 11:50:00,AMBER_BUILDING,51.05294447842933,0.7245121407166624,0,-0.5116230711578834,0.4263679857426386,574399.87,1470458.1431289809,7.0
2026-07-08 11:51:00,AMBER_BUILDING,50.962608942286145,0.6655771396253076,0,0.6404554204952688,0.41284181901414324,1488386.8399999999,1470458.1431289809,7.0
2026-07-08 11:52:00,AMBER_BUILDING,50.22990058253581,0.7041005952900087,0,-0.8137917697077973,0.4365667557658321,450174.69,1480339.404508505,7.0
2026-07-08 13:39:00,AMBER_BUILDING,51.35090665506198,0.7777142233179821,0,-1.591607003417858,0.4687022131262376,380102.65,1699364.0210600726,4.0
2026-07-08 13:40:00,AMBER_BUILDING,54.85135630663848,0.7561348609779105,0,-0.05841754178081515,0.42292503622385036,1071073.24,1693090.8294198618,7.0
2026-07-08 13:41:00,AMBER_BUILDING,54.56964411192769,0.7492524832255184,0,-0.25570993521601476,0.41500701363742365,952283.1699999999,1693090.8294198618,7.0
2026-07-08 13:42:00,AMBER_BUILDING,52.01110667663851,0.7068683776247365,0,0.3033414625455982,0.4158865483771408,1371078.8699999999,1655662.583474199,10.0
2026-07-08 13:43:00,AMBER_BUILDING,50.48170002230122,0.6811503087220234,0,0.10344746195489439,0.4223983645502978,1172274.44,1623575.8034225735,8.0
2026-07-08 14:40:00,AMBER_BUILDING,52.42676027119376,0.7259086736943364,0,-0.3019358636440143,0.4240229857969334,943066.83,1797111.4757256461,5.0
2026-07-08 14:41:00,AMBER_BUILDING,63.32807290931496,1.1084843996133793,1,-6.144661855596376,0.6254372141432525,11741.89,1764119.5338970488,1.0
2026-07-08 14:42:00,AMBER_BUILDING,71.06034706483223,1.1192851570082043,1,-1.0356802275053802,0.4789713462683932,518787.92999999993,1749247.028783102,5.0
2026-07-08 14:44:00,AMBER_BUILDING,73.36172968652997,0.9741222737045013,0,0.9801434660932571,0.45796491996190064,2381767.0300000003,1733283.720978202,6.0
2026-07-08 14:45:00,AMBER_BUILDING,72.9851971423566,1.0639297523219473,0,-1.9430854921826197,0.514560661758329,283904.47,1468113.0774284045,3.0
2026-07-08 14:46:00,AMBER_BUILDING,76.8685111161181,1.1944535499448945,0,-2.645723745951788,0.5132535385727178,162196.52000000002,1468113.0774284045,3.0
2026-07-08 14:50:00,AMBER_BUILDING,76.09540511253515,0.9519600903916242,0,2.1502821252311204,0.48352208175141537,4426077.11,1451996.1830342286,12.0
2026-07-08 14:51:00,AMBER_BUILDING,71.47461868886664,0.9332330062614929,0,-0.30453743236205066,0.4825020277474326,785360.5,1451996.1830342286,8.0
2026-07-08 14:52:00,AMBER_BUILDING,65.79797471612191,0.9071941796090863,0,-0.16738525718572805,0.42795268281301596,853273.3,1429851.101300683,7.0
2026-07-08 14:53:00,AMBER_BUILDING,64.42979590995117,0.9406915597193651,0,-1.0558838719163992,0.454559657488692,459577.92000000004,1417714.9343766142,5.0
2026-07-08 14:54:00,AMBER_BUILDING,66.22406660630178,1.0078141899476227,0,-1.6143289711597815,0.4730770075997048,309498.94,1404575.1380702052,5.0
2026-07-08 14:55:00,AMBER_BUILDING,68.00080537343857,0.9552677446791857,0,0.1574762103032673,0.4599016204905773,1019696.76,1392004.4929736897,6.0
2026-07-08 14:56:00,AMBER_BUILDING,68.37996858145603,0.9484851449954009,0,-0.5059946136344262,0.45557038757236357,644306.2699999999,1379307.979790279,4.0
2026-07-08 14:57:00,AMBER_BUILDING,64.50442427163036,0.8229771965976992,0,1.4192730656990162,0.49300646781890567,2358158.4,1364805.8148078679,3.0
2026-07-08 14:58:00,AMBER_BUILDING,60.00959130386193,0.7356311092387076,0,0.9588946743298778,0.45427779330498336,1730705.88,1364805.8148078679,11.0
2026-07-08 14:59:00,AMBER_BUILDING,55.302373945701454,0.7218421073245211,0,-0.10258112459772814,0.4310694421013198,839310.6799999999,1379307.979790279,7.0
2026-07-08 15:00:00,AMBER_BUILDING,54.29800736314576,0.7856308664751445,0,-1.334856230738801,0.4485588329801648,443084.13,1415486.7572701375,5.0
2026-07-08 15:01:00,AMBER_BUILDING,54.500571075382595,0.745890136241933,0,0.23770040009065802,0.452539033439475,1125929.72,1407850.406767246,5.0
2026-07-08 15:02:00,AMBER_BUILDING,53.9801006542098,0.7075968215404725,0,0.27162882362893387,0.4443397277703225,1140434.98,1398813.7458354768,3.0
2026-07-08 15:03:00,AMBER_BUILDING,50.831253497036776,0.6374745884920057,0,0.8230615785955699,0.4256553227110839,1590991.6199999999,1398813.7458354768,8.0
2026-07-08 15:04:00,AMBER_BUILDING,52.02991748959058,0.757793407582057,0,-2.1568063787290948,0.48911058209871494,282759.47,1407850.406767246,3.0
2026-07-08 15:05:00,AMBER_BUILDING,53.30947925837419,0.7785848730659263,0,-0.7201847165438092,0.44272853159049963,653270.3,1407850.406767246,5.0
2026-07-08 15:06:00,AMBER_BUILDING,56.87674537270821,0.8074509191816976,0,-0.8384489866215071,0.45405046104050933,594550.81,1407850.406767246,5.0
2026-07-08 15:07:00,AMBER_BUILDING,56.34912075297499,0.7821362969592365,0,-0.025588475799810363,0.4342995503411416,971118.79,1407850.406767246,6.0
2026-07-08 15:08:00,AMBER_BUILDING,56.96588297894633,0.7834512896581014,0,-0.40802809973597576,0.46381831934982376,769596.71,1407850.406767246,4.0
2026-07-08 15:09:00,AMBER_BUILDING,65.80218631288645,1.1339777648461735,1,-6.045013396583999,0.6081506304241923,26610.26,1398813.7458354768,1.0
2026-07-08 15:10:00,AMBER_BUILDING,71.85353776186317,1.0727485586518428,0,0.06234615435544574,0.46992636762707785,981500.6599999999,1372173.9207791267,5.0
2026-07-08 15:11:00,AMBER_BUILDING,75.25175246042927,0.9956881445438732,0,0.4727659631316015,0.4208097168397449,1261161.0300000003,1372173.9207791267,4.0
2026-07-08 15:12:00,AMBER_BUILDING,68.3333274095089,0.9077566920322472,0,0.7498456061591471,0.42007246849241725,1456554.31,1344978.7733893776,6.0
2026-07-08 15:13:00,AMBER_BUILDING,72.64492027659506,1.18176718405735,1,-4.9948517606736615,0.5985574409526757,52484.02,1372173.9207791267,1.0
2026-07-08 15:14:00,RED_EARLY_WARNING,78.55543033581006,1.245144891585362,0,-1.9302866192628672,0.5222954772187385,294944.2,1372173.9207791267,3.0
2026-07-08 15:16:00,RED_EARLY_WARNING,78.356168356584,0.9738560647941086,0,2.0810861566647834,0.4776554664425511,3383529.9,943371.0392484097,4.0
2026-07-08 15:17:00,AMBER_BUILDING,72.01962589095207,0.9290151756406846,0,0.05104717079753796,0.46571304530975594,599216.81,943371.0392484097,7.0
2026-07-08 15:18:00,AMBER_BUILDING,65.84407841760377,0.8779893451696975,0,0.2115959224966332,0.4341637824528313,681388.16,934125.2944069655,7.0
2026-07-08 15:19:00,AMBER_BUILDING,63.16068313128314,0.8829332301613173,0,-0.6241222722550508,0.45559251072429674,344613.47,934125.2944069655,3.0
2026-07-08 15:20:00,AMBER_BUILDING,59.80337971024128,0.7384903433056608,0,1.821776081663798,0.47069369129708516,2495496.24,934125.2944069655,8.0
2026-07-08 15:21:00,AMBER_BUILDING,57.74580562113172,0.752018484838825,0,-0.598862136380071,0.4980516662985408,351248.91,943371.0392484097,2.0
2026-07-08 15:22:00,AMBER_BUILDING,53.00928361357975,0.6260116486113486,0,1.7239652468525624,0.4783280325886659,2281142.55,934125.2944069655,7.0
2026-07-08 15:23:00,AMBER_BUILDING,52.46278473722429,0.7108875954452638,0,-1.619193359651224,0.5267240722008371,145378.52,937545.6315303025,2.0
2026-07-08 15:37:00,AMBER_BUILDING,55.44467752570816,1.5835751877407394,1,-17.028788636412493,0.6893167727327362,0.0,985148.2078181138,0.0
2026-07-08 15:38:00,AMBER_BUILDING,70.2482780968506,1.4999012499830109,0,-1.0006631633950531,0.5626474913204808,274718.75,978688.8188366914,2.0
2026-07-08 15:45:00,AMBER_BUILDING,76.69674565111694,0.9716571748390351,0,0.49875998100888386,0.4783135987281211,906062.5,914641.7336211336,4.0
2026-07-08 15:46:00,AMBER_BUILDING,71.82544039336024,0.9815490346279788,0,-0.809698832950745,0.5374928664513285,228402.31,905090.8189746984,1.0
2026-07-08 15:47:00,AMBER_BUILDING,72.55894888246168,1.0943725995975362,0,-2.3368002999858066,0.5698165269663982,44550.48,900737.491988648,1.0
2026-07-08 15:48:00,AMBER_BUILDING,73.58006569581244,1.0204059714107088,0,0.30325640108678725,0.4859243929218618,718849.47,900737.491988648,3.0
2026-07-08 15:49:00,AMBER_BUILDING,71.45057802491284,0.8674488969499755,0,1.5974166162053047,0.5106420424832849,2785162.77,896131.0682514579,6.0
2026-07-08 15:50:00,AMBER_BUILDING,68.58714683130249,0.9680839106271568,0,-2.066857829420996,0.5599547134374052,59757.700000000004,896131.0682514579,2.0
2026-07-08 15:51:00,AMBER_BUILDING,67.15169991098458,0.9625790946535036,0,-0.575495258248912,0.4971832999220851,282738.48,896131.0682514579,4.0
2026-07-08 15:52:00,AMBER_BUILDING,67.41149586038381,0.898080435904273,0,0.3252434158287564,0.4915867036826644,730024.9,887227.6467804388,8.0
2026-07-08 15:53:00,AMBER_BUILDING,62.48577082145544,0.7874313722956467,0,1.1010306797528606,0.4691149742679228,1633490.23,887227.6467804388,8.0
2026-07-08 15:54:00,AMBER_BUILDING,57.63825760709602,0.7128267014128954,0,0.6773599261336517,0.48119396477841425,1071286.6900000002,896131.0682514579,5.0
2026-07-08 15:55:00,AMBER_BUILDING,53.05381463807088,0.6734617059735917,0,0.24162947351371214,0.4891813826470161,692265.92,900737.491988648,3.0
2026-07-08 15:58:00,AMBER_BUILDING,50.33308159554078,0.7199958860062028,0,-0.8219427051940036,0.48217173390651874,243959.12000000002,900737.491988648,3.0
2026-07-08 15:59:00,AMBER_BUILDING,50.126903939118364,0.5755084757189451,0,1.8008036277634778,0.5237626429920061,3240332.14,900737.491988648,4.0
2026-07-08 16:46:00,AMBER_BUILDING,58.80646103272685,0.9489001071727895,0,-2.2094941454559383,0.4965053065130836,372659.23,1970051.588771665,6.0
2026-07-08 16:47:00,AMBER_BUILDING,67.4589270857545,0.9408622476525288,0,-0.5402304935209138,0.4672683527624422,1016841.01,1970051.588771665,5.0
2026-07-08 16:48:00,AMBER_BUILDING,64.71894175063103,0.7698331066064948,0,2.0354886431673243,0.4799942743740718,5037139.14,1970051.588771665,8.0
2026-07-08 16:49:00,AMBER_BUILDING,57.76220428072756,0.6677311695024926,0,1.160853389343792,0.4313053356021691,2939311.52,1981679.2286934294,11.0
2026-07-08 16:50:00,AMBER_BUILDING,50.099764517798654,0.5693259242459283,0,1.2355461219943762,0.4417667962080216,3091011.1500000004,2001798.3369415177,8.0
2026-07-08 17:46:00,AMBER_BUILDING,51.8254423842477,0.6910651335333731,0,-0.04088359754879257,0.434146467816189,927501.1799999999,1523581.9034252546,4.0
2026-07-08 17:47:00,AMBER_BUILDING,50.73730405711797,0.673959519092004,0,-0.01818475413261377,0.42618347284672914,938503.6699999999,1523581.9034252546,5.0
2026-07-09 06:16:00,AMBER_BUILDING,57.18925082295875,4.441452852869956,0,0.4163135906027653,0.5483317527985984,196245.52000000002,208530.20107026433,2.0
2026-07-09 06:30:00,AMBER_BUILDING,74.12242926238254,0.9523497709662676,0,0.5702971304071761,0.4784415858898557,646904.01,474877.1322107845,2.0
2026-07-09 06:31:00,AMBER_BUILDING,69.02668051144188,0.8434368177261883,0,-0.26468846538730284,0.5073873231134419,163770.68,481369.90501235164,1.0
2026-07-09 06:32:00,AMBER_BUILDING,63.77067732423876,0.7707192140972106,0,0.2922923295178458,0.4854508151365139,402152.56999999995,474877.1322107845,2.0
2026-07-09 06:33:00,AMBER_BUILDING,59.15513974904673,0.7242090076879835,0,0.7015865277946025,0.487051903745616,792898.26,474877.1322107845,2.0
2026-07-09 06:34:00,AMBER_BUILDING,55.585746757178605,0.6752414463449561,0,0.5572799670748211,0.4685848613772431,645199.23,481369.90501235164,2.0
2026-07-09 06:35:00,AMBER_BUILDING,52.0903679021903,0.5999086157239059,0,-0.06819334219794347,0.48114116647655497,244174.32,481369.90501235164,3.0
2026-07-10 06:16:00,AMBER_BUILDING,58.94873729388053,4.039802854214664,1,-8.32037176232882,0.6625675107431165,0.0,219374.93210471503,0.0
2026-07-10 06:28:00,RED_EARLY_WARNING,79.2575072994138,0.888800924583361,1,-8.31523264303697,0.6347725481409676,0.0,214935.8347192089,0.0
2026-07-10 06:29:00,AMBER_BUILDING,71.65294811970034,0.7761813403934299,0,-0.8231182483263784,0.5665521677705907,53150.16,214935.8347192089,1.0
2026-07-10 06:30:00,AMBER_BUILDING,60.00322831398838,0.6176153740034078,0,-2.251129281833679,0.5695846696894106,19654.72,492798.91049146495,1.0
2026-07-10 06:31:00,AMBER_BUILDING,51.83054224573053,0.5555487250512109,0,-0.16192198189436321,0.478649322615295,324853.22,492798.91049146495,3.0
2026-07-10 15:04:00,AMBER_BUILDING,50.308520680897395,0.2009721694923201,2,-5.192600961139503,0.5582397913543331,93293.27,1344978.7733893776,2.0
2026-07-10 15:32:00,AMBER_BUILDING,56.47806161112508,0.6933372852598084,0,-1.2901831122619714,0.45850139672843776,524533.71,985148.2078181138,5.0
2026-07-10 15:33:00,AMBER_BUILDING,50.12470814744216,0.6045853382594977,0,0.3847075211137218,0.4780004082838998,1691404.68,985148.2078181138,7.0
2026-07-13 06:16:00,AMBER_BUILDING,59.34451669727674,1.9919953130326005,2,-11.05178454170303,0.6269527831504275,0.0,213655.37925154922,0.0
2026-07-13 06:19:00,RED_EARLY_WARNING,84.1437078883984,0.8669721178107151,3,-10.688226220134704,0.6488000066887718,0.0,213655.37925154922,0.0
2026-07-13 06:20:00,RED_EARLY_WARNING,79.6424922023577,0.4239928274478243,3,-10.504519499911614,0.6410757520222038,0.0,208530.20107026433,0.0
2026-07-13 06:22:00,AMBER_BUILDING,64.81518356985084,0.041765445573378454,1,0.353451572590909,0.5333950085883822,407457.77,201798.69664514388,2.0
2026-07-13 06:23:00,AMBER_BUILDING,53.87683467423296,0.07401624205085905,0,0.7673173410291345,0.49145794707084295,677965.49,203222.98046089927,2.0
2026-07-13 06:49:00,AMBER_BUILDING,53.3043093602876,0.7582437335535768,0,-0.6974483739456306,0.4863943646493574,469429.20999999996,688892.9492089092,4.0
2026-07-13 06:50:00,AMBER_BUILDING,57.63707330360206,0.7237063515551748,0,-0.8843448170039138,0.4211233866849805,404869.65,688892.9492089092,4.0
2026-07-13 06:51:00,AMBER_BUILDING,51.769630713626036,0.629810198510055,0,0.7547008994294442,0.4521443017307013,1378909.18,666636.0760054825,10.0
2026-07-13 07:04:00,AMBER_BUILDING,50.92431565009457,0.48246403158318873,0,-1.704317349897007,0.4302769443588296,374223.69,999188.0058653388,4.0
2026-07-13 09:54:00,AMBER_BUILDING,50.13912041201263,0.8174111839938,1,-8.369876118335041,0.6365767762871133,40663.89,2464235.484984869,2.0
2026-07-13 09:55:00,AMBER_BUILDING,51.955783910531004,0.6937316214950493,0,1.4278814035911511,0.4927588996364332,4536938.62,2446847.519856211,16.0
2026-07-13 09:56:00,AMBER_BUILDING,54.06095558655829,0.5832699351553923,0,1.4222956710830448,0.4633335587818213,4557706.23,2446847.519856211,20.0
2026-07-13 11:33:00,AMBER_BUILDING,50.10960961629306,1.525307164789524,1,-19.06805897305543,0.689867061281336,0.0,1296285.4806762412,0.0
2026-07-13 11:34:00,AMBER_BUILDING,68.31097728389722,1.2737112500911636,0,1.5246175467844607,0.5281700607379902,2943729.14,1274010.1089787676,8.0
2026-07-13 11:36:00,AMBER_BUILDING,76.35406047588062,0.9464297921824556,0,1.2102164563690303,0.4732808043739039,2416600.69,1274010.1089787676,5.0
2026-07-13 11:37:00,AMBER_BUILDING,67.60104407383915,0.7710314004724158,1,1.9869439897760626,0.5480747240778593,4690581.64,1296285.4806762412,3.0
2026-07-13 11:38:00,AMBER_BUILDING,58.32918160656593,0.6581463919320939,1,1.1614189268753534,0.4779904569529791,2504074.44,1296285.4806762412,4.0
2026-07-13 11:39:00,AMBER_BUILDING,51.23558331150878,0.6015879693786423,1,0.4034536285370806,0.48239074873405774,1388024.52,1318798.4914735144,10.0
2026-07-13 14:57:00,AMBER_BUILDING,51.38510021350189,0.732029126279025,2,-3.594635555601233,0.5396730060054787,47807.56999999999,1272757.3118272224,3.0
2026-07-13 14:58:00,AMBER_BUILDING,54.76329244689176,0.6914186888490524,2,-0.23439924979388557,0.43910544137584195,965685.28,1259659.041280152,5.0
2026-07-13 14:59:00,AMBER_BUILDING,53.221780831404494,0.565861039556281,0,1.1576728378080972,0.4499214782995718,3334459.04,1252357.5666540898,9.0
2026-07-13 17:56:00,AMBER_BUILDING,55.83079809702915,0.8945868293160101,0,-1.963453338153469,0.5142796829499591,292655.83,1577421.6065055584,5.0
2026-07-13 17:57:00,AMBER_BUILDING,64.63877613350029,0.8675679175675266,0,-0.5023329712046002,0.4317919938229295,878223.0700000001,1568032.7382440113,5.0
2026-07-13 17:58:00,AMBER_BUILDING,60.857885397941686,0.7659654671750531,0,0.813850108226317,0.43475976165082303,2337381.37,1542037.6826260167,5.0
2026-07-13 17:59:00,AMBER_BUILDING,56.939558491695784,0.7456089865376718,0,-0.4291972425156742,0.4480328936778656,916820.59,1542037.6826260167,4.0
2026-07-13 18:00:00,AMBER_BUILDING,52.80325230990883,0.6668493916066875,0,0.5637875206868335,0.43119582354868735,1388282.81,1001391.0400000005,6.0
2026-07-14 06:16:00,AMBER_BUILDING,57.657139836136615,3.6288052795121,0,-0.5963013810889125,0.5590839187688534,56123.11,203222.98046089927,1.0
2026-07-14 06:20:00,AMBER_BUILDING,58.15359827981596,1.5985908278409708,0,-7.2027039815633,0.6301522160293226,0.0,198833.15025711257,0.0
2026-07-14 06:32:00,AMBER_BUILDING,57.202317004251974,0.5474197080304273,0,0.9948593411411918,0.48614427849979536,1126472.42,474877.1322107845,2.0
2026-07-15 06:35:00,AMBER_BUILDING,64.00845292646396,1.1775484695546847,2,-14.457803166297847,0.652495840603937,0.0,486250.3146489475,0.0
2026-07-15 06:45:00,AMBER_BUILDING,75.76766704062423,0.981018342021273,0,0.5094531495151973,0.4593204835548838,896334.12,623446.8900587686,6.0
2026-07-15 06:46:00,AMBER_BUILDING,72.38460848623829,0.9982572801250442,0,-2.325868292670428,0.5024657497563967,128691.91,623446.8900587686,2.0
2026-07-15 06:47:00,AMBER_BUILDING,69.42760897584822,0.9461777126394825,0,-0.6767104465950885,0.45118651978664326,393072.24000000005,623446.8900587686,4.0
2026-07-15 06:48:00,AMBER_BUILDING,67.82530383542081,0.9047311616539424,0,-0.8214522221147643,0.44623966526364034,353963.61,623063.2010598003,4.0
2026-07-15 06:49:00,AMBER_BUILDING,63.143806498176296,0.8537383311713433,0,-0.5118216517632211,0.42733599948587886,429788.07999999996,616204.6275590373,3.0
2026-07-15 06:50:00,AMBER_BUILDING,70.79745837746687,1.5940727695005894,1,-19.267725854810422,0.6859669586548375,0.0,616204.6275590373,0.0
2026-07-15 06:51:00,AMBER_BUILDING,76.66728222065355,1.4674257716168098,0,-0.7040803892738041,0.5005256245531569,378373.51,616204.6275590373,2.0
2026-07-15 06:56:00,AMBER_BUILDING,72.60986966905047,0.9166644413841271,0,0.5636828341781013,0.42831012753114894,884586.89,590388.8845912167,3.0
2026-07-15 06:57:00,AMBER_BUILDING,66.21776726184996,0.841960751806937,0,0.03256349098964169,0.460888255367113,604341.72,590388.8845912167,4.0
2026-07-15 06:58:00,AMBER_BUILDING,71.88362504469353,1.544456518792351,1,-18.63433655659012,0.6846904253954172,0.0,607273.7027089766,0.0
2026-07-15 06:59:00,AMBER_BUILDING,77.68848486614193,1.358065954402281,0,0.93760141101985,0.501879794282329,1221795.69,607273.7027089766,5.0
2026-07-15 07:06:00,AMBER_BUILDING,74.01619375939913,0.9714524749532963,0,0.419948349440611,0.40999170605672863,1152895.1199999999,847169.6837312918,6.0
2026-07-15 07:07:00,AMBER_BUILDING,66.60765087514996,0.8025890378078423,0,2.2507858274338406,0.45903449933318485,4385730.73,847169.6837312918,5.0
2026-07-15 07:08:00,AMBER_BUILDING,59.38482496287447,0.7239687546704823,0,0.35138623395487867,0.4327560286408482,1098422.7,847169.6837312918,3.0
2026-07-15 07:09:00,AMBER_BUILDING,53.25905575931048,0.6340582268511702,0,0.7965879491805126,0.45711357500187705,1540919.29,855757.4123995602,3.0
2026-07-15 07:17:00,AMBER_BUILDING,58.21733082743133,1.213472878916013,1,-21.605913757067615,0.6869360804661001,0.0,1025276.0209578061,0.0
2026-07-15 07:18:00,AMBER_BUILDING,73.54173975103843,1.264822991508125,0,-4.460103738309262,0.5908021764303178,55881.2,1009704.1767737321,1.0
2026-07-15 07:24:00,AMBER_BUILDING,68.94977275410335,0.9182993621383427,0,0.4112703755585352,0.42068766096299565,1275792.59,957611.025685577,4.0
2026-07-15 07:25:00,AMBER_BUILDING,64.10866560993234,0.8501774807927666,0,-0.13326942470298078,0.4184553637812355,890107.9099999999,975655.4024214612,4.0
2026-07-15 07:26:00,AMBER_BUILDING,59.77920012770759,0.8125020121948868,0,-0.7662270534644182,0.42173108343434484,565003.75,957611.025685577,4.0
2026-07-15 07:27:00,AMBER_BUILDING,55.513174539484915,0.7099636565144275,0,0.9493287983706515,0.42006672440093806,1841122.8900000001,957611.025685577,8.0
2026-07-15 07:28:00,AMBER_BUILDING,51.89138267302864,0.5594454349185681,0,2.363627276536264,0.4799493046106591,4992407.55,957611.025685577,12.0
2026-07-15 07:32:00,AMBER_BUILDING,52.472603855106804,0.6396950928389576,0,-0.7126847178671611,0.4169368536776036,759678.5,1210851.7099110123,6.0
2026-07-15 12:46:00,AMBER_BUILDING,54.80137495063699,0.8071716359565095,0,-0.8750215503207667,0.45212662945384213,554955.06,1556112.4909266403,4.0
2026-07-15 12:47:00,AMBER_BUILDING,58.622688413439995,0.833131587638172,0,-0.84729424112307,0.4403401856367016,568470.75,1556112.4909266403,6.0
2026-07-15 12:48:00,AMBER_BUILDING,59.64536310580422,0.8748583345472599,0,-1.0643839389758127,0.4568248159026442,455033.05,1550835.3273194495,5.0
2026-07-15 12:49:00,AMBER_BUILDING,60.40831224540184,0.8491871298602566,1,-0.2356871299609805,0.42696473421679804,936417.25,1550835.3273194495,7.0
2026-07-15 12:50:00,AMBER_BUILDING,58.08961019018386,0.7413320928920121,0,0.8304808275951683,0.42483498434076405,2440572.63,1550835.3273194495,6.0
2026-07-15 12:51:00,AMBER_BUILDING,52.70035225101031,0.5959377087298307,0,1.4035216953144893,0.4494412343548573,4122033.8499999996,1556112.4909266403,13.0
2026-07-16 06:34:00,AMBER_BUILDING,53.300972329683724,0.940673130195241,1,-10.75489395588868,0.6690040343199396,0.0,464337.6016558642,0.0
2026-07-16 06:35:00,AMBER_BUILDING,69.8011382799519,1.4156731359931924,3,-10.370468975619898,0.6494486759738588,0.0,464337.6016558642,0.0
2026-07-16 06:36:00,RED_EARLY_WARNING,84.25873207529486,1.3170008195004226,2,-0.1958672260824905,0.5274694622598501,241706.16,458244.30968606065,1.0
2026-07-16 06:45:00,AMBER_BUILDING,72.44851528504331,0.9767474664721273,0,0.11355544465468885,0.43840887992501626,503686.64,607273.7027089766,3.0
2026-07-16 06:46:00,AMBER_BUILDING,69.63538965896963,0.9583443967702374,0,-0.8471166189466275,0.4783599799134474,214679.41,607273.7027089766,1.0
2026-07-16 06:47:00,AMBER_BUILDING,67.3888958416863,0.9391271048924803,0,-0.796118380991255,0.47519027325565705,208988.85,587538.4234647226,1.0
2026-07-16 06:48:00,AMBER_BUILDING,64.270660672936,0.8000670606041858,0,1.5477397066104739,0.4512706925786477,1855956.8200000003,587538.4234647226,5.0
2026-07-16 06:49:00,AMBER_BUILDING,59.5945297323602,0.7386497586544681,0,0.2570883155705615,0.4234622948205012,578283.21,607273.7027089766,3.0
2026-07-16 06:50:00,AMBER_BUILDING,53.15183900669368,0.643148905948971,0,1.0132135804178206,0.4297932616552179,1145068.93,607273.7027089766,8.0
2026-07-16 11:59:00,AMBER_BUILDING,52.144790062221155,0.6453540118819693,0,-0.6139951351833863,0.46072075700726756,608166.28,1300222.4666885687,2.0
2026-07-16 12:09:00,AMBER_BUILDING,52.16988004076811,0.8779791357858783,1,-4.423848880654762,0.58753466265463,55197.34,1484947.7472744843,1.0
2026-07-16 12:10:00,AMBER_BUILDING,58.85837737708005,0.8451706579657463,0,-0.3691550482759709,0.4845314459428302,973138.31,1470976.3370398304,6.0
2026-07-16 12:11:00,AMBER_BUILDING,61.423842485756495,0.7598176071090246,0,0.4648401109559189,0.44225899591855794,1733214.01,1435878.292875724,8.0
2026-07-16 12:12:00,AMBER_BUILDING,54.24847254315171,0.6508300852579781,0,0.9050027699735935,0.4323266170204906,2418936.76,1470976.3370398304,9.0
2026-07-16 13:18:00,AMBER_BUILDING,55.759271230976424,0.9330843081892979,1,-5.349101045025319,0.6034156320385322,35844.14,1587667.3899352604,1.0
2026-07-16 13:19:00,AMBER_BUILDING,57.08875900898062,0.7175553034038694,0,2.200433332324986,0.5041731088561338,6361717.279999999,1587667.3899352604,11.0
2026-07-16 13:20:00,AMBER_BUILDING,57.8970147658923,0.611260451015294,0,0.8818677486377134,0.43761518445170944,2588848.5599999996,1587667.3899352604,11.0
2026-07-17 06:32:00,AMBER_BUILDING,53.388543385830765,0.5799898811321904,0,-1.5139182861906821,0.535246649751578,55589.63,448696.66773059673,1.0
2026-07-17 06:34:00,AMBER_BUILDING,50.75811170293091,0.011025169744183569,1,-10.009910469209327,0.6650537073331936,0.0,448696.66773059673,0.0
2026-07-20 06:32:00,AMBER_BUILDING,55.3822856407945,0.649848579811214,0,-1.1185424076900323,0.521297710112795,238995.90999999997,458244.30968606065,3.0
2026-07-20 06:33:00,AMBER_BUILDING,52.99594283362364,0.6356972303220417,0,0.7291411030655035,0.5077585145364865,1142537.75,458244.30968606065,4.0
2026-07-20 06:34:00,AMBER_BUILDING,50.32759867742545,0.6100238933590748,0,0.3585639326959537,0.49536528764742266,852927.47,464337.6016558642,3.0
2026-07-20 13:19:00,AMBER_BUILDING,51.43323242789333,0.7726345817354192,1,2.2236951586820766,0.5039732100496666,6948073.41,1576322.1264344773,14.0
2026-07-20 13:20:00,AMBER_BUILDING,53.91318744979267,0.7578506436394435,1,0.3068066648181929,0.4776958136508166,2328283.76,1587667.3899352604,16.0
2026-07-20 13:21:00,AMBER_BUILDING,56.32666702826581,0.753697613969307,1,0.4332017190883727,0.4410510225354528,2500625.13,1587667.3899352604,13.0
2026-07-20 13:22:00,AMBER_BUILDING,53.048584804188174,0.66973382228387,0,-0.7000286427331295,0.42371100012020135,1331022.42,1613260.1151542403,8.0
2026-07-20 16:04:00,AMBER_BUILDING,53.131565477271955,0.20513060157442045,0,-2.354353968017842,0.45039421004975183,344503.08999999997,916586.7949658721,3.0
2026-07-21 12:38:00,AMBER_BUILDING,56.706435650130665,0.6604483130605098,2,-1.985605011824863,0.4490943357223958,646012.88,1934877.6993376974,5.0
2026-07-21 12:39:00,AMBER_BUILDING,52.191937116854064,0.5524798727447134,0,1.1375558009658542,0.45461586402006987,3216966.4899999998,1904153.3201427923,8.0
2026-07-21 13:55:00,AMBER_BUILDING,57.305438998372885,0.7014947365363237,1,0.034058471670213836,0.49718919617501567,1789329.59,1786512.767132862,8.0
2026-07-21 13:56:00,AMBER_BUILDING,58.01976849133703,0.75583723361003,0,-2.0342348964219332,0.4657740246226983,529277.22,1790635.8332095935,6.0
2026-07-21 13:57:00,AMBER_BUILDING,52.8725399627686,0.6065883175101389,0,1.660264165068742,0.49946617042741537,4772184.49,1785209.5316392756,8.0
2026-07-21 13:58:00,AMBER_BUILDING,50.68320334884148,0.6086300941220246,0,-0.9102762532625915,0.4512334723895721,1014436.9299999999,1785209.5316392756,7.0
2026-07-21 14:19:00,AMBER_BUILDING,52.09010544686044,0.43688505946119544,1,-3.105766985852141,0.516947641529493,181861.46000000002,1470797.4533587114,4.0
2026-07-21 14:20:00,AMBER_BUILDING,50.732544215452464,0.4761588264516819,1,-1.2083805783605805,0.47734036695545173,630162.4099999999,1470797.4533587114,4.0
2026-07-23 07:46:00,AMBER_BUILDING,50.505597491319406,1.2902395669175692,2,-22.76858360710114,0.6861369343399994,0.0,1541653.9955727835,0.0
2026-07-23 07:47:00,AMBER_BUILDING,65.21951885386467,1.044618153327863,0,2.195900625209058,0.5272228613773157,6059337.14,1533305.422956831,7.0
2026-07-23 07:48:00,AMBER_BUILDING,77.67968002322068,0.9295636613509178,0,0.6685243801539614,0.41440691560242326,2367543.36,1541653.9955727835,7.0
2026-07-23 07:49:00,AMBER_BUILDING,71.63081590240209,0.9615966580305932,0,-2.2913743418965242,0.4422221977455587,359430.85,1548268.4245579345,6.0
2026-07-23 07:50:00,AMBER_BUILDING,69.93729586873285,0.9742529055377247,0,-1.9199516935325098,0.46925701496786143,451621.5,1548268.4245579345,2.0
2026-07-23 07:51:00,AMBER_BUILDING,69.11243369533024,0.8889867331588436,0,0.15285728974001098,0.41502476859827253,1703546.8199999998,1541653.9955727835,6.0
2026-07-23 07:52:00,AMBER_BUILDING,69.4168539399163,0.9507007648529835,0,-2.8497063646343785,0.4829211939070397,241543.62,1548268.4245579345,3.0
2026-07-23 07:53:00,AMBER_BUILDING,67.34168621810595,0.8868003057750264,0,-0.26920652767270065,0.4223534791861047,1297262.98,1548268.4245579345,9.0
2026-07-23 07:54:00,AMBER_BUILDING,64.78611300616896,0.7762666579883779,0,0.8439974033987722,0.48362355321296874,2669438.03,1548268.4245579345,4.0
2026-07-23 07:55:00,AMBER_BUILDING,56.971578178164656,0.6530418972120478,0,1.2719440220076499,0.4701339696235679,3643392.28,1548268.4245579345,11.0
2026-07-23 07:56:00,AMBER_BUILDING,50.12728768163944,0.5893800775033393,0,0.22967885031338098,0.41489028967000136,1823845.9,1548268.4245579345,7.0
2026-07-24 06:31:00,AMBER_BUILDING,51.960739004774155,1.0420958308367605,0,-0.11248787290036862,0.4644758348581775,354369.95,401478.434033269,3.0
2026-07-24 06:32:00,AMBER_BUILDING,74.34224943221209,0.9054733777112068,0,-1.3454119494453127,0.5167604877013687,90227.09,401478.434033269,1.0
2026-07-24 06:33:00,AMBER_BUILDING,68.08093274093575,0.832234242533287,0,-0.012334747940849369,0.47339285736568065,393627.51,399051.80102171854,4.0
2026-07-24 06:34:00,AMBER_BUILDING,62.35901674692794,0.7544301535928613,1,-0.28512582044531753,0.5016701351799717,290298.04,396171.0818986184,4.0
2026-07-24 06:35:00,AMBER_BUILDING,60.371263207505116,0.23640391697121102,2,-11.802778612239512,0.6509007970895425,0.0,388960.7257497162,0.0
2026-07-24 06:36:00,AMBER_BUILDING,53.90516146363219,0.2478433306284162,0,0.810661060667806,0.5257821426299085,936133.58,372304.35080392414,6.0
2026-07-24 16:20:00,AMBER_BUILDING,54.82467590409737,0.7310936958770865,0,0.8514131440160086,0.5504736226589114,2113456.96,976194.3830107538,8.0
2026-07-24 16:21:00,AMBER_BUILDING,57.55027904877457,0.6098897950451532,0,1.020568198999749,0.4926366705151911,2399271.96,976194.3830107538,9.0
2026-07-24 16:22:00,AMBER_BUILDING,51.45227340252156,0.6556364160640578,0,-2.095707996479899,0.5079152545472183,256866.52,987930.5266976198,5.0
2026-07-24 16:24:00,AMBER_BUILDING,50.29257425255644,0.6341216982208513,0,-0.5124044637504129,0.46504608153500615,785602.62,970938.5795023837,6.0
2026-07-27 06:32:00,AMBER_BUILDING,62.09018434972694,0.7316801034051075,0,-1.4780725963062205,0.5119253611184286,87781.82,388960.7257497162,1.0
2026-07-27 06:33:00,AMBER_BUILDING,59.86446934380422,0.27733205449881315,1,-10.570402314797562,0.6496382467197841,0.0,372304.35080392414,0.0
2026-07-27 06:34:00,AMBER_BUILDING,53.04236859959545,0.23910414089592374,0,-0.6137397435546207,0.5047805694392475,221687.00999999998,358595.6330548402,2.0
2026-07-28 06:33:00,AMBER_BUILDING,61.179788144638145,1.0625309893188777,2,-9.673571582810103,0.6375852324594494,0.0,355466.23924853315,0.0
2026-07-28 06:34:00,AMBER_BUILDING,72.12629047266726,1.0189804312717219,1,-1.3155837242237862,0.5230869180340545,82522.27,334819.48541999224,1.0
2026-07-28 06:40:00,AMBER_BUILDING,72.3187325068954,0.9968899440537912,0,-1.2720816696448842,0.48123241123603017,77077.44,294101.8477837028,1.0
2026-07-28 06:41:00,AMBER_BUILDING,70.9020071167714,0.9303051486534443,0,-0.5654925270585967,0.4553839110991638,196443.89,291689.1568746839,1.0
2026-07-28 06:42:00,AMBER_BUILDING,74.82685834489887,1.2804446557039546,1,-9.35594913837954,0.6429455866349086,0.0,291689.1568746839,0.0
2026-07-28 06:43:00,AMBER_BUILDING,77.6745586253699,1.138918803590426,0,0.4444758622707804,0.46899872612906063,777083.09,290079.0674144816,3.0
2026-07-28 06:45:00,AMBER_BUILDING,72.56490459692284,0.929819485095261,0,0.9504898663014082,0.42503346209235493,2112555.83,724733.0813666239,4.0
2026-07-28 06:46:00,AMBER_BUILDING,65.55503355808352,0.8110458865323542,0,0.7067449837955677,0.40875841260387186,1732458.3900000001,729426.4703856196,6.0
2026-07-28 06:47:00,AMBER_BUILDING,57.99066196161434,0.7045997258105613,0,0.6249627782593004,0.4160121245974972,1649803.94,729788.7718929163,4.0
2026-07-28 06:48:00,AMBER_BUILDING,66.0478861962868,1.33592696638958,1,-14.980707422696558,0.6771801260019542,0.0,729788.7718929163,0.0
2026-07-28 06:49:00,AMBER_BUILDING,74.38676815949509,1.2355899441316562,0,-0.7959144339548571,0.49179942454248854,446975.57,729788.7718929163,4.0
2026-07-28 06:57:00,RED_EARLY_WARNING,78.03419591323772,0.9842603263292997,0,2.040595676857253,0.49555414594602193,5496845.61,724733.0813666239,7.0
2026-07-28 06:59:00,AMBER_BUILDING,64.49351311894054,0.7856688628878358,0,0.8132060766927603,0.4508283476038559,1812238.37,728295.7430289484,3.0
2026-07-28 07:00:00,AMBER_BUILDING,59.18442009088406,0.7308254008757428,0,-0.37603957741281563,0.4302064631688453,729713.1699999999,832105.5895445894,4.0
2026-07-28 07:01:00,AMBER_BUILDING,55.66981516053564,0.5443075633623056,0,2.6380112778949445,0.48945763143461757,6640218.9799999995,832105.5895445894,6.0
2026-07-28 07:02:00,AMBER_BUILDING,51.75838322795997,0.5717962463389439,0,-1.767135302293252,0.5027455038221237,261965.79,832105.5895445894,1.0
2026-07-28 13:37:00,AMBER_BUILDING,50.807927004254786,0.6860910651255098,0,-0.2762261194924237,0.4189893398143509,1315731.1199999999,1920791.76625254,7.0
2026-07-28 13:38:00,AMBER_BUILDING,50.906861840847874,0.5009383945283348,0,2.322844065325082,0.4971580854204212,7326173.73,1920791.76625254,9.0
2026-07-28 14:03:00,AMBER_BUILDING,52.95180881227787,0.7094535288670997,0,-2.405778853526396,0.4736415187657801,310389.11,1948501.3484896414,5.0
2026-07-28 14:05:00,AMBER_BUILDING,53.580703032558766,0.7630263211672235,0,-1.4676404990518008,0.46844674597453567,563045.35,1948501.3484896414,3.0
2026-07-28 14:06:00,AMBER_BUILDING,53.10283703663358,0.7433402470537114,0,-0.3152799056575518,0.44346149223523473,1238711.19,1948501.3484896414,4.0
2026-07-28 14:07:00,AMBER_BUILDING,54.82636127840627,0.755211202761975,0,-0.758797252981034,0.4194026516769996,893945.4299999999,1948501.3484896414,6.0
2026-07-28 14:08:00,AMBER_BUILDING,54.09460793002947,0.7449665771978814,1,-0.42130102976887507,0.41670483847780687,1124623.83,1946648.5578135336,7.0
2026-07-28 14:09:00,AMBER_BUILDING,53.09451856335604,0.6990312701164663,0,0.13507182819273406,0.41723527826923384,1675517.23,1945989.1699101422,8.0
2026-07-28 14:10:00,AMBER_BUILDING,50.72632908297095,0.6392841562564016,0,0.39929498818197645,0.41759703215436866,2032161.47,1945989.1699101422,7.0
2026-07-28 15:42:00,AMBER_BUILDING,56.826133912322064,0.7590082248404667,0,-0.2901749301867807,0.5376355511026619,594071.24,978052.9790869977,8.0
2026-07-28 15:43:00,AMBER_BUILDING,57.953260804450544,0.7304128776463154,0,-0.20961746034385645,0.4493965663386853,630844.51,970961.1459609057,5.0
2026-07-28 15:44:00,AMBER_BUILDING,54.22136879426356,0.7572463369888478,0,-1.0257438317860166,0.4745145936391459,307075.89,970961.1459609057,3.0
2026-07-28 15:45:00,AMBER_BUILDING,51.402989478920425,0.6166833707710786,0,1.5615302618123745,0.48943324477019884,2083396.18,870429.1235785685,3.0
2026-07-28 18:00:00,AMBER_BUILDING,60.09675537323853,0.8386147894298845,1,-2.14840101799909,0.5219595999801752,71704.47,1038423.8150011657,2.0
2026-07-29 06:32:00,AMBER_BUILDING,67.9044660276604,0.8700031448299449,0,0.7536802532276434,0.46471709087032154,675036.0700000001,288043.13426484464,3.0
2026-07-29 06:33:00,AMBER_BUILDING,64.10481160173408,0.8031499247798578,0,0.2625462093265873,0.4905840796187946,314020.79999999993,288043.13426484464,4.0
2026-07-29 06:34:00,AMBER_BUILDING,61.27895659116816,0.7722476220170453,0,0.8480332308884295,0.4984872317325704,811234.1499999999,290079.0674144816,6.0
2026-07-29 06:35:00,AMBER_BUILDING,58.230978622933286,0.7164516392933786,0,0.31398318579834017,0.4862155420237336,349125.02999999997,291689.1568746839,3.0
2026-07-29 06:36:00,AMBER_BUILDING,56.26030709979647,0.7073905094087635,0,1.0839248009525877,0.48519978376441397,1279761.14,294101.8477837028,6.0
2026-07-29 06:37:00,AMBER_BUILDING,54.15748738338984,0.6756958767345899,0,0.6432038794743871,0.4618979870929733,652477.91,304423.88798336807,4.0
2026-07-29 06:38:00,AMBER_BUILDING,51.622074860208976,0.5905044412389304,0,-0.40077968728922203,0.49433324874645784,124835.82,315182.0578246521,1.0
2026-07-29 10:32:00,AMBER_BUILDING,53.548251162597346,0.5851531032317563,1,-0.11512573331558533,0.5165454449884906,2398918.7300000004,2180184.1760580256,17.0
2026-07-30 06:32:00,AMBER_BUILDING,56.56144650922585,0.3713788940168306,0,-0.2664145690532909,0.5012718433266626,341638.83999999997,351737.71399211773,3.0
2026-07-31 06:32:00,AMBER_BUILDING,69.14209689156648,0.7616455300542291,0,0.8773340896128302,0.5217568673215058,1306234.67,357489.6925068186,4.0
2026-07-31 06:33:00,AMBER_BUILDING,58.667759645075854,0.6931838052223666,0,-0.5344986346260693,0.4711328858138906,293813.73000000004,367002.05836494634,3.0
2026-07-31 06:34:00,AMBER_BUILDING,54.46111854610411,0.6545303978868022,0,0.15224424589610713,0.4682799142417066,598383.84,357489.6925068186,5.0
2026-07-31 06:35:00,AMBER_BUILDING,51.24783940159299,0.6129466578766106,0,-0.031676572361843326,0.47220149370519626,508239.79000000004,367002.05836494634,5.0
2026-07-31 06:36:00,AMBER_BUILDING,50.56653101566378,0.6437543383591168,0,2.006924812182918,0.5587126189259447,4101115.3,367002.05836494634,10.0
2026-07-31 08:35:00,AMBER_BUILDING,50.177045557649514,0.5170063016457161,0,2.230469959726105,0.5676393844993329,6450290.54,2295735.1816447093,25.0
2026-07-31 08:36:00,AMBER_BUILDING,50.88228759075773,0.5509227923219475,0,1.7009070744984822,0.5891832163246089,5402037.59,2295735.1816447093,27.0
2026-07-31 08:37:00,AMBER_BUILDING,51.52252958271169,0.6703540695015016,0,4.324560988506642,0.5834626450012592,14713281.999999998,2295735.1816447093,21.0
2026-07-31 08:38:00,AMBER_BUILDING,52.62315344888805,0.6696448365106065,0,0.9777260195498236,0.5034669111225585,4315827.0,2300950.4603237575,13.0
2026-07-31 08:39:00,AMBER_BUILDING,53.2778039297454,0.6661996108896717,0,0.8504429875260908,0.46355884999632047,4289375.72,2318375.1770164086,16.0
2026-07-31 08:41:00,AMBER_BUILDING,50.16857957374774,0.6799066067927263,0,1.815396759560686,0.577620982354533,6646836.66,2318375.1770164086,24.0
2026-07-31 08:45:00,AMBER_BUILDING,51.0317298583189,0.7056892576910304,0,1.5893772889738749,0.4969597478357583,6779651.08,2627466.4622242325,16.0
2026-07-31 08:46:00,AMBER_BUILDING,52.35059541694128,0.6745651165331122,0,-0.043435508421543284,0.4736206858525298,3631774.38,2684328.006424706,18.0
2026-07-31 09:56:00,AMBER_BUILDING,50.12470418229629,0.6563846754946925,0,-0.08118863682704279,0.5089429311725354,4177755.5,2916339.3431155626,21.0
2026-07-31 09:59:00,AMBER_BUILDING,50.0477287719545,0.6847020145783058,0,0.8874814708776732,0.5436214066791016,6576518.9,2925619.720215678,25.0
2026-07-31 10:09:00,AMBER_BUILDING,52.66305836711393,0.7362340076489066,0,0.02699907179003064,0.5105980941089951,3726076.3,2466342.2757374076,22.0
2026-07-31 10:10:00,AMBER_BUILDING,52.92055369756622,0.707515242300684,0,-0.17980384876013686,0.47849457460843176,3377400.4000000004,2466342.2757374076,20.0
2026-07-31 10:11:00,AMBER_BUILDING,54.748108344054096,0.7962206318270668,0,1.6358281915431905,0.5848443469188119,7897832.41,2466342.2757374076,27.0
2026-07-31 10:12:00,AMBER_BUILDING,56.672865481283,0.8132908605543269,0,0.05996336839694518,0.5560110814992106,3767853.04,2466342.2757374076,26.0
2026-07-31 10:13:00,AMBER_BUILDING,60.23545772220492,0.8394417907963974,0,0.9844671324826212,0.5760858113955944,6005472.24,2466342.2757374076,25.0
2026-07-31 10:14:00,AMBER_BUILDING,59.17118758773655,0.8090321286137412,0,-0.10947044961668002,0.5127824818418723,3532553.4800000004,2466342.2757374076,23.0
2026-07-31 10:15:00,AMBER_BUILDING,61.352419401614334,0.8879302290490381,0,1.9585209281538836,0.5631404840219398,8550899.97,2369792.7877570577,22.0
2026-07-31 10:16:00,AMBER_BUILDING,64.12256540022958,0.9476548327674446,0,1.754502650478386,0.6094003772659159,7861332.72,2369792.7877570577,26.0
2026-07-31 10:17:00,AMBER_BUILDING,65.45635594778388,0.8473788202115182,0,-1.3285424254085887,0.4549510758767134,1910339.63,2384591.1341837235,12.0
2026-07-31 10:18:00,AMBER_BUILDING,63.90421591052458,0.8501898576326816,0,0.5448417174481469,0.5720499868498755,4444428.32,2369792.7877570577,28.0
2026-07-31 10:19:00,AMBER_BUILDING,59.83133915020778,0.8170143829268879,0,-0.16430541385614428,0.458304609624664,3260336.8,2369792.7877570577,16.0
2026-07-31 10:20:00,AMBER_BUILDING,59.8180402076891,0.8491438897934998,0,1.0675140618497216,0.5078971236672328,5628978.77,2369792.7877570577,21.0
2026-07-31 10:21:00,AMBER_BUILDING,63.648131533761706,0.9637522380217769,0,2.7555993372828733,0.5582918149888036,12126367.780000001,2384591.1341837235,20.0
2026-07-31 10:22:00,AMBER_BUILDING,68.16194683886016,1.0021600691542487,0,1.4191908326116711,0.5143840957044987,6944262.49,2398164.386802261,17.0
2026-07-31 10:23:00,AMBER_BUILDING,70.1571500682632,0.9732310404607833,0,0.14504843441095686,0.48497832347987174,3881418.26,2409112.37529544,19.0
2026-07-31 10:24:00,AMBER_BUILDING,67.81472364615821,0.9477389224126477,0,0.1533376662820067,0.5197162819031489,3944050.4299999997,2409112.37529544,24.0
2026-07-31 10:25:00,AMBER_BUILDING,66.37297231890413,0.9430890951938065,0,0.5157689137990639,0.4840912641425952,4811881.5,2409112.37529544,16.0
2026-07-31 10:26:00,AMBER_BUILDING,64.47304629260658,0.8644530279580096,0,-0.9387101868459524,0.48230431146013863,2340701.34,2414253.2880852604,19.0
2026-07-31 10:27:00,AMBER_BUILDING,62.69520283660531,0.8428899389534683,0,0.05649271727813191,0.49259614515925365,3779492.7199999997,2414253.2880852604,21.0
2026-07-31 10:28:00,AMBER_BUILDING,60.59652409113661,0.8383914616729717,0,0.27430080621906977,0.4954743545199366,4334385.01,2443159.055746966,21.0
2026-07-31 10:29:00,AMBER_BUILDING,64.00632952148652,0.9441644645743983,0,2.516218430918223,0.5626892862420189,13017977.93,2443159.055746966,18.0
2026-07-31 10:30:00,AMBER_BUILDING,64.50471201657267,0.8788256365187246,0,-0.6869257019108922,0.48222696037693275,2821646.3,2513773.5237814295,17.0
2026-07-31 10:31:00,AMBER_BUILDING,63.553139988197906,0.8223570157122487,0,-0.7945653652987298,0.44969894260941856,2683262.27,2537593.5659500114,17.0
2026-07-31 10:32:00,AMBER_BUILDING,57.76026869012362,0.7322341465948191,0,-1.3634523391011217,0.4580553032272005,1958101.9900000002,2537593.5659500114,16.0
2026-07-31 10:33:00,AMBER_BUILDING,56.2226646371555,0.7741760010994454,0,1.0578554661181823,0.5819620508288562,7260677.9,2513773.5237814295,25.0
2026-07-31 10:34:00,AMBER_BUILDING,56.014076162000755,0.7761883592541727,0,0.3322091477514158,0.5220162160829936,4937255.8,2513773.5237814295,22.0
2026-07-31 10:35:00,AMBER_BUILDING,55.13922731552206,0.6753762835836964,0,-1.646186695104317,0.46257862024873864,1668839.1699999997,2520266.8285289924,9.0
2026-07-31 10:36:00,AMBER_BUILDING,53.381512514146436,0.7049605038616005,0,0.6737277848114077,0.5561042422342198,6145822.57,2520266.8285289924,24.0
2026-07-31 10:37:00,AMBER_BUILDING,51.86263019622185,0.7286086250609055,0,0.608501156661946,0.49318107142593076,5980081.49,2547848.324622969,18.0
2026-07-31 10:38:00,AMBER_BUILDING,51.422122673325894,0.7053828982738832,0,-0.24868178650992798,0.4370926605691266,3703327.27,2547848.324622969,13.0
2026-07-31 10:39:00,AMBER_BUILDING,51.30353845987187,0.697017818903038,0,-0.005368080220214918,0.500039134523401,4228562.87,2547848.324622969,20.0
2026-07-31 10:40:00,AMBER_BUILDING,53.17064075699497,0.5161790814229652,1,-3.2678351626334883,0.4962620006170372,680849.36,2547848.324622969,7.0
2026-07-31 10:47:00,AMBER_BUILDING,50.2891562904667,0.7032933705241773,0,0.007958868033327293,0.46044417330244375,2964438.9699999997,1815462.7893350294,13.0
2026-07-31 10:48:00,AMBER_BUILDING,51.309817438384165,0.6972320111374846,0,0.01918991796716537,0.4679234452126231,3046043.38,1846977.4890807285,16.0
2026-07-31 10:49:00,AMBER_BUILDING,50.697210976717564,0.6964574813897619,0,0.10855699478985195,0.551540514124505,3267894.91,1869956.934075048,23.0
2026-07-31 10:50:00,AMBER_BUILDING,52.390714283874935,0.5417179505170393,0,-2.8209838102218043,0.49769880664537525,667217.28,1869956.934075048,12.0
2026-07-31 10:51:00,AMBER_BUILDING,50.918894995003285,0.5858684288618496,0,0.73254644125303,0.4946281835250569,4744956.43,1869956.934075048,14.0
2026-07-31 11:03:00,AMBER_BUILDING,52.42774942730829,0.7262790981276674,0,1.0613773421424197,0.5477397883132802,5073887.89,1568841.771006098,21.0
2026-07-31 11:04:00,AMBER_BUILDING,53.79018095984846,0.7795504256039725,0,1.191996384298587,0.49879362965848645,5648972.71,1590992.301294444,15.0
2026-07-31 11:05:00,AMBER_BUILDING,54.71685488197826,0.7260581852028349,0,-0.8075168206030505,0.4641406410298645,1763311.48,1590992.301294444,6.0
2026-07-31 11:06:00,AMBER_BUILDING,53.23347267204309,0.673766532096429,0,-0.8652549585427681,0.4364638110576828,1723511.4900000002,1614674.4136309153,11.0
2026-07-31 11:17:00,AMBER_BUILDING,51.924235202965995,0.7286031579690264,0,0.7424069616249866,0.4842072519374442,4339662.71,1590755.76259109,13.0
2026-07-31 11:18:00,AMBER_BUILDING,52.437232465324676,0.7462938281644063,0,0.434134938680935,0.46130095703117463,3648105.15,1590755.76259109,15.0
2026-07-31 11:19:00,AMBER_BUILDING,53.89503640699973,0.7657916897808041,0,0.492547396860738,0.47510664232337213,3829483.52,1590755.76259109,14.0
2026-07-31 11:20:00,AMBER_BUILDING,53.71452683642364,0.7299111810108893,0,-0.5232165597325785,0.4284849112221392,2117473.21,1590755.76259109,10.0
2026-07-31 11:21:00,AMBER_BUILDING,52.5525207409274,0.6866734190088156,0,-0.7216010994852822,0.41512909986270585,1880509.25,1590755.76259109,9.0
2026-07-31 11:55:00,AMBER_BUILDING,51.39050978745873,0.768593007290977,0,2.5737259581732665,0.5921506616919675,10632297.659999998,1244790.3679546174,17.0
2026-07-31 11:56:00,AMBER_BUILDING,53.31528564964651,0.7203151099682621,0,-0.7619788402094237,0.4634908949778215,1455908.2799999998,1244790.3679546174,11.0
2026-07-31 11:57:00,AMBER_BUILDING,54.87981890835531,0.7075739507472174,0,-0.1740372962894299,0.4586725038925772,2088649.88,1252488.4660965062,13.0
2026-07-31 11:58:00,AMBER_BUILDING,51.970632380929715,0.7265606199104496,0,0.3949971047839629,0.48792714379992014,2964245.74,1255198.5709999686,16.0
2026-07-31 11:59:00,AMBER_BUILDING,50.51027038645035,0.6565214821397379,0,-1.2460886182177655,0.43026946862969856,1102870.15,1263790.1322358642,8.0
2026-07-31 12:02:00,AMBER_BUILDING,50.50110804693665,0.7405404514135531,0,1.4946554791924895,0.5350386429593004,6050860.09,1534745.507972855,16.0
2026-07-31 12:03:00,AMBER_BUILDING,52.25818501178811,0.7284386788046187,0,-0.13538230516168281,0.44804927092729285,2523396.4400000004,1542996.9064424024,9.0
2026-07-31 12:04:00,AMBER_BUILDING,52.16133573806877,0.6504681142637769,0,-1.3844915145578098,0.48662390759332375,1257362.6800000002,1542996.9064424024,14.0
2026-07-31 12:13:00,AMBER_BUILDING,50.471724553600744,0.7281664470824248,0,0.5556730124574052,0.468238359761269,3912937.24,1625164.400059654,14.0
2026-07-31 12:14:00,AMBER_BUILDING,50.701183001543164,0.6881455722056906,0,-0.6783115006726935,0.44180670097430746,1978447.02,1636282.1716798318,11.0
2026-07-31 12:15:00,AMBER_BUILDING,51.05468050218363,0.6974301259776088,0,0.17173134415032437,0.48503907389282963,3504238.0100000002,1695177.0006480208,15.0
2026-07-31 12:16:00,AMBER_BUILDING,53.053361378258955,0.5364011714215594,1,-2.9681378306805084,0.4723078782426404,515302.39999999997,1695177.0006480208,8.0
2026-07-31 12:17:00,AMBER_BUILDING,50.24247016516173,0.5652552320337063,0,0.3178148792042726,0.453742387194603,3817979.9699999997,1695177.0006480208,9.0
2026-07-31 12:31:00,AMBER_BUILDING,62.69279374089776,0.927118911175953,0,0.05919330557490287,0.532934175048342,3370817.92,1760203.923277017,18.0
2026-07-31 12:32:00,AMBER_BUILDING,67.50289716420964,0.9061964528609274,0,-0.04940898284546348,0.5516497249841454,3284211.96,1807996.8173116029,22.0
2026-07-31 12:33:00,AMBER_BUILDING,62.88384504943779,0.8248840503003928,0,-1.217919933849747,0.4593091878565232,1631223.2000000002,1807996.8173116029,12.0
2026-07-31 12:34:00,AMBER_BUILDING,59.28711093770192,0.7659215232223513,0,-0.9184535411969116,0.434477512036799,1953266.8099999998,1807996.8173116029,10.0
2026-07-31 12:35:00,AMBER_BUILDING,54.984816860863674,0.7006579512753284,0,-1.1139547074150231,0.4728525969132849,1728703.94,1807996.8173116029,13.0
2026-07-31 12:36:00,AMBER_BUILDING,51.098620797749106,0.6589476762322066,0,-0.7653844246194705,0.43795739192033456,2120974.79,1807996.8173116029,11.0
2026-07-31 12:37:00,AMBER_BUILDING,50.80131918744909,0.7181077664825268,0,1.0693382188977207,0.5782345803623852,6453881.92,1843146.0368298148,22.0
2026-07-31 12:39:00,AMBER_BUILDING,50.356689019751116,0.6500239027435794,0,-0.0220543574702851,0.5172081834598233,3350953.54,1843146.0368298148,18.0
2026-07-31 13:08:00,AMBER_BUILDING,50.71179913236558,0.7074693203750636,0,0.04491007186568064,0.4666907223918353,3818383.86,2131730.382843999,16.0
2026-07-31 13:09:00,AMBER_BUILDING,50.38432325937125,0.655386496679223,0,-0.9477330069140925,0.4179852112357795,2235991.01,2133178.0014462955,13.0
2026-07-31 13:13:00,AMBER_BUILDING,51.73017162304453,0.7737443225430732,0,1.3647174213914328,0.5406194669317637,7815144.32,2133178.0014462955,17.0
2026-07-31 13:14:00,AMBER_BUILDING,53.686162776524476,0.7177783355112056,0,-0.9124615847839911,0.4653706593513053,2285791.1799999997,2145021.0167814316,16.0
2026-07-31 13:15:00,AMBER_BUILDING,52.47055274459041,0.666097470095679,0,-0.9186980530686808,0.4750874582742289,2153259.9699999997,2031683.3273851415,17.0
2026-07-31 13:54:00,AMBER_BUILDING,51.025747725334135,0.7256847199408643,0,1.4034174192041893,0.5186195580360079,5794020.81,1872528.0165378717,16.0
2026-07-31 13:55:00,AMBER_BUILDING,50.453028964986935,0.6422411932475135,0,-1.6393376549581171,0.4314217475533434,1490251.5300000003,1887928.578874021,8.0
2026-07-31 13:56:00,AMBER_BUILDING,52.475018066941885,0.7233919706813525,0,1.6505467720910934,0.5157988393549737,6455196.2700000005,1872528.0165378717,16.0
2026-07-31 13:57:00,AMBER_BUILDING,52.26213828411655,0.7530260626234929,0,0.7019872373677998,0.4894202094669326,4280246.6899999995,1887928.578874021,18.0
2026-07-31 13:58:00,AMBER_BUILDING,54.79807434044429,0.7688551166434439,0,0.4436896689445769,0.5166746891689271,3825939.41,1887928.578874021,20.0
2026-07-31 13:59:00,AMBER_BUILDING,54.893195692334494,0.7594877475679568,0,-0.0314065355616055,0.4361206638384094,3066894.34,1887928.578874021,12.0
2026-07-31 14:00:00,AMBER_BUILDING,56.58769831849725,0.8065731880260504,0,1.1354087922348957,0.5419040403684882,5763915.0,1945142.4236339522,20.0
2026-07-31 14:01:00,AMBER_BUILDING,55.69168594895472,0.6892691244371184,0,-2.207655106174681,0.470737174454065,1144941.37,1946648.5578135336,13.0
2026-07-31 14:02:00,AMBER_BUILDING,53.975740089613396,0.6932554698175013,0,0.11728309369972013,0.45138989683872693,3532571.29,1945142.4236339522,15.0
2026-07-31 14:03:00,AMBER_BUILDING,50.146196769159246,0.6174192900758952,0,-1.5230906680472591,0.4499366796978746,1580822.3,1945142.4236339522,14.0
2026-07-31 15:24:00,AMBER_BUILDING,71.7155437331046,0.957060672809046,0,-0.4798412604457991,0.46104412600180916,1781290.4,1375896.4702493662,11.0
2026-07-31 15:25:00,AMBER_BUILDING,67.82154232603399,0.935900964892153,0,0.16533825908380748,0.5229280157171182,2583766.1799999997,1398361.0441841858,15.0
2026-07-31 15:26:00,AMBER_BUILDING,64.55858044138533,0.857488079553759,0,-1.025663206505058,0.4534405139293476,1342759.6,1398361.0441841858,6.0
2026-07-31 15:27:00,AMBER_BUILDING,63.671171169048996,0.8657016750970524,0,0.6121032510344678,0.4957849877162935,3252109.46,1375896.4702493662,13.0
2026-07-31 15:28:00,AMBER_BUILDING,62.2178638032195,0.8424872143639559,0,-0.02090846421671519,0.46121378070120034,2347632.4,1398361.0441841858,7.0
2026-07-31 15:29:00,AMBER_BUILDING,64.00999661106185,0.8952737095092017,0,1.537306316610155,0.5257690934902686,5420224.68,1398361.0441841858,12.0
2026-07-31 15:30:00,AMBER_BUILDING,63.18835773680601,0.7109695864052606,1,-3.318142000244609,0.5144865444373286,221657.38,1049423.168212322,4.0
2026-07-31 15:31:00,AMBER_BUILDING,61.000331218267945,0.7210720791329042,0,0.41640226747408715,0.5032189748099525,2629715.19,1037125.0617639573,12.0
2026-07-31 15:32:00,AMBER_BUILDING,55.32920075671711,0.6293858244867279,0,-1.7001575050789985,0.45720485845677566,648395.07,1037125.0617639573,6.0
2026-07-31 15:33:00,AMBER_BUILDING,51.579109252855574,0.6181241763091961,0,-0.18676876840194975,0.4970028334512522,1769984.55,1037125.0617639573,13.0
2026-07-31 15:35:00,AMBER_BUILDING,50.38801002228314,0.6873500951219518,0,0.7377941359912887,0.4912014801195004,3323284.85,1049423.168212322,13.0
2026-07-31 15:36:00,AMBER_BUILDING,51.061384423664265,0.7042863442482021,0,0.47274065132564624,0.5100974506517272,2838042.71,1051942.917153867,15.0
2026-07-31 15:37:00,AMBER_BUILDING,50.225679415576224,0.6389161265900274,0,-1.1668680698025888,0.47647086239466296,927801.98,1051942.917153867,2.0
2026-07-31 15:40:00,AMBER_BUILDING,50.14938496780209,0.732753741368836,0,1.4732325535640023,0.5329176056608089,5597392.45,1049423.168212322,14.0
2026-07-31 15:41:00,AMBER_BUILDING,51.897317715712965,0.7039082262654771,0,-0.38487498121708363,0.4551313438935563,1585035.73,1049423.168212322,10.0
2026-07-31 15:42:00,AMBER_BUILDING,52.62339429040296,0.6991499364839289,0,0.05387715014923102,0.43839224844671604,2134112.41,1051942.917153867,7.0
2026-07-31 15:43:00,AMBER_BUILDING,52.10203948246541,0.7271180322350623,0,0.7250633440592903,0.4711123563551266,3354965.53,1054809.9163102238,6.0
2026-07-31 15:44:00,AMBER_BUILDING,52.23909654890019,0.7088334733670903,0,-0.18188385950560357,0.4650107719955356,1829448.37,1054809.9163102238,12.0
2026-07-31 15:45:00,AMBER_BUILDING,50.95809605652777,0.611668632775478,0,-1.803703675534886,0.44180461964196,602359.73,986356.3081771247,5.0
2026-07-31 15:50:00,AMBER_BUILDING,50.106090760401884,0.7017695319395257,0,0.21608951392937986,0.46503681500498073,2254897.36,1039889.1693859922,10.0
2026-07-31 15:51:00,AMBER_BUILDING,51.31225997882897,0.721993957632314,0,0.5076269962950355,0.4784052423716386,2849625.38,1060794.7487238203,12.0
2026-07-31 15:52:00,AMBER_BUILDING,52.21915694025688,0.5896647066266032,0,-2.6108174693604083,0.47327907734714597,401260.93,1060794.7487238203,4.0
2026-07-31 15:53:00,AMBER_BUILDING,50.06030998678463,0.6099324125194227,0,0.3559202883700656,0.5256512761011751,2510809.45,1039889.1693859922,15.0
2026-07-31 15:54:00,AMBER_BUILDING,51.16014275207123,0.4716760900820856,1,-2.9193374064940674,0.4619870803597009,324037.19999999995,1039889.1693859922,4.0
2026-07-31 16:56:00,AMBER_BUILDING,50.30861832940928,0.6775134245399743,0,0.04099813684680036,0.5138889217479536,3821234.95,2105107.881054082,18.0
2026-07-31 16:57:00,AMBER_BUILDING,52.28808029250584,0.7366339908656235,0,1.4310734087334425,0.6070742716374726,8650275.79,2105107.881054082,29.0
2026-07-31 16:58:00,AMBER_BUILDING,52.03878019781328,0.6769498398711628,0,-0.9822695164446557,0.4728133166582296,2087536.5499999998,2105107.881054082,13.0
2026-07-31 16:59:00,AMBER_BUILDING,50.79307049774934,0.6423355770852176,0,-0.5428889448299655,0.5052727141406252,2689668.55,2105107.881054082,18.0
2026-07-31 17:19:00,AMBER_BUILDING,51.642417774149045,0.7350843188166392,0,1.9681731010017163,0.5811821000064438,8932010.51,2690487.135820378,22.0
2026-07-31 17:20:00,AMBER_BUILDING,52.53979909709216,0.7084273350988338,0,-0.3182413084935661,0.4842483209856944,3605343.01,2702609.305604209,15.0
2026-07-31 17:21:00,AMBER_BUILDING,52.494927639965546,0.6416392229377662,0,-1.2429733377772636,0.48937277380600264,2479159.98,2713655.656779371,18.0
2026-07-31 17:25:00,AMBER_BUILDING,50.18559364282674,0.7150917637743078,0,0.6586864839012821,0.4963687739709624,5821591.68,2742980.786090292,19.0
2026-07-31 17:26:00,AMBER_BUILDING,50.21406073768915,0.6556786708266489,0,-1.1054576913700194,0.4884204819120819,2681810.92,2742980.786090292,19.0
2026-07-31 17:33:00,AMBER_BUILDING,50.57475119571472,0.7024450152592524,0,0.4678677274952086,0.5256098454541441,3808982.33,2014076.5544403966,21.0
2026-07-31 17:34:00,AMBER_BUILDING,52.03293254618515,0.7262942234981514,0,0.720400044265147,0.556024493242237,4269543.62,2014076.5544403966,24.0
2026-07-31 17:35:00,AMBER_BUILDING,51.548777611640844,0.71028915432669,0,-0.0885307770470487,0.5015321821913088,3082309.52,2075634.4653852046,19.0
2026-07-31 17:36:00,AMBER_BUILDING,50.65529022691705,0.6356628199214313,0,-1.357285463399695,0.4256486762790652,1753827.92,2075634.4653852046,12.0
2026-07-31 17:37:00,AMBER_BUILDING,50.17501988256554,0.6783559277314117,0,1.0004031644558968,0.5461510547051684,4910985.33,2038386.339087252,21.0
2026-07-31 17:38:00,AMBER_BUILDING,50.0798382887779,0.7073042378331187,0,0.7714220967296049,0.5576080581145089,4474341.96,2038386.339087252,24.0
2026-07-31 17:39:00,AMBER_BUILDING,51.044499104332324,0.7103991091012722,0,0.2776236401379775,0.47316281264254484,3589434.8,2038386.339087252,16.0
2026-07-31 17:40:00,AMBER_BUILDING,50.09076719201109,0.6506314873118358,0,-1.0227036007753851,0.5082185618662842,2047723.19,2106952.801126409,18.0
2026-08-03 11:37:00,AMBER_BUILDING,52.86718300346367,0.7859705036667631,1,-1.4518941946642674,0.4578343054214294,643065.45,1601321.4238118466,2.0
2026-08-03 11:38:00,AMBER_BUILDING,59.23967674297378,0.9322266691548313,1,-2.347061669330284,0.45838035587088455,378000.43,1596619.9385879138,4.0
2026-08-03 11:39:00,AMBER_BUILDING,64.33430495718748,0.9592416919159913,1,-1.0597340645604563,0.4307966901160669,779429.61,1585664.3771092447,9.0
2026-08-03 11:40:00,AMBER_BUILDING,76.16456485493492,1.4535193076607298,3,-6.610801067994998,0.6010520575337086,30727.24,1585664.3771092447,2.0
2026-08-03 11:41:00,RED_EARLY_WARNING,81.96773786005578,1.4101620652111821,2,-0.8708198858263521,0.49528839563906074,839343.33,1544000.5497935624,4.0
2026-08-03 11:45:00,AMBER_BUILDING,73.05128305327324,0.9723210379364635,0,0.3965354125988257,0.43938099388697044,1468915.05,1263790.1322358642,14.0
2026-08-03 11:46:00,AMBER_BUILDING,68.05595970644235,0.9192320158373779,0,-0.13030446650926664,0.43904774639892563,1047137.1599999999,1270161.7575351356,4.0
2026-08-03 11:47:00,AMBER_BUILDING,63.30577264692758,0.8289623992526912,0,0.3687324303143288,0.41540166651426996,1439863.76,1263790.1322358642,8.0
2026-08-03 11:48:00,AMBER_BUILDING,59.69081761214866,0.7819656922041374,0,-0.0730150149143466,0.4295494991242835,1091626.96,1270161.7575351356,4.0
2026-08-04 06:32:00,AMBER_BUILDING,50.11203264892581,0.6113959855402924,0,0.8998426926896322,0.5018973765211028,926261.91,375320.1452520583,3.0
2026-08-04 06:34:00,AMBER_BUILDING,51.27618895158048,0.10534806781334059,1,-12.917732040828032,0.6602600283149552,0.0,380526.8477125277,0.0
2026-08-04 07:12:00,AMBER_BUILDING,53.02973328211408,1.275781625866296,1,-19.81546059682064,0.6848596301383792,0.0,970700.3752651172,0.0
2026-08-04 07:13:00,AMBER_BUILDING,68.0128622675287,1.1452086433537925,0,-0.14197415042404368,0.46993130883822026,873212.86,966428.0681010311,4.0
2026-08-04 07:15:00,AMBER_BUILDING,74.55014576255559,0.9510108925027654,0,0.04840798858048637,0.4032643844770352,1132863.5799999998,1095939.4911266884,7.0
2026-08-04 07:16:00,AMBER_BUILDING,68.87413803927986,0.8935296595670239,0,-0.38046285072347447,0.4125771681345141,851036.8500000001,1100344.9454882462,6.0
2026-08-04 07:17:00,AMBER_BUILDING,65.4295129091052,0.8797482935622818,0,-1.1894800720797865,0.4213667289204368,495539.33,1100344.9454882462,5.0
2026-08-04 07:18:00,AMBER_BUILDING,61.414762305271864,0.7713050362350381,0,0.7778385225641126,0.41414569413717356,1853137.29,1095939.4911266884,9.0
2026-08-04 07:19:00,AMBER_BUILDING,57.43060354027197,0.7070843045438566,0,0.0540200170236398,0.4320586910786953,1141431.0699999998,1100344.9454882462,4.0
2026-08-04 07:20:00,AMBER_BUILDING,52.247285974424166,0.645817514435728,0,0.09578325166302498,0.4132389963234041,1172927.82,1100344.9454882462,5.0
2026-08-04 08:07:00,AMBER_BUILDING,51.09070625449183,0.6928942372003316,0,-0.26011568591211154,0.42268102297197,1666471.97,1993245.2693315663,11.0
2026-08-04 08:08:00,AMBER_BUILDING,52.58592643503229,0.6721986124656776,0,-0.5692614291164114,0.4184064777763636,1386408.24,1983255.3431203503,7.0
2026-08-04 12:29:00,AMBER_BUILDING,50.38391717546869,1.5166360739236135,1,-18.43847082917961,0.6967212582381127,0.0,1952636.4641309977,0.0
2026-08-04 12:30:00,AMBER_BUILDING,69.1917109122298,1.360245235553996,0,-0.35039192788276624,0.543483255615919,1257385.73,1843146.0368298148,11.0
2026-08-04 12:37:00,AMBER_BUILDING,75.35759891981449,0.9685795619104639,0,0.7668172228432787,0.49507447710830327,2728809.4,1851252.1990705275,8.0
2026-08-04 12:38:00,AMBER_BUILDING,70.35222373308304,0.9471585537838789,0,-0.5796250408115177,0.4773353865689573,1060345.09,1860065.1517564463,8.0
2026-08-04 12:39:00,AMBER_BUILDING,66.45739751818428,0.9042157642124599,0,-0.24195162440087228,0.4901548556933304,1342066.89,1860065.1517564463,7.0
2026-08-04 12:40:00,AMBER_BUILDING,63.215842306756365,0.8106739239442486,0,0.5224791531971591,0.48835084069663925,2286009.57,1851252.1990705275,10.0
2026-08-04 12:41:00,AMBER_BUILDING,58.222844087926326,0.7032186961664515,0,0.8165323325721917,0.47671013610546953,2830396.45,1860065.1517564463,9.0
2026-08-04 12:42:00,AMBER_BUILDING,51.388888060094594,0.5921126915655831,0,0.9888072881082128,0.47155490157836993,3204790.07,1878118.4956255031,10.0
2026-08-04 15:28:00,AMBER_BUILDING,53.030363211972464,0.6996724628247256,0,-0.2660938224962484,0.4312549019950169,936556.01,1384192.1355627708,9.0
2026-08-04 15:29:00,AMBER_BUILDING,50.842482505313114,0.5987146052268981,0,1.0085004566678792,0.4214287604487176,2185969.8,1384192.1355627708,6.0
2026-08-05 06:32:00,AMBER_BUILDING,58.38845140923133,0.7082746187365477,0,0.318864247089215,0.46960720992436356,506495.51999999996,380526.8477125277,2.0
2026-08-05 06:33:00,AMBER_BUILDING,56.61330452598538,0.7248200238181827,0,-1.1949799283499354,0.5179649037247027,66034.3,388960.7257497162,1.0
2026-08-05 06:34:00,AMBER_BUILDING,66.55986271626539,1.1988430337455955,1,-9.278730761600052,0.6496717954507741,0.0,388960.7257497162,0.0
2026-08-05 06:35:00,AMBER_BUILDING,73.77095477019445,1.0576132816846562,0,0.7419130797451783,0.49518136795563855,930084.75,380526.8477125277,3.0
2026-08-05 06:37:00,AMBER_BUILDING,73.34676306792424,0.9358982495473005,0,0.47863478660270764,0.46096403317501633,646451.65,388960.7257497162,3.0
2026-08-05 06:38:00,AMBER_BUILDING,67.95434718599289,0.7954473061088856,0,1.2617911329825038,0.48117374115755324,1922160.33,396171.0818986184,6.0
2026-08-05 06:39:00,AMBER_BUILDING,61.11065681953292,0.7162015714067549,0,0.3584762960026744,0.456691554545161,581697.1,401215.43053277675,3.0
2026-08-05 06:40:00,AMBER_BUILDING,54.51556052454717,0.611800757667905,0,0.9031412206002155,0.46282002598131045,1246713.34,401215.43053277675,3.0
2026-08-05 06:48:00,AMBER_BUILDING,54.00024530623305,1.0223624406905931,1,-13.982418088498587,0.6814015101388406,0.0,670885.902421189,0.0
2026-08-05 06:49:00,AMBER_BUILDING,62.52895398450971,0.9521660204093043,0,-0.48655478966201987,0.48329563876361276,395877.73,660603.1578936025,4.0
2026-08-05 06:50:00,AMBER_BUILDING,69.98297068559945,0.9065217013567833,0,-0.514941459344844,0.46305242543861813,377092.14,647306.3487577674,2.0
2026-08-05 06:51:00,AMBER_BUILDING,65.18169867418767,0.9032707154128994,0,-1.2229432733197554,0.47689040846908526,186484.91999999998,647306.3487577674,2.0
2026-08-05 06:52:00,AMBER_BUILDING,63.064574761415315,0.8484363609821208,0,-0.2878086423200779,0.4332493139761185,467714.05,640270.259026378,3.0
2026-08-05 06:53:00,AMBER_BUILDING,71.46980965368768,1.5530837009436032,1,-13.90288432170274,0.6814757722787261,0.0,640270.259026378,0.0
2026-08-05 06:54:00,AMBER_BUILDING,77.91242203887755,1.3210882317018742,0,1.5809557301123687,0.509159073521939,2921364.27,634262.918570172,8.0
2026-08-05 06:58:00,AMBER_BUILDING,71.62118290076312,0.9503155640403502,0,0.38983908251200816,0.4405681242599164,901363.0199999999,634262.918570172,4.0
2026-08-05 06:59:00,AMBER_BUILDING,68.35505551614501,0.9248894690395404,0,-0.9122245608101655,0.45398562687411403,263093.05,634262.918570172,2.0
2026-08-05 07:00:00,AMBER_BUILDING,66.29749570653995,0.9381657218647965,0,-1.575477559538603,0.4735493989781526,244808.31,970700.3752651172,2.0
2026-08-05 07:01:00,AMBER_BUILDING,71.82065144323786,1.1177703779550192,0,-4.574126923780627,0.5741518410312068,17339.62,966428.0681010311,1.0
2026-08-05 07:02:00,AMBER_BUILDING,74.46823957350263,1.0643176895674689,0,-0.6363790335317616,0.45014179843236635,528077.99,959640.8241079556,4.0
2026-08-05 07:03:00,AMBER_BUILDING,74.77757370523595,0.9750789871245737,0,0.12417478031747627,0.42790818003418846,1025602.01,959640.8241079556,5.0
2026-08-05 07:04:00,AMBER_BUILDING,69.966381035296,0.9690555582383352,0,-1.2775836630394632,0.46465807119776603,304433.14,966428.0681010311,3.0
2026-08-05 07:05:00,AMBER_BUILDING,65.8207179627524,0.8515480001332828,0,0.8071178760257667,0.4528859675399168,1827874.03,959640.8241079556,5.0
2026-08-05 07:06:00,AMBER_BUILDING,66.58725286847874,0.9347159801414561,0,-2.715576894451862,0.49275691634474006,84604.41,959640.8241079556,3.0
2026-08-05 07:07:00,AMBER_BUILDING,65.07602886051126,0.9104953817522486,0,-0.8526617762947352,0.4437714016569548,414258.13,953543.7655176205,3.0
2026-08-05 07:08:00,AMBER_BUILDING,63.639015880802866,0.8142959713246996,0,0.5273484245767008,0.41394505137527093,1392320.47,939507.9942095904,7.0
2026-08-05 07:09:00,AMBER_BUILDING,57.43298069539221,0.7087038523848088,0,0.8289550858153593,0.42431450281053135,1824748.7000000002,953543.7655176205,5.0
2026-08-05 07:10:00,AMBER_BUILDING,52.22795565805677,0.6526921642572479,0,0.05496784294858553,0.456303890530921,942176.89,953543.7655176205,2.0
2026-08-05 07:11:00,AMBER_BUILDING,54.157269644429924,0.7793612169306435,0,-3.241012746820258,0.5462589649261466,54884.22,947412.2991750975,1.0
2026-08-05 07:12:00,AMBER_BUILDING,55.282192292212805,0.757835072062815,0,-0.7138773509155257,0.45774602388280944,481218.72000000003,947412.2991750975,4.0
2026-08-05 07:13:00,AMBER_BUILDING,55.76508777289215,0.6843297858045351,0,0.3229548475304186,0.4227868342516683,1191212.6600000001,947412.2991750975,6.0
2026-08-05 07:14:00,AMBER_BUILDING,50.34708016489473,0.5767805272113199,0,1.0191447442449018,0.46568780314534375,2282618.15,953543.7655176205,11.0
2026-08-05 07:17:00,AMBER_BUILDING,59.79854274086887,1.409590561865327,1,-16.62415617860277,0.6950847187608818,0.0,1095939.4911266884,0.0
2026-08-05 07:18:00,AMBER_BUILDING,72.20204962765142,1.2596692403265008,0,0.20253775908670066,0.48992418246918085,1227082.3399999999,1095939.4911266884,7.0
2026-08-05 07:22:00,AMBER_BUILDING,74.89536093562454,0.989747090794916,0,0.8107428663935364,0.4239480737639768,1987679.19,1087067.2139757487,7.0
2026-08-05 07:23:00,AMBER_BUILDING,73.65795161696018,1.0477542800205888,0,-2.4905722100031817,0.5009068252263327,119587.37,1095939.4911266884,2.0
2026-08-05 07:24:00,AMBER_BUILDING,69.92579327836852,0.9546055607771229,0,0.2702995254858608,0.4256620907848873,1269242.5,1095939.4911266884,6.0
2026-08-05 07:25:00,AMBER_BUILDING,69.40065864081173,0.9379738027723371,0,-1.0425686890106465,0.4459630185988826,419260.89,1100344.9454882462,3.0
2026-08-05 07:26:00,AMBER_BUILDING,63.54725080914944,0.8471666418684556,0,0.3920077986706861,0.41542722245137237,1430639.11,1100344.9454882462,5.0
2026-08-05 07:27:00,AMBER_BUILDING,61.00572015209283,0.8298318957122713,0,-0.8839299056366967,0.4301522505049045,494437.81000000006,1100344.9454882462,4.0
2026-08-05 07:28:00,AMBER_BUILDING,58.07196974428849,0.7939194335879588,0,-0.5066985608407513,0.4461490168118413,669887.1599999999,1095939.4911266884,5.0
2026-08-05 07:29:00,AMBER_BUILDING,54.870326197841486,0.6306653563676093,0,1.9830647482748773,0.47926487542626905,5460668.7,1087067.2139757487,5.0
2026-08-05 10:53:00,AMBER_BUILDING,50.006363063114826,0.6975418091000031,0,-0.4514968972367456,0.4262843016055232,1289780.5299999998,2112446.983281311,11.0
2026-08-05 10:54:00,AMBER_BUILDING,50.64448638488172,0.6891115352106555,0,-0.3695865164400213,0.41655184295557196,1345914.17,2112446.983281311,8.0
2026-08-05 10:58:00,AMBER_BUILDING,50.26756697686702,0.7229661237718107,0,-0.6732163886633324,0.41882215844182963,1073801.29,2088057.1210099533,6.0
2026-08-05 11:05:00,AMBER_BUILDING,54.152849903803514,0.7730803235207213,0,-1.508755591849965,0.4478432452442757,452079.64,1614674.4136309153,5.0
2026-08-05 11:06:00,AMBER_BUILDING,51.12958180674107,0.670743794111955,0,0.9468931506197823,0.41753838923946246,2415359.7199999997,1601179.897507874,11.0
2026-08-05 11:52:00,AMBER_BUILDING,53.45817345484644,0.7037512348634415,0,-0.7064791319075495,0.43861826842423757,587230.7300000001,1279906.839434693,5.0
2026-08-05 12:34:00,AMBER_BUILDING,58.19301216151885,0.8266416353041701,0,-1.9174464870832488,0.46363027720566713,384460.49,1851252.1990705275,6.0
2026-08-05 12:35:00,AMBER_BUILDING,59.16411839981478,0.8904038050770681,0,-1.4130000895522612,0.452656802994997,523080.04000000004,1843146.0368298148,6.0
2026-08-05 12:36:00,AMBER_BUILDING,61.12576050821417,0.833062170831886,0,0.2296024778110184,0.41328211592491987,1586880.58,1815170.0617834597,9.0
2026-08-05 12:37:00,AMBER_BUILDING,60.23688129699345,0.8182054728400621,0,-0.3141760637811393,0.43091061384436047,1100302.73,1815170.0617834597,8.0
2026-08-05 12:38:00,AMBER_BUILDING,58.061738100038205,0.7943682516054709,0,-0.15525582604190866,0.42602415965745716,1213901.22,1815170.0617834597,7.0
2026-08-05 12:39:00,AMBER_BUILDING,58.01026622555395,0.8304145949181578,0,-0.9584404213331403,0.42486471091494926,680751.21,1781303.73054377,8.0
2026-08-05 12:40:00,AMBER_BUILDING,56.29486382668116,0.7596238798154968,0,0.4886386164514951,0.4240877027606965,1834313.43,1760203.923277017,8.0
2026-08-05 12:41:00,AMBER_BUILDING,53.62603066054398,0.7024534536045003,0,0.3898722633754427,0.41381955823466215,1725642.79,1781303.73054377,12.0
2026-08-05 12:42:00,AMBER_BUILDING,59.27764732199506,0.9942894978068157,1,-4.50747167772995,0.5725991923379103,64471.0,1781303.73054377,2.0
2026-08-05 12:43:00,AMBER_BUILDING,61.8102755314365,0.8260307998732437,0,1.6406682489020659,0.5179727453682603,4093739.5,1781303.73054377,17.0
2026-08-05 12:44:00,AMBER_BUILDING,62.45176484913484,0.6821039648354911,0,1.504319291084677,0.44041731659147265,3858675.25,1811196.5856349792,12.0
2026-08-05 12:45:00,AMBER_BUILDING,53.1723396994935,0.6402296064866011,0,0.24993626942761887,0.4511231767522588,1896387.47,2127938.8130529528,12.0
2026-08-05 12:46:00,AMBER_BUILDING,54.86360994386862,0.8432077014097514,0,-3.1402500370834043,0.5340944400965667,219755.61000000002,2127938.8130529528,3.0
2026-08-05 12:47:00,AMBER_BUILDING,56.58334403196639,0.7790977915875835,0,0.3706716297752121,0.4551254485367251,2042811.78,2127938.8130529528,8.0
2026-08-05 12:48:00,AMBER_BUILDING,59.16244393215274,0.7684912314041208,0,-0.3046716432936579,0.44206178105307903,1323224.0,2101271.06763164,12.0
2026-08-05 12:49:00,AMBER_BUILDING,55.52982202859834,0.7605465324148123,0,-0.3306957082193807,0.4444899834948074,1301862.62,2101271.06763164,6.0
2026-08-05 12:50:00,AMBER_BUILDING,58.74953051155175,0.8848932323795506,0,-2.2363992412083937,0.4723058324544329,388966.0,2066292.2236144387,4.0
2026-08-05 12:51:00,AMBER_BUILDING,60.596781629286475,0.8879869968799593,0,-0.6326019594119712,0.44263020533011105,1044531.72,2045740.5205610874,11.0
2026-08-05 12:52:00,AMBER_BUILDING,64.11196969558358,0.9332813077668966,0,-1.2379309512686698,0.44355162691704475,699693.9099999999,2045740.5205610874,8.0
2026-08-05 12:53:00,AMBER_BUILDING,62.987209422616026,0.8775234057477826,0,0.1727802567581503,0.451195058314963,1679604.68,2008304.327874816,5.0
2026-08-05 12:54:00,AMBER_BUILDING,64.72826559758816,0.9362499396891499,0,-1.418595065856357,0.454379695724754,599017.79,2008304.327874816,4.0
2026-08-05 12:55:00,AMBER_BUILDING,62.022104575358185,0.79336684683259,0,1.4221570559997476,0.44767743397767007,3882326.42,2008304.327874816,11.0
2026-08-05 12:56:00,AMBER_BUILDING,60.9949557128057,0.8253406369320585,0,-0.9188444827019406,0.46084818246179704,787598.12,2008304.327874816,9.0
2026-08-05 12:57:00,AMBER_BUILDING,56.181579071996964,0.698431922190972,0,1.3219259150838414,0.48729906878565166,3572666.12,1970717.2229033983,17.0
2026-08-05 12:58:00,AMBER_BUILDING,58.47243884594295,0.847174389418312,0,-2.4833274827383534,0.500033138837473,271511.58,2008304.327874816,5.0
2026-08-05 12:59:00,AMBER_BUILDING,57.05012621431272,0.7890041517738973,0,0.3079371639269997,0.436524285970194,1825894.58,2008304.327874816,10.0
2026-08-05 13:00:00,AMBER_BUILDING,57.27440288903616,0.7527554667492936,0,0.06258408769779034,0.4277976500788388,1581658.76,2022870.521731683,7.0
2026-08-05 13:01:00,AMBER_BUILDING,53.10156700700697,0.7119508360520117,0,0.1680788088858242,0.42212084151335816,1679046.44,1999792.9842120425,11.0
2026-08-05 13:02:00,AMBER_BUILDING,50.5672267856699,0.6535007410160742,0,0.4731308563593715,0.4131394835094627,2019947.8,1992889.661946449,12.0
2026-08-05 14:21:00,AMBER_BUILDING,50.77586349191844,0.7183378708460897,0,-0.0955174255275185,0.4167966863616227,1330306.15,1886932.7069361715,9.0
2026-08-05 14:22:00,AMBER_BUILDING,52.13182139745191,0.6591092940887511,0,0.44190402227471737,0.41718479762252614,1917899.6,1886932.7069361715,13.0
2026-08-05 15:07:00,AMBER_BUILDING,52.83404996253872,0.6533672946274814,0,0.035129833686121666,0.42644724963799335,975221.14,1383689.4562844392,8.0
2026-08-05 15:08:00,AMBER_BUILDING,50.26993051462524,0.7147971957802243,0,-1.1627565189858418,0.44932746503909843,343981.69,1383689.4562844392,4.0
2026-08-06 06:37:00,AMBER_BUILDING,54.962335745338315,0.524877427278984,2,-9.222901478037812,0.6617318091062183,0.0,410027.43461149203,0.0
2026-08-06 06:42:00,AMBER_BUILDING,53.10270404283836,0.6766786965563703,0,1.2320360317042294,0.47614605671402066,1533290.06,412256.07625196734,4.0
2026-08-06 06:43:00,AMBER_BUILDING,55.483277256227474,0.6311332982462128,0,0.10884535590097102,0.45406972454318434,322450.44,412256.07625196734,4.0
2026-08-06 15:31:00,AMBER_BUILDING,52.122695169442316,0.6603457713761394,2,-2.8280898942263097,0.48010724109034564,168429.26,1309893.6032215059,3.0
2026-08-06 15:32:00,AMBER_BUILDING,54.59853310087997,0.6023266432096348,1,0.27168471695818786,0.4317431444344061,1390916.6300000001,1309893.6032215059,6.0
2026-08-06 15:33:00,AMBER_BUILDING,52.444472102313675,0.40981885597123763,0,2.7843772339674433,0.5039071812874482,7472599.68,1309893.6032215059,6.0
2026-08-06 15:35:00,AMBER_BUILDING,50.0061520462973,0.6365171493876484,1,-3.583767612340953,0.5198461608513831,91571.8,1309893.6032215059,2.0
2026-08-06 15:37:00,AMBER_BUILDING,51.000886854189815,0.6408341770816669,0,-1.3462696236948686,0.45583948776597044,437225.67,1309893.6032215059,4.0
2026-08-06 15:38:00,AMBER_BUILDING,50.34347715394984,0.7390666920205243,1,-2.419677735709735,0.49812721540982313,197662.52,1309893.6032215059,2.0
2026-08-06 15:39:00,AMBER_BUILDING,51.88026764206412,0.6787961785283747,0,0.2177208125279332,0.4418260041323638,1323259.71,1309893.6032215059,5.0
2026-08-06 15:40:00,AMBER_BUILDING,51.4433444507442,0.6363769010849416,0,-0.002159526162037697,0.42936916950131754,1129318.87,1311287.3336127033,8.0
2026-08-06 15:41:00,AMBER_BUILDING,50.40071759352002,0.7103810910150073,0,-1.997048218311346,0.48200379036863017,269691.48,1311287.3336127033,3.0
2026-08-06 15:42:00,AMBER_BUILDING,50.20361548119808,0.669317270631284,0,-0.08075124932694035,0.44074488126053035,1066609.74,1311287.3336127033,4.0
2026-08-06 16:05:00,AMBER_BUILDING,53.117340737760166,0.7516882700587071,1,-1.7236209611490998,0.4784437912715403,186618.98,1071709.4583060148,6.0
2026-08-06 16:06:00,AMBER_BUILDING,53.25834121161424,0.6683488969953668,1,0.6771385863320313,0.44972291430365463,1508073.13,1055827.1636260657,11.0
2026-08-07 06:32:00,AMBER_BUILDING,64.4692407512234,0.786420827931992,0,-0.34798638235933843,0.4875699605916526,216175.57,433037.0580804212,4.0
2026-08-07 06:33:00,AMBER_BUILDING,60.58660848597365,0.7423953446294465,0,0.6125926245328609,0.4813204229321571,753534.61,433037.0580804212,4.0
2026-08-07 06:34:00,AMBER_BUILDING,57.90531225785346,0.7486398430492244,0,1.6559166499488098,0.49983836327386044,3078370.61,459948.5599585536,8.0
2026-08-07 06:35:00,AMBER_BUILDING,56.06380152484763,0.6974171474903136,0,0.3799794271538151,0.47989971565842,607707.73,467945.4014302102,4.0
2026-08-07 06:36:00,AMBER_BUILDING,54.1906048162981,0.6468573271385858,0,0.3007991421875463,0.5009718015176026,556163.53,476312.6656310207,2.0
2026-08-07 06:37:00,AMBER_BUILDING,50.72442081180325,0.5796045004037432,0,-0.16111751237075772,0.4936770520583774,304798.47000000003,476312.6656310207,4.0
2026-08-07 06:42:00,AMBER_BUILDING,50.04059799170633,0.11082801857276758,1,-9.718325455952744,0.6576780923243429,0.0,459948.5599585536,0.0
2026-08-07 13:14:00,AMBER_BUILDING,50.52228164621379,0.6708169469749872,2,0.7141472890426093,0.44573830134634246,3474854.1899999995,2120826.1332685538,17.0
2026-08-07 13:15:00,AMBER_BUILDING,54.08523779389245,0.6877541803127085,2,0.988120392034308,0.44072928913551607,4615824.65,2081031.1935714877,12.0
2026-08-07 13:16:00,AMBER_BUILDING,50.22928539761792,0.6005291116797901,0,-0.6876385722205172,0.4122955109025399,1448397.59,2081031.1935714877,10.0
2026-08-07 13:26:00,AMBER_BUILDING,52.68177268814849,0.7784033464896984,1,1.7750382190274854,0.4672291576499467,8689590.11,2164443.7911781245,11.0
2026-08-07 13:27:00,AMBER_BUILDING,56.346215063035025,0.6954936556987371,1,-0.562813196502048,0.41031332086815986,1723469.4500000002,2179971.224328253,8.0
2026-08-07 13:28:00,AMBER_BUILDING,53.58058605192981,0.7204538957380859,0,1.0962069593301802,0.45911662247811713,5379562.970000001,2164443.7911781245,17.0
2026-08-07 13:29:00,AMBER_BUILDING,51.346963378233376,0.6976218365027195,0,0.34321330180605125,0.43308203363960085,3228897.46,2164443.7911781245,16.0
2026-08-07 13:31:00,AMBER_BUILDING,51.06543473403784,0.7285874953954391,0,1.7794602899113972,0.5632495769714608,5718025.93,1853778.3882739209,25.0
2026-08-07 13:32:00,AMBER_BUILDING,52.08551939224858,0.746656978501417,0,1.0419601388275739,0.5007046251927948,3901482.7,1862587.904691222,20.0
2026-08-07 13:33:00,AMBER_BUILDING,55.26932720158711,0.7728149852625731,0,1.1882762312377162,0.4510004863884383,4288782.87,1869630.4523892829,11.0
2026-08-07 13:34:00,AMBER_BUILDING,58.73969585352963,0.8690999844597489,1,2.365066067253633,0.5783328970110944,8616776.969999999,1869630.4523892829,23.0
2026-08-07 13:35:00,AMBER_BUILDING,66.19067127803241,0.9448545261886928,3,2.1237448682695925,0.5384442482149291,8027293.549999999,1880375.9923062369,18.0
2026-08-07 13:36:00,AMBER_BUILDING,72.62232268400034,0.9150004950041987,3,0.49707201573993554,0.44486034431528043,3007623.2300000004,1880375.9923062369,13.0
2026-08-07 13:37:00,AMBER_BUILDING,71.97287045806671,0.9073764675260496,1,0.8019235485280232,0.4674559066493513,3726130.9299999997,1915783.6383826868,18.0
2026-08-07 13:38:00,AMBER_BUILDING,67.12184621411086,0.8681682882396474,1,0.24818066776353725,0.47239698525928336,2734508.3200000003,1948804.6585639727,18.0
2026-08-07 13:39:00,AMBER_BUILDING,63.660426139905326,0.9058340260613016,1,1.4294070670761485,0.4792631141076191,5775493.33,1948804.6585639727,14.0
2026-08-07 13:40:00,AMBER_BUILDING,62.954342053824455,0.8786274963005759,1,0.4254215531692023,0.4350062021401732,3110326.9200000004,1948804.6585639727,11.0
2026-08-07 13:41:00,AMBER_BUILDING,62.81078592791105,0.8656602332205636,1,0.606356214238968,0.4474876750566403,3511090.39,1948804.6585639727,14.0
2026-08-07 13:42:00,AMBER_BUILDING,62.88265291417761,0.9038352336922696,1,1.3984339359385598,0.5174579304562215,6002187.359999999,1948804.6585639727,19.0
2026-08-07 13:43:00,AMBER_BUILDING,64.04845510674932,0.9246741107417825,1,1.174832239711196,0.49637711000321916,5312374.83,1957312.0532866435,15.0
2026-08-07 13:44:00,AMBER_BUILDING,63.16791673385139,0.854906088058797,0,-0.2557060762154518,0.45070100071278685,2067946.0399999998,1972984.4233402899,13.0
2026-08-07 13:45:00,AMBER_BUILDING,62.3279222095573,0.8755921128403623,0,1.09718366861011,0.4747857090820299,5039584.83,1994126.419883209,16.0
2026-08-07 13:46:00,AMBER_BUILDING,61.54428296970057,0.8833207878379534,1,0.8897890696113646,0.5122018708768167,4535925.12,2010695.232317458,21.0
2026-08-07 13:47:00,AMBER_BUILDING,65.26774497918966,0.9561957744004128,1,1.9227793885816384,0.5547261356364638,9116780.86,2036675.9101396769,21.0
2026-08-07 13:48:00,AMBER_BUILDING,64.83312533131789,0.8905430827353851,0,-0.17292350660969846,0.4585177234107832,2293688.81,2036675.9101396769,15.0
2026-08-07 13:49:00,AMBER_BUILDING,65.88375080507957,0.9291271795596906,1,1.4043956364771948,0.5137223446512109,6473503.91,2054897.2613626278,19.0
2026-08-07 13:50:00,AMBER_BUILDING,62.195577557633015,0.8621794912251486,0,-0.24261076325591904,0.4348067815929422,2216425.62,2054897.2613626278,13.0
2026-08-07 13:51:00,AMBER_BUILDING,61.870752222132325,0.8657162884737115,0,0.818680494840701,0.44300606221497496,4423708.82,2077841.158076453,13.0
2026-08-07 13:52:00,AMBER_BUILDING,59.33820651242515,0.8356652867172616,0,0.2484387907368964,0.4415789961067034,3119623.0999999996,2077841.158076453,16.0
2026-08-07 13:53:00,AMBER_BUILDING,60.943309309794806,0.8799863675298868,0,1.4110539488113938,0.5417357232725295,6617629.4,2077841.158076453,22.0
2026-08-07 13:54:00,AMBER_BUILDING,61.326306076754584,0.8826486750421277,0,0.7910239608925659,0.46028768094158407,4462158.72,2077841.158076453,15.0
2026-08-07 13:55:00,AMBER_BUILDING,64.56889131679088,0.9448800079519436,0,1.7247138949071046,0.537203605306048,8332042.279999999,2077841.158076453,17.0
2026-08-07 13:56:00,AMBER_BUILDING,65.19875039895773,0.9425355769134123,0,0.7730016568516909,0.5302164818449081,4639519.3,2108538.636497495,21.0
2026-08-07 13:57:00,AMBER_BUILDING,67.26990506428251,0.9583375479301663,0,1.0260578587867504,0.4772509614629454,5608515.76,2108538.636497495,12.0
2026-08-07 13:58:00,AMBER_BUILDING,65.15393658507593,0.9015502738637873,0,-0.09788479664588554,0.44821615176981905,2629546.16,2108538.636497495,14.0
2026-08-07 13:59:00,AMBER_BUILDING,64.47314876666434,0.9033615661434123,0,0.7662954855531224,0.4705875058769161,4837337.54,2137884.298984943,16.0
2026-08-07 14:00:00,AMBER_BUILDING,67.19063922977594,1.0219671005987978,1,2.644092218873353,0.5151558787046571,8347316.02,1904170.0241367687,13.0
2026-08-07 14:01:00,AMBER_BUILDING,74.74479463788087,1.1407702063560499,2,2.8042535767261234,0.570065437269121,9062038.51,1904170.0241367687,22.0
2026-08-07 14:46:00,AMBER_BUILDING,74.47487039116386,0.972727677921157,0,-1.0744989970033028,0.4726356135083069,1077177.88,1511184.0805618279,12.0
2026-08-07 14:47:00,AMBER_BUILDING,69.01798938262068,0.9185518707980025,0,-0.3341079849285475,0.4299333804972983,1919355.92,1486074.298424812,9.0
2026-08-07 14:48:00,AMBER_BUILDING,62.52539541847134,0.7073917362519758,1,-2.544996683108869,0.4914624799137477,342438.69999999995,1486074.298424812,5.0
2026-08-07 14:50:00,AMBER_BUILDING,60.44771020187945,0.8313524392869184,0,-0.34159683801665486,0.45134575605402066,1905851.0100000002,1486074.298424812,12.0
2026-08-07 14:51:00,AMBER_BUILDING,61.504826976836945,0.8305658711664975,0,0.24170156291762487,0.4201327873367981,2993539.6,1486074.298424812,9.0
2026-08-07 14:52:00,AMBER_BUILDING,56.69900621699805,0.7290331852386074,0,-1.1603371123470945,0.414684610888358,1022517.62,1486074.298424812,6.0
2026-08-07 14:53:00,AMBER_BUILDING,55.42214645064584,0.5148672876538632,1,-2.8113763427520775,0.474968840852811,283961.97,1482717.382501078,4.0
2026-08-07 15:45:00,AMBER_BUILDING,50.718947334269096,0.35791727321340194,2,-0.3626514834903406,0.41579382235572304,1236835.13,935571.3878824324,7.0
2026-08-07 15:46:00,AMBER_BUILDING,55.96789297528833,0.369962357884804,2,-1.186051089692043,0.41097134699577637,521933.64,935571.3878824324,4.0
2026-08-10 10:43:00,AMBER_BUILDING,54.61900048230296,0.7902878060779087,0,0.03433074797530608,0.43957512071873034,2151707.02,2535998.5104273167,10.0
2026-08-10 10:44:00,AMBER_BUILDING,56.866017607406725,0.6654380176204933,0,1.21234256652128,0.4527493672591982,4455624.82,2506481.3830967797,12.0
2026-08-10 15:13:00,AMBER_BUILDING,51.39466616647028,1.1917912555844588,1,-14.95609745163705,0.6811161127203986,0.0,1512176.2797680155,0.0
2026-08-10 15:14:00,AMBER_BUILDING,67.90150356760205,1.1184998999538405,0,-0.5649249587867176,0.55185163941444,681663.22,1499628.4773164033,6.0
2026-08-10 15:18:00,AMBER_BUILDING,72.69131999372183,0.9232386526999725,0,0.31365644631846984,0.4634979693781468,1353487.1,1342164.5481497261,10.0
2026-08-10 15:19:00,AMBER_BUILDING,67.41337557427056,0.8470299428457271,0,0.34029930923139423,0.4544985582736037,1376943.79,1342164.5481497261,7.0
2026-08-10 15:20:00,AMBER_BUILDING,61.59434354341459,0.7545938478855362,0,0.7002583546423243,0.4753609208021699,1760003.52,1345858.9281022705,6.0
2026-08-10 15:21:00,AMBER_BUILDING,58.29057386431563,0.777089269144302,0,-1.0903174101461426,0.4757305598517402,563528.03,1345858.9281022705,7.0
2026-08-10 15:22:00,AMBER_BUILDING,55.71069582596464,0.7409867247233435,0,-0.1486919705848894,0.47809475288254694,1018941.5499999999,1342164.5481497261,5.0
2026-08-11 06:33:00,AMBER_BUILDING,50.2857194093555,0.038605894395627775,1,-10.013856800390151,0.646797179161485,0.0,459948.5599585536,0.0
2026-08-11 06:52:00,AMBER_BUILDING,55.42925820817808,0.6848928138489245,0,-0.17776009995132583,0.4324363896687005,462129.29999999993,672719.4627151097,5.0
2026-08-12 15:38:00,AMBER_BUILDING,51.242741947197,0.5304323574519785,1,-3.144861999282943,0.5538256089311971,61355.97,1217604.9377073364,2.0
2026-08-12 17:56:00,AMBER_BUILDING,51.37363064626061,1.5379495823214036,1,-20.944549854226697,0.6857509817661671,0.0,1598685.4593784483,0.0
2026-08-12 17:57:00,AMBER_BUILDING,70.44393863749332,1.5077382744722865,2,-2.6173178515815034,0.5845162511659706,247881.3,1598685.4593784483,3.0
2026-08-13 06:00:00,AMBER_BUILDING,56.469778204770684,0.0,0,0.08802206082486455,0.5675555409228074,0.0,0.0,0.0
2026-08-13 06:33:00,AMBER_BUILDING,61.52456162879954,1.064357765004678,2,-8.474448302105499,0.6512873077039103,0.0,457032.96037956444,0.0
2026-08-13 06:34:00,AMBER_BUILDING,71.601643423316,0.9857679503507834,1,-0.18947692989208917,0.5399337232535546,314849.79,457032.96037956444,1.0
2026-08-13 06:35:00,AMBER_BUILDING,73.53042248109598,0.9127635917441532,0,-0.0601082651627987,0.5021774211010045,380824.38,457032.96037956444,1.0
2026-08-13 06:36:00,AMBER_BUILDING,67.6287452993371,0.8459529439501915,0,-0.06629043062653042,0.4782014475310842,361560.24,438055.1674170551,2.0
2026-08-13 06:37:00,AMBER_BUILDING,73.23644456181502,1.2096519503135186,1,-8.437474245438928,0.6569065727393175,0.0,413527.7241465921,0.0
2026-08-13 06:38:00,AMBER_BUILDING,77.30472215023984,1.1096532208390435,0,-0.002037380043593436,0.5176338039838813,373729.4,410027.43461149203,4.0
2026-08-13 06:40:00,AMBER_BUILDING,74.56153884646842,0.9502867912726118,0,0.12221412429653783,0.46647122161660126,450011.48000000004,407736.11457377597,4.0
2026-08-13 06:41:00,AMBER_BUILDING,69.10571458173902,0.8525184208164339,0,0.4824805017950017,0.45912669724497335,783623.04,407736.11457377597,3.0
2026-08-13 06:42:00,AMBER_BUILDING,63.741774304294644,0.7739351783945091,0,0.2654276852816385,0.46852394378217566,558892.26,407736.11457377597,3.0
2026-08-13 06:43:00,AMBER_BUILDING,59.09698651931555,0.7205583894499157,0,-0.12474841518149409,0.4766322303544882,322123.61,407736.11457377597,2.0
2026-08-13 06:44:00,AMBER_BUILDING,54.03963337635224,0.6487341791544122,0,0.3562452262137442,0.43278240518158817,580550.77,407736.11457377597,4.0
2026-08-13 06:45:00,AMBER_BUILDING,50.096211067233554,0.6217102461368352,0,-0.4704058826784272,0.45927011870432244,353768.82,629992.3602822818,2.0
2026-08-13 11:12:00,AMBER_BUILDING,51.025879040930384,0.7437107682012987,0,-0.5964717390015934,0.42669002271668177,733182.65,1543833.8451376746,7.0
2026-08-13 11:13:00,AMBER_BUILDING,52.70646706203075,0.6195903480036175,0,1.3822083578537607,0.44213363703531056,3048682.1100000003,1540530.3499353954,6.0
2026-08-13 11:47:00,AMBER_BUILDING,50.54919396135904,0.5519796748877913,0,1.2952525161244217,0.42788890812605773,2801922.42,1448896.596412258,12.0
2026-08-13 13:37:00,AMBER_BUILDING,53.23783690733683,0.6515973239901922,0,-0.18457498347917323,0.4254640802124589,1463689.98,2012189.891121644,10.0
2026-08-13 13:43:00,AMBER_BUILDING,56.860326152643914,0.7767997727148446,0,-2.154994342165185,0.460008474521367,523385.93000000005,2049746.2073814732,9.0
2026-08-13 13:44:00,AMBER_BUILDING,55.85608436827383,0.8082707900577183,0,-1.2492669849495577,0.44653010118498737,835842.3,2049746.2073814732,11.0
2026-08-13 13:45:00,AMBER_BUILDING,55.98149054351501,0.7080817441181465,0,1.0960527868844592,0.4338901533421535,3197468.31,2074667.754970738,14.0
2026-08-13 13:46:00,AMBER_BUILDING,52.5691858805176,0.6470292092672579,0,0.522765101971247,0.47362021226225604,2217687.5,2101801.0543116857,18.0
2026-08-13 14:49:00,AMBER_BUILDING,50.086478284340124,0.5615872364384117,0,0.6710487918111856,0.4237371077598036,1586521.1600000001,1343903.263774993,9.0
2026-08-13 15:06:00,AMBER_BUILDING,51.2412117827562,1.323476859487003,1,-17.530047261471996,0.6821353991510496,0.0,1533480.9046122497,0.0
2026-08-13 15:07:00,AMBER_BUILDING,67.1579826759068,1.194825269876979,0,0.19663372927108708,0.5178001999379452,1272707.75,1527037.572520585,6.0
2026-08-13 15:10:00,AMBER_BUILDING,72.53142062132277,0.9060765170941997,0,1.874880581101078,0.5129182200193781,4746353.58,1499628.4773164033,9.0
2026-08-13 15:11:00,AMBER_BUILDING,66.1716165676707,0.8167219446618008,0,0.7362766399366293,0.4943586596343976,1923344.0099999998,1499628.4773164033,13.0
2026-08-13 15:12:00,AMBER_BUILDING,60.968868387700326,0.8115561170786251,0,-0.6922275035176553,0.4794611513730288,608697.45,1499628.4773164033,5.0
2026-08-13 15:13:00,AMBER_BUILDING,57.348587576255085,0.7640414408577312,0,0.09951049955119234,0.46686001840550767,1155015.67,1499628.4773164033,5.0
2026-08-13 15:14:00,AMBER_BUILDING,56.69899318211944,0.7862921782881098,0,-1.1265110829883676,0.48637610008884136,438526.87,1494798.4490535562,5.0
2026-08-13 15:15:00,AMBER_BUILDING,54.31928175456577,0.6792524797641585,0,1.2634333291156523,0.46623791584354507,2056667.64,1330299.2819836682,8.0
2026-08-13 15:16:00,AMBER_BUILDING,52.32454897232676,0.6793477595092065,0,-0.5857158369447668,0.4964949197940147,779097.57,1330299.2819836682,3.0
2026-08-13 15:32:00,AMBER_BUILDING,53.29751627305135,0.5986464919190946,0,1.4144559597937345,0.4653306613770678,2372906.46,1198282.518596568,7.0
2026-08-13 15:36:00,AMBER_BUILDING,50.255650633577964,0.6981167852026808,0,-1.2715165981038907,0.45655800711773964,355550.08,1203423.4960465108,7.0
2026-08-13 15:37:00,AMBER_BUILDING,53.54116821224219,0.6512678147738916,0,0.2705538246293595,0.465842105206946,1055446.1500000001,1192771.9444818867,2.0
2026-08-13 15:39:00,AMBER_BUILDING,54.377783292681805,0.8478934588627132,0,-4.398669834739755,0.5739573129120291,37689.72,1184099.1675555536,1.0
2026-08-13 15:40:00,AMBER_BUILDING,60.30619404966321,0.9039894925000682,0,-1.8945560663576009,0.521258945284676,211737.90000000002,1158257.5748999096,2.0
2026-08-13 15:41:00,AMBER_BUILDING,64.87639287909177,0.8645253746345906,0,-0.171769042047995,0.44944909186593623,718537.98,1132855.3028807777,5.0
2026-08-13 15:42:00,AMBER_BUILDING,62.032987620967674,0.8131486691218266,0,0.12075266709310167,0.4344704284262306,891624.39,1132855.3028807777,7.0
2026-08-13 15:43:00,AMBER_BUILDING,59.4655201991871,0.8182573781309053,0,-0.8620954003951549,0.4549147290811413,438255.69,1132855.3028807777,3.0
2026-08-13 15:44:00,AMBER_BUILDING,56.21168261388456,0.7065655432743265,0,1.3196462726024996,0.43115609996418647,2147284.58,1132855.3028807777,6.0
2026-08-13 15:45:00,AMBER_BUILDING,51.87796179103918,0.5575837566822274,0,2.1483303098450164,0.45031010783779807,3108659.41,786566.39687671,9.0
2026-08-13 16:01:00,AMBER_BUILDING,50.99790919147532,0.7068846431709457,0,-1.6139621709942131,0.4717087587114165,206427.31,1032784.9069174167,3.0
2026-08-13 16:02:00,AMBER_BUILDING,56.101526826008524,0.7492550797012338,0,-1.41650178797311,0.4644889815411119,230082.52999999997,1032784.9069174167,2.0
2026-08-13 16:03:00,AMBER_BUILDING,54.92442228382307,0.7840361993354086,0,-1.3236372647653232,0.45639906024836485,240320.15,1032784.9069174167,4.0
2026-08-13 16:04:00,AMBER_BUILDING,56.45372327986797,0.8069207865673124,0,-1.1161780586418115,0.46118819081306456,280450.33999999997,1032784.9069174167,2.0
2026-08-13 16:05:00,AMBER_BUILDING,55.902878588045944,0.7624203898527254,0,0.06097931520158662,0.42980397100920664,742602.8300000001,1016031.7304581652,4.0
2026-08-13 16:06:00,AMBER_BUILDING,53.84137673378522,0.730506753719017,0,-0.09756776738821892,0.42044006161949926,627320.4,983751.5499344958,5.0
2026-08-13 16:07:00,AMBER_BUILDING,50.92750806483508,0.6532299100364596,0,0.7936344022886538,0.47650396791652944,1325407.1099999999,983751.5499344958,2.0
2026-08-13 16:09:00,AMBER_BUILDING,50.045367775562625,0.7354658196921537,0,-2.668828177208852,0.5400864011046613,73727.83,1016031.7304581652,1.0
2026-08-13 16:11:00,AMBER_BUILDING,53.95006285469182,0.7347129943553453,0,-1.9841867989307194,0.5122506931203619,124995.75,1016031.7304581652,2.0
2026-08-13 16:12:00,AMBER_BUILDING,51.17446698002669,0.6784279019582488,0,0.36404185221148877,0.45691009293218904,943322.96,983751.5499344958,10.0
2026-08-13 16:13:00,AMBER_BUILDING,51.00459002601096,0.625925409054789,0,0.4074908588899372,0.4199092207322967,948749.69,955521.6303820256,8.0
2026-08-13 17:28:00,AMBER_BUILDING,51.4726471048981,0.7430859230744086,0,-1.5156309299170072,0.4379037909376203,744262.22,2511459.6943075033,9.0
2026-08-13 17:29:00,AMBER_BUILDING,52.04706282298489,0.7404582553604937,0,-0.4650819973585219,0.44119082594191505,1380662.17,2495108.4861311447,13.0
2026-08-13 17:30:00,AMBER_BUILDING,53.95232371121053,0.7580586248827796,0,-0.813324055960033,0.4407882786689451,996641.2999999999,2209981.8076949436,8.0
2026-08-13 17:31:00,AMBER_BUILDING,52.128785210699355,0.6882339197893956,0,0.6773128487144602,0.4195362183883001,2432070.6,2209981.8076949436,9.0
2026-08-13 17:32:00,AMBER_BUILDING,51.26823024829866,0.7051628446577742,0,-0.7156343799351553,0.4189764596542532,1055144.74,2209981.8076949436,8.0
2026-08-13 17:47:00,AMBER_BUILDING,51.54971794039124,0.719854066810809,0,-3.7037334345826896,0.5138670296742853,142921.01,1566277.8021711207,3.0
2026-08-13 17:48:00,AMBER_BUILDING,51.29373580449112,0.7242939814830495,0,-0.5444067479187499,0.4264346065052423,818713.8899999999,1552371.1316379467,7.0
2026-08-13 17:49:00,AMBER_BUILDING,54.20642328704211,0.7314019821365433,0,-0.5824494245316566,0.4131213292873013,794132.49,1538740.3636510458,7.0
2026-08-13 17:50:00,AMBER_BUILDING,50.30057510219793,0.6613825323605887,0,0.7491612568298542,0.41481404138097494,1732214.65,1529306.4803969497,9.0
2026-08-14 15:09:00,AMBER_BUILDING,52.04763537120345,0.7551779745751726,0,0.24769104174242204,0.5198501342127155,1785035.9100000001,1423199.9854497586,9.0
2026-08-14 15:10:00,AMBER_BUILDING,58.29576017238543,0.6705953058251435,0,0.3786703936566965,0.46853073481305596,1974089.35,1423199.9854497586,8.0
2026-08-14 15:11:00,AMBER_BUILDING,50.05545837096131,0.5819325816822498,0,0.602563697752713,0.4834482759681306,2304130.59,1423199.9854497586,11.0
2026-08-14 16:33:00,AMBER_BUILDING,51.188114090700616,1.202227783667512,1,-28.009150324559126,0.6910843544786244,0.0,1641292.453282474,0.0
2026-08-14 16:34:00,AMBER_BUILDING,64.07290339124052,0.9887979695963311,0,1.2200026363613614,0.5288806386136925,3192229.17,1641292.453282474,11.0
2026-08-14 16:35:00,AMBER_BUILDING,77.07097342354687,0.9808792504038535,0,-1.5860458885133062,0.48024513989265016,751096.7999999999,1677254.0944367638,7.0
2026-08-14 16:36:00,AMBER_BUILDING,72.89771957295495,1.0364971267329741,0,-2.8847286293762093,0.494004955585262,361568.32999999996,1641292.453282474,8.0
2026-08-14 16:37:00,AMBER_BUILDING,71.62725592307453,0.9350950109351395,0,0.353141846224096,0.4659870781816908,1989937.07,1601664.6168382282,7.0
2026-08-14 16:38:00,AMBER_BUILDING,72.37548855342187,0.9789379086291652,0,-2.605493086258488,0.5015539727791787,415973.88999999996,1601664.6168382282,7.0
2026-08-14 16:39:00,AMBER_BUILDING,68.54314345478905,0.8960017127545713,0,0.040999856516903396,0.511484631576182,1663741.95,1583263.3338338204,3.0
2026-08-14 16:40:00,AMBER_BUILDING,64.67937841138567,0.7546707262965935,0,1.4172549708192146,0.4807858039004651,3494216.8,1583263.3338338204,11.0
2026-08-14 16:41:00,AMBER_BUILDING,58.33164265585366,0.7294469973267614,0,-0.8136453807591449,0.4670636554929535,1060457.22,1583263.3338338204,6.0
2026-08-14 16:42:00,AMBER_BUILDING,52.28151542047493,0.6397715396730685,0,0.5980618702570291,0.4477511595299894,2210713.95,1552624.8413899287,8.0
2026-08-17 06:32:00,AMBER_BUILDING,64.9678416186587,0.827470123912581,0,-1.470898959585659,0.5060653532545722,104974.83,392145.2695256585,1.0
2026-08-17 06:33:00,AMBER_BUILDING,59.83921244524788,0.7382792499829706,0,0.43499525857597426,0.4436887244128394,621764.85,385604.3024475725,2.0
2026-08-17 06:34:00,AMBER_BUILDING,54.619516688909194,0.6235563016509762,0,1.1650231595270304,0.42945768140434903,1260496.59,392145.2695256585,4.0
2026-08-17 06:35:00,AMBER_BUILDING,50.37633273530429,0.6473495701676925,0,-1.7121584687821174,0.46117309609892654,82738.48,392145.2695256585,2.0
2026-08-17 06:39:00,AMBER_BUILDING,50.76542770049656,0.6576715751702144,0,-2.8789128917072144,0.5165678139537622,28502.33,392145.2695256585,1.0
2026-08-17 06:45:00,AMBER_BUILDING,58.50862620631411,0.8814241321908157,0,0.6924842546260339,0.4812092130272832,1279727.37,629992.3602822818,6.0
2026-08-17 06:46:00,AMBER_BUILDING,64.8150300112441,0.768476628919968,0,0.8382003939114343,0.41687486158557796,1507506.25,629992.3602822818,6.0
2026-08-17 06:47:00,AMBER_BUILDING,56.74267562666216,0.7297694612420048,0,-0.5660090671072471,0.4521508654540758,398213.54,629992.3602822818,2.0
2026-08-17 06:48:00,AMBER_BUILDING,50.918663756638104,0.6326956495869873,0,0.7365484402911072,0.41719336312424266,1378683.6,629992.3602822818,4.0
2026-08-17 06:49:00,AMBER_BUILDING,53.1885953307092,0.7305905264364212,0,-3.1635945445662714,0.5378752809993019,30912.96,629992.3602822818,1.0
2026-08-17 06:50:00,AMBER_BUILDING,51.498433426792225,0.6478210459347788,0,0.40476355357494803,0.44658198404703986,1023502.62,629992.3602822818,4.0
2026-08-17 06:51:00,AMBER_BUILDING,51.08694702994967,0.5821045506868339,0,0.20089285526507852,0.444270732137347,843032.94,635959.2527533147,8.0
2026-08-17 06:56:00,AMBER_BUILDING,51.98496005142971,1.0610474399138397,1,-13.603086075391687,0.6687368239938883,0.0,653603.2483161896,0.0
2026-08-17 06:57:00,AMBER_BUILDING,60.68774978387737,0.9192911640419853,0,0.848609732403596,0.4938572823186241,1661791.79,653603.2483161896,6.0
2026-08-17 06:58:00,AMBER_BUILDING,67.60260329228244,0.8208308102257001,0,0.43856586859918534,0.4218868475292619,1116267.1400000001,653603.2483161896,7.0
2026-08-17 06:59:00,AMBER_BUILDING,57.66261973639663,0.6941488355864113,0,1.1833098412795817,0.441634861616228,2419042.5500000003,653603.2483161896,4.0
2026-08-17 07:00:00,AMBER_BUILDING,52.70346570031602,0.6843275632047878,0,-1.028182897887162,0.44767107607746714,372084.63,827174.4483114392,7.0
2026-08-17 11:12:00,AMBER_BUILDING,52.68136180778557,1.1410449867455474,1,-22.71982858555561,0.701430595914467,0.0,1519938.930264868,0.0
2026-08-17 11:13:00,AMBER_BUILDING,70.1231182157674,1.250460610664031,2,-4.45445047954278,0.6185010718329846,102900.97,1519938.930264868,1.0
2026-08-17 12:28:00,AMBER_BUILDING,77.18235400944205,0.9023824867915768,2,2.0445729330987166,0.5237872628410783,5300376.4,1652304.5060250883,13.0
2026-08-17 12:29:00,AMBER_BUILDING,69.67172751554767,0.807476101256003,2,0.7215344702734419,0.4323414363687009,2417367.65,1652304.5060250883,11.0
2026-08-17 12:30:00,AMBER_BUILDING,63.865980346781036,0.7708349926125788,2,-0.6127487058747073,0.4108626244725898,1202759.3900000001,2059758.0602560092,9.0
2026-08-17 12:31:00,AMBER_BUILDING,59.85301528614975,0.7053823838151321,2,0.23766506171479776,0.4007511149370775,2204259.73,2043197.026048081,8.0
2026-08-17 12:32:00,AMBER_BUILDING,57.37433969982345,0.6857956633818031,2,-0.9131646909009445,0.4067779660869058,1014141.37,2043197.026048081,6.0
2026-08-17 12:33:00,AMBER_BUILDING,55.12395190624417,0.6603614100186871,2,-0.7016306649979516,0.4019206584040789,1160778.73,2043197.026048081,6.0
2026-08-17 12:34:00,AMBER_BUILDING,53.13410979417256,0.6503097711351258,1,-1.036874088606354,0.4203406731641587,893133.32,2043197.026048081,10.0
2026-08-17 12:35:00,AMBER_BUILDING,50.477129495297625,0.6365797683038327,1,-0.9106108371485552,0.4215975471695769,970169.75,2043197.026048081,6.0
2026-08-17 13:01:00,AMBER_BUILDING,55.68414009821583,0.14565361213732295,3,1.4436828774080224,0.5265390610890975,4640120.99,1834270.6594674876,21.0
2026-08-17 13:02:00,AMBER_BUILDING,62.7615470973333,0.17609862971352552,3,1.2264686226318127,0.4872321528996225,4044793.97,1834270.6594674876,6.0
2026-08-17 13:03:00,AMBER_BUILDING,69.19397550758451,0.1594718233181596,3,0.05565954262914564,0.4313801981125635,1748762.98,1834270.6594674876,8.0
2026-08-17 13:04:00,AMBER_BUILDING,61.33237190109255,0.15190010178394875,2,0.23414674206124478,0.4206026626239509,2011009.73,1824514.0691196886,11.0
2026-08-17 13:05:00,AMBER_BUILDING,54.51648835375007,0.1785179326283554,2,1.0923067515550429,0.447362762143931,3744424.02,1834270.6594674876,12.0
2026-08-17 14:24:00,AMBER_BUILDING,54.20052317347059,0.06581152551325391,3,1.2206404622213463,0.4508654906393601,3661189.21,1434047.926338537,11.0
2026-08-17 14:25:00,AMBER_BUILDING,61.970600269979606,0.09583703895137133,3,1.1077299080936096,0.47976863886220694,3445648.04,1454462.6578958146,6.0
2026-08-17 14:26:00,AMBER_BUILDING,68.70103027035381,0.0908166828038535,3,0.2710911796947894,0.4225986425771751,1563867.79,1465322.9826254458,8.0
2026-08-17 14:27:00,AMBER_BUILDING,62.01533785821715,0.09416947591178694,2,0.47520180652777905,0.44578198482469855,1901177.65,1465322.9826254458,5.0
2026-08-17 14:28:00,AMBER_BUILDING,54.316332470785575,0.09617771345759822,2,0.4476976277452943,0.415031133442042,1851794.26,1465322.9826254458,10.0
2026-08-17 14:37:00,AMBER_BUILDING,52.92819022865124,0.11729759401023163,2,0.1504023670988095,0.4517212233933125,1321254.39,1372360.5612741704,11.0
2026-08-17 14:38:00,AMBER_BUILDING,56.27348982318807,0.13233793618675802,2,0.8349730754770972,0.42570960083196097,2343190.77,1372360.5612741704,10.0
2026-08-17 14:52:00,AMBER_BUILDING,55.005697393026644,0.16937414334337264,3,1.180824737433031,0.42906120026688216,3441336.85,1347013.6793569652,8.0
2026-08-17 14:53:00,AMBER_BUILDING,62.05569196133456,0.12133719473898334,3,-0.7076176491934115,0.44888174170500034,584472.73,1347013.6793569652,5.0
2026-08-17 14:54:00,AMBER_BUILDING,61.66529116056267,0.11318656509415174,2,0.20757084017057872,0.43009749326565094,1395878.73,1343903.263774993,8.0
2026-08-17 14:55:00,AMBER_BUILDING,55.09204907165437,0.11590173886232152,2,0.4616249471638962,0.4276020196199016,1791477.78,1347013.6793569652,6.0
2026-08-17 15:18:00,AMBER_BUILDING,50.32868350602005,0.033209007081176266,3,1.3139165650166764,0.4370871359320041,3068318.89,1211000.5468156294,8.0
2026-08-17 15:19:00,AMBER_BUILDING,54.581326817182095,0.010414143304568234,2,-0.317954972146072,0.44372708330750943,808611.7,1230928.2417139478,8.0
2026-08-17 15:20:00,AMBER_BUILDING,55.24579247567655,0.017345482005133913,2,-0.49262145829419196,0.4367226100630973,701736.95,1230928.2417139478,5.0
2026-08-18 06:41:00,AMBER_BUILDING,56.608455858428364,0.8466260792481289,2,-12.636399908210025,0.643520227835454,0.0,385604.3024475725,0.0
2026-08-18 06:42:00,AMBER_BUILDING,62.85002474390137,0.8001538339665136,1,-0.8782884363334822,0.5231593045029219,157383.55,378588.5366302287,1.0
2026-08-18 06:43:00,AMBER_BUILDING,59.916018998595824,0.7322801011611044,0,0.10875591407867076,0.43226800706173324,433315.72,375045.29338966677,2.0
2026-08-18 06:44:00,AMBER_BUILDING,53.7482259015055,0.6598395486287109,0,0.454684138573358,0.448218525530302,630274.8,378588.5366302287,3.0
2026-08-18 17:59:00,AMBER_BUILDING,57.17080491383074,1.5034580994514275,2,-22.952170157617008,0.68591020489703,0.0,1314604.566675619,0.0
2026-08-18 18:00:00,AMBER_BUILDING,75.06816328635624,1.3307801977531863,1,-0.13269587438372896,0.5308665063687085,895210.72,1028766.0797003662,9.0
2026-08-19 06:00:00,AMBER_BUILDING,57.48325329569567,0.0,0,0.037099136154559856,0.565718462199938,0.0,0.0,0.0
2026-08-19 06:32:00,AMBER_BUILDING,50.29136438866217,0.7606885226586181,0,-1.4929253147221655,0.5316177547601604,98436.39,392145.2695256585,1.0
2026-08-19 06:33:00,AMBER_BUILDING,56.72577990710516,0.6890601067069229,0,0.2291410954276845,0.4583503366503463,477646.75,385604.3024475725,4.0
2026-08-19 06:34:00,AMBER_BUILDING,52.47720856018375,0.6687177413564271,0,-0.7554182431103184,0.477323991288474,194850.22999999998,392145.2695256585,2.0
2026-08-19 06:35:00,AMBER_BUILDING,63.34707077786211,1.2598769640603833,1,-13.927011877063817,0.6652435420164353,0.0,392145.2695256585,0.0
2026-08-19 06:36:00,AMBER_BUILDING,75.84879775336367,1.3317287085400793,1,-4.09326795728632,0.5859421336042722,8752.48,385604.3024475725,1.0
2026-08-19 06:40:00,AMBER_BUILDING,73.15152467054921,0.928993183363837,0,1.2828016380169718,0.4739201166956749,1228261.48,375045.29338966677,5.0
2026-08-19 06:41:00,AMBER_BUILDING,65.98398075052063,0.8043366154593939,0,1.0770283872116124,0.4996385603130766,1037081.9299999999,375045.29338966677,6.0
2026-08-19 06:42:00,AMBER_BUILDING,58.63095155828828,0.7006489233967527,0,0.8351533063731188,0.472889846363793,837109.77,377513.8640418231,1.0
2026-08-19 06:43:00,AMBER_BUILDING,52.02435205334038,0.6048736417105307,0,0.8442685279483859,0.47280742771375533,855584.8899999999,379743.36069741135,5.0
2026-08-19 06:46:00,AMBER_BUILDING,54.908199720259574,1.1126410628422747,1,-13.398819655504573,0.6693957966664853,0.0,710444.0585649773,0.0
2026-08-19 06:47:00,AMBER_BUILDING,67.31263493802858,1.1056782431894336,0,-2.008912653137619,0.5494074351861371,84076.05,687050.996974,1.0
2026-08-19 06:48:00,AMBER_BUILDING,77.6025017194983,0.9946180764346011,0,0.4785754308143182,0.44297682111912123,1142431.82,687050.996974,3.0
2026-08-19 06:49:00,AMBER_BUILDING,72.384218441811,0.9713647497941054,0,-1.2057547264904067,0.47587722819706796,201352.1,710444.0585649773,3.0
2026-08-19 06:50:00,AMBER_BUILDING,66.918025745546,0.8879013053242296,0,0.12614237666259176,0.4563735349620357,812342.18,710444.0585649773,7.0
2026-08-19 06:51:00,AMBER_BUILDING,64.68740218308353,0.8774203456862241,0,-1.2928470018814127,0.48305897398916126,182217.84,719753.0168644957,1.0
2026-08-19 06:52:00,AMBER_BUILDING,66.75696806926128,0.9789157844771431,0,-3.6522200471716477,0.5559241170036662,14532.62,719753.0168644957,1.0
2026-08-19 06:53:00,AMBER_BUILDING,68.71422901898045,0.9685449329336058,0,-1.462288710053486,0.4959319251096907,144193.44,719753.0168644957,2.0
2026-08-19 06:54:00,AMBER_BUILDING,68.16033175082619,0.891354692063987,0,-0.00821278992917228,0.42527237672523716,713283.0800000001,719753.0168644957,5.0
2026-08-19 06:55:00,AMBER_BUILDING,62.95887144209255,0.8249873474902691,0,-0.10243202531812463,0.43576318594945845,641743.85,715970.7812824799,3.0
2026-08-19 06:56:00,AMBER_BUILDING,69.78891421345332,1.3518402691325304,1,-12.616968545319425,0.6737536556543969,0.0,715970.7812824799,0.0
2026-08-19 06:57:00,AMBER_BUILDING,76.49743911887948,1.2693528395163323,0,-0.8257360713626852,0.4894540666224461,292339.76,707777.1041612471,2.0
2026-08-19 07:03:00,AMBER_BUILDING,58.576804467759814,0.6633666678617254,0,1.9157550284226899,0.4451120980954713,4084141.4299999997,806463.4938902556,6.0
2026-08-19 07:04:00,AMBER_BUILDING,55.0614207994607,0.7090164238019114,0,-2.094522114438973,0.5366404409317569,130899.23,806463.4938902556,1.0
2026-08-19 07:05:00,AMBER_BUILDING,51.292330241458785,0.6326121146863772,0,0.41012879982827694,0.47630317024524826,1154965.4100000001,806463.4938902556,9.0
2026-08-19 08:39:00,AMBER_BUILDING,50.544707002981674,0.5475922330607225,0,1.0716891518701355,0.4569702145630761,3283462.58,2038275.43054277,7.0
2026-08-19 10:33:00,AMBER_BUILDING,51.04857341667161,0.7914718639859945,0,-1.1084391227459431,0.4400749093227314,761513.0900000001,1988571.2301062588,8.0
2026-08-19 10:34:00,AMBER_BUILDING,59.05112365349792,0.831540074324665,0,-0.698054530776246,0.42644090947517405,954059.9500000001,1948882.179912088,5.0
2026-08-19 10:35:00,AMBER_BUILDING,57.71709793281993,0.8205741143083665,0,-0.30857448227694073,0.4038145640553816,1228430.0,1941269.6919370191,7.0
2026-08-19 10:36:00,AMBER_BUILDING,55.79767886294769,0.6936096426789922,0,1.0947792533082321,0.4152107996421331,3211014.38,1912767.72058414,10.0
2026-08-19 10:37:00,AMBER_BUILDING,50.17590757814897,0.5365410330290681,0,1.5723281433618679,0.45777173821639794,4568392.4799999995,1941269.6919370191,9.0
2026-08-19 10:58:00,AMBER_BUILDING,52.57443636529327,0.7303710875462094,0,0.31179547951788794,0.4211007318234379,1765534.2599999998,1845948.9242333844,9.0
2026-08-19 10:59:00,AMBER_BUILDING,52.13020465955427,0.6691518758825304,0,0.5948479696455472,0.41846085949268524,2222333.6,1845948.9242333844,8.0
2026-08-19 11:02:00,AMBER_BUILDING,53.276950650334605,0.8203201126786338,0,-1.4895511182266177,0.4662459488367905,330552.97,1516055.8348011363,4.0
2026-08-19 11:03:00,AMBER_BUILDING,55.27386678875177,0.8033542805085769,0,-0.1693289638772259,0.41973236235701017,964603.4400000001,1516055.8348011363,6.0
2026-08-19 11:24:00,AMBER_BUILDING,58.09019051954087,1.0252175722698176,2,-5.122680804440583,0.5977118731169497,14251.22,1220949.6347744185,1.0
2026-08-19 11:25:00,AMBER_BUILDING,62.48543468174233,0.9119436142184044,0,0.6635046108422334,0.4450941947278167,1555704.6400000001,1220949.6347744185,6.0
2026-08-19 11:26:00,AMBER_BUILDING,70.83267504276992,0.9909487374467177,0,-1.4232898311059698,0.5040435885736496,294409.24,1237831.1301775347,2.0
2026-08-19 11:27:00,AMBER_BUILDING,64.15638763558452,0.7726462873879698,0,1.9826420366088044,0.4948511468283948,4588223.09,1237831.1301775347,8.0
2026-08-19 11:28:00,AMBER_BUILDING,61.9424437734342,0.7941142573512002,0,-0.6003518867452302,0.4487074562774178,563144.13,1250028.0400980667,5.0
2026-08-19 11:29:00,AMBER_BUILDING,57.22802194194946,0.7714981812159394,0,-0.1024756890756072,0.47346843509764286,842603.9700000001,1237831.1301775347,2.0
2026-08-19 11:30:00,AMBER_BUILDING,56.38610796138289,0.7743550570377147,0,-0.37617395239591983,0.4361530528253242,517118.26,1050473.1633456927,7.0
2026-08-19 11:31:00,AMBER_BUILDING,53.42849619256663,0.6633902070444767,0,0.9353442263122106,0.42467991830609464,1798883.38,1050473.1633456927,5.0
2026-08-19 12:37:00,AMBER_BUILDING,55.10470708792385,0.7339120141391379,0,0.2459741622815114,0.4111689031147112,1961681.1,2043197.026048081,7.0
2026-08-19 12:38:00,AMBER_BUILDING,56.728395680261464,0.7958471468651069,0,-1.0955190444544392,0.42585877428468505,840168.6900000001,2043197.026048081,8.0
2026-08-19 12:39:00,AMBER_BUILDING,54.95470427116891,0.7692651295918547,0,-0.1312554412246403,0.40133396894105056,1552909.33,2043197.026048081,9.0
2026-08-19 12:40:00,AMBER_BUILDING,55.97439459809497,0.7922792732973031,0,-0.6714593978469116,0.4241979572332395,1114093.21,2043197.026048081,6.0
2026-08-19 12:41:00,AMBER_BUILDING,58.001921503486024,0.883069657936315,0,-1.495951803931999,0.43990455285251373,655987.3600000001,2043197.026048081,5.0
2026-08-19 12:42:00,AMBER_BUILDING,61.411808192201924,0.913051652806847,0,-0.8537928495548874,0.4319235273057358,965117.4,2043197.026048081,5.0
2026-08-19 12:43:00,AMBER_BUILDING,61.77502615713856,0.806821899116586,0,0.724388237820995,0.44209421338703336,2615616.71,2043197.026048081,7.0
2026-08-19 12:44:00,AMBER_BUILDING,58.37965438227559,0.7701700635430682,0,0.016058116396251442,0.40347632158178887,1669049.6500000001,2043197.026048081,11.0
2026-08-19 12:45:00,AMBER_BUILDING,54.77607395901422,0.7423414996349266,0,-0.06452285756998245,0.42395317744644523,1190955.65,1608867.6804648796,5.0
2026-08-19 12:46:00,AMBER_BUILDING,51.63628436400396,0.6787810494518882,0,0.390332505379898,0.41003307750904966,1656800.19,1593356.9441963723,11.0
2026-08-19 13:00:00,AMBER_BUILDING,54.05411200933995,0.7041594489343327,0,-0.39967401477276815,0.4060317611922065,1163828.36,1834270.6594674876,6.0
2026-08-19 13:03:00,AMBER_BUILDING,51.814634252850745,0.7863838365635378,0,-1.2374615583985487,0.45257769897493877,656015.08,1811711.0929774176,5.0
2026-08-19 13:04:00,AMBER_BUILDING,52.597797415148,0.6978650481293744,0,0.6439343766767062,0.4168808303874563,2185755.94,1811711.0929774176,10.0
2026-08-19 13:05:00,AMBER_BUILDING,50.48420176004466,0.6088336293039036,0,0.7104569810293663,0.40058050777465826,2313774.76,1811711.0929774176,9.0
2026-08-19 13:19:00,AMBER_BUILDING,50.701337854279465,0.7278271958815474,0,-0.5393918435809101,0.41422862295515045,1208736.33,2246319.281811116,10.0
2026-08-19 13:20:00,AMBER_BUILDING,51.00920100840551,0.6946433931747307,0,0.05877669948590502,0.41506335827432694,1835495.1400000001,2246319.281811116,6.0
2026-08-19 13:21:00,AMBER_BUILDING,50.559510787666106,0.6532369589225637,0,0.1738304836489142,0.4105313473562355,2020530.47,2246319.281811116,7.0
2026-08-19 13:27:00,AMBER_BUILDING,50.46773492714408,0.6917652136990613,0,0.4415473021592467,0.4370283081914511,2306152.41,2175509.4495975417,9.0
2026-08-19 13:28:00,AMBER_BUILDING,53.751396918586444,0.7093773942038458,0,-0.5328132021466208,0.4173868486875808,1245212.61,2214145.900037039,12.0
2026-08-19 13:42:00,AMBER_BUILDING,53.34879977119207,0.7676383299574465,0,-0.6115919516427493,0.4270543333335643,928294.5000000001,1989394.7091808142,5.0
2026-08-19 13:43:00,AMBER_BUILDING,53.2254612755191,0.6914582373400484,0,0.5353337673260699,0.43223208212463105,2272232.4799999995,1989394.7091808142,6.0
2026-08-19 13:44:00,AMBER_BUILDING,55.02025069539593,0.8009034198446796,0,-1.5323666691426376,0.5072122282419352,452766.79,1989394.7091808142,1.0
2026-08-19 13:45:00,AMBER_BUILDING,53.90216151174689,0.7146487051251076,0,0.6213400853257294,0.4167218212405565,2116249.21,1748001.0493799548,7.0
2026-08-19 13:46:00,AMBER_BUILDING,52.03194476295079,0.6367337298515557,0,0.6164397618142133,0.3989688521625127,2095175.6600000001,1748001.0493799548,8.0
2026-08-19 16:24:00,AMBER_BUILDING,52.259914217842415,0.7963910665738553,0,-2.4219782420493794,0.5187093630500544,143590.79,1000967.0796984779,2.0
2026-08-19 16:25:00,AMBER_BUILDING,57.7646237438232,0.893848711799428,0,-1.69003640117113,0.4918841847779474,236973.03,1000967.0796984779,2.0
2026-08-19 16:26:00,AMBER_BUILDING,61.19079360395074,0.6285556335777966,0,2.8541347525705585,0.5273933876901433,5658712.95,971329.8901329834,4.0
2026-08-19 16:27:00,AMBER_BUILDING,55.99184194876663,0.605631376933533,0,0.02765383513670128,0.45408100496698994,757077.1499999999,971329.8901329834,7.0
2026-08-19 16:28:00,AMBER_BUILDING,52.79144667575547,0.7319295532105446,0,-1.8789541547337218,0.4704698178981666,193870.27000000002,971329.8901329834,3.0
2026-08-19 17:57:00,AMBER_BUILDING,50.582449704685665,0.7160137246341763,0,-0.39429081215924583,0.41291148253459853,774715.5900000001,1250702.1421009868,7.0
2026-08-19 17:58:00,AMBER_BUILDING,51.77110953489978,0.7160017671605159,0,-0.4356297012805713,0.413921817867131,745580.4099999999,1238453.3903977796,5.0
2026-08-20 06:32:00,AMBER_BUILDING,68.14105474273767,0.8808580201731872,0,0.5687809747774176,0.49799990192755467,576067.5900000001,375045.29338966677,4.0
2026-08-20 06:33:00,AMBER_BUILDING,65.86232431913363,0.8556454241125355,0,0.9493613768848677,0.4946125121941828,842817.4,375045.29338966677,1.0
2026-08-20 06:34:00,AMBER_BUILDING,63.20242646348711,0.0654680913451642,1,-12.70867454224544,0.6674570034737544,0.0,375045.29338966677,0.0
2026-08-20 06:35:00,AMBER_BUILDING,55.817253357941546,0.015683992938797933,0,-1.2166081906570034,0.5376185670255079,94331.07,375045.29338966677,2.0
2026-08-20 06:39:00,AMBER_BUILDING,64.90959288725647,1.3367439197359225,2,-12.434135936462182,0.6469687883814568,0.0,368568.07530815975,0.0
2026-08-20 06:40:00,RED_EARLY_WARNING,78.77934352123434,1.2357689573120156,1,-0.24848398368437177,0.5151586810008267,237289.88,362517.8668204696,3.0
2026-08-20 06:47:00,AMBER_BUILDING,77.92162034900046,0.9917070032274355,0,0.6085838014730125,0.42598610461842973,1108558.98,687050.996974,5.0
2026-08-20 06:48:00,AMBER_BUILDING,71.31605396822154,0.9017946213940475,0,0.3439693007063431,0.4281666967081672,863582.48,707777.1041612471,2.0
2026-08-20 06:49:00,AMBER_BUILDING,65.13181483873711,0.8388099342835368,1,-0.02389264893363329,0.4282560149898892,596495.77,707777.1041612471,4.0
2026-08-20 06:50:00,AMBER_BUILDING,58.65554177246782,0.70787961443949,1,1.365232960246374,0.43627553808063557,2252536.79,687050.996974,3.0
2026-08-20 06:51:00,AMBER_BUILDING,54.15017135770962,0.6857482775806485,0,-0.5126691849661159,0.4616050267152573,356427.43,687050.996974,1.0
2026-08-20 06:52:00,AMBER_BUILDING,52.348159788852406,0.7266514823283727,0,-1.6722876115416063,0.45985171269788105,116326.70000000001,687050.996974,2.0
2026-08-20 06:53:00,AMBER_BUILDING,50.266600394685334,0.6254667098282074,0,0.9788510428070802,0.4259854229935603,1510938.5699999998,668852.4269663079,4.0
2026-08-20 06:54:00,AMBER_BUILDING,63.129812073526544,1.249224714909097,1,-12.577566022246778,0.6677566938130182,0.0,668852.4269663079,0.0
2026-08-20 06:55:00,AMBER_BUILDING,74.03295355428236,1.280772763245142,0,-2.640191274558859,0.5529290187551152,31612.24,668852.4269663079,1.0
2026-08-20 06:59:00,AMBER_BUILDING,74.89327783274207,0.9867224495551582,0,-0.08140338447794915,0.43738175871234214,520755.01,668852.4269663079,6.0
2026-08-20 07:00:00,AMBER_BUILDING,69.38804443142332,0.8565158147379445,0,1.1152315395281163,0.43507529771654346,1764861.2599999998,770339.5073243284,6.0
2026-08-20 07:01:00,AMBER_BUILDING,66.43976959092514,0.8765964164604478,0,-1.5034096381408675,0.4778873513658199,184199.68000000002,770339.5073243284,2.0
2026-08-20 07:02:00,AMBER_BUILDING,63.144631212789,0.8205879629443146,0,-0.12663124587706853,0.4401471480215161,610747.79,770339.5073243284,5.0
2026-08-20 07:03:00,AMBER_BUILDING,60.37354133226271,0.7222274109868719,0,0.7361826735882487,0.4255672138892747,1305219.83,765312.5231243634,4.0
2026-08-20 07:04:00,AMBER_BUILDING,54.86127607814228,0.6139879094635565,0,1.0560526536279078,0.43437993664500907,1737762.29,770339.5073243284,7.0
2026-08-20 07:05:00,AMBER_BUILDING,55.02237788367194,0.7656495034902079,0,-3.5181505749886677,0.566298056165619,29076.49,770339.5073243284,1.0
2026-08-20 07:06:00,AMBER_BUILDING,55.1996033892628,0.7271251346980575,0,-0.29229470877448643,0.4462630343814375,526184.03,770339.5073243284,6.0
2026-08-20 07:07:00,AMBER_BUILDING,58.68510328958663,0.7787040944610732,0,-1.8625072232961926,0.4650875567733739,127688.95,765312.5231243634,3.0
2026-08-20 07:08:00,AMBER_BUILDING,54.86831299147295,0.6316482444984971,0,1.678456521026445,0.4917373130339092,3058069.43,741888.9860031821,13.0
2026-08-20 11:31:00,AMBER_BUILDING,51.89992566449839,1.4096826787189107,1,-17.2667418986412,0.6922140141530531,0.0,1173295.1423797559,0.0
2026-08-20 11:32:00,AMBER_BUILDING,69.44521029502751,1.2681053993281468,0,-0.28772608642523934,0.537121423696898,922142.59,1173295.1423797559,6.0
2026-08-20 11:36:00,AMBER_BUILDING,73.77529587842527,0.9271974643753833,0,1.0185870558037553,0.4796364245354458,2436585.95,1092894.71546308,6.0
2026-08-20 11:37:00,AMBER_BUILDING,69.75971611549666,0.9044185441957809,0,-0.7898951077573675,0.48396840949469766,548927.32,1092894.71546308,5.0
2026-08-20 11:38:00,AMBER_BUILDING,70.05963711096452,1.0367145526213883,0,-3.1771993795547417,0.5514223095214352,67287.48999999999,1092894.71546308,2.0
2026-08-20 11:39:00,AMBER_BUILDING,70.49628197960257,0.9426882994466325,0,0.19352953483755908,0.5113821984383211,1260555.36,1092894.71546308,4.0
2026-08-20 11:40:00,AMBER_BUILDING,68.7549910078546,0.8419115998877568,0,0.41495569878506267,0.454873449892665,1546629.31,1092894.71546308,9.0
2026-08-20 11:41:00,AMBER_BUILDING,62.768153051920756,0.8303199815065183,0,-0.8700998973277879,0.4763049245363116,530875.27,1138362.5481661377,5.0
2026-08-20 11:42:00,AMBER_BUILDING,59.10912999103193,0.7910857202485612,0,-0.4122848154331166,0.46326972434013286,791602.39,1138362.5481661377,5.0
2026-08-20 11:43:00,AMBER_BUILDING,56.86943053041055,0.7332563593002908,0,-0.08129167110940225,0.4770407840541948,1014502.47,1092894.71546308,6.0
2026-08-20 11:44:00,AMBER_BUILDING,52.98563883380723,0.661371630031586,0,0.21111892133495108,0.4708203870324552,1309418.17,1092894.71546308,5.0
2026-08-20 11:52:00,AMBER_BUILDING,51.441023698698395,0.629602789303931,0,0.0862899005480013,0.4660773606265364,1355599.94,1263134.8629715517,9.0
2026-08-21 06:31:00,AMBER_BUILDING,51.858003517197346,1.0663680016331158,0,1.1138220701071144,0.49574198392073493,1200640.23,375045.29338966677,1.0
2026-08-21 06:33:00,AMBER_BUILDING,72.22157197394328,0.9068105400010331,0,-0.41003916341955915,0.48009326349666376,244934.16,377513.8640418231,2.0
2026-08-21 06:34:00,AMBER_BUILDING,68.1924918228794,0.8747928755934703,0,0.9048165898109001,0.46190923709404497,969268.2000000001,375045.29338966677,3.0
2026-08-21 06:35:00,AMBER_BUILDING,63.82751786614833,0.7954287618601672,0,-0.20443698927814147,0.4665775974353716,302631.19,375045.29338966677,2.0
2026-08-21 06:36:00,AMBER_BUILDING,60.054829347411356,0.7231052760112809,0,-0.19303148617775714,0.47193211762671644,300985.53,368568.07530815975,3.0
2026-08-21 06:37:00,AMBER_BUILDING,55.77224418039831,0.6646367557048282,0,-0.011710764876206894,0.461474472289864,358121.89999999997,362517.8668204696,3.0
2026-08-21 06:38:00,AMBER_BUILDING,53.45132274473938,0.6726393693526852,0,1.3866557543475257,0.5147638620791858,1515763.78,362517.8668204696,6.0
2026-08-21 06:39:00,AMBER_BUILDING,51.958387959705476,0.6529808212134973,0,0.7691749197915136,0.4547053408538035,810825.7100000001,362517.8668204696,3.0
2026-08-21 06:40:00,AMBER_BUILDING,51.61940880826332,0.6437238251285687,0,0.9648338813710162,0.48472675657003045,1014310.09,362517.8668204696,6.0
2026-08-24 06:32:00,AMBER_BUILDING,71.79260511417702,0.8981315575826978,0,-0.6049041586179558,0.5162390538014928,239659.66,368568.07530815975,4.0
2026-08-24 06:33:00,AMBER_BUILDING,65.96206602239813,0.7721593009903597,0,-1.4962507868409056,0.5179364430289907,88617.78,368568.07530815975,1.0
2026-08-24 06:34:00,AMBER_BUILDING,60.50220459092001,0.7245703829994959,0,0.11836563028739093,0.4915246695612866,531679.88,362517.8668204696,4.0
2026-08-24 06:35:00,AMBER_BUILDING,56.12606321563148,0.6913121915436274,0,0.36428894677081025,0.4722391506703757,710729.52,368568.07530815975,2.0
2026-08-24 06:36:00,AMBER_BUILDING,54.13961445869001,0.680214622893944,0,0.8182383900368059,0.48732701259430183,1173087.99,376189.3093859067,3.0
2026-08-24 06:37:00,AMBER_BUILDING,51.17007962887629,0.5770710396382677,0,-1.3638252843998715,0.500985525645758,104825.45,379743.36069741135,1.0
2026-08-24 10:13:00,AMBER_BUILDING,54.69548567897914,0.24376019453462847,3,-3.9635235859370708,0.5044483932149769,360856.15,2543618.87818766,3.0
2026-08-24 10:14:00,AMBER_BUILDING,62.17923162312599,0.3714210766170241,2,-2.829064286421047,0.480341201193882,620187.7,2531629.5580461426,6.0
2026-08-24 10:15:00,AMBER_BUILDING,55.45953510137128,0.2875042063653341,1,0.7717541715946725,0.4639468720882782,3302378.02,2031691.7554906055,8.0
2026-08-24 17:23:00,AMBER_BUILDING,50.361963663223484,0.7120413814333731,0,0.9898345893163467,0.4760968036155618,5624643.87,2382952.407926866,17.0
2026-08-24 17:25:00,AMBER_BUILDING,55.78757476501056,0.7249890583915537,1,-0.8579448546793251,0.44792125871643607,1756525.2999999998,2382952.407926866,14.0
2026-08-24 17:26:00,AMBER_BUILDING,54.32615130475369,0.6465976337375823,0,-0.7258538367253133,0.4326133137913311,1889988.9700000002,2374740.88665402,15.0
2026-08-24 17:27:00,AMBER_BUILDING,50.64389287699269,0.6951646395249338,0,1.1872927746760806,0.4678327266563542,6937069.16,2374740.88665402,17.0
2026-08-24 17:29:00,AMBER_BUILDING,50.41654990326163,0.7166474119621904,0,1.8233446261330464,0.5098380185956364,10680258.1,2374740.88665402,16.0
2026-08-25 06:33:00,AMBER_BUILDING,51.25990070020916,0.04664818819503714,2,-11.45444744653707,0.6462415812426993,0.0,402093.248818659,0.0
2026-08-25 06:34:00,AMBER_BUILDING,60.46112643958488,0.5650077135169278,3,-11.451377525831594,0.6227392033989245,0.0,402093.248818659,0.0
2026-08-25 06:35:00,AMBER_BUILDING,62.96787863209752,0.5672174409763593,2,-1.4308742440080708,0.5412164990456418,110455.57,402093.248818659,1.0
2026-08-25 06:36:00,AMBER_BUILDING,57.27997224821422,0.47074657074206233,0,0.7518242253183339,0.4944842462933856,1411349.53,387284.2659436543,5.0
2026-08-25 15:36:00,AMBER_BUILDING,56.13649849350017,0.8918801742367187,0,-0.11103946383079026,0.5011560576090383,868499.09,893130.9372207845,7.0
2026-08-25 15:37:00,AMBER_BUILDING,66.47950533516828,0.8568445058747118,0,-0.7148011397099234,0.4534570221224441,507748.81,893130.9372207845,3.0
2026-08-25 15:38:00,AMBER_BUILDING,59.91908308196488,0.8062116129756711,0,-0.37613861792773673,0.447606270867955,676227.01,893130.9372207845,7.0
2026-08-25 15:39:00,AMBER_BUILDING,55.82020165885371,0.6948082168308384,0,0.7556677189196469,0.46115547515275074,1840329.33,893130.9372207845,4.0
2026-08-25 15:40:00,AMBER_BUILDING,51.67640205679698,0.657368789620742,0,-0.37125114678245574,0.449414500978971,675701.1799999999,893130.9372207845,4.0
2026-08-25 15:55:00,AMBER_BUILDING,52.949161130989474,0.7396762681913706,0,-1.4275012814844785,0.4831198809908164,239280.52,852806.9294691011,4.0
2026-08-25 15:56:00,AMBER_BUILDING,53.69068746075817,0.6066500670841259,0,1.2326519436115506,0.4676535622393259,2626476.6500000004,852806.9294691011,6.0
2026-08-27 06:32:00,AMBER_BUILDING,51.53394630488106,0.591005124305338,0,-0.24665354752313925,0.4756161862319764,277383.54,432847.2517643438,3.0
2026-08-28 06:32:00,AMBER_BUILDING,51.38204003409032,0.8688482992727677,1,-16.165092603154598,0.639107544952533,0.0,472233.73845815565,0.0
2026-08-28 06:33:00,AMBER_BUILDING,57.313349692328266,0.7988572643525755,0,-0.22023748169239732,0.5227970010129164,394410.57999999996,472233.73845815565,2.0
2026-08-28 06:34:00,AMBER_BUILDING,62.02975895578472,0.7427345110270293,0,-0.2098833585982384,0.4722423381310449,396142.68999999994,470030.66289680544,2.0
2026-08-28 06:35:00,AMBER_BUILDING,58.96710442432066,0.7664619890225906,0,-2.334550026509105,0.515736730886764,73593.07,470030.66289680544,4.0
2026-08-28 06:36:00,AMBER_BUILDING,56.4136794180719,0.680414103318387,0,0.6870115528780966,0.48485426523938996,819660.71,468286.12853522896,4.0
2026-08-28 06:37:00,AMBER_BUILDING,67.11875722316944,1.1981776052468058,1,-16.02820811714749,0.6392980095194443,0.0,470030.66289680544,0.0
2026-08-28 06:38:00,AMBER_BUILDING,73.7837731006908,1.1059519592050224,0,-0.41235646862586633,0.525989851875293,334645.16,468286.12853522896,1.0
2026-08-28 06:40:00,AMBER_BUILDING,75.34262039719464,0.9659807655220364,0,0.2429265203074192,0.47557143377217603,536364.03,437661.95711772225,3.0
2026-08-28 06:41:00,AMBER_BUILDING,72.24070521891214,0.9586859338237698,0,-1.9605716037477168,0.4977027499517977,84787.28,437661.95711772225,2.0
2026-08-28 06:42:00,AMBER_BUILDING,67.03636754688902,0.802836833043051,0,2.2102905144721388,0.4692839029634647,2784413.75,437661.95711772225,6.0
2026-08-28 06:43:00,AMBER_BUILDING,60.56827717928701,0.6800790598084806,0,1.6138447796694297,0.43635024240374687,1719204.0999999999,437661.95711772225,4.0
2026-08-28 06:44:00,AMBER_BUILDING,52.59136201930562,0.5995821266367246,0,0.7022602266894749,0.4343925314451062,804978.03,437661.95711772225,2.0
2026-08-28 06:46:00,AMBER_BUILDING,51.53984192208122,0.7040550653424772,0,-3.7957750125697496,0.5246266896744762,33777.27,624828.3042907049,1.0
2026-08-28 06:47:00,AMBER_BUILDING,52.74932689437938,0.6414443182309384,0,0.1434482691391206,0.42471906333388704,700572.26,624828.3042907049,4.0
2026-08-28 06:48:00,AMBER_BUILDING,52.04683316224641,0.6025711286531654,0,-0.31754767822626034,0.4328749856267784,489834.01,624828.3042907049,3.0
2026-08-28 10:25:00,AMBER_BUILDING,52.62597777735462,0.8005222437096072,1,2.043484453598056,0.5215091414738533,8037174.319999999,2069144.4306286026,19.0
2026-08-28 10:26:00,AMBER_BUILDING,58.771459082911385,0.7915532428839784,1,0.3442703976561326,0.43442915553038763,3094737.69,2069144.4306286026,13.0
2026-08-28 10:27:00,AMBER_BUILDING,58.78579290758048,0.8203059057562376,1,0.7791211077573198,0.471743682437258,4067427.9299999997,2069144.4306286026,19.0
2026-08-28 10:28:00,AMBER_BUILDING,58.32747789006131,0.8278497659985996,1,0.524315143947,0.4404450178311899,3557736.22,2069144.4306286026,15.0
2026-08-28 10:29:00,AMBER_BUILDING,62.69511458463655,0.956103860801846,1,2.0147217815815255,0.5229929467625167,8886476.91,2095270.9726919516,16.0
2026-08-28 10:30:00,AMBER_BUILDING,65.52853338399751,0.9545587210475407,1,0.5300751753137146,0.4795668296087464,3503428.3400000003,1974178.5833173175,14.0
2026-08-28 10:31:00,AMBER_BUILDING,70.04118455429763,1.0144981776645174,1,1.286546478678473,0.5285503926628542,5536315.2,1974178.5833173175,22.0
2026-08-28 10:32:00,AMBER_BUILDING,67.65865421959803,0.8881836905460638,0,-0.9808257507015797,0.4462825292218033,1408688.63,1974178.5833173175,11.0
2026-08-28 10:33:00,AMBER_BUILDING,63.959956209556985,0.7991862545562859,0,-0.6499696891595974,0.4433879050751319,1724416.8599999999,1974178.5833173175,14.0
2026-08-28 10:34:00,AMBER_BUILDING,59.6020031759981,0.8296268551416277,0,0.7382027143527617,0.472401935071156,3910532.97,1974178.5833173175,16.0
2026-08-28 10:35:00,AMBER_BUILDING,58.54706468415071,0.8331922429026024,0,0.4293648163886326,0.49636777720371966,3367111.0700000003,1981911.7785021118,19.0
2026-08-28 10:36:00,AMBER_BUILDING,56.78751702698661,0.6911477491421301,0,-1.3693902843418473,0.45213401031127076,1121557.68,1981911.7785021118,11.0
2026-08-28 10:37:00,AMBER_BUILDING,54.53061752067982,0.7382226843695155,0,0.827015046558865,0.4825099244009443,4320546.32,1974178.5833173175,16.0
2026-08-28 10:38:00,AMBER_BUILDING,52.27924955359172,0.720789181333484,0,0.0799647549108214,0.46686930951017014,2739190.6799999997,1974178.5833173175,14.0
2026-08-28 10:39:00,AMBER_BUILDING,50.750737743030726,0.6193567300658733,0,-0.9750627107878428,0.45558171611295195,1399996.75,1974178.5833173175,13.0
2026-08-28 10:43:00,AMBER_BUILDING,50.234587406012906,0.7125192662493403,0,0.29582617755139284,0.45036302761124963,3195300.3200000003,1974178.5833173175,15.0
2026-08-28 10:44:00,AMBER_BUILDING,51.28306404800704,0.7297262241866393,0,0.45820253267958927,0.4596714226191747,3575773.9000000004,1981911.7785021118,16.0
2026-08-28 10:45:00,AMBER_BUILDING,50.34580884861145,0.6718265485581393,0,-0.44396331398363137,0.41883876891550753,1664353.86,1655465.704165497,9.0
2026-08-28 10:46:00,AMBER_BUILDING,50.078471535607264,0.6733468596564112,0,0.2237306016384827,0.44466575129908653,2755636.2800000003,1655465.704165497,15.0
2026-08-28 10:51:00,AMBER_BUILDING,52.87871002096963,0.7269301855742537,0,0.4670108582099802,0.4663442141364241,3519689.28,1732402.2288703388,16.0
2026-08-28 10:52:00,AMBER_BUILDING,51.24721738235824,0.6707153422088061,0,-0.46792268017681155,0.4353641104273331,1766059.54,1732402.2288703388,14.0
2026-08-28 13:06:00,AMBER_BUILDING,51.593480293941184,0.7767024647526567,0,1.530534254218347,0.4324032350032248,5193135.88,1829863.3054693786,13.0
2026-08-28 13:07:00,AMBER_BUILDING,53.81577300660559,0.7398235371604788,0,-0.10527743549328364,0.41091371845519414,2237184.92,1829863.3054693786,12.0
2026-08-28 13:08:00,AMBER_BUILDING,52.13171069905707,0.6681617567074845,0,-0.6866483232848495,0.40181931955069294,1658522.74,1829863.3054693786,12.0
2026-08-28 13:09:00,AMBER_BUILDING,50.30918686876706,0.6973965706644383,0,0.7812793544446739,0.4388144872254014,3505045.13,1829863.3054693786,13.0
2026-08-28 13:13:00,AMBER_BUILDING,50.21163031174854,0.4667932079480686,0,-2.8028809805467008,0.46698830644134554,586175.1,1880155.3555801404,7.0
2026-08-28 13:14:00,AMBER_BUILDING,50.66261196026502,0.5974093256902365,0,2.141991672380087,0.5312919689798054,7159584.25,1880155.3555801404,13.0
2026-08-28 13:53:00,AMBER_BUILDING,54.352223816098956,0.7665967568467577,1,1.2366780246584426,0.47661158977208545,4104863.4399999995,1762189.3385646562,18.0
2026-08-28 13:54:00,AMBER_BUILDING,52.467644939707384,0.6549351589995701,0,-1.271274154825661,0.4194698669351824,1241975.07,1780477.1951646593,9.0
2026-08-31 06:31:00,AMBER_BUILDING,50.4165537535398,0.9840562244058604,1,-1.2952641389752115,0.5085868799418829,202002.44,468286.12853522896,2.0
2026-08-31 06:32:00,AMBER_BUILDING,72.34043683876818,0.8871529186011164,1,-0.7742115775871724,0.4981381242501405,317114.46,468286.12853522896,2.0
2026-08-31 06:33:00,AMBER_BUILDING,67.68129419604237,0.8727844816982162,0,1.0422122836714949,0.5497861920997675,1595320.72,468286.12853522896,9.0
2026-08-31 06:34:00,AMBER_BUILDING,63.86051949279531,0.8016223704466888,0,-0.3718043696981696,0.4801650497621549,456864.26,468286.12853522896,2.0
2026-08-31 06:35:00,AMBER_BUILDING,60.276602975917605,0.7113877382747769,0,-0.9852371498433765,0.49718247012808614,262221.57,462059.51105721906,3.0
2026-08-31 06:36:00,AMBER_BUILDING,55.46032177077645,0.6482678120167333,0,-0.4927971666239588,0.4837700593919296,406742.52,462059.51105721906,3.0
2026-08-31 06:37:00,AMBER_BUILDING,50.866370814942655,0.5790123129117567,0,-0.7700933884531027,0.46404079264037734,310403.07,447985.57617557555,3.0
2026-08-31 09:23:00,AMBER_BUILDING,52.07385655570312,0.7191030023597447,0,2.409813901901423,0.6238635419735832,10641522.74,2639503.8536205217,27.0
2026-08-31 09:24:00,AMBER_BUILDING,53.00832253974995,0.7030911904482291,0,0.41697773221619966,0.5676970248129227,4230594.4,2659684.451075902,26.0
2026-08-31 09:25:00,AMBER_BUILDING,54.028833911764686,0.7043183202940779,0,0.7663977789178322,0.5085489037630972,5092056.37,2659684.451075902,19.0
2026-08-31 09:26:00,AMBER_BUILDING,55.732959863147386,0.7887334320786096,0,2.699471358998735,0.6273032627734811,13598250.850000001,2663310.675659639,25.0
2026-08-31 09:27:00,AMBER_BUILDING,56.805559442171955,0.754311614115292,0,0.09861616119473839,0.5284279877207904,3732604.75,2663310.675659639,23.0
2026-08-31 09:28:00,AMBER_BUILDING,55.746789875267666,0.6741685189676777,0,-1.0297710699279714,0.45326742605403814,2110577.8,2663310.675659639,13.0
2026-08-31 10:30:00,AMBER_BUILDING,50.443082459419706,0.689286101536095,0,0.6864395316501448,0.5237368004399204,3993806.92,1981911.7785021118,19.0
2026-08-31 10:31:00,AMBER_BUILDING,54.578779614791834,0.7231594711522672,0,1.0873246662037157,0.4905838171896493,5142372.82,1981911.7785021118,16.0
2026-08-31 10:32:00,AMBER_BUILDING,50.8822817193304,0.6921300652705437,0,-0.4104493624357027,0.450340226115537,2357905.3200000003,2005944.7811722523,14.0
2026-08-31 10:33:00,AMBER_BUILDING,50.36758273649204,0.660460166639446,0,-0.24389574260014033,0.4639617409107867,2573477.26,2005944.7811722523,16.0
2026-08-31 10:34:00,AMBER_BUILDING,50.03403816742329,0.6950431361689255,0,1.0270584235342741,0.5213429997833549,4875673.38,2026882.7813235798,19.0
2026-08-31 11:28:00,AMBER_BUILDING,52.631168033797344,0.7171418176684302,0,0.5102341622393387,0.5104467156415908,2719019.2,1178116.6300683313,15.0
2026-08-31 11:29:00,AMBER_BUILDING,50.95137933862046,0.6372160031738009,0,-1.2242339613561475,0.4625884069604248,907804.54,1210572.1798211413,9.0
2026-08-31 11:30:00,AMBER_BUILDING,50.608611821575835,0.6863626084572012,0,1.1407983913342883,0.5115461316565212,3907731.6100000003,1085518.9053076403,8.0
2026-08-31 12:48:00,AMBER_BUILDING,52.40335501965617,0.210699761748954,2,-3.1504859398000615,0.46908006208696906,590318.9,1679579.6818471232,6.0
2026-08-31 13:48:00,AMBER_BUILDING,54.51240170248536,0.7964191352381077,1,2.7165979447736057,0.6159685732549192,8298440.23,1742917.3828270028,22.0
2026-08-31 13:49:00,AMBER_BUILDING,57.50371526323301,0.8321783085436933,0,1.032966991788828,0.5125110438655347,4029529.22,1742917.3828270028,15.0
2026-08-31 13:50:00,AMBER_BUILDING,61.21975675633299,0.8452548443365848,0,0.6583615140467884,0.5143406532992677,3407620.42,1742917.3828270028,18.0
2026-08-31 13:51:00,AMBER_BUILDING,58.365333979395906,0.7215746685273359,0,-1.895261066032994,0.4649297968316279,1099932.68,1762189.3385646562,10.0
2026-08-31 13:52:00,AMBER_BUILDING,56.13275235298999,0.7319304787916189,0,0.43588158780985475,0.5126242919660672,3125323.9000000004,1762189.3385646562,17.0
2026-08-31 13:53:00,AMBER_BUILDING,52.93973220552176,0.6806846134486787,0,-0.707945726031132,0.5356648073688298,1873646.36,1762189.3385646562,18.0
2026-08-31 13:54:00,AMBER_BUILDING,53.72804603288427,0.7573011407256665,0,1.6095540743390895,0.5546319622115345,5325290.04,1762189.3385646562,18.0
2026-08-31 13:55:00,AMBER_BUILDING,52.84283537330928,0.6594080680872536,0,-1.5275623337213406,0.5283023468988648,1287970.8900000001,1762189.3385646562,15.0
2026-08-31 13:56:00,AMBER_BUILDING,52.277987708970805,0.6842503207132803,0,0.6036656959060085,0.5173158025400224,3386093.09,1762189.3385646562,17.0
2026-08-31 13:58:00,AMBER_BUILDING,50.074143308144926,0.7189484993170265,0,0.9537009846996876,0.4897076485410754,4070002.3200000003,1788477.8515033592,14.0
2026-08-31 14:00:00,AMBER_BUILDING,50.42120042813995,0.7009263674541873,0,0.8792739691066981,0.517720309176827,3853501.6000000006,1597331.66093851,17.0
2026-08-31 14:01:00,AMBER_BUILDING,50.629304834317246,0.706660404552403,0,0.29495406293148346,0.5292445076347679,2892821.5,1616327.538618404,18.0
2026-08-31 14:02:00,AMBER_BUILDING,50.27503949954061,0.6372120490223994,0,-1.0962251085403412,0.4613282656766248,1443682.73,1633420.4351877796,11.0
2026-08-31 17:12:00,AMBER_BUILDING,51.57709180116479,0.7545705392567265,0,1.9190124485203561,0.6123742144619152,8952841.15,2663246.798004619,27.0
2026-08-31 17:13:00,AMBER_BUILDING,55.23214130528762,0.7735881774494202,1,0.8312416357727068,0.5270385407014999,5239647.13,2663246.798004619,20.0
2026-08-31 17:14:00,AMBER_BUILDING,57.614979491753815,0.7974927056533699,1,0.9308782629635665,0.4939556110153145,5631955.97,2685387.948547763,18.0
2026-08-31 17:15:00,AMBER_BUILDING,56.95805001455826,0.7806876667622079,1,0.27716635309288384,0.4514361990301316,3718855.19,2378652.733068152,11.0
2026-08-31 17:16:00,AMBER_BUILDING,59.975953709350144,0.8755342891994441,1,2.0743961390410504,0.5807896193248381,10632416.83,2390688.7515322967,18.0
2026-08-31 17:17:00,AMBER_BUILDING,60.151905910837826,0.8265364985515248,0,-0.15257146555435416,0.507771694158167,2923843.18,2390688.7515322967,18.0
2026-08-31 17:18:00,AMBER_BUILDING,59.8381415540967,0.7791997867086541,0,-0.1830656866769828,0.5061615173345524,2866213.52,2398630.208667573,19.0
2026-08-31 17:19:00,AMBER_BUILDING,57.24823974412303,0.8012540103998227,0,0.8747477657045217,0.49017907627737034,5341318.45,2398630.208667573,17.0
2026-08-31 17:20:00,AMBER_BUILDING,56.79067060801708,0.7781544761919622,0,0.15979332557931816,0.5371305189569565,3527232.74,2398630.208667573,21.0
2026-08-31 17:21:00,AMBER_BUILDING,55.23485660000995,0.6868672165101067,0,-0.9457236999010558,0.4627416167790489,1814279.58,2398630.208667573,14.0
2026-08-31 17:22:00,AMBER_BUILDING,52.15824721243922,0.6553545236567616,0,-0.11083178117406116,0.4617427602897792,2980393.9299999997,2390688.7515322967,14.0
2026-08-31 17:33:00,AMBER_BUILDING,51.55064861572355,0.729736002137599,0,0.8459859503554288,0.53261010732481,4161263.13,2036370.5962677123,20.0
2026-08-31 17:34:00,AMBER_BUILDING,51.91917932886437,0.69947475764171,0,-0.06158633452820961,0.4583708525257441,2634652.5300000003,2052520.2898342714,15.0
2026-09-01 06:32:00,AMBER_BUILDING,77.18141069452228,1.3027035334220138,1,-1.5963215409986644,0.5559317708847318,117514.03,470481.0273261152,2.0
2026-09-01 06:43:00,AMBER_BUILDING,72.35045529678085,0.9610621647092431,0,-0.7488166931879754,0.43856941004765354,288496.78,470481.0273261152,3.0
2026-09-01 06:44:00,AMBER_BUILDING,66.4933912719189,0.872830248085956,0,-0.1121764474614473,0.44096368614730713,587640.5900000001,470481.0273261152,2.0
2026-09-01 06:45:00,AMBER_BUILDING,63.4579995884425,0.8360034573338793,0,-0.8743552562368193,0.4590217187806497,357362.58999999997,624828.3042907049,2.0
2026-09-01 06:46:00,AMBER_BUILDING,59.528624924870826,0.7375248051258682,0,0.2533721283245225,0.4343729303272723,1055042.41,624828.3042907049,4.0
2026-09-01 06:47:00,AMBER_BUILDING,54.89529024446546,0.6316054412252785,0,0.5253479224890352,0.43512326327071277,1423797.32,650018.932802942,4.0
2026-09-01 09:59:00,AMBER_BUILDING,50.18773466103776,0.7044142392333969,0,-0.9002979459441958,0.42999119898787647,1138340.19,2613542.9393930165,9.0
2026-09-01 13:18:00,AMBER_BUILDING,51.61476123333903,0.7336535721100558,0,-1.061201367953671,0.43256912334182757,741149.8900000001,2062123.336748097,5.0
2026-09-01 13:19:00,AMBER_BUILDING,50.88441988937461,0.7003386167490055,0,0.026816435640099216,0.4068314165984785,1660151.2,2062123.336748097,11.0
2026-09-01 14:39:00,AMBER_BUILDING,51.59672906637574,0.5933670528454509,1,-0.8272444088023151,0.4775554641598728,685253.28,1419138.5821712092,3.0
2026-09-01 14:42:00,AMBER_BUILDING,52.40594422565761,0.8666797999710869,1,-2.9863171488099023,0.5344312956783074,130086.89,1411093.5057450423,1.0
2026-09-01 14:43:00,AMBER_BUILDING,56.096766446105505,0.7515421412720985,0,0.6294299178280935,0.4605078748891979,2029612.2399999998,1398814.30766303,10.0
2026-09-01 14:44:00,AMBER_BUILDING,59.390244226946244,0.7883355713955897,0,-0.938382205891352,0.43293340769537353,624519.3099999999,1411093.5057450423,4.0
2026-09-01 14:45:00,AMBER_BUILDING,52.40023408937432,0.6010428834057462,0,1.508662803840113,0.4839083057912232,3978024.2299999995,1453430.783494703,7.0
2026-09-01 15:08:00,AMBER_BUILDING,54.38394620765226,0.8267080476135257,0,-0.9625432329203034,0.47172296915415507,543055.76,1233500.153785219,4.0
2026-09-01 15:09:00,AMBER_BUILDING,60.08810704952641,0.8143817135873767,0,-0.4074260210989482,0.4615410170908496,783772.86,1203953.300843447,4.0
2026-09-01 15:10:00,AMBER_BUILDING,59.394680310392665,0.8457103550378844,1,-0.8735590742329942,0.45378555121520203,560276.6599999999,1203953.300843447,4.0
2026-09-01 15:11:00,AMBER_BUILDING,58.36929019880702,0.7842554010204114,0,0.10977505094247751,0.46024467524926377,1144336.0,1203953.300843447,3.0
2026-09-01 15:12:00,AMBER_BUILDING,59.677745878630105,0.8582295715977684,0,-1.3107187847767536,0.45346278385800226,407850.42000000004,1203953.300843447,6.0
2026-09-01 15:13:00,AMBER_BUILDING,57.391490952214475,0.7311875208973022,0,0.7865810994365277,0.4261869450293398,1867852.03,1170213.0026969044,7.0
2026-09-01 15:14:00,AMBER_BUILDING,53.71631446913195,0.6004256375426968,0,0.9403655962599821,0.4242267328730553,2103917.55,1170213.0026969044,6.0
2026-09-01 15:31:00,AMBER_BUILDING,55.386317165036225,0.8317873943898065,1,-1.1705973360179043,0.4930430046423514,249941.16,925890.2989357234,1.0
2026-09-01 15:32:00,AMBER_BUILDING,58.57892367924145,0.7941535934717538,0,-0.10753101699439437,0.4564908614973265,683937.23,925890.2989357234,2.0
2026-09-01 15:33:00,AMBER_BUILDING,55.227443251055114,0.6625092446533396,0,0.9583176693089192,0.403044846111823,1860321.84,925890.2989357234,7.0
2026-09-01 15:34:00,AMBER_BUILDING,50.70380872694875,0.624206500824226,0,0.050445020684831005,0.4127951329400205,811125.9400000001,945071.8625778579,8.0
2026-09-01 15:36:00,AMBER_BUILDING,59.66798098042161,1.8512322008829845,1,-14.401574542647797,0.6881520724837933,0.0,945071.8625778579,0.0
2026-09-01 15:37:00,AMBER_BUILDING,72.64609591328612,1.597918417992848,0,0.45436213474293247,0.5351654122234847,1160096.53,923586.1736161843,5.0
2026-09-01 16:03:00,AMBER_BUILDING,55.279736369662906,1.7200605853845685,1,-14.5928137181599,0.6819927018183318,0.0,1091413.369547727,0.0
2026-09-01 16:04:00,AMBER_BUILDING,69.95198056310183,1.5238154871454832,0,0.04026043864792374,0.5293962644476035,925285.11,1091413.369547727,5.0
2026-09-01 16:41:00,AMBER_BUILDING,73.47280715171006,0.9419420210902942,0,0.6698129630650114,0.47352243798863514,2355544.99,1654886.2954453682,8.0
2026-09-01 16:42:00,AMBER_BUILDING,71.43892884196653,0.9627963852490605,0,-1.0085960499967044,0.47263406263589813,546802.6,1666412.557763134,6.0
2026-09-01 16:43:00,AMBER_BUILDING,68.10765388294026,0.8864510666791449,0,0.2557139830570078,0.46487679007825333,1638328.97,1654886.2954453682,10.0
2026-09-01 16:44:00,AMBER_BUILDING,66.37276986073594,0.9015398388709875,0,-0.8709524377195929,0.4453001111544459,610045.8800000001,1654886.2954453682,6.0
2026-09-01 16:45:00,AMBER_BUILDING,62.12548917591676,0.7996927569116947,0,0.6686947592418223,0.4408980062735559,2725604.36,2061686.855548207,9.0
2026-09-01 16:46:00,AMBER_BUILDING,58.156608323578894,0.7269435728505317,0,0.38299275526246473,0.42905575350684877,2245606.41,2069526.0640971153,9.0
2026-09-01 16:47:00,AMBER_BUILDING,58.299675476303285,0.8553912882613173,0,-2.2112319203802366,0.5025595872035168,374633.89,2084102.2091658476,3.0
2026-09-01 16:48:00,AMBER_BUILDING,58.87847344659343,0.8222291326560924,0,-0.20741039838675804,0.4372866965854014,1499275.97,2084102.2091658476,11.0
2026-09-01 16:49:00,AMBER_BUILDING,61.96245844546581,0.8818692067906394,0,-1.4015372481125554,0.43967844506075404,658938.31,2084102.2091658476,8.0
2026-09-01 16:50:00,AMBER_BUILDING,60.66162114594567,0.8505256662614944,0,-0.25305915724939104,0.4563604884957603,1453368.6,2084102.2091658476,4.0
2026-09-01 16:51:00,AMBER_BUILDING,59.380565242515694,0.8093064545378632,0,-0.08296911628024187,0.4187506096877729,1628227.4100000001,2083319.7727356593,11.0
2026-09-01 16:52:00,AMBER_BUILDING,55.30340893420831,0.7312470820091937,0,0.4546013775555204,0.40808510273108434,2333105.25,2061686.855548207,9.0
2026-09-01 16:53:00,AMBER_BUILDING,50.348060404842634,0.5978176281379382,0,1.268596309775583,0.46537065381799153,4153440.59,2083319.7727356593,8.0
2026-09-01 17:26:00,AMBER_BUILDING,50.38036255750897,0.6224340983699508,2,2.576797198521412,0.6491229505633724,19020096.23,2499276.326948295,44.0
2026-09-01 17:27:00,AMBER_BUILDING,54.2193569481866,0.6854583444395268,2,1.6411492251223252,0.6371188730634966,9051335.92,2538261.4817200326,30.0
2026-09-01 17:28:00,AMBER_BUILDING,57.258175150906084,0.7675100997599016,2,1.9296496199280013,0.6243543200300823,12506799.6,2575586.1735359193,36.0
2026-09-01 17:29:00,AMBER_BUILDING,60.88329038551254,0.837333183733855,2,1.8524191815549946,0.6299535097835498,11765310.129999999,2575586.1735359193,33.0
2026-09-01 17:30:00,AMBER_BUILDING,65.07631771866947,0.8960719294275442,2,1.7848755294339929,0.6106765282332847,6454135.18,2062603.7467681044,28.0
2026-09-01 17:31:00,AMBER_BUILDING,69.51531833492497,0.9842687895132586,2,2.190413671936809,0.6307564863757091,9595846.969999999,2062603.7467681044,30.0
2026-09-01 17:32:00,AMBER_BUILDING,76.20350329906226,1.0990456718043686,3,2.611181908239916,0.637221384284187,14117801.77,2086862.2659182316,43.0
2026-09-01 17:33:00,RED_EARLY_WARNING,82.04577850512074,1.1207652722203223,3,1.5686008526042752,0.6251056766736829,6266812.0200000005,2107311.650383448,32.0
2026-09-02 06:00:00,AMBER_BUILDING,54.440418102865785,0.0,0,0.09117085725212844,0.609127003959241,0.0,0.0,0.0
2026-09-02 06:43:00,AMBER_BUILDING,53.34304242959579,0.9755315992654192,1,-8.68535142809219,0.6519103012256503,0.0,463992.4366942035,0.0
2026-09-02 06:44:00,AMBER_BUILDING,59.87271246299898,0.8900103607299273,0,0.019100160767398653,0.4938482709626317,447400.52,458775.45247927285,3.0
2026-09-02 06:45:00,AMBER_BUILDING,64.92039448013772,0.8242372987812493,0,-0.04797836526232531,0.4520677883440125,542787.91,602397.9992466747,5.0
2026-09-02 06:46:00,AMBER_BUILDING,58.76774409159467,0.8045971548217733,0,-0.6759960817571404,0.44259874585353065,242916.31,593502.1228695132,3.0
2026-09-02 06:47:00,AMBER_BUILDING,58.027469994414766,0.8066746971916504,0,-0.9871543305369798,0.4821302376639777,164819.69999999998,593502.1228695132,3.0
2026-09-02 06:48:00,AMBER_BUILDING,54.747830139997426,0.6515317404343461,0,1.4658668212528023,0.4707190857722631,3408495.9400000004,593502.1228695132,5.0
2026-09-02 06:49:00,AMBER_BUILDING,51.93666174942001,0.6282478075772395,0,-0.41312775579392025,0.45988374460515996,334029.81,593502.1228695132,2.0
2026-09-03 06:32:00,AMBER_BUILDING,52.433535506042254,0.5790708667785603,0,-0.22592942988214232,0.48865512173271014,257345.52000000002,458775.45247927285,2.0
2026-09-03 15:55:00,AMBER_BUILDING,57.575144605310136,1.2179100151699471,3,-15.390357657302586,0.6724525209612988,0.0,926076.8720813937,0.0
2026-09-03 15:56:00,AMBER_BUILDING,68.92710619769638,1.1031531099996426,0,-0.26858307906021306,0.5353035598890151,798399.33,926076.8720813937,4.0
2026-09-03 15:58:00,AMBER_BUILDING,72.05426080250933,0.8910204367652858,0,1.0191877379410283,0.4817604772955004,2539723.3899999997,926076.8720813937,10.0
2026-09-03 15:59:00,AMBER_BUILDING,67.2383376578074,0.8916259638150416,0,-1.3594180908200784,0.4710550382737515,294784.07,926076.8720813937,3.0
2026-09-03 16:00:00,AMBER_BUILDING,62.15927542264938,0.8142304717104923,0,0.009305694010515675,0.469731859331992,1144680.01,1046541.5728941556,9.0
2026-09-03 16:01:00,AMBER_BUILDING,59.42595755872642,0.7898872340250994,0,-0.8180838245010897,0.4514392934272506,568563.27,1046541.5728941556,5.0
2026-09-03 16:02:00,AMBER_BUILDING,56.24349905087673,0.7486665903505384,0,-0.4882876721550989,0.4518497938651052,751826.6599999999,1046541.5728941556,6.0
2026-09-03 16:03:00,AMBER_BUILDING,52.310473474216565,0.6293645140809556,0,0.9527895848808734,0.4617423878146413,2539598.56,1043939.9270363799,7.0
2026-09-03 16:10:00,AMBER_BUILDING,60.34226287892159,1.418129774442154,2,-16.609489816019185,0.678627307574212,0.0,1046541.5728941556,0.0
2026-09-03 16:11:00,AMBER_BUILDING,75.94660208923963,1.2539784281486352,1,0.19961928800987458,0.5414724594855175,1364401.5,1043939.9270363799,9.0
2026-09-03 16:13:00,AMBER_BUILDING,75.74002450162688,0.9895399355337413,0,0.10397003592015484,0.47960983141318053,1261400.58,1046541.5728941556,7.0
2026-09-03 16:14:00,AMBER_BUILDING,71.76298332773406,0.9959787796323125,0,-1.6731970481056317,0.49080155300393025,285691.88,1051094.056185123,4.0
2026-09-03 16:15:00,AMBER_BUILDING,68.56641065806282,0.9230563534289637,0,-0.2539994064495628,0.4750196066029447,1079237.0,1185422.314420404,6.0
2026-09-03 16:16:00,AMBER_BUILDING,64.75554539200029,0.8139514569288497,0,0.5213599096918158,0.46523984692671605,1880839.38,1165877.473555056,9.0
2026-09-03 16:17:00,AMBER_BUILDING,64.49378167088119,0.9151240305793453,0,-3.1400536933886354,0.5273505273238113,122430.47,1165877.473555056,2.0
2026-09-03 16:18:00,AMBER_BUILDING,64.92054774261605,0.9241373153240683,0,-1.6272174851311136,0.49753056933984624,372090.88000000006,1151882.1033914422,3.0
2026-09-03 16:19:00,AMBER_BUILDING,65.04378174414728,0.8215266662721967,0,0.39986387569840676,0.4609114284612409,1699517.47,1151882.1033914422,8.0
2026-09-03 16:20:00,AMBER_BUILDING,60.7645678801044,0.7943247984381082,0,-0.8172105574547928,0.4723372898102761,689486.33,1165877.473555056,6.0
2026-09-03 16:21:00,AMBER_BUILDING,55.36012843129428,0.6746750126693793,0,0.9060498091265311,0.497301064122705,2487315.97,1151882.1033914422,5.0
2026-09-03 16:22:00,AMBER_BUILDING,50.55002640648299,0.5703039172012814,0,0.8020996635560922,0.4840170815995699,2327137.64,1165877.473555056,4.0
2026-09-04 06:32:00,AMBER_BUILDING,71.08883570811226,0.851009073506393,0,-1.2261004604400036,0.4972784171253737,171957.08,433291.8619732091,1.0
2026-09-04 06:33:00,AMBER_BUILDING,64.72951553062602,0.25403823062794156,1,-14.148230218140508,0.6492712231986715,0.0,431191.74418437644,0.0
2026-09-04 06:34:00,AMBER_BUILDING,57.54742208936216,0.15020831181591712,0,-2.3789448503599515,0.5557282038049747,56010.6,431191.74418437644,1.0
2026-09-04 06:35:00,AMBER_BUILDING,50.91236383662266,0.08183431116259315,0,-1.6774576131168977,0.5048811213352423,103408.97,424301.15302480117,2.0
2026-09-04 06:36:00,AMBER_BUILDING,50.519235608801466,0.03433537928997925,0,-3.0305839734844144,0.5423787141680443,26098.84,424301.15302480117,1.0
2026-09-04 07:03:00,AMBER_BUILDING,50.95702506382559,0.8368045159602722,1,-18.28906198560588,0.6632019257655584,0.0,945921.5555369909,0.0
2026-09-04 07:04:00,AMBER_BUILDING,55.0727487231785,0.6683670153776926,0,2.470088815020978,0.5389409549819753,6957213.67,931358.9432596451,6.0
2026-09-04 07:05:00,AMBER_BUILDING,55.86419958353442,0.626121397070827,0,-0.4546916070528016,0.45098727232207697,722955.9299999999,931358.9432596451,2.0
2026-09-04 07:06:00,AMBER_BUILDING,50.51132898049375,0.6500746023890097,0,-2.20670359143453,0.44534713273969045,178143.44,931358.9432596451,3.0
2026-09-04 07:18:00,AMBER_BUILDING,51.741795512338406,0.6065071822387691,0,0.6824658258406923,0.4028164248236816,1792785.65,1229585.4766623243,5.0
2026-09-04 07:21:00,AMBER_BUILDING,51.56053330130911,0.6916767760422624,0,-2.833234861401914,0.4430219354260972,242059.87,1202241.4228481422,3.0
2026-09-04 07:22:00,AMBER_BUILDING,53.41374300701856,0.7000279468060829,0,-1.8557672951947395,0.4355557036381871,413069.98,1189855.2542240706,6.0
2026-09-04 07:23:00,AMBER_BUILDING,54.616277650744486,0.7167168520714492,0,-2.0831767241375228,0.4239886314560588,356449.64,1189855.2542240706,4.0
2026-09-04 07:24:00,AMBER_BUILDING,51.095899241799266,0.6160333581949587,0,1.226243648102864,0.43521452408905026,2389704.2600000002,1167359.1906151066,11.0
2026-09-04 07:25:00,AMBER_BUILDING,50.844600459507916,0.6540262997903206,0,-2.4716037787507372,0.4641558178398873,275469.73,1167359.1906151066,3.0
2026-09-04 07:34:00,AMBER_BUILDING,53.09317503767929,0.8013963755389083,1,-6.82292837190561,0.5706583512158757,37726.47,1407553.4169991356,1.0
2026-09-04 07:35:00,AMBER_BUILDING,58.40192499775963,0.66741698599337,1,1.9344124065431656,0.475574743875255,3817271.26,1368105.3419721252,10.0
2026-09-04 07:36:00,AMBER_BUILDING,53.028690538475395,0.5499249297638571,0,1.7975444186248843,0.46544036057007687,3670271.6799999997,1368105.3419721252,13.0
2026-09-04 15:55:00,AMBER_BUILDING,63.00787625359592,1.070492134393896,0,-1.2973648291820505,0.5634133672158151,232349.59,900283.3036623967,4.0
2026-09-04 15:56:00,AMBER_BUILDING,76.0021565818138,0.9691070053983385,0,0.4686999546620391,0.46869425721340213,1168426.93,900283.3036623967,7.0
2026-09-04 15:57:00,AMBER_BUILDING,68.61318575797212,0.846915201248666,0,0.9629485327673089,0.4669687173057494,1839218.7200000002,900283.3036623967,9.0
2026-09-04 15:58:00,AMBER_BUILDING,61.50449694002068,0.7586056177496753,0,0.5212525877073342,0.4755151358527564,1249753.7199999997,900283.3036623967,7.0
2026-09-04 15:59:00,AMBER_BUILDING,56.92236353683899,0.7487752582946258,0,-0.7356458865388252,0.4892053735239272,418677.05,912905.9671942116,4.0
2026-09-04 16:00:00,AMBER_BUILDING,53.474722067164606,0.6929762685145422,0,0.104389439551051,0.4558141446656801,986816.75,1051094.056185123,6.0
2026-09-07 06:33:00,AMBER_BUILDING,59.10681521742156,0.36723549506809666,2,-2.6923954553226572,0.5691851534858836,17652.74,414567.75199228403,1.0
2026-09-07 06:34:00,AMBER_BUILDING,52.929960978080935,0.33697239195584916,1,0.0877121062791132,0.4707974980815528,422014.66000000003,414567.75199228403,2.0
2026-09-07 06:35:00,AMBER_BUILDING,53.87253559562731,0.7854016004605168,2,-11.129215287326364,0.6367825765461506,0.0,414567.75199228403,0.0
2026-09-07 06:36:00,AMBER_BUILDING,53.52509272602402,0.6995509034993737,0,0.5107827711739859,0.5061963417205632,682790.1799999999,410274.73033761454,3.0
2026-09-07 06:37:00,AMBER_BUILDING,54.9132302311691,0.5640499454604576,0,1.9574606014739049,0.543334590038756,3618204.93,410274.73033761454,8.0
2026-09-07 06:40:00,AMBER_BUILDING,51.19482039786999,0.819254353300196,1,-11.024934146549663,0.6322231409483101,0.0,414567.75199228403,0.0
2026-09-07 06:41:00,AMBER_BUILDING,54.844284070968634,0.7033372641501147,0,1.13562271927283,0.5146794524830632,1431256.4,410274.73033761454,6.0
2026-09-07 06:42:00,AMBER_BUILDING,56.67402615665265,0.6368484589107541,0,0.30085210300406,0.4259611859905266,548105.67,410274.73033761454,4.0
2026-09-07 06:43:00,AMBER_BUILDING,50.164673340458904,0.5784424856889034,0,0.22632488015923596,0.41702445803276417,507088.99,410274.73033761454,4.0
2026-09-08 06:32:00,AMBER_BUILDING,53.075354053715785,0.10164409657664299,0,-2.9187323994765784,0.5389147935379538,21042.4,407681.7356237963,1.0
2026-09-08 06:33:00,AMBER_BUILDING,53.01529515711368,0.12068920783365755,0,0.7711749969910444,0.4850588088154023,928690.87,407681.7356237963,2.0
2026-09-08 06:48:00,AMBER_BUILDING,50.14524448077614,0.7435799590254875,1,-0.31250325784143035,0.4852151442683227,566170.46,710551.772022933,5.0
2026-09-08 06:49:00,AMBER_BUILDING,56.84606132272233,0.6972937275044916,1,-0.379359362577605,0.4250445612240413,542414.66,710551.772022933,3.0
2026-09-08 06:50:00,AMBER_BUILDING,50.080143096627836,0.6287076619651403,0,0.36749219499163127,0.41077316181849627,921306.7999999999,710551.772022933,3.0
2026-09-08 15:30:00,AMBER_BUILDING,63.224364796688405,1.005864552628572,0,0.56055233326209,0.5214863071776112,1086218.97,902959.284192501,5.0
2026-09-08 15:32:00,AMBER_BUILDING,72.41576935810502,0.9692428915378424,0,0.49034382635017015,0.5068493247544519,1022034.08,898720.5044399517,2.0
2026-09-08 15:33:00,AMBER_BUILDING,70.02487247603105,0.9043247125728296,0,0.1117230454683775,0.4817037890966709,761580.8999999999,898720.5044399517,5.0
2026-09-08 15:34:00,AMBER_BUILDING,65.35995878933663,0.8792205726096096,0,-0.46578025570700554,0.4751007426066303,483480.80999999994,894441.2436784685,3.0
2026-09-08 15:35:00,AMBER_BUILDING,66.28861720836623,0.9659241901289477,0,-2.3071791729596267,0.5536449461394265,108906.68,894441.2436784685,2.0
2026-09-08 15:36:00,AMBER_BUILDING,65.4914506175209,0.8681797152536668,0,0.6663521740918557,0.48697641818681875,1171070.66,894441.2436784685,6.0
2026-09-08 15:37:00,AMBER_BUILDING,64.12906155528866,0.8089267225651615,0,0.15931819678934953,0.4980209990132935,787285.81,902959.284192501,2.0
2026-09-08 15:38:00,AMBER_BUILDING,58.407086251570654,0.754035170543534,0,0.16870961836163997,0.47148094063884755,794451.07,902959.284192501,5.0
2026-09-08 15:39:00,AMBER_BUILDING,55.33696476713163,0.7195739468732048,0,-0.11136067152179711,0.47535803930114956,643433.46,902959.284192501,4.0
2026-09-08 15:40:00,AMBER_BUILDING,55.350090252129256,0.7842027005416325,0,-1.7587018537302086,0.5171786986894182,184495.58,894441.2436784685,3.0
2026-09-08 15:41:00,AMBER_BUILDING,66.99984682033397,1.7660847836313893,1,-17.443660459385406,0.690578486982255,0.0,894441.2436784685,0.0
2026-09-08 15:42:00,AMBER_BUILDING,77.78651521743627,1.6274077055539704,0,-0.5949101951719027,0.5642699640563739,434833.4,894441.2436784685,6.0
2026-09-08 15:50:00,AMBER_BUILDING,75.45381722999254,0.9794269438286409,0,0.9463150604863401,0.481982914444953,1463203.31,872483.4155757498,4.0
2026-09-08 15:51:00,AMBER_BUILDING,69.87457679258127,0.9007161683121114,0,0.3454164820986397,0.5118263460834581,880063.28,875905.0851944659,2.0
2026-09-08 15:52:00,AMBER_BUILDING,66.09074056438172,0.9109619349032885,0,-1.1146490659078019,0.5200494620070755,252267.69,889143.8034750061,3.0
2026-09-08 15:53:00,AMBER_BUILDING,62.35716281075651,0.7806206641532064,0,1.3511946649490267,0.5507862005144327,2147916.42,889143.8034750061,2.0
2026-09-08 15:54:00,AMBER_BUILDING,64.44317834365741,0.9140493531100666,0,-3.0711619560034777,0.5654342297172621,44887.94,903813.9976152707,2.0
2026-09-08 15:55:00,AMBER_BUILDING,66.85485734997474,0.9823423542264492,0,-2.1242685455660246,0.5652275996092518,102071.1,903813.9976152707,1.0
2026-09-08 15:56:00,AMBER_BUILDING,68.39546817701417,0.8647778548970874,0,1.0011647482489532,0.5276723514206961,1632811.2000000002,903813.9976152707,10.0
2026-09-08 15:57:00,AMBER_BUILDING,63.97928957008253,0.771120357547094,0,0.7569455521839767,0.4913364237454787,1314782.45,903813.9976152707,5.0
2026-09-08 15:58:00,AMBER_BUILDING,57.49366323945682,0.6781823304961426,0,0.8669121723131727,0.4821332188117971,1454507.64,903813.9976152707,5.0
2026-09-08 15:59:00,AMBER_BUILDING,53.72084528600619,0.686839856648175,0,-0.7599588987105693,0.4804476897949903,348247.39999999997,903813.9976152707,3.0
2026-09-08 16:02:00,AMBER_BUILDING,50.725363214200435,0.5208609587318389,0,-4.130729702150862,0.5499421669883713,23743.14,989975.6091570273,2.0
2026-09-08 16:24:00,AMBER_BUILDING,50.19407196025859,0.7209813627619314,0,-1.247210308066162,0.44930378225185685,312665.79,1106879.8556107432,5.0
2026-09-08 16:25:00,AMBER_BUILDING,51.050393135849994,0.5602122644191202,0,2.100485274049126,0.5203818162846151,4829990.38,1106879.8556107432,13.0
2026-09-08 16:49:00,AMBER_BUILDING,50.943277542744845,0.7667757705711792,0,-3.104097621106137,0.4887481505000176,229756.2,1846396.3447501848,6.0
2026-09-08 16:50:00,AMBER_BUILDING,54.72523520019697,0.7868825712037909,0,-1.0526411270029752,0.45518553514602705,776138.01,1846396.3447501848,5.0
2026-09-08 16:51:00,AMBER_BUILDING,55.8433228222896,0.7265109425661637,0,0.3350096617761592,0.4157114174948235,1759366.24,1809057.5480713497,9.0
2026-09-08 16:52:00,AMBER_BUILDING,54.21140244503837,0.7685479017542208,0,-1.371887851515069,0.4527578708243341,630302.1900000001,1809057.5480713497,7.0
2026-09-08 16:53:00,AMBER_BUILDING,51.734254823031655,0.647520587103015,0,1.370183943276378,0.47204261584925433,3357405.03,1780811.2132403706,9.0
2026-09-08 17:57:00,AMBER_BUILDING,55.52900241483965,0.7505561565714616,0,-2.321813541423927,0.5145664260675578,182000.16,1631779.3234415853,1.0
2026-09-08 17:58:00,AMBER_BUILDING,53.59883905647609,0.7324474959325152,0,-0.3950622876319696,0.43363407384554326,878364.19,1616989.2411495887,4.0
2026-09-08 17:59:00,AMBER_BUILDING,53.31038669653697,0.6549511162434912,0,0.6713604781473271,0.44337272337522426,2131364.3600000003,1616989.2411495887,6.0
2026-09-09 16:17:00,AMBER_BUILDING,50.152917948061706,1.4195944124093336,1,-20.000573790306884,0.6770714840835163,0.0,1090690.9699828634,0.0
2026-09-09 16:18:00,AMBER_BUILDING,69.17794013898515,1.4697555361240697,2,-3.6186046695886267,0.5656472574372293,78987.53,1085730.552923764,2.0
2026-09-09 16:24:00,AMBER_BUILDING,73.0565518689953,0.9518060518926902,0,1.129607997462544,0.4917347734429228,2306311.0,1085730.552923764,9.0
2026-09-09 16:25:00,AMBER_BUILDING,71.76530993938151,0.9487506309412326,0,-1.0800331743150016,0.4848012850076756,423248.47,1090690.9699828634,5.0
2026-09-09 16:27:00,AMBER_BUILDING,59.55132207837517,0.6973998509569403,0,1.1606430843080249,0.4710529252779044,2473000.5,1090690.9699828634,9.0
2026-09-09 16:28:00,AMBER_BUILDING,52.563258693286535,0.6386829596148479,0,0.16373098365399108,0.4475306125614155,1140552.9100000001,1099233.846041383,7.0
2026-09-09 16:31:00,AMBER_BUILDING,50.31858722550039,0.7320693195248599,0,-3.055258594493628,0.5172400108738245,166411.64,1584401.2760301316,4.0
2026-09-09 16:32:00,AMBER_BUILDING,51.51974139657168,0.687079857822529,0,-0.10711884826457051,0.4618291812643029,1337470.18,1584401.2760301316,7.0
2026-09-09 16:33:00,AMBER_BUILDING,51.41309061951591,0.5582203080187578,0,1.3794985734650596,0.4963467995362139,3741827.4899999998,1545904.9122249591,6.0
2026-09-10 06:32:00,AMBER_BUILDING,70.20574569716449,0.8631206978393304,0,-0.4532497505212186,0.4919719933533547,171770.8,318636.03208083037,1.0
2026-09-10 06:33:00,AMBER_BUILDING,65.86595023681065,0.8425717712344103,0,1.0192410658372537,0.49380238503919904,1263542.6900000002,318636.03208083037,5.0
2026-09-10 06:34:00,AMBER_BUILDING,62.023495707356155,0.7756146041126997,0,0.008506028494578806,0.4791988253095148,322480.64999999997,318636.03208083037,2.0
2026-09-10 06:35:00,AMBER_BUILDING,59.344355294695866,0.7308249184108172,0,0.36379338724919846,0.49623722133661496,521005.07999999996,318636.03208083037,4.0
2026-09-10 06:36:00,AMBER_BUILDING,54.51029086294202,0.5989124005642725,0,-1.5564335096076822,0.5287836275099116,40089.27,318636.03208083037,1.0
2026-09-10 06:37:00,AMBER_BUILDING,50.40533352519949,0.5760475535633347,0,0.5271382153719795,0.46846313261590705,664133.66,317838.90251439495,4.0
2026-09-10 11:58:00,AMBER_BUILDING,53.23920371552051,0.6449012089987081,0,-0.1324598546119291,0.4384581329830057,1080847.77,1392800.3426999643,10.0
2026-09-10 15:46:00,AMBER_BUILDING,51.122932220247755,0.8791313283645379,1,-16.000781942963417,0.6698617039154234,0.0,881874.775638201,0.0
2026-09-10 15:47:00,AMBER_BUILDING,53.66063194234875,0.7929017889647488,0,0.014279463438960898,0.526518792591076,785707.51,881874.775638201,5.0
2026-09-10 15:48:00,AMBER_BUILDING,60.71370586414446,0.6983117479955122,0,0.6430637070021182,0.47961453109058483,1334291.93,866959.7640978096,3.0
2026-09-10 15:49:00,AMBER_BUILDING,55.855116515146186,0.7298675892591382,0,-1.3167803124849198,0.48852958371681204,267264.28,881874.775638201,3.0
2026-09-10 15:50:00,AMBER_BUILDING,54.611982059758844,0.738908366279652,0,-0.9867498329504725,0.493520814010936,347089.97,881874.775638201,2.0
2026-09-10 15:51:00,AMBER_BUILDING,52.69530398641685,0.6201271869392355,0,1.1175958366176277,0.47648269169517243,2015473.85,866959.7640978096,5.0
2026-09-11 17:17:00,AMBER_BUILDING,51.2162172702296,0.5355678885568751,1,-0.022434542634551507,0.4168018955839106,2639833.87,2673446.092523675,11.0
2026-09-14 06:32:00,AMBER_BUILDING,57.22350415625035,0.12321449196853942,1,-10.430542911937673,0.6405752314274845,0.0,282677.0079532895,0.0
2026-09-14 06:33:00,AMBER_BUILDING,52.2878257529812,0.1180508003815152,0,0.08497786134582647,0.5128577079126077,319280.91000000003,277303.3661676373,2.0
2026-09-14 06:34:00,AMBER_BUILDING,54.61771862330841,0.4023281859758952,2,-10.374157950764731,0.6409683698108518,0.0,277303.3661676373,0.0
2026-09-14 06:35:00,AMBER_BUILDING,51.935947231390884,0.49056288831796885,0,-2.534296866762995,0.5680362981721014,12086.11,270187.6753251957,1.0
2026-09-14 06:36:00,AMBER_BUILDING,52.076162664381066,0.4180043843128853,0,0.6532788016328859,0.4959998704721663,633042.68,270187.6753251957,4.0
2026-09-14 13:43:00,AMBER_BUILDING,50.79720798333654,0.46293183412815464,0,2.0175043724475046,0.5269724499919574,6792589.4,1910538.0126298177,15.0
2026-09-15 06:58:00,AMBER_BUILDING,55.16419525738871,0.7803942822501452,0,-0.8274839633007631,0.46877679594263577,375693.23,612179.972019373,4.0
2026-09-15 06:59:00,AMBER_BUILDING,58.33241980122305,0.6501169211110545,0,1.1368513907125555,0.46207773076217357,1793936.98,605228.8172576827,2.0
2026-09-15 15:24:00,AMBER_BUILDING,53.28571454557715,0.35149782010038466,2,0.2311486075118399,0.4046919368841792,1373953.05,1085038.3129916831,6.0
2026-09-15 15:31:00,AMBER_BUILDING,55.38068483860965,1.662857148688711,2,-19.267166028851427,0.6811920087251003,0.0,829957.1521275816,0.0
2026-09-15 15:32:00,AMBER_BUILDING,73.41106594739871,1.6668746964888208,2,-3.4997976632531347,0.577498474536195,76556.88,829957.1521275816,4.0
2026-09-15 15:38:00,AMBER_BUILDING,74.12013313925584,0.9719719829823236,0,-0.2848961650680153,0.48390171066824605,768745.8,852087.436442453,4.0
2026-09-15 15:39:00,AMBER_BUILDING,67.68114627689737,0.7696255409833048,0,1.9426074611090978,0.5184512869585055,3818949.96,852087.436442453,7.0
2026-09-15 15:40:00,AMBER_BUILDING,60.24754747095974,0.7336641701681217,0,-0.5851026051419829,0.4730717930541706,647721.14,884600.4465301605,6.0
2026-09-15 15:41:00,AMBER_BUILDING,52.03285417685404,0.5820894980552725,0,1.4122417506698486,0.4877410663237438,2607304.5700000003,852087.436442453,9.0
2026-09-16 06:35:00,AMBER_BUILDING,54.34856882620671,0.951714480843106,1,-7.881061734612129,0.6287373519261691,0.0,297900.17453246564,0.0
2026-09-16 06:36:00,AMBER_BUILDING,59.532383296702754,0.809007035613271,0,0.9573060734378631,0.504768659536017,1401880.75,292829.72721363464,3.0
2026-09-16 06:37:00,AMBER_BUILDING,74.58441757268993,1.2226290898791552,2,-7.643626504706648,0.6320549385259365,0.0,297900.17453246564,0.0
2026-09-16 06:38:00,AMBER_BUILDING,75.90015660883141,1.077566411623169,0,0.6239077559858122,0.5092500066989032,844717.5100000001,297900.17453246564,5.0
2026-09-16 06:40:00,AMBER_BUILDING,71.52106255444717,0.8572229762003714,0,1.2704700020185957,0.4722874689851286,2377336.3299999996,297900.17453246564,2.0
2026-09-16 06:41:00,AMBER_BUILDING,64.130384747603,0.7331437116422294,0,0.879366006971473,0.4884562201601195,1294328.3800000001,297900.17453246564,5.0
2026-09-16 06:42:00,AMBER_BUILDING,56.15388736270615,0.6578552334626349,0,0.26410346075804914,0.45310648059159125,467594.4,300231.507530621,4.0
2026-09-16 06:50:00,AMBER_BUILDING,55.16646663227643,1.3551365345519044,1,-14.974559528133021,0.666192320311728,0.0,605228.8172576827,0.0
2026-09-16 06:51:00,AMBER_BUILDING,70.2969442339021,1.323150069025917,0,-1.7977671580434726,0.5213105026377991,122396.70000000001,605228.8172576827,2.0
2026-09-16 06:54:00,AMBER_BUILDING,76.02581245359471,0.9613626145912166,0,1.4682897997669189,0.4479386572968961,2177863.12,597443.9443719706,6.0
2026-09-16 06:55:00,AMBER_BUILDING,69.60807688467283,0.8846350193193555,0,-0.0061242349563550395,0.42362750150474426,594187.75,597443.9443719706,3.0
2026-09-16 06:56:00,AMBER_BUILDING,64.25730059236473,0.8848660668000774,0,-1.1873081051066257,0.4378965700021646,210067.15000000002,597854.4067834779,3.0
2026-09-16 06:57:00,AMBER_BUILDING,60.805910421412044,0.8433740147651915,0,-0.4858168493777702,0.4148818222080814,387538.87,597854.4067834779,3.0
2026-09-16 06:58:00,AMBER_BUILDING,62.9529837068721,0.9248981937091791,0,-2.46034963083798,0.4832575866369508,67217.95999999999,597854.4067834779,2.0
2026-09-16 06:59:00,AMBER_BUILDING,60.74777633139616,0.7892905647032133,0,0.9945666909243759,0.4422931108577463,1463853.4,597854.4067834779,4.0
2026-09-16 07:00:00,AMBER_BUILDING,58.839054325088306,0.7155214739995911,0,0.17230561698811436,0.4058395560715686,979625.37,814455.8093044885,5.0
2026-09-16 07:01:00,AMBER_BUILDING,51.225601174156594,0.5801429984309583,0,1.2735331081975363,0.45744237576137925,3198974.86,821837.5898885279,5.0
2026-09-16 08:52:00,AMBER_BUILDING,54.50339282669976,0.7703062568059986,1,1.94825597946441,0.4839065442485321,8079286.04,2728660.160516658,18.0
2026-09-16 08:53:00,AMBER_BUILDING,56.25971469957582,0.756800534880297,1,0.795167607387168,0.4604548909285221,4271934.6,2728660.160516658,13.0
2026-09-16 08:54:00,AMBER_BUILDING,56.04159206809197,0.7534234127876384,1,0.9329582164643704,0.47201678791839397,4752114.88,2782682.470882553,17.0
2026-09-16 08:55:00,AMBER_BUILDING,57.95890250319198,0.8295013227027741,1,2.225429886219058,0.6062044686730407,10048601.780000001,2782682.470882553,28.0
2026-09-16 08:56:00,AMBER_BUILDING,56.44042117388231,0.705255221221199,0,-0.9376292990964078,0.4491658461790572,1623206.62,2803201.685826499,10.0
2026-09-16 08:57:00,AMBER_BUILDING,56.69029808679451,0.7463693304493387,0,1.5909903628465911,0.5042648970972415,7144178.85,2803201.685826499,19.0
2026-09-16 08:58:00,AMBER_BUILDING,52.27172636346827,0.7051433911289977,0,0.3032650589744368,0.42850310884395026,3368324.58,2807800.2613590667,9.0
2026-09-16 08:59:00,AMBER_BUILDING,52.81038382480599,0.712499436233631,0,1.0399774126304595,0.46626161371781905,5171258.84,2807800.2613590667,17.0
2026-09-16 09:00:00,AMBER_BUILDING,51.89252917930429,0.7299879629945771,0,1.2129302259030172,0.442395569871124,5356752.529999999,2662211.0085210283,14.0
2026-09-16 09:01:00,AMBER_BUILDING,52.41119667060662,0.7128082871222715,0,0.6681921159182186,0.43318081425979166,3958815.08,2670325.7329497887,14.0
2026-09-16 09:02:00,AMBER_BUILDING,53.35697136071892,0.7476837274808141,0,1.4862857334450792,0.4771192420433894,6464567.140000001,2670325.7329497887,19.0
2026-09-16 09:03:00,AMBER_BUILDING,56.42045384629885,0.8167799607154567,0,2.083802994103861,0.5712939718753854,9223703.18,2670325.7329497887,30.0
2026-09-16 09:04:00,AMBER_BUILDING,57.806941894003394,0.7782989838639339,1,0.43558519402185525,0.44742112281167656,3512618.0700000003,2686288.2006282234,14.0
2026-09-16 09:05:00,AMBER_BUILDING,60.68777829663662,0.8514791423545959,1,2.168211151602833,0.510695270505054,10320796.15,2715935.4530140557,20.0
2026-09-16 09:06:00,AMBER_BUILDING,61.38081477558029,0.8809457722628881,1,1.5562414273493193,0.5395957803878073,7133563.75,2715935.4530140557,25.0
2026-09-16 09:07:00,AMBER_BUILDING,62.5957615683075,0.8409004435732116,1,0.4465037643334099,0.4310482770626656,3696352.8299999996,2733516.966686146,14.0
2026-09-16 09:08:00,AMBER_BUILDING,62.834083894993206,0.8787033066560592,1,1.6079485600527534,0.5682749564377957,7558283.07,2751078.35815378,30.0
2026-09-16 09:09:00,AMBER_BUILDING,62.559910292779655,0.8874941392285701,1,1.1949683339754908,0.49816012591163494,5929810.46,2770210.507181284,22.0
2026-09-16 09:10:00,AMBER_BUILDING,63.290579372981654,0.8739899531740051,1,0.8517289988932889,0.4464310026696782,4837335.27,2780775.1948992694,12.0
2026-09-16 09:11:00,AMBER_BUILDING,61.06311497950799,0.8059049513534265,0,-0.033983916347339424,0.44853918617112537,2833555.12,2780775.1948992694,12.0
2026-09-16 09:12:00,AMBER_BUILDING,61.134567132545705,0.8622373044148278,0,1.8899640730944418,0.502582896692404,8996083.33,2811234.835127086,21.0
2026-09-16 09:13:00,AMBER_BUILDING,58.90103265602647,0.8066684932696909,0,0.13136248393140898,0.43949197285271824,3261418.08,2852466.6807628153,15.0
2026-09-16 09:14:00,AMBER_BUILDING,57.778474585769885,0.7799343598286548,0,0.49847140466500384,0.4405162728165596,4185548.6799999997,2883150.2096028295,18.0
2026-09-16 09:15:00,AMBER_BUILDING,55.817606276882486,0.7976515817599229,0,1.1945471049047856,0.5054024548350937,4873052.02,2422717.584747337,23.0
2026-09-16 09:16:00,AMBER_BUILDING,61.29338529965428,0.9318009879844639,0,3.062419339630445,0.5682601537612603,13632481.51,2422717.584747337,22.0
2026-09-16 09:17:00,AMBER_BUILDING,68.80940572928766,1.034858087334827,0,2.7162700321184623,0.5520252245581141,11464144.16,2422717.584747337,21.0
2026-09-16 09:18:00,AMBER_BUILDING,71.6531647983768,0.9536429066117873,0,-0.12955036991152807,0.44740297157043335,2473599.65,2422717.584747337,14.0
2026-09-16 09:19:00,AMBER_BUILDING,68.44816596598503,0.9109052681629707,0,0.39051485034096467,0.46490293738889704,3244940.5,2422717.584747337,19.0
2026-09-16 09:20:00,AMBER_BUILDING,67.69539217101641,1.0046908844184137,0,2.53090905447368,0.5619395369805515,10402120.11,2429021.5077311564,23.0
2026-09-16 09:21:00,AMBER_BUILDING,70.035535680807,1.0323361179323192,0,1.5752067278621686,0.5174700631388642,6293681.48,2433489.250924495,22.0
2026-09-16 09:28:00,AMBER_BUILDING,72.62270998892433,0.996617149069093,0,-0.28044411345849546,0.4461101286879499,2381102.12,2473873.969789111,14.0
2026-09-16 09:29:00,AMBER_BUILDING,74.06649637197582,1.0718491948401534,0,2.2627506061516702,0.5496218929980498,9572223.96,2473146.1234236946,19.0
2026-09-16 09:30:00,AMBER_BUILDING,72.76441514718785,1.0555780193991973,0,0.8943993065655627,0.5212401529232717,5563700.45,2757127.928340456,22.0
2026-09-16 09:43:00,AMBER_BUILDING,73.7502338523838,0.9547347143860622,0,-1.2721503218603483,0.45570559939947164,1444696.87,2967340.223788772,11.0
2026-09-16 09:44:00,AMBER_BUILDING,67.24743012154384,0.7783911310769354,0,-1.691961321586338,0.4753988013977823,1026383.15,2967340.223788772,8.0
2026-09-16 09:45:00,AMBER_BUILDING,60.077888257648034,0.7662900804832569,0,0.4623390212898748,0.4699598324640201,4266840.38,2614572.610025169,12.0
2026-09-16 09:46:00,AMBER_BUILDING,54.286780351253434,0.6815803039424553,0,-0.5922345257739593,0.42268994647846897,2092024.4100000001,2628725.8059283863,11.0
2026-09-16 15:23:00,AMBER_BUILDING,52.77022773843331,1.7980936431816308,1,-19.661684780374465,0.6924526602525201,0.0,1116108.8323510757,0.0
2026-09-16 15:24:00,AMBER_BUILDING,69.21830317936796,1.5285433235188073,0,0.693195606626859,0.5403091736461785,1559559.17,1116108.8323510757,8.0
2026-09-16 15:33:00,AMBER_BUILDING,69.97025417870357,0.8993208944657716,0,0.9835506229340423,0.4701583053728264,1590274.0699999998,847617.9229311532,4.0
2026-09-16 15:34:00,AMBER_BUILDING,63.42672078893424,0.7569907565982444,0,1.2473651120357514,0.4805929997268927,2090133.67,884600.4465301605,9.0
2026-09-16 15:35:00,AMBER_BUILDING,55.39768030565225,0.6511366832751846,0,0.8917411706127921,0.46385618834942627,1569047.4899999998,902399.3624040015,6.0
2026-09-16 15:36:00,AMBER_BUILDING,50.321155357128276,0.6386394561956334,0,-0.30694648490496573,0.47037626995680243,560152.7,906798.0099969192,5.0
2026-09-16 15:46:00,AMBER_BUILDING,56.66529609198087,1.2551227475629756,1,-14.819737089969955,0.6849918393254077,0.0,760738.5652026711,0.0
2026-09-16 15:47:00,AMBER_BUILDING,68.874007535047,1.0681599044132788,0,0.9573049678964859,0.5273095463465594,1385559.67,750569.1303639899,7.0
2026-09-16 15:48:00,AMBER_BUILDING,77.0611866187949,0.9569864527814246,0,0.625907468474738,0.46854191987560606,1059086.4100000001,760738.5652026711,5.0
2026-09-16 15:49:00,AMBER_BUILDING,69.31608895675289,0.9384746430325909,0,-0.5984151517446282,0.48954829450585513,367637.71,777895.4636713455,6.0
2026-09-16 15:50:00,AMBER_BUILDING,64.02946357529235,0.8181814632266093,0,0.9149581162800128,0.46890746166246156,1394879.77,777895.4636713455,5.0
2026-09-16 15:51:00,AMBER_BUILDING,59.99000729399813,0.7531396322221368,0,0.24389855232109361,0.4696539948261764,782067.1699999999,786463.4263730597,3.0
2026-09-16 15:52:00,AMBER_BUILDING,54.22585233626841,0.6250922130693864,0,1.2593580069851937,0.4731170260397,1877351.03,783885.2268015216,5.0
2026-09-16 15:53:00,AMBER_BUILDING,50.22611217568515,0.6453048765855375,0,-0.7979048306218718,0.4488847076940397,315310.38,783885.2268015216,4.0
2026-09-16 16:17:00,AMBER_BUILDING,57.962738781084504,1.5806111350199101,1,-15.930269619279207,0.6895589524634184,0.0,1049628.7645088602,0.0
2026-09-16 16:18:00,AMBER_BUILDING,71.88498813030769,1.4148744566060871,0,0.17134584757258692,0.47783026352102015,934702.36,1049628.7645088602,6.0
2026-09-16 16:22:00,AMBER_BUILDING,72.93475933002598,0.9135123901704868,0,1.1434330732265443,0.41556889778011646,2014528.73,1049628.7645088602,8.0
2026-09-16 16:23:00,AMBER_BUILDING,65.46701756532657,0.8462469005990882,0,0.19613674950766863,0.4203997524133716,986367.1399999999,1058584.0499523438,8.0
2026-09-16 16:24:00,AMBER_BUILDING,59.202407634856655,0.764842648414258,0,0.4839550382234513,0.4033827943311672,1251063.42,1058584.0499523438,6.0
2026-09-16 16:25:00,AMBER_BUILDING,61.69856354005828,0.9308908544995927,0,-3.3083234166178497,0.5220218810059124,68195.31,1068504.681244937,4.0
2026-09-16 16:26:00,AMBER_BUILDING,62.726132218583906,0.8828168562172904,0,-0.16289467054768328,0.4367542787742682,756898.0700000001,1058584.0499523438,7.0
2026-09-16 16:27:00,AMBER_BUILDING,62.57852877669557,0.7649816188262835,0,1.0464919355373552,0.40571794377391807,1832459.5,1058584.0499523438,6.0
2026-09-16 16:28:00,AMBER_BUILDING,54.86627454569281,0.642287923158728,0,1.2597044547065563,0.46303107445117214,2187687.63,1068504.681244937,3.0
2026-09-16 16:29:00,AMBER_BUILDING,51.40723058504019,0.4375522938040627,0,2.6833952508618206,0.49160874633353574,6865711.8,1068504.681244937,11.0
2026-09-17 06:33:00,AMBER_BUILDING,50.26908051824636,0.5574657878036272,0,-0.8525697704270763,0.5008464848287553,62550.99,318636.03208083037,1.0
2026-09-17 06:36:00,AMBER_BUILDING,54.7135363706582,0.9328158576413339,1,-7.74475470376263,0.6225316433368532,0.0,300231.507530621,0.0
2026-09-17 06:37:00,AMBER_BUILDING,60.511252440609404,0.8686157415989677,0,-0.1348665758360839,0.5052716349269513,189149.72,297900.17453246564,1.0
2026-09-17 06:38:00,AMBER_BUILDING,65.2685723729271,0.7817615396539077,0,0.46956950359535604,0.44223611688976955,499406.37,297900.17453246564,2.0
2026-09-17 06:39:00,AMBER_BUILDING,69.78477830508292,1.1536655883863103,1,-7.733929380000309,0.627262752424619,0.0,300231.507530621,0.0
2026-09-17 06:40:00,AMBER_BUILDING,72.8960469488224,1.0221664643213315,0,0.761330936399488,0.5007574984401403,804813.26,297900.17453246564,3.0
2026-09-17 06:41:00,AMBER_BUILDING,74.84321013781019,0.8735920027330141,0,1.34383262328532,0.46303020777821763,2181415.41,297900.17453246564,2.0
2026-09-17 06:42:00,AMBER_BUILDING,65.57476668828497,0.7716367749525923,0,0.7037665621333401,0.4429927720459419,784274.1399999999,300231.507530621,3.0
2026-09-17 06:43:00,AMBER_BUILDING,57.85626778817778,0.6946372808944852,0,0.4023630135811714,0.4359575590779376,489812.31000000006,309402.1298103817,5.0
2026-09-17 06:44:00,AMBER_BUILDING,53.001466298116696,0.6707888589815479,0,-0.450013100198557,0.46351451042767533,122866.20000000001,318636.03208083037,2.0
2026-09-17 06:45:00,AMBER_BUILDING,50.16699607391408,0.6473548016302655,0,-0.42794249727207684,0.41198547480846215,365097.11,597854.4067834779,4.0
2026-09-17 06:46:00,AMBER_BUILDING,51.931098252700515,0.7280903353351794,0,-2.285021532700793,0.47413847973102374,68795.8,593779.8049610358,2.0
2026-09-17 06:47:00,AMBER_BUILDING,64.98164428744805,1.4848987357507284,1,-14.577918847700058,0.6636865068113321,0.0,593779.8049610358,0.0
2026-09-17 06:48:00,AMBER_BUILDING,76.39056752300475,1.2492654944826584,0,1.7790375007243964,0.4950252152033533,2681274.18,591669.5573653129,7.0
2026-09-17 06:51:00,AMBER_BUILDING,74.48824669816865,0.9777989215735494,0,0.9593442845057993,0.41796014534785864,1225114.99,577297.6469375084,7.0
2026-09-17 06:52:00,AMBER_BUILDING,68.95039337029597,0.916146325887605,0,-0.16516739932207392,0.40712254567483946,438393.71,577297.6469375084,3.0
2026-09-17 06:53:00,AMBER_BUILDING,64.44114899200669,0.8918718931146971,0,-0.7492767807553631,0.4260860748212521,254766.08000000002,577297.6469375084,3.0
2026-09-17 06:54:00,AMBER_BUILDING,61.11973454740872,0.8021150256426155,0,0.4679120976993447,0.40718687923321883,774857.95,570341.9624746185,4.0
2026-09-17 06:55:00,AMBER_BUILDING,57.157410229074124,0.7079465388196108,0,0.6701487818228029,0.4173377126360849,952337.06,577297.6469375084,4.0
2026-09-17 06:56:00,AMBER_BUILDING,50.92156872828738,0.5837742677590402,0,1.348707162264121,0.42087931392805267,1780652.21,577297.6469375084,6.0
2026-09-17 09:01:00,AMBER_BUILDING,51.009403942719764,0.6086858630508372,0,-0.9943195884221635,0.45443301712269674,1518533.6600000001,2913679.9148015655,13.0
2026-09-17 13:52:00,AMBER_BUILDING,53.51491005287996,0.647778800693196,3,-3.091239916267863,0.46624655449003616,276930.43,1977983.7283816163,5.0
2026-09-17 13:53:00,AMBER_BUILDING,60.12828651531769,0.613401165471494,2,-0.22664812621691133,0.4441678534903826,1663673.28,1977983.7283816163,5.0
2026-09-17 13:54:00,AMBER_BUILDING,55.47991485741348,0.4997375253413834,0,1.0070504993146145,0.4401894584083605,3569635.9600000004,1924235.0217350256,8.0
2026-09-18 06:32:00,AMBER_BUILDING,50.78942868630056,0.6003716908845634,0,-0.06612070207638003,0.5267324834103615,277994.43,318636.03208083037,1.0
2026-09-18 06:33:00,AMBER_BUILDING,61.56322104522436,0.9723148250533434,2,-8.497078756760573,0.6380186405530875,0.0,318636.03208083037,0.0
2026-09-18 06:34:00,AMBER_BUILDING,64.45322541514547,0.9409553779885576,0,-0.9934563392626422,0.5481114817125177,68501.37,318636.03208083037,1.0
2026-09-18 06:35:00,AMBER_BUILDING,77.96130734528965,1.2833876049889164,2,-8.395813269980355,0.6392897886137098,0.0,318636.03208083037,0.0
2026-09-18 06:36:00,RED_EARLY_WARNING,81.4466868475807,1.254462111149517,0,-1.5744405615536738,0.5649775506002545,28164.83,318636.03208083037,1.0
2026-09-18 06:39:00,AMBER_BUILDING,73.606375427635,0.9073318385385784,0,0.8711886448373778,0.4566653767767023,1125417.05,309402.1298103817,4.0
2026-09-18 06:40:00,AMBER_BUILDING,68.91396309785597,0.889005313333268,0,-1.030159559473276,0.4990777188015004,59877.27,318636.03208083037,1.0
2026-09-18 06:41:00,AMBER_BUILDING,66.24499170158444,0.8922188949947948,0,-1.4109891323622514,0.51601234673024,30796.6,309402.1298103817,1.0
2026-09-18 06:42:00,AMBER_BUILDING,63.59881522731837,0.7750922649960665,0,0.9357812386255527,0.4695947077939727,1235651.78,300231.507530621,6.0
2026-09-18 06:43:00,AMBER_BUILDING,58.64752201152578,0.6999548345739042,0,0.30234453943709244,0.4197010064915146,464040.81,309402.1298103817,3.0
2026-09-18 06:44:00,AMBER_BUILDING,52.25036713573928,0.6167193920513194,0,0.567107359170105,0.4164462570591381,720396.8500000001,309402.1298103817,4.0
2026-09-18 06:46:00,AMBER_BUILDING,51.374500593873506,0.7344455734115436,0,-3.9357114904613053,0.5439669157700742,21635.66,570341.9624746185,1.0
2026-09-18 06:47:00,AMBER_BUILDING,55.33296349878847,0.7836272563748975,0,-2.087265624566323,0.46867969800329506,93968.58,570341.9624746185,2.0
2026-09-18 06:48:00,AMBER_BUILDING,57.65720627306113,0.7254550064109562,0,-0.028740992270806648,0.4122817233134575,529109.96,570341.9624746185,4.0
2026-09-18 06:49:00,AMBER_BUILDING,56.056333883297675,0.7483600675432278,0,-1.5746093025728831,0.46207061117227427,147218.37999999998,567572.977843995,2.0
2026-09-18 06:50:00,AMBER_BUILDING,54.77099958313022,0.7258152388786708,0,-0.6780645619641456,0.4251881335867867,299054.75,559955.2003766804,4.0
2026-09-18 06:51:00,AMBER_BUILDING,53.29663392177602,0.6258739183279872,0,0.931745240087216,0.4054208369709811,1124127.3900000001,553460.2807322699,5.0
2026-09-18 13:20:00,AMBER_BUILDING,56.539520850160756,0.7635900675256933,1,-2.2972687482340843,0.4992980852171646,347631.0,1737976.9434091458,3.0
2026-09-18 13:21:00,AMBER_BUILDING,55.64449593445378,0.6383371095777508,1,0.992873723895716,0.4465870425645635,2844108.66,1737976.9434091458,10.0
