Effective Timestamp,UBR L6 Name,Credit Amount,Debit Amount,Net Amount
2026-04-01 00:00:00,Corporate Bank,172784.84,164358.58,8426.26000000001
2026-04-01 01:00:00,Corporate Bank,165948.57,109798.25,56150.32000000001
2026-04-01 02:00:00,Corporate Bank,204869.48,187897.17,16972.309999999998
2026-04-01 03:00:00,Corporate Bank,222906.63,199363.08,23543.550000000017
2026-04-01 04:00:00,Corporate Bank,247176.31,86001.11,161175.2
2026-04-01 05:00:00,Corporate Bank,588605.11,127121.78,461483.32999999996
2026-04-01 06:00:00,Corporate Bank,1263757.21,384154.71,879602.5
2026-04-01 07:00:00,Corporate Bank,2670141.59,920699.38,1749442.21
2026-04-01 08:00:00,Corporate Bank,6455882.95,2429102.28,4026780.6700000004
2026-04-01 09:00:00,Corporate Bank,5308057.05,3313087.28,1994969.77
2026-04-01 10:00:00,Corporate Bank,4878013.98,6821549.86,-1943535.88
2026-04-01 11:00:00,Corporate Bank,6207795.78,5837561.31,370234.47000000067
2026-04-01 12:00:00,Corporate Bank,5818876.33,3568915.46,2249960.87
2026-04-01 13:00:00,Corporate Bank,4384450.38,4634298.23,-249847.85000000056
2026-04-01 14:00:00,Corporate Bank,4255172.71,4615974.92,-360802.20999999996
2026-04-01 15:00:00,Corporate Bank,6470087.94,3429411.54,3040676.4000000004
2026-04-01 16:00:00,Corporate Bank,3408379.68,4240774.4,-832394.7200000002
2026-04-01 17:00:00,Corporate Bank,1454361.51,1832154.75,-377793.24
2026-04-01 18:00:00,Corporate Bank,501372.15,1574537.61,-1073165.46
2026-04-01 19:00:00,Corporate Bank,281451.81,502218.4,-220766.59000000003
2026-04-01 20:00:00,Corporate Bank,172962.41,226783.64,-53821.23000000001
2026-04-01 21:00:00,Corporate Bank,129805.01,135679.69,-5874.680000000008
2026-04-01 22:00:00,Corporate Bank,162407.48,219647.25,-57239.76999999999
2026-04-01 23:00:00,Corporate Bank,168948.68,143413.31,25535.369999999995
2026-04-02 00:00:00,Corporate Bank,139385.29,131912.27,7473.020000000019
2026-04-02 01:00:00,Corporate Bank,204614.54,134962.87,69651.67000000001
2026-04-02 02:00:00,Corporate Bank,230172.42,175994.42,54178.0
2026-04-02 03:00:00,Corporate Bank,214832.96,167769.58,47063.380000000005
2026-04-02 04:00:00,Corporate Bank,179854.08,174773.45,5080.629999999976
2026-04-02 05:00:00,Corporate Bank,482346.59,213801.0,268545.59
2026-04-02 06:00:00,Corporate Bank,1077747.15,702880.94,374866.20999999996
2026-04-02 07:00:00,Corporate Bank,1752620.8,896126.73,856494.0700000001
2026-04-02 08:00:00,Corporate Bank,5446967.3,2093608.82,3353358.4799999995
2026-04-02 09:00:00,Corporate Bank,5699247.79,3352350.78,2346897.0100000002
2026-04-02 10:00:00,Corporate Bank,10515271.3,6303223.27,4212048.030000001
2026-04-02 11:00:00,Corporate Bank,5734577.46,6486137.67,-751560.21
2026-04-02 12:00:00,Corporate Bank,4427676.62,3381327.25,1046349.3700000001
2026-04-02 13:00:00,Corporate Bank,4736356.5,2568354.64,2168001.86
2026-04-02 14:00:00,Corporate Bank,5120834.94,3132796.1,1988038.8400000003
2026-04-02 15:00:00,Corporate Bank,3086787.26,5394361.59,-2307574.33
2026-04-02 16:00:00,Corporate Bank,1591083.67,4745025.99,-3153942.3200000003
2026-04-02 17:00:00,Corporate Bank,1018290.12,2875146.97,-1856856.85
2026-04-02 18:00:00,Corporate Bank,544351.59,990816.08,-446464.49
2026-04-02 19:00:00,Corporate Bank,135475.46,546569.38,-411093.92000000004
2026-04-02 20:00:00,Corporate Bank,147863.61,248256.1,-100392.49000000002
2026-04-02 21:00:00,Corporate Bank,147090.93,177715.21,-30624.28
2026-04-02 22:00:00,Corporate Bank,146462.27,197687.82,-51225.55000000002
2026-04-02 23:00:00,Corporate Bank,127925.84,160640.39,-32714.550000000017
2026-04-03 00:00:00,Corporate Bank,140809.28,183884.8,-43075.51999999999
2026-04-03 01:00:00,Corporate Bank,261686.8,153072.78,108614.01999999999
2026-04-03 02:00:00,Corporate Bank,190723.08,163611.6,27111.47999999998
2026-04-03 03:00:00,Corporate Bank,135748.14,181697.77,-45949.629999999976
2026-04-03 04:00:00,Corporate Bank,191428.81,99735.73,91693.08
2026-04-03 05:00:00,Corporate Bank,381237.47,170698.36,210539.11
2026-04-03 06:00:00,Corporate Bank,836187.71,321045.04,515142.67
2026-04-03 07:00:00,Corporate Bank,2015963.0,835761.26,1180201.74
2026-04-03 08:00:00,Corporate Bank,6027892.14,2247951.66,3779940.4799999995
2026-04-03 09:00:00,Corporate Bank,4809337.75,6701129.12,-1891791.37
2026-04-03 10:00:00,Corporate Bank,3477644.84,4041104.2,-563459.3600000003
2026-04-03 11:00:00,Corporate Bank,3656076.97,6180870.09,-2524793.1199999996
2026-04-03 12:00:00,Corporate Bank,3705924.89,2111907.6,1594017.29
2026-04-03 13:00:00,Corporate Bank,2431980.03,2988725.1,-556745.0700000003
2026-04-03 14:00:00,Corporate Bank,4816159.93,4212668.15,603491.7799999993
2026-04-03 15:00:00,Corporate Bank,5412069.93,5291189.72,120880.20999999996
2026-04-03 16:00:00,Corporate Bank,3069394.52,42071603.59,-39002209.07
2026-04-03 17:00:00,Corporate Bank,2582689.08,3099254.76,-516565.6799999997
2026-04-03 18:00:00,Corporate Bank,803713.85,1089598.23,-285884.38
2026-04-03 19:00:00,Corporate Bank,393520.23,443770.4,-50250.17000000004
2026-04-03 20:00:00,Corporate Bank,403272.53,310085.45,93187.08000000002
2026-04-03 21:00:00,Corporate Bank,198895.93,157147.44,41748.48999999999
2026-04-03 22:00:00,Corporate Bank,164073.89,103809.2,60264.69000000002
2026-04-03 23:00:00,Corporate Bank,208948.93,106922.41,102026.51999999999
2026-04-04 00:00:00,Corporate Bank,7914.36,6830.44,1083.92
2026-04-04 01:00:00,Corporate Bank,9668.52,10447.65,-779.1299999999992
2026-04-04 02:00:00,Corporate Bank,7724.91,9394.05,-1669.1399999999994
2026-04-04 03:00:00,Corporate Bank,10857.72,11097.2,-239.48000000000138
2026-04-04 04:00:00,Corporate Bank,9641.12,8150.54,1490.5800000000008
2026-04-04 05:00:00,Corporate Bank,18773.14,11821.86,6951.279999999999
2026-04-04 06:00:00,Corporate Bank,71512.41,26761.38,44751.03
2026-04-04 07:00:00,Corporate Bank,146184.16,55356.37,90827.79000000001
2026-04-04 08:00:00,Corporate Bank,149804.09,167995.84,-18191.75
2026-04-04 09:00:00,Corporate Bank,211488.83,210515.74,973.0899999999965
2026-04-04 10:00:00,Corporate Bank,205393.74,281940.4,-76546.66000000003
2026-04-04 11:00:00,Corporate Bank,170508.61,247348.62,-76840.01000000001
2026-04-04 12:00:00,Corporate Bank,243034.03,146649.48,96384.54999999999
2026-04-04 13:00:00,Corporate Bank,281615.66,229464.59,52151.06999999998
2026-04-04 14:00:00,Corporate Bank,402674.76,209096.14,193578.62
2026-04-04 15:00:00,Corporate Bank,313695.5,267272.63,46422.869999999995
2026-04-04 16:00:00,Corporate Bank,221855.65,263140.79,-41285.139999999985
2026-04-04 17:00:00,Corporate Bank,95273.91,167580.1,-72306.19
2026-04-04 18:00:00,Corporate Bank,35283.08,88622.58,-53339.5
2026-04-04 19:00:00,Corporate Bank,21260.42,29697.31,-8436.890000000003
2026-04-04 20:00:00,Corporate Bank,13763.22,12667.69,1095.5299999999988
2026-04-04 21:00:00,Corporate Bank,10641.41,9749.83,891.5799999999999
2026-04-04 22:00:00,Corporate Bank,13726.2,5504.96,8221.240000000002
2026-04-04 23:00:00,Corporate Bank,4631.22,5838.92,-1207.6999999999998
2026-04-05 00:00:00,Corporate Bank,8578.94,6052.16,2526.7800000000007
2026-04-05 01:00:00,Corporate Bank,8540.61,6672.9,1867.710000000001
2026-04-05 02:00:00,Corporate Bank,119304.57,10148.04,109156.53
2026-04-05 03:00:00,Corporate Bank,15439.04,6875.08,8563.960000000001
2026-04-05 04:00:00,Corporate Bank,7587.91,8271.46,-683.5499999999993
2026-04-05 05:00:00,Corporate Bank,35228.52,16645.79,18582.729999999996
2026-04-05 06:00:00,Corporate Bank,44451.36,19933.53,24517.83
2026-04-05 07:00:00,Corporate Bank,108182.11,75781.2,32400.910000000003
2026-04-05 08:00:00,Corporate Bank,248961.69,110699.73,138261.96000000002
2026-04-05 09:00:00,Corporate Bank,297489.02,241412.46,56076.56000000003
2026-04-05 10:00:00,Corporate Bank,181559.53,236418.9,-54859.369999999995
2026-04-05 11:00:00,Corporate Bank,270059.08,250537.89,19521.190000000002
2026-04-05 12:00:00,Corporate Bank,263142.37,270126.28,-6983.910000000033
2026-04-05 13:00:00,Corporate Bank,361793.66,118091.63,243702.02999999997
2026-04-05 14:00:00,Corporate Bank,256854.25,274223.08,-17368.830000000016
2026-04-05 15:00:00,Corporate Bank,247326.02,285957.06,-38631.04000000001
2026-04-05 16:00:00,Corporate Bank,159385.84,190608.24,-31222.399999999994
2026-04-05 17:00:00,Corporate Bank,131714.38,94981.75,36732.630000000005
2026-04-05 18:00:00,Corporate Bank,14157.24,74173.72,-60016.48
2026-04-05 19:00:00,Corporate Bank,11472.56,26095.28,-14622.72
2026-04-05 20:00:00,Corporate Bank,10462.93,15422.81,-4959.879999999999
2026-04-05 21:00:00,Corporate Bank,6863.74,10051.49,-3187.75
2026-04-05 22:00:00,Corporate Bank,8675.38,14766.83,-6091.450000000001
2026-04-05 23:00:00,Corporate Bank,9013.6,8388.59,625.0100000000002
2026-04-06 00:00:00,Corporate Bank,128067.14,110342.17,17724.97
2026-04-06 01:00:00,Corporate Bank,159066.27,158289.0,777.2699999999895
2026-04-06 02:00:00,Corporate Bank,188787.82,160253.75,28534.070000000007
2026-04-06 03:00:00,Corporate Bank,149606.95,226040.58,-76433.62999999998
2026-04-06 04:00:00,Corporate Bank,170555.7,198383.92,-27828.22
2026-04-06 05:00:00,Corporate Bank,365836.68,209110.05,156726.63
2026-04-06 06:00:00,Corporate Bank,1050486.68,573457.66,477029.0199999999
2026-04-06 07:00:00,Corporate Bank,1506426.35,708661.11,797765.2400000001
2026-04-06 08:00:00,Corporate Bank,5112591.18,2015035.16,3097556.0199999996
2026-04-06 09:00:00,Corporate Bank,4764508.28,3240802.1,1523706.1800000002
2026-04-06 10:00:00,Corporate Bank,7051389.8,4661439.78,2389950.0199999996
2026-04-06 11:00:00,Corporate Bank,4422251.05,3058637.95,1363613.0999999996
2026-04-06 12:00:00,Corporate Bank,5081212.2,4233367.74,847844.46
2026-04-06 13:00:00,Corporate Bank,3245326.24,3091466.61,153859.63000000035
2026-04-06 14:00:00,Corporate Bank,37445227.73,2580616.71,34864611.019999996
2026-04-06 15:00:00,Corporate Bank,2873411.8,3272331.4,-398919.6000000001
2026-04-06 16:00:00,Corporate Bank,2169624.56,4171079.24,-2001454.6800000002
2026-04-06 17:00:00,Corporate Bank,1926151.99,3141170.44,-1215018.45
2026-04-06 18:00:00,Corporate Bank,862778.19,2202175.69,-1339397.5
2026-04-06 19:00:00,Corporate Bank,180550.82,1221911.35,-1041360.53
2026-04-06 20:00:00,Corporate Bank,151730.13,271450.0,-119719.87
2026-04-06 21:00:00,Corporate Bank,154852.98,123682.07,31170.910000000003
2026-04-06 22:00:00,Corporate Bank,186247.69,80290.12,105957.57
2026-04-06 23:00:00,Corporate Bank,92021.73,162780.56,-70758.83
2026-04-07 00:00:00,Corporate Bank,96443.8,117536.99,-21093.190000000002
2026-04-07 01:00:00,Corporate Bank,180705.4,132427.14,48278.25999999998
2026-04-07 02:00:00,Corporate Bank,87135.76,124852.18,-37716.42
2026-04-07 03:00:00,Corporate Bank,140450.1,144130.77,-3680.6699999999837
2026-04-07 04:00:00,Corporate Bank,205130.81,212611.13,-7480.320000000007
2026-04-07 05:00:00,Corporate Bank,435552.9,1021307.24,-585754.34
2026-04-07 06:00:00,Corporate Bank,1009009.38,352518.39,656490.99
2026-04-07 07:00:00,Corporate Bank,2275293.48,741971.05,1533322.43
2026-04-07 08:00:00,Corporate Bank,5735135.86,1477213.02,4257922.84
2026-04-07 09:00:00,Corporate Bank,5942063.63,3698403.62,2243660.01
2026-04-07 10:00:00,Corporate Bank,3977522.84,5155852.83,-1178329.9900000002
2026-04-07 11:00:00,Corporate Bank,3745854.19,7856604.53,-4110750.3400000003
2026-04-07 12:00:00,Corporate Bank,4012765.44,3638366.82,374398.6200000001
2026-04-07 13:00:00,Corporate Bank,7359472.01,4437691.34,2921780.67
2026-04-07 14:00:00,Corporate Bank,6172462.85,3453822.58,2718640.2699999996
2026-04-07 15:00:00,Corporate Bank,6005073.57,16780709.8,-10775636.23
2026-04-07 16:00:00,Corporate Bank,2232069.73,2842220.55,-610150.8199999998
2026-04-07 17:00:00,Corporate Bank,1130474.81,1965191.49,-834716.6799999999
2026-04-07 18:00:00,Corporate Bank,514551.92,2290952.06,-1776400.1400000001
2026-04-07 19:00:00,Corporate Bank,244051.8,398455.91,-154404.11
2026-04-07 20:00:00,Corporate Bank,128660.78,308277.97,-179617.18999999997
2026-04-07 21:00:00,Corporate Bank,231623.9,126937.85,104686.04999999999
2026-04-07 22:00:00,Corporate Bank,203649.68,201287.13,2362.5499999999884
2026-04-07 23:00:00,Corporate Bank,142346.53,168607.73,-26261.20000000001
2026-04-08 00:00:00,Corporate Bank,189118.48,143114.36,46004.120000000024
2026-04-08 01:00:00,Corporate Bank,166809.09,148177.52,18631.570000000007
2026-04-08 02:00:00,Corporate Bank,194052.23,123263.36,70788.87000000001
2026-04-08 03:00:00,Corporate Bank,107296.86,171877.14,-64580.28000000001
2026-04-08 04:00:00,Corporate Bank,187039.91,134716.92,52322.98999999999
2026-04-08 05:00:00,Corporate Bank,377852.88,130075.84,247777.04
2026-04-08 06:00:00,Corporate Bank,1269441.58,251970.49,1017471.0900000001
2026-04-08 07:00:00,Corporate Bank,2102873.58,1066121.66,1036751.9200000002
2026-04-08 08:00:00,Corporate Bank,2102781.44,3920775.56,-1817994.12
2026-04-08 09:00:00,Corporate Bank,3943169.3,4489723.55,-546554.25
2026-04-08 10:00:00,Corporate Bank,4741956.5,5056506.39,-314549.88999999966
2026-04-08 11:00:00,Corporate Bank,3775368.82,5036560.39,-1261191.5699999998
2026-04-08 12:00:00,Corporate Bank,36179133.45,5177141.5,31001991.950000003
2026-04-08 13:00:00,Corporate Bank,5234864.45,3529397.47,1705466.98
2026-04-08 14:00:00,Corporate Bank,4996111.49,3546609.67,1449501.8200000003
2026-04-08 15:00:00,Corporate Bank,4131003.14,6184604.35,-2053601.2099999995
2026-04-08 16:00:00,Corporate Bank,3733576.11,4317806.81,-584230.6999999997
2026-04-08 17:00:00,Corporate Bank,1108335.64,3872438.1,-2764102.46
2026-04-08 18:00:00,Corporate Bank,529442.9,1278128.49,-748685.59
2026-04-08 19:00:00,Corporate Bank,183768.14,353072.05,-169303.90999999997
2026-04-08 20:00:00,Corporate Bank,266469.19,159016.4,107452.79000000001
2026-04-08 21:00:00,Corporate Bank,178231.73,273104.4,-94872.67000000001
2026-04-08 22:00:00,Corporate Bank,126360.48,255279.8,-128919.31999999999
2026-04-08 23:00:00,Corporate Bank,150751.28,142342.17,8409.109999999986
2026-04-09 00:00:00,Corporate Bank,181772.47,133710.79,48061.67999999999
2026-04-09 01:00:00,Corporate Bank,144714.75,232542.52,-87827.76999999999
2026-04-09 02:00:00,Corporate Bank,133198.14,107624.23,25573.910000000018
2026-04-09 03:00:00,Corporate Bank,131974.59,114954.93,17019.660000000003
2026-04-09 04:00:00,Corporate Bank,216309.21,187291.98,29017.22999999998
2026-04-09 05:00:00,Corporate Bank,345329.9,166903.84,178426.06000000003
2026-04-09 06:00:00,Corporate Bank,918840.39,369132.88,549707.51
2026-04-09 07:00:00,Corporate Bank,1700661.91,963886.43,736775.4799999999
2026-04-09 08:00:00,Corporate Bank,4556397.8,2701573.74,1854824.0599999996
2026-04-09 09:00:00,Corporate Bank,5166149.72,6527592.57,-1361442.8500000006
2026-04-09 10:00:00,Corporate Bank,4385351.16,5384060.22,-998709.0599999996
2026-04-09 11:00:00,Corporate Bank,3931275.84,5607792.7,-1676516.8600000003
2026-04-09 12:00:00,Corporate Bank,4476898.97,1891558.17,2585340.8
2026-04-09 13:00:00,Corporate Bank,5424830.53,3256642.96,2168187.5700000003
2026-04-09 14:00:00,Corporate Bank,5754714.17,3115224.47,2639489.6999999997
2026-04-09 15:00:00,Corporate Bank,3880781.56,3078777.19,802004.3700000001
2026-04-09 16:00:00,Corporate Bank,2261463.12,2917347.89,-655884.77
2026-04-09 17:00:00,Corporate Bank,967265.66,2209840.81,-1242575.15
2026-04-09 18:00:00,Corporate Bank,462184.2,1592328.35,-1130144.1500000001
2026-04-09 19:00:00,Corporate Bank,256299.66,342439.51,-86139.85
2026-04-09 20:00:00,Corporate Bank,137510.59,241929.07,-104418.48000000001
2026-04-09 21:00:00,Corporate Bank,163065.51,143929.69,19135.820000000007
2026-04-09 22:00:00,Corporate Bank,116951.44,137959.28,-21007.839999999997
2026-04-09 23:00:00,Corporate Bank,94790.6,202941.33,-108150.72999999998
2026-04-10 00:00:00,Corporate Bank,199473.69,176279.36,23194.330000000016
2026-04-10 01:00:00,Corporate Bank,135321.83,224047.75,-88725.92000000001
2026-04-10 02:00:00,Corporate Bank,121640.37,143223.71,-21583.339999999997
2026-04-10 03:00:00,Corporate Bank,115669.54,122018.84,-6349.300000000003
2026-04-10 04:00:00,Corporate Bank,221834.4,144389.3,77445.1
2026-04-10 05:00:00,Corporate Bank,580789.73,202056.71,378733.02
2026-04-10 06:00:00,Corporate Bank,932918.26,389812.26,543106.0
2026-04-10 07:00:00,Corporate Bank,2380158.42,731202.13,1648956.29
2026-04-10 08:00:00,Corporate Bank,6139416.67,2508560.39,3630856.28
2026-04-10 09:00:00,Corporate Bank,3168825.44,4582579.93,-1413754.4899999998
2026-04-10 10:00:00,Corporate Bank,8713075.28,11150780.74,-2437705.460000001
2026-04-10 11:00:00,Corporate Bank,7710344.75,8117554.42,-407209.6699999999
2026-04-10 12:00:00,Corporate Bank,1588243.48,2708729.06,-1120485.58
2026-04-10 13:00:00,Corporate Bank,4268515.25,3031620.85,1236894.4
2026-04-10 14:00:00,Corporate Bank,3929517.77,2586324.34,1343193.4300000002
2026-04-10 15:00:00,Corporate Bank,3852822.97,3717176.29,135646.68000000017
2026-04-10 16:00:00,Corporate Bank,2364569.52,4173696.77,-1809127.25
2026-04-10 17:00:00,Corporate Bank,1687790.59,3507535.3,-1819744.7099999997
2026-04-10 18:00:00,Corporate Bank,533863.12,972098.06,-438234.94000000006
2026-04-10 19:00:00,Corporate Bank,193868.5,418957.26,-225088.76
2026-04-10 20:00:00,Corporate Bank,165327.98,125872.36,39455.62000000001
2026-04-10 21:00:00,Corporate Bank,184891.68,158503.39,26388.28999999998
2026-04-10 22:00:00,Corporate Bank,109538.86,110668.16,-1129.300000000003
2026-04-10 23:00:00,Corporate Bank,95211.21,128157.22,-32946.009999999995
2026-04-11 00:00:00,Corporate Bank,17018.02,6918.27,10099.75
2026-04-11 01:00:00,Corporate Bank,7720.21,8749.1,-1028.8900000000003
2026-04-11 02:00:00,Corporate Bank,9003.04,5312.33,3690.710000000001
2026-04-11 03:00:00,Corporate Bank,8551.8,5809.15,2742.6499999999996
2026-04-11 04:00:00,Corporate Bank,13818.88,17549.65,-3730.7700000000023
2026-04-11 05:00:00,Corporate Bank,39265.36,7661.15,31604.21
2026-04-11 06:00:00,Corporate Bank,75174.28,15962.57,59211.71
2026-04-11 07:00:00,Corporate Bank,96608.92,105390.2,-8781.279999999999
2026-04-11 08:00:00,Corporate Bank,176328.32,350172.82,-173844.5
2026-04-11 09:00:00,Corporate Bank,290368.22,180669.29,109698.92999999996
2026-04-11 10:00:00,Corporate Bank,267371.43,281501.33,-14129.900000000023
2026-04-11 11:00:00,Corporate Bank,132567.51,307288.42,-174720.90999999997
2026-04-11 12:00:00,Corporate Bank,274424.66,352625.44,-78200.78000000003
2026-04-11 13:00:00,Corporate Bank,190369.21,147466.33,42902.880000000005
2026-04-11 14:00:00,Corporate Bank,457847.36,223638.63,234208.72999999998
2026-04-11 15:00:00,Corporate Bank,432149.67,336205.39,95944.27999999997
2026-04-11 16:00:00,Corporate Bank,149303.33,259535.9,-110232.57
2026-04-11 17:00:00,Corporate Bank,90552.42,130929.01,-40376.59
2026-04-11 18:00:00,Corporate Bank,22894.93,69729.55,-46834.62
2026-04-11 19:00:00,Corporate Bank,18433.04,20249.57,-1816.5299999999988
2026-04-11 20:00:00,Corporate Bank,8995.45,13391.13,-4395.6799999999985
2026-04-11 21:00:00,Corporate Bank,6860.32,9218.84,-2358.5200000000004
2026-04-11 22:00:00,Corporate Bank,8595.03,9791.36,-1196.33
2026-04-11 23:00:00,Corporate Bank,8140.35,7629.95,510.40000000000055
2026-04-12 00:00:00,Corporate Bank,8490.11,10367.61,-1877.5
2026-04-12 01:00:00,Corporate Bank,12446.92,12195.22,251.70000000000073
2026-04-12 02:00:00,Corporate Bank,7412.56,9430.77,-2018.21
2026-04-12 03:00:00,Corporate Bank,16215.83,10024.92,6190.91
2026-04-12 04:00:00,Corporate Bank,7878.14,9414.08,-1535.9399999999996
2026-04-12 05:00:00,Corporate Bank,37454.8,11273.04,26181.760000000002
2026-04-12 06:00:00,Corporate Bank,46566.24,17864.49,28701.749999999996
2026-04-12 07:00:00,Corporate Bank,152303.72,66789.37,85514.35
2026-04-12 08:00:00,Corporate Bank,230563.41,142269.15,88294.26000000001
2026-04-12 09:00:00,Corporate Bank,295219.95,481106.52,-185886.57
2026-04-12 10:00:00,Corporate Bank,368527.72,504021.2,-135493.48000000004
2026-04-12 11:00:00,Corporate Bank,348495.53,311398.7,37096.830000000016
2026-04-12 12:00:00,Corporate Bank,306749.64,166980.99,139768.65000000002
2026-04-12 13:00:00,Corporate Bank,233551.98,142015.12,91536.86000000002
2026-04-12 14:00:00,Corporate Bank,309148.56,344108.75,-34960.19
2026-04-12 15:00:00,Corporate Bank,197938.99,288110.98,-90171.98999999999
2026-04-12 16:00:00,Corporate Bank,119461.12,263093.17,-143632.05
2026-04-12 17:00:00,Corporate Bank,56280.43,86845.12,-30564.689999999995
2026-04-12 18:00:00,Corporate Bank,29056.08,95870.92,-66814.84
2026-04-12 19:00:00,Corporate Bank,16476.3,35055.35,-18579.05
2026-04-12 20:00:00,Corporate Bank,5886.32,10307.95,-4421.630000000001
2026-04-12 21:00:00,Corporate Bank,9374.73,8668.6,706.1299999999992
2026-04-12 22:00:00,Corporate Bank,14772.87,9884.47,4888.4000000000015
2026-04-12 23:00:00,Corporate Bank,13106.79,9156.09,3950.7000000000007
2026-04-13 00:00:00,Corporate Bank,130883.19,137412.05,-6528.859999999986
2026-04-13 01:00:00,Corporate Bank,102608.25,145415.23,-42806.98000000001
2026-04-13 02:00:00,Corporate Bank,179491.54,139096.27,40395.27000000002
2026-04-13 03:00:00,Corporate Bank,80131.02,157390.03,-77259.01
2026-04-13 04:00:00,Corporate Bank,272616.65,240115.09,32501.560000000027
2026-04-13 05:00:00,Corporate Bank,360625.57,86990.75,273634.82
2026-04-13 06:00:00,Corporate Bank,1823713.06,344342.97,1479370.09
2026-04-13 07:00:00,Corporate Bank,1512473.54,1067377.6,445095.93999999994
2026-04-13 08:00:00,Corporate Bank,5863132.69,2668083.17,3195049.5200000005
2026-04-13 09:00:00,Corporate Bank,5292771.68,3827528.41,1465243.2699999996
2026-04-13 10:00:00,Corporate Bank,4372999.03,3093338.01,1279661.0200000005
2026-04-13 11:00:00,Corporate Bank,2455621.22,5100681.67,-2645060.4499999997
2026-04-13 12:00:00,Corporate Bank,4277010.59,5874715.37,-1597704.7800000003
2026-04-13 13:00:00,Corporate Bank,5383605.06,2085803.18,3297801.88
2026-04-13 14:00:00,Corporate Bank,8328964.71,5198752.52,3130212.1900000004
2026-04-13 15:00:00,Corporate Bank,5644336.93,4021354.78,1622982.15
2026-04-13 16:00:00,Corporate Bank,2243288.58,23619573.03,-21376284.450000003
2026-04-13 17:00:00,Corporate Bank,978958.36,1781201.18,-802242.82
2026-04-13 18:00:00,Corporate Bank,366267.17,1094272.44,-728005.27
2026-04-13 19:00:00,Corporate Bank,396398.32,752970.64,-356572.32
2026-04-13 20:00:00,Corporate Bank,137845.64,285502.76,-147657.12
2026-04-13 21:00:00,Corporate Bank,247003.82,279854.34,-32850.52000000002
2026-04-13 22:00:00,Corporate Bank,182895.95,216693.53,-33797.57999999999
2026-04-13 23:00:00,Corporate Bank,172248.58,171368.4,880.179999999993
2026-04-14 00:00:00,Corporate Bank,142280.43,253107.87,-110827.44
2026-04-14 01:00:00,Corporate Bank,190220.15,171115.32,19104.829999999987
2026-04-14 02:00:00,Corporate Bank,155638.77,192319.1,-36680.330000000016
2026-04-14 03:00:00,Corporate Bank,143757.45,137549.93,6207.520000000019
2026-04-14 04:00:00,Corporate Bank,240765.1,157532.93,83232.17000000001
2026-04-14 05:00:00,Corporate Bank,368236.29,152409.69,215826.59999999998
2026-04-14 06:00:00,Corporate Bank,828601.48,497486.5,331114.98
2026-04-14 07:00:00,Corporate Bank,3039776.81,710888.26,2328888.55
2026-04-14 08:00:00,Corporate Bank,4366861.18,3087208.26,1279652.92
2026-04-14 09:00:00,Corporate Bank,6316515.5,4041428.94,2275086.56
2026-04-14 10:00:00,Corporate Bank,4214817.33,7445735.36,-3230918.0300000003
2026-04-14 11:00:00,Corporate Bank,2576923.95,5790601.91,-3213677.96
2026-04-14 12:00:00,Corporate Bank,6019788.48,6041464.17,-21675.68999999948
2026-04-14 13:00:00,Corporate Bank,6990139.01,4114613.18,2875525.8299999996
2026-04-14 14:00:00,Corporate Bank,6355599.99,2503421.05,3852178.9400000004
2026-04-14 15:00:00,Corporate Bank,3713201.51,4349628.63,-636427.1200000001
2026-04-14 16:00:00,Corporate Bank,2449823.82,2671175.13,-221351.31000000006
2026-04-14 17:00:00,Corporate Bank,2002889.39,2091065.11,-88175.7200000002
2026-04-14 18:00:00,Corporate Bank,496588.37,1903691.86,-1407103.4900000002
2026-04-14 19:00:00,Corporate Bank,210752.71,617249.3,-406496.5900000001
2026-04-14 20:00:00,Corporate Bank,305288.49,194372.42,110916.06999999998
2026-04-14 21:00:00,Corporate Bank,156183.49,122788.16,33395.32999999999
2026-04-14 22:00:00,Corporate Bank,265581.93,153714.21,111867.72
2026-04-14 23:00:00,Corporate Bank,102560.23,104284.38,-1724.1500000000087
2026-04-15 00:00:00,Corporate Bank,182238.44,122644.92,59593.520000000004
2026-04-15 01:00:00,Corporate Bank,290413.28,164719.27,125694.01000000004
2026-04-15 02:00:00,Corporate Bank,157764.62,212162.63,-54398.01000000001
2026-04-15 03:00:00,Corporate Bank,148367.18,180473.99,-32106.809999999998
2026-04-15 04:00:00,Corporate Bank,137647.32,77655.62,59991.70000000001
2026-04-15 05:00:00,Corporate Bank,531987.18,205842.1,326145.0800000001
2026-04-15 06:00:00,Corporate Bank,835642.86,377776.71,457866.14999999997
2026-04-15 07:00:00,Corporate Bank,2467963.94,1146161.07,1321802.8699999999
2026-04-15 08:00:00,Corporate Bank,3073722.9,3964679.46,-890956.56
2026-04-15 09:00:00,Corporate Bank,8702088.78,2304404.2,6397684.579999999
2026-04-15 10:00:00,Corporate Bank,6829352.07,4388275.29,2441076.7800000003
2026-04-15 11:00:00,Corporate Bank,3668773.41,5519280.14,-1850506.7299999995
2026-04-15 12:00:00,Corporate Bank,2530166.86,2177057.57,353109.29000000004
2026-04-15 13:00:00,Corporate Bank,6967727.52,5145369.24,1822358.2799999993
2026-04-15 14:00:00,Corporate Bank,4368507.01,27205533.38,-22837026.369999997
2026-04-15 15:00:00,Corporate Bank,2994197.35,5721045.78,-2726848.43
2026-04-15 16:00:00,Corporate Bank,1580080.98,3198997.76,-1618916.7799999998
2026-04-15 17:00:00,Corporate Bank,1089918.65,3118295.75,-2028377.1
2026-04-15 18:00:00,Corporate Bank,356922.62,1666904.02,-1309981.4
2026-04-15 19:00:00,Corporate Bank,211369.13,546686.91,-335317.78
2026-04-15 20:00:00,Corporate Bank,217654.6,257179.78,-39525.17999999999
2026-04-15 21:00:00,Corporate Bank,141558.75,180490.61,-38931.859999999986
2026-04-15 22:00:00,Corporate Bank,173834.52,117478.68,56355.84
2026-04-15 23:00:00,Corporate Bank,125583.06,143714.83,-18131.76999999999
2026-04-16 00:00:00,Corporate Bank,159080.64,143291.16,15789.48000000001
2026-04-16 01:00:00,Corporate Bank,277619.22,168284.83,109334.38999999998
2026-04-16 02:00:00,Corporate Bank,140841.22,202493.3,-61652.07999999999
2026-04-16 03:00:00,Corporate Bank,180227.57,109442.3,70785.27
2026-04-16 04:00:00,Corporate Bank,122163.73,148735.27,-26571.539999999994
2026-04-16 05:00:00,Corporate Bank,606647.75,293018.58,313629.17
2026-04-16 06:00:00,Corporate Bank,912399.33,295780.25,616619.08
2026-04-16 07:00:00,Corporate Bank,3479874.25,791026.4,2688847.85
2026-04-16 08:00:00,Corporate Bank,4289997.25,2594137.16,1695860.0899999999
2026-04-16 09:00:00,Corporate Bank,6553298.54,5513001.45,1040297.0899999999
2026-04-16 10:00:00,Corporate Bank,5906585.64,5257707.64,648878.0
2026-04-16 11:00:00,Corporate Bank,3233615.01,6887193.85,-3653578.84
2026-04-16 12:00:00,Corporate Bank,4963453.98,4524426.11,439027.8700000001
2026-04-16 13:00:00,Corporate Bank,3500205.08,4253994.56,-753789.4799999995
2026-04-16 14:00:00,Corporate Bank,6156947.32,4737479.5,1419467.8200000003
2026-04-16 15:00:00,Corporate Bank,3710534.97,8921573.67,-5211038.699999999
2026-04-16 16:00:00,Corporate Bank,2977186.98,3570023.4,-592836.4199999999
2026-04-16 17:00:00,Corporate Bank,1151764.02,1339238.04,-187474.02000000002
2026-04-16 18:00:00,Corporate Bank,560541.48,1957567.96,-1397026.48
2026-04-16 19:00:00,Corporate Bank,184572.84,444390.21,-259817.37000000002
2026-04-16 20:00:00,Corporate Bank,187514.07,247601.17,-60087.100000000006
2026-04-16 21:00:00,Corporate Bank,160547.72,246519.47,-85971.75
2026-04-16 22:00:00,Corporate Bank,132867.15,94121.13,38746.01999999999
2026-04-16 23:00:00,Corporate Bank,153462.99,103192.42,50270.56999999999
2026-04-17 00:00:00,Corporate Bank,162399.9,92781.94,69617.95999999999
2026-04-17 01:00:00,Corporate Bank,129680.42,118202.46,11477.959999999992
2026-04-17 02:00:00,Corporate Bank,150438.05,171168.85,-20730.800000000017
2026-04-17 03:00:00,Corporate Bank,118774.4,175952.59,-57178.19
2026-04-17 04:00:00,Corporate Bank,394942.53,167763.12,227179.41000000003
2026-04-17 05:00:00,Corporate Bank,528293.54,122973.59,405319.95000000007
2026-04-17 06:00:00,Corporate Bank,6562831.29,184871.72,6377959.57
2026-04-17 07:00:00,Corporate Bank,3609141.53,1028968.81,2580172.7199999997
2026-04-17 08:00:00,Corporate Bank,2458286.19,2119180.15,339106.04000000004
2026-04-17 09:00:00,Corporate Bank,2532459.05,4911647.26,-2379188.21
2026-04-17 10:00:00,Corporate Bank,4284384.46,6467912.37,-2183527.91
2026-04-17 11:00:00,Corporate Bank,2449205.21,4818429.16,-2369223.95
2026-04-17 12:00:00,Corporate Bank,3331918.54,4395109.62,-1063191.08
2026-04-17 13:00:00,Corporate Bank,4674929.17,3539819.83,1135109.3399999999
2026-04-17 14:00:00,Corporate Bank,6425825.94,4703419.06,1722406.8800000008
2026-04-17 15:00:00,Corporate Bank,2964648.44,3592234.54,-627586.1000000001
2026-04-17 16:00:00,Corporate Bank,3022247.35,3597493.07,-575245.7199999997
2026-04-17 17:00:00,Corporate Bank,1328711.28,2591379.45,-1262668.1700000002
2026-04-17 18:00:00,Corporate Bank,612876.38,1547413.92,-934537.5399999999
2026-04-17 19:00:00,Corporate Bank,218005.59,452999.26,-234993.67
2026-04-17 20:00:00,Corporate Bank,263624.92,280284.54,-16659.619999999995
2026-04-17 21:00:00,Corporate Bank,153589.32,153672.56,-83.23999999999069
2026-04-17 22:00:00,Corporate Bank,266041.01,146936.1,119104.91
2026-04-17 23:00:00,Corporate Bank,123082.05,192663.53,-69581.48
2026-04-18 00:00:00,Corporate Bank,11696.6,4949.6,6747.0
2026-04-18 01:00:00,Corporate Bank,9195.08,6099.99,3095.09
2026-04-18 02:00:00,Corporate Bank,8503.23,5770.12,2733.1099999999997
2026-04-18 03:00:00,Corporate Bank,11648.48,4479.28,7169.2
2026-04-18 04:00:00,Corporate Bank,10717.28,7559.32,3157.960000000001
2026-04-18 05:00:00,Corporate Bank,10380.37,14114.73,-3734.3599999999988
2026-04-18 06:00:00,Corporate Bank,25203.14,20364.99,4838.149999999998
2026-04-18 07:00:00,Corporate Bank,223164.08,64452.77,158711.31
2026-04-18 08:00:00,Corporate Bank,386318.55,203094.61,183223.94
2026-04-18 09:00:00,Corporate Bank,576538.17,382391.15,194147.02000000002
2026-04-18 10:00:00,Corporate Bank,288256.38,307929.39,-19673.01000000001
2026-04-18 11:00:00,Corporate Bank,150789.82,416295.72,-265505.89999999997
2026-04-18 12:00:00,Corporate Bank,189236.84,215817.92,-26581.080000000016
2026-04-18 13:00:00,Corporate Bank,264618.44,154228.85,110389.59
2026-04-18 14:00:00,Corporate Bank,216249.73,201400.36,14849.370000000024
2026-04-18 15:00:00,Corporate Bank,410409.17,170777.24,239631.93
2026-04-18 16:00:00,Corporate Bank,314916.31,174517.51,140398.8
2026-04-18 17:00:00,Corporate Bank,91626.58,131643.44,-40016.86
2026-04-18 18:00:00,Corporate Bank,33024.2,92374.1,-59349.90000000001
2026-04-18 19:00:00,Corporate Bank,10366.21,51256.02,-40889.81
2026-04-18 20:00:00,Corporate Bank,16611.68,9500.93,7110.75
2026-04-18 21:00:00,Corporate Bank,9726.13,11234.77,-1508.6400000000012
2026-04-18 22:00:00,Corporate Bank,8595.47,6683.8,1911.6699999999992
2026-04-18 23:00:00,Corporate Bank,10814.73,10392.54,422.1899999999987
2026-04-19 00:00:00,Corporate Bank,7851.75,8652.94,-801.1900000000005
2026-04-19 01:00:00,Corporate Bank,9782.86,5196.35,4586.51
2026-04-19 02:00:00,Corporate Bank,6086.23,11891.67,-5805.4400000000005
2026-04-19 03:00:00,Corporate Bank,13351.21,7523.62,5827.589999999999
2026-04-19 04:00:00,Corporate Bank,11362.13,7893.9,3468.2299999999996
2026-04-19 05:00:00,Corporate Bank,32659.83,8178.13,24481.7
2026-04-19 06:00:00,Corporate Bank,59470.96,18228.7,41242.259999999995
2026-04-19 07:00:00,Corporate Bank,146250.47,69059.11,77191.36
2026-04-19 08:00:00,Corporate Bank,185654.89,138397.97,47256.92000000001
2026-04-19 09:00:00,Corporate Bank,411071.17,283365.28,127705.88999999996
2026-04-19 10:00:00,Corporate Bank,222818.33,350439.62,-127621.29000000001
2026-04-19 11:00:00,Corporate Bank,192049.02,412204.1,-220155.08
2026-04-19 12:00:00,Corporate Bank,214688.61,189418.96,25269.649999999994
2026-04-19 13:00:00,Corporate Bank,273480.09,127306.76,146173.33000000002
2026-04-19 14:00:00,Corporate Bank,175338.13,331550.98,-156212.84999999998
2026-04-19 15:00:00,Corporate Bank,233536.98,241066.91,-7529.929999999993
2026-04-19 16:00:00,Corporate Bank,204184.73,318251.82,-114067.09
2026-04-19 17:00:00,Corporate Bank,70862.1,164434.98,-93572.88
2026-04-19 18:00:00,Corporate Bank,30971.9,69785.75,-38813.85
2026-04-19 19:00:00,Corporate Bank,16050.88,33961.75,-17910.870000000003
2026-04-19 20:00:00,Corporate Bank,10058.2,25825.13,-15766.93
2026-04-19 21:00:00,Corporate Bank,6978.05,18620.43,-11642.380000000001
2026-04-19 22:00:00,Corporate Bank,9272.76,9324.67,-51.909999999999854
2026-04-19 23:00:00,Corporate Bank,12613.64,9456.82,3156.8199999999997
2026-04-20 00:00:00,Corporate Bank,113807.42,207163.32,-93355.90000000001
2026-04-20 01:00:00,Corporate Bank,139440.17,116389.4,23050.77000000002
2026-04-20 02:00:00,Corporate Bank,103305.39,165783.15,-62477.759999999995
2026-04-20 03:00:00,Corporate Bank,213002.96,149186.83,63816.130000000005
2026-04-20 04:00:00,Corporate Bank,190054.88,169667.94,20386.940000000002
2026-04-20 05:00:00,Corporate Bank,297929.41,146318.94,151610.46999999997
2026-04-20 06:00:00,Corporate Bank,1082381.98,229481.63,852900.35
2026-04-20 07:00:00,Corporate Bank,1769604.36,543544.36,1226060.0
2026-04-20 08:00:00,Corporate Bank,3264777.2,1746033.89,1518743.3100000003
2026-04-20 09:00:00,Corporate Bank,3519977.68,3729190.03,-209212.34999999963
2026-04-20 10:00:00,Corporate Bank,3506892.92,4798531.0,-1291638.08
2026-04-20 11:00:00,Corporate Bank,5565206.47,8265951.88,-2700745.41
2026-04-20 12:00:00,Corporate Bank,2870810.62,4875636.01,-2004825.3899999997
2026-04-20 13:00:00,Corporate Bank,5055033.89,2476100.85,2578933.0399999996
2026-04-20 14:00:00,Corporate Bank,3793580.89,4453021.38,-659440.4899999998
2026-04-20 15:00:00,Corporate Bank,5238827.82,3927695.83,1311131.9900000002
2026-04-20 16:00:00,Corporate Bank,1970499.18,3486197.17,-1515697.99
2026-04-20 17:00:00,Corporate Bank,1338649.11,2582492.99,-1243843.8800000001
2026-04-20 18:00:00,Corporate Bank,561025.21,1456706.25,-895681.04
2026-04-20 19:00:00,Corporate Bank,512240.31,460464.29,51776.02000000002
2026-04-20 20:00:00,Corporate Bank,210337.71,329840.96,-119503.25000000003
2026-04-20 21:00:00,Corporate Bank,132616.79,118154.64,14462.150000000009
2026-04-20 22:00:00,Corporate Bank,191887.73,152499.63,39388.100000000006
2026-04-20 23:00:00,Corporate Bank,296314.13,327468.45,-31154.320000000007
2026-04-21 00:00:00,Corporate Bank,589936.4,160382.14,429554.26
2026-04-21 01:00:00,Corporate Bank,121174.98,230581.44,-109406.46
2026-04-21 02:00:00,Corporate Bank,145635.9,154194.62,-8558.720000000001
2026-04-21 03:00:00,Corporate Bank,141707.49,178965.2,-37257.71000000002
2026-04-21 04:00:00,Corporate Bank,176830.8,895598.24,-718767.44
2026-04-21 05:00:00,Corporate Bank,259990.94,178515.8,81475.14000000001
2026-04-21 06:00:00,Corporate Bank,1604273.95,292612.3,1311661.65
2026-04-21 07:00:00,Corporate Bank,1657074.14,1151817.9,505256.24
2026-04-21 08:00:00,Corporate Bank,4191993.26,1890990.84,2301002.42
2026-04-21 09:00:00,Corporate Bank,7465137.76,5225075.33,2240062.4299999997
2026-04-21 10:00:00,Corporate Bank,4786065.87,7256179.19,-2470113.3200000003
2026-04-21 11:00:00,Corporate Bank,2760783.62,5159991.68,-2399208.0599999996
2026-04-21 12:00:00,Corporate Bank,2386737.18,3210985.59,-824248.4099999997
2026-04-21 13:00:00,Corporate Bank,4102174.75,3786727.13,315447.6200000001
2026-04-21 14:00:00,Corporate Bank,3884879.45,3657092.29,227787.16000000015
2026-04-21 15:00:00,Corporate Bank,4436239.14,5875790.24,-1439551.1000000006
2026-04-21 16:00:00,Corporate Bank,1760637.85,14509139.41,-12748501.56
2026-04-21 17:00:00,Corporate Bank,1688437.12,2208857.25,-520420.1299999999
2026-04-21 18:00:00,Corporate Bank,571677.67,665765.99,-94088.31999999995
2026-04-21 19:00:00,Corporate Bank,269725.07,325543.02,-55817.95000000001
2026-04-21 20:00:00,Corporate Bank,268247.44,360904.65,-92657.21000000002
2026-04-21 21:00:00,Corporate Bank,138933.61,217702.89,-78769.28000000003
2026-04-21 22:00:00,Corporate Bank,125668.91,122660.01,3008.9000000000087
2026-04-21 23:00:00,Corporate Bank,132374.99,95711.51,36663.479999999996
2026-04-22 00:00:00,Corporate Bank,147245.69,61637.89,85607.8
2026-04-22 01:00:00,Corporate Bank,151819.26,127433.05,24386.210000000006
2026-04-22 02:00:00,Corporate Bank,121871.8,310096.65,-188224.85000000003
2026-04-22 03:00:00,Corporate Bank,87528.63,171301.22,-83772.59
2026-04-22 04:00:00,Corporate Bank,165131.42,130555.58,34575.84000000001
2026-04-22 05:00:00,Corporate Bank,428317.25,216009.73,212307.52
2026-04-22 06:00:00,Corporate Bank,1096761.74,231459.69,865302.05
2026-04-22 07:00:00,Corporate Bank,3638976.29,925939.91,2713036.38
2026-04-22 08:00:00,Corporate Bank,8003557.61,2515333.37,5488224.24
2026-04-22 09:00:00,Corporate Bank,6850316.38,4170197.72,2680118.6599999997
2026-04-22 10:00:00,Corporate Bank,7312026.09,6642637.79,669388.2999999998
2026-04-22 11:00:00,Corporate Bank,4661629.66,5126222.91,-464593.25
2026-04-22 12:00:00,Corporate Bank,5974495.81,4275710.78,1698785.0299999993
2026-04-22 13:00:00,Corporate Bank,68611796.82,2688008.9,65923787.919999994
2026-04-22 14:00:00,Corporate Bank,6485379.75,5252031.3,1233348.4500000002
2026-04-22 15:00:00,Corporate Bank,5155951.58,7234472.92,-2078521.3399999999
2026-04-22 16:00:00,Corporate Bank,2520713.14,2837932.52,-317219.3799999999
2026-04-22 17:00:00,Corporate Bank,1306682.41,1871703.19,-565020.78
2026-04-22 18:00:00,Corporate Bank,498976.63,1806085.61,-1307108.98
2026-04-22 19:00:00,Corporate Bank,306993.86,481357.22,-174363.36
2026-04-22 20:00:00,Corporate Bank,140257.83,365257.12,-224999.29
2026-04-22 21:00:00,Corporate Bank,149605.67,145738.67,3867.0
2026-04-22 22:00:00,Corporate Bank,77080.08,235514.89,-158434.81
2026-04-22 23:00:00,Corporate Bank,261620.44,156262.2,105358.23999999999
2026-04-23 00:00:00,Corporate Bank,146016.28,162082.27,-16065.98999999999
2026-04-23 01:00:00,Corporate Bank,178869.12,239859.94,-60990.82000000001
2026-04-23 02:00:00,Corporate Bank,242139.73,134589.36,107550.37000000002
2026-04-23 03:00:00,Corporate Bank,175735.41,113366.01,62369.40000000001
2026-04-23 04:00:00,Corporate Bank,301365.39,134976.61,166388.78000000003
2026-04-23 05:00:00,Corporate Bank,264911.32,215185.31,49726.01000000001
2026-04-23 06:00:00,Corporate Bank,2161273.1,231126.58,1930146.52
2026-04-23 07:00:00,Corporate Bank,3518269.05,1225675.77,2292593.28
2026-04-23 08:00:00,Corporate Bank,4739828.38,2077012.8,2662815.58
2026-04-23 09:00:00,Corporate Bank,8364683.58,6038390.14,2326293.4400000004
2026-04-23 10:00:00,Corporate Bank,3401354.53,2554839.02,846515.5099999998
2026-04-23 11:00:00,Corporate Bank,3396509.71,3651017.2,-254507.49000000022
2026-04-23 12:00:00,Corporate Bank,5516839.01,2109629.0,3407210.01
2026-04-23 13:00:00,Corporate Bank,2510291.71,2579107.94,-68816.22999999998
2026-04-23 14:00:00,Corporate Bank,5768073.58,4321359.55,1446714.0300000003
2026-04-23 15:00:00,Corporate Bank,4893415.37,4205564.1,687851.2700000005
2026-04-23 16:00:00,Corporate Bank,4839828.32,3518755.54,1321072.7800000003
2026-04-23 17:00:00,Corporate Bank,822839.57,2328913.97,-1506074.4000000004
2026-04-23 18:00:00,Corporate Bank,894978.57,1285879.64,-390901.06999999995
2026-04-23 19:00:00,Corporate Bank,215424.62,376701.1,-161276.47999999998
2026-04-23 20:00:00,Corporate Bank,152243.92,296340.76,-144096.84
2026-04-23 21:00:00,Corporate Bank,109808.02,203034.43,-93226.40999999999
2026-04-23 22:00:00,Corporate Bank,112735.03,170847.59,-58112.56
2026-04-23 23:00:00,Corporate Bank,176095.16,177514.03,-1418.8699999999953
2026-04-24 00:00:00,Corporate Bank,111738.46,163949.89,-52211.43000000001
2026-04-24 01:00:00,Corporate Bank,194817.95,276210.09,-81392.14000000001
2026-04-24 02:00:00,Corporate Bank,128161.24,146149.67,-17988.430000000008
2026-04-24 03:00:00,Corporate Bank,111606.73,137116.82,-25510.09000000001
2026-04-24 04:00:00,Corporate Bank,166780.34,123175.78,43604.56
2026-04-24 05:00:00,Corporate Bank,425356.92,137843.72,287513.19999999995
2026-04-24 06:00:00,Corporate Bank,968776.34,254512.95,714263.3899999999
2026-04-24 07:00:00,Corporate Bank,2565360.71,775390.8,1789969.91
2026-04-24 08:00:00,Corporate Bank,5485468.03,2390154.45,3095313.58
2026-04-24 09:00:00,Corporate Bank,7547535.93,4730742.58,2816793.3499999996
2026-04-24 10:00:00,Corporate Bank,4400576.77,5320726.87,-920150.1000000006
2026-04-24 11:00:00,Corporate Bank,2707609.67,3674124.83,-966515.1600000001
2026-04-24 12:00:00,Corporate Bank,3659616.2,4583706.35,-924090.1499999994
2026-04-24 13:00:00,Corporate Bank,48136071.84,4125289.59,44010782.25
2026-04-24 14:00:00,Corporate Bank,3145532.63,3824301.36,-678768.73
2026-04-24 15:00:00,Corporate Bank,3193300.95,3648446.93,-455145.98
2026-04-24 16:00:00,Corporate Bank,2160534.05,4475638.55,-2315104.5
2026-04-24 17:00:00,Corporate Bank,1243022.54,2584545.29,-1341522.75
2026-04-24 18:00:00,Corporate Bank,439483.55,783478.53,-343994.98000000004
2026-04-24 19:00:00,Corporate Bank,314997.43,499505.58,-184508.15000000002
2026-04-24 20:00:00,Corporate Bank,107559.79,259320.79,-151761.0
2026-04-24 21:00:00,Corporate Bank,98634.32,127061.01,-28426.689999999988
2026-04-24 22:00:00,Corporate Bank,141348.59,161130.32,-19781.73000000001
2026-04-24 23:00:00,Corporate Bank,148008.83,97090.43,50918.399999999994
2026-04-25 00:00:00,Corporate Bank,6049.99,13437.92,-7387.93
2026-04-25 01:00:00,Corporate Bank,7803.29,13086.93,-5283.64
2026-04-25 02:00:00,Corporate Bank,8318.28,8344.42,-26.139999999999418
2026-04-25 03:00:00,Corporate Bank,8563.35,10060.17,-1496.8199999999997
2026-04-25 04:00:00,Corporate Bank,12270.21,4496.43,7773.779999999999
2026-04-25 05:00:00,Corporate Bank,18916.45,7968.41,10948.04
2026-04-25 06:00:00,Corporate Bank,98413.69,20310.72,78102.97
2026-04-25 07:00:00,Corporate Bank,176380.22,44033.72,132346.5
2026-04-25 08:00:00,Corporate Bank,209652.35,181494.55,28157.800000000017
2026-04-25 09:00:00,Corporate Bank,336700.13,467466.26,-130766.13
2026-04-25 10:00:00,Corporate Bank,300760.23,220881.74,79878.48999999999
2026-04-25 11:00:00,Corporate Bank,319927.31,215741.53,104185.78
2026-04-25 12:00:00,Corporate Bank,179246.11,225299.72,-46053.610000000015
2026-04-25 13:00:00,Corporate Bank,331976.17,321498.16,10478.01000000001
2026-04-25 14:00:00,Corporate Bank,296219.79,166817.86,129401.93
2026-04-25 15:00:00,Corporate Bank,391526.1,286928.15,104597.94999999995
2026-04-25 16:00:00,Corporate Bank,236920.23,393411.0,-156490.77
2026-04-25 17:00:00,Corporate Bank,84211.45,89297.57,-5086.12000000001
2026-04-25 18:00:00,Corporate Bank,30624.95,49424.7,-18799.749999999996
2026-04-25 19:00:00,Corporate Bank,17796.88,26937.52,-9140.64
2026-04-25 20:00:00,Corporate Bank,9895.11,12303.3,-2408.1899999999987
2026-04-25 21:00:00,Corporate Bank,15737.03,12742.53,2994.5
2026-04-25 22:00:00,Corporate Bank,9597.73,9819.28,-221.5500000000011
2026-04-25 23:00:00,Corporate Bank,8288.46,5291.97,2996.489999999999
2026-04-26 00:00:00,Corporate Bank,8154.46,10504.96,-2350.499999999999
2026-04-26 01:00:00,Corporate Bank,6505.57,7568.29,-1062.7200000000003
2026-04-26 02:00:00,Corporate Bank,11086.59,13192.95,-2106.3600000000006
2026-04-26 03:00:00,Corporate Bank,7534.39,7472.81,61.57999999999993
2026-04-26 04:00:00,Corporate Bank,16298.19,7654.36,8643.830000000002
2026-04-26 05:00:00,Corporate Bank,15652.42,13259.68,2392.74
2026-04-26 06:00:00,Corporate Bank,65627.94,27887.0,37740.94
2026-04-26 07:00:00,Corporate Bank,215131.13,69479.06,145652.07
2026-04-26 08:00:00,Corporate Bank,140037.55,88343.04,51694.509999999995
2026-04-26 09:00:00,Corporate Bank,599633.68,301734.82,297898.86000000004
2026-04-26 10:00:00,Corporate Bank,255066.22,230515.81,24550.410000000003
2026-04-26 11:00:00,Corporate Bank,231830.38,297645.43,-65815.04999999999
2026-04-26 12:00:00,Corporate Bank,254756.77,136958.34,117798.43
2026-04-26 13:00:00,Corporate Bank,327897.25,226683.24,101214.01000000001
2026-04-26 14:00:00,Corporate Bank,317573.91,188978.87,128595.03999999998
2026-04-26 15:00:00,Corporate Bank,337578.34,181223.41,156354.93000000002
2026-04-26 16:00:00,Corporate Bank,187950.25,282198.65,-94248.40000000002
2026-04-26 17:00:00,Corporate Bank,134626.13,157589.8,-22963.669999999984
2026-04-26 18:00:00,Corporate Bank,38752.61,60375.18,-21622.57
2026-04-26 19:00:00,Corporate Bank,27561.84,47273.78,-19711.94
2026-04-26 20:00:00,Corporate Bank,13687.73,12601.91,1085.8199999999997
2026-04-26 21:00:00,Corporate Bank,5530.06,10082.46,-4552.399999999999
2026-04-26 22:00:00,Corporate Bank,20518.27,9899.89,10618.380000000001
2026-04-26 23:00:00,Corporate Bank,7879.42,7484.09,395.3299999999999
2026-04-27 00:00:00,Corporate Bank,244330.96,172772.6,71558.35999999999
2026-04-27 01:00:00,Corporate Bank,157278.52,127817.58,29460.939999999988
2026-04-27 02:00:00,Corporate Bank,214971.63,132590.84,82380.79000000001
2026-04-27 03:00:00,Corporate Bank,130627.24,226274.99,-95647.74999999999
2026-04-27 04:00:00,Corporate Bank,235743.35,113012.11,122731.24
2026-04-27 05:00:00,Corporate Bank,356366.36,91100.68,265265.68
2026-04-27 06:00:00,Corporate Bank,1690772.29,599427.08,1091345.21
2026-04-27 07:00:00,Corporate Bank,2896307.1,2175045.22,721261.8799999999
2026-04-27 08:00:00,Corporate Bank,5894519.22,2161886.73,3732632.4899999998
2026-04-27 09:00:00,Corporate Bank,2849865.06,2393465.3,456399.76000000024
2026-04-27 10:00:00,Corporate Bank,4707196.02,4773702.04,-66506.02000000048
2026-04-27 11:00:00,Corporate Bank,4189151.89,4242313.09,-53161.19999999972
2026-04-27 12:00:00,Corporate Bank,3825213.97,3305128.64,520085.3300000001
2026-04-27 13:00:00,Corporate Bank,5864188.94,2366225.35,3497963.5900000003
2026-04-27 14:00:00,Corporate Bank,4368543.03,4773780.91,-405237.8799999999
2026-04-27 15:00:00,Corporate Bank,4232842.62,5194127.36,-961284.7400000002
2026-04-27 16:00:00,Corporate Bank,3820875.3,2424921.06,1395954.2399999998
2026-04-27 17:00:00,Corporate Bank,667835.03,3012940.56,-2345105.5300000003
2026-04-27 18:00:00,Corporate Bank,658994.78,2239453.92,-1580459.14
2026-04-27 19:00:00,Corporate Bank,230508.29,536786.78,-306278.49
2026-04-27 20:00:00,Corporate Bank,132408.44,216644.46,-84236.01999999999
2026-04-27 21:00:00,Corporate Bank,175264.83,913005.93,-737741.1000000001
2026-04-27 22:00:00,Corporate Bank,225795.83,183064.31,42731.51999999999
2026-04-27 23:00:00,Corporate Bank,213089.22,89379.21,123710.01
2026-04-28 00:00:00,Corporate Bank,149803.82,157583.05,-7779.229999999981
2026-04-28 01:00:00,Corporate Bank,202897.82,133419.81,69478.01000000001
2026-04-28 02:00:00,Corporate Bank,202876.89,261153.15,-58276.25999999998
2026-04-28 03:00:00,Corporate Bank,156441.18,142694.56,13746.619999999995
2026-04-28 04:00:00,Corporate Bank,158712.78,254687.43,-95974.65
2026-04-28 05:00:00,Corporate Bank,317775.85,134919.35,182856.49999999997
2026-04-28 06:00:00,Corporate Bank,1353698.5,440923.32,912775.1799999999
2026-04-28 07:00:00,Corporate Bank,2507263.75,1114127.01,1393136.74
2026-04-28 08:00:00,Corporate Bank,3252375.05,1881083.48,1371291.5699999998
2026-04-28 09:00:00,Corporate Bank,3290487.92,4513227.27,-1222739.3499999996
2026-04-28 10:00:00,Corporate Bank,6198539.16,7538497.99,-1339958.83
2026-04-28 11:00:00,Corporate Bank,3143381.98,4194768.0,-1051386.02
2026-04-28 12:00:00,Corporate Bank,3949726.2,2106154.46,1843571.7400000002
2026-04-28 13:00:00,Corporate Bank,6375286.89,3287224.43,3088062.4599999995
2026-04-28 14:00:00,Corporate Bank,3292092.83,3060393.08,231699.75
2026-04-28 15:00:00,Corporate Bank,4115237.04,4004721.9,110515.14000000013
2026-04-28 16:00:00,Corporate Bank,2546967.05,3704855.76,-1157888.71
2026-04-28 17:00:00,Corporate Bank,1482626.92,1464423.79,18203.12999999989
2026-04-28 18:00:00,Corporate Bank,800837.82,745074.59,55763.22999999998
2026-04-28 19:00:00,Corporate Bank,170991.99,589121.77,-418129.78
2026-04-28 20:00:00,Corporate Bank,206546.63,204924.07,1622.5599999999977
2026-04-28 21:00:00,Corporate Bank,215894.96,77103.79,138791.16999999998
2026-04-28 22:00:00,Corporate Bank,147744.24,192618.91,-44874.67000000001
2026-04-28 23:00:00,Corporate Bank,149715.03,163008.2,-13293.170000000013
2026-04-29 00:00:00,Corporate Bank,176866.52,121082.6,55783.919999999984
2026-04-29 01:00:00,Corporate Bank,173023.14,101047.5,71975.64000000001
2026-04-29 02:00:00,Corporate Bank,186211.8,192770.79,-6558.99000000002
2026-04-29 03:00:00,Corporate Bank,190047.8,166961.53,23086.26999999999
2026-04-29 04:00:00,Corporate Bank,145536.75,315592.38,-170055.63
2026-04-29 05:00:00,Corporate Bank,517493.22,213120.12,304373.1
2026-04-29 06:00:00,Corporate Bank,1494093.13,415301.26,1078791.8699999999
2026-04-29 07:00:00,Corporate Bank,2684946.84,962879.21,1722067.63
2026-04-29 08:00:00,Corporate Bank,2843380.3,3119257.1,-275876.8000000003
2026-04-29 09:00:00,Corporate Bank,5270214.14,5161974.73,108239.40999999922
2026-04-29 10:00:00,Corporate Bank,5119649.47,7627688.18,-2508038.71
2026-04-29 11:00:00,Corporate Bank,2627289.59,3953410.68,-1326121.0900000003
2026-04-29 12:00:00,Corporate Bank,3210698.5,3070468.96,140229.54000000004
2026-04-29 13:00:00,Corporate Bank,2879757.83,2862173.98,17583.850000000093
2026-04-29 14:00:00,Corporate Bank,5849688.96,5086097.36,763591.5999999996
2026-04-29 15:00:00,Corporate Bank,4384274.86,50454020.32,-46069745.46
2026-04-29 16:00:00,Corporate Bank,1636200.12,3308412.64,-1672212.52
2026-04-29 17:00:00,Corporate Bank,1470102.4,2150553.81,-680451.4100000001
2026-04-29 18:00:00,Corporate Bank,542917.72,1329296.33,-786378.6100000001
2026-04-29 19:00:00,Corporate Bank,297488.79,473562.74,-176073.95
2026-04-29 20:00:00,Corporate Bank,154798.93,318961.76,-164162.83000000002
2026-04-29 21:00:00,Corporate Bank,124572.89,84693.82,39879.06999999999
2026-04-29 22:00:00,Corporate Bank,123982.74,118777.14,5205.600000000006
2026-04-29 23:00:00,Corporate Bank,132756.51,118790.89,13965.62000000001
2026-04-30 00:00:00,Corporate Bank,156884.21,74778.36,82105.84999999999
2026-04-30 01:00:00,Corporate Bank,163100.69,112342.05,50758.64
2026-04-30 02:00:00,Corporate Bank,147667.48,114001.62,33665.860000000015
2026-04-30 03:00:00,Corporate Bank,141442.83,141546.3,-103.47000000000116
2026-04-30 04:00:00,Corporate Bank,175844.37,215629.25,-39784.880000000005
2026-04-30 05:00:00,Corporate Bank,815852.77,174562.21,641290.56
2026-04-30 06:00:00,Corporate Bank,835493.19,271360.75,564132.44
2026-04-30 07:00:00,Corporate Bank,2147800.85,995176.38,1152624.4700000002
2026-04-30 08:00:00,Corporate Bank,11957951.01,3344489.92,8613461.09
2026-04-30 09:00:00,Corporate Bank,6189155.81,24815488.54,-18626332.73
2026-04-30 10:00:00,Corporate Bank,3192390.5,3987222.37,-794831.8700000001
2026-04-30 11:00:00,Corporate Bank,4769011.13,5465962.54,-696951.4100000001
2026-04-30 12:00:00,Corporate Bank,2722412.04,3273932.01,-551519.9699999997
2026-04-30 13:00:00,Corporate Bank,5773251.68,4013075.18,1760176.4999999995
2026-04-30 14:00:00,Corporate Bank,4576397.61,3995530.08,580867.5300000003
2026-04-30 15:00:00,Corporate Bank,3655741.32,5477646.38,-1821905.06
2026-04-30 16:00:00,Corporate Bank,4344284.16,2783188.53,1561095.6300000004
2026-04-30 17:00:00,Corporate Bank,1568018.95,2433990.56,-865971.6100000001
2026-04-30 18:00:00,Corporate Bank,739376.52,1135666.33,-396289.81000000006
2026-04-30 19:00:00,Corporate Bank,290303.86,353981.83,-63677.97000000003
2026-04-30 20:00:00,Corporate Bank,152361.11,149966.47,2394.639999999985
2026-04-30 21:00:00,Corporate Bank,190326.53,204445.3,-14118.76999999999
2026-04-30 22:00:00,Corporate Bank,224563.92,136999.15,87564.77000000002
2026-04-30 23:00:00,Corporate Bank,162453.08,110543.1,51909.97999999998
2026-05-01 00:00:00,Corporate Bank,267830.22,145733.81,122096.40999999997
2026-05-01 01:00:00,Corporate Bank,201366.45,210407.36,-9040.909999999974
2026-05-01 02:00:00,Corporate Bank,166629.66,75681.83,90947.83
2026-05-01 03:00:00,Corporate Bank,173181.03,749933.58,-576752.5499999999
2026-05-01 04:00:00,Corporate Bank,203606.96,117073.84,86533.12
2026-05-01 05:00:00,Corporate Bank,264157.32,291241.56,-27084.23999999999
2026-05-01 06:00:00,Corporate Bank,1024764.48,402409.14,622355.34
2026-05-01 07:00:00,Corporate Bank,2713371.64,1274362.74,1439008.9000000001
2026-05-01 08:00:00,Corporate Bank,3929116.71,1734143.84,2194972.87
2026-05-01 09:00:00,Corporate Bank,6036339.67,3058525.33,2977814.34
2026-05-01 10:00:00,Corporate Bank,4860573.61,5993115.66,-1132542.0499999998
2026-05-01 11:00:00,Corporate Bank,4671313.89,4704209.97,-32896.080000000075
2026-05-01 12:00:00,Corporate Bank,4364325.48,4125033.72,239291.76000000024
2026-05-01 13:00:00,Corporate Bank,4621239.72,3123677.9,1497561.8199999998
2026-05-01 14:00:00,Corporate Bank,3235025.97,4361052.43,-1126026.4599999995
2026-05-01 15:00:00,Corporate Bank,7138155.95,4653465.2,2484690.75
2026-05-01 16:00:00,Corporate Bank,2569070.61,4794411.05,-2225340.44
2026-05-01 17:00:00,Corporate Bank,1291270.56,3111982.54,-1820711.98
2026-05-01 18:00:00,Corporate Bank,498276.03,744133.34,-245857.30999999994
2026-05-01 19:00:00,Corporate Bank,220066.28,259779.26,-39712.98000000001
2026-05-01 20:00:00,Corporate Bank,276664.12,323752.31,-47088.19
2026-05-01 21:00:00,Corporate Bank,240122.25,237672.41,2449.8399999999965
2026-05-01 22:00:00,Corporate Bank,178522.35,112064.38,66457.97
2026-05-01 23:00:00,Corporate Bank,151066.14,85982.09,65084.05000000002
2026-05-02 00:00:00,Corporate Bank,11270.46,9271.41,1999.0499999999993
2026-05-02 01:00:00,Corporate Bank,9570.72,11899.31,-2328.59
2026-05-02 02:00:00,Corporate Bank,8861.37,15434.84,-6573.469999999999
2026-05-02 03:00:00,Corporate Bank,10664.42,10532.2,132.21999999999935
2026-05-02 04:00:00,Corporate Bank,10270.36,8287.47,1982.8900000000012
2026-05-02 05:00:00,Corporate Bank,24883.0,8623.14,16259.86
2026-05-02 06:00:00,Corporate Bank,67161.17,22258.37,44902.8
2026-05-02 07:00:00,Corporate Bank,182556.81,55524.05,127032.76
2026-05-02 08:00:00,Corporate Bank,221814.99,108027.55,113787.43999999999
2026-05-02 09:00:00,Corporate Bank,404997.21,474738.87,-69741.65999999997
2026-05-02 10:00:00,Corporate Bank,220790.73,537088.23,-316297.5
2026-05-02 11:00:00,Corporate Bank,187149.43,389995.31,-202845.88
2026-05-02 12:00:00,Corporate Bank,183130.13,159260.62,23869.51000000001
2026-05-02 13:00:00,Corporate Bank,191185.86,256252.37,-65066.51000000001
2026-05-02 14:00:00,Corporate Bank,396725.29,291634.93,105090.35999999999
2026-05-02 15:00:00,Corporate Bank,187141.77,304078.13,-116936.36000000002
2026-05-02 16:00:00,Corporate Bank,130422.76,331412.82,-200990.06
2026-05-02 17:00:00,Corporate Bank,115683.67,177347.91,-61664.240000000005
2026-05-02 18:00:00,Corporate Bank,27919.49,90629.1,-62709.61
2026-05-02 19:00:00,Corporate Bank,14448.62,37027.99,-22579.369999999995
2026-05-02 20:00:00,Corporate Bank,7710.38,15931.24,-8220.86
2026-05-02 21:00:00,Corporate Bank,12204.56,5847.89,6356.669999999999
2026-05-02 22:00:00,Corporate Bank,12085.49,9364.59,2720.8999999999996
2026-05-02 23:00:00,Corporate Bank,11684.24,7627.97,4056.2699999999995
2026-05-03 00:00:00,Corporate Bank,10997.95,6130.48,4867.470000000001
2026-05-03 01:00:00,Corporate Bank,9570.12,14906.15,-5336.029999999999
2026-05-03 02:00:00,Corporate Bank,8016.13,15120.44,-7104.31
2026-05-03 03:00:00,Corporate Bank,7545.79,13562.57,-6016.78
2026-05-03 04:00:00,Corporate Bank,17263.27,10002.39,7260.880000000001
2026-05-03 05:00:00,Corporate Bank,29018.89,16904.44,12114.45
2026-05-03 06:00:00,Corporate Bank,51307.54,22262.38,29045.16
2026-05-03 07:00:00,Corporate Bank,154181.45,64549.66,89631.79000000001
2026-05-03 08:00:00,Corporate Bank,244093.22,105516.28,138576.94
2026-05-03 09:00:00,Corporate Bank,233311.87,289233.87,-55922.0
2026-05-03 10:00:00,Corporate Bank,305638.85,320130.15,-14491.300000000047
2026-05-03 11:00:00,Corporate Bank,196179.41,187639.86,8539.550000000017
2026-05-03 12:00:00,Corporate Bank,161275.41,206735.04,-45459.630000000005
2026-05-03 13:00:00,Corporate Bank,169206.83,193589.15,-24382.320000000007
2026-05-03 14:00:00,Corporate Bank,182985.03,412766.97,-229781.93999999997
2026-05-03 15:00:00,Corporate Bank,223889.89,348202.77,-124312.88
2026-05-03 16:00:00,Corporate Bank,156793.17,228582.88,-71789.70999999999
2026-05-03 17:00:00,Corporate Bank,61047.17,157927.85,-96880.68000000001
2026-05-03 18:00:00,Corporate Bank,40274.62,73555.1,-33280.48
2026-05-03 19:00:00,Corporate Bank,14989.91,28781.36,-13791.45
2026-05-03 20:00:00,Corporate Bank,12419.18,10394.91,2024.2700000000004
2026-05-03 21:00:00,Corporate Bank,8998.44,9543.4,-544.9599999999991
2026-05-03 22:00:00,Corporate Bank,7402.74,7301.07,101.67000000000007
2026-05-03 23:00:00,Corporate Bank,9687.07,6194.02,3493.0499999999993
2026-05-04 00:00:00,Corporate Bank,941978.74,174862.85,767115.89
2026-05-04 01:00:00,Corporate Bank,183426.08,168682.66,14743.419999999984
2026-05-04 02:00:00,Corporate Bank,118041.26,87772.41,30268.84999999999
2026-05-04 03:00:00,Corporate Bank,211528.82,144915.8,66613.02000000002
2026-05-04 04:00:00,Corporate Bank,176528.73,208175.44,-31646.709999999992
2026-05-04 05:00:00,Corporate Bank,528835.03,258156.63,270678.4
2026-05-04 06:00:00,Corporate Bank,751786.81,502926.63,248860.18000000005
2026-05-04 07:00:00,Corporate Bank,2071980.99,1024213.53,1047767.46
2026-05-04 08:00:00,Corporate Bank,4990422.95,1894677.25,3095745.7
2026-05-04 09:00:00,Corporate Bank,7749620.19,3091585.28,4658034.91
2026-05-04 10:00:00,Corporate Bank,7962530.75,5810396.29,2152134.46
2026-05-04 11:00:00,Corporate Bank,3749950.58,40424475.38,-36674524.800000004
2026-05-04 12:00:00,Corporate Bank,6208092.13,5148224.41,1059867.7199999997
2026-05-04 13:00:00,Corporate Bank,4029400.7,4596551.34,-567150.6399999997
2026-05-04 14:00:00,Corporate Bank,6779010.25,3855889.41,2923120.84
2026-05-04 15:00:00,Corporate Bank,3144275.04,3055412.65,88862.39000000013
2026-05-04 16:00:00,Corporate Bank,3040955.14,3450049.85,-409094.70999999996
2026-05-04 17:00:00,Corporate Bank,655330.68,2607330.42,-1951999.7399999998
2026-05-04 18:00:00,Corporate Bank,394426.64,1138602.44,-744175.7999999999
2026-05-04 19:00:00,Corporate Bank,293082.84,428651.67,-135568.82999999996
2026-05-04 20:00:00,Corporate Bank,117431.5,258609.85,-141178.35
2026-05-04 21:00:00,Corporate Bank,180083.34,143077.79,37005.54999999999
2026-05-04 22:00:00,Corporate Bank,205066.28,126070.42,78995.86
2026-05-04 23:00:00,Corporate Bank,134232.28,164930.71,-30698.429999999993
2026-05-05 00:00:00,Corporate Bank,116649.6,132958.58,-16308.979999999981
2026-05-05 01:00:00,Corporate Bank,135331.08,161397.63,-26066.550000000017
2026-05-05 02:00:00,Corporate Bank,117030.58,162832.28,-45801.7
2026-05-05 03:00:00,Corporate Bank,155792.88,106818.33,48974.55
2026-05-05 04:00:00,Corporate Bank,201471.42,133659.89,67811.53
2026-05-05 05:00:00,Corporate Bank,350763.93,289204.04,61559.890000000014
2026-05-05 06:00:00,Corporate Bank,1739838.41,260882.31,1478956.0999999999
2026-05-05 07:00:00,Corporate Bank,2046262.41,536469.66,1509792.75
2026-05-05 08:00:00,Corporate Bank,6757615.8,1396555.1,5361060.699999999
2026-05-05 09:00:00,Corporate Bank,3991323.72,4316852.85,-325529.1299999994
2026-05-05 10:00:00,Corporate Bank,4936208.28,5288541.45,-352333.1699999999
2026-05-05 11:00:00,Corporate Bank,5281786.72,4462424.77,819361.9500000002
2026-05-05 12:00:00,Corporate Bank,5022546.52,5036490.43,-13943.910000000149
2026-05-05 13:00:00,Corporate Bank,3874589.22,1482103.09,2392486.13
2026-05-05 14:00:00,Corporate Bank,5758757.5,4517914.33,1240843.17
2026-05-05 15:00:00,Corporate Bank,4733152.05,7089450.84,-2356298.79
2026-05-05 16:00:00,Corporate Bank,2279895.82,2706852.25,-426956.43000000017
2026-05-05 17:00:00,Corporate Bank,1591500.98,2179761.7,-588260.7200000002
2026-05-05 18:00:00,Corporate Bank,965511.59,965179.66,331.9299999999348
2026-05-05 19:00:00,Corporate Bank,293524.9,389829.33,-96304.43
2026-05-05 20:00:00,Corporate Bank,206333.48,217364.69,-11031.209999999992
2026-05-05 21:00:00,Corporate Bank,193829.97,255397.55,-61567.57999999999
2026-05-05 22:00:00,Corporate Bank,100796.42,264139.26,-163342.84000000003
2026-05-05 23:00:00,Corporate Bank,179116.28,135816.92,43299.359999999986
2026-05-06 00:00:00,Corporate Bank,114988.56,265643.04,-150654.47999999998
2026-05-06 01:00:00,Corporate Bank,130714.31,151610.2,-20895.890000000014
2026-05-06 02:00:00,Corporate Bank,299095.08,253881.3,45213.78000000003
2026-05-06 03:00:00,Corporate Bank,148846.12,146198.99,2647.1300000000047
2026-05-06 04:00:00,Corporate Bank,156486.25,160611.45,-4125.200000000012
2026-05-06 05:00:00,Corporate Bank,543316.08,209650.47,333665.61
2026-05-06 06:00:00,Corporate Bank,792297.26,959439.58,-167142.31999999995
2026-05-06 07:00:00,Corporate Bank,2220228.94,1306872.32,913356.6199999999
2026-05-06 08:00:00,Corporate Bank,6475046.78,1974633.37,4500413.41
2026-05-06 09:00:00,Corporate Bank,5525230.56,5722999.21,-197768.65000000037
2026-05-06 10:00:00,Corporate Bank,3023106.96,4700728.73,-1677621.7700000005
2026-05-06 11:00:00,Corporate Bank,4360251.31,3991034.58,369216.7299999995
2026-05-06 12:00:00,Corporate Bank,3175897.18,4595295.01,-1419397.8299999996
2026-05-06 13:00:00,Corporate Bank,6975977.53,3335551.71,3640425.8200000003
2026-05-06 14:00:00,Corporate Bank,4064719.51,4361617.9,-296898.3900000006
2026-05-06 15:00:00,Corporate Bank,5717921.94,4456536.92,1261385.0200000005
2026-05-06 16:00:00,Corporate Bank,4566837.32,4200046.5,366790.8200000003
2026-05-06 17:00:00,Corporate Bank,1024914.95,2774990.38,-1750075.43
2026-05-06 18:00:00,Corporate Bank,521102.39,676607.78,-155505.39
2026-05-06 19:00:00,Corporate Bank,286299.9,622650.06,-336350.16000000003
2026-05-06 20:00:00,Corporate Bank,134610.18,178546.54,-43936.360000000015
2026-05-06 21:00:00,Corporate Bank,1045217.51,107973.52,937243.99
2026-05-06 22:00:00,Corporate Bank,146045.72,149565.9,-3520.179999999993
2026-05-06 23:00:00,Corporate Bank,144958.51,154051.03,-9092.51999999999
2026-05-07 00:00:00,Corporate Bank,158307.92,121824.75,36483.17000000001
2026-05-07 01:00:00,Corporate Bank,159390.89,192471.74,-33080.84999999998
2026-05-07 02:00:00,Corporate Bank,164242.37,100294.11,63948.259999999995
2026-05-07 03:00:00,Corporate Bank,134188.24,133069.98,1118.2599999999802
2026-05-07 04:00:00,Corporate Bank,165416.88,129568.35,35848.53
2026-05-07 05:00:00,Corporate Bank,371051.25,185271.66,185779.59
2026-05-07 06:00:00,Corporate Bank,1038790.63,401959.98,636830.65
2026-05-07 07:00:00,Corporate Bank,2225944.37,748176.17,1477768.2000000002
2026-05-07 08:00:00,Corporate Bank,4905819.11,3033893.89,1871925.2200000002
2026-05-07 09:00:00,Corporate Bank,3164725.06,4360969.33,-1196244.27
2026-05-07 10:00:00,Corporate Bank,3879182.1,2970360.81,908821.29
2026-05-07 11:00:00,Corporate Bank,3405372.95,2568695.32,836677.6300000004
2026-05-07 12:00:00,Corporate Bank,2766810.96,3486006.32,-719195.3599999999
2026-05-07 13:00:00,Corporate Bank,7165489.84,3092631.12,4072858.7199999997
2026-05-07 14:00:00,Corporate Bank,4903059.4,3889358.6,1013700.8000000003
2026-05-07 15:00:00,Corporate Bank,4398521.91,4400779.5,-2257.589999999851
2026-05-07 16:00:00,Corporate Bank,2319014.45,4062459.63,-1743445.1799999997
2026-05-07 17:00:00,Corporate Bank,1316739.92,3246093.89,-1929353.9700000002
2026-05-07 18:00:00,Corporate Bank,383498.0,866836.49,-483338.49
2026-05-07 19:00:00,Corporate Bank,242137.84,358676.68,-116538.84
2026-05-07 20:00:00,Corporate Bank,131431.3,172683.07,-41251.77000000002
2026-05-07 21:00:00,Corporate Bank,145782.21,181499.11,-35716.899999999994
2026-05-07 22:00:00,Corporate Bank,72487.98,221128.66,-148640.68
2026-05-07 23:00:00,Corporate Bank,111226.3,131984.93,-20758.62999999999
2026-05-08 00:00:00,Corporate Bank,242024.37,70818.87,171205.5
2026-05-08 01:00:00,Corporate Bank,200156.5,89966.91,110189.59
2026-05-08 02:00:00,Corporate Bank,1606386.8,116845.03,1489541.77
2026-05-08 03:00:00,Corporate Bank,243522.14,127184.6,116337.54000000001
2026-05-08 04:00:00,Corporate Bank,239108.3,136613.28,102495.01999999999
2026-05-08 05:00:00,Corporate Bank,335645.61,190066.44,145579.16999999998
2026-05-08 06:00:00,Corporate Bank,771290.02,336692.26,434597.76
2026-05-08 07:00:00,Corporate Bank,22929507.68,1386874.92,21542632.759999998
2026-05-08 08:00:00,Corporate Bank,4538563.6,1993230.94,2545332.6599999997
2026-05-08 09:00:00,Corporate Bank,11527108.84,3303882.38,8223226.46
2026-05-08 10:00:00,Corporate Bank,4328559.54,6049223.81,-1720664.2699999996
2026-05-08 11:00:00,Corporate Bank,6693932.82,2916204.45,3777728.37
2026-05-08 12:00:00,Corporate Bank,3412661.2,3932833.11,-520171.9099999997
2026-05-08 13:00:00,Corporate Bank,6562237.31,3407839.03,3154398.28
2026-05-08 14:00:00,Corporate Bank,8110896.02,3838330.65,4272565.369999999
2026-05-08 15:00:00,Corporate Bank,3069002.75,7146761.05,-4077758.3
2026-05-08 16:00:00,Corporate Bank,2317785.21,3150176.32,-832391.1099999999
2026-05-08 17:00:00,Corporate Bank,970444.4,4532378.98,-3561934.5800000005
2026-05-08 18:00:00,Corporate Bank,381811.53,1130655.01,-748843.48
2026-05-08 19:00:00,Corporate Bank,311242.49,347549.78,-36307.29000000004
2026-05-08 20:00:00,Corporate Bank,164120.07,244797.42,-80677.35
2026-05-08 21:00:00,Corporate Bank,160942.11,120506.32,40435.78999999998
2026-05-08 22:00:00,Corporate Bank,184614.07,121478.07,63136.0
2026-05-08 23:00:00,Corporate Bank,89367.02,169219.99,-79852.96999999999
2026-05-09 00:00:00,Corporate Bank,13769.82,10632.33,3137.49
2026-05-09 01:00:00,Corporate Bank,8430.38,7467.64,962.7399999999989
2026-05-09 02:00:00,Corporate Bank,11006.53,12104.42,-1097.8899999999994
2026-05-09 03:00:00,Corporate Bank,11608.0,12766.18,-1158.1800000000003
2026-05-09 04:00:00,Corporate Bank,17687.33,96782.06,-79094.73
2026-05-09 05:00:00,Corporate Bank,22354.97,13213.15,9141.820000000002
2026-05-09 06:00:00,Corporate Bank,33406.08,33391.83,14.25
2026-05-09 07:00:00,Corporate Bank,154983.54,34548.22,120435.32
2026-05-09 08:00:00,Corporate Bank,283665.8,133157.77,150508.03
2026-05-09 09:00:00,Corporate Bank,239981.3,197954.39,42026.909999999974
2026-05-09 10:00:00,Corporate Bank,302885.84,325831.26,-22945.419999999984
2026-05-09 11:00:00,Corporate Bank,199411.76,233664.27,-34252.50999999998
2026-05-09 12:00:00,Corporate Bank,143458.86,199726.67,-56267.81000000003
2026-05-09 13:00:00,Corporate Bank,322565.77,348734.0,-26168.22999999998
2026-05-09 14:00:00,Corporate Bank,247009.76,228765.83,18243.930000000022
2026-05-09 15:00:00,Corporate Bank,221554.46,301466.43,-79911.97
2026-05-09 16:00:00,Corporate Bank,140005.6,212466.52,-72460.91999999998
2026-05-09 17:00:00,Corporate Bank,114994.09,149937.13,-34943.04000000001
2026-05-09 18:00:00,Corporate Bank,32727.8,72717.07,-39989.270000000004
2026-05-09 19:00:00,Corporate Bank,15654.7,34991.3,-19336.600000000002
2026-05-09 20:00:00,Corporate Bank,9152.12,20402.08,-11249.960000000001
2026-05-09 21:00:00,Corporate Bank,10922.06,16368.9,-5446.84
2026-05-09 22:00:00,Corporate Bank,14052.22,10021.53,4030.6899999999987
2026-05-09 23:00:00,Corporate Bank,11369.28,10756.85,612.4300000000003
2026-05-10 00:00:00,Corporate Bank,11501.87,6372.33,5129.540000000001
2026-05-10 01:00:00,Corporate Bank,11228.31,8765.87,2462.4399999999987
2026-05-10 02:00:00,Corporate Bank,6200.91,11934.53,-5733.620000000001
2026-05-10 03:00:00,Corporate Bank,7408.63,11697.07,-4288.44
2026-05-10 04:00:00,Corporate Bank,11024.43,9872.4,1152.0300000000007
2026-05-10 05:00:00,Corporate Bank,18555.13,14706.75,3848.380000000001
2026-05-10 06:00:00,Corporate Bank,45900.13,25700.55,20199.579999999998
2026-05-10 07:00:00,Corporate Bank,86880.0,87067.83,-187.83000000000175
2026-05-10 08:00:00,Corporate Bank,178328.25,912416.26,-734088.01
2026-05-10 09:00:00,Corporate Bank,303045.09,230771.65,72273.44000000003
2026-05-10 10:00:00,Corporate Bank,283803.15,347708.42,-63905.26999999996
2026-05-10 11:00:00,Corporate Bank,175170.75,115139.2,60031.55
2026-05-10 12:00:00,Corporate Bank,219763.52,235488.68,-15725.160000000003
2026-05-10 13:00:00,Corporate Bank,231530.47,66362.57,165167.9
2026-05-10 14:00:00,Corporate Bank,405741.99,143534.56,262207.43
2026-05-10 15:00:00,Corporate Bank,238434.46,304920.65,-66486.19000000003
2026-05-10 16:00:00,Corporate Bank,198215.6,262886.93,-64671.32999999999
2026-05-10 17:00:00,Corporate Bank,84369.11,103417.42,-19048.309999999998
2026-05-10 18:00:00,Corporate Bank,21755.76,58623.79,-36868.03
2026-05-10 19:00:00,Corporate Bank,14877.41,46143.88,-31266.469999999998
2026-05-10 20:00:00,Corporate Bank,7210.14,12438.98,-5228.839999999999
2026-05-10 21:00:00,Corporate Bank,9202.62,19570.85,-10368.229999999998
2026-05-10 22:00:00,Corporate Bank,7496.57,9127.34,-1630.7700000000004
2026-05-10 23:00:00,Corporate Bank,10497.59,10186.77,310.8199999999997
2026-05-11 00:00:00,Corporate Bank,104287.78,243641.46,-139353.68
2026-05-11 01:00:00,Corporate Bank,156709.03,156014.34,694.6900000000023
2026-05-11 02:00:00,Corporate Bank,185657.51,111058.41,74599.1
2026-05-11 03:00:00,Corporate Bank,210854.89,145480.2,65374.69
2026-05-11 04:00:00,Corporate Bank,155363.89,152778.25,2585.640000000014
2026-05-11 05:00:00,Corporate Bank,386542.48,124758.13,261784.34999999998
2026-05-11 06:00:00,Corporate Bank,1112632.2,342387.66,770244.54
2026-05-11 07:00:00,Corporate Bank,4038906.33,810254.76,3228651.5700000003
2026-05-11 08:00:00,Corporate Bank,2854341.48,3221571.97,-367230.4900000002
2026-05-11 09:00:00,Corporate Bank,4150230.78,4323984.03,-173753.25000000047
2026-05-11 10:00:00,Corporate Bank,11202119.01,4813519.79,6388599.22
2026-05-11 11:00:00,Corporate Bank,3412358.27,4477751.25,-1065392.98
2026-05-11 12:00:00,Corporate Bank,2028368.53,29215982.44,-27187613.91
2026-05-11 13:00:00,Corporate Bank,3690463.19,3976319.64,-285856.4500000002
2026-05-11 14:00:00,Corporate Bank,2124505.05,2972361.11,-847856.06
2026-05-11 15:00:00,Corporate Bank,4483992.64,3246898.17,1237094.4699999997
2026-05-11 16:00:00,Corporate Bank,3417970.42,5288445.9,-1870475.4800000004
2026-05-11 17:00:00,Corporate Bank,1006414.37,2158592.63,-1152178.2599999998
2026-05-11 18:00:00,Corporate Bank,479475.73,790866.52,-311390.79000000004
2026-05-11 19:00:00,Corporate Bank,336146.98,582399.52,-246252.54000000004
2026-05-11 20:00:00,Corporate Bank,102978.7,275466.51,-172487.81
2026-05-11 21:00:00,Corporate Bank,106576.55,105147.19,1429.3600000000006
2026-05-11 22:00:00,Corporate Bank,145905.8,163057.84,-17152.040000000008
2026-05-11 23:00:00,Corporate Bank,124495.22,1124987.54,-1000492.3200000001
2026-05-12 00:00:00,Corporate Bank,142836.47,167829.96,-24993.48999999999
2026-05-12 01:00:00,Corporate Bank,106789.02,181314.71,-74525.68999999999
2026-05-12 02:00:00,Corporate Bank,166746.22,98443.11,68303.11
2026-05-12 03:00:00,Corporate Bank,153564.63,166046.9,-12482.26999999999
2026-05-12 04:00:00,Corporate Bank,230390.91,141017.62,89373.29000000001
2026-05-12 05:00:00,Corporate Bank,408313.93,162546.21,245767.72
2026-05-12 06:00:00,Corporate Bank,1120182.36,480035.43,640146.9300000002
2026-05-12 07:00:00,Corporate Bank,1645334.74,1577803.08,67531.65999999992
2026-05-12 08:00:00,Corporate Bank,5160418.32,4182349.29,978069.0300000003
2026-05-12 09:00:00,Corporate Bank,33430393.41,6348610.73,27081782.68
2026-05-12 10:00:00,Corporate Bank,4594154.42,5070031.61,-475877.1900000004
2026-05-12 11:00:00,Corporate Bank,5072390.09,5138656.14,-66266.04999999981
2026-05-12 12:00:00,Corporate Bank,2882619.03,4403939.18,-1521320.15
2026-05-12 13:00:00,Corporate Bank,6592102.34,3426933.38,3165168.96
2026-05-12 14:00:00,Corporate Bank,7519829.11,4172433.96,3347395.1500000004
2026-05-12 15:00:00,Corporate Bank,5228231.01,5681994.76,-453763.75
2026-05-12 16:00:00,Corporate Bank,1997557.65,3729730.07,-1732172.42
2026-05-12 17:00:00,Corporate Bank,686605.51,1962798.83,-1276193.32
2026-05-12 18:00:00,Corporate Bank,763231.15,1068317.13,-305085.97999999986
2026-05-12 19:00:00,Corporate Bank,263451.1,616578.7,-353127.6
2026-05-12 20:00:00,Corporate Bank,139216.12,239931.42,-100715.30000000002
2026-05-12 21:00:00,Corporate Bank,225293.4,184313.62,40979.78
2026-05-12 22:00:00,Corporate Bank,120654.14,186100.01,-65445.87000000001
2026-05-12 23:00:00,Corporate Bank,137375.94,134241.06,3134.8800000000047
2026-05-13 00:00:00,Corporate Bank,182605.41,188200.87,-5595.459999999992
2026-05-13 01:00:00,Corporate Bank,111709.23,168055.21,-56345.979999999996
2026-05-13 02:00:00,Corporate Bank,151310.6,103577.03,47733.57000000001
2026-05-13 03:00:00,Corporate Bank,1355808.32,231747.8,1124060.52
2026-05-13 04:00:00,Corporate Bank,208169.69,132880.11,75289.58000000002
2026-05-13 05:00:00,Corporate Bank,558997.15,114350.78,444646.37
2026-05-13 06:00:00,Corporate Bank,1479294.34,270204.78,1209089.56
2026-05-13 07:00:00,Corporate Bank,2545068.49,745229.93,1799838.56
2026-05-13 08:00:00,Corporate Bank,2208288.47,2479889.74,-271601.27
2026-05-13 09:00:00,Corporate Bank,3914795.21,3941804.03,-27008.819999999832
2026-05-13 10:00:00,Corporate Bank,6072463.94,4736117.54,1336346.4000000004
2026-05-13 11:00:00,Corporate Bank,2326249.66,5567166.05,-3240916.3899999997
2026-05-13 12:00:00,Corporate Bank,3243075.66,3874494.32,-631418.6599999997
2026-05-13 13:00:00,Corporate Bank,4864973.18,3633247.15,1231726.0299999998
2026-05-13 14:00:00,Corporate Bank,7576656.69,4536785.99,3039870.7
2026-05-13 15:00:00,Corporate Bank,3510406.14,5338884.96,-1828478.8199999998
2026-05-13 16:00:00,Corporate Bank,2210160.62,2017248.91,192911.7100000002
2026-05-13 17:00:00,Corporate Bank,1302335.08,2189834.64,-887499.56
2026-05-13 18:00:00,Corporate Bank,613502.51,628992.17,-15489.660000000033
2026-05-13 19:00:00,Corporate Bank,243271.53,515342.04,-272070.51
2026-05-13 20:00:00,Corporate Bank,238499.52,239383.11,-883.5899999999965
2026-05-13 21:00:00,Corporate Bank,124660.21,227747.02,-103086.80999999998
2026-05-13 22:00:00,Corporate Bank,161975.33,217359.09,-55383.76000000001
2026-05-13 23:00:00,Corporate Bank,178311.43,159640.13,18671.29999999999
2026-05-14 00:00:00,Corporate Bank,138350.55,129092.23,9258.319999999992
2026-05-14 01:00:00,Corporate Bank,200716.45,173501.82,27214.630000000005
2026-05-14 02:00:00,Corporate Bank,163508.75,128045.31,35463.44
2026-05-14 03:00:00,Corporate Bank,203475.42,150286.05,53189.370000000024
2026-05-14 04:00:00,Corporate Bank,207110.32,207578.93,-468.60999999998603
2026-05-14 05:00:00,Corporate Bank,430452.87,158930.65,271522.22
2026-05-14 06:00:00,Corporate Bank,870895.7,470782.79,400112.91
2026-05-14 07:00:00,Corporate Bank,2101401.6,1240446.61,860954.99
2026-05-14 08:00:00,Corporate Bank,6427329.45,1833312.72,4594016.73
2026-05-14 09:00:00,Corporate Bank,6600516.08,5731411.77,869104.3100000005
2026-05-14 10:00:00,Corporate Bank,26729225.22,6461343.12,20267882.099999998
2026-05-14 11:00:00,Corporate Bank,3910212.96,4766218.92,-856005.96
2026-05-14 12:00:00,Corporate Bank,1754874.1,2783629.11,-1028755.0099999998
2026-05-14 13:00:00,Corporate Bank,3700007.96,2553718.71,1146289.25
2026-05-14 14:00:00,Corporate Bank,6504596.8,3414296.67,3090300.13
2026-05-14 15:00:00,Corporate Bank,4017637.22,5222387.96,-1204750.7399999998
2026-05-14 16:00:00,Corporate Bank,2777316.86,2850325.24,-73008.38000000035
2026-05-14 17:00:00,Corporate Bank,535249.77,2785454.86,-2250205.09
2026-05-14 18:00:00,Corporate Bank,490897.02,833517.9,-342620.88
2026-05-14 19:00:00,Corporate Bank,282007.58,479523.2,-197515.62
2026-05-14 20:00:00,Corporate Bank,200171.35,247732.48,-47561.130000000005
2026-05-14 21:00:00,Corporate Bank,211461.21,346580.39,-135119.18000000002
2026-05-14 22:00:00,Corporate Bank,146689.55,100691.94,45997.609999999986
2026-05-14 23:00:00,Corporate Bank,148453.39,233619.56,-85166.16999999998
2026-05-15 00:00:00,Corporate Bank,104608.55,156896.78,-52288.229999999996
2026-05-15 01:00:00,Corporate Bank,146734.34,169693.07,-22958.73000000001
2026-05-15 02:00:00,Corporate Bank,107093.95,155440.63,-48346.68000000001
2026-05-15 03:00:00,Corporate Bank,92252.6,171807.78,-79555.18
2026-05-15 04:00:00,Corporate Bank,141099.67,147461.22,-6361.549999999988
2026-05-15 05:00:00,Corporate Bank,604572.71,290619.38,313953.32999999996
2026-05-15 06:00:00,Corporate Bank,970752.35,322386.74,648365.61
2026-05-15 07:00:00,Corporate Bank,2712306.2,1421796.83,1290509.37
2026-05-15 08:00:00,Corporate Bank,3815956.32,2012246.92,1803709.4
2026-05-15 09:00:00,Corporate Bank,3187794.83,4202661.82,-1014866.9900000002
2026-05-15 10:00:00,Corporate Bank,6395522.57,3798774.6,2596747.97
2026-05-15 11:00:00,Corporate Bank,1930296.02,5298812.09,-3368516.07
2026-05-15 12:00:00,Corporate Bank,21652567.41,5397793.91,16254773.5
2026-05-15 13:00:00,Corporate Bank,4323790.96,3228783.9,1095007.06
2026-05-15 14:00:00,Corporate Bank,5224440.53,3781817.0,1442623.5300000003
2026-05-15 15:00:00,Corporate Bank,3354480.01,3176536.12,177943.88999999966
2026-05-15 16:00:00,Corporate Bank,1544535.25,3544272.29,-1999737.04
2026-05-15 17:00:00,Corporate Bank,1040357.72,1514854.26,-474496.54000000004
2026-05-15 18:00:00,Corporate Bank,441105.05,919949.19,-478844.13999999996
2026-05-15 19:00:00,Corporate Bank,202051.82,545688.7,-343636.87999999995
2026-05-15 20:00:00,Corporate Bank,232898.88,356081.3,-123182.41999999998
2026-05-15 21:00:00,Corporate Bank,110085.14,386580.07,-276494.93
2026-05-15 22:00:00,Corporate Bank,171004.45,127649.08,43355.37000000001
2026-05-15 23:00:00,Corporate Bank,163605.32,231060.51,-67455.19
2026-05-16 00:00:00,Corporate Bank,12485.73,9682.79,2802.9399999999987
2026-05-16 01:00:00,Corporate Bank,8994.65,8600.8,393.85000000000036
2026-05-16 02:00:00,Corporate Bank,11894.87,10248.46,1646.4100000000017
2026-05-16 03:00:00,Corporate Bank,9150.56,9190.06,-39.5
2026-05-16 04:00:00,Corporate Bank,13355.49,9577.14,3778.3500000000004
2026-05-16 05:00:00,Corporate Bank,14696.71,9973.07,4723.639999999999
2026-05-16 06:00:00,Corporate Bank,28626.86,136707.33,-108080.46999999999
2026-05-16 07:00:00,Corporate Bank,170620.99,38225.7,132395.28999999998
2026-05-16 08:00:00,Corporate Bank,303973.24,178195.3,125777.94
2026-05-16 09:00:00,Corporate Bank,377469.57,236306.14,141163.43
2026-05-16 10:00:00,Corporate Bank,247554.07,262903.01,-15348.940000000002
2026-05-16 11:00:00,Corporate Bank,347440.72,278069.7,69371.01999999996
2026-05-16 12:00:00,Corporate Bank,186963.08,266474.03,-79510.95000000004
2026-05-16 13:00:00,Corporate Bank,299203.9,209299.48,89904.42000000001
2026-05-16 14:00:00,Corporate Bank,349651.26,197709.42,151941.84
2026-05-16 15:00:00,Corporate Bank,419139.69,384678.87,34460.82000000001
2026-05-16 16:00:00,Corporate Bank,146254.34,365849.07,-219594.73
2026-05-16 17:00:00,Corporate Bank,65253.47,170012.01,-104758.54000000001
2026-05-16 18:00:00,Corporate Bank,21137.66,97209.67,-76072.01
2026-05-16 19:00:00,Corporate Bank,24355.35,44397.81,-20042.46
2026-05-16 20:00:00,Corporate Bank,11853.22,20187.71,-8334.49
2026-05-16 21:00:00,Corporate Bank,10889.97,12005.86,-1115.8900000000012
2026-05-16 22:00:00,Corporate Bank,23878.93,10928.28,12950.65
2026-05-16 23:00:00,Corporate Bank,10319.86,10533.67,-213.8099999999995
2026-05-17 00:00:00,Corporate Bank,6332.87,6475.48,-142.60999999999967
2026-05-17 01:00:00,Corporate Bank,8826.85,11105.56,-2278.709999999999
2026-05-17 02:00:00,Corporate Bank,7002.96,5993.07,1009.8900000000003
2026-05-17 03:00:00,Corporate Bank,8556.75,7107.62,1449.13
2026-05-17 04:00:00,Corporate Bank,10389.89,13699.09,-3309.2000000000007
2026-05-17 05:00:00,Corporate Bank,19344.31,14504.44,4839.870000000001
2026-05-17 06:00:00,Corporate Bank,41589.36,34657.08,6932.279999999999
2026-05-17 07:00:00,Corporate Bank,245655.74,55985.53,189670.21
2026-05-17 08:00:00,Corporate Bank,292141.76,103671.99,188469.77000000002
2026-05-17 09:00:00,Corporate Bank,305881.47,238890.92,66990.54999999996
2026-05-17 10:00:00,Corporate Bank,363725.74,324154.83,39570.909999999974
2026-05-17 11:00:00,Corporate Bank,255953.95,284012.07,-28058.119999999995
2026-05-17 12:00:00,Corporate Bank,233126.61,294978.14,-61851.53000000003
2026-05-17 13:00:00,Corporate Bank,323876.09,177909.65,145966.44000000003
2026-05-17 14:00:00,Corporate Bank,304516.66,267528.26,36988.399999999965
2026-05-17 15:00:00,Corporate Bank,306019.45,197933.84,108085.61000000002
2026-05-17 16:00:00,Corporate Bank,201621.01,260749.56,-59128.54999999999
2026-05-17 17:00:00,Corporate Bank,83350.35,146706.59,-63356.23999999999
2026-05-17 18:00:00,Corporate Bank,31012.22,57964.29,-26952.07
2026-05-17 19:00:00,Corporate Bank,24195.36,28498.55,-4303.189999999999
2026-05-17 20:00:00,Corporate Bank,9050.37,13609.82,-4559.449999999999
2026-05-17 21:00:00,Corporate Bank,10690.1,9208.42,1481.6800000000003
2026-05-17 22:00:00,Corporate Bank,99251.32,15537.43,83713.89000000001
2026-05-17 23:00:00,Corporate Bank,7796.62,8750.8,-954.1799999999994
2026-05-18 00:00:00,Corporate Bank,122426.86,139416.6,-16989.740000000005
2026-05-18 01:00:00,Corporate Bank,140305.84,79950.24,60355.59999999999
2026-05-18 02:00:00,Corporate Bank,134897.32,114720.34,20176.98000000001
2026-05-18 03:00:00,Corporate Bank,103694.84,138939.17,-35244.330000000016
2026-05-18 04:00:00,Corporate Bank,160705.23,125702.12,35003.110000000015
2026-05-18 05:00:00,Corporate Bank,416457.06,284380.08,132076.97999999998
2026-05-18 06:00:00,Corporate Bank,1539207.3,351852.45,1187354.85
2026-05-18 07:00:00,Corporate Bank,2998623.84,1490012.26,1508611.5799999998
2026-05-18 08:00:00,Corporate Bank,2040877.44,2486990.87,-446113.43000000017
2026-05-18 09:00:00,Corporate Bank,6611997.63,4327378.78,2284618.8499999996
2026-05-18 10:00:00,Corporate Bank,4084987.52,5101978.33,-1016990.81
2026-05-18 11:00:00,Corporate Bank,4242941.73,4627951.92,-385010.1899999995
2026-05-18 12:00:00,Corporate Bank,3561883.06,5859656.88,-2297773.82
2026-05-18 13:00:00,Corporate Bank,31981439.96,1647780.45,30333659.51
2026-05-18 14:00:00,Corporate Bank,4728131.56,21231224.54,-16503092.98
2026-05-18 15:00:00,Corporate Bank,4143373.69,3770566.19,372807.5
2026-05-18 16:00:00,Corporate Bank,4012574.26,3813239.24,199335.01999999955
2026-05-18 17:00:00,Corporate Bank,1315207.63,3004733.38,-1689525.75
2026-05-18 18:00:00,Corporate Bank,764767.06,1394244.53,-629477.47
2026-05-18 19:00:00,Corporate Bank,337789.88,454291.51,-116501.63
2026-05-18 20:00:00,Corporate Bank,212661.24,325436.78,-112775.54000000004
2026-05-18 21:00:00,Corporate Bank,92698.21,226701.55,-134003.33999999997
2026-05-18 22:00:00,Corporate Bank,218412.52,160850.9,57561.619999999995
2026-05-18 23:00:00,Corporate Bank,135992.18,200514.56,-64522.380000000005
2026-05-19 00:00:00,Corporate Bank,193364.82,162784.78,30580.040000000008
2026-05-19 01:00:00,Corporate Bank,116538.35,126747.24,-10208.89
2026-05-19 02:00:00,Corporate Bank,109580.21,184953.52,-75373.30999999998
2026-05-19 03:00:00,Corporate Bank,290559.42,155421.72,135137.69999999998
2026-05-19 04:00:00,Corporate Bank,146631.91,154481.25,-7849.3399999999965
2026-05-19 05:00:00,Corporate Bank,2931197.23,292272.17,2638925.06
2026-05-19 06:00:00,Corporate Bank,1090908.21,177227.04,913681.1699999999
2026-05-19 07:00:00,Corporate Bank,2238486.67,661626.44,1576860.23
2026-05-19 08:00:00,Corporate Bank,4392029.92,1709910.41,2682119.51
2026-05-19 09:00:00,Corporate Bank,3691992.77,3837478.27,-145485.5
2026-05-19 10:00:00,Corporate Bank,4809715.31,4854396.82,-44681.51000000071
2026-05-19 11:00:00,Corporate Bank,2676502.0,2941082.91,-264580.91000000015
2026-05-19 12:00:00,Corporate Bank,3176871.14,2603626.13,573245.0100000002
2026-05-19 13:00:00,Corporate Bank,5801444.21,2552465.91,3248978.3
2026-05-19 14:00:00,Corporate Bank,5261720.3,8385445.47,-3123725.17
2026-05-19 15:00:00,Corporate Bank,2674029.47,7619410.51,-4945381.039999999
2026-05-19 16:00:00,Corporate Bank,3461001.3,3355483.36,105517.93999999994
2026-05-19 17:00:00,Corporate Bank,1320172.85,2190396.38,-870223.5299999998
2026-05-19 18:00:00,Corporate Bank,469305.94,856985.19,-387679.24999999994
2026-05-19 19:00:00,Corporate Bank,318765.32,287600.89,31164.429999999993
2026-05-19 20:00:00,Corporate Bank,165575.08,231456.3,-65881.22
2026-05-19 21:00:00,Corporate Bank,111679.87,123373.97,-11694.100000000006
2026-05-19 22:00:00,Corporate Bank,271982.77,148384.27,123598.50000000003
2026-05-19 23:00:00,Corporate Bank,155210.39,92946.85,62263.54000000001
2026-05-20 00:00:00,Corporate Bank,152237.98,119347.94,32890.04000000001
2026-05-20 01:00:00,Corporate Bank,138165.01,156840.27,-18675.25999999998
2026-05-20 02:00:00,Corporate Bank,222776.42,167439.55,55336.870000000024
2026-05-20 03:00:00,Corporate Bank,137198.38,170408.73,-33210.350000000006
2026-05-20 04:00:00,Corporate Bank,122919.1,103909.89,19009.210000000006
2026-05-20 05:00:00,Corporate Bank,313661.12,242791.99,70869.13
2026-05-20 06:00:00,Corporate Bank,1567554.64,290798.25,1276756.39
2026-05-20 07:00:00,Corporate Bank,3259180.26,1223980.74,2035199.5199999998
2026-05-20 08:00:00,Corporate Bank,4123636.77,2433597.22,1690039.5499999998
2026-05-20 09:00:00,Corporate Bank,8235641.41,2831700.44,5403940.970000001
2026-05-20 10:00:00,Corporate Bank,6044488.58,4765526.36,1278962.2199999997
2026-05-20 11:00:00,Corporate Bank,3419026.98,5158184.46,-1739157.48
2026-05-20 12:00:00,Corporate Bank,3403338.89,4205285.4,-801946.5100000002
2026-05-20 13:00:00,Corporate Bank,4851618.4,3167732.55,1683885.8500000006
2026-05-20 14:00:00,Corporate Bank,3798608.21,6352217.47,-2553609.26
2026-05-20 15:00:00,Corporate Bank,4176982.81,6004022.45,-1827039.6400000001
2026-05-20 16:00:00,Corporate Bank,2940752.53,3515298.43,-574545.9000000004
2026-05-20 17:00:00,Corporate Bank,797560.75,3059324.24,-2261763.49
2026-05-20 18:00:00,Corporate Bank,521711.3,2160986.01,-1639274.7099999997
2026-05-20 19:00:00,Corporate Bank,232650.06,917964.05,-685313.99
2026-05-20 20:00:00,Corporate Bank,236987.46,165845.26,71142.19999999998
2026-05-20 21:00:00,Corporate Bank,91102.55,126042.08,-34939.53
2026-05-20 22:00:00,Corporate Bank,139343.76,237635.05,-98291.28999999998
2026-05-20 23:00:00,Corporate Bank,135022.5,109355.63,25666.869999999995
2026-05-21 00:00:00,Corporate Bank,208071.5,100874.09,107197.41
2026-05-21 01:00:00,Corporate Bank,153994.4,129642.61,24351.789999999994
2026-05-21 02:00:00,Corporate Bank,268005.46,170175.03,97830.43000000002
2026-05-21 03:00:00,Corporate Bank,195890.43,145800.5,50089.92999999999
2026-05-21 04:00:00,Corporate Bank,172768.66,1042772.99,-870004.33
2026-05-21 05:00:00,Corporate Bank,413151.39,153474.68,259676.71000000002
2026-05-21 06:00:00,Corporate Bank,946734.89,298566.33,648168.56
2026-05-21 07:00:00,Corporate Bank,3285946.99,777554.29,2508392.7
2026-05-21 08:00:00,Corporate Bank,2984943.65,4840664.32,-1855720.6700000004
2026-05-21 09:00:00,Corporate Bank,4260497.4,4678824.79,-418327.38999999966
2026-05-21 10:00:00,Corporate Bank,5537101.59,6836630.7,-1299529.1100000003
2026-05-21 11:00:00,Corporate Bank,5349803.04,3991840.11,1357962.9300000002
2026-05-21 12:00:00,Corporate Bank,1847695.81,3309064.58,-1461368.77
2026-05-21 13:00:00,Corporate Bank,6638316.45,2667778.82,3970537.6300000004
2026-05-21 14:00:00,Corporate Bank,4674678.01,1810780.18,2863897.83
2026-05-21 15:00:00,Corporate Bank,2370438.98,2935194.26,-564755.2799999998
2026-05-21 16:00:00,Corporate Bank,5808259.71,2205457.69,3602802.02
2026-05-21 17:00:00,Corporate Bank,836170.1,1243863.65,-407693.54999999993
2026-05-21 18:00:00,Corporate Bank,548945.41,5335635.79,-4786690.38
2026-05-21 19:00:00,Corporate Bank,249805.56,758618.91,-508813.35000000003
2026-05-21 20:00:00,Corporate Bank,210512.9,236541.64,-26028.74000000002
2026-05-21 21:00:00,Corporate Bank,134355.42,245119.27,-110763.84999999998
2026-05-21 22:00:00,Corporate Bank,112054.31,172182.55,-60128.23999999999
2026-05-21 23:00:00,Corporate Bank,137832.87,189968.3,-52135.42999999999
2026-05-22 00:00:00,Corporate Bank,157581.63,114476.13,43105.5
2026-05-22 01:00:00,Corporate Bank,167203.57,175532.65,-8329.079999999987
2026-05-22 02:00:00,Corporate Bank,1182975.8,186675.87,996299.93
2026-05-22 03:00:00,Corporate Bank,210466.29,126464.81,84001.48000000001
2026-05-22 04:00:00,Corporate Bank,162162.89,1443250.41,-1281087.52
2026-05-22 05:00:00,Corporate Bank,296190.04,222662.17,73527.86999999997
2026-05-22 06:00:00,Corporate Bank,894730.27,313508.81,581221.46
2026-05-22 07:00:00,Corporate Bank,3505342.08,722831.27,2782510.81
2026-05-22 08:00:00,Corporate Bank,35801584.61,1711420.29,34090164.32
2026-05-22 09:00:00,Corporate Bank,4428853.1,4391826.97,37026.12999999989
2026-05-22 10:00:00,Corporate Bank,6376354.47,5779806.86,596547.6099999994
2026-05-22 11:00:00,Corporate Bank,7043867.45,3644494.95,3399372.5
2026-05-22 12:00:00,Corporate Bank,3809259.16,3526931.22,282327.93999999994
2026-05-22 13:00:00,Corporate Bank,6364080.49,3921497.24,2442583.25
2026-05-22 14:00:00,Corporate Bank,6652709.46,4829425.46,1823284.0
2026-05-22 15:00:00,Corporate Bank,3478307.15,7069151.49,-3590844.3400000003
2026-05-22 16:00:00,Corporate Bank,2702295.93,5568996.68,-2866700.7499999995
2026-05-22 17:00:00,Corporate Bank,900440.86,1808992.54,-908551.68
2026-05-22 18:00:00,Corporate Bank,519271.97,2004716.03,-1485444.06
2026-05-22 19:00:00,Corporate Bank,211155.57,434727.72,-223572.14999999997
2026-05-22 20:00:00,Corporate Bank,154272.58,327968.3,-173695.72
2026-05-22 21:00:00,Corporate Bank,126515.69,169859.52,-43343.82999999999
2026-05-22 22:00:00,Corporate Bank,143346.78,134506.92,8839.859999999986
2026-05-22 23:00:00,Corporate Bank,183027.72,87337.55,95690.17
2026-05-23 00:00:00,Corporate Bank,9030.45,8548.5,481.9500000000007
2026-05-23 01:00:00,Corporate Bank,5350.86,5637.35,-286.4900000000007
2026-05-23 02:00:00,Corporate Bank,7500.22,12031.62,-4531.400000000001
2026-05-23 03:00:00,Corporate Bank,6108.38,14219.09,-8110.71
2026-05-23 04:00:00,Corporate Bank,12614.26,7294.98,5319.280000000001
2026-05-23 05:00:00,Corporate Bank,26829.47,12341.65,14487.820000000002
2026-05-23 06:00:00,Corporate Bank,68223.8,17843.96,50379.840000000004
2026-05-23 07:00:00,Corporate Bank,120296.47,50302.27,69994.20000000001
2026-05-23 08:00:00,Corporate Bank,287620.22,184796.47,102823.74999999997
2026-05-23 09:00:00,Corporate Bank,284236.03,2415983.31,-2131747.2800000003
2026-05-23 10:00:00,Corporate Bank,205951.59,529803.55,-323851.9600000001
2026-05-23 11:00:00,Corporate Bank,277620.85,240002.75,37618.09999999998
2026-05-23 12:00:00,Corporate Bank,274316.57,283325.95,-9009.380000000005
2026-05-23 13:00:00,Corporate Bank,350559.42,204155.31,146404.11
2026-05-23 14:00:00,Corporate Bank,243725.06,305621.76,-61896.70000000001
2026-05-23 15:00:00,Corporate Bank,356520.2,232845.16,123675.04000000001
2026-05-23 16:00:00,Corporate Bank,138709.44,224437.57,-85728.13
2026-05-23 17:00:00,Corporate Bank,96571.88,141578.23,-45006.350000000006
2026-05-23 18:00:00,Corporate Bank,28423.77,56483.81,-28060.039999999997
2026-05-23 19:00:00,Corporate Bank,14294.1,37308.7,-23014.6
2026-05-23 20:00:00,Corporate Bank,5052.19,93509.67,-88457.48
2026-05-23 21:00:00,Corporate Bank,8682.85,11932.09,-3249.24
2026-05-23 22:00:00,Corporate Bank,9634.13,14482.48,-4848.35
2026-05-23 23:00:00,Corporate Bank,8277.51,13922.17,-5644.66
2026-05-24 00:00:00,Corporate Bank,15852.17,8042.51,7809.66
2026-05-24 01:00:00,Corporate Bank,6605.02,10065.81,-3460.789999999999
2026-05-24 02:00:00,Corporate Bank,7922.4,7465.32,457.0799999999999
2026-05-24 03:00:00,Corporate Bank,7344.99,9084.36,-1739.3700000000008
2026-05-24 04:00:00,Corporate Bank,9899.42,7739.49,2159.9300000000003
2026-05-24 05:00:00,Corporate Bank,31435.24,18327.63,13107.61
2026-05-24 06:00:00,Corporate Bank,98419.46,24739.27,73680.19
2026-05-24 07:00:00,Corporate Bank,123463.16,56893.83,66569.33
2026-05-24 08:00:00,Corporate Bank,215009.56,209556.26,5453.299999999988
2026-05-24 09:00:00,Corporate Bank,231296.55,133881.3,97415.25
2026-05-24 10:00:00,Corporate Bank,428801.62,171808.6,256993.02
2026-05-24 11:00:00,Corporate Bank,311057.78,352155.1,-41097.31999999995
2026-05-24 12:00:00,Corporate Bank,207904.73,213777.9,-5873.169999999984
2026-05-24 13:00:00,Corporate Bank,173474.71,213746.53,-40271.82000000001
2026-05-24 14:00:00,Corporate Bank,197659.65,161692.44,35967.20999999999
2026-05-24 15:00:00,Corporate Bank,263425.62,264423.21,-997.5900000000256
2026-05-24 16:00:00,Corporate Bank,189664.64,415514.72,-225850.07999999996
2026-05-24 17:00:00,Corporate Bank,42708.32,187684.42,-144976.1
2026-05-24 18:00:00,Corporate Bank,180871.22,76377.11,104494.11
2026-05-24 19:00:00,Corporate Bank,24841.86,26812.98,-1971.119999999999
2026-05-24 20:00:00,Corporate Bank,9785.71,12777.33,-2991.620000000001
2026-05-24 21:00:00,Corporate Bank,14862.12,5271.98,9590.140000000001
2026-05-24 22:00:00,Corporate Bank,11389.58,9866.47,1523.1100000000006
2026-05-24 23:00:00,Corporate Bank,6761.69,11615.31,-4853.62
2026-05-25 00:00:00,Corporate Bank,142887.71,93498.89,49388.81999999999
2026-05-25 01:00:00,Corporate Bank,150110.54,123003.73,27106.810000000012
2026-05-25 02:00:00,Corporate Bank,117498.49,106008.59,11489.900000000009
2026-05-25 03:00:00,Corporate Bank,120052.73,112544.97,7507.759999999995
2026-05-25 04:00:00,Corporate Bank,307062.38,156916.72,150145.66
2026-05-25 05:00:00,Corporate Bank,286777.97,100532.27,186245.69999999995
2026-05-25 06:00:00,Corporate Bank,13925646.68,444510.81,13481135.87
2026-05-25 07:00:00,Corporate Bank,2227524.14,1269226.41,958297.7300000002
2026-05-25 08:00:00,Corporate Bank,4417387.17,2264222.26,2153164.91
2026-05-25 09:00:00,Corporate Bank,6456245.99,2033139.38,4423106.61
2026-05-25 10:00:00,Corporate Bank,4035767.96,3885849.88,149918.08000000007
2026-05-25 11:00:00,Corporate Bank,4391646.02,6691553.95,-2299907.9300000006
2026-05-25 12:00:00,Corporate Bank,1935955.54,1520522.86,415432.67999999993
2026-05-25 13:00:00,Corporate Bank,5014979.01,2977414.76,2037564.25
2026-05-25 14:00:00,Corporate Bank,2324818.07,2815866.58,-491048.51000000024
2026-05-25 15:00:00,Corporate Bank,3896908.83,5649389.65,-1752480.8200000003
2026-05-25 16:00:00,Corporate Bank,3463862.86,3100571.57,363291.29000000004
2026-05-25 17:00:00,Corporate Bank,1594533.46,2757553.07,-1163019.6099999999
2026-05-25 18:00:00,Corporate Bank,374049.19,1433422.13,-1059372.94
2026-05-25 19:00:00,Corporate Bank,179388.34,884374.49,-704986.15
2026-05-25 20:00:00,Corporate Bank,989089.44,225556.92,763532.5199999999
2026-05-25 21:00:00,Corporate Bank,167536.23,186305.74,-18769.50999999998
2026-05-25 22:00:00,Corporate Bank,84929.02,97489.42,-12560.399999999994
2026-05-25 23:00:00,Corporate Bank,155399.73,214693.98,-59294.25
2026-05-26 00:00:00,Corporate Bank,171278.23,119400.42,51877.81000000001
2026-05-26 01:00:00,Corporate Bank,143318.45,126774.96,16543.490000000005
2026-05-26 02:00:00,Corporate Bank,1161455.69,149020.69,1012435.0
2026-05-26 03:00:00,Corporate Bank,171744.64,94075.06,77669.58000000002
2026-05-26 04:00:00,Corporate Bank,166089.05,165389.25,699.7999999999884
2026-05-26 05:00:00,Corporate Bank,215090.67,251147.21,-36056.53999999998
2026-05-26 06:00:00,Corporate Bank,1095825.97,403660.18,692165.79
2026-05-26 07:00:00,Corporate Bank,1907728.85,628500.66,1279228.19
2026-05-26 08:00:00,Corporate Bank,3742438.46,2352360.56,1390077.9
2026-05-26 09:00:00,Corporate Bank,6297999.05,5346287.08,951711.9699999997
2026-05-26 10:00:00,Corporate Bank,7388791.76,2982824.52,4405967.24
2026-05-26 11:00:00,Corporate Bank,3661653.33,3348611.36,313041.9700000002
2026-05-26 12:00:00,Corporate Bank,4223859.93,4551312.39,-327452.45999999996
2026-05-26 13:00:00,Corporate Bank,2849584.57,3583503.84,-733919.27
2026-05-26 14:00:00,Corporate Bank,5248056.92,4539703.8,708353.1200000001
2026-05-26 15:00:00,Corporate Bank,4097044.54,7752573.59,-3655529.05
2026-05-26 16:00:00,Corporate Bank,3876294.91,4369665.63,-493370.71999999974
2026-05-26 17:00:00,Corporate Bank,1124968.52,2975832.75,-1850864.23
2026-05-26 18:00:00,Corporate Bank,513586.86,2728222.27,-2214635.41
2026-05-26 19:00:00,Corporate Bank,350057.21,478124.66,-128067.44999999995
2026-05-26 20:00:00,Corporate Bank,169351.54,188687.14,-19335.600000000006
2026-05-26 21:00:00,Corporate Bank,113599.88,189220.82,-75620.94
2026-05-26 22:00:00,Corporate Bank,335924.28,173635.41,162288.87000000002
2026-05-26 23:00:00,Corporate Bank,112887.3,128261.99,-15374.690000000002
2026-05-27 00:00:00,Corporate Bank,153001.92,110047.96,42953.96000000001
2026-05-27 01:00:00,Corporate Bank,173120.29,299943.2,-126822.91
2026-05-27 02:00:00,Corporate Bank,169434.13,165473.75,3960.3800000000047
2026-05-27 03:00:00,Corporate Bank,151709.63,120695.72,31013.910000000003
2026-05-27 04:00:00,Corporate Bank,184858.79,203252.66,-18393.869999999995
2026-05-27 05:00:00,Corporate Bank,358323.75,181827.03,176496.72
2026-05-27 06:00:00,Corporate Bank,753297.01,342690.88,410606.13
2026-05-27 07:00:00,Corporate Bank,4839937.59,1198334.81,3641602.78
2026-05-27 08:00:00,Corporate Bank,4167193.99,1656981.25,2510212.74
2026-05-27 09:00:00,Corporate Bank,6524563.18,4756831.55,1767731.63
2026-05-27 10:00:00,Corporate Bank,4368275.69,9301296.03,-4933020.339999999
2026-05-27 11:00:00,Corporate Bank,3329771.59,5316572.58,-1986800.9900000002
2026-05-27 12:00:00,Corporate Bank,3120199.17,3125483.27,-5284.100000000093
2026-05-27 13:00:00,Corporate Bank,2760918.14,2838230.61,-77312.46999999974
2026-05-27 14:00:00,Corporate Bank,4646036.46,3547234.55,1098801.9100000001
2026-05-27 15:00:00,Corporate Bank,3691878.3,4112321.12,-420442.8200000003
2026-05-27 16:00:00,Corporate Bank,3809770.14,3389826.36,419943.78000000026
2026-05-27 17:00:00,Corporate Bank,923931.42,3215718.91,-2291787.49
2026-05-27 18:00:00,Corporate Bank,464409.31,719257.27,-254847.96000000002
2026-05-27 19:00:00,Corporate Bank,194594.93,660246.25,-465651.32
2026-05-27 20:00:00,Corporate Bank,268364.44,213908.67,54455.76999999999
2026-05-27 21:00:00,Corporate Bank,122059.95,186356.24,-64296.28999999999
2026-05-27 22:00:00,Corporate Bank,184950.04,108544.92,76405.12000000001
2026-05-27 23:00:00,Corporate Bank,208724.72,223783.47,-15058.75
2026-05-28 00:00:00,Corporate Bank,149309.84,217963.12,-68653.28
2026-05-28 01:00:00,Corporate Bank,103227.67,200039.92,-96812.25000000001
2026-05-28 02:00:00,Corporate Bank,924250.24,95233.62,829016.62
2026-05-28 03:00:00,Corporate Bank,207850.84,1410415.77,-1202564.93
2026-05-28 04:00:00,Corporate Bank,133866.38,174360.9,-40494.51999999999
2026-05-28 05:00:00,Corporate Bank,432474.97,116072.85,316402.12
2026-05-28 06:00:00,Corporate Bank,1089576.62,367015.48,722561.1400000001
2026-05-28 07:00:00,Corporate Bank,2843329.73,1129315.18,1714014.55
2026-05-28 08:00:00,Corporate Bank,5127999.51,2884595.51,2243404.0
2026-05-28 09:00:00,Corporate Bank,4122226.67,4513044.83,-390818.16000000015
2026-05-28 10:00:00,Corporate Bank,3604221.35,5718100.85,-2113879.4999999995
2026-05-28 11:00:00,Corporate Bank,4589682.97,7192644.91,-2602961.9400000004
2026-05-28 12:00:00,Corporate Bank,2961590.78,5054418.04,-2092827.2600000002
2026-05-28 13:00:00,Corporate Bank,1926052.31,1398214.31,527838.0
2026-05-28 14:00:00,Corporate Bank,5922907.22,3647488.05,2275419.17
2026-05-28 15:00:00,Corporate Bank,3056771.41,4223993.95,-1167222.54
2026-05-28 16:00:00,Corporate Bank,3084076.52,2244518.65,839557.8700000001
2026-05-28 17:00:00,Corporate Bank,2009205.07,2512837.09,-503632.0199999998
2026-05-28 18:00:00,Corporate Bank,2974404.11,1759542.6,1214861.5099999998
2026-05-28 19:00:00,Corporate Bank,343498.25,367985.12,-24486.869999999995
2026-05-28 20:00:00,Corporate Bank,1115275.14,265171.13,850104.0099999999
2026-05-28 21:00:00,Corporate Bank,255076.54,126447.69,128628.85
2026-05-28 22:00:00,Corporate Bank,113609.11,124422.98,-10813.869999999995
2026-05-28 23:00:00,Corporate Bank,155633.41,233996.86,-78363.44999999998
2026-05-29 00:00:00,Corporate Bank,190911.31,127468.34,63442.97
2026-05-29 01:00:00,Corporate Bank,1320199.2,172311.44,1147887.76
2026-05-29 02:00:00,Corporate Bank,220929.73,85575.08,135354.65000000002
2026-05-29 03:00:00,Corporate Bank,141073.3,262868.4,-121795.10000000003
2026-05-29 04:00:00,Corporate Bank,363519.05,185020.47,178498.58
2026-05-29 05:00:00,Corporate Bank,726745.04,177869.37,548875.67
2026-05-29 06:00:00,Corporate Bank,1145803.42,439376.73,706426.69
2026-05-29 07:00:00,Corporate Bank,2997013.87,663189.33,2333824.54
2026-05-29 08:00:00,Corporate Bank,6364537.79,3481005.98,2883531.81
2026-05-29 09:00:00,Corporate Bank,3820324.96,3882961.8,-62636.83999999985
2026-05-29 10:00:00,Corporate Bank,3258165.17,4928558.01,-1670392.8399999999
2026-05-29 11:00:00,Corporate Bank,5399241.52,3988753.84,1410487.6799999997
2026-05-29 12:00:00,Corporate Bank,3883459.87,2939551.82,943908.0500000003
2026-05-29 13:00:00,Corporate Bank,4106476.85,4070287.36,36189.49000000022
2026-05-29 14:00:00,Corporate Bank,4891689.84,4332056.4,559633.4399999995
2026-05-29 15:00:00,Corporate Bank,2038930.1,5396231.63,-3357301.53
2026-05-29 16:00:00,Corporate Bank,2531831.13,3786652.0,-1254820.87
2026-05-29 17:00:00,Corporate Bank,1055461.99,2849425.67,-1793963.68
2026-05-29 18:00:00,Corporate Bank,727294.84,1066915.67,-339620.82999999996
2026-05-29 19:00:00,Corporate Bank,343422.51,995188.74,-651766.23
2026-05-29 20:00:00,Corporate Bank,206973.52,149766.29,57207.22999999998
2026-05-29 21:00:00,Corporate Bank,178390.05,242950.32,-64560.27000000002
2026-05-29 22:00:00,Corporate Bank,99702.6,229437.97,-129735.37
2026-05-29 23:00:00,Corporate Bank,186263.2,116331.28,69931.92000000001
2026-05-30 00:00:00,Corporate Bank,11305.27,17566.73,-6261.459999999999
2026-05-30 01:00:00,Corporate Bank,69984.25,12132.36,57851.89
2026-05-30 02:00:00,Corporate Bank,17711.8,12045.49,5666.3099999999995
2026-05-30 03:00:00,Corporate Bank,5799.16,9097.09,-3297.9300000000003
2026-05-30 04:00:00,Corporate Bank,10433.97,8680.61,1753.3599999999988
2026-05-30 05:00:00,Corporate Bank,18464.05,10586.36,7877.689999999999
2026-05-30 06:00:00,Corporate Bank,66525.22,24939.22,41586.0
2026-05-30 07:00:00,Corporate Bank,152963.78,92476.22,60487.56
2026-05-30 08:00:00,Corporate Bank,248976.9,154671.1,94305.79999999999
2026-05-30 09:00:00,Corporate Bank,445465.85,195332.87,250132.97999999998
2026-05-30 10:00:00,Corporate Bank,208238.59,402598.58,-194359.99000000002
2026-05-30 11:00:00,Corporate Bank,162607.76,365645.88,-203038.12
2026-05-30 12:00:00,Corporate Bank,157843.95,255492.99,-97649.03999999998
2026-05-30 13:00:00,Corporate Bank,236692.85,247969.72,-11276.869999999995
2026-05-30 14:00:00,Corporate Bank,202343.82,221924.32,-19580.5
2026-05-30 15:00:00,Corporate Bank,246659.97,201507.02,45152.95000000001
2026-05-30 16:00:00,Corporate Bank,153056.79,175564.62,-22507.829999999987
2026-05-30 17:00:00,Corporate Bank,62695.06,89735.2,-27040.14
2026-05-30 18:00:00,Corporate Bank,43061.51,77933.48,-34871.969999999994
2026-05-30 19:00:00,Corporate Bank,15017.13,29831.58,-14814.450000000003
2026-05-30 20:00:00,Corporate Bank,14367.52,12604.43,1763.0900000000001
2026-05-30 21:00:00,Corporate Bank,8965.73,4114.34,4851.389999999999
2026-05-30 22:00:00,Corporate Bank,9306.63,6281.79,3024.8399999999992
2026-05-30 23:00:00,Corporate Bank,7906.79,12615.56,-4708.7699999999995
2026-05-31 00:00:00,Corporate Bank,9340.28,7373.09,1967.1900000000005
2026-05-31 01:00:00,Corporate Bank,11591.12,10028.25,1562.8700000000008
2026-05-31 02:00:00,Corporate Bank,8292.64,5930.71,2361.9299999999994
2026-05-31 03:00:00,Corporate Bank,11257.16,13889.86,-2632.7000000000007
2026-05-31 04:00:00,Corporate Bank,9186.96,8873.34,313.619999999999
2026-05-31 05:00:00,Corporate Bank,28968.84,12297.56,16671.28
2026-05-31 06:00:00,Corporate Bank,53083.03,44568.02,8515.010000000002
2026-05-31 07:00:00,Corporate Bank,196700.96,95729.61,100971.34999999999
2026-05-31 08:00:00,Corporate Bank,272020.57,133611.59,138408.98
2026-05-31 09:00:00,Corporate Bank,516525.88,214899.86,301626.02
2026-05-31 10:00:00,Corporate Bank,204975.09,285130.9,-80155.81000000003
2026-05-31 11:00:00,Corporate Bank,142711.39,323205.9,-180494.51
2026-05-31 12:00:00,Corporate Bank,178396.63,203411.27,-25014.639999999985
2026-05-31 13:00:00,Corporate Bank,174073.62,176105.59,-2031.9700000000012
2026-05-31 14:00:00,Corporate Bank,193199.81,373818.07,-180618.26
2026-05-31 15:00:00,Corporate Bank,301583.66,257303.94,44279.71999999997
2026-05-31 16:00:00,Corporate Bank,160645.88,454111.13,-293465.25
2026-05-31 17:00:00,Corporate Bank,68740.11,150614.69,-81874.58
2026-05-31 18:00:00,Corporate Bank,29500.61,124010.55,-94509.94
2026-05-31 19:00:00,Corporate Bank,12779.86,34048.91,-21269.050000000003
2026-05-31 20:00:00,Corporate Bank,17137.8,19200.43,-2062.630000000001
2026-05-31 21:00:00,Corporate Bank,7623.78,8034.8,-411.02000000000044
2026-05-31 22:00:00,Corporate Bank,6305.01,7069.02,-764.0100000000002
2026-05-31 23:00:00,Corporate Bank,11886.13,10345.9,1540.2299999999996
2026-06-01 00:00:00,Corporate Bank,146223.14,201784.72,-55561.57999999999
2026-06-01 01:00:00,Corporate Bank,287611.99,151823.21,135788.78
2026-06-01 02:00:00,Corporate Bank,133528.81,101986.61,31542.199999999997
2026-06-01 03:00:00,Corporate Bank,206993.36,99971.06,107022.29999999999
2026-06-01 04:00:00,Corporate Bank,270339.76,100637.99,169701.77000000002
2026-06-01 05:00:00,Corporate Bank,328821.72,110554.96,218266.75999999995
2026-06-01 06:00:00,Corporate Bank,842491.45,382045.17,460446.27999999997
2026-06-01 07:00:00,Corporate Bank,3171631.17,1418733.04,1752898.13
2026-06-01 08:00:00,Corporate Bank,5289415.55,2431570.56,2857844.9899999998
2026-06-01 09:00:00,Corporate Bank,3572664.5,2172045.21,1400619.29
2026-06-01 10:00:00,Corporate Bank,3442622.44,4948275.68,-1505653.2399999998
2026-06-01 11:00:00,Corporate Bank,1730488.62,4402338.37,-2671849.75
2026-06-01 12:00:00,Corporate Bank,4276547.35,6561716.12,-2285168.7700000005
2026-06-01 13:00:00,Corporate Bank,4063191.96,2134368.98,1928822.98
2026-06-01 14:00:00,Corporate Bank,4643905.42,3568220.5,1075684.92
2026-06-01 15:00:00,Corporate Bank,2511309.73,7403347.23,-4892037.5
2026-06-01 16:00:00,Corporate Bank,1928381.01,4345384.12,-2417003.1100000003
2026-06-01 17:00:00,Corporate Bank,1146260.52,2892587.51,-1746326.9899999998
2026-06-01 18:00:00,Corporate Bank,451336.32,1252074.64,-800738.3199999998
2026-06-01 19:00:00,Corporate Bank,263961.46,562840.29,-298878.83
2026-06-01 20:00:00,Corporate Bank,207395.43,302698.72,-95303.28999999998
2026-06-01 21:00:00,Corporate Bank,313004.83,130546.55,182458.28000000003
2026-06-01 22:00:00,Corporate Bank,155304.96,198081.4,-42776.44
2026-06-01 23:00:00,Corporate Bank,218020.39,99503.09,118517.30000000002
2026-06-02 00:00:00,Corporate Bank,121616.02,165528.9,-43912.87999999999
2026-06-02 01:00:00,Corporate Bank,94395.78,158263.61,-63867.82999999999
2026-06-02 02:00:00,Corporate Bank,140680.09,124695.1,15984.98999999999
2026-06-02 03:00:00,Corporate Bank,99442.04,149329.11,-49887.06999999999
2026-06-02 04:00:00,Corporate Bank,196256.46,128112.49,68143.96999999999
2026-06-02 05:00:00,Corporate Bank,304228.86,136222.42,168006.43999999997
2026-06-02 06:00:00,Corporate Bank,585788.22,332489.68,253298.53999999998
2026-06-02 07:00:00,Corporate Bank,4274399.42,726915.15,3547484.27
2026-06-02 08:00:00,Corporate Bank,3788505.7,2689623.83,1098881.87
2026-06-02 09:00:00,Corporate Bank,3337456.25,3030622.36,306833.89000000013
2026-06-02 10:00:00,Corporate Bank,6323138.9,6487390.78,-164251.8799999999
2026-06-02 11:00:00,Corporate Bank,2976501.16,3243107.01,-266605.8499999996
2026-06-02 12:00:00,Corporate Bank,4960863.13,2952239.61,2008623.52
2026-06-02 13:00:00,Corporate Bank,29671236.55,2739927.32,26931309.23
2026-06-02 14:00:00,Corporate Bank,4145119.08,5970402.3,-1825283.2199999997
2026-06-02 15:00:00,Corporate Bank,4625975.02,4900138.18,-274163.16000000015
2026-06-02 16:00:00,Corporate Bank,3202966.2,3562991.56,-360025.35999999987
2026-06-02 17:00:00,Corporate Bank,1666020.29,2837074.3,-1171054.0099999998
2026-06-02 18:00:00,Corporate Bank,537531.9,642922.46,-105390.55999999994
2026-06-02 19:00:00,Corporate Bank,298579.82,503242.81,-204662.99
2026-06-02 20:00:00,Corporate Bank,217734.27,436465.52,-218731.25000000003
2026-06-02 21:00:00,Corporate Bank,1116723.31,173171.03,943552.28
2026-06-02 22:00:00,Corporate Bank,149694.77,155342.82,-5648.0500000000175
2026-06-02 23:00:00,Corporate Bank,101127.22,177066.98,-75939.76000000001
2026-06-03 00:00:00,Corporate Bank,186720.48,196235.8,-9515.319999999978
2026-06-03 01:00:00,Corporate Bank,158005.89,82384.7,75621.19000000002
2026-06-03 02:00:00,Corporate Bank,138116.04,90564.43,47551.610000000015
2026-06-03 03:00:00,Corporate Bank,235620.25,160139.55,75480.70000000001
2026-06-03 04:00:00,Corporate Bank,127315.75,124612.36,2703.3899999999994
2026-06-03 05:00:00,Corporate Bank,629626.86,278496.91,351129.95
2026-06-03 06:00:00,Corporate Bank,1045821.27,336346.18,709475.0900000001
2026-06-03 07:00:00,Corporate Bank,2792930.81,566596.34,2226334.47
2026-06-03 08:00:00,Corporate Bank,3953996.93,1668888.65,2285108.2800000003
2026-06-03 09:00:00,Corporate Bank,3308096.12,1875529.16,1432566.9600000002
2026-06-03 10:00:00,Corporate Bank,4631502.09,4884317.9,-252815.81000000052
2026-06-03 11:00:00,Corporate Bank,4094957.27,4368677.39,-273720.11999999965
2026-06-03 12:00:00,Corporate Bank,4381528.2,3080567.2,1300961.0
2026-06-03 13:00:00,Corporate Bank,4141703.02,4567546.23,-425843.2100000004
2026-06-03 14:00:00,Corporate Bank,2525499.52,5747852.14,-3222352.6199999996
2026-06-03 15:00:00,Corporate Bank,2626728.74,4216729.78,-1590001.04
2026-06-03 16:00:00,Corporate Bank,4961546.02,2001131.07,2960414.9499999993
2026-06-03 17:00:00,Corporate Bank,953259.42,2939801.28,-1986541.8599999999
2026-06-03 18:00:00,Corporate Bank,847274.98,1429085.35,-581810.3700000001
2026-06-03 19:00:00,Corporate Bank,192525.05,559380.73,-366855.68
2026-06-03 20:00:00,Corporate Bank,164819.35,321789.96,-156970.61000000002
2026-06-03 21:00:00,Corporate Bank,191119.2,117346.06,73773.14000000001
2026-06-03 22:00:00,Corporate Bank,122160.71,278073.95,-155913.24
2026-06-03 23:00:00,Corporate Bank,251547.63,112647.25,138900.38
2026-06-04 00:00:00,Corporate Bank,159585.37,187804.64,-28219.27000000002
2026-06-04 01:00:00,Corporate Bank,179152.16,90417.29,88734.87000000001
2026-06-04 02:00:00,Corporate Bank,144300.35,113486.07,30814.28
2026-06-04 03:00:00,Corporate Bank,195685.26,236954.67,-41269.41
2026-06-04 04:00:00,Corporate Bank,313769.35,142793.68,170975.66999999998
2026-06-04 05:00:00,Corporate Bank,369640.42,241719.06,127921.35999999999
2026-06-04 06:00:00,Corporate Bank,1768971.5,396937.9,1372033.6
2026-06-04 07:00:00,Corporate Bank,2113525.32,980947.46,1132577.8599999999
2026-06-04 08:00:00,Corporate Bank,5598333.66,3675603.0,1922730.6600000001
2026-06-04 09:00:00,Corporate Bank,6316902.69,3986030.99,2330871.7
2026-06-04 10:00:00,Corporate Bank,3504996.73,3071130.93,433865.7999999998
2026-06-04 11:00:00,Corporate Bank,3949052.68,3632799.34,316253.3400000003
2026-06-04 12:00:00,Corporate Bank,3584932.75,4128070.33,-543137.5800000001
2026-06-04 13:00:00,Corporate Bank,3402666.42,3720898.42,-318232.0
2026-06-04 14:00:00,Corporate Bank,5428167.25,2507165.46,2921001.79
2026-06-04 15:00:00,Corporate Bank,4358484.98,3571099.98,787385.0000000005
2026-06-04 16:00:00,Corporate Bank,2623043.85,3188671.12,-565627.27
2026-06-04 17:00:00,Corporate Bank,1296047.64,2189157.21,-893109.5700000001
2026-06-04 18:00:00,Corporate Bank,537488.51,800637.08,-263148.56999999995
2026-06-04 19:00:00,Corporate Bank,2213514.82,422209.45,1791305.3699999999
2026-06-04 20:00:00,Corporate Bank,181551.08,192649.4,-11098.320000000007
2026-06-04 21:00:00,Corporate Bank,130602.79,209775.05,-79172.26
2026-06-04 22:00:00,Corporate Bank,346692.64,194026.91,152665.73
2026-06-04 23:00:00,Corporate Bank,102224.14,143788.93,-41564.78999999999
2026-06-05 00:00:00,Corporate Bank,130900.79,133356.16,-2455.37000000001
2026-06-05 01:00:00,Corporate Bank,134056.0,156431.32,-22375.320000000007
2026-06-05 02:00:00,Corporate Bank,288393.82,117423.49,170970.33000000002
2026-06-05 03:00:00,Corporate Bank,108077.77,106581.36,1496.4100000000035
2026-06-05 04:00:00,Corporate Bank,222026.56,116466.58,105559.98
2026-06-05 05:00:00,Corporate Bank,414235.51,155299.49,258936.02000000002
2026-06-05 06:00:00,Corporate Bank,1163654.12,260773.21,902880.9100000001
2026-06-05 07:00:00,Corporate Bank,3679360.69,1062759.62,2616601.07
2026-06-05 08:00:00,Corporate Bank,6410831.55,3038842.86,3371988.69
2026-06-05 09:00:00,Corporate Bank,4764571.75,2658239.75,2106332.0
2026-06-05 10:00:00,Corporate Bank,5119052.92,5279365.5,-160312.58000000007
2026-06-05 11:00:00,Corporate Bank,2117216.39,4327520.77,-2210304.3799999994
2026-06-05 12:00:00,Corporate Bank,3684953.24,3876393.28,-191440.03999999957
2026-06-05 13:00:00,Corporate Bank,3463640.46,3291787.69,171852.77000000002
2026-06-05 14:00:00,Corporate Bank,4610268.49,2593972.56,2016295.9300000002
2026-06-05 15:00:00,Corporate Bank,2515888.67,3038790.67,-522902.0
2026-06-05 16:00:00,Corporate Bank,3027003.51,3830317.63,-803314.1200000001
2026-06-05 17:00:00,Corporate Bank,795266.49,3326071.2,-2530804.71
2026-06-05 18:00:00,Corporate Bank,577319.5,622613.3,-45293.80000000005
2026-06-05 19:00:00,Corporate Bank,176355.28,565511.61,-389156.32999999996
2026-06-05 20:00:00,Corporate Bank,134921.68,342524.0,-207602.32
2026-06-05 21:00:00,Corporate Bank,224024.29,158962.45,65061.84
2026-06-05 22:00:00,Corporate Bank,186376.94,179526.21,6850.7300000000105
2026-06-05 23:00:00,Corporate Bank,220242.4,121652.53,98589.87
2026-06-06 00:00:00,Corporate Bank,14944.87,8683.41,6261.460000000001
2026-06-06 01:00:00,Corporate Bank,7424.0,5534.24,1889.7600000000002
2026-06-06 02:00:00,Corporate Bank,14709.0,4455.08,10253.92
2026-06-06 03:00:00,Corporate Bank,6207.94,11969.69,-5761.750000000001
2026-06-06 04:00:00,Corporate Bank,14664.65,6894.76,7769.889999999999
2026-06-06 05:00:00,Corporate Bank,19895.72,9832.86,10062.86
2026-06-06 06:00:00,Corporate Bank,47786.3,14634.03,33152.270000000004
2026-06-06 07:00:00,Corporate Bank,183189.58,39789.57,143400.00999999998
2026-06-06 08:00:00,Corporate Bank,354628.3,139039.12,215589.18
2026-06-06 09:00:00,Corporate Bank,430703.44,206286.31,224417.13
2026-06-06 10:00:00,Corporate Bank,309069.68,352130.97,-43061.28999999998
2026-06-06 11:00:00,Corporate Bank,231195.71,317691.77,-86496.06000000003
2026-06-06 12:00:00,Corporate Bank,251372.14,231146.57,20225.570000000007
2026-06-06 13:00:00,Corporate Bank,288874.06,212988.3,75885.76000000001
2026-06-06 14:00:00,Corporate Bank,344106.82,386427.9,-42321.080000000016
2026-06-06 15:00:00,Corporate Bank,266076.02,193299.9,72776.12000000002
2026-06-06 16:00:00,Corporate Bank,207118.52,224075.88,-16957.360000000015
2026-06-06 17:00:00,Corporate Bank,48719.28,205883.2,-157163.92
2026-06-06 18:00:00,Corporate Bank,31852.56,106073.59,-74221.03
2026-06-06 19:00:00,Corporate Bank,10093.46,19966.84,-9873.380000000001
2026-06-06 20:00:00,Corporate Bank,11349.65,13096.41,-1746.7600000000002
2026-06-06 21:00:00,Corporate Bank,15556.88,15008.27,548.6099999999988
2026-06-06 22:00:00,Corporate Bank,47100.82,10636.31,36464.51
2026-06-06 23:00:00,Corporate Bank,9725.32,9556.85,168.46999999999935
2026-06-07 00:00:00,Corporate Bank,11744.63,8431.03,3313.5999999999985
2026-06-07 01:00:00,Corporate Bank,5034.19,8021.21,-2987.0200000000004
2026-06-07 02:00:00,Corporate Bank,8021.58,9814.04,-1792.460000000001
2026-06-07 03:00:00,Corporate Bank,10749.24,8363.15,2386.09
2026-06-07 04:00:00,Corporate Bank,4916.08,9147.55,-4231.469999999999
2026-06-07 05:00:00,Corporate Bank,17209.53,11541.72,5667.8099999999995
2026-06-07 06:00:00,Corporate Bank,87890.03,18099.08,69790.95
2026-06-07 07:00:00,Corporate Bank,205835.99,71252.82,134583.16999999998
2026-06-07 08:00:00,Corporate Bank,298831.6,351138.26,-52306.66000000003
2026-06-07 09:00:00,Corporate Bank,426451.46,150662.5,275788.96
2026-06-07 10:00:00,Corporate Bank,309092.33,346476.72,-37384.389999999956
2026-06-07 11:00:00,Corporate Bank,262511.75,220801.27,41710.48000000001
2026-06-07 12:00:00,Corporate Bank,195230.01,249639.5,-54409.48999999999
2026-06-07 13:00:00,Corporate Bank,273036.47,201064.19,71972.27999999997
2026-06-07 14:00:00,Corporate Bank,241974.96,302527.23,-60552.26999999999
2026-06-07 15:00:00,Corporate Bank,365631.95,378862.35,-13230.399999999965
2026-06-07 16:00:00,Corporate Bank,253895.79,241336.34,12559.450000000012
2026-06-07 17:00:00,Corporate Bank,120086.34,205843.83,-85757.48999999999
2026-06-07 18:00:00,Corporate Bank,29314.06,35926.74,-6612.679999999997
2026-06-07 19:00:00,Corporate Bank,11483.48,49290.82,-37807.34
2026-06-07 20:00:00,Corporate Bank,15321.67,16095.88,-774.2099999999991
2026-06-07 21:00:00,Corporate Bank,11190.85,13797.92,-2607.0699999999997
2026-06-07 22:00:00,Corporate Bank,10345.59,6333.72,4011.87
2026-06-07 23:00:00,Corporate Bank,7740.51,7024.81,715.6999999999998
2026-06-08 00:00:00,Corporate Bank,177249.73,156713.12,20536.610000000015
2026-06-08 01:00:00,Corporate Bank,112662.52,149235.92,-36573.40000000001
2026-06-08 02:00:00,Corporate Bank,189123.01,163314.87,25808.140000000014
2026-06-08 03:00:00,Corporate Bank,242877.57,208161.2,34716.369999999995
2026-06-08 04:00:00,Corporate Bank,318726.7,90931.33,227795.37
2026-06-08 05:00:00,Corporate Bank,475550.79,251626.31,223924.47999999998
2026-06-08 06:00:00,Corporate Bank,695501.58,370620.2,324881.37999999995
2026-06-08 07:00:00,Corporate Bank,2694021.61,952292.08,1741729.5299999998
2026-06-08 08:00:00,Corporate Bank,8458270.37,1570238.52,6888031.85
2026-06-08 09:00:00,Corporate Bank,4203473.59,4976407.5,-772933.9100000001
2026-06-08 10:00:00,Corporate Bank,4744612.38,20763256.33,-16018643.95
2026-06-08 11:00:00,Corporate Bank,5659808.83,5615292.89,44515.94000000041
2026-06-08 12:00:00,Corporate Bank,4304539.27,2236295.71,2068243.5599999996
2026-06-08 13:00:00,Corporate Bank,9249448.4,3358014.22,5891434.18
2026-06-08 14:00:00,Corporate Bank,3913139.56,3871026.21,42113.35000000009
2026-06-08 15:00:00,Corporate Bank,3099717.3,6303076.61,-3203359.3100000005
2026-06-08 16:00:00,Corporate Bank,3870366.22,3598525.25,271840.9700000002
2026-06-08 17:00:00,Corporate Bank,924159.14,1983605.09,-1059445.9500000002
2026-06-08 18:00:00,Corporate Bank,520546.94,1039194.35,-518647.41
2026-06-08 19:00:00,Corporate Bank,249824.41,746859.95,-497035.5399999999
2026-06-08 20:00:00,Corporate Bank,237551.31,281559.62,-44008.31
2026-06-08 21:00:00,Corporate Bank,190492.96,148248.03,42244.92999999999
2026-06-08 22:00:00,Corporate Bank,179202.29,141787.09,37415.20000000001
2026-06-08 23:00:00,Corporate Bank,138274.18,93872.4,44401.78
2026-06-09 00:00:00,Corporate Bank,224609.13,168540.77,56068.360000000015
2026-06-09 01:00:00,Corporate Bank,522031.24,88472.79,433558.45
2026-06-09 02:00:00,Corporate Bank,192397.51,187973.02,4424.49000000002
2026-06-09 03:00:00,Corporate Bank,165470.53,156263.66,9206.869999999995
2026-06-09 04:00:00,Corporate Bank,132378.0,316004.45,-183626.45
2026-06-09 05:00:00,Corporate Bank,317561.67,135065.35,182496.31999999998
2026-06-09 06:00:00,Corporate Bank,987450.81,358487.79,628963.02
2026-06-09 07:00:00,Corporate Bank,2162913.14,1736266.96,426646.18000000017
2026-06-09 08:00:00,Corporate Bank,4430076.4,3490269.65,939806.7500000005
2026-06-09 09:00:00,Corporate Bank,9298931.77,3472691.8,5826239.97
2026-06-09 10:00:00,Corporate Bank,7021060.57,5603870.58,1417189.9900000002
2026-06-09 11:00:00,Corporate Bank,3531359.75,4625457.81,-1094098.0599999996
2026-06-09 12:00:00,Corporate Bank,2489410.54,3807753.22,-1318342.6800000002
2026-06-09 13:00:00,Corporate Bank,6564834.59,2679709.22,3885125.3699999996
2026-06-09 14:00:00,Corporate Bank,4804171.21,3905845.09,898326.1200000001
2026-06-09 15:00:00,Corporate Bank,2485036.94,2747690.41,-262653.4700000002
2026-06-09 16:00:00,Corporate Bank,3319587.53,3953723.11,-634135.5800000001
2026-06-09 17:00:00,Corporate Bank,1799661.52,2795927.0,-996265.48
2026-06-09 18:00:00,Corporate Bank,266703.6,1129980.9,-863277.2999999999
2026-06-09 19:00:00,Corporate Bank,198956.43,314032.85,-115076.41999999998
2026-06-09 20:00:00,Corporate Bank,168418.27,322471.48,-154053.21
2026-06-09 21:00:00,Corporate Bank,197490.04,185663.01,11827.029999999999
2026-06-09 22:00:00,Corporate Bank,133843.58,122419.78,11423.799999999988
2026-06-09 23:00:00,Corporate Bank,121549.94,138090.53,-16540.589999999997
2026-06-10 00:00:00,Corporate Bank,194029.71,95625.03,98404.68
2026-06-10 01:00:00,Corporate Bank,135569.38,110279.36,25290.020000000004
2026-06-10 02:00:00,Corporate Bank,183974.17,127665.82,56308.350000000006
2026-06-10 03:00:00,Corporate Bank,115058.05,217344.68,-102286.62999999999
2026-06-10 04:00:00,Corporate Bank,130232.39,127462.19,2770.199999999997
2026-06-10 05:00:00,Corporate Bank,482266.67,227662.32,254604.34999999998
2026-06-10 06:00:00,Corporate Bank,1135690.05,314567.4,821122.65
2026-06-10 07:00:00,Corporate Bank,3348701.91,1090498.95,2258202.96
2026-06-10 08:00:00,Corporate Bank,3794157.11,2339982.51,1454174.6
2026-06-10 09:00:00,Corporate Bank,4297197.72,5560625.63,-1263427.9100000001
2026-06-10 10:00:00,Corporate Bank,7264357.65,4463012.13,2801345.5200000005
2026-06-10 11:00:00,Corporate Bank,2345374.71,2884112.05,-538737.3399999999
2026-06-10 12:00:00,Corporate Bank,5206813.97,2311433.37,2895380.5999999996
2026-06-10 13:00:00,Corporate Bank,6531707.74,2817216.02,3714491.72
2026-06-10 14:00:00,Corporate Bank,6310580.56,2758128.31,3552452.2499999995
2026-06-10 15:00:00,Corporate Bank,3393613.88,5019046.75,-1625432.87
2026-06-10 16:00:00,Corporate Bank,2098356.36,3301543.9,-1203187.54
2026-06-10 17:00:00,Corporate Bank,1242189.9,4980545.77,-3738355.8699999996
2026-06-10 18:00:00,Corporate Bank,374427.64,718285.74,-343858.1
2026-06-10 19:00:00,Corporate Bank,190937.1,541911.56,-350974.4600000001
2026-06-10 20:00:00,Corporate Bank,211242.57,170898.4,40344.17000000001
2026-06-10 21:00:00,Corporate Bank,192508.36,143531.62,48976.73999999999
2026-06-10 22:00:00,Corporate Bank,114037.04,158806.47,-44769.43000000001
2026-06-10 23:00:00,Corporate Bank,191101.44,74774.59,116326.85
2026-06-11 00:00:00,Corporate Bank,178779.19,161044.9,17734.290000000008
2026-06-11 01:00:00,Corporate Bank,245413.88,265472.7,-20058.820000000007
2026-06-11 02:00:00,Corporate Bank,185474.96,130938.54,54536.42
2026-06-11 03:00:00,Corporate Bank,220625.3,162536.18,58089.119999999995
2026-06-11 04:00:00,Corporate Bank,225460.19,210008.34,15451.850000000006
2026-06-11 05:00:00,Corporate Bank,515890.84,178861.78,337029.06000000006
2026-06-11 06:00:00,Corporate Bank,715588.01,310568.71,405019.3
2026-06-11 07:00:00,Corporate Bank,2448101.25,511468.21,1936633.04
2026-06-11 08:00:00,Corporate Bank,4399739.57,2959023.51,1440716.0600000005
2026-06-11 09:00:00,Corporate Bank,5070146.55,4136471.47,933675.0799999996
2026-06-11 10:00:00,Corporate Bank,5517529.46,3866934.8,1650594.6600000001
2026-06-11 11:00:00,Corporate Bank,4480106.0,4801625.75,-321519.75
2026-06-11 12:00:00,Corporate Bank,4023720.84,2936881.9,1086838.94
2026-06-11 13:00:00,Corporate Bank,4167989.79,2820134.5,1347855.29
2026-06-11 14:00:00,Corporate Bank,3909782.71,4812215.78,-902433.0700000003
2026-06-11 15:00:00,Corporate Bank,5797306.85,2970296.26,2827010.59
2026-06-11 16:00:00,Corporate Bank,2977343.17,5198214.72,-2220871.55
2026-06-11 17:00:00,Corporate Bank,974635.66,1606168.71,-631533.0499999999
2026-06-11 18:00:00,Corporate Bank,521028.21,991651.18,-470622.97000000003
2026-06-11 19:00:00,Corporate Bank,151027.56,907684.37,-756656.81
2026-06-11 20:00:00,Corporate Bank,175949.67,336184.98,-160235.30999999997
2026-06-11 21:00:00,Corporate Bank,149279.57,171375.48,-22095.910000000003
2026-06-11 22:00:00,Corporate Bank,131506.42,114789.66,16716.76000000001
2026-06-11 23:00:00,Corporate Bank,250973.63,128163.64,122809.99
2026-06-12 00:00:00,Corporate Bank,110279.08,153333.92,-43054.84000000001
2026-06-12 01:00:00,Corporate Bank,192847.19,151698.77,41148.42000000001
2026-06-12 02:00:00,Corporate Bank,301325.6,145984.18,155341.41999999998
2026-06-12 03:00:00,Corporate Bank,221865.61,148964.57,72901.03999999998
2026-06-12 04:00:00,Corporate Bank,193554.42,144800.69,48753.73000000001
2026-06-12 05:00:00,Corporate Bank,273607.85,121900.57,151707.27999999997
2026-06-12 06:00:00,Corporate Bank,699678.61,316631.94,383046.67
2026-06-12 07:00:00,Corporate Bank,2244248.12,1331942.35,912305.77
2026-06-12 08:00:00,Corporate Bank,3622411.49,1619409.89,2003001.6000000003
2026-06-12 09:00:00,Corporate Bank,4395716.9,4042757.43,352959.4700000002
2026-06-12 10:00:00,Corporate Bank,4379218.02,4097352.88,281865.13999999966
2026-06-12 11:00:00,Corporate Bank,3591818.73,4779713.82,-1187895.0900000003
2026-06-12 12:00:00,Corporate Bank,4137507.35,3113858.38,1023648.9700000002
2026-06-12 13:00:00,Corporate Bank,3031865.64,5147599.65,-2115734.0100000002
2026-06-12 14:00:00,Corporate Bank,3973024.66,4670402.42,-697377.7599999998
2026-06-12 15:00:00,Corporate Bank,3976237.52,2994075.41,982162.1099999999
2026-06-12 16:00:00,Corporate Bank,2528094.72,4643595.98,-2115501.2600000002
2026-06-12 17:00:00,Corporate Bank,2295199.37,1936267.12,358932.25
2026-06-12 18:00:00,Corporate Bank,592046.06,1017478.64,-425432.57999999996
2026-06-12 19:00:00,Corporate Bank,157020.34,560124.21,-403103.87
2026-06-12 20:00:00,Corporate Bank,197362.32,206836.97,-9474.649999999994
2026-06-12 21:00:00,Corporate Bank,186612.44,217550.83,-30938.389999999985
2026-06-12 22:00:00,Corporate Bank,150484.09,120651.65,29832.440000000002
2026-06-12 23:00:00,Corporate Bank,108413.09,124761.71,-16348.62000000001
2026-06-13 00:00:00,Corporate Bank,15861.05,7391.37,8469.68
2026-06-13 01:00:00,Corporate Bank,6791.04,7595.36,-804.3199999999997
2026-06-13 02:00:00,Corporate Bank,11438.67,12517.23,-1078.5599999999995
2026-06-13 03:00:00,Corporate Bank,10231.75,10893.72,-661.9699999999993
2026-06-13 04:00:00,Corporate Bank,14039.19,15475.27,-1436.08
2026-06-13 05:00:00,Corporate Bank,38496.34,22257.56,16238.779999999995
2026-06-13 06:00:00,Corporate Bank,74762.82,16282.12,58480.700000000004
2026-06-13 07:00:00,Corporate Bank,128841.29,62036.4,66804.88999999998
2026-06-13 08:00:00,Corporate Bank,372181.79,102929.74,269252.05
2026-06-13 09:00:00,Corporate Bank,270834.91,1454657.74,-1183822.83
2026-06-13 10:00:00,Corporate Bank,304349.34,260235.53,44113.81000000003
2026-06-13 11:00:00,Corporate Bank,150769.52,201981.0,-51211.48000000001
2026-06-13 12:00:00,Corporate Bank,157415.71,153121.38,4294.329999999987
2026-06-13 13:00:00,Corporate Bank,267809.95,189876.08,77933.87000000002
2026-06-13 14:00:00,Corporate Bank,326676.83,167101.15,159575.68000000002
2026-06-13 15:00:00,Corporate Bank,150184.57,342804.07,-192619.5
2026-06-13 16:00:00,Corporate Bank,186726.0,172973.63,13752.369999999995
2026-06-13 17:00:00,Corporate Bank,62079.04,340485.58,-278406.54000000004
2026-06-13 18:00:00,Corporate Bank,48638.05,63393.15,-14755.099999999999
2026-06-13 19:00:00,Corporate Bank,13755.69,31255.88,-17500.190000000002
2026-06-13 20:00:00,Corporate Bank,7456.52,9751.7,-2295.1800000000003
2026-06-13 21:00:00,Corporate Bank,9724.67,16659.7,-6935.030000000001
2026-06-13 22:00:00,Corporate Bank,7121.47,12777.68,-5656.21
2026-06-13 23:00:00,Corporate Bank,13697.87,9852.78,3845.09
2026-06-14 00:00:00,Corporate Bank,9361.53,6008.55,3352.9800000000005
2026-06-14 01:00:00,Corporate Bank,8944.75,9587.2,-642.4500000000007
2026-06-14 02:00:00,Corporate Bank,11204.42,6429.65,4774.77
2026-06-14 03:00:00,Corporate Bank,7127.76,13988.76,-6861.0
2026-06-14 04:00:00,Corporate Bank,7963.46,11810.85,-3847.3900000000003
2026-06-14 05:00:00,Corporate Bank,26075.89,11600.18,14475.71
2026-06-14 06:00:00,Corporate Bank,45418.88,10679.97,34738.909999999996
2026-06-14 07:00:00,Corporate Bank,109527.71,45221.42,64306.29000000001
2026-06-14 08:00:00,Corporate Bank,343302.35,180050.07,163252.27999999997
2026-06-14 09:00:00,Corporate Bank,383123.93,369445.53,13678.399999999965
2026-06-14 10:00:00,Corporate Bank,198931.37,438501.32,-239569.95
2026-06-14 11:00:00,Corporate Bank,184552.98,172038.14,12514.839999999997
2026-06-14 12:00:00,Corporate Bank,163654.1,229812.28,-66158.18
2026-06-14 13:00:00,Corporate Bank,449329.9,268892.47,180437.43000000005
2026-06-14 14:00:00,Corporate Bank,383887.11,146366.56,237520.55
2026-06-14 15:00:00,Corporate Bank,220595.07,265642.02,-45046.95000000001
2026-06-14 16:00:00,Corporate Bank,191198.94,247303.9,-56104.95999999999
2026-06-14 17:00:00,Corporate Bank,52845.96,133924.03,-81078.07
2026-06-14 18:00:00,Corporate Bank,27077.58,41642.55,-14564.970000000001
2026-06-14 19:00:00,Corporate Bank,15776.17,27740.48,-11964.31
2026-06-14 20:00:00,Corporate Bank,11963.32,13037.8,-1074.4799999999996
2026-06-14 21:00:00,Corporate Bank,9232.1,9551.93,-319.8299999999999
2026-06-14 22:00:00,Corporate Bank,10098.52,7712.24,2386.2800000000007
2026-06-14 23:00:00,Corporate Bank,9583.65,7891.41,1692.2399999999998
2026-06-15 00:00:00,Corporate Bank,148530.05,148223.83,306.22000000000116
2026-06-15 01:00:00,Corporate Bank,142755.95,171293.11,-28537.159999999974
2026-06-15 02:00:00,Corporate Bank,137592.92,136924.75,668.1700000000128
2026-06-15 03:00:00,Corporate Bank,172168.34,132962.03,39206.31
2026-06-15 04:00:00,Corporate Bank,221022.61,158757.35,62265.25999999998
2026-06-15 05:00:00,Corporate Bank,408064.08,105585.87,302478.21
2026-06-15 06:00:00,Corporate Bank,739268.09,426581.64,312686.44999999995
2026-06-15 07:00:00,Corporate Bank,1881666.29,1012155.43,869510.86
2026-06-15 08:00:00,Corporate Bank,5017364.14,2470622.55,2546741.59
2026-06-15 09:00:00,Corporate Bank,8482427.73,5708829.08,2773598.6500000004
2026-06-15 10:00:00,Corporate Bank,5055561.12,2916611.94,2138949.18
2026-06-15 11:00:00,Corporate Bank,3273410.11,2556976.19,716433.9199999999
2026-06-15 12:00:00,Corporate Bank,3826046.67,3798452.33,27594.33999999985
2026-06-15 13:00:00,Corporate Bank,3125113.47,3297542.07,-172428.59999999963
2026-06-15 14:00:00,Corporate Bank,7220208.07,4222060.91,2998147.16
2026-06-15 15:00:00,Corporate Bank,4411504.97,3863363.97,548140.9999999995
2026-06-15 16:00:00,Corporate Bank,2193008.49,4634029.35,-2441020.8599999994
2026-06-15 17:00:00,Corporate Bank,1258416.22,3231508.85,-1973092.6300000001
2026-06-15 18:00:00,Corporate Bank,471443.65,1398809.12,-927365.4700000001
2026-06-15 19:00:00,Corporate Bank,377644.5,471427.02,-93782.52000000002
2026-06-15 20:00:00,Corporate Bank,163844.0,127376.63,36467.369999999995
2026-06-15 21:00:00,Corporate Bank,165992.83,209630.54,-43637.71000000002
2026-06-15 22:00:00,Corporate Bank,185585.13,219593.71,-34008.57999999999
2026-06-15 23:00:00,Corporate Bank,124928.03,182264.17,-57336.140000000014
2026-06-16 00:00:00,Corporate Bank,165334.94,115208.4,50126.54000000001
2026-06-16 01:00:00,Corporate Bank,169408.15,183603.42,-14195.270000000019
2026-06-16 02:00:00,Corporate Bank,98096.86,194205.8,-96108.93999999999
2026-06-16 03:00:00,Corporate Bank,173243.9,239991.41,-66747.51000000001
2026-06-16 04:00:00,Corporate Bank,192730.29,118728.31,74001.98000000001
2026-06-16 05:00:00,Corporate Bank,399776.79,175539.31,224237.47999999998
2026-06-16 06:00:00,Corporate Bank,1064146.83,462605.6,601541.2300000001
2026-06-16 07:00:00,Corporate Bank,2744467.38,1029912.75,1714554.63
2026-06-16 08:00:00,Corporate Bank,6648844.96,1746063.5,4902781.46
2026-06-16 09:00:00,Corporate Bank,3829148.61,4846120.7,-1016972.0900000003
2026-06-16 10:00:00,Corporate Bank,4358458.8,6233050.1,-1874591.2999999998
2026-06-16 11:00:00,Corporate Bank,4523646.42,4746295.48,-222649.06000000052
2026-06-16 12:00:00,Corporate Bank,4132190.67,3737167.7,395022.96999999974
2026-06-16 13:00:00,Corporate Bank,5044702.51,3057815.12,1986887.3899999997
2026-06-16 14:00:00,Corporate Bank,11137012.14,6251078.28,4885933.86
2026-06-16 15:00:00,Corporate Bank,5015225.11,3387081.94,1628143.1700000004
2026-06-16 16:00:00,Corporate Bank,3763663.59,3183319.21,580344.3799999999
2026-06-16 17:00:00,Corporate Bank,1206557.16,2450894.76,-1244337.5999999999
2026-06-16 18:00:00,Corporate Bank,409950.63,1574775.57,-1164824.94
2026-06-16 19:00:00,Corporate Bank,231865.4,325317.26,-93451.86000000002
2026-06-16 20:00:00,Corporate Bank,215546.11,161800.82,53745.28999999998
2026-06-16 21:00:00,Corporate Bank,178999.54,90310.81,88688.73000000001
2026-06-16 22:00:00,Corporate Bank,176332.46,153710.2,22622.25999999998
2026-06-16 23:00:00,Corporate Bank,146300.76,107404.05,38896.71000000001
2026-06-17 00:00:00,Corporate Bank,139451.9,133656.14,5795.75999999998
2026-06-17 01:00:00,Corporate Bank,147824.1,182920.79,-35096.69
2026-06-17 02:00:00,Corporate Bank,194322.98,123754.12,70568.86000000002
2026-06-17 03:00:00,Corporate Bank,206667.19,161151.17,45516.01999999999
2026-06-17 04:00:00,Corporate Bank,144480.98,141156.52,3324.460000000021
2026-06-17 05:00:00,Corporate Bank,483291.14,229851.55,253439.59000000003
2026-06-17 06:00:00,Corporate Bank,866119.92,426337.66,439782.26000000007
2026-06-17 07:00:00,Corporate Bank,2922713.77,822563.96,2100149.81
2026-06-17 08:00:00,Corporate Bank,4202377.59,2320926.77,1881450.8199999998
2026-06-17 09:00:00,Corporate Bank,8725338.57,5852779.43,2872559.1400000006
2026-06-17 10:00:00,Corporate Bank,4260309.55,5896036.63,-1635727.08
2026-06-17 11:00:00,Corporate Bank,3907572.6,3040089.42,867483.1800000002
2026-06-17 12:00:00,Corporate Bank,4290948.83,4259441.15,31507.679999999702
2026-06-17 13:00:00,Corporate Bank,3381533.7,2386741.94,994791.7600000002
2026-06-17 14:00:00,Corporate Bank,4769987.61,6128954.7,-1358967.0899999999
2026-06-17 15:00:00,Corporate Bank,3850727.86,6033975.46,-2183247.6
2026-06-17 16:00:00,Corporate Bank,2297835.19,4141617.04,-1843781.85
2026-06-17 17:00:00,Corporate Bank,1159484.72,2560819.6,-1401334.8800000001
2026-06-17 18:00:00,Corporate Bank,770866.21,1136231.27,-365365.06000000006
2026-06-17 19:00:00,Corporate Bank,212913.73,624886.5,-411972.77
2026-06-17 20:00:00,Corporate Bank,206336.67,214481.11,-8144.439999999973
2026-06-17 21:00:00,Corporate Bank,174114.54,178617.51,-4502.970000000001
2026-06-17 22:00:00,Corporate Bank,102750.3,197717.8,-94967.49999999999
2026-06-17 23:00:00,Corporate Bank,182311.84,126918.81,55393.03
2026-06-18 00:00:00,Corporate Bank,102085.07,124683.38,-22598.309999999998
2026-06-18 01:00:00,Corporate Bank,188369.94,104828.97,83540.97
2026-06-18 02:00:00,Corporate Bank,134292.66,109007.61,25285.050000000003
2026-06-18 03:00:00,Corporate Bank,160999.56,86872.34,74127.22
2026-06-18 04:00:00,Corporate Bank,132520.37,192215.93,-59695.56
2026-06-18 05:00:00,Corporate Bank,398868.25,323265.42,75602.83000000002
2026-06-18 06:00:00,Corporate Bank,1390369.58,566961.79,823407.79
2026-06-18 07:00:00,Corporate Bank,1993210.06,621528.03,1371682.03
2026-06-18 08:00:00,Corporate Bank,3710215.85,3034414.55,675801.3000000003
2026-06-18 09:00:00,Corporate Bank,6251872.47,6556294.3,-304421.8300000001
2026-06-18 10:00:00,Corporate Bank,5576992.8,4568679.95,1008312.8499999996
2026-06-18 11:00:00,Corporate Bank,1784394.28,4765534.84,-2981140.5599999996
2026-06-18 12:00:00,Corporate Bank,6547948.82,1915702.95,4632245.87
2026-06-18 13:00:00,Corporate Bank,5150444.72,3579894.28,1570550.44
2026-06-18 14:00:00,Corporate Bank,6009108.63,2915969.56,3093139.07
2026-06-18 15:00:00,Corporate Bank,3995527.12,4711785.52,-716258.3999999994
2026-06-18 16:00:00,Corporate Bank,1536497.46,2376811.26,-840313.7999999998
2026-06-18 17:00:00,Corporate Bank,1619810.58,2874891.63,-1255081.0499999998
2026-06-18 18:00:00,Corporate Bank,466078.49,1645065.76,-1178987.27
2026-06-18 19:00:00,Corporate Bank,299954.8,403049.3,-103094.5
2026-06-18 20:00:00,Corporate Bank,163032.0,170439.15,-7407.149999999994
2026-06-18 21:00:00,Corporate Bank,170161.28,87162.03,82999.25
2026-06-18 22:00:00,Corporate Bank,123828.42,140518.11,-16689.689999999988
2026-06-18 23:00:00,Corporate Bank,202205.5,126167.63,76037.87
2026-06-19 00:00:00,Corporate Bank,109218.1,94191.47,15026.630000000005
2026-06-19 01:00:00,Corporate Bank,306020.18,171836.84,134183.34
2026-06-19 02:00:00,Corporate Bank,305993.41,131074.83,174918.58
2026-06-19 03:00:00,Corporate Bank,262093.51,108879.03,153214.48
2026-06-19 04:00:00,Corporate Bank,286478.66,130751.56,155727.09999999998
2026-06-19 05:00:00,Corporate Bank,374859.75,259093.95,115765.79999999999
2026-06-19 06:00:00,Corporate Bank,1493987.14,443002.02,1050985.1199999999
2026-06-19 07:00:00,Corporate Bank,2466951.34,973598.04,1493353.2999999998
2026-06-19 08:00:00,Corporate Bank,2793191.7,2939659.06,-146467.35999999987
2026-06-19 09:00:00,Corporate Bank,8563038.83,3020795.05,5542243.78
2026-06-19 10:00:00,Corporate Bank,6776166.63,5290846.95,1485319.6799999997
2026-06-19 11:00:00,Corporate Bank,3669043.78,4831573.76,-1162529.98
2026-06-19 12:00:00,Corporate Bank,2476817.96,3038918.2,-562100.2400000002
2026-06-19 13:00:00,Corporate Bank,3686423.76,3765760.83,-79337.0700000003
2026-06-19 14:00:00,Corporate Bank,2823160.91,3174468.63,-351307.71999999974
2026-06-19 15:00:00,Corporate Bank,5538711.58,5171292.38,367419.2000000002
2026-06-19 16:00:00,Corporate Bank,1657182.4,4480247.5,-2823065.1
2026-06-19 17:00:00,Corporate Bank,1441871.41,1018172.7,423698.70999999996
2026-06-19 18:00:00,Corporate Bank,428719.33,1728956.88,-1300237.5499999998
2026-06-19 19:00:00,Corporate Bank,166075.29,204327.29,-38252.0
2026-06-19 20:00:00,Corporate Bank,186997.14,199265.96,-12268.819999999978
2026-06-19 21:00:00,Corporate Bank,143336.5,226372.12,-83035.62
2026-06-19 22:00:00,Corporate Bank,200909.09,138389.82,62519.26999999999
2026-06-19 23:00:00,Corporate Bank,106664.27,96760.01,9904.26000000001
2026-06-20 00:00:00,Corporate Bank,7457.76,6482.48,975.2800000000007
2026-06-20 01:00:00,Corporate Bank,4573.49,104947.18,-100373.68999999999
2026-06-20 02:00:00,Corporate Bank,4871.8,5057.63,-185.82999999999993
2026-06-20 03:00:00,Corporate Bank,16526.06,12657.44,3868.620000000001
2026-06-20 04:00:00,Corporate Bank,21904.43,9113.25,12791.18
2026-06-20 05:00:00,Corporate Bank,23720.12,7882.7,15837.419999999998
2026-06-20 06:00:00,Corporate Bank,49337.3,18622.08,30715.22
2026-06-20 07:00:00,Corporate Bank,139302.24,44765.08,94537.15999999999
2026-06-20 08:00:00,Corporate Bank,347115.3,189952.54,157162.75999999998
2026-06-20 09:00:00,Corporate Bank,280485.65,319854.61,-39368.95999999996
2026-06-20 10:00:00,Corporate Bank,311188.53,187703.49,123485.04000000004
2026-06-20 11:00:00,Corporate Bank,221373.33,245732.24,-24358.910000000003
2026-06-20 12:00:00,Corporate Bank,180951.8,162039.71,18912.089999999997
2026-06-20 13:00:00,Corporate Bank,225203.35,292279.33,-67075.98000000001
2026-06-20 14:00:00,Corporate Bank,319431.11,160546.74,158884.37
2026-06-20 15:00:00,Corporate Bank,186702.38,430862.8,-244160.41999999998
2026-06-20 16:00:00,Corporate Bank,184191.3,225535.33,-41344.03
2026-06-20 17:00:00,Corporate Bank,68907.39,103432.76,-34525.369999999995
2026-06-20 18:00:00,Corporate Bank,34422.48,59239.52,-24817.039999999994
2026-06-20 19:00:00,Corporate Bank,23155.45,24049.55,-894.0999999999985
2026-06-20 20:00:00,Corporate Bank,9931.57,9812.52,119.04999999999927
2026-06-20 21:00:00,Corporate Bank,12526.74,10273.97,2252.7700000000004
2026-06-20 22:00:00,Corporate Bank,5476.0,6318.46,-842.46
2026-06-20 23:00:00,Corporate Bank,8129.08,4685.95,3443.13
2026-06-21 00:00:00,Corporate Bank,9438.12,8031.1,1407.0200000000004
2026-06-21 01:00:00,Corporate Bank,16669.3,5240.27,11429.029999999999
2026-06-21 02:00:00,Corporate Bank,5211.06,7182.88,-1971.8199999999997
2026-06-21 03:00:00,Corporate Bank,9361.61,6867.61,2494.000000000001
2026-06-21 04:00:00,Corporate Bank,18149.01,7134.16,11014.849999999999
2026-06-21 05:00:00,Corporate Bank,18228.74,20546.23,-2317.489999999998
2026-06-21 06:00:00,Corporate Bank,59262.54,22560.62,36701.92
2026-06-21 07:00:00,Corporate Bank,168292.3,65379.38,102912.91999999998
2026-06-21 08:00:00,Corporate Bank,282290.68,85969.04,196321.64
2026-06-21 09:00:00,Corporate Bank,523517.48,211019.23,312498.25
2026-06-21 10:00:00,Corporate Bank,331507.66,335359.35,-3851.6900000000023
2026-06-21 11:00:00,Corporate Bank,330963.88,203967.66,126996.22
2026-06-21 12:00:00,Corporate Bank,192649.41,275673.16,-83023.74999999997
2026-06-21 13:00:00,Corporate Bank,211178.54,138220.19,72958.35
2026-06-21 14:00:00,Corporate Bank,273370.61,220898.87,52471.73999999999
2026-06-21 15:00:00,Corporate Bank,176770.32,223342.28,-46571.95999999999
2026-06-21 16:00:00,Corporate Bank,185955.9,239310.39,-53354.49000000002
2026-06-21 17:00:00,Corporate Bank,70701.99,120947.32,-50245.33
2026-06-21 18:00:00,Corporate Bank,27084.54,66920.34,-39835.799999999996
2026-06-21 19:00:00,Corporate Bank,17754.5,28495.98,-10741.48
2026-06-21 20:00:00,Corporate Bank,7411.71,11538.95,-4127.240000000001
2026-06-21 21:00:00,Corporate Bank,11978.04,11550.09,427.9500000000007
2026-06-21 22:00:00,Corporate Bank,8121.25,9809.65,-1688.3999999999996
2026-06-21 23:00:00,Corporate Bank,13253.82,8776.65,4477.17
2026-06-22 00:00:00,Corporate Bank,138661.99,131827.98,6834.00999999998
2026-06-22 01:00:00,Corporate Bank,188585.81,190490.63,-1904.820000000007
2026-06-22 02:00:00,Corporate Bank,165016.86,139771.54,25245.319999999978
2026-06-22 03:00:00,Corporate Bank,200750.34,137132.7,63617.639999999985
2026-06-22 04:00:00,Corporate Bank,201946.82,159345.97,42600.850000000006
2026-06-22 05:00:00,Corporate Bank,233433.5,312553.41,-79119.90999999997
2026-06-22 06:00:00,Corporate Bank,1424929.77,247296.09,1177633.68
2026-06-22 07:00:00,Corporate Bank,2473245.33,1275334.04,1197911.29
2026-06-22 08:00:00,Corporate Bank,5641189.82,1383492.02,4257697.800000001
2026-06-22 09:00:00,Corporate Bank,6709796.68,4567543.77,2142252.91
2026-06-22 10:00:00,Corporate Bank,3829657.09,8404709.09,-4575052.0
2026-06-22 11:00:00,Corporate Bank,2814808.38,5352566.17,-2537757.79
2026-06-22 12:00:00,Corporate Bank,4354180.7,3682677.51,671503.1900000004
2026-06-22 13:00:00,Corporate Bank,4013012.92,2793171.19,1219841.73
2026-06-22 14:00:00,Corporate Bank,6456772.68,4049463.7,2407308.9799999995
2026-06-22 15:00:00,Corporate Bank,3954196.29,4114665.64,-160469.3500000001
2026-06-22 16:00:00,Corporate Bank,3644191.16,2999146.28,645044.8800000004
2026-06-22 17:00:00,Corporate Bank,1502129.77,2239370.56,-737240.79
2026-06-22 18:00:00,Corporate Bank,602027.4,1283949.54,-681922.14
2026-06-22 19:00:00,Corporate Bank,227750.09,3491453.88,-3263703.79
2026-06-22 20:00:00,Corporate Bank,186664.91,188212.3,-1547.3899999999849
2026-06-22 21:00:00,Corporate Bank,226600.98,110664.46,115936.52
2026-06-22 22:00:00,Corporate Bank,153719.75,171139.32,-17419.570000000007
2026-06-22 23:00:00,Corporate Bank,182969.62,176918.04,6051.579999999987
2026-06-23 00:00:00,Corporate Bank,158185.52,160795.53,-2610.0100000000093
2026-06-23 01:00:00,Corporate Bank,161961.95,200375.06,-38413.109999999986
2026-06-23 02:00:00,Corporate Bank,262224.81,154025.75,108199.06
2026-06-23 03:00:00,Corporate Bank,230306.38,169112.05,61194.330000000016
2026-06-23 04:00:00,Corporate Bank,200104.85,169156.1,30948.75
2026-06-23 05:00:00,Corporate Bank,410039.17,182789.89,227249.27999999997
2026-06-23 06:00:00,Corporate Bank,852930.95,315275.45,537655.5
2026-06-23 07:00:00,Corporate Bank,2410766.14,1966975.05,443791.0900000001
2026-06-23 08:00:00,Corporate Bank,4884463.81,2131821.57,2752642.2399999998
2026-06-23 09:00:00,Corporate Bank,7040497.14,3504438.58,3536058.5599999996
2026-06-23 10:00:00,Corporate Bank,6046807.69,5968348.48,78459.20999999996
2026-06-23 11:00:00,Corporate Bank,2655293.23,4985490.88,-2330197.65
2026-06-23 12:00:00,Corporate Bank,4795244.76,2295647.83,2499596.9299999997
2026-06-23 13:00:00,Corporate Bank,4279708.57,4627958.75,-348250.1799999997
2026-06-23 14:00:00,Corporate Bank,3625903.2,3900137.93,-274234.73
2026-06-23 15:00:00,Corporate Bank,6228609.24,3180050.55,3048558.6900000004
2026-06-23 16:00:00,Corporate Bank,4158253.7,5423578.8,-1265325.0999999996
2026-06-23 17:00:00,Corporate Bank,1431920.71,2947213.6,-1515292.8900000001
2026-06-23 18:00:00,Corporate Bank,683036.66,827839.45,-144802.78999999992
2026-06-23 19:00:00,Corporate Bank,320758.03,868847.57,-548089.5399999999
2026-06-23 20:00:00,Corporate Bank,264626.25,292099.45,-27473.20000000001
2026-06-23 21:00:00,Corporate Bank,197108.71,165921.86,31186.850000000006
2026-06-23 22:00:00,Corporate Bank,104908.58,245261.78,-140353.2
2026-06-23 23:00:00,Corporate Bank,285119.99,157571.44,127548.54999999999
2026-06-24 00:00:00,Corporate Bank,214767.83,148741.59,66026.23999999999
2026-06-24 01:00:00,Corporate Bank,133903.98,123044.95,10859.030000000013
2026-06-24 02:00:00,Corporate Bank,114811.48,178629.64,-63818.16000000002
2026-06-24 03:00:00,Corporate Bank,186855.48,173458.63,13396.850000000006
2026-06-24 04:00:00,Corporate Bank,179745.57,155100.73,24644.839999999997
2026-06-24 05:00:00,Corporate Bank,424501.3,148235.68,276265.62
2026-06-24 06:00:00,Corporate Bank,1315881.16,384395.59,931485.5699999998
2026-06-24 07:00:00,Corporate Bank,2142350.3,991349.07,1151001.23
2026-06-24 08:00:00,Corporate Bank,3184858.25,1636434.53,1548423.72
2026-06-24 09:00:00,Corporate Bank,6124151.69,2751785.41,3372366.2800000003
2026-06-24 10:00:00,Corporate Bank,4115448.64,6207841.93,-2092393.2899999996
2026-06-24 11:00:00,Corporate Bank,3869640.26,2117866.16,1751774.0999999996
2026-06-24 12:00:00,Corporate Bank,2390570.41,3721309.81,-1330739.4
2026-06-24 13:00:00,Corporate Bank,4074965.18,2863050.03,1211915.1500000004
2026-06-24 14:00:00,Corporate Bank,6041705.81,5940208.74,101497.06999999937
2026-06-24 15:00:00,Corporate Bank,5002898.29,3827209.54,1175688.75
2026-06-24 16:00:00,Corporate Bank,2116162.09,4627264.73,-2511102.6400000006
2026-06-24 17:00:00,Corporate Bank,931846.93,2168603.39,-1236756.46
2026-06-24 18:00:00,Corporate Bank,554817.68,1251760.55,-696942.87
2026-06-24 19:00:00,Corporate Bank,301497.62,635914.3,-334416.68000000005
2026-06-24 20:00:00,Corporate Bank,196593.74,208656.3,-12062.559999999998
2026-06-24 21:00:00,Corporate Bank,135868.42,224425.15,-88556.72999999998
2026-06-24 22:00:00,Corporate Bank,170842.68,112973.25,57869.42999999999
2026-06-24 23:00:00,Corporate Bank,244857.02,164098.6,80758.41999999998
2026-06-25 00:00:00,Corporate Bank,165903.1,197833.81,-31930.709999999992
2026-06-25 01:00:00,Corporate Bank,95586.91,182847.24,-87260.32999999999
2026-06-25 02:00:00,Corporate Bank,166191.22,266584.95,-100393.73000000001
2026-06-25 03:00:00,Corporate Bank,296509.3,119572.93,176936.37
2026-06-25 04:00:00,Corporate Bank,132794.54,102097.27,30697.270000000004
2026-06-25 05:00:00,Corporate Bank,387933.47,139421.1,248512.36999999997
2026-06-25 06:00:00,Corporate Bank,983717.85,3506465.05,-2522747.1999999997
2026-06-25 07:00:00,Corporate Bank,2613266.44,1175422.85,1437843.5899999999
2026-06-25 08:00:00,Corporate Bank,4718617.37,2517431.41,2201185.96
2026-06-25 09:00:00,Corporate Bank,7678976.75,3055387.82,4623588.93
2026-06-25 10:00:00,Corporate Bank,4954019.15,6595103.59,-1641084.4399999995
2026-06-25 11:00:00,Corporate Bank,5433104.37,3201322.84,2231781.5300000003
2026-06-25 12:00:00,Corporate Bank,3452964.84,4953713.13,-1500748.29
2026-06-25 13:00:00,Corporate Bank,3956959.74,7787687.38,-3830727.6399999997
2026-06-25 14:00:00,Corporate Bank,3988622.48,4478130.4,-489507.9200000004
2026-06-25 15:00:00,Corporate Bank,2418413.0,5286248.69,-2867835.6900000004
2026-06-25 16:00:00,Corporate Bank,2912016.88,3274819.42,-362802.54000000004
2026-06-25 17:00:00,Corporate Bank,2450011.42,1419200.26,1030811.1599999999
2026-06-25 18:00:00,Corporate Bank,633576.72,1009657.08,-376080.36
2026-06-25 19:00:00,Corporate Bank,313085.55,367287.26,-54201.71000000002
2026-06-25 20:00:00,Corporate Bank,153803.75,155299.23,-1495.4800000000105
2026-06-25 21:00:00,Corporate Bank,147235.72,279020.08,-131784.36000000002
2026-06-25 22:00:00,Corporate Bank,209932.96,165193.78,44739.17999999999
2026-06-25 23:00:00,Corporate Bank,285024.71,168341.7,116683.01000000001
2026-06-26 00:00:00,Corporate Bank,243774.81,136719.13,107055.68
2026-06-26 01:00:00,Corporate Bank,198651.81,142419.72,56232.09
2026-06-26 02:00:00,Corporate Bank,158020.4,200361.8,-42341.399999999994
2026-06-26 03:00:00,Corporate Bank,171024.56,148897.35,22127.209999999992
2026-06-26 04:00:00,Corporate Bank,155861.56,181069.14,-25207.580000000016
2026-06-26 05:00:00,Corporate Bank,249003.32,177150.22,71853.1
2026-06-26 06:00:00,Corporate Bank,750845.75,1702444.01,-951598.26
2026-06-26 07:00:00,Corporate Bank,2577386.94,663767.61,1913619.33
2026-06-26 08:00:00,Corporate Bank,4078146.12,1348829.78,2729316.34
2026-06-26 09:00:00,Corporate Bank,3510162.02,3956362.63,-446200.60999999987
2026-06-26 10:00:00,Corporate Bank,4775827.21,5329280.9,-553453.6900000004
2026-06-26 11:00:00,Corporate Bank,3366264.64,3142870.44,223394.2000000002
2026-06-26 12:00:00,Corporate Bank,2516012.42,3462912.81,-946900.3900000001
2026-06-26 13:00:00,Corporate Bank,3933239.22,3358311.06,574928.1600000001
2026-06-26 14:00:00,Corporate Bank,4427853.47,2101114.44,2326739.03
2026-06-26 15:00:00,Corporate Bank,3466850.37,3372448.45,94401.91999999993
2026-06-26 16:00:00,Corporate Bank,3539949.82,29474631.72,-25934681.9
2026-06-26 17:00:00,Corporate Bank,747532.22,2743611.53,-1996079.3099999998
2026-06-26 18:00:00,Corporate Bank,304347.69,855836.51,-551488.8200000001
2026-06-26 19:00:00,Corporate Bank,255044.49,534615.22,-279570.73
2026-06-26 20:00:00,Corporate Bank,179186.11,325765.34,-146579.23000000004
2026-06-26 21:00:00,Corporate Bank,178859.29,210123.96,-31264.669999999984
2026-06-26 22:00:00,Corporate Bank,132914.19,147920.47,-15006.279999999999
2026-06-26 23:00:00,Corporate Bank,118461.81,130542.22,-12080.410000000003
2026-06-27 00:00:00,Corporate Bank,9339.52,7451.54,1887.9800000000005
2026-06-27 01:00:00,Corporate Bank,8199.69,10356.09,-2156.3999999999996
2026-06-27 02:00:00,Corporate Bank,14940.71,9543.69,5397.019999999999
2026-06-27 03:00:00,Corporate Bank,8742.64,10895.71,-2153.0699999999997
2026-06-27 04:00:00,Corporate Bank,11538.09,9639.05,1899.0400000000009
2026-06-27 05:00:00,Corporate Bank,48479.02,14411.38,34067.64
2026-06-27 06:00:00,Corporate Bank,59584.83,22820.52,36764.31
2026-06-27 07:00:00,Corporate Bank,1546231.32,76861.28,1469370.04
2026-06-27 08:00:00,Corporate Bank,324237.92,190214.71,134023.21
2026-06-27 09:00:00,Corporate Bank,407589.18,201699.75,205889.43
2026-06-27 10:00:00,Corporate Bank,316067.23,182759.06,133308.16999999998
2026-06-27 11:00:00,Corporate Bank,235527.96,440701.58,-205173.62000000002
2026-06-27 12:00:00,Corporate Bank,221179.54,226737.9,-5558.359999999986
2026-06-27 13:00:00,Corporate Bank,221863.74,118547.2,103316.54
2026-06-27 14:00:00,Corporate Bank,322531.57,194312.76,128218.81
2026-06-27 15:00:00,Corporate Bank,459976.76,335654.81,124321.95000000001
2026-06-27 16:00:00,Corporate Bank,231287.29,209466.15,21821.140000000014
2026-06-27 17:00:00,Corporate Bank,86956.9,125698.18,-38741.28
2026-06-27 18:00:00,Corporate Bank,42830.42,110502.23,-67671.81
2026-06-27 19:00:00,Corporate Bank,11778.65,22340.83,-10562.180000000002
2026-06-27 20:00:00,Corporate Bank,9660.28,11320.31,-1660.0299999999988
2026-06-27 21:00:00,Corporate Bank,12632.58,10639.58,1993.0
2026-06-27 22:00:00,Corporate Bank,14645.53,10267.53,4378.0
2026-06-27 23:00:00,Corporate Bank,7428.3,10460.24,-3031.9399999999996
2026-06-28 00:00:00,Corporate Bank,8096.03,11829.5,-3733.4700000000003
2026-06-28 01:00:00,Corporate Bank,18010.99,9552.5,8458.490000000002
2026-06-28 02:00:00,Corporate Bank,9656.65,10424.55,-767.8999999999996
2026-06-28 03:00:00,Corporate Bank,16651.32,8346.02,8305.3
2026-06-28 04:00:00,Corporate Bank,12474.25,9441.07,3033.1800000000003
2026-06-28 05:00:00,Corporate Bank,24837.63,11642.35,13195.28
2026-06-28 06:00:00,Corporate Bank,57637.98,23660.62,33977.36
2026-06-28 07:00:00,Corporate Bank,202137.3,76581.66,125555.63999999998
2026-06-28 08:00:00,Corporate Bank,401383.77,173027.47,228356.30000000002
2026-06-28 09:00:00,Corporate Bank,239927.93,260187.7,-20259.77000000002
2026-06-28 10:00:00,Corporate Bank,260700.86,246626.26,14074.599999999977
2026-06-28 11:00:00,Corporate Bank,292422.87,283049.41,9373.460000000021
2026-06-28 12:00:00,Corporate Bank,206440.02,208177.64,-1737.6200000000244
2026-06-28 13:00:00,Corporate Bank,227430.78,210105.85,17324.929999999993
2026-06-28 14:00:00,Corporate Bank,395997.55,466646.7,-70649.15000000002
2026-06-28 15:00:00,Corporate Bank,348493.01,227554.36,120938.65000000002
2026-06-28 16:00:00,Corporate Bank,140550.02,258566.24,-118016.22
2026-06-28 17:00:00,Corporate Bank,84601.09,201954.15,-117353.06
2026-06-28 18:00:00,Corporate Bank,23056.72,74751.68,-51694.95999999999
2026-06-28 19:00:00,Corporate Bank,11686.07,61679.75,-49993.68
2026-06-28 20:00:00,Corporate Bank,10841.98,12840.86,-1998.880000000001
2026-06-28 21:00:00,Corporate Bank,9596.0,11005.46,-1409.4599999999991
2026-06-28 22:00:00,Corporate Bank,7014.1,7186.53,-172.42999999999938
2026-06-28 23:00:00,Corporate Bank,7551.64,8111.0,-559.3599999999997
2026-06-29 00:00:00,Corporate Bank,113334.9,161630.94,-48296.04000000001
2026-06-29 01:00:00,Corporate Bank,178841.19,193355.6,-14514.410000000003
2026-06-29 02:00:00,Corporate Bank,86650.88,165089.53,-78438.65
2026-06-29 03:00:00,Corporate Bank,118559.9,219355.28,-100795.38
2026-06-29 04:00:00,Corporate Bank,111735.88,150081.9,-38346.01999999999
2026-06-29 05:00:00,Corporate Bank,435991.46,170059.57,265931.89
2026-06-29 06:00:00,Corporate Bank,613033.56,832046.87,-219013.30999999994
2026-06-29 07:00:00,Corporate Bank,2563452.09,1139423.42,1424028.67
2026-06-29 08:00:00,Corporate Bank,7279756.3,1967409.38,5312346.92
2026-06-29 09:00:00,Corporate Bank,9011710.53,3474722.14,5536988.389999999
2026-06-29 10:00:00,Corporate Bank,2809459.0,3949003.75,-1139544.75
2026-06-29 11:00:00,Corporate Bank,4050562.22,6122352.1,-2071789.8799999994
2026-06-29 12:00:00,Corporate Bank,2658703.36,3136599.84,-477896.48
2026-06-29 13:00:00,Corporate Bank,3072760.09,3433297.47,-360537.38000000035
2026-06-29 14:00:00,Corporate Bank,4712223.31,3936207.48,776015.8299999996
2026-06-29 15:00:00,Corporate Bank,6029867.26,5526883.77,502983.4900000002
2026-06-29 16:00:00,Corporate Bank,3209159.82,2944966.47,264193.3499999996
2026-06-29 17:00:00,Corporate Bank,1067532.94,1769126.33,-701593.3900000001
2026-06-29 18:00:00,Corporate Bank,682266.71,1293970.95,-611704.24
2026-06-29 19:00:00,Corporate Bank,129974.69,610513.64,-480538.95
2026-06-29 20:00:00,Corporate Bank,138892.89,264863.56,-125970.66999999998
2026-06-29 21:00:00,Corporate Bank,123738.12,130547.83,-6809.710000000006
2026-06-29 22:00:00,Corporate Bank,159954.92,186513.93,-26559.00999999998
2026-06-29 23:00:00,Corporate Bank,146807.09,120172.87,26634.22
2026-06-30 00:00:00,Corporate Bank,149518.36,128274.67,21243.689999999988
2026-06-30 01:00:00,Corporate Bank,148052.12,113007.45,35044.67
2026-06-30 02:00:00,Corporate Bank,157417.44,221651.65,-64234.20999999999
2026-06-30 03:00:00,Corporate Bank,188845.79,181814.1,7031.690000000002
2026-06-30 04:00:00,Corporate Bank,204347.03,185150.46,19196.570000000007
2026-06-30 05:00:00,Corporate Bank,353050.44,273134.08,79916.35999999999
2026-06-30 06:00:00,Corporate Bank,1187688.47,859617.92,328070.54999999993
2026-06-30 07:00:00,Corporate Bank,3253310.6,606217.31,2647093.29
2026-06-30 08:00:00,Corporate Bank,3767578.22,1956288.64,1811289.5800000003
2026-06-30 09:00:00,Corporate Bank,5358445.36,3557084.04,1801361.3200000003
2026-06-30 10:00:00,Corporate Bank,6843752.41,4059344.14,2784408.27
2026-06-30 11:00:00,Corporate Bank,2660474.81,3345782.41,-685307.6000000001
2026-06-30 12:00:00,Corporate Bank,6146855.14,3198099.18,2948755.9599999995
2026-06-30 13:00:00,Corporate Bank,2941061.37,2294078.65,646982.7200000002
2026-06-30 14:00:00,Corporate Bank,4395544.62,4436132.79,-40588.169999999925
2026-06-30 15:00:00,Corporate Bank,3136729.36,4507244.17,-1370514.81
2026-06-30 16:00:00,Corporate Bank,5168019.82,4386050.91,781968.9100000001
2026-06-30 17:00:00,Corporate Bank,1137562.25,2844752.44,-1707190.19
2026-06-30 18:00:00,Corporate Bank,475163.1,1449659.37,-974496.2700000001
2026-06-30 19:00:00,Corporate Bank,227973.1,455770.85,-227797.74999999997
2026-06-30 20:00:00,Corporate Bank,179157.92,452957.43,-273799.51
2026-06-30 21:00:00,Corporate Bank,143567.07,178556.5,-34989.42999999999
2026-06-30 22:00:00,Corporate Bank,150134.23,87052.82,63081.41
2026-06-30 23:00:00,Corporate Bank,54120.05,619632.73,-565512.6799999999
2026-04-01 00:00:00,Corporate Cash Management,51574.14,75913.01,-24338.869999999995
2026-04-01 01:00:00,Corporate Cash Management,83678.77,103765.05,-20086.28
2026-04-01 02:00:00,Corporate Cash Management,106296.06,88923.18,17372.880000000005
2026-04-01 03:00:00,Corporate Cash Management,142723.47,115571.85,27151.619999999995
2026-04-01 04:00:00,Corporate Cash Management,83955.55,85317.84,-1362.2899999999936
2026-04-01 05:00:00,Corporate Cash Management,47984.2,76399.77,-28415.570000000007
2026-04-01 06:00:00,Corporate Cash Management,133935.01,95972.78,37962.23000000001
2026-04-01 07:00:00,Corporate Cash Management,105335.45,81792.6,23542.84999999999
2026-04-01 08:00:00,Corporate Cash Management,53221.42,55562.94,-2341.520000000004
2026-04-01 09:00:00,Corporate Cash Management,101318.96,77434.66,23884.300000000003
2026-04-01 10:00:00,Corporate Cash Management,104036.43,184380.57,-80344.14000000001
2026-04-01 11:00:00,Corporate Cash Management,85748.66,57080.72,28667.940000000002
2026-04-01 12:00:00,Corporate Cash Management,75625.07,95591.23,-19966.15999999999
2026-04-01 13:00:00,Corporate Cash Management,79957.98,84810.58,-4852.600000000006
2026-04-01 14:00:00,Corporate Cash Management,91986.48,152825.26,-60838.78000000001
2026-04-01 15:00:00,Corporate Cash Management,250458.87,168017.0,82441.87
2026-04-01 16:00:00,Corporate Cash Management,1338935.85,1091247.15,247688.7000000002
2026-04-01 17:00:00,Corporate Cash Management,1653465.94,3249792.41,-1596326.4700000002
2026-04-01 18:00:00,Corporate Cash Management,3015677.39,2617495.73,398181.66000000015
2026-04-01 19:00:00,Corporate Cash Management,1242060.63,878189.47,363871.1599999999
2026-04-01 20:00:00,Corporate Cash Management,239104.32,715976.58,-476872.25999999995
2026-04-01 21:00:00,Corporate Cash Management,90176.25,89372.78,803.4700000000012
2026-04-01 22:00:00,Corporate Cash Management,132805.64,83351.67,49453.970000000016
2026-04-01 23:00:00,Corporate Cash Management,130152.8,113578.79,16574.01000000001
2026-04-02 00:00:00,Corporate Cash Management,84863.69,99538.76,-14675.069999999992
2026-04-02 01:00:00,Corporate Cash Management,91088.36,103311.78,-12223.419999999998
2026-04-02 02:00:00,Corporate Cash Management,112793.59,97747.12,15046.470000000001
2026-04-02 03:00:00,Corporate Cash Management,128157.05,114409.0,13748.050000000003
2026-04-02 04:00:00,Corporate Cash Management,75847.04,124695.48,-48848.44
2026-04-02 05:00:00,Corporate Cash Management,71596.75,83774.73,-12177.979999999996
2026-04-02 06:00:00,Corporate Cash Management,99597.79,110462.59,-10864.800000000003
2026-04-02 07:00:00,Corporate Cash Management,70225.02,65089.46,5135.560000000005
2026-04-02 08:00:00,Corporate Cash Management,57188.35,51241.29,5947.059999999998
2026-04-02 09:00:00,Corporate Cash Management,75755.08,142082.93,-66327.84999999999
2026-04-02 10:00:00,Corporate Cash Management,103222.87,82803.48,20419.39
2026-04-02 11:00:00,Corporate Cash Management,137139.97,95863.75,41276.22
2026-04-02 12:00:00,Corporate Cash Management,77899.33,66255.25,11644.080000000002
2026-04-02 13:00:00,Corporate Cash Management,90275.63,65582.47,24693.160000000003
2026-04-02 14:00:00,Corporate Cash Management,103737.77,80798.16,22939.61
2026-04-02 15:00:00,Corporate Cash Management,194895.74,260486.02,-65590.28
2026-04-02 16:00:00,Corporate Cash Management,916671.79,935063.96,-18392.169999999925
2026-04-02 17:00:00,Corporate Cash Management,3075839.16,2517066.38,558772.7800000003
2026-04-02 18:00:00,Corporate Cash Management,2096928.43,2272575.87,-175647.44000000018
2026-04-02 19:00:00,Corporate Cash Management,907494.06,1423960.93,-516466.8699999999
2026-04-02 20:00:00,Corporate Cash Management,217885.05,275601.86,-57716.81
2026-04-02 21:00:00,Corporate Cash Management,108158.24,85554.46,22603.78
2026-04-02 22:00:00,Corporate Cash Management,63759.77,106929.89,-43170.12
2026-04-02 23:00:00,Corporate Cash Management,90008.52,84648.67,5359.850000000006
2026-04-03 00:00:00,Corporate Cash Management,67348.83,82716.77,-15367.940000000002
2026-04-03 01:00:00,Corporate Cash Management,78378.47,88888.43,-10509.959999999992
2026-04-03 02:00:00,Corporate Cash Management,113267.94,105701.4,7566.540000000008
2026-04-03 03:00:00,Corporate Cash Management,91298.84,72006.74,19292.09999999999
2026-04-03 04:00:00,Corporate Cash Management,141156.19,102044.43,39111.76000000001
2026-04-03 05:00:00,Corporate Cash Management,91336.47,168050.56,-76714.09
2026-04-03 06:00:00,Corporate Cash Management,118463.24,94215.99,24247.25
2026-04-03 07:00:00,Corporate Cash Management,113442.17,90807.26,22634.910000000003
2026-04-03 08:00:00,Corporate Cash Management,92693.14,88126.01,4567.130000000005
2026-04-03 09:00:00,Corporate Cash Management,66932.61,101429.36,-34496.75
2026-04-03 10:00:00,Corporate Cash Management,90587.65,60172.09,30415.559999999998
2026-04-03 11:00:00,Corporate Cash Management,81402.57,137700.46,-56297.889999999985
2026-04-03 12:00:00,Corporate Cash Management,80620.56,115021.08,-34400.520000000004
2026-04-03 13:00:00,Corporate Cash Management,96823.46,76708.71,20114.75
2026-04-03 14:00:00,Corporate Cash Management,69448.63,97327.05,-27878.42
2026-04-03 15:00:00,Corporate Cash Management,184224.22,192960.93,-8736.709999999992
2026-04-03 16:00:00,Corporate Cash Management,853652.6,1146603.52,-292950.92000000004
2026-04-03 17:00:00,Corporate Cash Management,2654550.61,2779801.21,-125250.6000000001
2026-04-03 18:00:00,Corporate Cash Management,2334484.73,2898519.5,-564034.77
2026-04-03 19:00:00,Corporate Cash Management,922357.84,822764.69,99593.15000000002
2026-04-03 20:00:00,Corporate Cash Management,237099.63,196652.63,40447.0
2026-04-03 21:00:00,Corporate Cash Management,89260.48,128599.72,-39339.240000000005
2026-04-03 22:00:00,Corporate Cash Management,93236.17,78861.76,14374.410000000003
2026-04-03 23:00:00,Corporate Cash Management,70364.15,46476.42,23887.729999999996
2026-04-04 00:00:00,Corporate Cash Management,1512.06,1733.48,-221.42000000000007
2026-04-04 01:00:00,Corporate Cash Management,3098.08,3289.25,-191.17000000000007
2026-04-04 02:00:00,Corporate Cash Management,1562.4,2225.55,-663.1500000000001
2026-04-04 03:00:00,Corporate Cash Management,1098.53,1555.43,-456.9000000000001
2026-04-04 04:00:00,Corporate Cash Management,2026.09,1777.37,248.72000000000003
2026-04-04 05:00:00,Corporate Cash Management,1558.28,2133.47,-575.1899999999998
2026-04-04 06:00:00,Corporate Cash Management,1976.92,1160.35,816.5700000000002
2026-04-04 07:00:00,Corporate Cash Management,1818.83,1453.21,365.6199999999999
2026-04-04 08:00:00,Corporate Cash Management,2134.1,1988.49,145.6099999999999
2026-04-04 09:00:00,Corporate Cash Management,1814.25,2681.59,-867.3400000000001
2026-04-04 10:00:00,Corporate Cash Management,1757.58,1612.77,144.80999999999995
2026-04-04 11:00:00,Corporate Cash Management,2478.26,2663.23,-184.9699999999998
2026-04-04 12:00:00,Corporate Cash Management,1068.28,1490.65,-422.3700000000001
2026-04-04 13:00:00,Corporate Cash Management,1337.15,773.17,563.9800000000001
2026-04-04 14:00:00,Corporate Cash Management,1623.66,2325.93,-702.2699999999998
2026-04-04 15:00:00,Corporate Cash Management,3002.31,5077.92,-2075.61
2026-04-04 16:00:00,Corporate Cash Management,19505.0,25579.05,-6074.049999999999
2026-04-04 17:00:00,Corporate Cash Management,48961.97,65173.32,-16211.349999999999
2026-04-04 18:00:00,Corporate Cash Management,72185.47,57438.31,14747.160000000003
2026-04-04 19:00:00,Corporate Cash Management,21508.53,19945.9,1562.6299999999974
2026-04-04 20:00:00,Corporate Cash Management,4346.36,4198.09,148.26999999999953
2026-04-04 21:00:00,Corporate Cash Management,1814.84,1721.28,93.55999999999995
2026-04-04 22:00:00,Corporate Cash Management,1431.77,1630.72,-198.95000000000005
2026-04-04 23:00:00,Corporate Cash Management,2323.99,1144.58,1179.4099999999999
2026-04-05 00:00:00,Corporate Cash Management,2517.07,1328.71,1188.3600000000001
2026-04-05 01:00:00,Corporate Cash Management,1373.74,1727.94,-354.20000000000005
2026-04-05 02:00:00,Corporate Cash Management,2788.74,1027.95,1760.7899999999997
2026-04-05 03:00:00,Corporate Cash Management,1572.76,1089.62,483.1400000000001
2026-04-05 04:00:00,Corporate Cash Management,1541.02,1655.69,-114.67000000000007
2026-04-05 05:00:00,Corporate Cash Management,2093.37,1743.17,350.1999999999998
2026-04-05 06:00:00,Corporate Cash Management,2140.6,1664.37,476.23
2026-04-05 07:00:00,Corporate Cash Management,1827.16,992.84,834.32
2026-04-05 08:00:00,Corporate Cash Management,1705.75,2653.52,-947.77
2026-04-05 09:00:00,Corporate Cash Management,2493.44,1257.0,1236.44
2026-04-05 10:00:00,Corporate Cash Management,1591.62,1467.04,124.57999999999993
2026-04-05 11:00:00,Corporate Cash Management,1828.3,1313.04,515.26
2026-04-05 12:00:00,Corporate Cash Management,2840.65,2490.67,349.98
2026-04-05 13:00:00,Corporate Cash Management,1333.28,2002.66,-669.3800000000001
2026-04-05 14:00:00,Corporate Cash Management,1779.43,1715.76,63.67000000000007
2026-04-05 15:00:00,Corporate Cash Management,5923.19,3872.45,2050.74
2026-04-05 16:00:00,Corporate Cash Management,25091.21,22256.32,2834.8899999999994
2026-04-05 17:00:00,Corporate Cash Management,70744.03,40090.34,30653.690000000002
2026-04-05 18:00:00,Corporate Cash Management,40643.65,60217.25,-19573.6
2026-04-05 19:00:00,Corporate Cash Management,23826.45,18551.79,5274.66
2026-04-05 20:00:00,Corporate Cash Management,4268.62,5051.63,-783.0100000000002
2026-04-05 21:00:00,Corporate Cash Management,3522.11,2180.6,1341.5100000000002
2026-04-05 22:00:00,Corporate Cash Management,2280.18,1553.82,726.3599999999999
2026-04-05 23:00:00,Corporate Cash Management,1849.67,1077.47,772.2
2026-04-06 00:00:00,Corporate Cash Management,99890.45,84614.31,15276.14
2026-04-06 01:00:00,Corporate Cash Management,94270.79,62642.34,31628.449999999997
2026-04-06 02:00:00,Corporate Cash Management,110758.62,91786.79,18971.83
2026-04-06 03:00:00,Corporate Cash Management,75077.76,84408.38,-9330.62000000001
2026-04-06 04:00:00,Corporate Cash Management,130830.66,77696.56,53134.100000000006
2026-04-06 05:00:00,Corporate Cash Management,66780.94,65099.65,1681.2900000000009
2026-04-06 06:00:00,Corporate Cash Management,97891.57,121086.72,-23195.149999999994
2026-04-06 07:00:00,Corporate Cash Management,75681.18,80349.76,-4668.580000000002
2026-04-06 08:00:00,Corporate Cash Management,94001.09,162089.29,-68088.20000000001
2026-04-06 09:00:00,Corporate Cash Management,119057.22,90789.36,28267.86
2026-04-06 10:00:00,Corporate Cash Management,60613.23,98268.84,-37655.60999999999
2026-04-06 11:00:00,Corporate Cash Management,89141.94,90886.62,-1744.679999999993
2026-04-06 12:00:00,Corporate Cash Management,64888.42,98023.93,-33135.509999999995
2026-04-06 13:00:00,Corporate Cash Management,86841.84,118429.3,-31587.460000000006
2026-04-06 14:00:00,Corporate Cash Management,69573.36,127261.85,-57688.490000000005
2026-04-06 15:00:00,Corporate Cash Management,238665.03,142618.44,96046.59
2026-04-06 16:00:00,Corporate Cash Management,988311.55,1317676.17,-329364.6199999999
2026-04-06 17:00:00,Corporate Cash Management,3409658.56,3099765.78,309892.78000000026
2026-04-06 18:00:00,Corporate Cash Management,3845759.26,2762164.88,1083594.38
2026-04-06 19:00:00,Corporate Cash Management,1102353.24,1632533.47,-530180.23
2026-04-06 20:00:00,Corporate Cash Management,286583.04,343785.0,-57201.96000000002
2026-04-06 21:00:00,Corporate Cash Management,140976.71,121066.41,19910.29999999999
2026-04-06 22:00:00,Corporate Cash Management,73951.42,78669.91,-4718.490000000005
2026-04-06 23:00:00,Corporate Cash Management,133133.83,66799.65,66334.18
2026-04-07 00:00:00,Corporate Cash Management,92145.12,108680.21,-16535.09000000001
2026-04-07 01:00:00,Corporate Cash Management,72821.07,621217.55,-548396.48
2026-04-07 02:00:00,Corporate Cash Management,100204.7,54198.07,46006.63
2026-04-07 03:00:00,Corporate Cash Management,91338.8,118082.48,-26743.679999999993
2026-04-07 04:00:00,Corporate Cash Management,65421.21,84444.4,-19023.189999999995
2026-04-07 05:00:00,Corporate Cash Management,70621.68,57257.52,13364.159999999996
2026-04-07 06:00:00,Corporate Cash Management,140040.0,101206.07,38833.92999999999
2026-04-07 07:00:00,Corporate Cash Management,99707.73,112973.85,-13266.12000000001
2026-04-07 08:00:00,Corporate Cash Management,134699.73,82431.9,52267.830000000016
2026-04-07 09:00:00,Corporate Cash Management,83801.94,69094.22,14707.720000000001
2026-04-07 10:00:00,Corporate Cash Management,76110.96,138079.89,-61968.93000000001
2026-04-07 11:00:00,Corporate Cash Management,61054.74,76145.84,-15091.099999999999
2026-04-07 12:00:00,Corporate Cash Management,118463.24,120263.69,-1800.449999999997
2026-04-07 13:00:00,Corporate Cash Management,103192.09,61736.89,41455.2
2026-04-07 14:00:00,Corporate Cash Management,90115.64,107145.9,-17030.259999999995
2026-04-07 15:00:00,Corporate Cash Management,188001.46,244374.42,-56372.96000000002
2026-04-07 16:00:00,Corporate Cash Management,1457179.29,1323592.14,133587.15000000014
2026-04-07 17:00:00,Corporate Cash Management,2706107.46,3976044.77,-1269937.31
2026-04-07 18:00:00,Corporate Cash Management,2713390.53,2233643.87,479746.6599999997
2026-04-07 19:00:00,Corporate Cash Management,946099.54,1211899.6,-265800.06000000006
2026-04-07 20:00:00,Corporate Cash Management,207006.4,157619.35,49387.04999999999
2026-04-07 21:00:00,Corporate Cash Management,114492.66,68423.17,46069.490000000005
2026-04-07 22:00:00,Corporate Cash Management,65354.35,77988.44,-12634.090000000004
2026-04-07 23:00:00,Corporate Cash Management,94897.07,99698.49,-4801.419999999998
2026-04-08 00:00:00,Corporate Cash Management,118095.75,136869.32,-18773.570000000007
2026-04-08 01:00:00,Corporate Cash Management,91050.09,143243.51,-52193.42000000001
2026-04-08 02:00:00,Corporate Cash Management,121044.24,82358.93,38685.31000000001
2026-04-08 03:00:00,Corporate Cash Management,130027.93,97143.89,32884.03999999999
2026-04-08 04:00:00,Corporate Cash Management,116570.36,113927.36,2643.0
2026-04-08 05:00:00,Corporate Cash Management,81311.34,108979.02,-27667.680000000008
2026-04-08 06:00:00,Corporate Cash Management,92179.7,86266.86,5912.8399999999965
2026-04-08 07:00:00,Corporate Cash Management,101396.85,91728.76,9668.090000000011
2026-04-08 08:00:00,Corporate Cash Management,82695.24,87554.76,-4859.5199999999895
2026-04-08 09:00:00,Corporate Cash Management,82008.51,85431.61,-3423.100000000006
2026-04-08 10:00:00,Corporate Cash Management,80783.37,82636.96,-1853.590000000011
2026-04-08 11:00:00,Corporate Cash Management,175649.35,87347.56,88301.79000000001
2026-04-08 12:00:00,Corporate Cash Management,86906.76,81317.82,5588.939999999988
2026-04-08 13:00:00,Corporate Cash Management,121644.52,67849.35,53795.17
2026-04-08 14:00:00,Corporate Cash Management,80288.74,119801.39,-39512.649999999994
2026-04-08 15:00:00,Corporate Cash Management,350744.61,252368.22,98376.38999999998
2026-04-08 16:00:00,Corporate Cash Management,1000143.32,1700876.64,-700733.32
2026-04-08 17:00:00,Corporate Cash Management,2866454.07,3002427.73,-135973.66000000015
2026-04-08 18:00:00,Corporate Cash Management,1788989.31,2466503.75,-677514.44
2026-04-08 19:00:00,Corporate Cash Management,5913791.81,909724.48,5004067.33
2026-04-08 20:00:00,Corporate Cash Management,319871.56,224452.99,95418.57
2026-04-08 21:00:00,Corporate Cash Management,74155.34,110875.61,-36720.270000000004
2026-04-08 22:00:00,Corporate Cash Management,124915.21,84772.11,40143.100000000006
2026-04-08 23:00:00,Corporate Cash Management,66572.17,62318.25,4253.919999999998
2026-04-09 00:00:00,Corporate Cash Management,108920.29,74817.89,34102.399999999994
2026-04-09 01:00:00,Corporate Cash Management,86540.03,90406.48,-3866.449999999997
2026-04-09 02:00:00,Corporate Cash Management,129886.76,108297.34,21589.42
2026-04-09 03:00:00,Corporate Cash Management,98977.98,62075.65,36902.329999999994
2026-04-09 04:00:00,Corporate Cash Management,117385.87,96166.45,21219.42
2026-04-09 05:00:00,Corporate Cash Management,126727.44,95115.27,31612.17
2026-04-09 06:00:00,Corporate Cash Management,86473.81,80392.07,6081.739999999991
2026-04-09 07:00:00,Corporate Cash Management,92330.42,77717.4,14613.020000000004
2026-04-09 08:00:00,Corporate Cash Management,70443.01,74868.16,-4425.150000000009
2026-04-09 09:00:00,Corporate Cash Management,86279.62,93224.56,-6944.940000000002
2026-04-09 10:00:00,Corporate Cash Management,150560.91,119284.85,31276.059999999998
2026-04-09 11:00:00,Corporate Cash Management,112341.7,121420.02,-9078.320000000007
2026-04-09 12:00:00,Corporate Cash Management,71626.03,67953.5,3672.529999999999
2026-04-09 13:00:00,Corporate Cash Management,140021.33,86004.51,54016.81999999999
2026-04-09 14:00:00,Corporate Cash Management,109972.55,55802.17,54170.380000000005
2026-04-09 15:00:00,Corporate Cash Management,282088.46,227948.76,54139.70000000001
2026-04-09 16:00:00,Corporate Cash Management,1242862.74,1235415.48,7447.260000000009
2026-04-09 17:00:00,Corporate Cash Management,3141722.23,4054316.02,-912593.79
2026-04-09 18:00:00,Corporate Cash Management,1716698.66,1751420.82,-34722.16000000015
2026-04-09 19:00:00,Corporate Cash Management,1449944.13,810568.34,639375.7899999999
2026-04-09 20:00:00,Corporate Cash Management,130455.31,229949.33,-99494.01999999999
2026-04-09 21:00:00,Corporate Cash Management,128634.76,64430.89,64203.869999999995
2026-04-09 22:00:00,Corporate Cash Management,95471.31,94084.88,1386.429999999993
2026-04-09 23:00:00,Corporate Cash Management,114603.07,105169.08,9433.990000000005
2026-04-10 00:00:00,Corporate Cash Management,96756.71,65332.38,31424.33000000001
2026-04-10 01:00:00,Corporate Cash Management,120727.69,93033.16,27694.53
2026-04-10 02:00:00,Corporate Cash Management,93376.2,66470.41,26905.789999999994
2026-04-10 03:00:00,Corporate Cash Management,99766.37,126933.86,-27167.490000000005
2026-04-10 04:00:00,Corporate Cash Management,102903.28,94771.73,8131.550000000003
2026-04-10 05:00:00,Corporate Cash Management,148748.96,76691.71,72057.24999999999
2026-04-10 06:00:00,Corporate Cash Management,108058.02,66040.91,42017.11
2026-04-10 07:00:00,Corporate Cash Management,66912.53,99195.94,-32283.410000000003
2026-04-10 08:00:00,Corporate Cash Management,80769.91,126380.04,-45610.12999999999
2026-04-10 09:00:00,Corporate Cash Management,107996.68,74212.58,33784.09999999999
2026-04-10 10:00:00,Corporate Cash Management,127426.02,80632.23,46793.79000000001
2026-04-10 11:00:00,Corporate Cash Management,77637.88,74572.7,3065.1800000000076
2026-04-10 12:00:00,Corporate Cash Management,162809.03,132779.76,30029.26999999999
2026-04-10 13:00:00,Corporate Cash Management,97303.51,55923.47,41380.03999999999
2026-04-10 14:00:00,Corporate Cash Management,110843.78,133164.94,-22321.160000000003
2026-04-10 15:00:00,Corporate Cash Management,167518.91,201850.08,-34331.169999999984
2026-04-10 16:00:00,Corporate Cash Management,1453034.78,1045078.05,407956.73
2026-04-10 17:00:00,Corporate Cash Management,2530420.46,2514019.93,16400.529999999795
2026-04-10 18:00:00,Corporate Cash Management,2347523.2,2906477.66,-558954.46
2026-04-10 19:00:00,Corporate Cash Management,1015607.49,886517.57,129089.92000000004
2026-04-10 20:00:00,Corporate Cash Management,323859.24,288998.23,34861.01000000001
2026-04-10 21:00:00,Corporate Cash Management,112102.73,127095.59,-14992.86
2026-04-10 22:00:00,Corporate Cash Management,74564.37,70477.4,4086.970000000001
2026-04-10 23:00:00,Corporate Cash Management,81451.99,106344.67,-24892.679999999993
2026-04-11 00:00:00,Corporate Cash Management,2645.79,1646.52,999.27
2026-04-11 01:00:00,Corporate Cash Management,1753.27,1823.39,-70.12000000000012
2026-04-11 02:00:00,Corporate Cash Management,2139.73,2635.5,-495.77
2026-04-11 03:00:00,Corporate Cash Management,2274.74,1520.86,753.8799999999999
2026-04-11 04:00:00,Corporate Cash Management,791.27,2269.19,-1477.92
2026-04-11 05:00:00,Corporate Cash Management,2551.48,2017.92,533.56
2026-04-11 06:00:00,Corporate Cash Management,1503.04,1714.77,-211.73000000000002
2026-04-11 07:00:00,Corporate Cash Management,1699.66,1973.16,-273.5
2026-04-11 08:00:00,Corporate Cash Management,2733.02,1915.33,817.69
2026-04-11 09:00:00,Corporate Cash Management,2670.61,1347.43,1323.18
2026-04-11 10:00:00,Corporate Cash Management,2103.86,1546.67,557.19
2026-04-11 11:00:00,Corporate Cash Management,2231.53,1386.07,845.4600000000003
2026-04-11 12:00:00,Corporate Cash Management,2375.19,1679.74,695.45
2026-04-11 13:00:00,Corporate Cash Management,2662.96,2522.83,140.1300000000001
2026-04-11 14:00:00,Corporate Cash Management,2945.6,2233.17,712.4299999999998
2026-04-11 15:00:00,Corporate Cash Management,4709.2,3100.78,1608.4199999999996
2026-04-11 16:00:00,Corporate Cash Management,18286.88,19873.47,-1586.5900000000001
2026-04-11 17:00:00,Corporate Cash Management,53078.69,58042.77,-4964.0799999999945
2026-04-11 18:00:00,Corporate Cash Management,58402.8,65943.35,-7540.550000000003
2026-04-11 19:00:00,Corporate Cash Management,21698.66,18084.15,3614.5099999999984
2026-04-11 20:00:00,Corporate Cash Management,3559.2,3255.82,303.37999999999965
2026-04-11 21:00:00,Corporate Cash Management,2225.89,1904.24,321.64999999999986
2026-04-11 22:00:00,Corporate Cash Management,1258.55,2077.94,-819.3900000000001
2026-04-11 23:00:00,Corporate Cash Management,1900.15,1908.86,-8.709999999999809
2026-04-12 00:00:00,Corporate Cash Management,1930.83,6640.3,-4709.47
2026-04-12 01:00:00,Corporate Cash Management,1914.37,2791.12,-876.75
2026-04-12 02:00:00,Corporate Cash Management,2301.08,1756.08,545.0
2026-04-12 03:00:00,Corporate Cash Management,2226.05,1889.31,336.74000000000024
2026-04-12 04:00:00,Corporate Cash Management,3242.18,1525.46,1716.7199999999998
2026-04-12 05:00:00,Corporate Cash Management,1634.19,2373.61,-739.4200000000001
2026-04-12 06:00:00,Corporate Cash Management,1994.53,2076.63,-82.10000000000014
2026-04-12 07:00:00,Corporate Cash Management,1962.83,1947.32,15.509999999999991
2026-04-12 08:00:00,Corporate Cash Management,1939.87,1349.69,590.1799999999998
2026-04-12 09:00:00,Corporate Cash Management,1355.76,2366.22,-1010.4599999999998
2026-04-12 10:00:00,Corporate Cash Management,1383.63,2174.96,-791.3299999999999
2026-04-12 11:00:00,Corporate Cash Management,1863.01,2319.89,-456.8799999999999
2026-04-12 12:00:00,Corporate Cash Management,1254.34,1816.76,-562.4200000000001
2026-04-12 13:00:00,Corporate Cash Management,1713.19,1768.99,-55.799999999999955
2026-04-12 14:00:00,Corporate Cash Management,1697.36,1845.3,-147.94000000000005
2026-04-12 15:00:00,Corporate Cash Management,4255.01,7842.45,-3587.4399999999996
2026-04-12 16:00:00,Corporate Cash Management,29183.37,18580.56,10602.809999999998
2026-04-12 17:00:00,Corporate Cash Management,43206.02,40699.38,2506.6399999999994
2026-04-12 18:00:00,Corporate Cash Management,70317.0,49872.01,20444.989999999998
2026-04-12 19:00:00,Corporate Cash Management,19061.98,18623.9,438.0799999999981
2026-04-12 20:00:00,Corporate Cash Management,4099.66,6078.53,-1978.87
2026-04-12 21:00:00,Corporate Cash Management,2241.94,1375.98,865.96
2026-04-12 22:00:00,Corporate Cash Management,1739.11,1566.43,172.67999999999984
2026-04-12 23:00:00,Corporate Cash Management,1488.05,1887.83,-399.78
2026-04-13 00:00:00,Corporate Cash Management,84777.5,123579.28,-38801.78
2026-04-13 01:00:00,Corporate Cash Management,59646.83,107564.72,-47917.89
2026-04-13 02:00:00,Corporate Cash Management,102298.56,134904.08,-32605.51999999999
2026-04-13 03:00:00,Corporate Cash Management,42825.64,98126.54,-55300.899999999994
2026-04-13 04:00:00,Corporate Cash Management,638232.0,85533.22,552698.78
2026-04-13 05:00:00,Corporate Cash Management,108463.64,111463.68,-3000.0399999999936
2026-04-13 06:00:00,Corporate Cash Management,138789.47,63944.75,74844.72
2026-04-13 07:00:00,Corporate Cash Management,160471.89,58694.05,101777.84000000001
2026-04-13 08:00:00,Corporate Cash Management,117512.21,114878.56,2633.6500000000087
2026-04-13 09:00:00,Corporate Cash Management,79499.3,94864.67,-15365.369999999995
2026-04-13 10:00:00,Corporate Cash Management,160093.03,114527.0,45566.03
2026-04-13 11:00:00,Corporate Cash Management,69000.67,72727.28,-3726.6100000000006
2026-04-13 12:00:00,Corporate Cash Management,57796.75,124090.93,-66294.18
2026-04-13 13:00:00,Corporate Cash Management,147976.0,106562.75,41413.25
2026-04-13 14:00:00,Corporate Cash Management,115974.41,95814.12,20160.290000000008
2026-04-13 15:00:00,Corporate Cash Management,143403.19,233612.03,-90208.84
2026-04-13 16:00:00,Corporate Cash Management,783444.84,1160356.55,-376911.7100000001
2026-04-13 17:00:00,Corporate Cash Management,3246744.43,2209704.2,1037040.23
2026-04-13 18:00:00,Corporate Cash Management,2275819.74,2486281.11,-210461.36999999965
2026-04-13 19:00:00,Corporate Cash Management,916904.42,1155780.58,-238876.16000000003
2026-04-13 20:00:00,Corporate Cash Management,374735.41,199445.55,175289.86
2026-04-13 21:00:00,Corporate Cash Management,170720.64,66875.69,103844.95000000001
2026-04-13 22:00:00,Corporate Cash Management,96604.44,97015.08,-410.6399999999994
2026-04-13 23:00:00,Corporate Cash Management,89566.84,110922.0,-21355.160000000003
2026-04-14 00:00:00,Corporate Cash Management,116537.52,117559.35,-1021.8300000000017
2026-04-14 01:00:00,Corporate Cash Management,80817.85,102810.48,-21992.62999999999
2026-04-14 02:00:00,Corporate Cash Management,53248.42,110430.51,-57182.09
2026-04-14 03:00:00,Corporate Cash Management,46628.74,115201.98,-68573.23999999999
2026-04-14 04:00:00,Corporate Cash Management,91304.48,91810.22,-505.74000000000524
2026-04-14 05:00:00,Corporate Cash Management,115939.57,52988.8,62950.770000000004
2026-04-14 06:00:00,Corporate Cash Management,93372.74,120271.9,-26899.15999999999
2026-04-14 07:00:00,Corporate Cash Management,113873.67,71986.61,41887.06
2026-04-14 08:00:00,Corporate Cash Management,116752.68,67835.83,48916.84999999999
2026-04-14 09:00:00,Corporate Cash Management,131513.52,68303.28,63210.23999999999
2026-04-14 10:00:00,Corporate Cash Management,97433.07,167495.11,-70062.03999999998
2026-04-14 11:00:00,Corporate Cash Management,99640.46,100478.79,-838.3299999999872
2026-04-14 12:00:00,Corporate Cash Management,92149.16,69367.23,22781.930000000008
2026-04-14 13:00:00,Corporate Cash Management,87298.51,266680.44,-179381.93
2026-04-14 14:00:00,Corporate Cash Management,67354.69,96544.97,-29190.28
2026-04-14 15:00:00,Corporate Cash Management,307234.29,254023.23,53211.05999999997
2026-04-14 16:00:00,Corporate Cash Management,998845.78,1140901.16,-142055.3799999999
2026-04-14 17:00:00,Corporate Cash Management,2533418.16,2170353.57,363064.5900000003
2026-04-14 18:00:00,Corporate Cash Management,2470516.0,2963373.56,-492857.56000000006
2026-04-14 19:00:00,Corporate Cash Management,786382.64,913198.87,-126816.22999999998
2026-04-14 20:00:00,Corporate Cash Management,224354.81,288170.85,-63816.03999999998
2026-04-14 21:00:00,Corporate Cash Management,113532.17,97931.12,15601.050000000003
2026-04-14 22:00:00,Corporate Cash Management,78070.5,74538.13,3532.3699999999953
2026-04-14 23:00:00,Corporate Cash Management,120543.27,106917.47,13625.800000000003
2026-04-15 00:00:00,Corporate Cash Management,84817.06,99049.62,-14232.559999999998
2026-04-15 01:00:00,Corporate Cash Management,63398.23,79925.36,-16527.129999999997
2026-04-15 02:00:00,Corporate Cash Management,131108.35,108021.76,23086.59000000001
2026-04-15 03:00:00,Corporate Cash Management,97730.64,105329.02,-7598.380000000005
2026-04-15 04:00:00,Corporate Cash Management,115401.84,121542.65,-6140.809999999998
2026-04-15 05:00:00,Corporate Cash Management,116084.04,107484.25,8599.789999999994
2026-04-15 06:00:00,Corporate Cash Management,73410.87,85312.67,-11901.800000000003
2026-04-15 07:00:00,Corporate Cash Management,81623.81,58978.75,22645.059999999998
2026-04-15 08:00:00,Corporate Cash Management,120442.33,94299.07,26143.259999999995
2026-04-15 09:00:00,Corporate Cash Management,147142.85,98028.74,49114.11
2026-04-15 10:00:00,Corporate Cash Management,94483.11,91159.33,3323.779999999999
2026-04-15 11:00:00,Corporate Cash Management,79503.58,42397.57,37106.01
2026-04-15 12:00:00,Corporate Cash Management,141626.39,106647.2,34979.19000000002
2026-04-15 13:00:00,Corporate Cash Management,79620.96,71745.97,7874.990000000005
2026-04-15 14:00:00,Corporate Cash Management,108334.39,114619.84,-6285.449999999997
2026-04-15 15:00:00,Corporate Cash Management,205957.3,339337.76,-133380.46000000002
2026-04-15 16:00:00,Corporate Cash Management,1175923.0,998796.68,177126.31999999995
2026-04-15 17:00:00,Corporate Cash Management,2233273.61,3054642.94,-821369.3300000001
2026-04-15 18:00:00,Corporate Cash Management,2575815.75,2760015.09,-184199.33999999985
2026-04-15 19:00:00,Corporate Cash Management,939846.11,1213357.43,-273511.31999999995
2026-04-15 20:00:00,Corporate Cash Management,270473.5,227621.93,42851.57000000001
2026-04-15 21:00:00,Corporate Cash Management,103936.86,84855.1,19081.759999999995
2026-04-15 22:00:00,Corporate Cash Management,116045.73,71873.58,44172.149999999994
2026-04-15 23:00:00,Corporate Cash Management,75653.86,133945.78,-58291.92
2026-04-16 00:00:00,Corporate Cash Management,88277.63,100428.69,-12151.059999999998
2026-04-16 01:00:00,Corporate Cash Management,108728.87,110768.05,-2039.1800000000076
2026-04-16 02:00:00,Corporate Cash Management,115269.69,99442.08,15827.61
2026-04-16 03:00:00,Corporate Cash Management,64790.14,114864.33,-50074.19
2026-04-16 04:00:00,Corporate Cash Management,100690.2,71938.95,28751.25
2026-04-16 05:00:00,Corporate Cash Management,75890.15,91891.18,-16001.029999999999
2026-04-16 06:00:00,Corporate Cash Management,116737.14,102123.33,14613.809999999998
2026-04-16 07:00:00,Corporate Cash Management,148076.01,124334.69,23741.320000000007
2026-04-16 08:00:00,Corporate Cash Management,228198.52,175577.18,52621.34
2026-04-16 09:00:00,Corporate Cash Management,78934.03,99652.52,-20718.490000000005
2026-04-16 10:00:00,Corporate Cash Management,99339.39,76289.44,23049.949999999997
2026-04-16 11:00:00,Corporate Cash Management,92910.67,66746.3,26164.369999999995
2026-04-16 12:00:00,Corporate Cash Management,117627.31,71780.65,45846.66
2026-04-16 13:00:00,Corporate Cash Management,94983.22,74263.12,20720.100000000006
2026-04-16 14:00:00,Corporate Cash Management,87404.32,46754.92,40649.40000000001
2026-04-16 15:00:00,Corporate Cash Management,177599.64,187337.35,-9737.709999999992
2026-04-16 16:00:00,Corporate Cash Management,816810.33,1272750.78,-455940.45000000007
2026-04-16 17:00:00,Corporate Cash Management,2349362.64,2789581.64,-440219.0
2026-04-16 18:00:00,Corporate Cash Management,2456056.53,2566095.67,-110039.14000000013
2026-04-16 19:00:00,Corporate Cash Management,1210124.53,709288.58,500835.95000000007
2026-04-16 20:00:00,Corporate Cash Management,220397.53,288422.74,-68025.20999999999
2026-04-16 21:00:00,Corporate Cash Management,84796.69,109743.25,-24946.559999999998
2026-04-16 22:00:00,Corporate Cash Management,72356.48,89829.32,-17472.84000000001
2026-04-16 23:00:00,Corporate Cash Management,78018.92,51893.26,26125.659999999996
2026-04-17 00:00:00,Corporate Cash Management,80768.84,79608.16,1160.679999999993
2026-04-17 01:00:00,Corporate Cash Management,77135.84,100307.38,-23171.540000000008
2026-04-17 02:00:00,Corporate Cash Management,110043.71,89359.52,20684.190000000002
2026-04-17 03:00:00,Corporate Cash Management,130923.16,94423.9,36499.26000000001
2026-04-17 04:00:00,Corporate Cash Management,69309.63,106822.78,-37513.149999999994
2026-04-17 05:00:00,Corporate Cash Management,123028.12,93549.85,29478.26999999999
2026-04-17 06:00:00,Corporate Cash Management,110598.74,105871.75,4726.990000000005
2026-04-17 07:00:00,Corporate Cash Management,97277.4,72887.88,24389.51999999999
2026-04-17 08:00:00,Corporate Cash Management,136219.23,66295.15,69924.08000000002
2026-04-17 09:00:00,Corporate Cash Management,89124.34,101407.78,-12283.440000000002
2026-04-17 10:00:00,Corporate Cash Management,102829.65,106741.69,-3912.040000000008
2026-04-17 11:00:00,Corporate Cash Management,95921.53,102468.27,-6546.740000000005
2026-04-17 12:00:00,Corporate Cash Management,94155.38,93010.76,1144.62000000001
2026-04-17 13:00:00,Corporate Cash Management,104447.42,83107.43,21339.990000000005
2026-04-17 14:00:00,Corporate Cash Management,100945.97,101792.53,-846.5599999999977
2026-04-17 15:00:00,Corporate Cash Management,257532.0,243873.53,13658.470000000001
2026-04-17 16:00:00,Corporate Cash Management,929907.79,1187463.73,-257555.93999999994
2026-04-17 17:00:00,Corporate Cash Management,2411349.53,5253143.14,-2841793.61
2026-04-17 18:00:00,Corporate Cash Management,2389876.78,2174591.33,215285.44999999972
2026-04-17 19:00:00,Corporate Cash Management,1003592.23,2383318.0,-1379725.77
2026-04-17 20:00:00,Corporate Cash Management,295283.45,162003.75,133279.7
2026-04-17 21:00:00,Corporate Cash Management,88892.59,106336.37,-17443.78
2026-04-17 22:00:00,Corporate Cash Management,109623.23,66848.82,42774.40999999999
2026-04-17 23:00:00,Corporate Cash Management,99381.91,97161.99,2219.9199999999983
2026-04-18 00:00:00,Corporate Cash Management,1665.66,2300.94,-635.28
2026-04-18 01:00:00,Corporate Cash Management,2580.21,1814.72,765.49
2026-04-18 02:00:00,Corporate Cash Management,2235.81,2295.74,-59.929999999999836
2026-04-18 03:00:00,Corporate Cash Management,1860.83,1619.09,241.74
2026-04-18 04:00:00,Corporate Cash Management,10183.28,1078.23,9105.050000000001
2026-04-18 05:00:00,Corporate Cash Management,1904.1,2105.31,-201.21000000000004
2026-04-18 06:00:00,Corporate Cash Management,1268.95,1813.84,-544.8899999999999
2026-04-18 07:00:00,Corporate Cash Management,1513.37,1596.61,-83.24000000000001
2026-04-18 08:00:00,Corporate Cash Management,2088.0,1624.41,463.5899999999999
2026-04-18 09:00:00,Corporate Cash Management,1252.13,1992.58,-740.4499999999998
2026-04-18 10:00:00,Corporate Cash Management,1542.91,1468.37,74.54000000000019
2026-04-18 11:00:00,Corporate Cash Management,1686.14,1977.03,-290.8899999999999
2026-04-18 12:00:00,Corporate Cash Management,3843.94,2422.88,1421.06
2026-04-18 13:00:00,Corporate Cash Management,2204.16,3016.63,-812.4700000000003
2026-04-18 14:00:00,Corporate Cash Management,2625.56,2743.68,-118.11999999999989
2026-04-18 15:00:00,Corporate Cash Management,3748.31,4619.28,-870.9699999999998
2026-04-18 16:00:00,Corporate Cash Management,24071.57,22694.98,1376.5900000000001
2026-04-18 17:00:00,Corporate Cash Management,36434.65,49536.6,-13101.949999999997
2026-04-18 18:00:00,Corporate Cash Management,52086.73,48733.33,3353.4000000000015
2026-04-18 19:00:00,Corporate Cash Management,24949.63,26462.68,-1513.0499999999993
2026-04-18 20:00:00,Corporate Cash Management,3216.19,4107.95,-891.7599999999998
2026-04-18 21:00:00,Corporate Cash Management,2201.73,2116.35,85.38000000000011
2026-04-18 22:00:00,Corporate Cash Management,2097.88,1416.93,680.95
2026-04-18 23:00:00,Corporate Cash Management,1599.93,2535.46,-935.53
2026-04-19 00:00:00,Corporate Cash Management,1509.65,1660.59,-150.93999999999983
2026-04-19 01:00:00,Corporate Cash Management,1555.45,2362.64,-807.1899999999998
2026-04-19 02:00:00,Corporate Cash Management,1705.47,1509.58,195.8900000000001
2026-04-19 03:00:00,Corporate Cash Management,1718.38,1489.75,228.6300000000001
2026-04-19 04:00:00,Corporate Cash Management,2112.73,2508.78,-396.0500000000002
2026-04-19 05:00:00,Corporate Cash Management,1627.39,1539.23,88.16000000000008
2026-04-19 06:00:00,Corporate Cash Management,2776.27,1216.3,1559.97
2026-04-19 07:00:00,Corporate Cash Management,2771.24,1387.91,1383.3299999999997
2026-04-19 08:00:00,Corporate Cash Management,1973.14,2229.92,-256.78
2026-04-19 09:00:00,Corporate Cash Management,1706.45,2176.99,-470.53999999999974
2026-04-19 10:00:00,Corporate Cash Management,1627.84,1487.6,140.24
2026-04-19 11:00:00,Corporate Cash Management,2013.28,1537.04,476.24
2026-04-19 12:00:00,Corporate Cash Management,2103.31,2129.85,-26.539999999999964
2026-04-19 13:00:00,Corporate Cash Management,1771.2,2504.53,-733.3300000000002
2026-04-19 14:00:00,Corporate Cash Management,1808.82,1898.32,-89.5
2026-04-19 15:00:00,Corporate Cash Management,5006.7,5095.52,-88.82000000000062
2026-04-19 16:00:00,Corporate Cash Management,22371.28,26471.96,-4100.68
2026-04-19 17:00:00,Corporate Cash Management,49034.94,93786.86,-44751.92
2026-04-19 18:00:00,Corporate Cash Management,58196.41,41011.19,17185.22
2026-04-19 19:00:00,Corporate Cash Management,18900.72,18003.15,897.5699999999997
2026-04-19 20:00:00,Corporate Cash Management,3798.77,3908.62,-109.84999999999991
2026-04-19 21:00:00,Corporate Cash Management,1993.14,2375.12,-381.9799999999998
2026-04-19 22:00:00,Corporate Cash Management,1613.24,1692.39,-79.15000000000009
2026-04-19 23:00:00,Corporate Cash Management,1548.58,1946.16,-397.58000000000015
2026-04-20 00:00:00,Corporate Cash Management,120786.92,92783.65,28003.270000000004
2026-04-20 01:00:00,Corporate Cash Management,84314.02,90039.09,-5725.069999999992
2026-04-20 02:00:00,Corporate Cash Management,147442.74,92449.15,54993.59
2026-04-20 03:00:00,Corporate Cash Management,108772.57,116429.37,-7656.799999999988
2026-04-20 04:00:00,Corporate Cash Management,75748.88,70609.4,5139.4800000000105
2026-04-20 05:00:00,Corporate Cash Management,124280.29,86720.96,37559.32999999999
2026-04-20 06:00:00,Corporate Cash Management,77745.81,66419.47,11326.339999999997
2026-04-20 07:00:00,Corporate Cash Management,152312.81,95244.66,57068.149999999994
2026-04-20 08:00:00,Corporate Cash Management,98410.53,85706.4,12704.130000000005
2026-04-20 09:00:00,Corporate Cash Management,106510.26,117580.18,-11069.919999999998
2026-04-20 10:00:00,Corporate Cash Management,93722.44,89891.54,3830.9000000000087
2026-04-20 11:00:00,Corporate Cash Management,99391.85,80547.73,18844.12000000001
2026-04-20 12:00:00,Corporate Cash Management,87823.67,84617.5,3206.1699999999983
2026-04-20 13:00:00,Corporate Cash Management,73882.95,138656.6,-64773.65000000001
2026-04-20 14:00:00,Corporate Cash Management,108624.7,65213.73,43410.969999999994
2026-04-20 15:00:00,Corporate Cash Management,296134.7,189605.53,106529.17000000001
2026-04-20 16:00:00,Corporate Cash Management,816379.95,1073578.4,-257198.44999999995
2026-04-20 17:00:00,Corporate Cash Management,4157649.87,2334820.67,1822829.2000000002
2026-04-20 18:00:00,Corporate Cash Management,3287461.94,3094765.45,192696.48999999976
2026-04-20 19:00:00,Corporate Cash Management,985661.92,4349673.78,-3364011.8600000003
2026-04-20 20:00:00,Corporate Cash Management,662210.76,236469.92,425740.83999999997
2026-04-20 21:00:00,Corporate Cash Management,159018.51,99449.23,59569.28000000001
2026-04-20 22:00:00,Corporate Cash Management,117756.07,87828.23,29927.84000000001
2026-04-20 23:00:00,Corporate Cash Management,123670.56,65177.4,58493.159999999996
2026-04-21 00:00:00,Corporate Cash Management,87342.23,94050.59,-6708.360000000001
2026-04-21 01:00:00,Corporate Cash Management,106855.61,57913.9,48941.71
2026-04-21 02:00:00,Corporate Cash Management,101488.36,76082.59,25405.770000000004
2026-04-21 03:00:00,Corporate Cash Management,89026.75,101708.51,-12681.759999999995
2026-04-21 04:00:00,Corporate Cash Management,95575.24,121174.49,-25599.25
2026-04-21 05:00:00,Corporate Cash Management,122745.4,161929.93,-39184.53
2026-04-21 06:00:00,Corporate Cash Management,138725.53,80862.18,57863.350000000006
2026-04-21 07:00:00,Corporate Cash Management,87332.73,72495.79,14836.940000000002
2026-04-21 08:00:00,Corporate Cash Management,66976.07,102553.08,-35577.009999999995
2026-04-21 09:00:00,Corporate Cash Management,140259.98,143638.81,-3378.829999999987
2026-04-21 10:00:00,Corporate Cash Management,140701.27,132025.6,8675.669999999984
2026-04-21 11:00:00,Corporate Cash Management,102790.85,69480.07,33310.78
2026-04-21 12:00:00,Corporate Cash Management,145585.89,86894.21,58691.68000000001
2026-04-21 13:00:00,Corporate Cash Management,101072.49,111467.84,-10395.349999999991
2026-04-21 14:00:00,Corporate Cash Management,79496.68,121524.75,-42028.07000000001
2026-04-21 15:00:00,Corporate Cash Management,165105.08,257183.61,-92078.53
2026-04-21 16:00:00,Corporate Cash Management,790067.51,951047.0,-160979.49
2026-04-21 17:00:00,Corporate Cash Management,2831964.75,3166994.42,-335029.6699999999
2026-04-21 18:00:00,Corporate Cash Management,2517509.48,3453469.58,-935960.1000000001
2026-04-21 19:00:00,Corporate Cash Management,951297.22,842813.43,108483.78999999992
2026-04-21 20:00:00,Corporate Cash Management,223159.76,309322.29,-86162.52999999997
2026-04-21 21:00:00,Corporate Cash Management,123652.21,123739.69,-87.47999999999593
2026-04-21 22:00:00,Corporate Cash Management,81221.67,74862.56,6359.110000000001
2026-04-21 23:00:00,Corporate Cash Management,77770.34,113414.15,-35643.81
2026-04-22 00:00:00,Corporate Cash Management,82462.76,110287.22,-27824.460000000006
2026-04-22 01:00:00,Corporate Cash Management,117076.89,111341.03,5735.860000000001
2026-04-22 02:00:00,Corporate Cash Management,91386.25,133460.15,-42073.899999999994
2026-04-22 03:00:00,Corporate Cash Management,99740.96,89764.92,9976.040000000008
2026-04-22 04:00:00,Corporate Cash Management,137119.85,97777.06,39342.79000000001
2026-04-22 05:00:00,Corporate Cash Management,189316.04,46531.41,142784.63
2026-04-22 06:00:00,Corporate Cash Management,109147.08,118957.39,-9810.309999999998
2026-04-22 07:00:00,Corporate Cash Management,106478.03,116129.54,-9651.509999999995
2026-04-22 08:00:00,Corporate Cash Management,69163.12,126319.98,-57156.86
2026-04-22 09:00:00,Corporate Cash Management,101975.07,71210.45,30764.62000000001
2026-04-22 10:00:00,Corporate Cash Management,94452.62,114470.94,-20018.320000000007
2026-04-22 11:00:00,Corporate Cash Management,116240.53,116105.24,135.2899999999936
2026-04-22 12:00:00,Corporate Cash Management,84322.33,76484.61,7837.720000000001
2026-04-22 13:00:00,Corporate Cash Management,97916.33,117347.0,-19430.67
2026-04-22 14:00:00,Corporate Cash Management,116080.99,108413.26,7667.7300000000105
2026-04-22 15:00:00,Corporate Cash Management,368429.82,145085.3,223344.52000000002
2026-04-22 16:00:00,Corporate Cash Management,1625358.04,1231355.46,394002.5800000001
2026-04-22 17:00:00,Corporate Cash Management,3881996.61,2259717.91,1622278.6999999997
2026-04-22 18:00:00,Corporate Cash Management,3392650.05,1800489.77,1592160.2799999998
2026-04-22 19:00:00,Corporate Cash Management,987038.28,5825409.91,-4838371.63
2026-04-22 20:00:00,Corporate Cash Management,274856.53,218217.46,56639.070000000036
2026-04-22 21:00:00,Corporate Cash Management,82262.31,137159.38,-54897.07000000001
2026-04-22 22:00:00,Corporate Cash Management,88444.87,94308.76,-5863.889999999999
2026-04-22 23:00:00,Corporate Cash Management,145067.72,109338.49,35729.229999999996
2026-04-23 00:00:00,Corporate Cash Management,106388.23,102208.21,4180.0199999999895
2026-04-23 01:00:00,Corporate Cash Management,98430.7,116169.35,-17738.65000000001
2026-04-23 02:00:00,Corporate Cash Management,101649.15,72111.09,29538.059999999998
2026-04-23 03:00:00,Corporate Cash Management,90843.89,94579.79,-3735.899999999994
2026-04-23 04:00:00,Corporate Cash Management,54252.27,86888.5,-32636.230000000003
2026-04-23 05:00:00,Corporate Cash Management,67795.97,105977.89,-38181.92
2026-04-23 06:00:00,Corporate Cash Management,108517.24,95943.83,12573.410000000003
2026-04-23 07:00:00,Corporate Cash Management,73881.56,77192.34,-3310.779999999999
2026-04-23 08:00:00,Corporate Cash Management,90531.97,82708.82,7823.149999999994
2026-04-23 09:00:00,Corporate Cash Management,68425.03,135902.18,-67477.15
2026-04-23 10:00:00,Corporate Cash Management,77706.4,58922.43,18783.969999999994
2026-04-23 11:00:00,Corporate Cash Management,92900.97,107463.46,-14562.490000000005
2026-04-23 12:00:00,Corporate Cash Management,117163.88,122753.74,-5589.860000000001
2026-04-23 13:00:00,Corporate Cash Management,123348.78,104152.23,19196.550000000003
2026-04-23 14:00:00,Corporate Cash Management,83039.86,158054.87,-75015.01
2026-04-23 15:00:00,Corporate Cash Management,247470.26,280466.33,-32996.07000000001
2026-04-23 16:00:00,Corporate Cash Management,769840.44,1171196.98,-401356.54000000004
2026-04-23 17:00:00,Corporate Cash Management,2868915.76,2436004.78,432910.98
2026-04-23 18:00:00,Corporate Cash Management,3590031.6,3027413.31,562618.29
2026-04-23 19:00:00,Corporate Cash Management,1081147.88,1261644.25,-180496.3700000001
2026-04-23 20:00:00,Corporate Cash Management,318472.59,222004.99,96467.60000000003
2026-04-23 21:00:00,Corporate Cash Management,123003.13,80196.79,42806.34000000001
2026-04-23 22:00:00,Corporate Cash Management,98915.43,66692.24,32223.189999999988
2026-04-23 23:00:00,Corporate Cash Management,87372.65,94270.7,-6898.050000000003
2026-04-24 00:00:00,Corporate Cash Management,81370.85,62161.18,19209.670000000006
2026-04-24 01:00:00,Corporate Cash Management,64593.11,79991.79,-15398.679999999993
2026-04-24 02:00:00,Corporate Cash Management,67276.44,230629.25,-163352.81
2026-04-24 03:00:00,Corporate Cash Management,119263.24,110837.4,8425.840000000011
2026-04-24 04:00:00,Corporate Cash Management,135778.14,120099.59,15678.550000000017
2026-04-24 05:00:00,Corporate Cash Management,70975.9,91793.98,-20818.08
2026-04-24 06:00:00,Corporate Cash Management,94598.94,142262.57,-47663.630000000005
2026-04-24 07:00:00,Corporate Cash Management,62738.87,126047.19,-63308.32
2026-04-24 08:00:00,Corporate Cash Management,72850.08,101469.28,-28619.199999999997
2026-04-24 09:00:00,Corporate Cash Management,99241.55,87488.39,11753.160000000003
2026-04-24 10:00:00,Corporate Cash Management,81689.48,82472.11,-782.6300000000047
2026-04-24 11:00:00,Corporate Cash Management,57601.65,103589.14,-45987.49
2026-04-24 12:00:00,Corporate Cash Management,142925.67,86878.62,56047.05000000002
2026-04-24 13:00:00,Corporate Cash Management,91987.02,103358.33,-11371.309999999998
2026-04-24 14:00:00,Corporate Cash Management,75707.61,112821.12,-37113.509999999995
2026-04-24 15:00:00,Corporate Cash Management,236659.68,209438.46,27221.22
2026-04-24 16:00:00,Corporate Cash Management,1077419.01,1399257.6,-321838.5900000001
2026-04-24 17:00:00,Corporate Cash Management,3143346.26,2585461.15,557885.1099999999
2026-04-24 18:00:00,Corporate Cash Management,2598327.12,2752133.25,-153806.1299999999
2026-04-24 19:00:00,Corporate Cash Management,1189282.04,833279.8,356002.24
2026-04-24 20:00:00,Corporate Cash Management,290186.43,207300.74,82885.69
2026-04-24 21:00:00,Corporate Cash Management,71767.66,165627.25,-93859.59
2026-04-24 22:00:00,Corporate Cash Management,78305.72,71955.48,6350.240000000005
2026-04-24 23:00:00,Corporate Cash Management,114711.92,100408.49,14303.429999999993
2026-04-25 00:00:00,Corporate Cash Management,1620.49,1606.67,13.819999999999936
2026-04-25 01:00:00,Corporate Cash Management,1822.41,1034.91,787.5
2026-04-25 02:00:00,Corporate Cash Management,1653.64,2069.96,-416.31999999999994
2026-04-25 03:00:00,Corporate Cash Management,1679.62,1566.36,113.25999999999999
2026-04-25 04:00:00,Corporate Cash Management,1644.35,1949.45,-305.10000000000014
2026-04-25 05:00:00,Corporate Cash Management,1357.85,2305.31,-947.46
2026-04-25 06:00:00,Corporate Cash Management,10696.62,1908.73,8787.890000000001
2026-04-25 07:00:00,Corporate Cash Management,2425.78,1953.97,471.8100000000002
2026-04-25 08:00:00,Corporate Cash Management,1779.72,1448.9,330.81999999999994
2026-04-25 09:00:00,Corporate Cash Management,2358.3,2147.91,210.39000000000033
2026-04-25 10:00:00,Corporate Cash Management,1645.11,1716.63,-71.52000000000021
2026-04-25 11:00:00,Corporate Cash Management,1621.01,1092.18,528.8299999999999
2026-04-25 12:00:00,Corporate Cash Management,2061.14,2213.57,-152.4300000000003
2026-04-25 13:00:00,Corporate Cash Management,2072.5,10660.29,-8587.79
2026-04-25 14:00:00,Corporate Cash Management,1940.15,2796.72,-856.5699999999997
2026-04-25 15:00:00,Corporate Cash Management,5428.91,7633.2,-2204.29
2026-04-25 16:00:00,Corporate Cash Management,15939.07,25819.02,-9879.95
2026-04-25 17:00:00,Corporate Cash Management,52434.82,62256.75,-9821.93
2026-04-25 18:00:00,Corporate Cash Management,72007.35,71927.66,79.69000000000233
2026-04-25 19:00:00,Corporate Cash Management,27967.66,17047.08,10920.579999999998
2026-04-25 20:00:00,Corporate Cash Management,5649.67,2920.66,2729.01
2026-04-25 21:00:00,Corporate Cash Management,2575.75,1714.15,861.5999999999999
2026-04-25 22:00:00,Corporate Cash Management,1696.85,2480.43,-783.5799999999999
2026-04-25 23:00:00,Corporate Cash Management,1214.44,1525.8,-311.3599999999999
2026-04-26 00:00:00,Corporate Cash Management,1743.47,2022.21,-278.74
2026-04-26 01:00:00,Corporate Cash Management,2180.55,2077.39,103.16000000000031
2026-04-26 02:00:00,Corporate Cash Management,2271.49,1913.34,358.14999999999986
2026-04-26 03:00:00,Corporate Cash Management,1630.7,1307.84,322.8600000000001
2026-04-26 04:00:00,Corporate Cash Management,1460.2,1961.02,-500.81999999999994
2026-04-26 05:00:00,Corporate Cash Management,1496.98,1619.95,-122.97000000000003
2026-04-26 06:00:00,Corporate Cash Management,1623.62,2755.23,-1131.6100000000001
2026-04-26 07:00:00,Corporate Cash Management,1157.53,2391.7,-1234.1699999999998
2026-04-26 08:00:00,Corporate Cash Management,1630.34,1634.3,-3.9600000000000364
2026-04-26 09:00:00,Corporate Cash Management,1882.4,2798.88,-916.48
2026-04-26 10:00:00,Corporate Cash Management,1815.04,1961.51,-146.47000000000003
2026-04-26 11:00:00,Corporate Cash Management,1712.59,1185.16,527.4299999999998
2026-04-26 12:00:00,Corporate Cash Management,1565.6,1765.12,-199.51999999999998
2026-04-26 13:00:00,Corporate Cash Management,1613.99,2712.69,-1098.7
2026-04-26 14:00:00,Corporate Cash Management,1737.03,1573.35,163.68000000000006
2026-04-26 15:00:00,Corporate Cash Management,5468.27,4361.18,1107.0900000000001
2026-04-26 16:00:00,Corporate Cash Management,21983.35,15146.45,6836.899999999998
2026-04-26 17:00:00,Corporate Cash Management,124870.1,40548.17,84321.93000000001
2026-04-26 18:00:00,Corporate Cash Management,52064.3,44443.29,7621.010000000002
2026-04-26 19:00:00,Corporate Cash Management,24532.18,15656.37,8875.81
2026-04-26 20:00:00,Corporate Cash Management,4242.2,3800.88,441.3199999999997
2026-04-26 21:00:00,Corporate Cash Management,1835.6,2982.43,-1146.83
2026-04-26 22:00:00,Corporate Cash Management,2752.48,1786.22,966.26
2026-04-26 23:00:00,Corporate Cash Management,2386.85,2190.6,196.25
2026-04-27 00:00:00,Corporate Cash Management,59974.95,118238.28,-58263.33
2026-04-27 01:00:00,Corporate Cash Management,72021.74,68217.46,3804.279999999999
2026-04-27 02:00:00,Corporate Cash Management,89885.72,73107.54,16778.180000000008
2026-04-27 03:00:00,Corporate Cash Management,81721.84,108990.9,-27269.059999999998
2026-04-27 04:00:00,Corporate Cash Management,63784.98,76802.63,-13017.650000000001
2026-04-27 05:00:00,Corporate Cash Management,95731.82,107201.1,-11469.279999999999
2026-04-27 06:00:00,Corporate Cash Management,58152.46,136884.88,-78732.42000000001
2026-04-27 07:00:00,Corporate Cash Management,95994.19,62549.86,33444.33
2026-04-27 08:00:00,Corporate Cash Management,111619.26,82316.88,29302.37999999999
2026-04-27 09:00:00,Corporate Cash Management,115674.88,85647.65,30027.23000000001
2026-04-27 10:00:00,Corporate Cash Management,89704.5,78902.91,10801.589999999997
2026-04-27 11:00:00,Corporate Cash Management,135680.58,77309.45,58371.12999999999
2026-04-27 12:00:00,Corporate Cash Management,101039.85,79582.04,21457.810000000012
2026-04-27 13:00:00,Corporate Cash Management,115052.72,89777.25,25275.47
2026-04-27 14:00:00,Corporate Cash Management,83006.1,100626.07,-17619.97
2026-04-27 15:00:00,Corporate Cash Management,335299.21,281512.68,53786.53000000003
2026-04-27 16:00:00,Corporate Cash Management,1098610.01,1057297.04,41312.96999999997
2026-04-27 17:00:00,Corporate Cash Management,4195549.38,3620403.33,575146.0499999998
2026-04-27 18:00:00,Corporate Cash Management,3972397.61,2361015.17,1611382.44
2026-04-27 19:00:00,Corporate Cash Management,1172566.2,787930.53,384635.6699999999
2026-04-27 20:00:00,Corporate Cash Management,253670.54,205539.1,48131.44
2026-04-27 21:00:00,Corporate Cash Management,95392.12,108398.4,-13006.279999999999
2026-04-27 22:00:00,Corporate Cash Management,75878.88,111749.63,-35870.75
2026-04-27 23:00:00,Corporate Cash Management,107921.92,129655.0,-21733.08
2026-04-28 00:00:00,Corporate Cash Management,106549.54,96772.2,9777.339999999997
2026-04-28 01:00:00,Corporate Cash Management,345748.81,108642.88,237105.93
2026-04-28 02:00:00,Corporate Cash Management,91095.16,126723.12,-35627.95999999999
2026-04-28 03:00:00,Corporate Cash Management,115538.42,74069.06,41469.36
2026-04-28 04:00:00,Corporate Cash Management,134160.09,85393.88,48766.20999999999
2026-04-28 05:00:00,Corporate Cash Management,111489.3,179924.62,-68435.31999999999
2026-04-28 06:00:00,Corporate Cash Management,63642.58,111486.88,-47844.3
2026-04-28 07:00:00,Corporate Cash Management,71449.32,102256.54,-30807.219999999987
2026-04-28 08:00:00,Corporate Cash Management,85293.67,112531.41,-27237.740000000005
2026-04-28 09:00:00,Corporate Cash Management,131934.09,64450.04,67484.04999999999
2026-04-28 10:00:00,Corporate Cash Management,79904.36,76562.17,3342.1900000000023
2026-04-28 11:00:00,Corporate Cash Management,121176.66,69876.91,51299.75
2026-04-28 12:00:00,Corporate Cash Management,79584.98,99930.08,-20345.100000000006
2026-04-28 13:00:00,Corporate Cash Management,106387.55,82179.24,24208.309999999998
2026-04-28 14:00:00,Corporate Cash Management,78883.56,98892.89,-20009.33
2026-04-28 15:00:00,Corporate Cash Management,218363.53,205217.56,13145.970000000001
2026-04-28 16:00:00,Corporate Cash Management,828517.18,708499.36,120017.82000000007
2026-04-28 17:00:00,Corporate Cash Management,4057659.8,3415369.92,642289.8799999999
2026-04-28 18:00:00,Corporate Cash Management,2377663.88,1762075.88,615588.0
2026-04-28 19:00:00,Corporate Cash Management,746767.46,886994.65,-140227.19000000006
2026-04-28 20:00:00,Corporate Cash Management,152632.85,159645.65,-7012.799999999988
2026-04-28 21:00:00,Corporate Cash Management,97672.67,77498.21,20174.459999999992
2026-04-28 22:00:00,Corporate Cash Management,83047.86,94784.79,-11736.929999999993
2026-04-28 23:00:00,Corporate Cash Management,109375.77,122556.78,-13181.009999999995
2026-04-29 00:00:00,Corporate Cash Management,87691.1,60919.96,26771.140000000007
2026-04-29 01:00:00,Corporate Cash Management,124473.28,78296.87,46176.41
2026-04-29 02:00:00,Corporate Cash Management,84457.25,58122.25,26335.0
2026-04-29 03:00:00,Corporate Cash Management,120207.57,77358.98,42848.59000000001
2026-04-29 04:00:00,Corporate Cash Management,73292.64,91632.2,-18339.559999999998
2026-04-29 05:00:00,Corporate Cash Management,63864.66,109025.2,-45160.53999999999
2026-04-29 06:00:00,Corporate Cash Management,75699.0,52993.5,22705.5
2026-04-29 07:00:00,Corporate Cash Management,70134.43,103280.4,-33145.97
2026-04-29 08:00:00,Corporate Cash Management,68199.81,70573.14,-2373.3300000000017
2026-04-29 09:00:00,Corporate Cash Management,103132.29,66404.31,36727.979999999996
2026-04-29 10:00:00,Corporate Cash Management,87053.28,91531.36,-4478.080000000002
2026-04-29 11:00:00,Corporate Cash Management,96355.39,105277.14,-8921.75
2026-04-29 12:00:00,Corporate Cash Management,106112.07,87768.7,18343.37000000001
2026-04-29 13:00:00,Corporate Cash Management,61099.88,68570.45,-7470.57
2026-04-29 14:00:00,Corporate Cash Management,115061.02,94155.24,20905.78
2026-04-29 15:00:00,Corporate Cash Management,169578.07,185032.25,-15454.179999999993
2026-04-29 16:00:00,Corporate Cash Management,951781.46,1237388.95,-285607.49
2026-04-29 17:00:00,Corporate Cash Management,1762617.86,3581856.2,-1819238.34
2026-04-29 18:00:00,Corporate Cash Management,3331679.56,3525094.34,-193414.7799999998
2026-04-29 19:00:00,Corporate Cash Management,720737.3,1058717.46,-337980.1599999999
2026-04-29 20:00:00,Corporate Cash Management,169794.25,293679.77,-123885.52000000002
2026-04-29 21:00:00,Corporate Cash Management,75270.23,74809.52,460.70999999999185
2026-04-29 22:00:00,Corporate Cash Management,90174.27,140732.49,-50558.21999999999
2026-04-29 23:00:00,Corporate Cash Management,89370.55,69628.44,19742.11
2026-04-30 00:00:00,Corporate Cash Management,113928.84,54178.27,59750.57
2026-04-30 01:00:00,Corporate Cash Management,90600.26,126617.25,-36016.990000000005
2026-04-30 02:00:00,Corporate Cash Management,118396.85,75359.96,43036.89
2026-04-30 03:00:00,Corporate Cash Management,102251.0,92665.33,9585.669999999998
2026-04-30 04:00:00,Corporate Cash Management,73422.44,69554.29,3868.1500000000087
2026-04-30 05:00:00,Corporate Cash Management,78712.41,162505.28,-83792.87
2026-04-30 06:00:00,Corporate Cash Management,135672.7,141920.08,-6247.379999999976
2026-04-30 07:00:00,Corporate Cash Management,126400.72,132482.18,-6081.459999999992
2026-04-30 08:00:00,Corporate Cash Management,114276.29,92010.17,22266.119999999995
2026-04-30 09:00:00,Corporate Cash Management,118092.92,115006.02,3086.899999999994
2026-04-30 10:00:00,Corporate Cash Management,104468.01,88814.21,15653.799999999988
2026-04-30 11:00:00,Corporate Cash Management,101126.9,119147.24,-18020.34000000001
2026-04-30 12:00:00,Corporate Cash Management,94163.93,81220.39,12943.539999999994
2026-04-30 13:00:00,Corporate Cash Management,142400.91,133930.42,8470.48999999999
2026-04-30 14:00:00,Corporate Cash Management,88838.08,86053.75,2784.3300000000017
2026-04-30 15:00:00,Corporate Cash Management,243395.96,203364.93,40031.03
2026-04-30 16:00:00,Corporate Cash Management,717284.71,946828.89,-229544.18000000005
2026-04-30 17:00:00,Corporate Cash Management,1978130.56,2872419.75,-894289.19
2026-04-30 18:00:00,Corporate Cash Management,4453196.19,2484304.5,1968891.6900000004
2026-04-30 19:00:00,Corporate Cash Management,1282716.69,1201786.56,80930.12999999989
2026-04-30 20:00:00,Corporate Cash Management,217335.01,196680.0,20655.01000000001
2026-04-30 21:00:00,Corporate Cash Management,101754.31,117670.38,-15916.070000000007
2026-04-30 22:00:00,Corporate Cash Management,66314.17,131727.59,-65413.42
2026-04-30 23:00:00,Corporate Cash Management,381784.4,91762.66,290021.74
2026-05-01 00:00:00,Corporate Cash Management,64590.37,156709.19,-92118.82
2026-05-01 01:00:00,Corporate Cash Management,86381.47,119306.05,-32924.58
2026-05-01 02:00:00,Corporate Cash Management,110242.18,153602.61,-43360.42999999999
2026-05-01 03:00:00,Corporate Cash Management,104159.64,88633.5,15526.14
2026-05-01 04:00:00,Corporate Cash Management,138362.82,59408.95,78953.87000000001
2026-05-01 05:00:00,Corporate Cash Management,100111.33,75435.3,24676.03
2026-05-01 06:00:00,Corporate Cash Management,50047.82,77383.65,-27335.829999999994
2026-05-01 07:00:00,Corporate Cash Management,151451.62,70920.06,80531.56
2026-05-01 08:00:00,Corporate Cash Management,75371.27,51978.67,23392.600000000006
2026-05-01 09:00:00,Corporate Cash Management,96846.31,116276.54,-19430.229999999996
2026-05-01 10:00:00,Corporate Cash Management,95397.9,56531.89,38866.009999999995
2026-05-01 11:00:00,Corporate Cash Management,98772.99,113525.73,-14752.73999999999
2026-05-01 12:00:00,Corporate Cash Management,94124.95,155431.66,-61306.71000000001
2026-05-01 13:00:00,Corporate Cash Management,94665.84,74184.93,20480.910000000003
2026-05-01 14:00:00,Corporate Cash Management,71705.73,106386.94,-34681.21000000001
2026-05-01 15:00:00,Corporate Cash Management,437624.08,200771.35,236852.73
2026-05-01 16:00:00,Corporate Cash Management,1293878.44,1308346.78,-14468.340000000084
2026-05-01 17:00:00,Corporate Cash Management,2865668.64,2030818.68,834849.9600000002
2026-05-01 18:00:00,Corporate Cash Management,4483025.94,2648766.16,1834259.7800000003
2026-05-01 19:00:00,Corporate Cash Management,840972.79,1408169.2,-567196.4099999999
2026-05-01 20:00:00,Corporate Cash Management,284778.59,219117.29,65661.30000000002
2026-05-01 21:00:00,Corporate Cash Management,86850.52,64266.16,22584.36
2026-05-01 22:00:00,Corporate Cash Management,102978.2,122922.94,-19944.740000000005
2026-05-01 23:00:00,Corporate Cash Management,103412.07,65093.5,38318.57000000001
2026-05-02 00:00:00,Corporate Cash Management,1037.13,1835.78,-798.6499999999999
2026-05-02 01:00:00,Corporate Cash Management,1300.39,2082.25,-781.8599999999999
2026-05-02 02:00:00,Corporate Cash Management,2765.4,1854.75,910.6500000000001
2026-05-02 03:00:00,Corporate Cash Management,1746.36,3394.46,-1648.1000000000001
2026-05-02 04:00:00,Corporate Cash Management,3067.83,2162.45,905.3800000000001
2026-05-02 05:00:00,Corporate Cash Management,2580.82,1711.21,869.6100000000001
2026-05-02 06:00:00,Corporate Cash Management,1760.34,2092.69,-332.35000000000014
2026-05-02 07:00:00,Corporate Cash Management,1721.93,1897.0,-175.06999999999994
2026-05-02 08:00:00,Corporate Cash Management,2808.58,1820.08,988.5
2026-05-02 09:00:00,Corporate Cash Management,3146.63,1913.12,1233.5100000000002
2026-05-02 10:00:00,Corporate Cash Management,1731.39,1614.89,116.5
2026-05-02 11:00:00,Corporate Cash Management,2732.23,1898.4,833.8299999999999
2026-05-02 12:00:00,Corporate Cash Management,2406.3,1586.33,819.9700000000003
2026-05-02 13:00:00,Corporate Cash Management,2515.69,1121.95,1393.74
2026-05-02 14:00:00,Corporate Cash Management,2046.73,2568.23,-521.5
2026-05-02 15:00:00,Corporate Cash Management,3874.77,3851.41,23.360000000000127
2026-05-02 16:00:00,Corporate Cash Management,16893.41,22044.75,-5151.34
2026-05-02 17:00:00,Corporate Cash Management,40833.27,45271.08,-4437.810000000005
2026-05-02 18:00:00,Corporate Cash Management,91221.08,45614.01,45607.07
2026-05-02 19:00:00,Corporate Cash Management,22048.7,16411.47,5637.23
2026-05-02 20:00:00,Corporate Cash Management,3443.19,5623.06,-2179.8700000000003
2026-05-02 21:00:00,Corporate Cash Management,2563.99,2600.22,-36.23000000000002
2026-05-02 22:00:00,Corporate Cash Management,1652.34,1814.13,-161.7900000000002
2026-05-02 23:00:00,Corporate Cash Management,1580.66,1574.02,6.6400000000001
2026-05-03 00:00:00,Corporate Cash Management,3119.21,1178.83,1940.38
2026-05-03 01:00:00,Corporate Cash Management,1333.62,2196.02,-862.4000000000001
2026-05-03 02:00:00,Corporate Cash Management,1972.57,1519.9,452.66999999999985
2026-05-03 03:00:00,Corporate Cash Management,1604.56,1361.34,243.22000000000003
2026-05-03 04:00:00,Corporate Cash Management,1541.8,1813.22,-271.4200000000001
2026-05-03 05:00:00,Corporate Cash Management,1289.96,1655.75,-365.78999999999996
2026-05-03 06:00:00,Corporate Cash Management,1887.91,1231.55,656.3600000000001
2026-05-03 07:00:00,Corporate Cash Management,1494.96,1274.57,220.3900000000001
2026-05-03 08:00:00,Corporate Cash Management,2156.36,1958.0,198.36000000000013
2026-05-03 09:00:00,Corporate Cash Management,1838.27,1527.85,310.4200000000001
2026-05-03 10:00:00,Corporate Cash Management,1720.16,2044.9,-324.74
2026-05-03 11:00:00,Corporate Cash Management,1496.97,1867.16,-370.19000000000005
2026-05-03 12:00:00,Corporate Cash Management,2659.83,2338.9,320.92999999999984
2026-05-03 13:00:00,Corporate Cash Management,2238.56,1463.87,774.69
2026-05-03 14:00:00,Corporate Cash Management,1683.07,2046.94,-363.8700000000001
2026-05-03 15:00:00,Corporate Cash Management,3263.47,5203.7,-1940.23
2026-05-03 16:00:00,Corporate Cash Management,13715.41,18195.48,-4480.07
2026-05-03 17:00:00,Corporate Cash Management,75181.27,72571.68,2609.590000000011
2026-05-03 18:00:00,Corporate Cash Management,71012.58,36096.81,34915.770000000004
2026-05-03 19:00:00,Corporate Cash Management,28564.37,17279.01,11285.36
2026-05-03 20:00:00,Corporate Cash Management,4448.29,2897.59,1550.6999999999998
2026-05-03 21:00:00,Corporate Cash Management,2441.13,1606.73,834.4000000000001
2026-05-03 22:00:00,Corporate Cash Management,2407.79,1734.08,673.71
2026-05-03 23:00:00,Corporate Cash Management,1827.84,2215.93,-388.0899999999999
2026-05-04 00:00:00,Corporate Cash Management,85034.96,86572.92,-1537.9599999999919
2026-05-04 01:00:00,Corporate Cash Management,72859.18,77553.36,-4694.180000000008
2026-05-04 02:00:00,Corporate Cash Management,103455.0,61099.52,42355.48
2026-05-04 03:00:00,Corporate Cash Management,106954.44,66437.72,40516.72
2026-05-04 04:00:00,Corporate Cash Management,84012.52,97257.41,-13244.89
2026-05-04 05:00:00,Corporate Cash Management,86523.33,112187.7,-25664.369999999995
2026-05-04 06:00:00,Corporate Cash Management,88082.66,81044.97,7037.690000000002
2026-05-04 07:00:00,Corporate Cash Management,113342.0,121822.28,-8480.279999999999
2026-05-04 08:00:00,Corporate Cash Management,65957.99,70975.19,-5017.199999999997
2026-05-04 09:00:00,Corporate Cash Management,70547.49,81628.18,-11080.689999999988
2026-05-04 10:00:00,Corporate Cash Management,70892.4,83368.73,-12476.330000000002
2026-05-04 11:00:00,Corporate Cash Management,89609.97,131915.71,-42305.73999999999
2026-05-04 12:00:00,Corporate Cash Management,100627.72,93058.98,7568.740000000005
2026-05-04 13:00:00,Corporate Cash Management,71287.09,57485.69,13801.399999999994
2026-05-04 14:00:00,Corporate Cash Management,125239.95,122499.11,2740.8399999999965
2026-05-04 15:00:00,Corporate Cash Management,330391.05,351885.79,-21494.73999999999
2026-05-04 16:00:00,Corporate Cash Management,1219248.37,999560.27,219688.1000000001
2026-05-04 17:00:00,Corporate Cash Management,3745402.36,2187525.77,1557876.5899999999
2026-05-04 18:00:00,Corporate Cash Management,2250243.67,3397724.88,-1147481.21
2026-05-04 19:00:00,Corporate Cash Management,879805.21,1738567.53,-858762.3200000001
2026-05-04 20:00:00,Corporate Cash Management,260674.0,274241.12,-13567.119999999995
2026-05-04 21:00:00,Corporate Cash Management,98827.84,64356.54,34471.299999999996
2026-05-04 22:00:00,Corporate Cash Management,74487.33,108833.02,-34345.69
2026-05-04 23:00:00,Corporate Cash Management,132803.47,99570.96,33232.509999999995
2026-05-05 00:00:00,Corporate Cash Management,100212.91,70891.61,29321.300000000003
2026-05-05 01:00:00,Corporate Cash Management,110846.15,124215.02,-13368.87000000001
2026-05-05 02:00:00,Corporate Cash Management,78573.67,100423.62,-21849.949999999997
2026-05-05 03:00:00,Corporate Cash Management,141539.19,125029.45,16509.740000000005
2026-05-05 04:00:00,Corporate Cash Management,89444.4,405718.74,-316274.33999999997
2026-05-05 05:00:00,Corporate Cash Management,119984.63,99434.99,20549.64
2026-05-05 06:00:00,Corporate Cash Management,80390.22,71954.64,8435.580000000002
2026-05-05 07:00:00,Corporate Cash Management,97004.9,95748.64,1256.2599999999948
2026-05-05 08:00:00,Corporate Cash Management,106917.61,130205.77,-23288.160000000003
2026-05-05 09:00:00,Corporate Cash Management,153155.12,63004.44,90150.68
2026-05-05 10:00:00,Corporate Cash Management,83318.26,63915.34,19402.92
2026-05-05 11:00:00,Corporate Cash Management,97830.87,114283.06,-16452.190000000002
2026-05-05 12:00:00,Corporate Cash Management,107831.77,89683.6,18148.17
2026-05-05 13:00:00,Corporate Cash Management,65380.5,120778.72,-55398.22
2026-05-05 14:00:00,Corporate Cash Management,57939.25,78914.82,-20975.570000000007
2026-05-05 15:00:00,Corporate Cash Management,178690.5,224667.7,-45977.20000000001
2026-05-05 16:00:00,Corporate Cash Management,1400151.09,1263679.32,136471.77000000002
2026-05-05 17:00:00,Corporate Cash Management,4344598.07,2885192.86,1459405.2100000004
2026-05-05 18:00:00,Corporate Cash Management,2245852.43,1750418.44,495433.9900000002
2026-05-05 19:00:00,Corporate Cash Management,811074.03,2154685.81,-1343611.78
2026-05-05 20:00:00,Corporate Cash Management,336400.05,233902.86,102497.19
2026-05-05 21:00:00,Corporate Cash Management,86628.02,69067.61,17560.410000000003
2026-05-05 22:00:00,Corporate Cash Management,84858.61,97484.58,-12625.970000000001
2026-05-05 23:00:00,Corporate Cash Management,133940.01,100193.66,33746.350000000006
2026-05-06 00:00:00,Corporate Cash Management,128544.44,115386.87,13157.570000000007
2026-05-06 01:00:00,Corporate Cash Management,117462.12,113476.51,3985.6100000000006
2026-05-06 02:00:00,Corporate Cash Management,60626.48,85314.85,-24688.370000000003
2026-05-06 03:00:00,Corporate Cash Management,67896.58,58515.39,9381.190000000002
2026-05-06 04:00:00,Corporate Cash Management,123066.7,101003.02,22063.679999999993
2026-05-06 05:00:00,Corporate Cash Management,100692.57,59692.46,41000.11000000001
2026-05-06 06:00:00,Corporate Cash Management,76566.97,121951.18,-45384.20999999999
2026-05-06 07:00:00,Corporate Cash Management,85324.34,74934.93,10389.410000000003
2026-05-06 08:00:00,Corporate Cash Management,122774.07,105482.99,17291.08
2026-05-06 09:00:00,Corporate Cash Management,136251.45,76383.56,59867.890000000014
2026-05-06 10:00:00,Corporate Cash Management,92861.22,79583.02,13278.199999999997
2026-05-06 11:00:00,Corporate Cash Management,78325.25,73667.91,4657.3399999999965
2026-05-06 12:00:00,Corporate Cash Management,86811.16,107645.03,-20833.869999999995
2026-05-06 13:00:00,Corporate Cash Management,130281.89,77154.32,53127.56999999999
2026-05-06 14:00:00,Corporate Cash Management,138915.16,117017.47,21897.690000000002
2026-05-06 15:00:00,Corporate Cash Management,240610.22,191144.02,49466.20000000001
2026-05-06 16:00:00,Corporate Cash Management,963110.42,1004149.38,-41038.95999999996
2026-05-06 17:00:00,Corporate Cash Management,3708111.56,2761938.91,946172.6499999999
2026-05-06 18:00:00,Corporate Cash Management,4244260.75,2844812.33,1399448.42
2026-05-06 19:00:00,Corporate Cash Management,764455.42,844461.84,-80006.41999999993
2026-05-06 20:00:00,Corporate Cash Management,216265.47,264482.92,-48217.44999999998
2026-05-06 21:00:00,Corporate Cash Management,133215.72,90229.41,42986.31
2026-05-06 22:00:00,Corporate Cash Management,94855.26,103246.51,-8391.25
2026-05-06 23:00:00,Corporate Cash Management,82307.47,89636.41,-7328.940000000002
2026-05-07 00:00:00,Corporate Cash Management,97406.85,104211.57,-6804.720000000001
2026-05-07 01:00:00,Corporate Cash Management,102030.89,81204.79,20826.100000000006
2026-05-07 02:00:00,Corporate Cash Management,70167.84,73877.64,-3709.800000000003
2026-05-07 03:00:00,Corporate Cash Management,95135.13,100135.5,-5000.369999999995
2026-05-07 04:00:00,Corporate Cash Management,101944.94,79549.24,22395.699999999997
2026-05-07 05:00:00,Corporate Cash Management,82260.26,129606.93,-47346.67
2026-05-07 06:00:00,Corporate Cash Management,76533.42,91535.22,-15001.800000000003
2026-05-07 07:00:00,Corporate Cash Management,81298.5,63841.4,17457.1
2026-05-07 08:00:00,Corporate Cash Management,72957.08,77745.7,-4788.619999999995
2026-05-07 09:00:00,Corporate Cash Management,115037.09,70104.26,44932.83
2026-05-07 10:00:00,Corporate Cash Management,72725.31,117688.27,-44962.96000000001
2026-05-07 11:00:00,Corporate Cash Management,97500.78,109201.5,-11700.720000000001
2026-05-07 12:00:00,Corporate Cash Management,84695.18,88637.75,-3942.570000000007
2026-05-07 13:00:00,Corporate Cash Management,78053.0,96898.37,-18845.369999999995
2026-05-07 14:00:00,Corporate Cash Management,140584.95,94468.87,46116.080000000016
2026-05-07 15:00:00,Corporate Cash Management,221831.64,275042.4,-53210.76000000001
2026-05-07 16:00:00,Corporate Cash Management,930005.59,1211613.89,-281608.29999999993
2026-05-07 17:00:00,Corporate Cash Management,2336261.14,3261005.64,-924744.5
2026-05-07 18:00:00,Corporate Cash Management,3078977.94,2609295.35,469682.58999999985
2026-05-07 19:00:00,Corporate Cash Management,1351793.38,908559.78,443233.59999999986
2026-05-07 20:00:00,Corporate Cash Management,314915.17,261933.47,52981.69999999998
2026-05-07 21:00:00,Corporate Cash Management,95685.42,142312.49,-46627.06999999999
2026-05-07 22:00:00,Corporate Cash Management,87970.48,118824.41,-30853.930000000008
2026-05-07 23:00:00,Corporate Cash Management,96095.94,133651.19,-37555.25
2026-05-08 00:00:00,Corporate Cash Management,96967.96,93720.56,3247.4000000000087
2026-05-08 01:00:00,Corporate Cash Management,76675.74,70619.89,6055.850000000006
2026-05-08 02:00:00,Corporate Cash Management,134048.61,72205.26,61843.34999999999
2026-05-08 03:00:00,Corporate Cash Management,93518.09,127065.43,-33547.34
2026-05-08 04:00:00,Corporate Cash Management,106302.04,56504.7,49797.34
2026-05-08 05:00:00,Corporate Cash Management,103411.19,131105.04,-27693.850000000006
2026-05-08 06:00:00,Corporate Cash Management,102882.0,73913.91,28968.089999999997
2026-05-08 07:00:00,Corporate Cash Management,72354.33,145570.01,-73215.68000000001
2026-05-08 08:00:00,Corporate Cash Management,92851.31,88425.4,4425.9100000000035
2026-05-08 09:00:00,Corporate Cash Management,164479.44,107818.84,56660.600000000006
2026-05-08 10:00:00,Corporate Cash Management,138295.36,163378.77,-25083.410000000003
2026-05-08 11:00:00,Corporate Cash Management,96723.02,82869.97,13853.050000000003
2026-05-08 12:00:00,Corporate Cash Management,84850.63,82523.69,2326.9400000000023
2026-05-08 13:00:00,Corporate Cash Management,53489.71,75749.7,-22259.989999999998
2026-05-08 14:00:00,Corporate Cash Management,88115.28,75169.41,12945.869999999995
2026-05-08 15:00:00,Corporate Cash Management,224754.75,204254.89,20499.859999999986
2026-05-08 16:00:00,Corporate Cash Management,1015576.12,926153.9,89422.21999999997
2026-05-08 17:00:00,Corporate Cash Management,2658895.79,2002662.33,656233.46
2026-05-08 18:00:00,Corporate Cash Management,3305009.54,2597167.49,707842.0499999998
2026-05-08 19:00:00,Corporate Cash Management,856155.08,1190581.68,-334426.6
2026-05-08 20:00:00,Corporate Cash Management,245372.51,177300.92,68071.59
2026-05-08 21:00:00,Corporate Cash Management,97068.34,92719.4,4348.940000000002
2026-05-08 22:00:00,Corporate Cash Management,74690.9,128094.77,-53403.87000000001
2026-05-08 23:00:00,Corporate Cash Management,141335.24,63113.58,78221.65999999999
2026-05-09 00:00:00,Corporate Cash Management,2242.36,2917.43,-675.0699999999997
2026-05-09 01:00:00,Corporate Cash Management,1528.03,1520.87,7.160000000000082
2026-05-09 02:00:00,Corporate Cash Management,2116.77,1892.72,224.04999999999995
2026-05-09 03:00:00,Corporate Cash Management,1314.18,2478.31,-1164.1299999999999
2026-05-09 04:00:00,Corporate Cash Management,1575.71,2674.79,-1099.08
2026-05-09 05:00:00,Corporate Cash Management,2592.1,2024.34,567.76
2026-05-09 06:00:00,Corporate Cash Management,2030.85,1513.1,517.75
2026-05-09 07:00:00,Corporate Cash Management,1990.48,1480.06,510.4200000000001
2026-05-09 08:00:00,Corporate Cash Management,2380.52,1559.03,821.49
2026-05-09 09:00:00,Corporate Cash Management,2167.11,2886.66,-719.5499999999997
2026-05-09 10:00:00,Corporate Cash Management,1740.31,1635.58,104.73000000000002
2026-05-09 11:00:00,Corporate Cash Management,2350.62,1951.69,398.92999999999984
2026-05-09 12:00:00,Corporate Cash Management,1219.38,1386.6,-167.2199999999998
2026-05-09 13:00:00,Corporate Cash Management,1576.24,1349.91,226.32999999999993
2026-05-09 14:00:00,Corporate Cash Management,1947.84,1944.03,3.8099999999999454
2026-05-09 15:00:00,Corporate Cash Management,5256.81,4090.29,1166.5200000000004
2026-05-09 16:00:00,Corporate Cash Management,20272.55,19981.39,291.15999999999985
2026-05-09 17:00:00,Corporate Cash Management,36217.72,37826.37,-1608.6500000000015
2026-05-09 18:00:00,Corporate Cash Management,34968.38,53753.14,-18784.760000000002
2026-05-09 19:00:00,Corporate Cash Management,21617.31,31344.7,-9727.39
2026-05-09 20:00:00,Corporate Cash Management,4067.98,3584.22,483.7600000000002
2026-05-09 21:00:00,Corporate Cash Management,1589.57,2417.0,-827.4300000000001
2026-05-09 22:00:00,Corporate Cash Management,1422.75,758.08,664.67
2026-05-09 23:00:00,Corporate Cash Management,1923.28,1472.86,450.4200000000001
2026-05-10 00:00:00,Corporate Cash Management,2575.75,1116.49,1459.26
2026-05-10 01:00:00,Corporate Cash Management,1923.3,2451.84,-528.5400000000002
2026-05-10 02:00:00,Corporate Cash Management,2584.36,2242.25,342.1100000000001
2026-05-10 03:00:00,Corporate Cash Management,1693.98,1389.86,304.1200000000001
2026-05-10 04:00:00,Corporate Cash Management,2078.06,1935.0,143.05999999999995
2026-05-10 05:00:00,Corporate Cash Management,2608.01,2430.78,177.23000000000002
2026-05-10 06:00:00,Corporate Cash Management,1788.02,2527.13,-739.1100000000001
2026-05-10 07:00:00,Corporate Cash Management,1872.12,1626.35,245.76999999999998
2026-05-10 08:00:00,Corporate Cash Management,1693.77,1036.21,657.56
2026-05-10 09:00:00,Corporate Cash Management,2156.97,1437.85,719.1199999999999
2026-05-10 10:00:00,Corporate Cash Management,2330.64,2180.0,150.63999999999987
2026-05-10 11:00:00,Corporate Cash Management,2030.73,3041.98,-1011.25
2026-05-10 12:00:00,Corporate Cash Management,1756.33,1775.73,-19.40000000000009
2026-05-10 13:00:00,Corporate Cash Management,1280.15,1548.7,-268.54999999999995
2026-05-10 14:00:00,Corporate Cash Management,1971.61,3518.4,-1546.7900000000002
2026-05-10 15:00:00,Corporate Cash Management,4369.3,4909.81,-540.5100000000002
2026-05-10 16:00:00,Corporate Cash Management,23324.78,15654.93,7669.8499999999985
2026-05-10 17:00:00,Corporate Cash Management,58251.03,53146.22,5104.809999999998
2026-05-10 18:00:00,Corporate Cash Management,83819.51,70298.88,13520.62999999999
2026-05-10 19:00:00,Corporate Cash Management,18474.94,20908.05,-2433.1100000000006
2026-05-10 20:00:00,Corporate Cash Management,3091.87,5410.77,-2318.9000000000005
2026-05-10 21:00:00,Corporate Cash Management,1499.79,1292.94,206.8499999999999
2026-05-10 22:00:00,Corporate Cash Management,1589.64,1259.33,330.3100000000002
2026-05-10 23:00:00,Corporate Cash Management,2437.78,1497.93,939.8500000000001
2026-05-11 00:00:00,Corporate Cash Management,67241.38,83869.44,-16628.059999999998
2026-05-11 01:00:00,Corporate Cash Management,69522.4,97836.42,-28314.020000000004
2026-05-11 02:00:00,Corporate Cash Management,103138.84,105530.47,-2391.6300000000047
2026-05-11 03:00:00,Corporate Cash Management,114999.3,166723.73,-51724.43000000001
2026-05-11 04:00:00,Corporate Cash Management,63135.92,74826.38,-11690.460000000006
2026-05-11 05:00:00,Corporate Cash Management,59715.15,83205.41,-23490.260000000002
2026-05-11 06:00:00,Corporate Cash Management,76398.67,75350.15,1048.520000000004
2026-05-11 07:00:00,Corporate Cash Management,109611.25,117878.77,-8267.520000000004
2026-05-11 08:00:00,Corporate Cash Management,96390.36,119497.72,-23107.36
2026-05-11 09:00:00,Corporate Cash Management,77100.21,80470.91,-3370.699999999997
2026-05-11 10:00:00,Corporate Cash Management,111883.38,150843.99,-38960.609999999986
2026-05-11 11:00:00,Corporate Cash Management,95935.48,75383.24,20552.23999999999
2026-05-11 12:00:00,Corporate Cash Management,90532.56,116430.92,-25898.36
2026-05-11 13:00:00,Corporate Cash Management,62199.49,129641.76,-67442.26999999999
2026-05-11 14:00:00,Corporate Cash Management,82298.29,283777.93,-201479.64
2026-05-11 15:00:00,Corporate Cash Management,373846.95,256270.32,117576.63
2026-05-11 16:00:00,Corporate Cash Management,1010769.47,538339.35,472430.12
2026-05-11 17:00:00,Corporate Cash Management,2226950.41,3363879.06,-1136928.65
2026-05-11 18:00:00,Corporate Cash Management,2570932.52,2078487.04,492445.48
2026-05-11 19:00:00,Corporate Cash Management,1132645.81,1226129.87,-93484.06000000006
2026-05-11 20:00:00,Corporate Cash Management,285845.25,267888.79,17956.46000000002
2026-05-11 21:00:00,Corporate Cash Management,116541.95,127769.11,-11227.160000000003
2026-05-11 22:00:00,Corporate Cash Management,78632.5,112583.83,-33951.33
2026-05-11 23:00:00,Corporate Cash Management,127804.62,91267.29,36537.33
2026-05-12 00:00:00,Corporate Cash Management,114008.34,81833.81,32174.53
2026-05-12 01:00:00,Corporate Cash Management,83205.72,88341.71,-5135.990000000005
2026-05-12 02:00:00,Corporate Cash Management,90066.65,68088.57,21978.079999999987
2026-05-12 03:00:00,Corporate Cash Management,108068.66,85360.86,22707.800000000003
2026-05-12 04:00:00,Corporate Cash Management,121665.49,256288.22,-134622.72999999998
2026-05-12 05:00:00,Corporate Cash Management,63620.3,73903.12,-10282.819999999992
2026-05-12 06:00:00,Corporate Cash Management,94652.47,58236.45,36416.020000000004
2026-05-12 07:00:00,Corporate Cash Management,92279.16,65403.49,26875.670000000006
2026-05-12 08:00:00,Corporate Cash Management,80635.66,244699.82,-164064.16
2026-05-12 09:00:00,Corporate Cash Management,80531.56,83332.6,-2801.040000000008
2026-05-12 10:00:00,Corporate Cash Management,121048.78,98487.96,22560.819999999992
2026-05-12 11:00:00,Corporate Cash Management,106300.4,46024.24,60276.159999999996
2026-05-12 12:00:00,Corporate Cash Management,157475.07,95487.69,61987.380000000005
2026-05-12 13:00:00,Corporate Cash Management,80760.33,87402.66,-6642.330000000002
2026-05-12 14:00:00,Corporate Cash Management,103261.4,71952.15,31309.25
2026-05-12 15:00:00,Corporate Cash Management,247655.74,199143.06,48512.67999999999
2026-05-12 16:00:00,Corporate Cash Management,1375484.72,1383610.51,-8125.790000000037
2026-05-12 17:00:00,Corporate Cash Management,3972655.29,2145761.36,1826893.9300000002
2026-05-12 18:00:00,Corporate Cash Management,2895721.85,2791989.63,103732.2200000002
2026-05-12 19:00:00,Corporate Cash Management,836182.26,1160260.25,-324077.99
2026-05-12 20:00:00,Corporate Cash Management,191884.77,180597.89,11286.879999999976
2026-05-12 21:00:00,Corporate Cash Management,103405.89,124245.31,-20839.42
2026-05-12 22:00:00,Corporate Cash Management,123300.51,99693.9,23606.61
2026-05-12 23:00:00,Corporate Cash Management,64780.65,84507.55,-19726.9
2026-05-13 00:00:00,Corporate Cash Management,69414.71,162490.54,-93075.83
2026-05-13 01:00:00,Corporate Cash Management,112380.21,115926.26,-3546.0499999999884
2026-05-13 02:00:00,Corporate Cash Management,67302.18,59043.2,8258.979999999996
2026-05-13 03:00:00,Corporate Cash Management,70199.68,81656.41,-11456.73000000001
2026-05-13 04:00:00,Corporate Cash Management,123560.86,166745.77,-43184.90999999999
2026-05-13 05:00:00,Corporate Cash Management,87994.04,70405.0,17589.039999999994
2026-05-13 06:00:00,Corporate Cash Management,86327.35,91504.95,-5177.599999999991
2026-05-13 07:00:00,Corporate Cash Management,130931.32,122432.27,8499.050000000003
2026-05-13 08:00:00,Corporate Cash Management,71297.08,105941.82,-34644.740000000005
2026-05-13 09:00:00,Corporate Cash Management,67802.79,109829.26,-42026.47
2026-05-13 10:00:00,Corporate Cash Management,139756.64,108224.47,31532.170000000013
2026-05-13 11:00:00,Corporate Cash Management,98586.08,90573.16,8012.919999999998
2026-05-13 12:00:00,Corporate Cash Management,110226.21,73828.15,36398.06000000001
2026-05-13 13:00:00,Corporate Cash Management,86156.3,100467.61,-14311.309999999998
2026-05-13 14:00:00,Corporate Cash Management,97157.21,87312.71,9844.5
2026-05-13 15:00:00,Corporate Cash Management,192226.27,196662.09,-4435.820000000007
2026-05-13 16:00:00,Corporate Cash Management,1190430.71,1541280.13,-350849.4199999999
2026-05-13 17:00:00,Corporate Cash Management,3482236.49,2488780.18,993456.31
2026-05-13 18:00:00,Corporate Cash Management,2970787.3,4193661.85,-1222874.5500000003
2026-05-13 19:00:00,Corporate Cash Management,1433346.42,1134494.23,298852.18999999994
2026-05-13 20:00:00,Corporate Cash Management,270484.15,213158.89,57325.26000000001
2026-05-13 21:00:00,Corporate Cash Management,76774.26,61301.22,15473.039999999994
2026-05-13 22:00:00,Corporate Cash Management,89814.65,153102.59,-63287.94
2026-05-13 23:00:00,Corporate Cash Management,83138.66,89866.59,-6727.929999999993
2026-05-14 00:00:00,Corporate Cash Management,112275.76,51014.75,61261.009999999995
2026-05-14 01:00:00,Corporate Cash Management,104375.64,115208.22,-10832.580000000002
2026-05-14 02:00:00,Corporate Cash Management,96009.31,88877.74,7131.569999999992
2026-05-14 03:00:00,Corporate Cash Management,119820.73,71305.85,48514.87999999999
2026-05-14 04:00:00,Corporate Cash Management,58333.67,113591.14,-55257.47
2026-05-14 05:00:00,Corporate Cash Management,79983.23,47590.19,32393.039999999994
2026-05-14 06:00:00,Corporate Cash Management,81697.85,75285.37,6412.4800000000105
2026-05-14 07:00:00,Corporate Cash Management,99040.92,83509.39,15531.529999999999
2026-05-14 08:00:00,Corporate Cash Management,106783.35,111369.85,-4586.5
2026-05-14 09:00:00,Corporate Cash Management,92969.6,157570.43,-64600.82999999999
2026-05-14 10:00:00,Corporate Cash Management,66944.21,84657.82,-17713.61
2026-05-14 11:00:00,Corporate Cash Management,102955.05,100967.2,1987.8500000000058
2026-05-14 12:00:00,Corporate Cash Management,96026.48,178915.88,-82889.40000000001
2026-05-14 13:00:00,Corporate Cash Management,64505.83,90226.98,-25721.149999999994
2026-05-14 14:00:00,Corporate Cash Management,92677.85,108553.15,-15875.299999999988
2026-05-14 15:00:00,Corporate Cash Management,251670.51,162794.21,88876.30000000002
2026-05-14 16:00:00,Corporate Cash Management,1662109.17,1736353.36,-74244.19000000018
2026-05-14 17:00:00,Corporate Cash Management,2154511.05,2290562.94,-136051.89000000013
2026-05-14 18:00:00,Corporate Cash Management,3446508.31,2927604.54,518903.77
2026-05-14 19:00:00,Corporate Cash Management,840016.91,1129815.45,-289798.5399999999
2026-05-14 20:00:00,Corporate Cash Management,166827.85,226593.88,-59766.03
2026-05-14 21:00:00,Corporate Cash Management,73705.85,86627.02,-12921.169999999998
2026-05-14 22:00:00,Corporate Cash Management,108330.59,95724.65,12605.940000000002
2026-05-14 23:00:00,Corporate Cash Management,96070.45,139652.27,-43581.81999999999
2026-05-15 00:00:00,Corporate Cash Management,85963.88,159181.2,-73217.32
2026-05-15 01:00:00,Corporate Cash Management,104277.7,86144.31,18133.39
2026-05-15 02:00:00,Corporate Cash Management,93953.96,80434.55,13519.410000000003
2026-05-15 03:00:00,Corporate Cash Management,95605.39,73524.49,22080.899999999994
2026-05-15 04:00:00,Corporate Cash Management,86204.12,1041293.16,-955089.04
2026-05-15 05:00:00,Corporate Cash Management,71931.39,92945.97,-21014.58
2026-05-15 06:00:00,Corporate Cash Management,141943.1,118934.19,23008.910000000003
2026-05-15 07:00:00,Corporate Cash Management,131987.52,107122.69,24864.829999999987
2026-05-15 08:00:00,Corporate Cash Management,138398.77,156320.77,-17922.0
2026-05-15 09:00:00,Corporate Cash Management,81269.5,84595.8,-3326.300000000003
2026-05-15 10:00:00,Corporate Cash Management,78423.02,68240.8,10182.220000000001
2026-05-15 11:00:00,Corporate Cash Management,83846.54,143261.64,-59415.10000000002
2026-05-15 12:00:00,Corporate Cash Management,121648.44,112803.26,8845.180000000008
2026-05-15 13:00:00,Corporate Cash Management,93119.73,101009.55,-7889.820000000007
2026-05-15 14:00:00,Corporate Cash Management,87110.91,141739.14,-54628.23000000001
2026-05-15 15:00:00,Corporate Cash Management,251031.9,252183.6,-1151.7000000000116
2026-05-15 16:00:00,Corporate Cash Management,914546.42,1575339.06,-660792.64
2026-05-15 17:00:00,Corporate Cash Management,2015734.99,2911561.91,-895826.9200000002
2026-05-15 18:00:00,Corporate Cash Management,2921625.86,3429892.46,-508266.6000000001
2026-05-15 19:00:00,Corporate Cash Management,966346.2,1213602.47,-247256.27000000002
2026-05-15 20:00:00,Corporate Cash Management,228420.81,204486.88,23933.929999999993
2026-05-15 21:00:00,Corporate Cash Management,50996.91,91729.37,-40732.45999999999
2026-05-15 22:00:00,Corporate Cash Management,74508.6,81689.77,-7181.169999999998
2026-05-15 23:00:00,Corporate Cash Management,91959.12,96177.02,-4217.900000000009
2026-05-16 00:00:00,Corporate Cash Management,1273.13,1606.14,-333.01
2026-05-16 01:00:00,Corporate Cash Management,1284.0,2007.24,-723.24
2026-05-16 02:00:00,Corporate Cash Management,1878.12,1990.25,-112.13000000000011
2026-05-16 03:00:00,Corporate Cash Management,2216.59,1894.73,321.8600000000001
2026-05-16 04:00:00,Corporate Cash Management,1488.32,1902.97,-414.6500000000001
2026-05-16 05:00:00,Corporate Cash Management,1742.02,1562.44,179.57999999999993
2026-05-16 06:00:00,Corporate Cash Management,1752.11,1677.48,74.62999999999988
2026-05-16 07:00:00,Corporate Cash Management,1258.6,1185.46,73.13999999999987
2026-05-16 08:00:00,Corporate Cash Management,2500.64,1746.86,753.78
2026-05-16 09:00:00,Corporate Cash Management,1776.84,1406.82,370.02
2026-05-16 10:00:00,Corporate Cash Management,1781.61,1845.5,-63.8900000000001
2026-05-16 11:00:00,Corporate Cash Management,2041.78,1505.56,536.22
2026-05-16 12:00:00,Corporate Cash Management,1259.34,1078.02,181.31999999999994
2026-05-16 13:00:00,Corporate Cash Management,2344.08,3165.25,-821.1700000000001
2026-05-16 14:00:00,Corporate Cash Management,2595.06,1822.68,772.3799999999999
2026-05-16 15:00:00,Corporate Cash Management,4748.0,6369.79,-1621.79
2026-05-16 16:00:00,Corporate Cash Management,24681.88,18652.5,6029.380000000001
2026-05-16 17:00:00,Corporate Cash Management,52145.81,83705.37,-31559.559999999998
2026-05-16 18:00:00,Corporate Cash Management,70202.74,41052.41,29150.33
2026-05-16 19:00:00,Corporate Cash Management,17899.67,22236.51,-4336.84
2026-05-16 20:00:00,Corporate Cash Management,23965.38,3376.13,20589.25
2026-05-16 21:00:00,Corporate Cash Management,2009.27,3700.07,-1690.8000000000002
2026-05-16 22:00:00,Corporate Cash Management,1844.56,1693.51,151.04999999999995
2026-05-16 23:00:00,Corporate Cash Management,2429.94,2214.24,215.70000000000027
2026-05-17 00:00:00,Corporate Cash Management,3214.36,2014.62,1199.7400000000002
2026-05-17 01:00:00,Corporate Cash Management,1809.62,1788.55,21.069999999999936
2026-05-17 02:00:00,Corporate Cash Management,2092.09,2048.72,43.370000000000346
2026-05-17 03:00:00,Corporate Cash Management,1521.92,2528.38,-1006.46
2026-05-17 04:00:00,Corporate Cash Management,2407.42,2127.27,280.1500000000001
2026-05-17 05:00:00,Corporate Cash Management,1634.28,1874.61,-240.32999999999993
2026-05-17 06:00:00,Corporate Cash Management,4083.11,2049.54,2033.5700000000002
2026-05-17 07:00:00,Corporate Cash Management,1224.94,2905.33,-1680.3899999999999
2026-05-17 08:00:00,Corporate Cash Management,3181.77,1621.88,1559.8899999999999
2026-05-17 09:00:00,Corporate Cash Management,2383.05,1132.37,1250.6800000000003
2026-05-17 10:00:00,Corporate Cash Management,1404.97,1368.43,36.539999999999964
2026-05-17 11:00:00,Corporate Cash Management,3321.57,1394.11,1927.4600000000003
2026-05-17 12:00:00,Corporate Cash Management,1474.74,1444.08,30.660000000000082
2026-05-17 13:00:00,Corporate Cash Management,1721.73,1458.48,263.25
2026-05-17 14:00:00,Corporate Cash Management,1443.12,1919.89,-476.7700000000002
2026-05-17 15:00:00,Corporate Cash Management,4419.29,4719.28,-299.9899999999998
2026-05-17 16:00:00,Corporate Cash Management,21700.67,22576.18,-875.510000000002
2026-05-17 17:00:00,Corporate Cash Management,69621.36,45613.54,24007.82
2026-05-17 18:00:00,Corporate Cash Management,104078.17,70193.03,33885.14
2026-05-17 19:00:00,Corporate Cash Management,19341.97,24321.03,-4979.059999999998
2026-05-17 20:00:00,Corporate Cash Management,2303.51,6587.2,-4283.69
2026-05-17 21:00:00,Corporate Cash Management,2346.87,2386.57,-39.70000000000027
2026-05-17 22:00:00,Corporate Cash Management,1623.09,1651.59,-28.5
2026-05-17 23:00:00,Corporate Cash Management,2930.58,2494.7,435.8800000000001
2026-05-18 00:00:00,Corporate Cash Management,92199.37,96371.08,-4171.710000000006
2026-05-18 01:00:00,Corporate Cash Management,76924.68,109870.71,-32946.03000000001
2026-05-18 02:00:00,Corporate Cash Management,72194.03,107761.14,-35567.11
2026-05-18 03:00:00,Corporate Cash Management,108670.59,87245.83,21424.759999999995
2026-05-18 04:00:00,Corporate Cash Management,86815.95,92353.84,-5537.889999999999
2026-05-18 05:00:00,Corporate Cash Management,134226.18,87092.09,47134.09
2026-05-18 06:00:00,Corporate Cash Management,88230.45,72716.85,15513.599999999991
2026-05-18 07:00:00,Corporate Cash Management,132456.53,52648.41,79808.12
2026-05-18 08:00:00,Corporate Cash Management,65862.28,75668.22,-9805.940000000002
2026-05-18 09:00:00,Corporate Cash Management,60216.39,94594.67,-34378.28
2026-05-18 10:00:00,Corporate Cash Management,114422.35,118061.53,-3639.179999999993
2026-05-18 11:00:00,Corporate Cash Management,82805.39,109816.1,-27010.710000000006
2026-05-18 12:00:00,Corporate Cash Management,87070.73,83924.32,3146.409999999989
2026-05-18 13:00:00,Corporate Cash Management,72304.45,76027.88,-3723.4300000000076
2026-05-18 14:00:00,Corporate Cash Management,76066.25,92316.38,-16250.130000000005
2026-05-18 15:00:00,Corporate Cash Management,268682.76,173829.19,94853.57
2026-05-18 16:00:00,Corporate Cash Management,1094254.55,626991.65,467262.9
2026-05-18 17:00:00,Corporate Cash Management,2170117.33,1860333.08,309784.25
2026-05-18 18:00:00,Corporate Cash Management,3446873.17,3860231.05,-413357.8799999999
2026-05-18 19:00:00,Corporate Cash Management,1474786.96,1692685.94,-217898.97999999998
2026-05-18 20:00:00,Corporate Cash Management,223052.36,267818.63,-44766.27000000002
2026-05-18 21:00:00,Corporate Cash Management,128224.16,95168.79,33055.37000000001
2026-05-18 22:00:00,Corporate Cash Management,72492.48,63618.17,8874.309999999998
2026-05-18 23:00:00,Corporate Cash Management,107437.65,86447.36,20990.289999999994
2026-05-19 00:00:00,Corporate Cash Management,96837.76,104875.03,-8037.270000000004
2026-05-19 01:00:00,Corporate Cash Management,76302.77,110750.51,-34447.73999999999
2026-05-19 02:00:00,Corporate Cash Management,155378.51,106912.68,48465.830000000016
2026-05-19 03:00:00,Corporate Cash Management,98572.59,121778.24,-23205.65000000001
2026-05-19 04:00:00,Corporate Cash Management,80229.75,146283.68,-66053.93
2026-05-19 05:00:00,Corporate Cash Management,93457.38,81333.18,12124.200000000012
2026-05-19 06:00:00,Corporate Cash Management,74826.78,181478.59,-106651.81
2026-05-19 07:00:00,Corporate Cash Management,69642.84,54316.35,15326.489999999998
2026-05-19 08:00:00,Corporate Cash Management,83116.61,74086.39,9030.220000000001
2026-05-19 09:00:00,Corporate Cash Management,84535.48,94614.4,-10078.919999999998
2026-05-19 10:00:00,Corporate Cash Management,76062.55,103241.01,-27178.459999999992
2026-05-19 11:00:00,Corporate Cash Management,127151.32,86004.6,41146.72
2026-05-19 12:00:00,Corporate Cash Management,76796.91,79509.55,-2712.6399999999994
2026-05-19 13:00:00,Corporate Cash Management,73764.45,156302.1,-82537.65000000001
2026-05-19 14:00:00,Corporate Cash Management,74184.11,84293.9,-10109.789999999994
2026-05-19 15:00:00,Corporate Cash Management,166354.13,171911.75,-5557.619999999995
2026-05-19 16:00:00,Corporate Cash Management,1421408.24,1623690.7,-202282.45999999996
2026-05-19 17:00:00,Corporate Cash Management,3017332.96,3384918.65,-367585.68999999994
2026-05-19 18:00:00,Corporate Cash Management,3361587.76,3599233.86,-237646.1000000001
2026-05-19 19:00:00,Corporate Cash Management,1418197.14,1117353.75,300843.3899999999
2026-05-19 20:00:00,Corporate Cash Management,210880.08,157248.62,53631.45999999999
2026-05-19 21:00:00,Corporate Cash Management,144176.75,98627.01,45549.740000000005
2026-05-19 22:00:00,Corporate Cash Management,79615.72,61727.06,17888.660000000003
2026-05-19 23:00:00,Corporate Cash Management,70716.36,95621.28,-24904.92
2026-05-20 00:00:00,Corporate Cash Management,102105.2,105970.46,-3865.2600000000093
2026-05-20 01:00:00,Corporate Cash Management,96422.2,117761.88,-21339.680000000008
2026-05-20 02:00:00,Corporate Cash Management,516838.07,87945.09,428892.98
2026-05-20 03:00:00,Corporate Cash Management,119872.64,108508.89,11363.75
2026-05-20 04:00:00,Corporate Cash Management,95502.48,71797.4,23705.08
2026-05-20 05:00:00,Corporate Cash Management,100570.85,114602.26,-14031.409999999989
2026-05-20 06:00:00,Corporate Cash Management,130647.14,106532.93,24114.210000000006
2026-05-20 07:00:00,Corporate Cash Management,99411.69,73681.02,25730.67
2026-05-20 08:00:00,Corporate Cash Management,105231.66,102760.43,2471.2300000000105
2026-05-20 09:00:00,Corporate Cash Management,65246.4,118183.67,-52937.27
2026-05-20 10:00:00,Corporate Cash Management,235659.36,91787.04,143872.32
2026-05-20 11:00:00,Corporate Cash Management,62482.65,73272.22,-10789.57
2026-05-20 12:00:00,Corporate Cash Management,81269.94,94090.55,-12820.61
2026-05-20 13:00:00,Corporate Cash Management,80764.89,103467.44,-22702.550000000003
2026-05-20 14:00:00,Corporate Cash Management,169014.4,78467.56,90546.84
2026-05-20 15:00:00,Corporate Cash Management,197248.58,172416.62,24831.959999999992
2026-05-20 16:00:00,Corporate Cash Management,1227838.17,6544014.42,-5316176.25
2026-05-20 17:00:00,Corporate Cash Management,2457488.95,3363126.98,-905638.0299999998
2026-05-20 18:00:00,Corporate Cash Management,2181051.85,4685539.38,-2504487.53
2026-05-20 19:00:00,Corporate Cash Management,1267915.25,1256621.8,11293.449999999953
2026-05-20 20:00:00,Corporate Cash Management,191497.17,163948.83,27548.340000000026
2026-05-20 21:00:00,Corporate Cash Management,105096.34,160795.93,-55699.59
2026-05-20 22:00:00,Corporate Cash Management,108919.3,117318.34,-8399.039999999994
2026-05-20 23:00:00,Corporate Cash Management,149799.42,54516.36,95283.06000000001
2026-05-21 00:00:00,Corporate Cash Management,67833.47,69563.3,-1729.8300000000017
2026-05-21 01:00:00,Corporate Cash Management,89514.06,79592.52,9921.539999999994
2026-05-21 02:00:00,Corporate Cash Management,90444.11,110978.25,-20534.14
2026-05-21 03:00:00,Corporate Cash Management,93021.58,49647.4,43374.18
2026-05-21 04:00:00,Corporate Cash Management,176761.23,87359.48,89401.75000000001
2026-05-21 05:00:00,Corporate Cash Management,89056.09,109406.67,-20350.58
2026-05-21 06:00:00,Corporate Cash Management,49523.74,44313.15,5210.5899999999965
2026-05-21 07:00:00,Corporate Cash Management,88499.05,108472.78,-19973.729999999996
2026-05-21 08:00:00,Corporate Cash Management,90288.06,111781.44,-21493.380000000005
2026-05-21 09:00:00,Corporate Cash Management,87561.3,72831.35,14729.949999999997
2026-05-21 10:00:00,Corporate Cash Management,77706.46,67456.83,10249.630000000005
2026-05-21 11:00:00,Corporate Cash Management,66838.16,72547.12,-5708.959999999992
2026-05-21 12:00:00,Corporate Cash Management,159569.77,46145.26,113424.50999999998
2026-05-21 13:00:00,Corporate Cash Management,100837.21,83062.79,17774.420000000013
2026-05-21 14:00:00,Corporate Cash Management,95099.14,102011.88,-6912.740000000005
2026-05-21 15:00:00,Corporate Cash Management,390146.02,163529.04,226616.98
2026-05-21 16:00:00,Corporate Cash Management,884812.75,1356635.52,-471822.77
2026-05-21 17:00:00,Corporate Cash Management,3288506.88,2808592.58,479914.2999999998
2026-05-21 18:00:00,Corporate Cash Management,2070036.37,2921350.88,-851314.5099999998
2026-05-21 19:00:00,Corporate Cash Management,1326408.34,962228.04,364180.30000000005
2026-05-21 20:00:00,Corporate Cash Management,172602.41,267090.02,-94487.61000000002
2026-05-21 21:00:00,Corporate Cash Management,112235.1,133330.41,-21095.309999999998
2026-05-21 22:00:00,Corporate Cash Management,151751.31,81390.99,70360.31999999999
2026-05-21 23:00:00,Corporate Cash Management,95199.14,108861.52,-13662.380000000005
2026-05-22 00:00:00,Corporate Cash Management,53755.94,109160.2,-55404.259999999995
2026-05-22 01:00:00,Corporate Cash Management,93835.42,99910.75,-6075.330000000002
2026-05-22 02:00:00,Corporate Cash Management,104869.06,136875.7,-32006.640000000014
2026-05-22 03:00:00,Corporate Cash Management,116494.67,75052.45,41442.22
2026-05-22 04:00:00,Corporate Cash Management,134423.78,80997.85,53425.92999999999
2026-05-22 05:00:00,Corporate Cash Management,136147.95,74111.43,62036.52000000002
2026-05-22 06:00:00,Corporate Cash Management,90004.94,107884.92,-17879.979999999996
2026-05-22 07:00:00,Corporate Cash Management,78865.18,84073.22,-5208.040000000008
2026-05-22 08:00:00,Corporate Cash Management,70314.07,75631.46,-5317.389999999999
2026-05-22 09:00:00,Corporate Cash Management,81256.6,136400.66,-55144.06
2026-05-22 10:00:00,Corporate Cash Management,104766.3,141483.93,-36717.62999999999
2026-05-22 11:00:00,Corporate Cash Management,66382.77,82900.12,-16517.34999999999
2026-05-22 12:00:00,Corporate Cash Management,73765.67,63941.38,9824.29
2026-05-22 13:00:00,Corporate Cash Management,107179.92,143598.85,-36418.93000000001
2026-05-22 14:00:00,Corporate Cash Management,84890.16,108621.88,-23731.72
2026-05-22 15:00:00,Corporate Cash Management,251416.56,246412.11,5004.450000000012
2026-05-22 16:00:00,Corporate Cash Management,896916.62,1092256.35,-195339.7300000001
2026-05-22 17:00:00,Corporate Cash Management,3039767.7,2241089.81,798677.8900000001
2026-05-22 18:00:00,Corporate Cash Management,2332317.19,2468770.71,-136453.52000000002
2026-05-22 19:00:00,Corporate Cash Management,683376.78,1260395.25,-577018.47
2026-05-22 20:00:00,Corporate Cash Management,291081.65,198330.47,92751.18000000002
2026-05-22 21:00:00,Corporate Cash Management,83848.06,107601.66,-23753.600000000006
2026-05-22 22:00:00,Corporate Cash Management,87512.06,90421.83,-2909.770000000004
2026-05-22 23:00:00,Corporate Cash Management,78243.28,69102.92,9140.36
2026-05-23 00:00:00,Corporate Cash Management,2131.22,8368.61,-6237.390000000001
2026-05-23 01:00:00,Corporate Cash Management,2021.56,2088.18,-66.61999999999989
2026-05-23 02:00:00,Corporate Cash Management,2129.95,1955.11,174.83999999999992
2026-05-23 03:00:00,Corporate Cash Management,1621.24,2067.92,-446.68000000000006
2026-05-23 04:00:00,Corporate Cash Management,1837.02,1149.77,687.25
2026-05-23 05:00:00,Corporate Cash Management,2064.39,1591.21,473.17999999999984
2026-05-23 06:00:00,Corporate Cash Management,2737.04,1228.71,1508.33
2026-05-23 07:00:00,Corporate Cash Management,2008.14,1856.99,151.1500000000001
2026-05-23 08:00:00,Corporate Cash Management,1447.36,1952.8,-505.44000000000005
2026-05-23 09:00:00,Corporate Cash Management,1988.84,1864.74,124.09999999999991
2026-05-23 10:00:00,Corporate Cash Management,1784.84,2416.77,-631.9300000000001
2026-05-23 11:00:00,Corporate Cash Management,1128.5,1237.94,-109.44000000000005
2026-05-23 12:00:00,Corporate Cash Management,1172.69,1474.0,-301.30999999999995
2026-05-23 13:00:00,Corporate Cash Management,1831.78,1999.12,-167.33999999999992
2026-05-23 14:00:00,Corporate Cash Management,2004.52,2062.98,-58.460000000000036
2026-05-23 15:00:00,Corporate Cash Management,4258.45,3192.95,1065.5
2026-05-23 16:00:00,Corporate Cash Management,27427.96,28698.94,-1270.9799999999996
2026-05-23 17:00:00,Corporate Cash Management,44780.71,80525.95,-35745.24
2026-05-23 18:00:00,Corporate Cash Management,40005.42,60896.2,-20890.78
2026-05-23 19:00:00,Corporate Cash Management,17887.36,14591.8,3295.5600000000013
2026-05-23 20:00:00,Corporate Cash Management,3935.93,4616.94,-681.0099999999998
2026-05-23 21:00:00,Corporate Cash Management,1966.82,2102.76,-135.94000000000028
2026-05-23 22:00:00,Corporate Cash Management,1525.77,1683.98,-158.21000000000004
2026-05-23 23:00:00,Corporate Cash Management,1088.88,2520.88,-1432.0
2026-05-24 00:00:00,Corporate Cash Management,978.48,1748.58,-770.0999999999999
2026-05-24 01:00:00,Corporate Cash Management,1918.16,3046.28,-1128.1200000000001
2026-05-24 02:00:00,Corporate Cash Management,1402.59,2189.27,-786.6800000000001
2026-05-24 03:00:00,Corporate Cash Management,1126.64,1928.62,-801.9799999999998
2026-05-24 04:00:00,Corporate Cash Management,2174.53,2265.72,-91.1899999999996
2026-05-24 05:00:00,Corporate Cash Management,2737.03,2639.28,97.75
2026-05-24 06:00:00,Corporate Cash Management,1816.59,2253.65,-437.0600000000002
2026-05-24 07:00:00,Corporate Cash Management,1989.11,1766.2,222.90999999999985
2026-05-24 08:00:00,Corporate Cash Management,1993.33,1526.24,467.0899999999999
2026-05-24 09:00:00,Corporate Cash Management,1043.2,1359.69,-316.49
2026-05-24 10:00:00,Corporate Cash Management,2322.72,977.86,1344.8599999999997
2026-05-24 11:00:00,Corporate Cash Management,2535.9,1880.14,655.76
2026-05-24 12:00:00,Corporate Cash Management,2944.05,1633.75,1310.3000000000002
2026-05-24 13:00:00,Corporate Cash Management,1669.47,1657.96,11.509999999999991
2026-05-24 14:00:00,Corporate Cash Management,1502.57,2497.73,-995.1600000000001
2026-05-24 15:00:00,Corporate Cash Management,6438.08,4313.65,2124.4300000000003
2026-05-24 16:00:00,Corporate Cash Management,24909.4,34175.31,-9265.909999999996
2026-05-24 17:00:00,Corporate Cash Management,70402.57,47441.58,22960.990000000005
2026-05-24 18:00:00,Corporate Cash Management,48124.66,42949.98,5174.68
2026-05-24 19:00:00,Corporate Cash Management,23533.1,15538.46,7994.639999999999
2026-05-24 20:00:00,Corporate Cash Management,3522.75,5314.77,-1792.0200000000004
2026-05-24 21:00:00,Corporate Cash Management,1993.01,2575.49,-582.4799999999998
2026-05-24 22:00:00,Corporate Cash Management,1707.34,1553.52,153.81999999999994
2026-05-24 23:00:00,Corporate Cash Management,3341.68,1379.61,1962.07
2026-05-25 00:00:00,Corporate Cash Management,106671.81,131944.15,-25272.339999999997
2026-05-25 01:00:00,Corporate Cash Management,54304.0,62627.8,-8323.800000000003
2026-05-25 02:00:00,Corporate Cash Management,92963.84,657604.17,-564640.3300000001
2026-05-25 03:00:00,Corporate Cash Management,101966.29,78027.73,23938.559999999998
2026-05-25 04:00:00,Corporate Cash Management,82608.24,99393.18,-16784.939999999988
2026-05-25 05:00:00,Corporate Cash Management,70591.5,117806.11,-47214.61
2026-05-25 06:00:00,Corporate Cash Management,109697.71,101379.79,8317.920000000013
2026-05-25 07:00:00,Corporate Cash Management,73131.02,83596.0,-10464.979999999996
2026-05-25 08:00:00,Corporate Cash Management,107389.29,127591.53,-20202.240000000005
2026-05-25 09:00:00,Corporate Cash Management,71602.52,96745.62,-25143.09999999999
2026-05-25 10:00:00,Corporate Cash Management,81379.56,225977.86,-144598.3
2026-05-25 11:00:00,Corporate Cash Management,118112.44,58763.51,59348.93
2026-05-25 12:00:00,Corporate Cash Management,105098.92,58547.41,46551.509999999995
2026-05-25 13:00:00,Corporate Cash Management,93858.6,115550.7,-21692.09999999999
2026-05-25 14:00:00,Corporate Cash Management,99038.04,95799.01,3239.029999999999
2026-05-25 15:00:00,Corporate Cash Management,234452.47,270420.22,-35967.74999999997
2026-05-25 16:00:00,Corporate Cash Management,902036.54,808479.57,93556.97000000009
2026-05-25 17:00:00,Corporate Cash Management,1936064.31,2774789.5,-838725.19
2026-05-25 18:00:00,Corporate Cash Management,3261296.36,3069059.22,192237.13999999966
2026-05-25 19:00:00,Corporate Cash Management,1611733.31,3038004.15,-1426270.8399999999
2026-05-25 20:00:00,Corporate Cash Management,266579.58,235046.22,31533.360000000015
2026-05-25 21:00:00,Corporate Cash Management,106327.41,68704.08,37623.33
2026-05-25 22:00:00,Corporate Cash Management,68841.25,99469.39,-30628.14
2026-05-25 23:00:00,Corporate Cash Management,115804.34,129176.63,-13372.290000000008
2026-05-26 00:00:00,Corporate Cash Management,104893.77,66050.21,38843.56
2026-05-26 01:00:00,Corporate Cash Management,112464.33,65060.74,47403.590000000004
2026-05-26 02:00:00,Corporate Cash Management,120430.43,121181.56,-751.1300000000047
2026-05-26 03:00:00,Corporate Cash Management,138255.2,64773.74,73481.46000000002
2026-05-26 04:00:00,Corporate Cash Management,70380.7,111047.71,-40667.01000000001
2026-05-26 05:00:00,Corporate Cash Management,67380.47,91254.0,-23873.53
2026-05-26 06:00:00,Corporate Cash Management,96509.17,81073.34,15435.830000000002
2026-05-26 07:00:00,Corporate Cash Management,73845.12,129857.91,-56012.79000000001
2026-05-26 08:00:00,Corporate Cash Management,70716.11,113504.97,-42788.86
2026-05-26 09:00:00,Corporate Cash Management,126169.15,96518.87,29650.28
2026-05-26 10:00:00,Corporate Cash Management,72264.56,52543.59,19720.97
2026-05-26 11:00:00,Corporate Cash Management,92743.05,107541.1,-14798.050000000003
2026-05-26 12:00:00,Corporate Cash Management,61852.47,68861.94,-7009.470000000001
2026-05-26 13:00:00,Corporate Cash Management,94603.44,85267.96,9335.479999999996
2026-05-26 14:00:00,Corporate Cash Management,134113.22,96739.68,37373.54000000001
2026-05-26 15:00:00,Corporate Cash Management,310408.11,356432.22,-46024.109999999986
2026-05-26 16:00:00,Corporate Cash Management,1427654.98,998685.7,428969.28
2026-05-26 17:00:00,Corporate Cash Management,15254229.66,1918126.14,13336103.52
2026-05-26 18:00:00,Corporate Cash Management,3734849.99,3952912.42,-218062.4299999997
2026-05-26 19:00:00,Corporate Cash Management,1224221.94,1275614.99,-51393.05000000005
2026-05-26 20:00:00,Corporate Cash Management,205383.31,268424.24,-63040.92999999999
2026-05-26 21:00:00,Corporate Cash Management,109771.99,140091.35,-30319.36
2026-05-26 22:00:00,Corporate Cash Management,116204.61,138649.13,-22444.520000000004
2026-05-26 23:00:00,Corporate Cash Management,66731.63,72015.77,-5284.139999999999
2026-05-27 00:00:00,Corporate Cash Management,71342.71,63564.95,7777.760000000009
2026-05-27 01:00:00,Corporate Cash Management,89720.24,111099.59,-21379.34999999999
2026-05-27 02:00:00,Corporate Cash Management,68522.35,393308.89,-324786.54000000004
2026-05-27 03:00:00,Corporate Cash Management,68278.31,86216.81,-17938.5
2026-05-27 04:00:00,Corporate Cash Management,83717.89,67992.15,15725.740000000005
2026-05-27 05:00:00,Corporate Cash Management,119175.45,104144.97,15030.479999999996
2026-05-27 06:00:00,Corporate Cash Management,118615.51,99518.39,19097.119999999995
2026-05-27 07:00:00,Corporate Cash Management,100772.91,86568.43,14204.48000000001
2026-05-27 08:00:00,Corporate Cash Management,97287.42,63607.04,33680.38
2026-05-27 09:00:00,Corporate Cash Management,156721.3,121765.51,34955.78999999999
2026-05-27 10:00:00,Corporate Cash Management,81268.77,95941.23,-14672.459999999992
2026-05-27 11:00:00,Corporate Cash Management,98777.32,119017.51,-20240.189999999988
2026-05-27 12:00:00,Corporate Cash Management,80267.23,53200.38,27066.85
2026-05-27 13:00:00,Corporate Cash Management,67496.7,91409.56,-23912.86
2026-05-27 14:00:00,Corporate Cash Management,134182.43,80718.31,53464.119999999995
2026-05-27 15:00:00,Corporate Cash Management,212366.43,223824.35,-11457.920000000013
2026-05-27 16:00:00,Corporate Cash Management,1307988.77,1346889.68,-38900.909999999916
2026-05-27 17:00:00,Corporate Cash Management,2659928.59,3002750.02,-342821.43000000017
2026-05-27 18:00:00,Corporate Cash Management,3863180.53,2749921.21,1113259.3199999998
2026-05-27 19:00:00,Corporate Cash Management,856822.94,1067362.3,-210539.3600000001
2026-05-27 20:00:00,Corporate Cash Management,306614.96,150187.34,156427.62000000002
2026-05-27 21:00:00,Corporate Cash Management,124777.4,76980.19,47797.20999999999
2026-05-27 22:00:00,Corporate Cash Management,59458.27,119279.11,-59820.840000000004
2026-05-27 23:00:00,Corporate Cash Management,81727.78,79315.57,2412.209999999992
2026-05-28 00:00:00,Corporate Cash Management,120037.8,119691.12,346.68000000000757
2026-05-28 01:00:00,Corporate Cash Management,140040.46,110653.36,29387.09999999999
2026-05-28 02:00:00,Corporate Cash Management,111215.92,112124.62,-908.6999999999971
2026-05-28 03:00:00,Corporate Cash Management,84222.32,97811.12,-13588.799999999988
2026-05-28 04:00:00,Corporate Cash Management,73004.03,80705.57,-7701.540000000008
2026-05-28 05:00:00,Corporate Cash Management,107153.58,86662.53,20491.050000000003
2026-05-28 06:00:00,Corporate Cash Management,83604.24,105626.17,-22021.929999999993
2026-05-28 07:00:00,Corporate Cash Management,84496.42,52900.15,31596.269999999997
2026-05-28 08:00:00,Corporate Cash Management,87931.69,122824.16,-34892.47
2026-05-28 09:00:00,Corporate Cash Management,115936.05,79422.35,36513.7
2026-05-28 10:00:00,Corporate Cash Management,146088.23,88079.4,58008.830000000016
2026-05-28 11:00:00,Corporate Cash Management,120219.51,88269.45,31950.059999999998
2026-05-28 12:00:00,Corporate Cash Management,93223.17,89109.02,4114.149999999994
2026-05-28 13:00:00,Corporate Cash Management,74376.17,64892.62,9483.549999999996
2026-05-28 14:00:00,Corporate Cash Management,117905.41,100295.56,17609.850000000006
2026-05-28 15:00:00,Corporate Cash Management,347573.21,257344.57,90228.64000000001
2026-05-28 16:00:00,Corporate Cash Management,1412935.93,638191.09,774744.84
2026-05-28 17:00:00,Corporate Cash Management,2979526.18,1977523.42,1002002.7600000002
2026-05-28 18:00:00,Corporate Cash Management,2503220.56,3424680.01,-921459.4499999997
2026-05-28 19:00:00,Corporate Cash Management,1198508.96,1270543.35,-72034.39000000013
2026-05-28 20:00:00,Corporate Cash Management,305900.15,239011.12,66889.03000000003
2026-05-28 21:00:00,Corporate Cash Management,105747.82,81422.62,24325.20000000001
2026-05-28 22:00:00,Corporate Cash Management,90747.05,107775.19,-17028.14
2026-05-28 23:00:00,Corporate Cash Management,78319.56,66625.91,11693.649999999994
2026-05-29 00:00:00,Corporate Cash Management,177675.02,86962.38,90712.63999999998
2026-05-29 01:00:00,Corporate Cash Management,74430.56,64921.99,9508.57
2026-05-29 02:00:00,Corporate Cash Management,72730.45,86427.78,-13697.330000000002
2026-05-29 03:00:00,Corporate Cash Management,96894.61,69561.55,27333.059999999998
2026-05-29 04:00:00,Corporate Cash Management,88421.71,108718.54,-20296.829999999987
2026-05-29 05:00:00,Corporate Cash Management,120111.86,100293.93,19817.930000000008
2026-05-29 06:00:00,Corporate Cash Management,121131.6,78035.65,43095.95000000001
2026-05-29 07:00:00,Corporate Cash Management,68650.29,118200.75,-49550.46000000001
2026-05-29 08:00:00,Corporate Cash Management,76992.54,70861.75,6130.789999999994
2026-05-29 09:00:00,Corporate Cash Management,74719.91,89209.59,-14489.679999999993
2026-05-29 10:00:00,Corporate Cash Management,113151.92,77177.22,35974.7
2026-05-29 11:00:00,Corporate Cash Management,103511.68,108353.89,-4842.210000000006
2026-05-29 12:00:00,Corporate Cash Management,84752.52,105707.86,-20955.339999999997
2026-05-29 13:00:00,Corporate Cash Management,98300.98,124790.14,-26489.160000000003
2026-05-29 14:00:00,Corporate Cash Management,75295.07,98586.69,-23291.619999999995
2026-05-29 15:00:00,Corporate Cash Management,190371.3,105839.69,84531.60999999999
2026-05-29 16:00:00,Corporate Cash Management,794358.87,955307.73,-160948.86
2026-05-29 17:00:00,Corporate Cash Management,2933522.55,4048541.23,-1115018.6800000002
2026-05-29 18:00:00,Corporate Cash Management,2930740.46,2523869.0,406871.45999999996
2026-05-29 19:00:00,Corporate Cash Management,859584.03,658764.81,200819.21999999997
2026-05-29 20:00:00,Corporate Cash Management,254656.83,248180.85,6475.979999999981
2026-05-29 21:00:00,Corporate Cash Management,129964.18,110079.74,19884.439999999988
2026-05-29 22:00:00,Corporate Cash Management,71974.6,75139.36,-3164.7599999999948
2026-05-29 23:00:00,Corporate Cash Management,85715.04,84616.68,1098.3600000000006
2026-05-30 00:00:00,Corporate Cash Management,2114.85,1456.39,658.4599999999998
2026-05-30 01:00:00,Corporate Cash Management,1857.04,2051.21,-194.17000000000007
2026-05-30 02:00:00,Corporate Cash Management,1319.91,1825.65,-505.74
2026-05-30 03:00:00,Corporate Cash Management,1665.92,1344.93,320.99
2026-05-30 04:00:00,Corporate Cash Management,1652.16,1795.71,-143.54999999999995
2026-05-30 05:00:00,Corporate Cash Management,1782.42,1498.6,283.82000000000016
2026-05-30 06:00:00,Corporate Cash Management,1801.5,2593.61,-792.1100000000001
2026-05-30 07:00:00,Corporate Cash Management,2751.31,2250.63,500.67999999999984
2026-05-30 08:00:00,Corporate Cash Management,1765.53,1745.81,19.720000000000027
2026-05-30 09:00:00,Corporate Cash Management,1210.53,1836.85,-626.3199999999999
2026-05-30 10:00:00,Corporate Cash Management,1902.86,2319.22,-416.3599999999999
2026-05-30 11:00:00,Corporate Cash Management,2879.21,1723.55,1155.66
2026-05-30 12:00:00,Corporate Cash Management,1783.91,2175.79,-391.8799999999999
2026-05-30 13:00:00,Corporate Cash Management,1669.27,2607.7,-938.4299999999998
2026-05-30 14:00:00,Corporate Cash Management,1849.06,1708.21,140.8499999999999
2026-05-30 15:00:00,Corporate Cash Management,5304.88,6694.85,-1389.9700000000003
2026-05-30 16:00:00,Corporate Cash Management,20351.89,158559.06,-138207.16999999998
2026-05-30 17:00:00,Corporate Cash Management,38731.82,58259.88,-19528.059999999998
2026-05-30 18:00:00,Corporate Cash Management,47828.4,48998.81,-1170.4099999999962
2026-05-30 19:00:00,Corporate Cash Management,21635.7,22573.02,-937.3199999999997
2026-05-30 20:00:00,Corporate Cash Management,5240.92,4173.17,1067.75
2026-05-30 21:00:00,Corporate Cash Management,1725.1,8203.92,-6478.82
2026-05-30 22:00:00,Corporate Cash Management,1729.54,2058.94,-329.4000000000001
2026-05-30 23:00:00,Corporate Cash Management,1881.03,1393.63,487.39999999999986
2026-05-31 00:00:00,Corporate Cash Management,1531.46,1653.92,-122.46000000000004
2026-05-31 01:00:00,Corporate Cash Management,1817.82,1659.37,158.45000000000005
2026-05-31 02:00:00,Corporate Cash Management,2090.45,1279.5,810.9499999999998
2026-05-31 03:00:00,Corporate Cash Management,1382.58,2122.1,-739.52
2026-05-31 04:00:00,Corporate Cash Management,2008.1,1700.13,307.9699999999998
2026-05-31 05:00:00,Corporate Cash Management,1416.23,2490.53,-1074.3000000000002
2026-05-31 06:00:00,Corporate Cash Management,1423.34,1693.21,-269.8700000000001
2026-05-31 07:00:00,Corporate Cash Management,1575.98,1626.02,-50.039999999999964
2026-05-31 08:00:00,Corporate Cash Management,2616.74,1435.66,1181.0799999999997
2026-05-31 09:00:00,Corporate Cash Management,1211.41,1817.65,-606.24
2026-05-31 10:00:00,Corporate Cash Management,1656.31,1820.22,-163.91000000000008
2026-05-31 11:00:00,Corporate Cash Management,1847.74,2166.75,-319.01
2026-05-31 12:00:00,Corporate Cash Management,2490.24,1830.43,659.8099999999997
2026-05-31 13:00:00,Corporate Cash Management,3031.01,3042.26,-11.25
2026-05-31 14:00:00,Corporate Cash Management,1795.8,2164.57,-368.7700000000002
2026-05-31 15:00:00,Corporate Cash Management,5245.82,3466.32,1779.4999999999995
2026-05-31 16:00:00,Corporate Cash Management,21474.79,16278.72,5196.0700000000015
2026-05-31 17:00:00,Corporate Cash Management,55164.57,62581.73,-7417.1600000000035
2026-05-31 18:00:00,Corporate Cash Management,60574.93,42444.27,18130.660000000003
2026-05-31 19:00:00,Corporate Cash Management,14792.96,24691.0,-9898.04
2026-05-31 20:00:00,Corporate Cash Management,4529.54,5549.52,-1019.9800000000005
2026-05-31 21:00:00,Corporate Cash Management,2233.67,2430.51,-196.84000000000015
2026-05-31 22:00:00,Corporate Cash Management,1502.26,1450.38,51.87999999999988
2026-05-31 23:00:00,Corporate Cash Management,2085.35,2266.33,-180.98000000000002
2026-06-01 00:00:00,Corporate Cash Management,60369.61,97558.97,-37189.36
2026-06-01 01:00:00,Corporate Cash Management,95201.06,77311.44,17889.619999999995
2026-06-01 02:00:00,Corporate Cash Management,130079.3,86484.0,43595.3
2026-06-01 03:00:00,Corporate Cash Management,88054.15,101253.74,-13199.590000000011
2026-06-01 04:00:00,Corporate Cash Management,72824.71,76065.66,-3240.949999999997
2026-06-01 05:00:00,Corporate Cash Management,65125.43,97054.68,-31929.249999999993
2026-06-01 06:00:00,Corporate Cash Management,102537.71,129180.44,-26642.729999999996
2026-06-01 07:00:00,Corporate Cash Management,117284.62,114528.5,2756.1199999999953
2026-06-01 08:00:00,Corporate Cash Management,91704.91,91863.72,-158.80999999999767
2026-06-01 09:00:00,Corporate Cash Management,82820.6,95425.45,-12604.849999999991
2026-06-01 10:00:00,Corporate Cash Management,57390.15,78672.52,-21282.370000000003
2026-06-01 11:00:00,Corporate Cash Management,95928.86,79228.46,16700.399999999994
2026-06-01 12:00:00,Corporate Cash Management,78279.97,61284.05,16995.92
2026-06-01 13:00:00,Corporate Cash Management,79518.71,95959.07,-16440.36
2026-06-01 14:00:00,Corporate Cash Management,149468.25,114527.48,34940.770000000004
2026-06-01 15:00:00,Corporate Cash Management,146088.47,217916.92,-71828.45000000001
2026-06-01 16:00:00,Corporate Cash Management,724586.42,854417.19,-129830.7699999999
2026-06-01 17:00:00,Corporate Cash Management,2997153.35,2783123.39,214029.95999999996
2026-06-01 18:00:00,Corporate Cash Management,2568966.75,13188902.96,-10619936.21
2026-06-01 19:00:00,Corporate Cash Management,965687.51,1331745.87,-366058.3600000001
2026-06-01 20:00:00,Corporate Cash Management,245372.49,220182.37,25190.119999999995
2026-06-01 21:00:00,Corporate Cash Management,106373.58,161103.63,-54730.05
2026-06-01 22:00:00,Corporate Cash Management,73004.77,176942.27,-103937.49999999999
2026-06-01 23:00:00,Corporate Cash Management,80212.86,79820.71,392.1499999999942
2026-06-02 00:00:00,Corporate Cash Management,94159.39,84634.2,9525.190000000002
2026-06-02 01:00:00,Corporate Cash Management,96966.78,107033.57,-10066.790000000008
2026-06-02 02:00:00,Corporate Cash Management,104942.54,71633.7,33308.84
2026-06-02 03:00:00,Corporate Cash Management,80383.47,111284.86,-30901.39
2026-06-02 04:00:00,Corporate Cash Management,101429.28,92312.23,9117.050000000003
2026-06-02 05:00:00,Corporate Cash Management,117941.23,98762.63,19178.59999999999
2026-06-02 06:00:00,Corporate Cash Management,94095.88,77940.85,16155.029999999999
2026-06-02 07:00:00,Corporate Cash Management,90639.71,73912.64,16727.070000000007
2026-06-02 08:00:00,Corporate Cash Management,87681.74,54786.47,32895.270000000004
2026-06-02 09:00:00,Corporate Cash Management,79698.65,130451.94,-50753.29000000001
2026-06-02 10:00:00,Corporate Cash Management,73560.24,113882.96,-40322.72
2026-06-02 11:00:00,Corporate Cash Management,86320.31,106500.47,-20180.160000000003
2026-06-02 12:00:00,Corporate Cash Management,104095.45,98189.59,5905.860000000001
2026-06-02 13:00:00,Corporate Cash Management,74563.08,50657.5,23905.58
2026-06-02 14:00:00,Corporate Cash Management,97917.95,80031.07,17886.87999999999
2026-06-02 15:00:00,Corporate Cash Management,218493.32,208055.43,10437.890000000014
2026-06-02 16:00:00,Corporate Cash Management,1714697.41,811929.93,902767.4799999999
2026-06-02 17:00:00,Corporate Cash Management,3388969.99,1792589.48,1596380.5100000002
2026-06-02 18:00:00,Corporate Cash Management,3375260.81,2144059.49,1231201.3199999998
2026-06-02 19:00:00,Corporate Cash Management,1383748.86,1077109.53,306639.3300000001
2026-06-02 20:00:00,Corporate Cash Management,199974.73,224567.09,-24592.359999999986
2026-06-02 21:00:00,Corporate Cash Management,140775.96,121155.02,19620.939999999988
2026-06-02 22:00:00,Corporate Cash Management,96904.61,150948.57,-54043.96000000001
2026-06-02 23:00:00,Corporate Cash Management,91968.14,106832.16,-14864.020000000004
2026-06-03 00:00:00,Corporate Cash Management,68642.86,86135.55,-17492.690000000002
2026-06-03 01:00:00,Corporate Cash Management,84115.94,141159.62,-57043.67999999999
2026-06-03 02:00:00,Corporate Cash Management,299986.85,60601.86,239384.99
2026-06-03 03:00:00,Corporate Cash Management,87405.09,53522.33,33882.759999999995
2026-06-03 04:00:00,Corporate Cash Management,80521.5,72105.39,8416.11
2026-06-03 05:00:00,Corporate Cash Management,84184.57,110261.69,-26077.119999999995
2026-06-03 06:00:00,Corporate Cash Management,65766.5,93873.65,-28107.149999999994
2026-06-03 07:00:00,Corporate Cash Management,110885.75,67879.14,43006.61
2026-06-03 08:00:00,Corporate Cash Management,107849.06,75041.11,32807.95
2026-06-03 09:00:00,Corporate Cash Management,141888.89,65985.75,75903.14000000001
2026-06-03 10:00:00,Corporate Cash Management,140888.17,65985.34,74902.83000000002
2026-06-03 11:00:00,Corporate Cash Management,96703.63,132631.44,-35927.81
2026-06-03 12:00:00,Corporate Cash Management,120116.15,86830.67,33285.479999999996
2026-06-03 13:00:00,Corporate Cash Management,99410.78,140265.89,-40855.110000000015
2026-06-03 14:00:00,Corporate Cash Management,89670.49,77299.43,12371.060000000012
2026-06-03 15:00:00,Corporate Cash Management,213809.32,250787.51,-36978.19
2026-06-03 16:00:00,Corporate Cash Management,1289836.3,1126106.4,163729.90000000014
2026-06-03 17:00:00,Corporate Cash Management,7860201.89,3410851.93,4449349.959999999
2026-06-03 18:00:00,Corporate Cash Management,3786908.48,2917359.21,869549.27
2026-06-03 19:00:00,Corporate Cash Management,1169278.63,1361063.26,-191784.63000000012
2026-06-03 20:00:00,Corporate Cash Management,258672.42,254773.31,3899.110000000015
2026-06-03 21:00:00,Corporate Cash Management,112358.78,73506.38,38852.399999999994
2026-06-03 22:00:00,Corporate Cash Management,91045.72,108236.97,-17191.25
2026-06-03 23:00:00,Corporate Cash Management,112362.02,87710.7,24651.320000000007
2026-06-04 00:00:00,Corporate Cash Management,89454.81,74115.88,15338.929999999993
2026-06-04 01:00:00,Corporate Cash Management,72220.33,107050.87,-34830.53999999999
2026-06-04 02:00:00,Corporate Cash Management,104900.78,113318.15,-8417.369999999995
2026-06-04 03:00:00,Corporate Cash Management,108465.68,79751.73,28713.949999999997
2026-06-04 04:00:00,Corporate Cash Management,89671.07,82448.05,7223.020000000004
2026-06-04 05:00:00,Corporate Cash Management,100490.58,63626.47,36864.11
2026-06-04 06:00:00,Corporate Cash Management,118252.47,57318.76,60933.71
2026-06-04 07:00:00,Corporate Cash Management,91803.18,84709.91,7093.2699999999895
2026-06-04 08:00:00,Corporate Cash Management,83166.82,109708.11,-26541.289999999994
2026-06-04 09:00:00,Corporate Cash Management,77887.89,77983.19,-95.30000000000291
2026-06-04 10:00:00,Corporate Cash Management,87282.77,128606.59,-41323.81999999999
2026-06-04 11:00:00,Corporate Cash Management,136499.71,85502.12,50997.59
2026-06-04 12:00:00,Corporate Cash Management,88501.43,85589.82,2911.609999999986
2026-06-04 13:00:00,Corporate Cash Management,101880.1,83836.74,18043.36
2026-06-04 14:00:00,Corporate Cash Management,92006.61,123419.4,-31412.789999999994
2026-06-04 15:00:00,Corporate Cash Management,206863.02,174530.08,32332.940000000002
2026-06-04 16:00:00,Corporate Cash Management,882461.28,1030202.43,-147741.15000000002
2026-06-04 17:00:00,Corporate Cash Management,2900548.93,2387385.21,513163.7200000002
2026-06-04 18:00:00,Corporate Cash Management,2485713.99,2378927.35,106786.64000000013
2026-06-04 19:00:00,Corporate Cash Management,1511649.32,1073349.29,438300.03
2026-06-04 20:00:00,Corporate Cash Management,223126.53,215614.9,7511.630000000005
2026-06-04 21:00:00,Corporate Cash Management,98676.55,125600.72,-26924.17
2026-06-04 22:00:00,Corporate Cash Management,89022.46,89877.78,-855.3199999999924
2026-06-04 23:00:00,Corporate Cash Management,102040.98,103396.4,-1355.4199999999983
2026-06-05 00:00:00,Corporate Cash Management,135007.04,93972.15,41034.890000000014
2026-06-05 01:00:00,Corporate Cash Management,71711.81,127836.16,-56124.350000000006
2026-06-05 02:00:00,Corporate Cash Management,99688.66,83447.14,16241.520000000004
2026-06-05 03:00:00,Corporate Cash Management,62828.22,83505.86,-20677.64
2026-06-05 04:00:00,Corporate Cash Management,126267.36,108426.15,17841.210000000006
2026-06-05 05:00:00,Corporate Cash Management,90519.48,83163.53,7355.949999999997
2026-06-05 06:00:00,Corporate Cash Management,63999.25,101942.36,-37943.11
2026-06-05 07:00:00,Corporate Cash Management,67603.26,161464.98,-93861.72000000002
2026-06-05 08:00:00,Corporate Cash Management,113985.59,70461.86,43523.729999999996
2026-06-05 09:00:00,Corporate Cash Management,61340.57,131990.15,-70649.57999999999
2026-06-05 10:00:00,Corporate Cash Management,99700.6,79579.62,20120.98000000001
2026-06-05 11:00:00,Corporate Cash Management,83551.47,125741.64,-42190.17
2026-06-05 12:00:00,Corporate Cash Management,88581.13,106839.76,-18258.62999999999
2026-06-05 13:00:00,Corporate Cash Management,78686.58,104713.31,-26026.729999999996
2026-06-05 14:00:00,Corporate Cash Management,78631.12,92986.04,-14354.919999999998
2026-06-05 15:00:00,Corporate Cash Management,202908.56,208345.75,-5437.190000000002
2026-06-05 16:00:00,Corporate Cash Management,1268427.21,888246.01,380181.19999999995
2026-06-05 17:00:00,Corporate Cash Management,2629215.76,2741789.23,-112573.4700000002
2026-06-05 18:00:00,Corporate Cash Management,3142880.39,2614476.38,528404.0100000002
2026-06-05 19:00:00,Corporate Cash Management,1034817.64,1115998.94,-81181.29999999993
2026-06-05 20:00:00,Corporate Cash Management,267047.29,155891.62,111155.66999999998
2026-06-05 21:00:00,Corporate Cash Management,110688.02,97110.69,13577.330000000002
2026-06-05 22:00:00,Corporate Cash Management,81349.44,123569.97,-42220.53
2026-06-05 23:00:00,Corporate Cash Management,73272.77,113958.1,-40685.33
2026-06-06 00:00:00,Corporate Cash Management,2361.95,1810.38,551.5699999999997
2026-06-06 01:00:00,Corporate Cash Management,1517.75,3415.73,-1897.98
2026-06-06 02:00:00,Corporate Cash Management,2108.07,1558.07,550.0000000000002
2026-06-06 03:00:00,Corporate Cash Management,1874.51,1761.42,113.08999999999992
2026-06-06 04:00:00,Corporate Cash Management,1656.67,1252.52,404.1500000000001
2026-06-06 05:00:00,Corporate Cash Management,2070.82,1627.23,443.59000000000015
2026-06-06 06:00:00,Corporate Cash Management,2618.35,2814.37,-196.01999999999998
2026-06-06 07:00:00,Corporate Cash Management,2174.84,1642.82,532.0200000000002
2026-06-06 08:00:00,Corporate Cash Management,1921.1,1228.54,692.56
2026-06-06 09:00:00,Corporate Cash Management,2789.74,2238.46,551.2799999999997
2026-06-06 10:00:00,Corporate Cash Management,1223.86,1983.95,-760.0900000000001
2026-06-06 11:00:00,Corporate Cash Management,1408.5,2215.43,-806.9299999999998
2026-06-06 12:00:00,Corporate Cash Management,1656.11,1671.18,-15.070000000000164
2026-06-06 13:00:00,Corporate Cash Management,2655.79,1401.22,1254.57
2026-06-06 14:00:00,Corporate Cash Management,2526.07,1844.6,681.4700000000003
2026-06-06 15:00:00,Corporate Cash Management,2984.76,5096.29,-2111.5299999999997
2026-06-06 16:00:00,Corporate Cash Management,19715.87,20897.84,-1181.9700000000012
2026-06-06 17:00:00,Corporate Cash Management,40634.08,60325.97,-19691.89
2026-06-06 18:00:00,Corporate Cash Management,56005.57,47873.85,8131.720000000001
2026-06-06 19:00:00,Corporate Cash Management,27549.26,23665.11,3884.149999999998
2026-06-06 20:00:00,Corporate Cash Management,5850.37,4432.87,1417.5
2026-06-06 21:00:00,Corporate Cash Management,2133.92,1618.82,515.1000000000001
2026-06-06 22:00:00,Corporate Cash Management,1674.74,1866.58,-191.83999999999992
2026-06-06 23:00:00,Corporate Cash Management,1816.18,4959.38,-3143.2
2026-06-07 00:00:00,Corporate Cash Management,2206.48,2100.29,106.19000000000005
2026-06-07 01:00:00,Corporate Cash Management,3344.78,2239.1,1105.6800000000003
2026-06-07 02:00:00,Corporate Cash Management,1383.06,2040.45,-657.3900000000001
2026-06-07 03:00:00,Corporate Cash Management,2767.07,1196.07,1571.0000000000002
2026-06-07 04:00:00,Corporate Cash Management,1977.02,1414.24,562.78
2026-06-07 05:00:00,Corporate Cash Management,2283.34,1535.17,748.1700000000001
2026-06-07 06:00:00,Corporate Cash Management,1948.13,1475.07,473.0600000000002
2026-06-07 07:00:00,Corporate Cash Management,2642.23,1571.57,1070.66
2026-06-07 08:00:00,Corporate Cash Management,2019.8,2268.45,-248.64999999999986
2026-06-07 09:00:00,Corporate Cash Management,1581.52,2143.52,-562.0
2026-06-07 10:00:00,Corporate Cash Management,2081.53,1619.02,462.5100000000002
2026-06-07 11:00:00,Corporate Cash Management,2465.19,2087.02,378.1700000000001
2026-06-07 12:00:00,Corporate Cash Management,1860.12,1954.25,-94.13000000000011
2026-06-07 13:00:00,Corporate Cash Management,1108.92,1787.66,-678.74
2026-06-07 14:00:00,Corporate Cash Management,1939.1,2573.39,-634.29
2026-06-07 15:00:00,Corporate Cash Management,4697.85,3760.22,937.6300000000006
2026-06-07 16:00:00,Corporate Cash Management,21742.86,21561.68,181.1800000000003
2026-06-07 17:00:00,Corporate Cash Management,49983.57,42100.47,7883.0999999999985
2026-06-07 18:00:00,Corporate Cash Management,78753.13,42607.98,36145.15
2026-06-07 19:00:00,Corporate Cash Management,12149.35,15142.97,-2993.619999999999
2026-06-07 20:00:00,Corporate Cash Management,4693.07,3467.17,1225.8999999999996
2026-06-07 21:00:00,Corporate Cash Management,2050.23,1971.79,78.44000000000005
2026-06-07 22:00:00,Corporate Cash Management,3144.4,1671.13,1473.27
2026-06-07 23:00:00,Corporate Cash Management,1853.32,1682.58,170.74
2026-06-08 00:00:00,Corporate Cash Management,103960.05,83514.38,20445.67
2026-06-08 01:00:00,Corporate Cash Management,95952.44,140189.53,-44237.09
2026-06-08 02:00:00,Corporate Cash Management,95221.58,67729.01,27492.570000000007
2026-06-08 03:00:00,Corporate Cash Management,144508.63,65942.71,78565.92
2026-06-08 04:00:00,Corporate Cash Management,70434.7,72853.75,-2419.050000000003
2026-06-08 05:00:00,Corporate Cash Management,78712.21,88396.82,-9684.61
2026-06-08 06:00:00,Corporate Cash Management,112296.46,102360.66,9935.800000000003
2026-06-08 07:00:00,Corporate Cash Management,99167.43,105052.12,-5884.690000000002
2026-06-08 08:00:00,Corporate Cash Management,86642.66,113973.87,-27331.209999999992
2026-06-08 09:00:00,Corporate Cash Management,91373.92,87597.28,3776.6399999999994
2026-06-08 10:00:00,Corporate Cash Management,116872.16,81510.3,35361.86
2026-06-08 11:00:00,Corporate Cash Management,104990.72,135392.08,-30401.359999999986
2026-06-08 12:00:00,Corporate Cash Management,77817.61,44869.87,32947.74
2026-06-08 13:00:00,Corporate Cash Management,98827.73,91545.31,7282.419999999998
2026-06-08 14:00:00,Corporate Cash Management,98546.59,107521.62,-8975.029999999999
2026-06-08 15:00:00,Corporate Cash Management,257809.26,354336.06,-96526.79999999999
2026-06-08 16:00:00,Corporate Cash Management,1014621.56,702474.49,312147.07000000007
2026-06-08 17:00:00,Corporate Cash Management,2091234.46,2464545.21,-373310.75
2026-06-08 18:00:00,Corporate Cash Management,3346530.97,1949629.1,1396901.87
2026-06-08 19:00:00,Corporate Cash Management,1261044.03,678701.59,582342.4400000001
2026-06-08 20:00:00,Corporate Cash Management,326503.07,210754.37,115748.70000000001
2026-06-08 21:00:00,Corporate Cash Management,382268.49,118921.5,263346.99
2026-06-08 22:00:00,Corporate Cash Management,91499.96,121831.23,-30331.26999999999
2026-06-08 23:00:00,Corporate Cash Management,87795.34,78795.07,9000.26999999999
2026-06-09 00:00:00,Corporate Cash Management,84229.53,106318.7,-22089.17
2026-06-09 01:00:00,Corporate Cash Management,63265.78,85659.49,-22393.710000000006
2026-06-09 02:00:00,Corporate Cash Management,71238.14,103436.01,-32197.869999999995
2026-06-09 03:00:00,Corporate Cash Management,99507.18,120112.46,-20605.280000000013
2026-06-09 04:00:00,Corporate Cash Management,82077.35,85734.22,-3656.8699999999953
2026-06-09 05:00:00,Corporate Cash Management,75640.89,117807.66,-42166.770000000004
2026-06-09 06:00:00,Corporate Cash Management,132979.96,66456.85,66523.10999999999
2026-06-09 07:00:00,Corporate Cash Management,168347.41,106052.82,62294.59
2026-06-09 08:00:00,Corporate Cash Management,91697.21,116539.23,-24842.01999999999
2026-06-09 09:00:00,Corporate Cash Management,63883.11,113563.48,-49680.369999999995
2026-06-09 10:00:00,Corporate Cash Management,102688.55,66923.78,35764.770000000004
2026-06-09 11:00:00,Corporate Cash Management,55216.23,85486.37,-30270.139999999992
2026-06-09 12:00:00,Corporate Cash Management,66358.14,97063.21,-30705.070000000007
2026-06-09 13:00:00,Corporate Cash Management,103269.94,100676.0,2593.9400000000023
2026-06-09 14:00:00,Corporate Cash Management,70601.15,99400.7,-28799.550000000003
2026-06-09 15:00:00,Corporate Cash Management,212853.92,317069.61,-104215.68999999997
2026-06-09 16:00:00,Corporate Cash Management,758720.59,769575.55,-10854.96000000008
2026-06-09 17:00:00,Corporate Cash Management,2868807.4,2577910.0,290897.3999999999
2026-06-09 18:00:00,Corporate Cash Management,3745824.1,1795168.12,1950655.98
2026-06-09 19:00:00,Corporate Cash Management,943247.1,1242726.25,-299479.15
2026-06-09 20:00:00,Corporate Cash Management,228094.61,254800.18,-26705.570000000007
2026-06-09 21:00:00,Corporate Cash Management,81370.97,223037.75,-141666.78
2026-06-09 22:00:00,Corporate Cash Management,77283.99,116481.7,-39197.70999999999
2026-06-09 23:00:00,Corporate Cash Management,75547.82,97774.12,-22226.29999999999
2026-06-10 00:00:00,Corporate Cash Management,113191.61,95921.82,17269.789999999994
2026-06-10 01:00:00,Corporate Cash Management,65315.15,455016.18,-389701.02999999997
2026-06-10 02:00:00,Corporate Cash Management,85595.78,92984.39,-7388.610000000001
2026-06-10 03:00:00,Corporate Cash Management,103033.45,96435.26,6598.190000000002
2026-06-10 04:00:00,Corporate Cash Management,116751.66,55070.81,61680.850000000006
2026-06-10 05:00:00,Corporate Cash Management,103829.63,94541.42,9288.210000000006
2026-06-10 06:00:00,Corporate Cash Management,91326.51,92301.65,-975.1399999999994
2026-06-10 07:00:00,Corporate Cash Management,80670.85,139534.65,-58863.79999999999
2026-06-10 08:00:00,Corporate Cash Management,117205.47,87085.62,30119.850000000006
2026-06-10 09:00:00,Corporate Cash Management,74873.0,74323.21,549.7899999999936
2026-06-10 10:00:00,Corporate Cash Management,75154.7,96249.4,-21094.699999999997
2026-06-10 11:00:00,Corporate Cash Management,130415.34,91688.48,38726.86
2026-06-10 12:00:00,Corporate Cash Management,101765.78,87109.72,14656.059999999998
2026-06-10 13:00:00,Corporate Cash Management,102805.18,65457.24,37347.939999999995
2026-06-10 14:00:00,Corporate Cash Management,115887.2,92868.57,23018.62999999999
2026-06-10 15:00:00,Corporate Cash Management,223833.14,191910.06,31923.080000000016
2026-06-10 16:00:00,Corporate Cash Management,767483.66,1007906.07,-240422.40999999992
2026-06-10 17:00:00,Corporate Cash Management,3012056.81,3287344.21,-275287.3999999999
2026-06-10 18:00:00,Corporate Cash Management,2815874.74,2312694.09,503180.6500000004
2026-06-10 19:00:00,Corporate Cash Management,886935.54,1006709.64,-119774.09999999998
2026-06-10 20:00:00,Corporate Cash Management,174574.5,253947.11,-79372.60999999999
2026-06-10 21:00:00,Corporate Cash Management,98627.07,90273.11,8353.960000000006
2026-06-10 22:00:00,Corporate Cash Management,66319.51,173025.81,-106706.3
2026-06-10 23:00:00,Corporate Cash Management,89725.63,95778.22,-6052.5899999999965
2026-06-11 00:00:00,Corporate Cash Management,87059.3,65978.93,21080.37000000001
2026-06-11 01:00:00,Corporate Cash Management,90270.62,72965.3,17305.319999999992
2026-06-11 02:00:00,Corporate Cash Management,102849.16,71152.54,31696.62000000001
2026-06-11 03:00:00,Corporate Cash Management,108645.27,73226.19,35419.08
2026-06-11 04:00:00,Corporate Cash Management,77845.43,102930.52,-25085.09000000001
2026-06-11 05:00:00,Corporate Cash Management,115589.76,68250.33,47339.42999999999
2026-06-11 06:00:00,Corporate Cash Management,88036.97,82848.05,5188.919999999998
2026-06-11 07:00:00,Corporate Cash Management,144160.15,119760.8,24399.34999999999
2026-06-11 08:00:00,Corporate Cash Management,80338.12,79033.09,1305.0299999999988
2026-06-11 09:00:00,Corporate Cash Management,62163.44,106450.63,-44287.19
2026-06-11 10:00:00,Corporate Cash Management,114549.84,59090.32,55459.52
2026-06-11 11:00:00,Corporate Cash Management,103441.35,82035.82,21405.53
2026-06-11 12:00:00,Corporate Cash Management,125590.15,72120.07,53470.07999999999
2026-06-11 13:00:00,Corporate Cash Management,100619.4,97133.57,3485.829999999987
2026-06-11 14:00:00,Corporate Cash Management,179106.79,74551.91,104554.88
2026-06-11 15:00:00,Corporate Cash Management,218632.58,372128.41,-153495.83
2026-06-11 16:00:00,Corporate Cash Management,1428122.5,706204.19,721918.31
2026-06-11 17:00:00,Corporate Cash Management,7900539.98,3636373.84,4264166.140000001
2026-06-11 18:00:00,Corporate Cash Management,3198799.73,3409654.52,-210854.79000000004
2026-06-11 19:00:00,Corporate Cash Management,1302506.89,1149653.56,152853.32999999984
2026-06-11 20:00:00,Corporate Cash Management,282239.3,224849.9,57389.399999999994
2026-06-11 21:00:00,Corporate Cash Management,121153.9,153535.2,-32381.300000000017
2026-06-11 22:00:00,Corporate Cash Management,41460.88,167148.94,-125688.06
2026-06-11 23:00:00,Corporate Cash Management,91417.71,85456.03,5961.680000000008
2026-06-12 00:00:00,Corporate Cash Management,80545.53,93620.75,-13075.220000000001
2026-06-12 01:00:00,Corporate Cash Management,84616.41,78391.04,6225.37000000001
2026-06-12 02:00:00,Corporate Cash Management,86638.74,67187.54,19451.20000000001
2026-06-12 03:00:00,Corporate Cash Management,118743.77,101047.21,17696.559999999998
2026-06-12 04:00:00,Corporate Cash Management,97831.27,95795.46,2035.8099999999977
2026-06-12 05:00:00,Corporate Cash Management,81917.99,60174.84,21743.15000000001
2026-06-12 06:00:00,Corporate Cash Management,64427.03,100867.74,-36440.71000000001
2026-06-12 07:00:00,Corporate Cash Management,136437.13,96601.54,39835.59000000001
2026-06-12 08:00:00,Corporate Cash Management,79104.52,77439.62,1664.9000000000087
2026-06-12 09:00:00,Corporate Cash Management,90010.19,76186.1,13824.089999999997
2026-06-12 10:00:00,Corporate Cash Management,158747.79,100058.46,58689.33
2026-06-12 11:00:00,Corporate Cash Management,79644.47,134562.68,-54918.20999999999
2026-06-12 12:00:00,Corporate Cash Management,86807.12,99426.39,-12619.270000000004
2026-06-12 13:00:00,Corporate Cash Management,98689.54,109537.32,-10847.780000000013
2026-06-12 14:00:00,Corporate Cash Management,66785.99,78424.87,-11638.87999999999
2026-06-12 15:00:00,Corporate Cash Management,149032.57,199987.86,-50955.28999999998
2026-06-12 16:00:00,Corporate Cash Management,974707.24,1238622.09,-263914.8500000001
2026-06-12 17:00:00,Corporate Cash Management,2529649.47,1949271.04,580378.4300000002
2026-06-12 18:00:00,Corporate Cash Management,2925273.78,2883030.87,42242.90999999968
2026-06-12 19:00:00,Corporate Cash Management,860954.69,1203640.98,-342686.29000000004
2026-06-12 20:00:00,Corporate Cash Management,255471.2,219684.24,35786.96000000002
2026-06-12 21:00:00,Corporate Cash Management,58195.08,104588.46,-46393.380000000005
2026-06-12 22:00:00,Corporate Cash Management,91502.04,91432.34,69.69999999999709
2026-06-12 23:00:00,Corporate Cash Management,101763.61,77036.42,24727.190000000002
2026-06-13 00:00:00,Corporate Cash Management,2019.17,1340.79,678.3800000000001
2026-06-13 01:00:00,Corporate Cash Management,1785.83,1759.81,26.019999999999982
2026-06-13 02:00:00,Corporate Cash Management,1576.95,2494.06,-917.1099999999999
2026-06-13 03:00:00,Corporate Cash Management,1772.89,2325.38,-552.49
2026-06-13 04:00:00,Corporate Cash Management,2532.14,1651.12,881.02
2026-06-13 05:00:00,Corporate Cash Management,1601.13,1642.57,-41.43999999999983
2026-06-13 06:00:00,Corporate Cash Management,2375.25,1612.62,762.6300000000001
2026-06-13 07:00:00,Corporate Cash Management,2471.65,1612.67,858.98
2026-06-13 08:00:00,Corporate Cash Management,1205.15,1934.26,-729.1099999999999
2026-06-13 09:00:00,Corporate Cash Management,1801.35,2344.7,-543.3499999999999
2026-06-13 10:00:00,Corporate Cash Management,1456.65,3169.23,-1712.58
2026-06-13 11:00:00,Corporate Cash Management,1277.77,1462.76,-184.99
2026-06-13 12:00:00,Corporate Cash Management,2267.31,2118.25,149.05999999999995
2026-06-13 13:00:00,Corporate Cash Management,2096.44,2064.12,32.320000000000164
2026-06-13 14:00:00,Corporate Cash Management,2131.49,1778.43,353.0599999999997
2026-06-13 15:00:00,Corporate Cash Management,3494.59,3432.54,62.05000000000018
2026-06-13 16:00:00,Corporate Cash Management,23176.38,22795.68,380.7000000000007
2026-06-13 17:00:00,Corporate Cash Management,40770.06,93013.43,-52243.369999999995
2026-06-13 18:00:00,Corporate Cash Management,57678.2,58559.06,-880.8600000000006
2026-06-13 19:00:00,Corporate Cash Management,18636.64,17477.59,1159.0499999999993
2026-06-13 20:00:00,Corporate Cash Management,5961.3,4265.18,1696.12
2026-06-13 21:00:00,Corporate Cash Management,1822.43,1452.26,370.1700000000001
2026-06-13 22:00:00,Corporate Cash Management,1973.33,1810.76,162.56999999999994
2026-06-13 23:00:00,Corporate Cash Management,1971.76,2135.39,-163.62999999999988
2026-06-14 00:00:00,Corporate Cash Management,1825.09,1513.82,311.27
2026-06-14 01:00:00,Corporate Cash Management,1909.63,797.63,1112.0
2026-06-14 02:00:00,Corporate Cash Management,2006.76,1929.01,77.75
2026-06-14 03:00:00,Corporate Cash Management,1486.58,1587.88,-101.30000000000018
2026-06-14 04:00:00,Corporate Cash Management,2057.13,1492.0,565.1300000000001
2026-06-14 05:00:00,Corporate Cash Management,2308.37,1488.79,819.5799999999999
2026-06-14 06:00:00,Corporate Cash Management,2054.26,1989.43,64.83000000000015
2026-06-14 07:00:00,Corporate Cash Management,1702.39,1625.49,76.90000000000009
2026-06-14 08:00:00,Corporate Cash Management,1942.89,2271.4,-328.51
2026-06-14 09:00:00,Corporate Cash Management,1698.31,2283.93,-585.6199999999999
2026-06-14 10:00:00,Corporate Cash Management,1805.6,1682.24,123.3599999999999
2026-06-14 11:00:00,Corporate Cash Management,1382.17,1580.23,-198.05999999999995
2026-06-14 12:00:00,Corporate Cash Management,2626.37,1858.41,767.9599999999998
2026-06-14 13:00:00,Corporate Cash Management,3021.59,1738.07,1283.5200000000002
2026-06-14 14:00:00,Corporate Cash Management,1673.6,1246.13,427.4699999999998
2026-06-14 15:00:00,Corporate Cash Management,5579.7,7158.7,-1579.0
2026-06-14 16:00:00,Corporate Cash Management,31657.8,25439.72,6218.079999999998
2026-06-14 17:00:00,Corporate Cash Management,44529.73,48759.63,-4229.899999999994
2026-06-14 18:00:00,Corporate Cash Management,32981.79,33908.92,-927.1299999999974
2026-06-14 19:00:00,Corporate Cash Management,32127.66,20340.62,11787.04
2026-06-14 20:00:00,Corporate Cash Management,4572.27,3829.78,742.4900000000002
2026-06-14 21:00:00,Corporate Cash Management,1752.57,1902.22,-149.6500000000001
2026-06-14 22:00:00,Corporate Cash Management,1884.66,1049.33,835.3300000000002
2026-06-14 23:00:00,Corporate Cash Management,1696.07,1599.57,96.5
2026-06-15 00:00:00,Corporate Cash Management,194895.58,81205.19,113690.38999999998
2026-06-15 01:00:00,Corporate Cash Management,81444.57,85776.14,-4331.569999999992
2026-06-15 02:00:00,Corporate Cash Management,100930.37,84839.2,16091.169999999998
2026-06-15 03:00:00,Corporate Cash Management,128465.57,91183.36,37282.21000000001
2026-06-15 04:00:00,Corporate Cash Management,128310.91,131644.36,-3333.4499999999825
2026-06-15 05:00:00,Corporate Cash Management,122314.61,79127.16,43187.45
2026-06-15 06:00:00,Corporate Cash Management,83611.46,71666.27,11945.190000000002
2026-06-15 07:00:00,Corporate Cash Management,89530.1,58438.62,31091.480000000003
2026-06-15 08:00:00,Corporate Cash Management,175630.8,79204.4,96426.4
2026-06-15 09:00:00,Corporate Cash Management,91284.01,63402.1,27881.909999999996
2026-06-15 10:00:00,Corporate Cash Management,93765.89,114415.18,-20649.289999999994
2026-06-15 11:00:00,Corporate Cash Management,111947.53,87863.39,24084.14
2026-06-15 12:00:00,Corporate Cash Management,145689.89,113827.59,31862.300000000017
2026-06-15 13:00:00,Corporate Cash Management,111247.95,130004.43,-18756.479999999996
2026-06-15 14:00:00,Corporate Cash Management,130404.52,77783.22,52621.3
2026-06-15 15:00:00,Corporate Cash Management,228205.85,203361.43,24844.420000000013
2026-06-15 16:00:00,Corporate Cash Management,1515673.01,1484261.07,31411.939999999944
2026-06-15 17:00:00,Corporate Cash Management,2836623.98,2870097.77,-33473.79000000004
2026-06-15 18:00:00,Corporate Cash Management,3762121.67,3118709.16,643412.5099999998
2026-06-15 19:00:00,Corporate Cash Management,1344349.27,1377457.97,-33108.69999999995
2026-06-15 20:00:00,Corporate Cash Management,252849.9,277536.77,-24686.870000000024
2026-06-15 21:00:00,Corporate Cash Management,67883.82,106994.78,-39110.95999999999
2026-06-15 22:00:00,Corporate Cash Management,469442.39,127770.37,341672.02
2026-06-15 23:00:00,Corporate Cash Management,102221.54,88478.1,13743.439999999988
2026-06-16 00:00:00,Corporate Cash Management,110857.24,102479.55,8377.690000000002
2026-06-16 01:00:00,Corporate Cash Management,100583.16,86109.53,14473.630000000005
2026-06-16 02:00:00,Corporate Cash Management,105012.78,116157.56,-11144.779999999999
2026-06-16 03:00:00,Corporate Cash Management,128735.9,75536.69,53199.20999999999
2026-06-16 04:00:00,Corporate Cash Management,82609.0,59092.0,23517.0
2026-06-16 05:00:00,Corporate Cash Management,552340.79,106010.79,446330.00000000006
2026-06-16 06:00:00,Corporate Cash Management,76572.71,69740.07,6832.639999999999
2026-06-16 07:00:00,Corporate Cash Management,107422.49,68033.42,39389.07000000001
2026-06-16 08:00:00,Corporate Cash Management,99029.85,123475.43,-24445.579999999987
2026-06-16 09:00:00,Corporate Cash Management,79428.51,114592.18,-35163.67
2026-06-16 10:00:00,Corporate Cash Management,95203.38,82614.44,12588.940000000002
2026-06-16 11:00:00,Corporate Cash Management,80674.47,42032.53,38641.94
2026-06-16 12:00:00,Corporate Cash Management,84614.72,102835.3,-18220.58
2026-06-16 13:00:00,Corporate Cash Management,101761.91,106353.72,-4591.809999999998
2026-06-16 14:00:00,Corporate Cash Management,106706.25,109880.46,-3174.2100000000064
2026-06-16 15:00:00,Corporate Cash Management,141810.98,249519.77,-107708.78999999998
2026-06-16 16:00:00,Corporate Cash Management,1206118.53,1016787.41,189331.12
2026-06-16 17:00:00,Corporate Cash Management,2622159.6,2470509.52,151650.08000000007
2026-06-16 18:00:00,Corporate Cash Management,2550411.04,2076120.97,474290.07000000007
2026-06-16 19:00:00,Corporate Cash Management,829440.79,893727.99,-64287.19999999995
2026-06-16 20:00:00,Corporate Cash Management,226618.22,240373.97,-13755.75
2026-06-16 21:00:00,Corporate Cash Management,87551.36,105074.74,-17523.380000000005
2026-06-16 22:00:00,Corporate Cash Management,128036.43,109793.4,18243.03
2026-06-16 23:00:00,Corporate Cash Management,60054.39,63320.61,-3266.220000000001
2026-06-17 00:00:00,Corporate Cash Management,73084.67,59442.13,13642.54
2026-06-17 01:00:00,Corporate Cash Management,71857.97,81849.6,-9991.630000000005
2026-06-17 02:00:00,Corporate Cash Management,99212.49,69743.4,29469.09000000001
2026-06-17 03:00:00,Corporate Cash Management,124696.34,94283.53,30412.809999999998
2026-06-17 04:00:00,Corporate Cash Management,105465.08,64867.1,40597.98
2026-06-17 05:00:00,Corporate Cash Management,70734.8,120888.39,-50153.59
2026-06-17 06:00:00,Corporate Cash Management,83537.17,73280.5,10256.669999999998
2026-06-17 07:00:00,Corporate Cash Management,75967.48,134018.55,-58051.06999999999
2026-06-17 08:00:00,Corporate Cash Management,105586.69,102604.84,2981.850000000006
2026-06-17 09:00:00,Corporate Cash Management,83113.48,69130.89,13982.589999999997
2026-06-17 10:00:00,Corporate Cash Management,65326.64,151941.55,-86614.90999999999
2026-06-17 11:00:00,Corporate Cash Management,107638.26,96175.32,11462.939999999988
2026-06-17 12:00:00,Corporate Cash Management,127539.12,93817.23,33721.89
2026-06-17 13:00:00,Corporate Cash Management,89056.05,88662.88,393.16999999999825
2026-06-17 14:00:00,Corporate Cash Management,102830.31,108508.5,-5678.190000000002
2026-06-17 15:00:00,Corporate Cash Management,157281.83,252946.99,-95665.16
2026-06-17 16:00:00,Corporate Cash Management,657030.9,857059.33,-200028.42999999993
2026-06-17 17:00:00,Corporate Cash Management,1781686.89,2595174.71,-813487.8200000001
2026-06-17 18:00:00,Corporate Cash Management,2797289.95,2817829.59,-20539.639999999665
2026-06-17 19:00:00,Corporate Cash Management,1017959.04,1230819.82,-212860.78000000003
2026-06-17 20:00:00,Corporate Cash Management,262742.05,257687.37,5054.679999999993
2026-06-17 21:00:00,Corporate Cash Management,94970.54,100617.44,-5646.900000000009
2026-06-17 22:00:00,Corporate Cash Management,119208.56,78536.51,40672.05
2026-06-17 23:00:00,Corporate Cash Management,115662.35,77433.59,38228.76000000001
2026-06-18 00:00:00,Corporate Cash Management,85797.04,66815.67,18981.369999999995
2026-06-18 01:00:00,Corporate Cash Management,72366.23,104371.85,-32005.62000000001
2026-06-18 02:00:00,Corporate Cash Management,57602.11,77154.92,-19552.809999999998
2026-06-18 03:00:00,Corporate Cash Management,133085.5,85787.31,47298.19
2026-06-18 04:00:00,Corporate Cash Management,73476.67,95511.4,-22034.729999999996
2026-06-18 05:00:00,Corporate Cash Management,63974.91,90088.56,-26113.649999999994
2026-06-18 06:00:00,Corporate Cash Management,96068.73,89873.83,6194.899999999994
2026-06-18 07:00:00,Corporate Cash Management,64117.3,71777.37,-7660.069999999992
2026-06-18 08:00:00,Corporate Cash Management,96044.57,96257.35,-212.77999999999884
2026-06-18 09:00:00,Corporate Cash Management,85500.46,83229.55,2270.9100000000035
2026-06-18 10:00:00,Corporate Cash Management,117157.51,88076.83,29080.679999999993
2026-06-18 11:00:00,Corporate Cash Management,114637.34,120217.41,-5580.070000000007
2026-06-18 12:00:00,Corporate Cash Management,122540.2,102119.96,20420.23999999999
2026-06-18 13:00:00,Corporate Cash Management,98052.16,78135.37,19916.790000000008
2026-06-18 14:00:00,Corporate Cash Management,80511.1,93033.69,-12522.589999999997
2026-06-18 15:00:00,Corporate Cash Management,176866.13,330856.25,-153990.12
2026-06-18 16:00:00,Corporate Cash Management,962819.84,985259.46,-22439.619999999995
2026-06-18 17:00:00,Corporate Cash Management,4657133.99,2764920.86,1892213.1300000004
2026-06-18 18:00:00,Corporate Cash Management,2657895.14,3231925.51,-574030.3699999996
2026-06-18 19:00:00,Corporate Cash Management,1144581.48,1122763.69,21817.790000000037
2026-06-18 20:00:00,Corporate Cash Management,335044.56,202071.23,132973.33
2026-06-18 21:00:00,Corporate Cash Management,106339.13,80184.89,26154.240000000005
2026-06-18 22:00:00,Corporate Cash Management,77228.71,89892.95,-12664.23999999999
2026-06-18 23:00:00,Corporate Cash Management,111625.32,106093.79,5531.530000000013
2026-06-19 00:00:00,Corporate Cash Management,83552.95,125215.31,-41662.36
2026-06-19 01:00:00,Corporate Cash Management,99971.07,62394.13,37576.94000000001
2026-06-19 02:00:00,Corporate Cash Management,105703.57,139840.96,-34137.389999999985
2026-06-19 03:00:00,Corporate Cash Management,82189.14,83739.22,-1550.0800000000017
2026-06-19 04:00:00,Corporate Cash Management,97435.67,113410.77,-15975.100000000006
2026-06-19 05:00:00,Corporate Cash Management,138741.3,74845.49,63895.80999999998
2026-06-19 06:00:00,Corporate Cash Management,79516.6,60165.54,19351.060000000005
2026-06-19 07:00:00,Corporate Cash Management,129259.58,64817.34,64442.240000000005
2026-06-19 08:00:00,Corporate Cash Management,80236.24,82853.21,-2616.970000000001
2026-06-19 09:00:00,Corporate Cash Management,145928.49,102599.49,43328.999999999985
2026-06-19 10:00:00,Corporate Cash Management,75093.05,90704.57,-15611.520000000004
2026-06-19 11:00:00,Corporate Cash Management,84279.24,84542.22,-262.9799999999959
2026-06-19 12:00:00,Corporate Cash Management,135594.99,119023.92,16571.069999999992
2026-06-19 13:00:00,Corporate Cash Management,137275.84,90164.95,47110.89
2026-06-19 14:00:00,Corporate Cash Management,122435.78,103558.47,18877.309999999998
2026-06-19 15:00:00,Corporate Cash Management,174889.13,482789.92,-307900.79
2026-06-19 16:00:00,Corporate Cash Management,1122308.23,1061821.39,60486.840000000084
2026-06-19 17:00:00,Corporate Cash Management,2829623.56,2300394.02,529229.54
2026-06-19 18:00:00,Corporate Cash Management,7838664.09,3087252.83,4751411.26
2026-06-19 19:00:00,Corporate Cash Management,1308647.9,1278282.77,30365.12999999989
2026-06-19 20:00:00,Corporate Cash Management,188753.38,239145.14,-50391.76000000001
2026-06-19 21:00:00,Corporate Cash Management,72264.48,100425.72,-28161.240000000005
2026-06-19 22:00:00,Corporate Cash Management,62098.21,130542.92,-68444.70999999999
2026-06-19 23:00:00,Corporate Cash Management,142691.12,126359.43,16331.690000000002
2026-06-20 00:00:00,Corporate Cash Management,1637.15,1748.07,-110.91999999999985
2026-06-20 01:00:00,Corporate Cash Management,1645.76,1532.52,113.24000000000001
2026-06-20 02:00:00,Corporate Cash Management,1437.51,2003.88,-566.3700000000001
2026-06-20 03:00:00,Corporate Cash Management,2618.38,1530.32,1088.0600000000002
2026-06-20 04:00:00,Corporate Cash Management,1317.21,2245.83,-928.6199999999999
2026-06-20 05:00:00,Corporate Cash Management,1376.5,2001.31,-624.81
2026-06-20 06:00:00,Corporate Cash Management,1716.21,3508.87,-1792.6599999999999
2026-06-20 07:00:00,Corporate Cash Management,1850.0,2601.56,-751.56
2026-06-20 08:00:00,Corporate Cash Management,2192.92,1374.52,818.4000000000001
2026-06-20 09:00:00,Corporate Cash Management,1570.95,1581.05,-10.099999999999909
2026-06-20 10:00:00,Corporate Cash Management,2736.45,1115.5,1620.9499999999998
2026-06-20 11:00:00,Corporate Cash Management,1573.62,1054.8,518.8199999999999
2026-06-20 12:00:00,Corporate Cash Management,1445.48,1851.97,-406.49
2026-06-20 13:00:00,Corporate Cash Management,1413.36,1337.8,75.55999999999995
2026-06-20 14:00:00,Corporate Cash Management,1644.58,2910.9,-1266.3200000000002
2026-06-20 15:00:00,Corporate Cash Management,3422.79,5925.59,-2502.8
2026-06-20 16:00:00,Corporate Cash Management,26529.14,19882.78,6646.360000000001
2026-06-20 17:00:00,Corporate Cash Management,44051.23,50435.53,-6384.299999999996
2026-06-20 18:00:00,Corporate Cash Management,54726.97,79369.74,-24642.770000000004
2026-06-20 19:00:00,Corporate Cash Management,16998.59,32667.46,-15668.869999999999
2026-06-20 20:00:00,Corporate Cash Management,3417.73,3513.64,-95.90999999999985
2026-06-20 21:00:00,Corporate Cash Management,2631.6,1481.23,1150.37
2026-06-20 22:00:00,Corporate Cash Management,2780.43,1671.71,1108.7199999999998
2026-06-20 23:00:00,Corporate Cash Management,2554.45,2004.9,549.5499999999997
2026-06-21 00:00:00,Corporate Cash Management,1287.55,1583.07,-295.52
2026-06-21 01:00:00,Corporate Cash Management,1333.0,2015.45,-682.45
2026-06-21 02:00:00,Corporate Cash Management,3050.09,2931.05,119.03999999999996
2026-06-21 03:00:00,Corporate Cash Management,1745.42,1266.53,478.8900000000001
2026-06-21 04:00:00,Corporate Cash Management,1319.01,1610.21,-291.20000000000005
2026-06-21 05:00:00,Corporate Cash Management,2437.9,1272.57,1165.3300000000002
2026-06-21 06:00:00,Corporate Cash Management,1891.6,1460.3,431.29999999999995
2026-06-21 07:00:00,Corporate Cash Management,2144.6,1672.16,472.4399999999998
2026-06-21 08:00:00,Corporate Cash Management,1063.01,1500.78,-437.77
2026-06-21 09:00:00,Corporate Cash Management,1714.31,2049.88,-335.57000000000016
2026-06-21 10:00:00,Corporate Cash Management,2357.91,1869.23,488.67999999999984
2026-06-21 11:00:00,Corporate Cash Management,1584.84,1939.72,-354.8800000000001
2026-06-21 12:00:00,Corporate Cash Management,2532.83,1667.16,865.6699999999998
2026-06-21 13:00:00,Corporate Cash Management,1340.07,1708.25,-368.18000000000006
2026-06-21 14:00:00,Corporate Cash Management,1940.24,1769.14,171.0999999999999
2026-06-21 15:00:00,Corporate Cash Management,6915.89,4168.84,2747.05
2026-06-21 16:00:00,Corporate Cash Management,16490.8,23629.12,-7138.32
2026-06-21 17:00:00,Corporate Cash Management,60547.8,33848.72,26699.08
2026-06-21 18:00:00,Corporate Cash Management,65486.15,58836.32,6649.830000000002
2026-06-21 19:00:00,Corporate Cash Management,22496.7,17125.1,5371.600000000002
2026-06-21 20:00:00,Corporate Cash Management,4306.3,4075.88,230.42000000000007
2026-06-21 21:00:00,Corporate Cash Management,1603.0,1307.06,295.94000000000005
2026-06-21 22:00:00,Corporate Cash Management,1956.29,1647.82,308.47
2026-06-21 23:00:00,Corporate Cash Management,1812.89,1929.51,-116.61999999999989
2026-06-22 00:00:00,Corporate Cash Management,64944.03,100895.04,-35951.009999999995
2026-06-22 01:00:00,Corporate Cash Management,122432.68,66901.86,55530.81999999999
2026-06-22 02:00:00,Corporate Cash Management,74075.65,99685.41,-25609.76000000001
2026-06-22 03:00:00,Corporate Cash Management,65367.2,119671.88,-54304.68000000001
2026-06-22 04:00:00,Corporate Cash Management,80132.3,79550.11,582.1900000000023
2026-06-22 05:00:00,Corporate Cash Management,74397.3,90020.55,-15623.25
2026-06-22 06:00:00,Corporate Cash Management,87185.61,53660.28,33525.33
2026-06-22 07:00:00,Corporate Cash Management,68168.78,71919.77,-3750.9900000000052
2026-06-22 08:00:00,Corporate Cash Management,104020.95,96297.25,7723.699999999997
2026-06-22 09:00:00,Corporate Cash Management,131349.56,114282.85,17066.709999999992
2026-06-22 10:00:00,Corporate Cash Management,95494.22,77477.71,18016.509999999995
2026-06-22 11:00:00,Corporate Cash Management,64814.42,175415.28,-110600.86
2026-06-22 12:00:00,Corporate Cash Management,74017.65,97347.89,-23330.240000000005
2026-06-22 13:00:00,Corporate Cash Management,98420.99,65549.47,32871.520000000004
2026-06-22 14:00:00,Corporate Cash Management,61022.44,133217.86,-72195.41999999998
2026-06-22 15:00:00,Corporate Cash Management,168412.96,162160.89,6252.069999999978
2026-06-22 16:00:00,Corporate Cash Management,728264.64,1155002.04,-426737.4
2026-06-22 17:00:00,Corporate Cash Management,2911559.47,2170009.26,741550.2100000004
2026-06-22 18:00:00,Corporate Cash Management,4856783.28,1949714.77,2907068.5100000002
2026-06-22 19:00:00,Corporate Cash Management,802148.29,1353282.88,-551134.5899999999
2026-06-22 20:00:00,Corporate Cash Management,281096.22,207863.27,73232.94999999998
2026-06-22 21:00:00,Corporate Cash Management,86661.6,148652.03,-61990.42999999999
2026-06-22 22:00:00,Corporate Cash Management,66946.31,69871.71,-2925.4000000000087
2026-06-22 23:00:00,Corporate Cash Management,137502.31,60941.14,76561.17
2026-06-23 00:00:00,Corporate Cash Management,159582.43,79829.52,79752.90999999999
2026-06-23 01:00:00,Corporate Cash Management,103086.16,185385.39,-82299.23000000001
2026-06-23 02:00:00,Corporate Cash Management,101822.1,110862.26,-9040.159999999989
2026-06-23 03:00:00,Corporate Cash Management,94459.12,103366.71,-8907.590000000011
2026-06-23 04:00:00,Corporate Cash Management,89616.36,104224.21,-14607.850000000006
2026-06-23 05:00:00,Corporate Cash Management,101252.68,79726.24,21526.439999999988
2026-06-23 06:00:00,Corporate Cash Management,110126.43,178064.75,-67938.32
2026-06-23 07:00:00,Corporate Cash Management,140954.15,100920.29,40033.86
2026-06-23 08:00:00,Corporate Cash Management,81607.09,98582.01,-16974.92
2026-06-23 09:00:00,Corporate Cash Management,96009.4,115125.8,-19116.40000000001
2026-06-23 10:00:00,Corporate Cash Management,90966.06,65463.9,25502.159999999996
2026-06-23 11:00:00,Corporate Cash Management,120134.87,72238.49,47896.37999999999
2026-06-23 12:00:00,Corporate Cash Management,169461.99,84642.81,84819.18
2026-06-23 13:00:00,Corporate Cash Management,121337.42,115466.03,5871.389999999999
2026-06-23 14:00:00,Corporate Cash Management,121819.57,69803.0,52016.57000000001
2026-06-23 15:00:00,Corporate Cash Management,287603.61,218107.09,69496.51999999999
2026-06-23 16:00:00,Corporate Cash Management,1509292.28,1009830.98,499461.30000000005
2026-06-23 17:00:00,Corporate Cash Management,5172951.13,1846783.08,3326168.05
2026-06-23 18:00:00,Corporate Cash Management,1856114.29,2410438.76,-554324.4699999997
2026-06-23 19:00:00,Corporate Cash Management,1277217.54,5240130.03,-3962912.49
2026-06-23 20:00:00,Corporate Cash Management,120218.65,153087.15,-32868.5
2026-06-23 21:00:00,Corporate Cash Management,126572.9,137417.51,-10844.610000000015
2026-06-23 22:00:00,Corporate Cash Management,106878.6,101307.01,5571.590000000011
2026-06-23 23:00:00,Corporate Cash Management,81117.75,98132.67,-17014.92
2026-06-24 00:00:00,Corporate Cash Management,47707.65,90184.42,-42476.77
2026-06-24 01:00:00,Corporate Cash Management,92665.92,68492.84,24173.08
2026-06-24 02:00:00,Corporate Cash Management,98328.12,76507.25,21820.869999999995
2026-06-24 03:00:00,Corporate Cash Management,91544.26,98521.36,-6977.100000000006
2026-06-24 04:00:00,Corporate Cash Management,79618.18,76469.8,3148.37999999999
2026-06-24 05:00:00,Corporate Cash Management,74321.66,94348.65,-20026.98999999999
2026-06-24 06:00:00,Corporate Cash Management,91803.75,71886.56,19917.190000000002
2026-06-24 07:00:00,Corporate Cash Management,76106.25,100752.51,-24646.259999999995
2026-06-24 08:00:00,Corporate Cash Management,113854.87,102650.48,11204.39
2026-06-24 09:00:00,Corporate Cash Management,91188.05,59912.64,31275.410000000003
2026-06-24 10:00:00,Corporate Cash Management,60426.82,91527.26,-31100.439999999995
2026-06-24 11:00:00,Corporate Cash Management,97200.36,61521.87,35678.49
2026-06-24 12:00:00,Corporate Cash Management,103147.12,56517.96,46629.159999999996
2026-06-24 13:00:00,Corporate Cash Management,139551.13,77685.7,61865.43000000001
2026-06-24 14:00:00,Corporate Cash Management,125840.44,194303.15,-68462.70999999999
2026-06-24 15:00:00,Corporate Cash Management,183083.42,269258.47,-86175.04999999996
2026-06-24 16:00:00,Corporate Cash Management,1570260.91,1506849.98,63410.929999999935
2026-06-24 17:00:00,Corporate Cash Management,2000352.63,3187209.71,-1186857.08
2026-06-24 18:00:00,Corporate Cash Management,2848729.94,2881763.83,-33033.89000000013
2026-06-24 19:00:00,Corporate Cash Management,1327506.28,1330883.83,-3377.5500000000466
2026-06-24 20:00:00,Corporate Cash Management,330064.62,189034.95,141029.66999999998
2026-06-24 21:00:00,Corporate Cash Management,160005.03,108616.01,51389.020000000004
2026-06-24 22:00:00,Corporate Cash Management,128074.88,120955.02,7119.860000000001
2026-06-24 23:00:00,Corporate Cash Management,89878.15,107197.63,-17319.48000000001
2026-06-25 00:00:00,Corporate Cash Management,107502.86,122793.57,-15290.710000000006
2026-06-25 01:00:00,Corporate Cash Management,98366.52,94203.72,4162.800000000003
2026-06-25 02:00:00,Corporate Cash Management,77885.58,137390.86,-59505.279999999984
2026-06-25 03:00:00,Corporate Cash Management,90350.2,85434.65,4915.550000000003
2026-06-25 04:00:00,Corporate Cash Management,145773.58,152815.72,-7042.140000000014
2026-06-25 05:00:00,Corporate Cash Management,109304.75,103877.42,5427.330000000002
2026-06-25 06:00:00,Corporate Cash Management,155623.77,81762.86,73860.90999999999
2026-06-25 07:00:00,Corporate Cash Management,70949.96,67022.42,3927.540000000008
2026-06-25 08:00:00,Corporate Cash Management,84538.76,73538.71,11000.049999999988
2026-06-25 09:00:00,Corporate Cash Management,103173.71,70807.81,32365.90000000001
2026-06-25 10:00:00,Corporate Cash Management,111965.3,88025.79,23939.51000000001
2026-06-25 11:00:00,Corporate Cash Management,90324.03,65452.2,24871.83
2026-06-25 12:00:00,Corporate Cash Management,113605.7,124338.57,-10732.87000000001
2026-06-25 13:00:00,Corporate Cash Management,113542.09,92649.63,20892.459999999992
2026-06-25 14:00:00,Corporate Cash Management,70527.26,98270.87,-27743.61
2026-06-25 15:00:00,Corporate Cash Management,276711.37,165749.57,110961.79999999999
2026-06-25 16:00:00,Corporate Cash Management,1437781.46,877863.58,559917.88
2026-06-25 17:00:00,Corporate Cash Management,3046124.99,1571373.16,1474751.8300000003
2026-06-25 18:00:00,Corporate Cash Management,1785754.82,4102075.17,-2316320.3499999996
2026-06-25 19:00:00,Corporate Cash Management,1025905.98,746444.65,279461.32999999996
2026-06-25 20:00:00,Corporate Cash Management,255724.23,158594.22,97130.01000000001
2026-06-25 21:00:00,Corporate Cash Management,80363.0,137480.7,-57117.70000000001
2026-06-25 22:00:00,Corporate Cash Management,117156.55,99289.07,17867.479999999996
2026-06-25 23:00:00,Corporate Cash Management,111609.49,92758.83,18850.660000000003
2026-06-26 00:00:00,Corporate Cash Management,96179.97,97991.11,-1811.1399999999994
2026-06-26 01:00:00,Corporate Cash Management,93406.37,114238.09,-20831.72
2026-06-26 02:00:00,Corporate Cash Management,97594.49,92275.48,5319.010000000009
2026-06-26 03:00:00,Corporate Cash Management,92905.66,61186.46,31719.200000000004
2026-06-26 04:00:00,Corporate Cash Management,67439.28,108105.45,-40666.17
2026-06-26 05:00:00,Corporate Cash Management,83518.88,100022.55,-16503.67
2026-06-26 06:00:00,Corporate Cash Management,94700.42,120626.38,-25925.960000000006
2026-06-26 07:00:00,Corporate Cash Management,132588.48,65860.24,66728.24
2026-06-26 08:00:00,Corporate Cash Management,596282.23,74998.96,521283.26999999996
2026-06-26 09:00:00,Corporate Cash Management,134380.99,99268.86,35112.12999999999
2026-06-26 10:00:00,Corporate Cash Management,65454.86,71071.17,-5616.309999999998
2026-06-26 11:00:00,Corporate Cash Management,85076.87,49978.81,35098.06
2026-06-26 12:00:00,Corporate Cash Management,156189.97,94552.13,61637.84
2026-06-26 13:00:00,Corporate Cash Management,77338.51,112718.8,-35380.29000000001
2026-06-26 14:00:00,Corporate Cash Management,82454.62,93499.61,-11044.990000000005
2026-06-26 15:00:00,Corporate Cash Management,214149.83,254387.46,-40237.630000000005
2026-06-26 16:00:00,Corporate Cash Management,1820867.64,1176845.12,644022.5199999998
2026-06-26 17:00:00,Corporate Cash Management,2391571.01,2744682.88,-353111.8700000001
2026-06-26 18:00:00,Corporate Cash Management,3251780.34,2832139.66,419640.6799999997
2026-06-26 19:00:00,Corporate Cash Management,1212632.59,1490750.8,-278118.20999999996
2026-06-26 20:00:00,Corporate Cash Management,141527.27,174297.24,-32769.97
2026-06-26 21:00:00,Corporate Cash Management,99390.91,117149.56,-17758.649999999994
2026-06-26 22:00:00,Corporate Cash Management,81101.61,67082.61,14019.0
2026-06-26 23:00:00,Corporate Cash Management,110178.47,73782.65,36395.82000000001
2026-06-27 00:00:00,Corporate Cash Management,2872.96,2427.27,445.69000000000005
2026-06-27 01:00:00,Corporate Cash Management,1706.49,1330.2,376.28999999999996
2026-06-27 02:00:00,Corporate Cash Management,1706.47,1694.5,11.970000000000027
2026-06-27 03:00:00,Corporate Cash Management,3490.46,3248.27,242.19000000000005
2026-06-27 04:00:00,Corporate Cash Management,1556.89,2326.06,-769.1699999999998
2026-06-27 05:00:00,Corporate Cash Management,1329.53,1497.05,-167.51999999999998
2026-06-27 06:00:00,Corporate Cash Management,2624.71,1562.57,1062.14
2026-06-27 07:00:00,Corporate Cash Management,1836.6,1725.05,111.54999999999995
2026-06-27 08:00:00,Corporate Cash Management,1996.52,2498.71,-502.19000000000005
2026-06-27 09:00:00,Corporate Cash Management,3249.34,1401.26,1848.0800000000002
2026-06-27 10:00:00,Corporate Cash Management,1309.74,1380.22,-70.48000000000002
2026-06-27 11:00:00,Corporate Cash Management,1771.29,2151.41,-380.1199999999999
2026-06-27 12:00:00,Corporate Cash Management,1365.5,1182.36,183.1400000000001
2026-06-27 13:00:00,Corporate Cash Management,2025.28,1435.27,590.01
2026-06-27 14:00:00,Corporate Cash Management,1737.95,1890.6,-152.64999999999986
2026-06-27 15:00:00,Corporate Cash Management,3419.03,4398.87,-979.8399999999997
2026-06-27 16:00:00,Corporate Cash Management,26405.88,15128.38,11277.500000000002
2026-06-27 17:00:00,Corporate Cash Management,56721.09,59812.17,-3091.0800000000017
2026-06-27 18:00:00,Corporate Cash Management,41374.13,62879.19,-21505.060000000005
2026-06-27 19:00:00,Corporate Cash Management,16328.74,18031.23,-1702.4899999999998
2026-06-27 20:00:00,Corporate Cash Management,4828.54,6719.35,-1890.8100000000004
2026-06-27 21:00:00,Corporate Cash Management,1314.25,2102.38,-788.1300000000001
2026-06-27 22:00:00,Corporate Cash Management,1971.48,1402.01,569.47
2026-06-27 23:00:00,Corporate Cash Management,2599.9,2699.3,-99.40000000000009
2026-06-28 00:00:00,Corporate Cash Management,2197.55,1579.26,618.2900000000002
2026-06-28 01:00:00,Corporate Cash Management,1591.61,1882.32,-290.71000000000004
2026-06-28 02:00:00,Corporate Cash Management,1992.04,1593.75,398.28999999999996
2026-06-28 03:00:00,Corporate Cash Management,1360.27,2103.97,-743.6999999999998
2026-06-28 04:00:00,Corporate Cash Management,1924.46,1595.85,328.6100000000001
2026-06-28 05:00:00,Corporate Cash Management,1714.06,1620.24,93.81999999999994
2026-06-28 06:00:00,Corporate Cash Management,1434.39,1729.43,-295.03999999999996
2026-06-28 07:00:00,Corporate Cash Management,2173.86,1587.72,586.1400000000001
2026-06-28 08:00:00,Corporate Cash Management,1134.52,2353.12,-1218.6
2026-06-28 09:00:00,Corporate Cash Management,1382.82,1314.34,68.48000000000002
2026-06-28 10:00:00,Corporate Cash Management,1425.01,1783.36,-358.3499999999999
2026-06-28 11:00:00,Corporate Cash Management,1639.47,1840.71,-201.24
2026-06-28 12:00:00,Corporate Cash Management,2573.89,1744.8,829.0899999999999
2026-06-28 13:00:00,Corporate Cash Management,2248.98,2296.06,-47.07999999999993
2026-06-28 14:00:00,Corporate Cash Management,2048.86,1326.02,722.8400000000001
2026-06-28 15:00:00,Corporate Cash Management,4651.23,5112.97,-461.7400000000007
2026-06-28 16:00:00,Corporate Cash Management,21923.92,15587.82,6336.0999999999985
2026-06-28 17:00:00,Corporate Cash Management,79719.96,48210.64,31509.320000000007
2026-06-28 18:00:00,Corporate Cash Management,35932.48,39089.4,-3156.9199999999983
2026-06-28 19:00:00,Corporate Cash Management,26666.47,19583.84,7082.630000000001
2026-06-28 20:00:00,Corporate Cash Management,4037.17,3839.14,198.0300000000002
2026-06-28 21:00:00,Corporate Cash Management,2263.03,2908.78,-645.75
2026-06-28 22:00:00,Corporate Cash Management,2114.58,1914.51,200.06999999999994
2026-06-28 23:00:00,Corporate Cash Management,2234.23,2009.21,225.01999999999998
2026-06-29 00:00:00,Corporate Cash Management,138173.67,68233.37,69940.30000000002
2026-06-29 01:00:00,Corporate Cash Management,66012.27,108291.75,-42279.479999999996
2026-06-29 02:00:00,Corporate Cash Management,119577.02,135553.47,-15976.449999999997
2026-06-29 03:00:00,Corporate Cash Management,91527.16,111864.35,-20337.190000000002
2026-06-29 04:00:00,Corporate Cash Management,82879.31,64832.47,18046.839999999997
2026-06-29 05:00:00,Corporate Cash Management,154630.75,80139.93,74490.82
2026-06-29 06:00:00,Corporate Cash Management,110838.85,92474.43,18364.420000000013
2026-06-29 07:00:00,Corporate Cash Management,83788.72,77907.24,5881.479999999996
2026-06-29 08:00:00,Corporate Cash Management,118146.76,169534.66,-51387.90000000001
2026-06-29 09:00:00,Corporate Cash Management,91935.28,79777.42,12157.86
2026-06-29 10:00:00,Corporate Cash Management,83460.9,89029.86,-5568.960000000006
2026-06-29 11:00:00,Corporate Cash Management,79924.12,77459.3,2464.8199999999924
2026-06-29 12:00:00,Corporate Cash Management,100358.55,95367.67,4990.880000000005
2026-06-29 13:00:00,Corporate Cash Management,79875.26,127323.59,-47448.33
2026-06-29 14:00:00,Corporate Cash Management,103734.76,99375.35,4359.409999999989
2026-06-29 15:00:00,Corporate Cash Management,286107.77,209992.42,76115.35
2026-06-29 16:00:00,Corporate Cash Management,1130220.74,813440.69,316780.05000000005
2026-06-29 17:00:00,Corporate Cash Management,4636486.17,3703398.06,933088.1099999999
2026-06-29 18:00:00,Corporate Cash Management,2838095.08,2640895.9,197199.18000000017
2026-06-29 19:00:00,Corporate Cash Management,1540404.16,1015439.26,524964.8999999999
2026-06-29 20:00:00,Corporate Cash Management,292565.46,123604.94,168960.52000000002
2026-06-29 21:00:00,Corporate Cash Management,146102.05,93539.71,52562.33999999998
2026-06-29 22:00:00,Corporate Cash Management,152468.82,81521.6,70947.22
2026-06-29 23:00:00,Corporate Cash Management,59875.91,57015.18,2860.730000000003
2026-06-30 00:00:00,Corporate Cash Management,99374.01,115262.55,-15888.540000000008
2026-06-30 01:00:00,Corporate Cash Management,90435.09,78728.02,11707.069999999992
2026-06-30 02:00:00,Corporate Cash Management,95627.24,144561.05,-48933.80999999998
2026-06-30 03:00:00,Corporate Cash Management,84204.6,128178.02,-43973.42
2026-06-30 04:00:00,Corporate Cash Management,81185.39,75176.13,6009.259999999995
2026-06-30 05:00:00,Corporate Cash Management,70647.49,126740.04,-56092.54999999999
2026-06-30 06:00:00,Corporate Cash Management,95291.95,134618.55,-39326.59999999999
2026-06-30 07:00:00,Corporate Cash Management,117460.65,78261.11,39199.53999999999
2026-06-30 08:00:00,Corporate Cash Management,82201.67,69522.1,12679.569999999992
2026-06-30 09:00:00,Corporate Cash Management,85667.42,52508.29,33159.13
2026-06-30 10:00:00,Corporate Cash Management,78107.13,98980.22,-20873.089999999997
2026-06-30 11:00:00,Corporate Cash Management,72530.84,70561.05,1969.7899999999936
2026-06-30 12:00:00,Corporate Cash Management,87669.37,99727.54,-12058.169999999998
2026-06-30 13:00:00,Corporate Cash Management,101467.47,78193.11,23274.36
2026-06-30 14:00:00,Corporate Cash Management,136635.47,79460.28,57175.19
2026-06-30 15:00:00,Corporate Cash Management,170134.42,192761.17,-22626.75
2026-06-30 16:00:00,Corporate Cash Management,1091102.9,768773.51,322329.3899999999
2026-06-30 17:00:00,Corporate Cash Management,3797586.31,2378698.24,1418888.0699999998
2026-06-30 18:00:00,Corporate Cash Management,2106698.51,2277067.73,-170369.2200000002
2026-06-30 19:00:00,Corporate Cash Management,1509139.0,1060198.81,448940.18999999994
2026-06-30 20:00:00,Corporate Cash Management,205382.92,227668.2,-22285.28
2026-06-30 21:00:00,Corporate Cash Management,119201.42,73876.62,45324.8
2026-06-30 22:00:00,Corporate Cash Management,88183.29,118669.89,-30486.600000000006
2026-06-30 23:00:00,Corporate Cash Management,104302.53,86481.15,17821.380000000005
2026-04-01 00:00:00,FIC Trading,168619.8,192110.16,-23490.360000000015
2026-04-01 01:00:00,FIC Trading,130212.76,186948.08,-56735.31999999999
2026-04-01 02:00:00,FIC Trading,211580.49,394062.09,-182481.60000000003
2026-04-01 03:00:00,FIC Trading,237335.34,469363.54,-232028.19999999998
2026-04-01 04:00:00,FIC Trading,267414.23,254436.64,12977.589999999967
2026-04-01 05:00:00,FIC Trading,179923.42,276135.72,-96212.29999999996
2026-04-01 06:00:00,FIC Trading,911977.74,601696.4,310281.33999999997
2026-04-01 07:00:00,FIC Trading,1782512.39,2446327.15,-663814.76
2026-04-01 08:00:00,FIC Trading,6751895.81,4615898.29,2135997.5199999996
2026-04-01 09:00:00,FIC Trading,10065743.81,7194169.54,2871574.2700000005
2026-04-01 10:00:00,FIC Trading,4777048.48,6502588.7,-1725540.2199999997
2026-04-01 11:00:00,FIC Trading,1860189.51,2319782.12,-459592.6100000001
2026-04-01 12:00:00,FIC Trading,3054173.99,1707779.1,1346394.8900000001
2026-04-01 13:00:00,FIC Trading,4754078.93,3366556.46,1387522.4699999997
2026-04-01 14:00:00,FIC Trading,6840501.51,5952550.41,887951.0999999996
2026-04-01 15:00:00,FIC Trading,13472506.32,7080363.55,6392142.7700000005
2026-04-01 16:00:00,FIC Trading,6854883.69,8901605.95,-2046722.2599999988
2026-04-01 17:00:00,FIC Trading,3448647.94,2335734.51,1112913.4300000002
2026-04-01 18:00:00,FIC Trading,2714923.69,6574470.46,-3859546.77
2026-04-01 19:00:00,FIC Trading,5251489.89,5529099.66,-277609.7700000005
2026-04-01 20:00:00,FIC Trading,8521081.29,7763477.77,757603.5199999996
2026-04-01 21:00:00,FIC Trading,8511703.6,6505140.13,2006563.4699999997
2026-04-01 22:00:00,FIC Trading,2822617.1,2112675.04,709942.06
2026-04-01 23:00:00,FIC Trading,1648989.15,763901.67,885087.4799999999
2026-04-02 00:00:00,FIC Trading,217093.21,167225.75,49867.45999999999
2026-04-02 01:00:00,FIC Trading,177996.16,220118.34,-42122.17999999999
2026-04-02 02:00:00,FIC Trading,148135.39,306548.43,-158413.03999999998
2026-04-02 03:00:00,FIC Trading,196143.64,195787.98,355.6600000000035
2026-04-02 04:00:00,FIC Trading,152860.62,302369.72,-149509.09999999998
2026-04-02 05:00:00,FIC Trading,597515.52,132422.37,465093.15
2026-04-02 06:00:00,FIC Trading,843983.82,648556.33,195427.49
2026-04-02 07:00:00,FIC Trading,2305260.21,3678388.12,-1373127.9100000001
2026-04-02 08:00:00,FIC Trading,9968866.81,5271126.82,4697739.99
2026-04-02 09:00:00,FIC Trading,4600293.52,5567973.83,-967680.3100000005
2026-04-02 10:00:00,FIC Trading,5229162.18,4471275.63,757886.5499999998
2026-04-02 11:00:00,FIC Trading,5248282.19,926375.98,4321906.210000001
2026-04-02 12:00:00,FIC Trading,1691841.76,1280715.48,411126.28
2026-04-02 13:00:00,FIC Trading,8247157.22,5200911.76,3046245.46
2026-04-02 14:00:00,FIC Trading,8538890.03,5425206.71,3113683.3199999994
2026-04-02 15:00:00,FIC Trading,12727632.16,7023358.24,5704273.92
2026-04-02 16:00:00,FIC Trading,10623121.84,3014182.44,7608939.4
2026-04-02 17:00:00,FIC Trading,4287572.13,2452948.55,1834623.58
2026-04-02 18:00:00,FIC Trading,3249449.14,5747202.98,-2497753.8400000003
2026-04-02 19:00:00,FIC Trading,5237464.0,6544615.22,-1307151.2199999997
2026-04-02 20:00:00,FIC Trading,4604410.74,3982144.87,622265.8700000001
2026-04-02 21:00:00,FIC Trading,5113782.66,4047563.49,1066219.17
2026-04-02 22:00:00,FIC Trading,2795172.47,2679326.14,115846.33000000007
2026-04-02 23:00:00,FIC Trading,1947995.68,692161.89,1255833.79
2026-04-03 00:00:00,FIC Trading,288002.05,119007.74,168994.31
2026-04-03 01:00:00,FIC Trading,534984.32,226992.16,307992.1599999999
2026-04-03 02:00:00,FIC Trading,109891.76,293262.2,-183370.44
2026-04-03 03:00:00,FIC Trading,152943.1,295449.86,-142506.75999999998
2026-04-03 04:00:00,FIC Trading,210436.88,332024.09,-121587.21000000002
2026-04-03 05:00:00,FIC Trading,498610.01,176095.06,322514.95
2026-04-03 06:00:00,FIC Trading,696471.97,757454.18,-60982.21000000008
2026-04-03 07:00:00,FIC Trading,1426065.66,2225582.3,-799516.6399999999
2026-04-03 08:00:00,FIC Trading,5007680.07,5427924.69,-420244.6200000001
2026-04-03 09:00:00,FIC Trading,4771946.52,6910955.63,-2139009.1100000003
2026-04-03 10:00:00,FIC Trading,3368548.85,4465637.62,-1097088.77
2026-04-03 11:00:00,FIC Trading,5246728.45,929699.5,4317028.95
2026-04-03 12:00:00,FIC Trading,1573289.75,2740635.24,-1167345.4900000002
2026-04-03 13:00:00,FIC Trading,3721352.74,4032135.06,-310782.31999999983
2026-04-03 14:00:00,FIC Trading,6278522.05,3956918.41,2321603.6399999997
2026-04-03 15:00:00,FIC Trading,7379293.14,9751567.98,-2372274.840000001
2026-04-03 16:00:00,FIC Trading,4960905.98,5829354.13,-868448.1499999994
2026-04-03 17:00:00,FIC Trading,3843708.53,3748829.69,94878.83999999985
2026-04-03 18:00:00,FIC Trading,4337907.05,2895769.78,1442137.27
2026-04-03 19:00:00,FIC Trading,8959943.15,6363097.87,2596845.2800000003
2026-04-03 20:00:00,FIC Trading,9061580.47,4739757.61,4321822.86
2026-04-03 21:00:00,FIC Trading,3415599.31,3438114.77,-22515.459999999963
2026-04-03 22:00:00,FIC Trading,3956747.2,4022430.52,-65683.31999999983
2026-04-03 23:00:00,FIC Trading,1273758.58,988171.32,285587.2600000001
2026-04-04 00:00:00,FIC Trading,28206.4,34188.82,-5982.419999999998
2026-04-04 01:00:00,FIC Trading,37409.9,45873.22,-8463.32
2026-04-04 02:00:00,FIC Trading,42884.77,28499.28,14385.489999999998
2026-04-04 03:00:00,FIC Trading,35708.18,30580.9,5127.279999999999
2026-04-04 04:00:00,FIC Trading,42288.78,40802.97,1485.8099999999977
2026-04-04 05:00:00,FIC Trading,32795.73,26527.1,6268.630000000005
2026-04-04 06:00:00,FIC Trading,218055.76,120296.8,97758.96
2026-04-04 07:00:00,FIC Trading,182006.86,281494.48,-99487.62
2026-04-04 08:00:00,FIC Trading,1001896.04,1132445.59,-130549.55000000005
2026-04-04 09:00:00,FIC Trading,1237583.78,1351808.97,-114225.18999999994
2026-04-04 10:00:00,FIC Trading,1030620.73,975837.51,54783.21999999997
2026-04-04 11:00:00,FIC Trading,305124.74,228499.17,76625.56999999998
2026-04-04 12:00:00,FIC Trading,401852.93,264012.51,137840.41999999998
2026-04-04 13:00:00,FIC Trading,505893.31,356877.1,149016.21000000002
2026-04-04 14:00:00,FIC Trading,642347.48,985057.38,-342709.9
2026-04-04 15:00:00,FIC Trading,823985.54,551211.96,272773.5800000001
2026-04-04 16:00:00,FIC Trading,1043255.94,596337.57,446918.37
2026-04-04 17:00:00,FIC Trading,367606.3,987208.32,-619602.02
2026-04-04 18:00:00,FIC Trading,1085908.19,646775.98,439132.20999999996
2026-04-04 19:00:00,FIC Trading,1180861.18,698817.36,482043.81999999995
2026-04-04 20:00:00,FIC Trading,1849132.49,684370.46,1164762.03
2026-04-04 21:00:00,FIC Trading,1433909.49,517993.06,915916.4299999999
2026-04-04 22:00:00,FIC Trading,371260.49,435487.22,-64226.72999999998
2026-04-04 23:00:00,FIC Trading,119335.48,139920.34,-20584.86
2026-04-05 00:00:00,FIC Trading,13749.2,61858.25,-48109.05
2026-04-05 01:00:00,FIC Trading,30447.97,33745.66,-3297.6900000000023
2026-04-05 02:00:00,FIC Trading,65117.6,36748.09,28369.510000000002
2026-04-05 03:00:00,FIC Trading,26289.34,22159.2,4130.139999999999
2026-04-05 04:00:00,FIC Trading,33213.76,32314.3,899.4600000000028
2026-04-05 05:00:00,FIC Trading,36533.57,48404.66,-11871.090000000004
2026-04-05 06:00:00,FIC Trading,123780.26,97719.62,26060.64
2026-04-05 07:00:00,FIC Trading,560833.29,309402.15,251431.14
2026-04-05 08:00:00,FIC Trading,477554.3,941183.17,-463628.87000000005
2026-04-05 09:00:00,FIC Trading,5957760.45,1897049.26,4060711.1900000004
2026-04-05 10:00:00,FIC Trading,1384650.96,887974.87,496676.08999999997
2026-04-05 11:00:00,FIC Trading,505336.07,598504.05,-93167.98000000004
2026-04-05 12:00:00,FIC Trading,243735.6,340272.14,-96536.54000000001
2026-04-05 13:00:00,FIC Trading,954891.77,787574.87,167316.90000000002
2026-04-05 14:00:00,FIC Trading,603378.39,806093.94,-202715.54999999993
2026-04-05 15:00:00,FIC Trading,1674485.68,1152907.95,521577.73
2026-04-05 16:00:00,FIC Trading,975130.88,952535.56,22595.31999999995
2026-04-05 17:00:00,FIC Trading,794795.95,788329.65,6466.29999999993
2026-04-05 18:00:00,FIC Trading,2161271.94,750077.0,1411194.94
2026-04-05 19:00:00,FIC Trading,746675.47,826330.36,-79654.89000000001
2026-04-05 20:00:00,FIC Trading,1262633.91,1278454.04,-15820.130000000121
2026-04-05 21:00:00,FIC Trading,767774.53,621592.48,146182.05000000005
2026-04-05 22:00:00,FIC Trading,651596.46,553517.34,98079.12
2026-04-05 23:00:00,FIC Trading,248100.97,225175.0,22925.97
2026-04-06 00:00:00,FIC Trading,167305.9,304223.51,-136917.61000000002
2026-04-06 01:00:00,FIC Trading,312223.33,251539.12,60684.21000000002
2026-04-06 02:00:00,FIC Trading,165323.53,308066.99,-142743.46
2026-04-06 03:00:00,FIC Trading,238635.35,924629.98,-685994.63
2026-04-06 04:00:00,FIC Trading,299825.77,261988.66,37837.110000000015
2026-04-06 05:00:00,FIC Trading,220765.75,336954.42,-116188.66999999998
2026-04-06 06:00:00,FIC Trading,953179.98,466084.48,487095.5
2026-04-06 07:00:00,FIC Trading,1997275.99,2886604.95,-889328.9600000002
2026-04-06 08:00:00,FIC Trading,4452751.26,3614659.12,838092.1399999997
2026-04-06 09:00:00,FIC Trading,9292815.11,6407441.77,2885373.34
2026-04-06 10:00:00,FIC Trading,4094565.2,5705811.45,-1611246.25
2026-04-06 11:00:00,FIC Trading,1910992.19,2070054.77,-159062.58000000007
2026-04-06 12:00:00,FIC Trading,2561611.44,1878443.47,683167.97
2026-04-06 13:00:00,FIC Trading,3638162.49,3676989.75,-38827.25999999978
2026-04-06 14:00:00,FIC Trading,3899028.85,4992333.3,-1093304.4499999997
2026-04-06 15:00:00,FIC Trading,10871838.31,10080703.71,791134.5999999996
2026-04-06 16:00:00,FIC Trading,5774832.85,5217446.56,557386.29
2026-04-06 17:00:00,FIC Trading,2622439.8,9668518.09,-7046078.29
2026-04-06 18:00:00,FIC Trading,1602875.68,3646903.67,-2044027.99
2026-04-06 19:00:00,FIC Trading,7481524.09,3499558.19,3981965.9
2026-04-06 20:00:00,FIC Trading,4813717.98,4443332.38,370385.60000000056
2026-04-06 21:00:00,FIC Trading,3386106.43,7541858.16,-4155751.73
2026-04-06 22:00:00,FIC Trading,3501624.2,2345673.5,1155950.7000000002
2026-04-06 23:00:00,FIC Trading,1429887.54,652719.35,777168.1900000001
2026-04-07 00:00:00,FIC Trading,177653.51,323577.41,-145923.89999999997
2026-04-07 01:00:00,FIC Trading,322062.47,1109846.43,-787783.96
2026-04-07 02:00:00,FIC Trading,480366.24,301675.2,178691.03999999998
2026-04-07 03:00:00,FIC Trading,375164.05,333218.08,41945.96999999997
2026-04-07 04:00:00,FIC Trading,361559.5,269060.61,92498.89000000001
2026-04-07 05:00:00,FIC Trading,330100.25,701581.16,-371480.91000000003
2026-04-07 06:00:00,FIC Trading,2879761.02,405871.87,2473889.15
2026-04-07 07:00:00,FIC Trading,2337538.94,1836192.33,501346.60999999987
2026-04-07 08:00:00,FIC Trading,29502682.56,5116658.59,24386023.97
2026-04-07 09:00:00,FIC Trading,4672921.68,16422333.9,-11749412.22
2026-04-07 10:00:00,FIC Trading,4191117.46,10557850.81,-6366733.350000001
2026-04-07 11:00:00,FIC Trading,1581387.21,4197019.38,-2615632.17
2026-04-07 12:00:00,FIC Trading,1931983.57,1382102.92,549880.6500000001
2026-04-07 13:00:00,FIC Trading,3605832.28,2833943.8,771888.48
2026-04-07 14:00:00,FIC Trading,5161469.36,4977715.03,183754.33000000007
2026-04-07 15:00:00,FIC Trading,10738936.31,6281649.48,4457286.83
2026-04-07 16:00:00,FIC Trading,4619144.96,11494969.51,-6875824.55
2026-04-07 17:00:00,FIC Trading,3365974.82,3985909.53,-619934.71
2026-04-07 18:00:00,FIC Trading,5065960.92,3644327.06,1421633.8599999999
2026-04-07 19:00:00,FIC Trading,7548335.28,6914530.42,633804.8600000003
2026-04-07 20:00:00,FIC Trading,4923092.58,3503244.21,1419848.37
2026-04-07 21:00:00,FIC Trading,5675969.0,5140968.4,535000.5999999996
2026-04-07 22:00:00,FIC Trading,2131558.48,1843877.22,287681.26
2026-04-07 23:00:00,FIC Trading,1006521.07,949010.02,57511.04999999993
2026-04-08 00:00:00,FIC Trading,246081.85,195467.02,50614.830000000016
2026-04-08 01:00:00,FIC Trading,284703.83,191971.29,92732.54000000001
2026-04-08 02:00:00,FIC Trading,261512.46,259720.94,1791.5199999999895
2026-04-08 03:00:00,FIC Trading,257659.28,259504.43,-1845.1499999999942
2026-04-08 04:00:00,FIC Trading,163380.56,226317.13,-62936.57000000001
2026-04-08 05:00:00,FIC Trading,338779.01,345332.78,-6553.770000000019
2026-04-08 06:00:00,FIC Trading,877654.01,547675.13,329978.88
2026-04-08 07:00:00,FIC Trading,3033708.64,3103503.45,-69794.81000000006
2026-04-08 08:00:00,FIC Trading,4241573.2,5206534.39,-964961.1899999995
2026-04-08 09:00:00,FIC Trading,9997835.85,6283638.86,3714196.9899999993
2026-04-08 10:00:00,FIC Trading,3459827.95,4260571.42,-800743.4699999997
2026-04-08 11:00:00,FIC Trading,2241686.85,2456760.69,-215073.83999999985
2026-04-08 12:00:00,FIC Trading,1615751.6,3512307.81,-1896556.21
2026-04-08 13:00:00,FIC Trading,2251598.86,3513594.72,-1261995.8600000003
2026-04-08 14:00:00,FIC Trading,5858657.48,4456776.43,1401881.0500000007
2026-04-08 15:00:00,FIC Trading,8707804.06,11397780.98,-2689976.92
2026-04-08 16:00:00,FIC Trading,3514156.34,5779331.05,-2265174.71
2026-04-08 17:00:00,FIC Trading,3732278.26,4794165.56,-1061887.2999999998
2026-04-08 18:00:00,FIC Trading,2090533.39,3065512.89,-974979.5000000002
2026-04-08 19:00:00,FIC Trading,11142650.11,8255340.63,2887309.4799999995
2026-04-08 20:00:00,FIC Trading,7006322.83,5099580.76,1906742.0700000003
2026-04-08 21:00:00,FIC Trading,5468840.58,8232302.31,-2763461.7299999995
2026-04-08 22:00:00,FIC Trading,3036366.66,1874860.84,1161505.82
2026-04-08 23:00:00,FIC Trading,1332625.37,949511.22,383114.15000000014
2026-04-09 00:00:00,FIC Trading,329532.61,391755.32,-62222.71000000002
2026-04-09 01:00:00,FIC Trading,135378.89,254550.71,-119171.81999999998
2026-04-09 02:00:00,FIC Trading,370146.34,531480.86,-161334.51999999996
2026-04-09 03:00:00,FIC Trading,362154.21,218579.53,143574.68000000002
2026-04-09 04:00:00,FIC Trading,232836.23,267425.08,-34588.850000000006
2026-04-09 05:00:00,FIC Trading,283693.99,3663017.65,-3379323.66
2026-04-09 06:00:00,FIC Trading,244303.99,436952.4,-192648.41000000003
2026-04-09 07:00:00,FIC Trading,1542280.02,1378180.37,164099.6499999999
2026-04-09 08:00:00,FIC Trading,6542789.13,4236155.97,2306633.16
2026-04-09 09:00:00,FIC Trading,11046678.58,9893836.01,1152842.5700000003
2026-04-09 10:00:00,FIC Trading,7080496.17,3203105.98,3877390.19
2026-04-09 11:00:00,FIC Trading,2538351.16,3294650.09,-756298.9299999997
2026-04-09 12:00:00,FIC Trading,3491346.09,2194374.24,1296971.8499999996
2026-04-09 13:00:00,FIC Trading,4979329.2,7270579.87,-2291250.67
2026-04-09 14:00:00,FIC Trading,5650986.24,9591590.2,-3940603.959999999
2026-04-09 15:00:00,FIC Trading,17295391.01,9386285.13,7909105.880000001
2026-04-09 16:00:00,FIC Trading,4536524.59,10969946.75,-6433422.16
2026-04-09 17:00:00,FIC Trading,2560021.61,5241985.81,-2681964.1999999997
2026-04-09 18:00:00,FIC Trading,3326672.92,3225769.63,100903.29000000004
2026-04-09 19:00:00,FIC Trading,4181698.32,3532400.46,649297.8599999999
2026-04-09 20:00:00,FIC Trading,5724269.89,5137909.51,586360.3799999999
2026-04-09 21:00:00,FIC Trading,6919601.14,4976812.24,1942788.8999999994
2026-04-09 22:00:00,FIC Trading,2766389.6,2877817.19,-111427.58999999985
2026-04-09 23:00:00,FIC Trading,1075370.09,498272.0,577098.0900000001
2026-04-10 00:00:00,FIC Trading,238866.85,222247.76,16619.089999999997
2026-04-10 01:00:00,FIC Trading,104168.25,242412.96,-138244.71
2026-04-10 02:00:00,FIC Trading,137688.67,290700.12,-153011.44999999998
2026-04-10 03:00:00,FIC Trading,204623.62,424422.48,-219798.86
2026-04-10 04:00:00,FIC Trading,177422.09,260825.91,-83403.82
2026-04-10 05:00:00,FIC Trading,272687.26,220615.64,52071.619999999995
2026-04-10 06:00:00,FIC Trading,1183018.5,392827.11,790191.39
2026-04-10 07:00:00,FIC Trading,2322400.7,3109401.93,-787001.23
2026-04-10 08:00:00,FIC Trading,3434967.36,4128456.19,-693488.8300000001
2026-04-10 09:00:00,FIC Trading,5497694.17,10080717.48,-4583023.3100000005
2026-04-10 10:00:00,FIC Trading,9983688.7,9176684.05,807004.6499999985
2026-04-10 11:00:00,FIC Trading,4456607.76,1557226.93,2899380.83
2026-04-10 12:00:00,FIC Trading,2191944.43,2215353.47,-23409.040000000037
2026-04-10 13:00:00,FIC Trading,2027117.16,5647524.53,-3620407.37
2026-04-10 14:00:00,FIC Trading,7221416.03,9503220.43,-2281804.3999999994
2026-04-10 15:00:00,FIC Trading,9216499.55,32069034.71,-22852535.16
2026-04-10 16:00:00,FIC Trading,6717787.21,5056551.24,1661235.9699999997
2026-04-10 17:00:00,FIC Trading,3510139.94,2773252.56,736887.3799999999
2026-04-10 18:00:00,FIC Trading,3395458.16,4551293.83,-1155835.67
2026-04-10 19:00:00,FIC Trading,4359429.96,6093691.15,-1734261.1900000004
2026-04-10 20:00:00,FIC Trading,4356483.48,2439180.42,1917303.0600000005
2026-04-10 21:00:00,FIC Trading,8441180.16,4542712.78,3898467.38
2026-04-10 22:00:00,FIC Trading,3812349.84,3582380.72,229969.11999999965
2026-04-10 23:00:00,FIC Trading,976132.87,1107938.29,-131805.42000000004
2026-04-11 00:00:00,FIC Trading,39704.46,37890.95,1813.510000000002
2026-04-11 01:00:00,FIC Trading,40229.34,31682.72,8546.619999999995
2026-04-11 02:00:00,FIC Trading,79696.49,24851.17,54845.32000000001
2026-04-11 03:00:00,FIC Trading,47670.38,35811.16,11859.219999999994
2026-04-11 04:00:00,FIC Trading,47875.6,37337.09,10538.510000000002
2026-04-11 05:00:00,FIC Trading,44953.32,56429.28,-11475.96
2026-04-11 06:00:00,FIC Trading,93243.21,142074.61,-48831.39999999998
2026-04-11 07:00:00,FIC Trading,580124.44,377912.75,202211.68999999994
2026-04-11 08:00:00,FIC Trading,1028335.58,1231437.33,-203101.75000000012
2026-04-11 09:00:00,FIC Trading,814202.66,979109.18,-164906.52000000002
2026-04-11 10:00:00,FIC Trading,964625.22,509176.93,455448.29
2026-04-11 11:00:00,FIC Trading,524127.73,2664986.7,-2140858.97
2026-04-11 12:00:00,FIC Trading,128166.01,286121.83,-157955.82
2026-04-11 13:00:00,FIC Trading,380422.95,641212.42,-260789.47000000003
2026-04-11 14:00:00,FIC Trading,1104637.29,641009.51,463627.78
2026-04-11 15:00:00,FIC Trading,616325.46,2319822.46,-1703497.0
2026-04-11 16:00:00,FIC Trading,538242.46,1311299.66,-773057.2
2026-04-11 17:00:00,FIC Trading,584720.21,588702.17,-3981.960000000079
2026-04-11 18:00:00,FIC Trading,686794.66,409699.01,277095.65
2026-04-11 19:00:00,FIC Trading,987425.56,1153122.39,-165696.82999999984
2026-04-11 20:00:00,FIC Trading,1697507.39,639662.13,1057845.2599999998
2026-04-11 21:00:00,FIC Trading,807912.73,1670583.78,-862671.05
2026-04-11 22:00:00,FIC Trading,368574.45,327598.64,40975.81
2026-04-11 23:00:00,FIC Trading,102373.53,1461451.29,-1359077.76
2026-04-12 00:00:00,FIC Trading,30679.09,33749.08,-3069.9900000000016
2026-04-12 01:00:00,FIC Trading,44962.85,62600.95,-17638.1
2026-04-12 02:00:00,FIC Trading,45680.39,27836.0,17844.39
2026-04-12 03:00:00,FIC Trading,38533.5,36263.87,2269.6299999999974
2026-04-12 04:00:00,FIC Trading,43290.23,48589.95,-5299.719999999994
2026-04-12 05:00:00,FIC Trading,69343.02,57361.65,11981.370000000003
2026-04-12 06:00:00,FIC Trading,111453.2,163668.66,-52215.46000000001
2026-04-12 07:00:00,FIC Trading,577007.72,309202.57,267805.14999999997
2026-04-12 08:00:00,FIC Trading,634650.97,864717.04,-230066.07000000007
2026-04-12 09:00:00,FIC Trading,1060925.71,1728143.16,-667217.45
2026-04-12 10:00:00,FIC Trading,695474.76,659422.69,36052.070000000065
2026-04-12 11:00:00,FIC Trading,515995.0,1973806.97,-1457811.97
2026-04-12 12:00:00,FIC Trading,187128.89,253529.14,-66400.25
2026-04-12 13:00:00,FIC Trading,469421.51,579108.99,-109687.47999999998
2026-04-12 14:00:00,FIC Trading,507459.98,1027819.49,-520359.51
2026-04-12 15:00:00,FIC Trading,1488267.91,940647.25,547620.6599999999
2026-04-12 16:00:00,FIC Trading,1545081.03,933420.29,611660.74
2026-04-12 17:00:00,FIC Trading,884075.84,685018.33,199057.51
2026-04-12 18:00:00,FIC Trading,768479.99,548330.38,220149.61
2026-04-12 19:00:00,FIC Trading,1097364.81,1371530.51,-274165.69999999995
2026-04-12 20:00:00,FIC Trading,1246343.33,1339489.68,-93146.34999999986
2026-04-12 21:00:00,FIC Trading,973307.58,837937.82,135369.76
2026-04-12 22:00:00,FIC Trading,532557.53,310849.78,221707.75
2026-04-12 23:00:00,FIC Trading,128601.09,118266.02,10335.069999999992
2026-04-13 00:00:00,FIC Trading,218165.38,478890.89,-260725.51
2026-04-13 01:00:00,FIC Trading,239824.27,168541.03,71283.23999999999
2026-04-13 02:00:00,FIC Trading,208062.7,249761.13,-41698.42999999999
2026-04-13 03:00:00,FIC Trading,135344.43,272511.58,-137167.15000000002
2026-04-13 04:00:00,FIC Trading,154671.5,219183.91,-64512.41
2026-04-13 05:00:00,FIC Trading,320519.41,213577.06,106942.34999999998
2026-04-13 06:00:00,FIC Trading,993666.01,563960.13,429705.88
2026-04-13 07:00:00,FIC Trading,2391518.28,2019196.81,372321.46999999974
2026-04-13 08:00:00,FIC Trading,14360106.1,4365626.05,9994480.05
2026-04-13 09:00:00,FIC Trading,5259294.21,11845329.25,-6586035.04
2026-04-13 10:00:00,FIC Trading,6410779.13,5609013.03,801766.0999999996
2026-04-13 11:00:00,FIC Trading,4095692.89,2225546.3,1870146.5900000003
2026-04-13 12:00:00,FIC Trading,2583690.77,1894556.72,689134.05
2026-04-13 13:00:00,FIC Trading,4405074.36,4538443.15,-133368.79000000004
2026-04-13 14:00:00,FIC Trading,9433415.47,5896447.63,3536967.840000001
2026-04-13 15:00:00,FIC Trading,8216048.24,11330808.89,-3114760.6500000004
2026-04-13 16:00:00,FIC Trading,11915360.35,4369119.59,7546240.76
2026-04-13 17:00:00,FIC Trading,6714473.78,6540674.47,173799.31000000052
2026-04-13 18:00:00,FIC Trading,2860738.78,3777501.33,-916762.5500000003
2026-04-13 19:00:00,FIC Trading,6103060.1,5185080.44,917979.6599999992
2026-04-13 20:00:00,FIC Trading,3784399.63,4920298.67,-1135899.04
2026-04-13 21:00:00,FIC Trading,8914262.54,3284018.69,5630243.85
2026-04-13 22:00:00,FIC Trading,3028044.2,1510499.61,1517544.59
2026-04-13 23:00:00,FIC Trading,1729166.04,805523.8,923642.24
2026-04-14 00:00:00,FIC Trading,225212.86,294808.08,-69595.22000000003
2026-04-14 01:00:00,FIC Trading,122196.17,171432.85,-49236.68000000001
2026-04-14 02:00:00,FIC Trading,588993.37,139588.28,449405.08999999997
2026-04-14 03:00:00,FIC Trading,245160.29,174718.52,70441.77000000002
2026-04-14 04:00:00,FIC Trading,167919.32,213616.59,-45697.26999999999
2026-04-14 05:00:00,FIC Trading,441628.04,268766.66,172861.38
2026-04-14 06:00:00,FIC Trading,1475761.82,709517.29,766244.53
2026-04-14 07:00:00,FIC Trading,2220662.1,3509202.44,-1288540.3399999999
2026-04-14 08:00:00,FIC Trading,5270005.77,76479988.68,-71209982.91000001
2026-04-14 09:00:00,FIC Trading,7887110.7,15016406.55,-7129295.850000001
2026-04-14 10:00:00,FIC Trading,3718838.33,3186271.14,532567.19
2026-04-14 11:00:00,FIC Trading,2046807.75,1981340.09,65467.659999999916
2026-04-14 12:00:00,FIC Trading,3319804.74,2330352.12,989452.6200000001
2026-04-14 13:00:00,FIC Trading,3344146.44,15772814.02,-12428667.58
2026-04-14 14:00:00,FIC Trading,4838111.17,8991163.25,-4153052.08
2026-04-14 15:00:00,FIC Trading,6879091.95,8884620.19,-2005528.2399999993
2026-04-14 16:00:00,FIC Trading,9692070.08,11848299.64,-2156229.5600000005
2026-04-14 17:00:00,FIC Trading,2145979.02,6252833.11,-4106854.0900000003
2026-04-14 18:00:00,FIC Trading,4214314.87,5493424.91,-1279110.04
2026-04-14 19:00:00,FIC Trading,12910205.0,4565073.51,8345131.49
2026-04-14 20:00:00,FIC Trading,13240932.74,6060625.13,7180307.61
2026-04-14 21:00:00,FIC Trading,6395837.31,4535687.72,1860149.5899999999
2026-04-14 22:00:00,FIC Trading,4437942.38,9835724.84,-5397782.46
2026-04-14 23:00:00,FIC Trading,1703965.09,1760906.16,-56941.06999999983
2026-04-15 00:00:00,FIC Trading,223916.43,311538.98,-87622.54999999999
2026-04-15 01:00:00,FIC Trading,323435.31,212699.34,110735.97
2026-04-15 02:00:00,FIC Trading,437615.36,378895.89,58719.46999999997
2026-04-15 03:00:00,FIC Trading,150462.59,819586.17,-669123.5800000001
2026-04-15 04:00:00,FIC Trading,291600.42,128448.41,163152.00999999998
2026-04-15 05:00:00,FIC Trading,335615.98,431534.91,-95918.93
2026-04-15 06:00:00,FIC Trading,750310.52,474471.38,275839.14
2026-04-15 07:00:00,FIC Trading,2395951.44,2282919.61,113031.83000000007
2026-04-15 08:00:00,FIC Trading,5917125.6,6014824.5,-97698.90000000037
2026-04-15 09:00:00,FIC Trading,8104050.17,8517683.1,-413632.9299999997
2026-04-15 10:00:00,FIC Trading,8115423.74,7572393.81,543029.9300000006
2026-04-15 11:00:00,FIC Trading,3079585.86,3276025.0,-196439.14000000013
2026-04-15 12:00:00,FIC Trading,1671924.08,2212254.12,-540330.04
2026-04-15 13:00:00,FIC Trading,2610420.26,2723822.83,-113402.5700000003
2026-04-15 14:00:00,FIC Trading,5497615.49,7373940.38,-1876324.8899999997
2026-04-15 15:00:00,FIC Trading,8829597.75,4878752.36,3950845.3899999997
2026-04-15 16:00:00,FIC Trading,5200189.07,101290655.88,-96090466.81
2026-04-15 17:00:00,FIC Trading,5966835.72,2656969.88,3309865.84
2026-04-15 18:00:00,FIC Trading,4481146.22,3356645.6,1124500.6199999996
2026-04-15 19:00:00,FIC Trading,8137443.95,3323384.51,4814059.44
2026-04-15 20:00:00,FIC Trading,5201017.86,4856733.28,344284.5800000001
2026-04-15 21:00:00,FIC Trading,3912406.68,5070885.08,-1158478.4
2026-04-15 22:00:00,FIC Trading,4166415.01,2249505.26,1916909.75
2026-04-15 23:00:00,FIC Trading,1128684.31,1570188.21,-441503.8999999999
2026-04-16 00:00:00,FIC Trading,217988.02,259836.94,-41848.92000000001
2026-04-16 01:00:00,FIC Trading,298823.31,204102.17,94721.13999999998
2026-04-16 02:00:00,FIC Trading,294961.11,229040.86,65920.25
2026-04-16 03:00:00,FIC Trading,150884.4,368059.36,-217174.96
2026-04-16 04:00:00,FIC Trading,386906.25,335955.68,50950.57000000001
2026-04-16 05:00:00,FIC Trading,256161.67,203608.53,52553.140000000014
2026-04-16 06:00:00,FIC Trading,1312102.23,584916.6,727185.63
2026-04-16 07:00:00,FIC Trading,1494686.88,2886812.64,-1392125.7600000002
2026-04-16 08:00:00,FIC Trading,6097360.11,6332926.26,-235566.14999999944
2026-04-16 09:00:00,FIC Trading,6800160.86,5153097.33,1647063.5300000003
2026-04-16 10:00:00,FIC Trading,2748125.18,7313801.49,-4565676.3100000005
2026-04-16 11:00:00,FIC Trading,3281786.0,1957223.43,1324562.57
2026-04-16 12:00:00,FIC Trading,907423.47,2880284.14,-1972860.6700000002
2026-04-16 13:00:00,FIC Trading,3162618.54,4323679.06,-1161060.5199999996
2026-04-16 14:00:00,FIC Trading,9546415.56,4476284.78,5070130.78
2026-04-16 15:00:00,FIC Trading,6693846.89,6866504.48,-172657.59000000078
2026-04-16 16:00:00,FIC Trading,4852591.0,5630519.31,-777928.3099999996
2026-04-16 17:00:00,FIC Trading,5670541.07,4590738.35,1079802.7200000007
2026-04-16 18:00:00,FIC Trading,3532579.18,3528257.67,4321.510000000242
2026-04-16 19:00:00,FIC Trading,4732580.57,3531308.77,1201271.8000000003
2026-04-16 20:00:00,FIC Trading,10162337.09,3849462.57,6312874.52
2026-04-16 21:00:00,FIC Trading,3478074.47,6116399.44,-2638324.97
2026-04-16 22:00:00,FIC Trading,2383508.09,2992049.33,-608541.2400000002
2026-04-16 23:00:00,FIC Trading,1460567.7,1091603.2,368964.5
2026-04-17 00:00:00,FIC Trading,152039.38,263853.78,-111814.40000000002
2026-04-17 01:00:00,FIC Trading,435586.24,193256.32,242329.91999999998
2026-04-17 02:00:00,FIC Trading,216900.71,255967.74,-39067.03
2026-04-17 03:00:00,FIC Trading,318020.5,583956.22,-265935.72
2026-04-17 04:00:00,FIC Trading,323406.14,368696.18,-45290.03999999998
2026-04-17 05:00:00,FIC Trading,280381.29,274191.3,6189.989999999991
2026-04-17 06:00:00,FIC Trading,611995.75,618017.81,-6022.060000000056
2026-04-17 07:00:00,FIC Trading,2348134.45,898366.45,1449768.0000000002
2026-04-17 08:00:00,FIC Trading,7002069.77,8134604.01,-1132534.2400000002
2026-04-17 09:00:00,FIC Trading,5138005.62,9801577.77,-4663572.149999999
2026-04-17 10:00:00,FIC Trading,3600636.22,4651682.97,-1051046.7499999995
2026-04-17 11:00:00,FIC Trading,4381915.45,1619690.55,2762224.9000000004
2026-04-17 12:00:00,FIC Trading,1375796.23,1217994.89,157801.34000000008
2026-04-17 13:00:00,FIC Trading,3964632.24,4196868.79,-232236.5499999998
2026-04-17 14:00:00,FIC Trading,6042983.58,6447533.88,-404550.2999999998
2026-04-17 15:00:00,FIC Trading,7625122.27,10526429.8,-2901307.530000001
2026-04-17 16:00:00,FIC Trading,10984180.98,7026705.71,3957475.2700000005
2026-04-17 17:00:00,FIC Trading,4159315.68,6088791.43,-1929475.7499999995
2026-04-17 18:00:00,FIC Trading,3402363.79,4312627.66,-910263.8700000001
2026-04-17 19:00:00,FIC Trading,4962159.6,7047465.6,-2085306.0
2026-04-17 20:00:00,FIC Trading,5453352.9,3017821.02,2435531.8800000004
2026-04-17 21:00:00,FIC Trading,4139167.35,3276561.27,862606.0800000001
2026-04-17 22:00:00,FIC Trading,2350503.42,2382743.51,-32240.08999999985
2026-04-17 23:00:00,FIC Trading,1930332.52,1535042.97,395289.55000000005
2026-04-18 00:00:00,FIC Trading,45025.19,69526.25,-24501.059999999998
2026-04-18 01:00:00,FIC Trading,31105.43,33988.99,-2883.5599999999977
2026-04-18 02:00:00,FIC Trading,291390.63,29063.44,262327.19
2026-04-18 03:00:00,FIC Trading,20153.81,18173.97,1979.8400000000001
2026-04-18 04:00:00,FIC Trading,57854.09,49600.54,8253.549999999996
2026-04-18 05:00:00,FIC Trading,69800.12,37527.81,32272.309999999998
2026-04-18 06:00:00,FIC Trading,237454.61,313561.19,-76106.58000000002
2026-04-18 07:00:00,FIC Trading,509452.72,283105.75,226346.96999999997
2026-04-18 08:00:00,FIC Trading,5011955.02,1753844.8,3258110.2199999997
2026-04-18 09:00:00,FIC Trading,1710341.12,1450691.15,259649.9700000002
2026-04-18 10:00:00,FIC Trading,661065.59,588932.53,72133.05999999994
2026-04-18 11:00:00,FIC Trading,340445.32,434944.49,-94499.16999999998
2026-04-18 12:00:00,FIC Trading,260963.75,358585.83,-97622.08000000002
2026-04-18 13:00:00,FIC Trading,848294.25,497998.22,350296.03
2026-04-18 14:00:00,FIC Trading,721077.92,1337953.13,-616875.2099999998
2026-04-18 15:00:00,FIC Trading,863172.9,1649211.07,-786038.17
2026-04-18 16:00:00,FIC Trading,1084900.29,1259936.58,-175036.29000000004
2026-04-18 17:00:00,FIC Trading,826277.56,647393.07,178884.4900000001
2026-04-18 18:00:00,FIC Trading,452106.0,376757.73,75348.27000000002
2026-04-18 19:00:00,FIC Trading,1034344.43,769968.88,264375.55000000005
2026-04-18 20:00:00,FIC Trading,1575008.8,1000426.99,574581.81
2026-04-18 21:00:00,FIC Trading,1194906.56,392616.35,802290.2100000001
2026-04-18 22:00:00,FIC Trading,475194.26,430799.72,44394.54000000004
2026-04-18 23:00:00,FIC Trading,156725.34,152545.69,4179.649999999994
2026-04-19 00:00:00,FIC Trading,64435.8,22867.11,41568.69
2026-04-19 01:00:00,FIC Trading,35289.76,32039.42,3250.340000000004
2026-04-19 02:00:00,FIC Trading,48780.98,32278.06,16502.920000000002
2026-04-19 03:00:00,FIC Trading,69707.63,70793.14,-1085.5099999999948
2026-04-19 04:00:00,FIC Trading,47883.95,39598.68,8285.269999999997
2026-04-19 05:00:00,FIC Trading,31291.59,65383.17,-34091.58
2026-04-19 06:00:00,FIC Trading,70358.36,106841.03,-36482.67
2026-04-19 07:00:00,FIC Trading,322184.3,190326.51,131857.78999999998
2026-04-19 08:00:00,FIC Trading,1049140.24,1062137.91,-12997.669999999925
2026-04-19 09:00:00,FIC Trading,1271845.2,886695.33,385149.87
2026-04-19 10:00:00,FIC Trading,1781774.54,750503.35,1031271.1900000001
2026-04-19 11:00:00,FIC Trading,455283.36,277391.03,177892.32999999996
2026-04-19 12:00:00,FIC Trading,237998.12,280803.08,-42804.96000000002
2026-04-19 13:00:00,FIC Trading,353346.55,782306.96,-428960.41
2026-04-19 14:00:00,FIC Trading,1470646.99,1383069.53,87577.45999999996
2026-04-19 15:00:00,FIC Trading,1206181.89,2159503.55,-953321.6599999999
2026-04-19 16:00:00,FIC Trading,589518.51,1872227.16,-1282708.65
2026-04-19 17:00:00,FIC Trading,3111818.07,318194.66,2793623.4099999997
2026-04-19 18:00:00,FIC Trading,408089.5,374302.46,33787.03999999998
2026-04-19 19:00:00,FIC Trading,704792.68,420043.35,284749.3300000001
2026-04-19 20:00:00,FIC Trading,977739.78,1173487.29,-195747.51
2026-04-19 21:00:00,FIC Trading,571834.36,593995.71,-22161.349999999977
2026-04-19 22:00:00,FIC Trading,354037.47,342132.41,11905.059999999998
2026-04-19 23:00:00,FIC Trading,124681.45,146281.89,-21600.440000000017
2026-04-20 00:00:00,FIC Trading,182047.91,274386.77,-92338.86000000002
2026-04-20 01:00:00,FIC Trading,164434.8,142704.6,21730.199999999983
2026-04-20 02:00:00,FIC Trading,197624.49,154478.03,43146.45999999999
2026-04-20 03:00:00,FIC Trading,171209.3,1407025.81,-1235816.51
2026-04-20 04:00:00,FIC Trading,292615.97,371829.54,-79213.57
2026-04-20 05:00:00,FIC Trading,317263.04,300629.89,16633.149999999965
2026-04-20 06:00:00,FIC Trading,1099411.04,562626.77,536784.27
2026-04-20 07:00:00,FIC Trading,4613583.76,1152695.98,3460887.78
2026-04-20 08:00:00,FIC Trading,6915948.04,7810902.88,-894954.8399999999
2026-04-20 09:00:00,FIC Trading,8493228.06,5752620.09,2740607.9700000007
2026-04-20 10:00:00,FIC Trading,7109053.47,3765821.2,3343232.2699999996
2026-04-20 11:00:00,FIC Trading,3068905.8,1466632.52,1602273.2799999998
2026-04-20 12:00:00,FIC Trading,1810859.66,1102813.12,708046.5399999998
2026-04-20 13:00:00,FIC Trading,3466757.46,2566067.3,900690.1600000001
2026-04-20 14:00:00,FIC Trading,4536178.17,6118823.94,-1582645.7700000005
2026-04-20 15:00:00,FIC Trading,10808395.21,5412831.92,5395563.290000001
2026-04-20 16:00:00,FIC Trading,6585475.61,7275122.9,-689647.29
2026-04-20 17:00:00,FIC Trading,7117036.5,3982171.64,3134864.86
2026-04-20 18:00:00,FIC Trading,5310346.75,41572322.25,-36261975.5
2026-04-20 19:00:00,FIC Trading,4380480.65,2903841.71,1476638.9400000004
2026-04-20 20:00:00,FIC Trading,10062170.97,6635553.26,3426617.710000001
2026-04-20 21:00:00,FIC Trading,2135640.71,5364038.68,-3228397.9699999997
2026-04-20 22:00:00,FIC Trading,5501467.85,1887174.15,3614293.6999999997
2026-04-20 23:00:00,FIC Trading,675104.96,1087680.71,-412575.75
2026-04-21 00:00:00,FIC Trading,278275.15,314189.7,-35914.54999999999
2026-04-21 01:00:00,FIC Trading,271759.36,248243.75,23515.609999999986
2026-04-21 02:00:00,FIC Trading,346761.49,389637.22,-42875.72999999998
2026-04-21 03:00:00,FIC Trading,208718.69,112073.89,96644.8
2026-04-21 04:00:00,FIC Trading,112463.1,182015.66,-69552.56
2026-04-21 05:00:00,FIC Trading,263723.29,508283.12,-244559.83000000002
2026-04-21 06:00:00,FIC Trading,670264.74,1021376.59,-351111.85
2026-04-21 07:00:00,FIC Trading,1163510.29,2953986.65,-1790476.3599999999
2026-04-21 08:00:00,FIC Trading,5543612.5,8616763.07,-3073150.5700000003
2026-04-21 09:00:00,FIC Trading,4979680.18,28589986.77,-23610306.59
2026-04-21 10:00:00,FIC Trading,6885590.19,7433766.07,-548175.8799999999
2026-04-21 11:00:00,FIC Trading,15221738.69,3880105.55,11341633.14
2026-04-21 12:00:00,FIC Trading,3534652.97,1449189.62,2085463.35
2026-04-21 13:00:00,FIC Trading,3202146.0,9016285.66,-5814139.66
2026-04-21 14:00:00,FIC Trading,7540634.09,7125565.61,415068.4799999995
2026-04-21 15:00:00,FIC Trading,7479203.45,3835741.81,3643461.64
2026-04-21 16:00:00,FIC Trading,3772265.98,7790523.76,-4018257.78
2026-04-21 17:00:00,FIC Trading,3988878.94,3374114.8,614764.1400000001
2026-04-21 18:00:00,FIC Trading,5018114.53,5697026.84,-678912.3099999996
2026-04-21 19:00:00,FIC Trading,6732442.16,6387673.33,344768.8300000001
2026-04-21 20:00:00,FIC Trading,5869663.86,34643146.21,-28773482.35
2026-04-21 21:00:00,FIC Trading,3142949.67,8539253.58,-5396303.91
2026-04-21 22:00:00,FIC Trading,3507825.86,3760619.11,-252793.25
2026-04-21 23:00:00,FIC Trading,1249057.22,787365.52,461691.69999999995
2026-04-22 00:00:00,FIC Trading,314352.48,227562.1,86790.37999999998
2026-04-22 01:00:00,FIC Trading,212593.53,287596.94,-75003.41
2026-04-22 02:00:00,FIC Trading,129775.38,211275.29,-81499.91
2026-04-22 03:00:00,FIC Trading,282265.28,213643.61,68621.67000000004
2026-04-22 04:00:00,FIC Trading,237544.9,247578.62,-10033.720000000001
2026-04-22 05:00:00,FIC Trading,481323.94,208875.73,272448.20999999996
2026-04-22 06:00:00,FIC Trading,731016.57,339756.61,391259.95999999996
2026-04-22 07:00:00,FIC Trading,2346078.82,2658265.3,-312186.48
2026-04-22 08:00:00,FIC Trading,6314227.15,2789797.82,3524429.3300000005
2026-04-22 09:00:00,FIC Trading,5888420.61,5257564.78,630855.8300000001
2026-04-22 10:00:00,FIC Trading,4377393.96,3026827.51,1350566.4500000002
2026-04-22 11:00:00,FIC Trading,2518722.05,1501368.83,1017353.2199999997
2026-04-22 12:00:00,FIC Trading,1289287.46,2118638.97,-829351.5100000002
2026-04-22 13:00:00,FIC Trading,3232643.83,3323410.82,-90766.98999999976
2026-04-22 14:00:00,FIC Trading,12788109.68,6077095.15,6711014.529999999
2026-04-22 15:00:00,FIC Trading,11607171.35,5213578.06,6393593.29
2026-04-22 16:00:00,FIC Trading,7415949.53,5419023.93,1996925.6000000006
2026-04-22 17:00:00,FIC Trading,7376113.08,4952256.47,2423856.6100000003
2026-04-22 18:00:00,FIC Trading,2888236.0,3720899.88,-832663.8799999999
2026-04-22 19:00:00,FIC Trading,13038356.03,7032382.83,6005973.199999999
2026-04-22 20:00:00,FIC Trading,5535961.12,8790806.44,-3254845.3199999994
2026-04-22 21:00:00,FIC Trading,10552454.1,4620664.28,5931789.819999999
2026-04-22 22:00:00,FIC Trading,5636295.33,1415507.88,4220787.45
2026-04-22 23:00:00,FIC Trading,583878.89,807254.4,-223375.51
2026-04-23 00:00:00,FIC Trading,391037.46,231932.8,159104.66000000003
2026-04-23 01:00:00,FIC Trading,211865.81,182887.03,28978.78
2026-04-23 02:00:00,FIC Trading,191818.06,165924.96,25893.100000000006
2026-04-23 03:00:00,FIC Trading,281365.52,246106.01,35259.51000000001
2026-04-23 04:00:00,FIC Trading,167466.99,572195.39,-404728.4
2026-04-23 05:00:00,FIC Trading,352535.09,255674.0,96861.09000000003
2026-04-23 06:00:00,FIC Trading,520662.22,741529.79,-220867.57000000007
2026-04-23 07:00:00,FIC Trading,2536122.92,1544598.5,991524.4199999999
2026-04-23 08:00:00,FIC Trading,35830266.93,8647536.46,27182730.47
2026-04-23 09:00:00,FIC Trading,8307801.11,10108650.69,-1800849.5799999991
2026-04-23 10:00:00,FIC Trading,4837141.79,7460152.23,-2623010.4400000004
2026-04-23 11:00:00,FIC Trading,3150335.27,4302780.03,-1152444.7600000002
2026-04-23 12:00:00,FIC Trading,1087589.55,1571420.68,-483831.1299999999
2026-04-23 13:00:00,FIC Trading,2611389.53,3231521.99,-620132.4600000004
2026-04-23 14:00:00,FIC Trading,37074254.8,12102650.23,24971604.569999997
2026-04-23 15:00:00,FIC Trading,10613204.24,10311779.15,301425.08999999985
2026-04-23 16:00:00,FIC Trading,7674086.83,3135332.58,4538754.25
2026-04-23 17:00:00,FIC Trading,5167908.36,5089967.07,77941.29000000004
2026-04-23 18:00:00,FIC Trading,3818186.9,3091331.07,726855.8300000001
2026-04-23 19:00:00,FIC Trading,4138803.13,7220684.96,-3081881.83
2026-04-23 20:00:00,FIC Trading,10949370.92,7233991.17,3715379.75
2026-04-23 21:00:00,FIC Trading,4099228.05,2744572.88,1354655.17
2026-04-23 22:00:00,FIC Trading,3241705.43,2973876.15,267829.28000000026
2026-04-23 23:00:00,FIC Trading,1037000.19,1132501.61,-95501.42000000016
2026-04-24 00:00:00,FIC Trading,284965.67,272557.83,12407.839999999967
2026-04-24 01:00:00,FIC Trading,189312.83,293557.7,-104244.87000000002
2026-04-24 02:00:00,FIC Trading,2344813.52,405143.85,1939669.67
2026-04-24 03:00:00,FIC Trading,379338.34,277608.05,101730.29000000004
2026-04-24 04:00:00,FIC Trading,337147.23,246383.41,90763.81999999998
2026-04-24 05:00:00,FIC Trading,312504.87,453301.58,-140796.71000000002
2026-04-24 06:00:00,FIC Trading,621468.82,1627266.08,-1005797.2600000001
2026-04-24 07:00:00,FIC Trading,6400639.34,3367771.77,3032867.57
2026-04-24 08:00:00,FIC Trading,3856259.64,6014999.42,-2158739.78
2026-04-24 09:00:00,FIC Trading,9878335.55,8659155.4,1219180.1500000004
2026-04-24 10:00:00,FIC Trading,6163999.12,6154504.1,9495.020000000484
2026-04-24 11:00:00,FIC Trading,2550085.5,2690734.61,-140649.10999999987
2026-04-24 12:00:00,FIC Trading,1898452.24,3893698.07,-1995245.8299999998
2026-04-24 13:00:00,FIC Trading,2929724.48,2763867.01,165857.4700000002
2026-04-24 14:00:00,FIC Trading,7531835.52,9966046.94,-2434211.42
2026-04-24 15:00:00,FIC Trading,9003288.44,7907265.99,1096022.4499999993
2026-04-24 16:00:00,FIC Trading,16996345.85,4060540.87,12935804.98
2026-04-24 17:00:00,FIC Trading,6233559.7,4064020.72,2169538.98
2026-04-24 18:00:00,FIC Trading,4617800.63,25411477.67,-20793677.040000003
2026-04-24 19:00:00,FIC Trading,6670448.84,6454268.8,216180.04000000004
2026-04-24 20:00:00,FIC Trading,12382438.97,6474551.42,5907887.550000001
2026-04-24 21:00:00,FIC Trading,3726155.81,3529322.86,196832.9500000002
2026-04-24 22:00:00,FIC Trading,2626046.46,4529576.35,-1903529.8899999997
2026-04-24 23:00:00,FIC Trading,553258.55,1540729.8,-987471.25
2026-04-25 00:00:00,FIC Trading,322010.06,62717.37,259292.69
2026-04-25 01:00:00,FIC Trading,47231.55,39113.07,8118.480000000003
2026-04-25 02:00:00,FIC Trading,24773.05,35553.11,-10780.060000000001
2026-04-25 03:00:00,FIC Trading,498284.69,46084.43,452200.26
2026-04-25 04:00:00,FIC Trading,27794.24,29953.26,-2159.019999999997
2026-04-25 05:00:00,FIC Trading,198860.96,47616.05,151244.90999999997
2026-04-25 06:00:00,FIC Trading,113194.51,104699.06,8495.449999999997
2026-04-25 07:00:00,FIC Trading,2886526.76,219916.92,2666609.84
2026-04-25 08:00:00,FIC Trading,606092.34,877721.05,-271628.7100000001
2026-04-25 09:00:00,FIC Trading,1205302.05,956736.85,248565.20000000007
2026-04-25 10:00:00,FIC Trading,1079312.53,775347.18,303965.35
2026-04-25 11:00:00,FIC Trading,477046.92,455453.13,21593.78999999998
2026-04-25 12:00:00,FIC Trading,329889.44,427336.38,-97446.94
2026-04-25 13:00:00,FIC Trading,685839.83,400360.44,285479.38999999996
2026-04-25 14:00:00,FIC Trading,801232.91,886966.21,-85733.29999999993
2026-04-25 15:00:00,FIC Trading,2182136.11,948316.55,1233819.5599999998
2026-04-25 16:00:00,FIC Trading,960594.87,764739.29,195855.57999999996
2026-04-25 17:00:00,FIC Trading,590192.17,528805.23,61386.94000000006
2026-04-25 18:00:00,FIC Trading,926731.41,530634.67,396096.74
2026-04-25 19:00:00,FIC Trading,656011.56,970954.93,-314943.37
2026-04-25 20:00:00,FIC Trading,1091353.27,1052281.1,39072.169999999925
2026-04-25 21:00:00,FIC Trading,609518.66,522983.95,86534.71000000002
2026-04-25 22:00:00,FIC Trading,1014147.62,638656.69,375490.93000000005
2026-04-25 23:00:00,FIC Trading,362938.4,219617.83,143320.57000000004
2026-04-26 00:00:00,FIC Trading,33771.48,26261.5,7509.980000000003
2026-04-26 01:00:00,FIC Trading,42104.36,55254.95,-13150.589999999997
2026-04-26 02:00:00,FIC Trading,35164.47,40364.98,-5200.510000000002
2026-04-26 03:00:00,FIC Trading,31090.47,34105.88,-3015.409999999996
2026-04-26 04:00:00,FIC Trading,37274.43,41557.69,-4283.260000000002
2026-04-26 05:00:00,FIC Trading,43733.78,45088.59,-1354.8099999999977
2026-04-26 06:00:00,FIC Trading,63753.62,134741.07,-70987.45000000001
2026-04-26 07:00:00,FIC Trading,392035.43,391573.13,462.29999999998836
2026-04-26 08:00:00,FIC Trading,806415.48,745921.44,60494.04000000004
2026-04-26 09:00:00,FIC Trading,1214173.82,549400.36,664773.4600000001
2026-04-26 10:00:00,FIC Trading,800915.25,1015075.28,-214160.03000000003
2026-04-26 11:00:00,FIC Trading,344650.72,351844.3,-7193.580000000016
2026-04-26 12:00:00,FIC Trading,362522.21,359410.86,3111.350000000035
2026-04-26 13:00:00,FIC Trading,633155.52,637797.63,-4642.109999999986
2026-04-26 14:00:00,FIC Trading,1585921.94,883525.18,702396.7599999999
2026-04-26 15:00:00,FIC Trading,1437257.46,1773150.48,-335893.02
2026-04-26 16:00:00,FIC Trading,931962.65,1098600.93,-166638.2799999999
2026-04-26 17:00:00,FIC Trading,797645.33,689519.04,108126.28999999992
2026-04-26 18:00:00,FIC Trading,289102.2,541581.0,-252478.8
2026-04-26 19:00:00,FIC Trading,1708147.58,1425773.1,282374.48
2026-04-26 20:00:00,FIC Trading,1073961.49,732831.78,341129.70999999996
2026-04-26 21:00:00,FIC Trading,1686180.59,676217.41,1009963.18
2026-04-26 22:00:00,FIC Trading,309760.82,263313.05,46447.77000000002
2026-04-26 23:00:00,FIC Trading,109401.89,203507.01,-94105.12000000001
2026-04-27 00:00:00,FIC Trading,265964.48,195759.48,70204.99999999997
2026-04-27 01:00:00,FIC Trading,265657.65,203593.76,62063.890000000014
2026-04-27 02:00:00,FIC Trading,263412.69,200281.98,63130.70999999999
2026-04-27 03:00:00,FIC Trading,249902.4,245501.18,4401.220000000001
2026-04-27 04:00:00,FIC Trading,191275.66,157765.32,33510.34
2026-04-27 05:00:00,FIC Trading,175840.38,138328.76,37511.619999999995
2026-04-27 06:00:00,FIC Trading,799096.94,871219.36,-72122.42000000004
2026-04-27 07:00:00,FIC Trading,1521583.48,1166760.81,354822.6699999999
2026-04-27 08:00:00,FIC Trading,3369667.57,7546111.01,-4176443.44
2026-04-27 09:00:00,FIC Trading,6351509.87,12841937.84,-6490427.97
2026-04-27 10:00:00,FIC Trading,6378810.95,5312648.78,1066162.17
2026-04-27 11:00:00,FIC Trading,5226441.93,4212917.21,1013524.7199999997
2026-04-27 12:00:00,FIC Trading,2506713.85,1809516.77,697197.0800000001
2026-04-27 13:00:00,FIC Trading,5784083.35,6287313.51,-503230.16000000015
2026-04-27 14:00:00,FIC Trading,8153529.68,5670576.12,2482953.5599999996
2026-04-27 15:00:00,FIC Trading,9162326.43,3611500.65,5550825.779999999
2026-04-27 16:00:00,FIC Trading,16004122.62,6629263.97,9374858.649999999
2026-04-27 17:00:00,FIC Trading,2697054.66,70655132.36,-67958077.7
2026-04-27 18:00:00,FIC Trading,3335854.8,4569642.59,-1233787.79
2026-04-27 19:00:00,FIC Trading,4849757.01,4402737.69,447019.31999999937
2026-04-27 20:00:00,FIC Trading,8892302.67,7035998.81,1856303.8600000003
2026-04-27 21:00:00,FIC Trading,3715281.77,7090168.62,-3374886.85
2026-04-27 22:00:00,FIC Trading,3656974.95,2626914.31,1030060.6400000001
2026-04-27 23:00:00,FIC Trading,1321075.5,2637801.56,-1316726.06
2026-04-28 00:00:00,FIC Trading,311062.15,200245.2,110816.95000000001
2026-04-28 01:00:00,FIC Trading,309095.21,340875.69,-31780.47999999998
2026-04-28 02:00:00,FIC Trading,400914.49,313353.56,87560.93
2026-04-28 03:00:00,FIC Trading,230167.65,187993.89,42173.75999999998
2026-04-28 04:00:00,FIC Trading,286893.74,210675.78,76217.95999999999
2026-04-28 05:00:00,FIC Trading,228528.05,433158.42,-204630.37
2026-04-28 06:00:00,FIC Trading,516306.88,780842.25,-264535.37
2026-04-28 07:00:00,FIC Trading,4420924.48,2751927.76,1668996.7200000007
2026-04-28 08:00:00,FIC Trading,4106309.63,3156600.11,949709.52
2026-04-28 09:00:00,FIC Trading,9082712.81,9363611.18,-280898.3699999992
2026-04-28 10:00:00,FIC Trading,6606909.82,6222195.18,384714.6400000006
2026-04-28 11:00:00,FIC Trading,3932432.95,2614216.12,1318216.83
2026-04-28 12:00:00,FIC Trading,995870.24,2070648.26,-1074778.02
2026-04-28 13:00:00,FIC Trading,4784617.99,3112957.6,1671660.3900000001
2026-04-28 14:00:00,FIC Trading,6355738.66,5407576.86,948161.7999999998
2026-04-28 15:00:00,FIC Trading,6532130.35,7592584.72,-1060454.37
2026-04-28 16:00:00,FIC Trading,6098443.74,5794978.58,303465.16000000015
2026-04-28 17:00:00,FIC Trading,6159709.09,9311678.5,-3151969.41
2026-04-28 18:00:00,FIC Trading,4979322.06,5214018.38,-234696.3200000003
2026-04-28 19:00:00,FIC Trading,5214630.92,3757017.99,1457612.9299999997
2026-04-28 20:00:00,FIC Trading,4365590.52,12789542.55,-8423952.030000001
2026-04-28 21:00:00,FIC Trading,3600366.97,4337575.78,-737208.81
2026-04-28 22:00:00,FIC Trading,3643688.47,2734873.06,908815.4100000001
2026-04-28 23:00:00,FIC Trading,689601.69,1440233.59,-750631.9000000001
2026-04-29 00:00:00,FIC Trading,224520.51,120438.94,104081.57
2026-04-29 01:00:00,FIC Trading,598063.26,220893.36,377169.9
2026-04-29 02:00:00,FIC Trading,274838.21,196367.37,78470.84000000003
2026-04-29 03:00:00,FIC Trading,303632.62,258043.22,45589.399999999994
2026-04-29 04:00:00,FIC Trading,164382.21,278214.34,-113832.13000000003
2026-04-29 05:00:00,FIC Trading,192461.4,295222.18,-102760.78
2026-04-29 06:00:00,FIC Trading,956152.37,710821.13,245331.24
2026-04-29 07:00:00,FIC Trading,2159411.13,3549378.6,-1389967.4700000002
2026-04-29 08:00:00,FIC Trading,8227924.69,6218969.29,2008955.4000000004
2026-04-29 09:00:00,FIC Trading,7629408.52,7551379.41,78029.1099999994
2026-04-29 10:00:00,FIC Trading,19048303.42,5925846.69,13122456.73
2026-04-29 11:00:00,FIC Trading,2209360.39,5082960.91,-2873600.52
2026-04-29 12:00:00,FIC Trading,2038935.69,1938637.62,100298.06999999983
2026-04-29 13:00:00,FIC Trading,2652580.02,3000390.64,-347810.6200000001
2026-04-29 14:00:00,FIC Trading,9639770.84,3410358.06,6229412.779999999
2026-04-29 15:00:00,FIC Trading,9736489.78,5002580.76,4733909.02
2026-04-29 16:00:00,FIC Trading,4925389.19,5789256.25,-863867.0599999996
2026-04-29 17:00:00,FIC Trading,3971365.79,4179334.92,-207969.1299999999
2026-04-29 18:00:00,FIC Trading,6452719.94,3119674.21,3333045.7300000004
2026-04-29 19:00:00,FIC Trading,8752502.94,5962501.28,2790001.659999999
2026-04-29 20:00:00,FIC Trading,4105808.19,5139451.86,-1033643.6700000004
2026-04-29 21:00:00,FIC Trading,4604053.04,3664691.6,939361.44
2026-04-29 22:00:00,FIC Trading,5484493.75,3354158.73,2130335.02
2026-04-29 23:00:00,FIC Trading,4483579.33,1698927.84,2784651.49
2026-04-30 00:00:00,FIC Trading,1798759.9,162898.98,1635860.92
2026-04-30 01:00:00,FIC Trading,347146.7,261370.69,85776.01000000001
2026-04-30 02:00:00,FIC Trading,152030.28,123211.51,28818.770000000004
2026-04-30 03:00:00,FIC Trading,174537.07,143345.92,31191.149999999994
2026-04-30 04:00:00,FIC Trading,220359.86,198900.84,21459.01999999999
2026-04-30 05:00:00,FIC Trading,466878.69,451234.72,15643.97000000003
2026-04-30 06:00:00,FIC Trading,1070945.78,565183.39,505762.39
2026-04-30 07:00:00,FIC Trading,3175855.31,1837381.39,1338473.9200000002
2026-04-30 08:00:00,FIC Trading,5382001.43,5667310.45,-285309.0200000005
2026-04-30 09:00:00,FIC Trading,11159186.91,7539913.88,3619273.0300000003
2026-04-30 10:00:00,FIC Trading,5386119.78,4274951.92,1111167.8600000003
2026-04-30 11:00:00,FIC Trading,3304561.54,5357569.11,-2053007.5700000003
2026-04-30 12:00:00,FIC Trading,2535638.69,1663081.81,872556.8799999999
2026-04-30 13:00:00,FIC Trading,6569060.1,3738013.1,2831046.9999999995
2026-04-30 14:00:00,FIC Trading,6586062.86,5779655.8,806407.0600000005
2026-04-30 15:00:00,FIC Trading,7350642.65,9639045.21,-2288402.5600000005
2026-04-30 16:00:00,FIC Trading,10849251.81,10503389.76,345862.05000000075
2026-04-30 17:00:00,FIC Trading,7172886.67,7770747.11,-597860.4400000004
2026-04-30 18:00:00,FIC Trading,3300845.0,2902008.55,398836.4500000002
2026-04-30 19:00:00,FIC Trading,3836190.12,7751357.51,-3915167.3899999997
2026-04-30 20:00:00,FIC Trading,10320200.0,7601248.69,2718951.3099999996
2026-04-30 21:00:00,FIC Trading,3050854.77,7098640.19,-4047785.4200000004
2026-04-30 22:00:00,FIC Trading,1603125.93,2621162.44,-1018036.51
2026-04-30 23:00:00,FIC Trading,1016805.09,985353.35,31451.73999999999
2026-05-01 00:00:00,FIC Trading,242542.03,332998.85,-90456.81999999998
2026-05-01 01:00:00,FIC Trading,161473.01,335218.14,-173745.13
2026-05-01 02:00:00,FIC Trading,252898.65,415156.81,-162258.16
2026-05-01 03:00:00,FIC Trading,257056.47,257453.91,-397.4400000000023
2026-05-01 04:00:00,FIC Trading,201425.76,235439.58,-34013.81999999998
2026-05-01 05:00:00,FIC Trading,602545.79,128229.32,474316.47000000003
2026-05-01 06:00:00,FIC Trading,841171.86,422316.99,418854.87
2026-05-01 07:00:00,FIC Trading,3538241.74,2129715.72,1408526.02
2026-05-01 08:00:00,FIC Trading,3277535.46,3806512.75,-528977.29
2026-05-01 09:00:00,FIC Trading,4345839.95,9896460.76,-5550620.81
2026-05-01 10:00:00,FIC Trading,6444795.96,3557512.39,2887283.57
2026-05-01 11:00:00,FIC Trading,28743096.02,2243139.14,26499956.88
2026-05-01 12:00:00,FIC Trading,1249513.65,1552459.28,-302945.6300000001
2026-05-01 13:00:00,FIC Trading,3682771.4,5476463.51,-1793692.1099999999
2026-05-01 14:00:00,FIC Trading,4209675.84,5376746.26,-1167070.42
2026-05-01 15:00:00,FIC Trading,6266283.36,9681107.0,-3414823.6399999997
2026-05-01 16:00:00,FIC Trading,7123567.86,7300625.56,-177057.69999999925
2026-05-01 17:00:00,FIC Trading,3606529.13,5955022.55,-2348493.42
2026-05-01 18:00:00,FIC Trading,2441044.94,5102707.87,-2661662.93
2026-05-01 19:00:00,FIC Trading,26157159.06,5211593.38,20945565.68
2026-05-01 20:00:00,FIC Trading,3361335.09,3463297.5,-101962.41000000015
2026-05-01 21:00:00,FIC Trading,6183167.72,4653902.52,1529265.2000000002
2026-05-01 22:00:00,FIC Trading,3450742.02,2687983.19,762758.8300000001
2026-05-01 23:00:00,FIC Trading,1327055.32,1162778.65,164276.67000000016
2026-05-02 00:00:00,FIC Trading,25533.46,27809.42,-2275.959999999999
2026-05-02 01:00:00,FIC Trading,49913.14,53668.94,-3755.800000000003
2026-05-02 02:00:00,FIC Trading,44951.71,36172.56,8779.150000000001
2026-05-02 03:00:00,FIC Trading,35214.72,26103.12,9111.600000000002
2026-05-02 04:00:00,FIC Trading,33836.72,31229.86,2606.8600000000006
2026-05-02 05:00:00,FIC Trading,35344.43,89356.94,-54012.51
2026-05-02 06:00:00,FIC Trading,116107.47,140486.26,-24378.790000000008
2026-05-02 07:00:00,FIC Trading,629754.96,529308.61,100446.34999999998
2026-05-02 08:00:00,FIC Trading,1218835.79,582986.46,635849.3300000001
2026-05-02 09:00:00,FIC Trading,995131.94,877236.3,117895.6399999999
2026-05-02 10:00:00,FIC Trading,993668.72,664946.35,328722.37
2026-05-02 11:00:00,FIC Trading,265907.84,427735.88,-161828.03999999998
2026-05-02 12:00:00,FIC Trading,344602.2,257568.12,87034.08000000002
2026-05-02 13:00:00,FIC Trading,392807.25,454006.59,-61199.340000000026
2026-05-02 14:00:00,FIC Trading,1238794.58,878466.62,360327.9600000001
2026-05-02 15:00:00,FIC Trading,3416978.24,938755.43,2478222.81
2026-05-02 16:00:00,FIC Trading,818072.27,960212.33,-142140.05999999994
2026-05-02 17:00:00,FIC Trading,1787862.82,961355.98,826506.8400000001
2026-05-02 18:00:00,FIC Trading,686576.25,334699.33,351876.92
2026-05-02 19:00:00,FIC Trading,629236.92,7677522.9,-7048285.98
2026-05-02 20:00:00,FIC Trading,738533.68,1524759.52,-786225.84
2026-05-02 21:00:00,FIC Trading,1796141.7,710049.89,1086091.81
2026-05-02 22:00:00,FIC Trading,499005.57,337411.86,161593.71000000002
2026-05-02 23:00:00,FIC Trading,132694.64,1370821.81,-1238127.17
2026-05-03 00:00:00,FIC Trading,32687.41,25509.25,7178.16
2026-05-03 01:00:00,FIC Trading,40811.86,35715.23,5096.629999999997
2026-05-03 02:00:00,FIC Trading,34993.56,25017.83,9975.729999999996
2026-05-03 03:00:00,FIC Trading,39645.44,18721.9,20923.54
2026-05-03 04:00:00,FIC Trading,66499.9,34763.22,31736.679999999993
2026-05-03 05:00:00,FIC Trading,29890.52,29237.75,652.7700000000004
2026-05-03 06:00:00,FIC Trading,136030.65,110884.9,25145.75
2026-05-03 07:00:00,FIC Trading,348549.37,541786.62,-193237.25
2026-05-03 08:00:00,FIC Trading,687275.84,1606332.32,-919056.4800000001
2026-05-03 09:00:00,FIC Trading,1584160.58,1153553.02,430607.56000000006
2026-05-03 10:00:00,FIC Trading,493433.15,1205837.6,-712404.4500000001
2026-05-03 11:00:00,FIC Trading,170783.83,461095.43,-290311.6
2026-05-03 12:00:00,FIC Trading,288718.96,239390.26,49328.70000000001
2026-05-03 13:00:00,FIC Trading,500574.34,274722.92,225851.42000000004
2026-05-03 14:00:00,FIC Trading,605956.43,1763180.53,-1157224.1
2026-05-03 15:00:00,FIC Trading,664239.81,858581.44,-194341.6299999999
2026-05-03 16:00:00,FIC Trading,1962896.99,1659162.12,303734.8699999999
2026-05-03 17:00:00,FIC Trading,755855.53,785721.17,-29865.640000000014
2026-05-03 18:00:00,FIC Trading,582233.09,403924.07,178309.01999999996
2026-05-03 19:00:00,FIC Trading,1763776.51,882204.95,881571.56
2026-05-03 20:00:00,FIC Trading,1395207.24,1984412.96,-589205.72
2026-05-03 21:00:00,FIC Trading,1458127.78,1295859.07,162268.70999999996
2026-05-03 22:00:00,FIC Trading,277851.65,339326.02,-61474.369999999995
2026-05-03 23:00:00,FIC Trading,105648.4,122995.94,-17347.540000000008
2026-05-04 00:00:00,FIC Trading,290411.08,248566.83,41844.25000000003
2026-05-04 01:00:00,FIC Trading,270533.52,226491.93,44041.590000000026
2026-05-04 02:00:00,FIC Trading,362388.92,365242.74,-2853.820000000007
2026-05-04 03:00:00,FIC Trading,132324.22,311128.27,-178804.05000000002
2026-05-04 04:00:00,FIC Trading,2426603.58,135177.66,2291425.92
2026-05-04 05:00:00,FIC Trading,418089.37,3093745.57,-2675656.1999999997
2026-05-04 06:00:00,FIC Trading,1004293.71,697160.42,307133.2899999999
2026-05-04 07:00:00,FIC Trading,2067449.5,2476792.59,-409343.08999999985
2026-05-04 08:00:00,FIC Trading,6542253.06,6105647.5,436605.5599999996
2026-05-04 09:00:00,FIC Trading,5531359.94,11322440.58,-5791080.64
2026-05-04 10:00:00,FIC Trading,4951645.45,7923209.86,-2971564.41
2026-05-04 11:00:00,FIC Trading,1809385.48,2056330.0,-246944.52000000002
2026-05-04 12:00:00,FIC Trading,1364378.36,1787888.63,-423510.2699999998
2026-05-04 13:00:00,FIC Trading,3219245.21,3070428.05,148817.16000000015
2026-05-04 14:00:00,FIC Trading,5462144.46,3692563.31,1769581.15
2026-05-04 15:00:00,FIC Trading,6178801.48,7953024.8,-1774223.3199999994
2026-05-04 16:00:00,FIC Trading,4224752.9,13002308.82,-8777555.92
2026-05-04 17:00:00,FIC Trading,8512564.95,2384212.38,6128352.569999999
2026-05-04 18:00:00,FIC Trading,3235432.26,3757577.46,-522145.2000000002
2026-05-04 19:00:00,FIC Trading,6121024.43,5170354.88,950669.5499999998
2026-05-04 20:00:00,FIC Trading,3514161.31,6935350.99,-3421189.68
2026-05-04 21:00:00,FIC Trading,8416580.1,3603341.81,4813238.289999999
2026-05-04 22:00:00,FIC Trading,2968159.77,1643761.05,1324398.72
2026-05-04 23:00:00,FIC Trading,923312.67,649339.31,273973.36
2026-05-05 00:00:00,FIC Trading,200943.09,382399.45,-181456.36000000002
2026-05-05 01:00:00,FIC Trading,317226.09,170153.17,147072.92
2026-05-05 02:00:00,FIC Trading,83242.07,201503.62,-118261.54999999999
2026-05-05 03:00:00,FIC Trading,175486.76,501684.02,-326197.26
2026-05-05 04:00:00,FIC Trading,228577.95,189026.07,39551.880000000005
2026-05-05 05:00:00,FIC Trading,282516.6,341930.96,-59414.360000000044
2026-05-05 06:00:00,FIC Trading,1739301.3,1077104.25,662197.05
2026-05-05 07:00:00,FIC Trading,2118060.99,3488523.68,-1370462.69
2026-05-05 08:00:00,FIC Trading,7716383.13,3511461.68,4204921.449999999
2026-05-05 09:00:00,FIC Trading,13680804.29,5798261.55,7882542.739999999
2026-05-05 10:00:00,FIC Trading,6937670.07,6255094.57,682575.5
2026-05-05 11:00:00,FIC Trading,2058915.46,5251369.55,-3192454.09
2026-05-05 12:00:00,FIC Trading,1135032.47,1397969.53,-262937.06000000006
2026-05-05 13:00:00,FIC Trading,4546605.17,3022350.76,1524254.4100000001
2026-05-05 14:00:00,FIC Trading,11535487.59,7704603.57,3830884.0199999996
2026-05-05 15:00:00,FIC Trading,9755082.25,10264716.09,-509633.83999999985
2026-05-05 16:00:00,FIC Trading,10252551.45,8649934.9,1602616.5499999989
2026-05-05 17:00:00,FIC Trading,10615776.48,3227989.4,7387787.08
2026-05-05 18:00:00,FIC Trading,5167766.42,3145520.06,2022246.3599999999
2026-05-05 19:00:00,FIC Trading,3709956.01,5686045.98,-1976089.9700000007
2026-05-05 20:00:00,FIC Trading,6621436.53,9754543.8,-3133107.2700000005
2026-05-05 21:00:00,FIC Trading,8453678.77,4642931.71,3810747.0599999996
2026-05-05 22:00:00,FIC Trading,2566037.81,2685776.75,-119738.93999999994
2026-05-05 23:00:00,FIC Trading,1826799.81,734646.64,1092153.17
2026-05-06 00:00:00,FIC Trading,228581.59,460709.79,-232128.19999999998
2026-05-06 01:00:00,FIC Trading,263049.67,253314.33,9735.339999999997
2026-05-06 02:00:00,FIC Trading,206970.64,349977.29,-143006.64999999997
2026-05-06 03:00:00,FIC Trading,247613.48,242696.84,4916.640000000014
2026-05-06 04:00:00,FIC Trading,256701.32,251820.85,4880.470000000001
2026-05-06 05:00:00,FIC Trading,168420.11,179407.7,-10987.590000000026
2026-05-06 06:00:00,FIC Trading,620063.52,349649.33,270414.19
2026-05-06 07:00:00,FIC Trading,1548111.7,3789156.33,-2241044.63
2026-05-06 08:00:00,FIC Trading,4731670.39,5751176.73,-1019506.3400000008
2026-05-06 09:00:00,FIC Trading,5493724.11,8000318.39,-2506594.2799999993
2026-05-06 10:00:00,FIC Trading,7817685.0,3634240.17,4183444.83
2026-05-06 11:00:00,FIC Trading,3729241.91,1948890.7,1780351.2100000002
2026-05-06 12:00:00,FIC Trading,2164814.92,2646810.36,-481995.43999999994
2026-05-06 13:00:00,FIC Trading,2247473.08,6605150.93,-4357677.85
2026-05-06 14:00:00,FIC Trading,6267152.85,5352271.58,914881.2699999996
2026-05-06 15:00:00,FIC Trading,5028813.21,10452604.31,-5423791.100000001
2026-05-06 16:00:00,FIC Trading,6323463.36,7286123.29,-962659.9299999997
2026-05-06 17:00:00,FIC Trading,5374992.53,4161596.98,1213395.5500000003
2026-05-06 18:00:00,FIC Trading,5455346.19,7245508.38,-1790162.1899999995
2026-05-06 19:00:00,FIC Trading,6434905.76,4499512.71,1935393.0499999998
2026-05-06 20:00:00,FIC Trading,10103744.77,9681081.99,422662.77999999933
2026-05-06 21:00:00,FIC Trading,5731292.78,5767931.88,-36639.09999999963
2026-05-06 22:00:00,FIC Trading,2579743.13,2690869.52,-111126.39000000013
2026-05-06 23:00:00,FIC Trading,1464259.89,1700488.07,-236228.18000000017
2026-05-07 00:00:00,FIC Trading,321368.28,265651.69,55716.590000000026
2026-05-07 01:00:00,FIC Trading,194778.15,232035.29,-37257.140000000014
2026-05-07 02:00:00,FIC Trading,267195.36,388953.13,-121757.77000000002
2026-05-07 03:00:00,FIC Trading,211245.63,371887.3,-160641.66999999998
2026-05-07 04:00:00,FIC Trading,117983.93,372248.49,-254264.56
2026-05-07 05:00:00,FIC Trading,344980.7,77791.91,267188.79000000004
2026-05-07 06:00:00,FIC Trading,460032.35,865891.14,-405858.79000000004
2026-05-07 07:00:00,FIC Trading,2673897.73,2633246.73,40651.0
2026-05-07 08:00:00,FIC Trading,3188048.88,5528308.93,-2340260.05
2026-05-07 09:00:00,FIC Trading,5640824.32,9213357.82,-3572533.5
2026-05-07 10:00:00,FIC Trading,4713786.36,6164233.37,-1450447.0099999998
2026-05-07 11:00:00,FIC Trading,3969414.74,3389103.38,580311.3600000003
2026-05-07 12:00:00,FIC Trading,1476244.91,1661570.01,-185325.1000000001
2026-05-07 13:00:00,FIC Trading,2404264.19,6068810.91,-3664546.72
2026-05-07 14:00:00,FIC Trading,7368322.82,8737266.97,-1368944.1500000004
2026-05-07 15:00:00,FIC Trading,7468995.85,9991316.03,-2522320.1799999997
2026-05-07 16:00:00,FIC Trading,8780347.09,8103205.51,677141.5800000001
2026-05-07 17:00:00,FIC Trading,3007177.08,6508652.7,-3501475.62
2026-05-07 18:00:00,FIC Trading,4150207.89,5418325.46,-1268117.5699999998
2026-05-07 19:00:00,FIC Trading,12943450.43,5068877.84,7874572.59
2026-05-07 20:00:00,FIC Trading,5981632.01,8868741.3,-2887109.290000001
2026-05-07 21:00:00,FIC Trading,5586662.32,5364127.39,222534.93000000063
2026-05-07 22:00:00,FIC Trading,1565291.14,5294666.65,-3729375.5100000007
2026-05-07 23:00:00,FIC Trading,800135.64,1544830.25,-744694.61
2026-05-08 00:00:00,FIC Trading,274849.41,192804.3,82045.10999999999
2026-05-08 01:00:00,FIC Trading,208482.91,542608.38,-334125.47
2026-05-08 02:00:00,FIC Trading,290147.04,115000.92,175146.12
2026-05-08 03:00:00,FIC Trading,271716.65,300192.29,-28475.639999999956
2026-05-08 04:00:00,FIC Trading,150241.85,191557.47,-41315.619999999995
2026-05-08 05:00:00,FIC Trading,421916.91,586124.43,-164207.52000000008
2026-05-08 06:00:00,FIC Trading,468454.9,810928.19,-342473.2899999999
2026-05-08 07:00:00,FIC Trading,1823825.27,1851781.51,-27956.23999999999
2026-05-08 08:00:00,FIC Trading,5912602.09,5097809.61,814792.4799999995
2026-05-08 09:00:00,FIC Trading,12558173.66,31680853.89,-19122680.23
2026-05-08 10:00:00,FIC Trading,31304640.1,5055854.75,26248785.35
2026-05-08 11:00:00,FIC Trading,2744789.95,2382871.17,361918.78000000026
2026-05-08 12:00:00,FIC Trading,1879186.7,1403045.21,476141.49
2026-05-08 13:00:00,FIC Trading,4408611.25,3948444.89,460166.35999999987
2026-05-08 14:00:00,FIC Trading,9816650.99,7628531.99,2188119.0
2026-05-08 15:00:00,FIC Trading,6995555.23,5830628.36,1164926.87
2026-05-08 16:00:00,FIC Trading,9487422.53,3815488.97,5671933.559999999
2026-05-08 17:00:00,FIC Trading,6826228.86,4840019.63,1986209.2300000004
2026-05-08 18:00:00,FIC Trading,7197583.04,4564770.68,2632812.3600000003
2026-05-08 19:00:00,FIC Trading,6500731.3,6808457.2,-307725.9000000004
2026-05-08 20:00:00,FIC Trading,6872610.34,7605223.26,-732612.9199999999
2026-05-08 21:00:00,FIC Trading,4432314.11,8751860.45,-4319546.339999999
2026-05-08 22:00:00,FIC Trading,1679994.59,3837224.83,-2157230.24
2026-05-08 23:00:00,FIC Trading,978519.08,2687601.52,-1709082.44
2026-05-09 00:00:00,FIC Trading,36507.56,106563.97,-70056.41
2026-05-09 01:00:00,FIC Trading,33780.34,19456.54,14323.799999999996
2026-05-09 02:00:00,FIC Trading,43268.18,16685.43,26582.75
2026-05-09 03:00:00,FIC Trading,21114.3,35932.5,-14818.2
2026-05-09 04:00:00,FIC Trading,33540.23,43738.81,-10198.579999999994
2026-05-09 05:00:00,FIC Trading,89166.07,44304.63,44861.44000000001
2026-05-09 06:00:00,FIC Trading,153810.17,142427.14,11383.029999999999
2026-05-09 07:00:00,FIC Trading,443616.56,333628.18,109988.38
2026-05-09 08:00:00,FIC Trading,938366.34,658415.79,279950.54999999993
2026-05-09 09:00:00,FIC Trading,957808.47,923208.4,34600.06999999995
2026-05-09 10:00:00,FIC Trading,445395.11,786934.67,-341539.56000000006
2026-05-09 11:00:00,FIC Trading,458814.18,538720.79,-79906.61000000004
2026-05-09 12:00:00,FIC Trading,113286.19,230863.27,-117577.07999999999
2026-05-09 13:00:00,FIC Trading,468799.18,487015.39,-18216.21000000002
2026-05-09 14:00:00,FIC Trading,6224470.73,1218259.11,5006211.62
2026-05-09 15:00:00,FIC Trading,1033617.4,1156193.67,-122576.2699999999
2026-05-09 16:00:00,FIC Trading,2135463.73,1511634.63,623829.1000000001
2026-05-09 17:00:00,FIC Trading,1217208.07,471959.01,745249.06
2026-05-09 18:00:00,FIC Trading,830044.21,381879.1,448165.11
2026-05-09 19:00:00,FIC Trading,591707.51,879932.44,-288224.92999999993
2026-05-09 20:00:00,FIC Trading,1911362.73,1083617.76,827744.97
2026-05-09 21:00:00,FIC Trading,974866.83,559316.16,415550.6699999999
2026-05-09 22:00:00,FIC Trading,301985.3,649803.06,-347817.76000000007
2026-05-09 23:00:00,FIC Trading,163637.72,309535.4,-145897.68000000002
2026-05-10 00:00:00,FIC Trading,49092.31,28897.93,20194.379999999997
2026-05-10 01:00:00,FIC Trading,28462.68,60586.64,-32123.96
2026-05-10 02:00:00,FIC Trading,36870.17,15639.31,21230.86
2026-05-10 03:00:00,FIC Trading,39239.27,52502.9,-13263.630000000005
2026-05-10 04:00:00,FIC Trading,24316.08,27154.36,-2838.279999999999
2026-05-10 05:00:00,FIC Trading,40358.37,64025.05,-23666.68
2026-05-10 06:00:00,FIC Trading,75818.91,79529.72,-3710.8099999999977
2026-05-10 07:00:00,FIC Trading,484601.96,358038.75,126563.21000000002
2026-05-10 08:00:00,FIC Trading,595607.68,632183.02,-36575.33999999997
2026-05-10 09:00:00,FIC Trading,1205536.87,1035882.03,169654.84000000008
2026-05-10 10:00:00,FIC Trading,505896.36,1601470.54,-1095574.1800000002
2026-05-10 11:00:00,FIC Trading,262945.66,386136.09,-123190.43000000005
2026-05-10 12:00:00,FIC Trading,176480.22,572945.41,-396465.19000000006
2026-05-10 13:00:00,FIC Trading,474740.21,470784.46,3955.75
2026-05-10 14:00:00,FIC Trading,1036327.19,1681968.16,-645640.97
2026-05-10 15:00:00,FIC Trading,5650581.05,701678.2,4948902.85
2026-05-10 16:00:00,FIC Trading,537093.79,925024.31,-387930.52
2026-05-10 17:00:00,FIC Trading,605934.13,539736.37,66197.76000000001
2026-05-10 18:00:00,FIC Trading,2877505.87,973627.07,1903878.8000000003
2026-05-10 19:00:00,FIC Trading,986180.39,843923.67,142256.71999999997
2026-05-10 20:00:00,FIC Trading,888383.62,452926.76,435456.86
2026-05-10 21:00:00,FIC Trading,763086.07,478619.23,284466.83999999997
2026-05-10 22:00:00,FIC Trading,323545.29,284854.68,38690.609999999986
2026-05-10 23:00:00,FIC Trading,295843.54,218822.78,77020.75999999998
2026-05-11 00:00:00,FIC Trading,149316.52,318108.19,-168791.67
2026-05-11 01:00:00,FIC Trading,203448.8,216047.72,-12598.920000000013
2026-05-11 02:00:00,FIC Trading,242984.04,198080.93,44903.110000000015
2026-05-11 03:00:00,FIC Trading,214445.39,308612.04,-94166.64999999997
2026-05-11 04:00:00,FIC Trading,182395.8,164603.8,17792.0
2026-05-11 05:00:00,FIC Trading,156861.3,356007.98,-199146.68
2026-05-11 06:00:00,FIC Trading,568130.67,845627.27,-277496.6
2026-05-11 07:00:00,FIC Trading,1703822.17,2220806.03,-516983.85999999987
2026-05-11 08:00:00,FIC Trading,9820724.6,6431909.08,3388815.5199999996
2026-05-11 09:00:00,FIC Trading,107447472.88,7713441.99,99734030.89
2026-05-11 10:00:00,FIC Trading,5389615.12,6697040.38,-1307425.2599999998
2026-05-11 11:00:00,FIC Trading,1594165.19,1675978.19,-81813.0
2026-05-11 12:00:00,FIC Trading,2303771.01,2262850.43,40920.57999999961
2026-05-11 13:00:00,FIC Trading,2484588.29,5145435.11,-2660846.8200000003
2026-05-11 14:00:00,FIC Trading,5351941.88,7443193.32,-2091251.4400000004
2026-05-11 15:00:00,FIC Trading,6466299.36,10198672.45,-3732373.089999999
2026-05-11 16:00:00,FIC Trading,5588119.14,6560003.47,-971884.3300000001
2026-05-11 17:00:00,FIC Trading,3784855.42,5930155.39,-2145299.9699999997
2026-05-11 18:00:00,FIC Trading,2434238.28,3876887.27,-1442648.9900000002
2026-05-11 19:00:00,FIC Trading,4265403.32,3528279.05,737124.2700000005
2026-05-11 20:00:00,FIC Trading,9294488.25,8356167.61,938320.6399999997
2026-05-11 21:00:00,FIC Trading,5172113.76,2848704.25,2323409.51
2026-05-11 22:00:00,FIC Trading,2925003.78,2988431.16,-63427.380000000354
2026-05-11 23:00:00,FIC Trading,493753.88,919643.95,-425890.06999999995
2026-05-12 00:00:00,FIC Trading,326048.26,205160.97,120887.29000000001
2026-05-12 01:00:00,FIC Trading,184083.48,254890.79,-70807.31
2026-05-12 02:00:00,FIC Trading,346792.04,187242.25,159549.78999999998
2026-05-12 03:00:00,FIC Trading,247157.91,287327.07,-40169.16
2026-05-12 04:00:00,FIC Trading,195749.92,249324.0,-53574.07999999999
2026-05-12 05:00:00,FIC Trading,164387.24,244377.98,-79990.74000000002
2026-05-12 06:00:00,FIC Trading,1549326.59,1185666.37,363660.22
2026-05-12 07:00:00,FIC Trading,3157546.5,2626495.58,531050.9199999999
2026-05-12 08:00:00,FIC Trading,7380507.04,6978712.44,401794.5999999996
2026-05-12 09:00:00,FIC Trading,13715181.87,12219555.17,1495626.6999999993
2026-05-12 10:00:00,FIC Trading,5933899.1,9185547.81,-3251648.710000001
2026-05-12 11:00:00,FIC Trading,4184365.22,3274802.98,909562.2400000002
2026-05-12 12:00:00,FIC Trading,1504906.21,1641514.36,-136608.15000000014
2026-05-12 13:00:00,FIC Trading,4534143.61,2177991.55,2356152.0600000005
2026-05-12 14:00:00,FIC Trading,5202480.26,7151404.1,-1948923.8399999999
2026-05-12 15:00:00,FIC Trading,6755457.82,12120964.09,-5365506.27
2026-05-12 16:00:00,FIC Trading,6887925.45,7717365.74,-829440.29
2026-05-12 17:00:00,FIC Trading,2749915.43,1300149.95,1449765.4800000002
2026-05-12 18:00:00,FIC Trading,4326063.67,5138277.16,-812213.4900000002
2026-05-12 19:00:00,FIC Trading,4889334.25,7305404.26,-2416070.01
2026-05-12 20:00:00,FIC Trading,3243960.16,5643455.08,-2399494.92
2026-05-12 21:00:00,FIC Trading,4458644.19,7133072.13,-2674427.9399999995
2026-05-12 22:00:00,FIC Trading,2481012.59,3372193.89,-891181.3000000003
2026-05-12 23:00:00,FIC Trading,1453626.55,827606.0,626020.55
2026-05-13 00:00:00,FIC Trading,258563.26,374500.94,-115937.68
2026-05-13 01:00:00,FIC Trading,388361.51,154010.72,234350.79
2026-05-13 02:00:00,FIC Trading,280724.75,235242.87,45481.880000000005
2026-05-13 03:00:00,FIC Trading,192894.78,227328.99,-34434.20999999999
2026-05-13 04:00:00,FIC Trading,233488.04,183088.77,50399.27000000002
2026-05-13 05:00:00,FIC Trading,261814.01,337341.87,-75527.85999999999
2026-05-13 06:00:00,FIC Trading,858485.74,1174181.39,-315695.6499999999
2026-05-13 07:00:00,FIC Trading,2434147.3,3783638.91,-1349491.6100000003
2026-05-13 08:00:00,FIC Trading,4378781.23,7209261.97,-2830480.7399999993
2026-05-13 09:00:00,FIC Trading,7278493.13,4110968.39,3167524.7399999998
2026-05-13 10:00:00,FIC Trading,6447318.43,3525370.6,2921947.8299999996
2026-05-13 11:00:00,FIC Trading,1832658.15,2833441.33,-1000783.1800000002
2026-05-13 12:00:00,FIC Trading,1988111.08,1803208.02,184903.06000000006
2026-05-13 13:00:00,FIC Trading,2015655.91,3017629.32,-1001973.4099999999
2026-05-13 14:00:00,FIC Trading,9550746.34,12959512.68,-3408766.34
2026-05-13 15:00:00,FIC Trading,9691164.62,8575275.03,1115889.5899999999
2026-05-13 16:00:00,FIC Trading,11776061.74,8242530.14,3533531.6000000006
2026-05-13 17:00:00,FIC Trading,2898957.01,6133998.84,-3235041.83
2026-05-13 18:00:00,FIC Trading,5732018.13,3862951.56,1869066.5699999998
2026-05-13 19:00:00,FIC Trading,7566756.78,13058789.58,-5492032.8
2026-05-13 20:00:00,FIC Trading,6102264.06,4512241.07,1590022.9899999993
2026-05-13 21:00:00,FIC Trading,4586885.31,4082421.73,504463.5799999996
2026-05-13 22:00:00,FIC Trading,1914841.42,1946020.74,-31179.320000000065
2026-05-13 23:00:00,FIC Trading,673367.08,1817823.12,-1144456.04
2026-05-14 00:00:00,FIC Trading,179897.83,317783.07,-137885.24000000002
2026-05-14 01:00:00,FIC Trading,150776.68,198380.31,-47603.630000000005
2026-05-14 02:00:00,FIC Trading,409050.72,177380.54,231670.17999999996
2026-05-14 03:00:00,FIC Trading,138422.84,389966.46,-251543.62000000002
2026-05-14 04:00:00,FIC Trading,251054.5,277401.29,-26346.78999999998
2026-05-14 05:00:00,FIC Trading,344449.67,496913.16,-152463.49
2026-05-14 06:00:00,FIC Trading,820163.99,726795.47,93368.52000000002
2026-05-14 07:00:00,FIC Trading,2785729.48,2924179.5,-138450.02000000002
2026-05-14 08:00:00,FIC Trading,7598922.12,6216231.08,1382691.04
2026-05-14 09:00:00,FIC Trading,6208013.34,5982224.74,225788.59999999963
2026-05-14 10:00:00,FIC Trading,5657000.41,5350116.93,306883.48000000045
2026-05-14 11:00:00,FIC Trading,2352005.72,1766193.43,585812.2900000003
2026-05-14 12:00:00,FIC Trading,2806998.8,2169478.82,637519.98
2026-05-14 13:00:00,FIC Trading,7304107.14,4689080.6,2615026.54
2026-05-14 14:00:00,FIC Trading,4270763.07,9407651.9,-5136888.83
2026-05-14 15:00:00,FIC Trading,3958305.49,10434553.23,-6476247.74
2026-05-14 16:00:00,FIC Trading,8125569.29,6518141.87,1607427.42
2026-05-14 17:00:00,FIC Trading,6232579.46,7472829.76,-1240250.2999999998
2026-05-14 18:00:00,FIC Trading,7646909.87,5178441.06,2468468.8100000005
2026-05-14 19:00:00,FIC Trading,7060410.16,8572684.14,-1512273.9800000004
2026-05-14 20:00:00,FIC Trading,10601170.42,10421537.67,179632.75
2026-05-14 21:00:00,FIC Trading,9356278.75,4830043.87,4526234.88
2026-05-14 22:00:00,FIC Trading,4674434.29,3100407.19,1574027.1
2026-05-14 23:00:00,FIC Trading,1468108.62,1379618.64,88489.98000000021
2026-05-15 00:00:00,FIC Trading,149388.12,160523.33,-11135.209999999992
2026-05-15 01:00:00,FIC Trading,233316.21,161773.71,71542.5
2026-05-15 02:00:00,FIC Trading,259913.74,152306.51,107607.22999999998
2026-05-15 03:00:00,FIC Trading,226127.25,231253.39,-5126.140000000014
2026-05-15 04:00:00,FIC Trading,235149.05,217503.18,17645.869999999995
2026-05-15 05:00:00,FIC Trading,511824.1,183512.77,328311.32999999996
2026-05-15 06:00:00,FIC Trading,555288.88,782092.3,-226803.42000000004
2026-05-15 07:00:00,FIC Trading,3152913.94,2364366.08,788547.8599999999
2026-05-15 08:00:00,FIC Trading,6095317.59,8464391.83,-2369074.24
2026-05-15 09:00:00,FIC Trading,5375100.93,15055963.73,-9680862.8
2026-05-15 10:00:00,FIC Trading,3763843.11,6601695.37,-2837852.2600000002
2026-05-15 11:00:00,FIC Trading,1436995.85,2094913.19,-657917.3399999999
2026-05-15 12:00:00,FIC Trading,2108936.68,2288514.94,-179578.25999999978
2026-05-15 13:00:00,FIC Trading,3425844.65,3604040.19,-178195.54000000004
2026-05-15 14:00:00,FIC Trading,4858099.11,6116090.78,-1257991.67
2026-05-15 15:00:00,FIC Trading,4178968.85,6112107.38,-1933138.5299999998
2026-05-15 16:00:00,FIC Trading,7746712.49,5794944.38,1951768.1100000003
2026-05-15 17:00:00,FIC Trading,4032373.75,4079021.64,-46647.89000000013
2026-05-15 18:00:00,FIC Trading,3002865.06,5021003.55,-2018138.4899999998
2026-05-15 19:00:00,FIC Trading,3891627.88,6305666.24,-2414038.3600000003
2026-05-15 20:00:00,FIC Trading,5983105.63,11880232.66,-5897127.03
2026-05-15 21:00:00,FIC Trading,6168928.47,6390635.75,-221707.28000000026
2026-05-15 22:00:00,FIC Trading,2494134.77,3140176.06,-646041.29
2026-05-15 23:00:00,FIC Trading,711474.66,945093.58,-233618.91999999993
2026-05-16 00:00:00,FIC Trading,34393.15,25038.31,9354.84
2026-05-16 01:00:00,FIC Trading,50609.68,29490.15,21119.53
2026-05-16 02:00:00,FIC Trading,35598.73,28179.38,7419.350000000002
2026-05-16 03:00:00,FIC Trading,35976.27,14700.94,21275.329999999994
2026-05-16 04:00:00,FIC Trading,31895.1,25757.69,6137.41
2026-05-16 05:00:00,FIC Trading,32490.54,79712.18,-47221.63999999999
2026-05-16 06:00:00,FIC Trading,78590.08,126670.28,-48080.2
2026-05-16 07:00:00,FIC Trading,199865.6,321445.66,-121580.05999999997
2026-05-16 08:00:00,FIC Trading,1237477.9,965057.17,272420.72999999986
2026-05-16 09:00:00,FIC Trading,1279734.54,563504.44,716230.1000000001
2026-05-16 10:00:00,FIC Trading,847047.48,931632.45,-84584.96999999997
2026-05-16 11:00:00,FIC Trading,433592.11,627090.2,-193498.08999999997
2026-05-16 12:00:00,FIC Trading,300576.56,262380.12,38196.44
2026-05-16 13:00:00,FIC Trading,406274.01,289813.74,116460.27000000002
2026-05-16 14:00:00,FIC Trading,868235.34,863266.18,4969.159999999916
2026-05-16 15:00:00,FIC Trading,1023889.18,1939545.61,-915656.43
2026-05-16 16:00:00,FIC Trading,2405356.59,1119478.88,1285877.71
2026-05-16 17:00:00,FIC Trading,918613.79,396355.2,522258.59
2026-05-16 18:00:00,FIC Trading,613238.34,1301797.91,-688559.57
2026-05-16 19:00:00,FIC Trading,1319451.39,509990.45,809460.94
2026-05-16 20:00:00,FIC Trading,1505630.85,863968.18,641662.67
2026-05-16 21:00:00,FIC Trading,484190.38,526560.18,-42369.80000000005
2026-05-16 22:00:00,FIC Trading,388414.31,282537.2,105877.10999999999
2026-05-16 23:00:00,FIC Trading,160852.93,134705.61,26147.320000000007
2026-05-17 00:00:00,FIC Trading,43477.17,44977.91,-1500.7400000000052
2026-05-17 01:00:00,FIC Trading,32453.36,56554.52,-24101.159999999996
2026-05-17 02:00:00,FIC Trading,33910.69,31449.25,2461.4400000000023
2026-05-17 03:00:00,FIC Trading,29887.47,25296.82,4590.6500000000015
2026-05-17 04:00:00,FIC Trading,51602.18,43348.77,8253.410000000003
2026-05-17 05:00:00,FIC Trading,26766.79,54349.55,-27582.760000000002
2026-05-17 06:00:00,FIC Trading,93474.2,121111.2,-27637.0
2026-05-17 07:00:00,FIC Trading,187542.87,403881.21,-216338.34000000003
2026-05-17 08:00:00,FIC Trading,570793.67,806997.96,-236204.28999999992
2026-05-17 09:00:00,FIC Trading,1216290.7,10095925.83,-8879635.13
2026-05-17 10:00:00,FIC Trading,7375159.23,792051.39,6583107.840000001
2026-05-17 11:00:00,FIC Trading,350385.23,583213.54,-232828.31000000006
2026-05-17 12:00:00,FIC Trading,395543.99,597136.48,-201592.49
2026-05-17 13:00:00,FIC Trading,843900.03,573818.63,270081.4
2026-05-17 14:00:00,FIC Trading,949632.49,995556.6,-45924.109999999986
2026-05-17 15:00:00,FIC Trading,1319473.56,1355626.22,-36152.659999999916
2026-05-17 16:00:00,FIC Trading,852407.32,812264.12,40143.19999999995
2026-05-17 17:00:00,FIC Trading,800475.38,851042.22,-50566.83999999997
2026-05-17 18:00:00,FIC Trading,380723.62,663310.45,-282586.82999999996
2026-05-17 19:00:00,FIC Trading,1533670.25,682703.33,850966.92
2026-05-17 20:00:00,FIC Trading,1453996.44,1289852.22,164144.21999999997
2026-05-17 21:00:00,FIC Trading,515964.24,762114.76,-246150.52000000002
2026-05-17 22:00:00,FIC Trading,2517758.56,289134.25,2228624.31
2026-05-17 23:00:00,FIC Trading,187474.17,178467.44,9006.73000000001
2026-05-18 00:00:00,FIC Trading,207874.23,260756.31,-52882.07999999999
2026-05-18 01:00:00,FIC Trading,283137.07,335890.58,-52753.51000000001
2026-05-18 02:00:00,FIC Trading,206344.6,321081.68,-114737.07999999999
2026-05-18 03:00:00,FIC Trading,399300.94,231162.25,168138.69
2026-05-18 04:00:00,FIC Trading,239000.13,207191.61,31808.52000000002
2026-05-18 05:00:00,FIC Trading,689968.19,303499.3,386468.88999999996
2026-05-18 06:00:00,FIC Trading,893651.54,842906.04,50745.5
2026-05-18 07:00:00,FIC Trading,1486415.09,2895884.52,-1409469.43
2026-05-18 08:00:00,FIC Trading,11325310.69,31447260.11,-20121949.42
2026-05-18 09:00:00,FIC Trading,10659497.97,7209970.19,3449527.7800000003
2026-05-18 10:00:00,FIC Trading,6267031.09,7976141.94,-1709110.8500000006
2026-05-18 11:00:00,FIC Trading,3268518.1,2111349.12,1157168.98
2026-05-18 12:00:00,FIC Trading,1173587.79,4346369.0,-3172781.21
2026-05-18 13:00:00,FIC Trading,1862560.4,4692071.18,-2829510.78
2026-05-18 14:00:00,FIC Trading,6392062.17,4483244.84,1908817.33
2026-05-18 15:00:00,FIC Trading,13056302.16,8816828.97,4239473.1899999995
2026-05-18 16:00:00,FIC Trading,7647033.83,8934338.62,-1287304.789999999
2026-05-18 17:00:00,FIC Trading,7794121.53,3841276.88,3952844.6500000004
2026-05-18 18:00:00,FIC Trading,6121375.6,2245426.92,3875948.6799999997
2026-05-18 19:00:00,FIC Trading,5492890.23,3665326.07,1827564.1600000006
2026-05-18 20:00:00,FIC Trading,9842955.28,7581088.41,2261866.869999999
2026-05-18 21:00:00,FIC Trading,8916778.89,2731086.91,6185691.98
2026-05-18 22:00:00,FIC Trading,2722014.52,1629877.8,1092136.72
2026-05-18 23:00:00,FIC Trading,1000747.57,1269472.5,-268724.93000000005
2026-05-19 00:00:00,FIC Trading,245790.31,222015.39,23774.919999999984
2026-05-19 01:00:00,FIC Trading,100600.13,188126.76,-87526.63
2026-05-19 02:00:00,FIC Trading,258136.23,201844.55,56291.68000000002
2026-05-19 03:00:00,FIC Trading,301323.53,143532.89,157790.64
2026-05-19 04:00:00,FIC Trading,250669.54,289580.45,-38910.91
2026-05-19 05:00:00,FIC Trading,333648.23,228715.47,104932.75999999998
2026-05-19 06:00:00,FIC Trading,712772.89,615345.63,97427.26000000001
2026-05-19 07:00:00,FIC Trading,1184950.61,2760333.11,-1575382.4999999998
2026-05-19 08:00:00,FIC Trading,9763729.68,5115445.39,4648284.29
2026-05-19 09:00:00,FIC Trading,6380035.05,5815942.41,564092.6399999997
2026-05-19 10:00:00,FIC Trading,4419521.88,2804612.61,1614909.27
2026-05-19 11:00:00,FIC Trading,4192549.27,3040225.97,1152323.2999999998
2026-05-19 12:00:00,FIC Trading,2506223.6,1876103.68,630119.9200000002
2026-05-19 13:00:00,FIC Trading,3853788.88,2997305.92,856482.96
2026-05-19 14:00:00,FIC Trading,8490507.17,4626854.59,3863652.58
2026-05-19 15:00:00,FIC Trading,5378746.77,8300359.94,-2921613.170000001
2026-05-19 16:00:00,FIC Trading,6472139.36,8065760.55,-1593621.1899999995
2026-05-19 17:00:00,FIC Trading,6741848.96,4492007.14,2249841.8200000003
2026-05-19 18:00:00,FIC Trading,3041527.73,6722896.03,-3681368.3000000003
2026-05-19 19:00:00,FIC Trading,3845197.11,6748098.46,-2902901.35
2026-05-19 20:00:00,FIC Trading,6685576.61,6039825.78,645750.8300000001
2026-05-19 21:00:00,FIC Trading,5423526.99,6535265.63,-1111738.6399999997
2026-05-19 22:00:00,FIC Trading,3511650.53,2753319.96,758330.5699999998
2026-05-19 23:00:00,FIC Trading,665787.58,1068789.57,-403001.9900000001
2026-05-20 00:00:00,FIC Trading,95874.42,377800.49,-281926.07
2026-05-20 01:00:00,FIC Trading,323032.35,175268.46,147763.88999999998
2026-05-20 02:00:00,FIC Trading,160179.11,1985501.82,-1825322.71
2026-05-20 03:00:00,FIC Trading,189148.92,364216.17,-175067.24999999997
2026-05-20 04:00:00,FIC Trading,110988.24,272331.79,-161343.55
2026-05-20 05:00:00,FIC Trading,423041.65,266560.29,156481.36000000004
2026-05-20 06:00:00,FIC Trading,818110.94,408520.24,409590.69999999995
2026-05-20 07:00:00,FIC Trading,2657077.54,1104458.46,1552619.08
2026-05-20 08:00:00,FIC Trading,6067675.48,79368504.09,-73300828.61
2026-05-20 09:00:00,FIC Trading,3528443.84,8291332.02,-4762888.18
2026-05-20 10:00:00,FIC Trading,3886243.34,34840106.96,-30953863.62
2026-05-20 11:00:00,FIC Trading,2225341.76,3021165.58,-795823.8200000003
2026-05-20 12:00:00,FIC Trading,1369125.13,1309785.82,59339.30999999982
2026-05-20 13:00:00,FIC Trading,3185007.67,3199130.4,-14122.729999999981
2026-05-20 14:00:00,FIC Trading,7069849.75,4785726.45,2284123.3
2026-05-20 15:00:00,FIC Trading,11461054.62,5038892.21,6422162.409999999
2026-05-20 16:00:00,FIC Trading,3965961.54,3263232.15,702729.3900000001
2026-05-20 17:00:00,FIC Trading,4271937.15,2481601.04,1790336.1100000003
2026-05-20 18:00:00,FIC Trading,4945113.19,5417566.9,-472453.70999999996
2026-05-20 19:00:00,FIC Trading,3946434.11,3732883.51,213550.6000000001
2026-05-20 20:00:00,FIC Trading,6079665.06,7562005.91,-1482340.8500000006
2026-05-20 21:00:00,FIC Trading,6161496.13,7054332.84,-892836.71
2026-05-20 22:00:00,FIC Trading,2810490.51,2722576.12,87914.38999999966
2026-05-20 23:00:00,FIC Trading,1365523.62,947631.82,417891.80000000016
2026-05-21 00:00:00,FIC Trading,241885.74,251438.13,-9552.390000000014
2026-05-21 01:00:00,FIC Trading,209803.09,207435.82,2367.2699999999895
2026-05-21 02:00:00,FIC Trading,155226.89,365776.44,-210549.55
2026-05-21 03:00:00,FIC Trading,255325.77,463189.34,-207863.57000000004
2026-05-21 04:00:00,FIC Trading,246792.3,405981.9,-159189.60000000003
2026-05-21 05:00:00,FIC Trading,208921.79,142839.54,66082.25
2026-05-21 06:00:00,FIC Trading,887225.44,636979.85,250245.58999999997
2026-05-21 07:00:00,FIC Trading,3715198.04,2448393.91,1266804.13
2026-05-21 08:00:00,FIC Trading,4330719.64,6580787.34,-2250067.7
2026-05-21 09:00:00,FIC Trading,5625120.88,4066047.54,1559073.3399999999
2026-05-21 10:00:00,FIC Trading,4198801.25,3056784.63,1142016.62
2026-05-21 11:00:00,FIC Trading,1448434.69,4223690.25,-2775255.56
2026-05-21 12:00:00,FIC Trading,3588737.63,1500589.18,2088148.45
2026-05-21 13:00:00,FIC Trading,2993292.21,2134446.26,858845.9500000002
2026-05-21 14:00:00,FIC Trading,4802854.22,4520816.81,282037.41000000015
2026-05-21 15:00:00,FIC Trading,5432123.12,9473497.26,-4041374.1399999997
2026-05-21 16:00:00,FIC Trading,5812618.34,5111900.24,700718.0999999996
2026-05-21 17:00:00,FIC Trading,3359648.98,4723986.28,-1364337.3000000003
2026-05-21 18:00:00,FIC Trading,6376919.75,2690269.86,3686649.89
2026-05-21 19:00:00,FIC Trading,3522543.41,2863714.72,658828.69
2026-05-21 20:00:00,FIC Trading,3796023.59,10323855.71,-6527832.120000001
2026-05-21 21:00:00,FIC Trading,6348069.9,5801879.39,546190.5100000007
2026-05-21 22:00:00,FIC Trading,2696389.49,2408400.52,287988.9700000002
2026-05-21 23:00:00,FIC Trading,997541.08,876544.94,120996.14000000001
2026-05-22 00:00:00,FIC Trading,284631.06,400756.52,-116125.46000000002
2026-05-22 01:00:00,FIC Trading,245468.93,295206.35,-49737.419999999984
2026-05-22 02:00:00,FIC Trading,230200.38,358539.44,-128339.06
2026-05-22 03:00:00,FIC Trading,143173.21,195792.74,-52619.53
2026-05-22 04:00:00,FIC Trading,536463.2,248789.64,287673.55999999994
2026-05-22 05:00:00,FIC Trading,231435.51,349162.92,-117727.40999999997
2026-05-22 06:00:00,FIC Trading,495145.59,612269.9,-117124.31
2026-05-22 07:00:00,FIC Trading,2619231.06,2364437.92,254793.14000000013
2026-05-22 08:00:00,FIC Trading,2907274.61,4562270.83,-1654996.2200000002
2026-05-22 09:00:00,FIC Trading,6205324.14,8558305.5,-2352981.3600000003
2026-05-22 10:00:00,FIC Trading,5163810.95,3543379.43,1620431.52
2026-05-22 11:00:00,FIC Trading,2570590.52,3265857.32,-695266.7999999998
2026-05-22 12:00:00,FIC Trading,2045964.68,2034599.91,11364.770000000019
2026-05-22 13:00:00,FIC Trading,3124251.3,3345584.73,-221333.43000000017
2026-05-22 14:00:00,FIC Trading,5134832.03,7785772.04,-2650940.01
2026-05-22 15:00:00,FIC Trading,12456833.84,7272519.92,5184313.92
2026-05-22 16:00:00,FIC Trading,5952482.16,5392004.1,560478.0600000005
2026-05-22 17:00:00,FIC Trading,7041740.74,5250840.57,1790900.17
2026-05-22 18:00:00,FIC Trading,3440321.86,4653645.95,-1213324.0900000003
2026-05-22 19:00:00,FIC Trading,5422446.74,4415164.51,1007282.2300000004
2026-05-22 20:00:00,FIC Trading,6195848.71,5095490.57,1100358.1399999997
2026-05-22 21:00:00,FIC Trading,5674332.29,4734019.88,940312.4100000001
2026-05-22 22:00:00,FIC Trading,2416908.05,2231276.1,185631.94999999972
2026-05-22 23:00:00,FIC Trading,1115403.23,1794095.49,-678692.26
2026-05-23 00:00:00,FIC Trading,59978.49,40216.82,19761.67
2026-05-23 01:00:00,FIC Trading,50668.25,36184.44,14483.809999999998
2026-05-23 02:00:00,FIC Trading,50791.28,25973.59,24817.69
2026-05-23 03:00:00,FIC Trading,21960.28,46659.45,-24699.17
2026-05-23 04:00:00,FIC Trading,23650.75,29597.58,-5946.830000000002
2026-05-23 05:00:00,FIC Trading,47872.63,36204.65,11667.979999999996
2026-05-23 06:00:00,FIC Trading,142169.19,145910.37,-3741.179999999993
2026-05-23 07:00:00,FIC Trading,298149.97,419966.44,-121816.47000000003
2026-05-23 08:00:00,FIC Trading,641139.39,349503.21,291636.18
2026-05-23 09:00:00,FIC Trading,1772939.24,1056426.24,716513.0
2026-05-23 10:00:00,FIC Trading,1046224.44,881950.59,164273.84999999998
2026-05-23 11:00:00,FIC Trading,566199.01,356063.63,210135.38
2026-05-23 12:00:00,FIC Trading,228688.24,289545.41,-60857.169999999984
2026-05-23 13:00:00,FIC Trading,437953.1,286014.92,151938.18
2026-05-23 14:00:00,FIC Trading,1356165.27,370459.84,985705.4299999999
2026-05-23 15:00:00,FIC Trading,1102551.77,880996.3,221555.46999999997
2026-05-23 16:00:00,FIC Trading,806460.63,1128770.97,-322310.33999999997
2026-05-23 17:00:00,FIC Trading,466928.58,210605.06,256323.52000000002
2026-05-23 18:00:00,FIC Trading,483495.29,423092.26,60403.02999999997
2026-05-23 19:00:00,FIC Trading,1111155.85,403533.15,707622.7000000001
2026-05-23 20:00:00,FIC Trading,575186.12,864059.02,-288872.9
2026-05-23 21:00:00,FIC Trading,978313.38,1502244.29,-523930.91000000003
2026-05-23 22:00:00,FIC Trading,327731.49,376304.76,-48573.27000000002
2026-05-23 23:00:00,FIC Trading,150294.83,151975.39,-1680.5600000000268
2026-05-24 00:00:00,FIC Trading,33348.58,48291.22,-14942.64
2026-05-24 01:00:00,FIC Trading,32490.27,36269.47,-3779.2000000000007
2026-05-24 02:00:00,FIC Trading,31744.57,33391.02,-1646.449999999997
2026-05-24 03:00:00,FIC Trading,30065.75,49826.91,-19761.160000000003
2026-05-24 04:00:00,FIC Trading,29266.33,43246.44,-13980.11
2026-05-24 05:00:00,FIC Trading,70404.13,50333.36,20070.770000000004
2026-05-24 06:00:00,FIC Trading,109511.2,106059.93,3451.270000000004
2026-05-24 07:00:00,FIC Trading,342137.31,324890.83,17246.47999999998
2026-05-24 08:00:00,FIC Trading,653128.01,1157166.02,-504038.01
2026-05-24 09:00:00,FIC Trading,943662.56,992378.78,-48716.21999999997
2026-05-24 10:00:00,FIC Trading,657520.82,1298730.69,-641209.87
2026-05-24 11:00:00,FIC Trading,511077.25,277957.12,233120.13
2026-05-24 12:00:00,FIC Trading,205020.0,452147.86,-247127.86
2026-05-24 13:00:00,FIC Trading,239351.45,635650.44,-396298.98999999993
2026-05-24 14:00:00,FIC Trading,992981.9,710959.2,282022.70000000007
2026-05-24 15:00:00,FIC Trading,1096139.59,1481202.93,-385063.33999999985
2026-05-24 16:00:00,FIC Trading,813567.71,814433.01,-865.3000000000466
2026-05-24 17:00:00,FIC Trading,884338.33,658799.43,225538.8999999999
2026-05-24 18:00:00,FIC Trading,222130.05,479388.76,-257258.71000000002
2026-05-24 19:00:00,FIC Trading,1420213.14,754990.91,665222.2299999999
2026-05-24 20:00:00,FIC Trading,1411225.26,1307746.0,103479.26000000001
2026-05-24 21:00:00,FIC Trading,630077.63,907714.41,-277636.78
2026-05-24 22:00:00,FIC Trading,358631.98,273837.0,84794.97999999998
2026-05-24 23:00:00,FIC Trading,193009.51,108582.56,84426.95000000001
2026-05-25 00:00:00,FIC Trading,281813.84,263857.82,17956.02000000002
2026-05-25 01:00:00,FIC Trading,187440.72,270630.55,-83189.82999999999
2026-05-25 02:00:00,FIC Trading,132882.39,189539.67,-56657.28
2026-05-25 03:00:00,FIC Trading,490695.47,419183.8,71511.66999999998
2026-05-25 04:00:00,FIC Trading,333019.17,324926.07,8093.099999999977
2026-05-25 05:00:00,FIC Trading,312420.41,243670.59,68749.81999999998
2026-05-25 06:00:00,FIC Trading,3922025.01,576461.19,3345563.82
2026-05-25 07:00:00,FIC Trading,2962755.41,2257463.73,705291.6800000002
2026-05-25 08:00:00,FIC Trading,7071965.52,4982516.4,2089449.1199999992
2026-05-25 09:00:00,FIC Trading,3496230.37,11552323.89,-8056093.5200000005
2026-05-25 10:00:00,FIC Trading,4852266.28,7941895.0,-3089628.7199999997
2026-05-25 11:00:00,FIC Trading,2222926.36,2706366.96,-483440.6000000001
2026-05-25 12:00:00,FIC Trading,1681573.2,2313627.23,-632054.03
2026-05-25 13:00:00,FIC Trading,4587162.4,4791486.98,-204324.58000000007
2026-05-25 14:00:00,FIC Trading,3466485.52,6789370.48,-3322884.9600000004
2026-05-25 15:00:00,FIC Trading,28143750.16,9513849.23,18629900.93
2026-05-25 16:00:00,FIC Trading,5244652.47,8393256.09,-3148603.62
2026-05-25 17:00:00,FIC Trading,4523022.97,5148709.1,-625686.1299999999
2026-05-25 18:00:00,FIC Trading,5158281.76,2885259.22,2273022.5399999996
2026-05-25 19:00:00,FIC Trading,9652381.96,4159484.98,5492896.98
2026-05-25 20:00:00,FIC Trading,5883884.11,5668452.29,215431.8200000003
2026-05-25 21:00:00,FIC Trading,6998492.05,3941190.88,3057301.17
2026-05-25 22:00:00,FIC Trading,3589427.77,1616382.2,1973045.57
2026-05-25 23:00:00,FIC Trading,1303630.34,1332813.98,-29183.639999999898
2026-05-26 00:00:00,FIC Trading,232019.82,270935.77,-38915.95000000001
2026-05-26 01:00:00,FIC Trading,203463.19,150183.94,53279.25
2026-05-26 02:00:00,FIC Trading,161167.88,220596.06,-59428.17999999999
2026-05-26 03:00:00,FIC Trading,157586.38,225168.5,-67582.12
2026-05-26 04:00:00,FIC Trading,269087.14,260487.53,8599.610000000015
2026-05-26 05:00:00,FIC Trading,290151.53,207700.29,82451.24000000002
2026-05-26 06:00:00,FIC Trading,625750.66,462108.35,163642.31000000006
2026-05-26 07:00:00,FIC Trading,3008199.65,2932572.84,75626.81000000006
2026-05-26 08:00:00,FIC Trading,5086526.05,3271332.53,1815193.52
2026-05-26 09:00:00,FIC Trading,5271426.37,6860630.0,-1589203.63
2026-05-26 10:00:00,FIC Trading,4997694.67,5020059.85,-22365.179999999702
2026-05-26 11:00:00,FIC Trading,3473752.56,2560450.68,913301.8799999999
2026-05-26 12:00:00,FIC Trading,1243589.9,1993717.02,-750127.1200000001
2026-05-26 13:00:00,FIC Trading,3768701.93,6285838.12,-2517136.19
2026-05-26 14:00:00,FIC Trading,6361538.95,3800545.84,2560993.1100000003
2026-05-26 15:00:00,FIC Trading,6174437.96,11230525.55,-5056087.590000001
2026-05-26 16:00:00,FIC Trading,6008327.82,22055760.79,-16047432.969999999
2026-05-26 17:00:00,FIC Trading,2472106.75,7070158.66,-4598051.91
2026-05-26 18:00:00,FIC Trading,4005761.24,1853715.15,2152046.0900000003
2026-05-26 19:00:00,FIC Trading,3382398.18,12370663.25,-8988265.07
2026-05-26 20:00:00,FIC Trading,9466829.93,5471241.24,3995588.6899999995
2026-05-26 21:00:00,FIC Trading,27820313.26,7928386.13,19891927.130000003
2026-05-26 22:00:00,FIC Trading,2291716.61,3955987.49,-1664270.8800000004
2026-05-26 23:00:00,FIC Trading,1618928.49,902973.67,715954.82
2026-05-27 00:00:00,FIC Trading,163069.1,211606.14,-48537.04000000001
2026-05-27 01:00:00,FIC Trading,180121.62,179044.34,1077.2799999999988
2026-05-27 02:00:00,FIC Trading,123359.14,316155.33,-192796.19
2026-05-27 03:00:00,FIC Trading,370316.66,207086.22,163230.43999999997
2026-05-27 04:00:00,FIC Trading,459004.32,183502.85,275501.47
2026-05-27 05:00:00,FIC Trading,164628.81,366066.72,-201437.90999999997
2026-05-27 06:00:00,FIC Trading,543951.03,542227.48,1723.5500000000466
2026-05-27 07:00:00,FIC Trading,2442674.42,2178927.46,263746.95999999996
2026-05-27 08:00:00,FIC Trading,4555217.83,5809945.33,-1254727.5
2026-05-27 09:00:00,FIC Trading,7177516.53,5943993.27,1233523.2600000007
2026-05-27 10:00:00,FIC Trading,5265056.01,4737581.78,527474.2299999995
2026-05-27 11:00:00,FIC Trading,3006143.85,4574863.76,-1568719.9099999997
2026-05-27 12:00:00,FIC Trading,1271114.39,1699046.58,-427932.1900000002
2026-05-27 13:00:00,FIC Trading,3746846.74,3167460.09,579386.6500000004
2026-05-27 14:00:00,FIC Trading,4388663.48,6256826.9,-1868163.42
2026-05-27 15:00:00,FIC Trading,6976525.77,9688031.51,-2711505.74
2026-05-27 16:00:00,FIC Trading,14570784.2,4747464.11,9823320.09
2026-05-27 17:00:00,FIC Trading,3719420.62,5041024.87,-1321604.25
2026-05-27 18:00:00,FIC Trading,3154725.27,4144296.92,-989571.6499999999
2026-05-27 19:00:00,FIC Trading,7587440.37,2819502.06,4767938.3100000005
2026-05-27 20:00:00,FIC Trading,6370640.74,11750710.53,-5380069.789999999
2026-05-27 21:00:00,FIC Trading,5462477.91,8415709.82,-2953231.91
2026-05-27 22:00:00,FIC Trading,2777573.53,2045369.83,732203.6999999997
2026-05-27 23:00:00,FIC Trading,511903.39,710248.77,-198345.38
2026-05-28 00:00:00,FIC Trading,116325.22,259941.59,-143616.37
2026-05-28 01:00:00,FIC Trading,209303.24,145705.43,63597.81
2026-05-28 02:00:00,FIC Trading,257967.16,386894.92,-128927.75999999998
2026-05-28 03:00:00,FIC Trading,215687.03,203851.19,11835.839999999997
2026-05-28 04:00:00,FIC Trading,176114.79,431171.91,-255057.11999999997
2026-05-28 05:00:00,FIC Trading,271874.78,227290.25,44584.53000000003
2026-05-28 06:00:00,FIC Trading,645418.95,713674.27,-68255.32000000007
2026-05-28 07:00:00,FIC Trading,3130866.79,3809511.55,-678644.7599999998
2026-05-28 08:00:00,FIC Trading,7027445.68,4997562.48,2029883.1999999993
2026-05-28 09:00:00,FIC Trading,5978792.38,8186312.94,-2207520.5600000005
2026-05-28 10:00:00,FIC Trading,5391251.65,33774060.02,-28382808.370000005
2026-05-28 11:00:00,FIC Trading,17367805.31,2200569.5,15167235.809999999
2026-05-28 12:00:00,FIC Trading,2064436.8,1173441.51,890995.29
2026-05-28 13:00:00,FIC Trading,6245699.03,15859234.66,-9613535.629999999
2026-05-28 14:00:00,FIC Trading,6422565.58,8159382.01,-1736816.4299999997
2026-05-28 15:00:00,FIC Trading,12130973.85,9467874.61,2663099.24
2026-05-28 16:00:00,FIC Trading,4436166.78,9885262.42,-5449095.64
2026-05-28 17:00:00,FIC Trading,3427989.5,3943893.24,-515903.7400000002
2026-05-28 18:00:00,FIC Trading,1825439.94,2296619.01,-471179.06999999983
2026-05-28 19:00:00,FIC Trading,5749994.0,2314344.22,3435649.78
2026-05-28 20:00:00,FIC Trading,8158615.3,17110822.11,-8952206.809999999
2026-05-28 21:00:00,FIC Trading,2139648.57,6069270.92,-3929622.35
2026-05-28 22:00:00,FIC Trading,2990187.68,2839570.36,150617.3200000003
2026-05-28 23:00:00,FIC Trading,1332480.66,1159783.34,172697.31999999983
2026-05-29 00:00:00,FIC Trading,283398.57,145426.43,137972.14
2026-05-29 01:00:00,FIC Trading,153971.87,181713.98,-27742.110000000015
2026-05-29 02:00:00,FIC Trading,306717.85,441783.37,-135065.52000000002
2026-05-29 03:00:00,FIC Trading,234930.06,302406.04,-67475.97999999998
2026-05-29 04:00:00,FIC Trading,293072.44,187094.77,105977.67000000001
2026-05-29 05:00:00,FIC Trading,282986.99,197429.91,85557.07999999999
2026-05-29 06:00:00,FIC Trading,826948.69,619680.76,207267.92999999993
2026-05-29 07:00:00,FIC Trading,3514478.98,2189286.82,1325192.1600000001
2026-05-29 08:00:00,FIC Trading,5080240.39,11464842.98,-6384602.590000001
2026-05-29 09:00:00,FIC Trading,8015285.22,6968067.42,1047217.7999999998
2026-05-29 10:00:00,FIC Trading,8496634.19,3710719.33,4785914.859999999
2026-05-29 11:00:00,FIC Trading,2487764.3,2619077.02,-131312.7200000002
2026-05-29 12:00:00,FIC Trading,1200026.04,2001842.57,-801816.53
2026-05-29 13:00:00,FIC Trading,4437534.07,2294713.88,2142820.1900000004
2026-05-29 14:00:00,FIC Trading,10717484.75,7657801.3,3059683.45
2026-05-29 15:00:00,FIC Trading,12651497.05,12615832.79,35664.26000000164
2026-05-29 16:00:00,FIC Trading,8551147.3,7156334.03,1394813.2700000005
2026-05-29 17:00:00,FIC Trading,1886464.84,3284161.0,-1397696.16
2026-05-29 18:00:00,FIC Trading,3085822.13,3149020.44,-63198.310000000056
2026-05-29 19:00:00,FIC Trading,4444339.89,2950566.21,1493773.6799999997
2026-05-29 20:00:00,FIC Trading,6607101.23,5983956.17,623145.0600000005
2026-05-29 21:00:00,FIC Trading,9449096.02,5627067.38,3822028.6399999997
2026-05-29 22:00:00,FIC Trading,1917929.76,1977738.93,-59809.169999999925
2026-05-29 23:00:00,FIC Trading,2363963.05,2074259.77,289703.2799999998
2026-05-30 00:00:00,FIC Trading,30703.8,47504.14,-16800.34
2026-05-30 01:00:00,FIC Trading,26837.12,19221.84,7615.279999999999
2026-05-30 02:00:00,FIC Trading,47183.2,19360.64,27822.559999999998
2026-05-30 03:00:00,FIC Trading,48541.44,25529.15,23012.29
2026-05-30 04:00:00,FIC Trading,44876.67,63584.48,-18707.810000000005
2026-05-30 05:00:00,FIC Trading,33886.67,62145.08,-28258.410000000003
2026-05-30 06:00:00,FIC Trading,129407.9,196542.1,-67134.20000000001
2026-05-30 07:00:00,FIC Trading,249023.89,368037.6,-119013.70999999996
2026-05-30 08:00:00,FIC Trading,619161.13,780081.29,-160920.16000000003
2026-05-30 09:00:00,FIC Trading,1052943.05,721432.25,331510.80000000005
2026-05-30 10:00:00,FIC Trading,617635.88,953933.1,-336297.22
2026-05-30 11:00:00,FIC Trading,565161.86,374394.19,190767.66999999998
2026-05-30 12:00:00,FIC Trading,218002.95,252156.42,-34153.47
2026-05-30 13:00:00,FIC Trading,486364.99,949326.28,-462961.29000000004
2026-05-30 14:00:00,FIC Trading,714966.17,954684.87,-239718.69999999995
2026-05-30 15:00:00,FIC Trading,1738016.94,1974974.59,-236957.65000000014
2026-05-30 16:00:00,FIC Trading,791009.99,586558.29,204451.69999999995
2026-05-30 17:00:00,FIC Trading,958624.03,1668296.95,-709672.9199999999
2026-05-30 18:00:00,FIC Trading,840490.05,498790.77,341699.28
2026-05-30 19:00:00,FIC Trading,699802.03,1013068.76,-313266.73
2026-05-30 20:00:00,FIC Trading,985806.52,1273793.92,-287987.3999999999
2026-05-30 21:00:00,FIC Trading,665050.87,636112.78,28938.089999999967
2026-05-30 22:00:00,FIC Trading,508301.07,540811.87,-32510.79999999999
2026-05-30 23:00:00,FIC Trading,151129.8,214047.02,-62917.22
2026-05-31 00:00:00,FIC Trading,30328.35,28048.03,2280.3199999999997
2026-05-31 01:00:00,FIC Trading,35671.93,28164.55,7507.380000000001
2026-05-31 02:00:00,FIC Trading,20174.93,36575.97,-16401.04
2026-05-31 03:00:00,FIC Trading,34204.75,34598.36,-393.6100000000006
2026-05-31 04:00:00,FIC Trading,44871.41,59701.07,-14829.659999999996
2026-05-31 05:00:00,FIC Trading,46555.74,58182.4,-11626.660000000003
2026-05-31 06:00:00,FIC Trading,151462.7,108627.99,42834.71000000001
2026-05-31 07:00:00,FIC Trading,313324.6,453383.86,-140059.26
2026-05-31 08:00:00,FIC Trading,696905.52,410095.81,286809.71
2026-05-31 09:00:00,FIC Trading,736189.33,900101.87,-163912.54000000004
2026-05-31 10:00:00,FIC Trading,713994.77,933500.52,-219505.75
2026-05-31 11:00:00,FIC Trading,777989.25,592497.12,185492.13
2026-05-31 12:00:00,FIC Trading,293919.93,293566.48,353.45000000001164
2026-05-31 13:00:00,FIC Trading,428024.89,897684.27,-469659.38
2026-05-31 14:00:00,FIC Trading,684134.78,1352055.38,-667920.5999999999
2026-05-31 15:00:00,FIC Trading,690800.36,5998407.46,-5307607.1
2026-05-31 16:00:00,FIC Trading,746814.84,973684.63,-226869.79000000004
2026-05-31 17:00:00,FIC Trading,838414.66,751196.23,87218.43000000005
2026-05-31 18:00:00,FIC Trading,497966.97,485805.79,12161.179999999993
2026-05-31 19:00:00,FIC Trading,584944.34,1351778.67,-766834.33
2026-05-31 20:00:00,FIC Trading,6311170.42,638106.63,5673063.79
2026-05-31 21:00:00,FIC Trading,985333.3,845635.13,139698.17000000004
2026-05-31 22:00:00,FIC Trading,408147.71,525220.05,-117072.34000000003
2026-05-31 23:00:00,FIC Trading,129889.29,141406.42,-11517.13000000002
2026-06-01 00:00:00,FIC Trading,210058.32,198752.27,11306.050000000017
2026-06-01 01:00:00,FIC Trading,506427.1,233693.55,272733.55
2026-06-01 02:00:00,FIC Trading,358598.85,318892.35,39706.5
2026-06-01 03:00:00,FIC Trading,391525.29,201623.53,189901.75999999998
2026-06-01 04:00:00,FIC Trading,129065.53,168132.44,-39066.91
2026-06-01 05:00:00,FIC Trading,280497.66,453717.01,-173219.35000000003
2026-06-01 06:00:00,FIC Trading,577497.08,853590.14,-276093.06000000006
2026-06-01 07:00:00,FIC Trading,2883494.21,3478936.58,-595442.3700000001
2026-06-01 08:00:00,FIC Trading,7906606.75,51877538.52,-43970931.77
2026-06-01 09:00:00,FIC Trading,62650505.17,15961710.4,46688794.77
2026-06-01 10:00:00,FIC Trading,4042593.93,8312904.65,-4270310.720000001
2026-06-01 11:00:00,FIC Trading,2068162.07,2074883.39,-6721.319999999832
2026-06-01 12:00:00,FIC Trading,2210970.85,2151452.87,59517.97999999998
2026-06-01 13:00:00,FIC Trading,4506448.4,2955531.26,1550917.1400000006
2026-06-01 14:00:00,FIC Trading,6814159.07,5674729.02,1139430.0500000007
2026-06-01 15:00:00,FIC Trading,8432793.93,5040255.99,3392537.9399999995
2026-06-01 16:00:00,FIC Trading,6775835.16,6167683.24,608151.9199999999
2026-06-01 17:00:00,FIC Trading,4708378.45,5253245.2,-544866.75
2026-06-01 18:00:00,FIC Trading,4952764.52,3702797.03,1249967.4899999998
2026-06-01 19:00:00,FIC Trading,6799163.03,3588774.35,3210388.68
2026-06-01 20:00:00,FIC Trading,6558067.55,3679833.41,2878234.1399999997
2026-06-01 21:00:00,FIC Trading,5144144.56,10569383.86,-5425239.3
2026-06-01 22:00:00,FIC Trading,2715243.18,3033090.02,-317846.83999999985
2026-06-01 23:00:00,FIC Trading,820741.58,788427.43,32314.149999999907
2026-06-02 00:00:00,FIC Trading,177285.47,282100.43,-104814.95999999999
2026-06-02 01:00:00,FIC Trading,283073.33,516385.84,-233312.51
2026-06-02 02:00:00,FIC Trading,182332.54,298215.36,-115882.81999999998
2026-06-02 03:00:00,FIC Trading,311347.02,90547.57,220799.45
2026-06-02 04:00:00,FIC Trading,234062.15,618425.38,-384363.23
2026-06-02 05:00:00,FIC Trading,393983.7,158782.09,235201.61000000002
2026-06-02 06:00:00,FIC Trading,904439.26,690622.39,213816.87
2026-06-02 07:00:00,FIC Trading,26067440.17,1644251.16,24423189.01
2026-06-02 08:00:00,FIC Trading,4618353.64,4319256.88,299096.7599999998
2026-06-02 09:00:00,FIC Trading,8373136.09,8221682.62,151453.46999999974
2026-06-02 10:00:00,FIC Trading,7102961.86,2725660.12,4377301.74
2026-06-02 11:00:00,FIC Trading,1514447.44,2590230.44,-1075783.0
2026-06-02 12:00:00,FIC Trading,3227876.92,2726774.54,501102.3799999999
2026-06-02 13:00:00,FIC Trading,7741281.99,2674240.34,5067041.65
2026-06-02 14:00:00,FIC Trading,9036032.86,4089272.98,4946759.879999999
2026-06-02 15:00:00,FIC Trading,10684131.35,7870135.08,2813996.2699999996
2026-06-02 16:00:00,FIC Trading,8181579.72,6055962.79,2125616.9299999997
2026-06-02 17:00:00,FIC Trading,3826528.92,3524555.52,301973.3999999999
2026-06-02 18:00:00,FIC Trading,3709139.81,2499960.57,1209179.2400000002
2026-06-02 19:00:00,FIC Trading,7642946.81,6323698.75,1319248.0599999996
2026-06-02 20:00:00,FIC Trading,4626566.7,7723491.1,-3096924.3999999994
2026-06-02 21:00:00,FIC Trading,3610244.38,3475850.07,134394.31000000006
2026-06-02 22:00:00,FIC Trading,2436032.55,1956655.95,479376.59999999986
2026-06-02 23:00:00,FIC Trading,1356974.18,1103493.99,253480.18999999994
2026-06-03 00:00:00,FIC Trading,172818.77,171211.36,1607.4100000000035
2026-06-03 01:00:00,FIC Trading,216247.95,255486.81,-39238.859999999986
2026-06-03 02:00:00,FIC Trading,225427.78,401204.14,-175776.36000000002
2026-06-03 03:00:00,FIC Trading,164330.07,235194.1,-70864.03
2026-06-03 04:00:00,FIC Trading,101457.28,159829.67,-58372.390000000014
2026-06-03 05:00:00,FIC Trading,206473.44,347931.36,-141457.91999999998
2026-06-03 06:00:00,FIC Trading,792894.25,697510.96,95383.29000000004
2026-06-03 07:00:00,FIC Trading,2825849.34,2319662.27,506187.06999999983
2026-06-03 08:00:00,FIC Trading,6486955.7,6609097.53,-122141.83000000007
2026-06-03 09:00:00,FIC Trading,8982372.33,9479149.41,-496777.0800000001
2026-06-03 10:00:00,FIC Trading,4406200.92,26539506.83,-22133305.909999996
2026-06-03 11:00:00,FIC Trading,12651745.35,2617172.9,10034572.45
2026-06-03 12:00:00,FIC Trading,8609687.71,3757632.48,4852055.23
2026-06-03 13:00:00,FIC Trading,3252328.54,5468439.92,-2216111.38
2026-06-03 14:00:00,FIC Trading,8909755.95,8905847.74,3908.2099999990314
2026-06-03 15:00:00,FIC Trading,9209007.4,8651684.95,557322.4500000011
2026-06-03 16:00:00,FIC Trading,10434910.25,4794420.09,5640490.16
2026-06-03 17:00:00,FIC Trading,3640867.83,6440906.26,-2800038.4299999997
2026-06-03 18:00:00,FIC Trading,5601287.91,3985644.53,1615643.3800000004
2026-06-03 19:00:00,FIC Trading,11115917.46,4308459.97,6807457.490000001
2026-06-03 20:00:00,FIC Trading,6627654.52,5759352.7,868301.8199999994
2026-06-03 21:00:00,FIC Trading,6232538.56,3598983.81,2633554.7499999995
2026-06-03 22:00:00,FIC Trading,2021320.53,3919016.81,-1897696.28
2026-06-03 23:00:00,FIC Trading,1474750.06,1336123.19,138626.8700000001
2026-06-04 00:00:00,FIC Trading,347405.08,255752.53,91652.55000000002
2026-06-04 01:00:00,FIC Trading,196814.7,236432.83,-39618.129999999976
2026-06-04 02:00:00,FIC Trading,2296269.21,189127.24,2107141.9699999997
2026-06-04 03:00:00,FIC Trading,258319.38,113957.28,144362.1
2026-06-04 04:00:00,FIC Trading,273234.8,149060.17,124174.62999999998
2026-06-04 05:00:00,FIC Trading,392940.46,233888.18,159052.28000000003
2026-06-04 06:00:00,FIC Trading,7763351.56,543027.06,7220324.5
2026-06-04 07:00:00,FIC Trading,2270529.4,2705408.14,-434878.7400000002
2026-06-04 08:00:00,FIC Trading,7303984.53,7434318.52,-130333.98999999929
2026-06-04 09:00:00,FIC Trading,10708773.08,7115516.13,3593256.95
2026-06-04 10:00:00,FIC Trading,4518965.12,9213684.26,-4694719.14
2026-06-04 11:00:00,FIC Trading,2604876.59,2032605.76,572270.8299999998
2026-06-04 12:00:00,FIC Trading,958092.87,1740394.1,-782301.2300000001
2026-06-04 13:00:00,FIC Trading,4296252.18,18054855.45,-13758603.27
2026-06-04 14:00:00,FIC Trading,9951870.11,9749657.78,202212.33000000007
2026-06-04 15:00:00,FIC Trading,7364329.39,8575355.85,-1211026.46
2026-06-04 16:00:00,FIC Trading,6976325.87,7143565.44,-167239.5700000003
2026-06-04 17:00:00,FIC Trading,3967321.84,2432425.55,1534896.29
2026-06-04 18:00:00,FIC Trading,3370280.21,2765520.15,604760.06
2026-06-04 19:00:00,FIC Trading,5915059.01,7738229.97,-1823170.96
2026-06-04 20:00:00,FIC Trading,4942919.7,3033006.76,1909912.9400000004
2026-06-04 21:00:00,FIC Trading,4819544.68,8075726.69,-3256182.0100000007
2026-06-04 22:00:00,FIC Trading,2039782.33,3224114.1,-1184331.77
2026-06-04 23:00:00,FIC Trading,1325441.41,809836.29,515605.1199999999
2026-06-05 00:00:00,FIC Trading,254437.3,179364.81,75072.48999999999
2026-06-05 01:00:00,FIC Trading,201217.82,466017.63,-264799.81
2026-06-05 02:00:00,FIC Trading,237060.14,393328.89,-156268.75
2026-06-05 03:00:00,FIC Trading,216757.11,230337.31,-13580.200000000012
2026-06-05 04:00:00,FIC Trading,355640.34,256205.93,99434.41000000003
2026-06-05 05:00:00,FIC Trading,253432.34,241919.62,11512.720000000001
2026-06-05 06:00:00,FIC Trading,903833.63,778113.01,125720.62
2026-06-05 07:00:00,FIC Trading,1862344.56,1931139.56,-68795.0
2026-06-05 08:00:00,FIC Trading,7255427.0,5444435.35,1810991.6500000004
2026-06-05 09:00:00,FIC Trading,10432966.5,14025074.72,-3592108.2200000007
2026-06-05 10:00:00,FIC Trading,8019116.6,5441767.71,2577348.8899999997
2026-06-05 11:00:00,FIC Trading,4361739.32,1852479.74,2509259.58
2026-06-05 12:00:00,FIC Trading,1971091.92,1131245.64,839846.28
2026-06-05 13:00:00,FIC Trading,5401977.47,3755760.08,1646217.3899999997
2026-06-05 14:00:00,FIC Trading,11451632.72,5097007.82,6354624.9
2026-06-05 15:00:00,FIC Trading,5441109.51,9008270.61,-3567161.0999999996
2026-06-05 16:00:00,FIC Trading,5390760.09,3867610.25,1523149.8399999999
2026-06-05 17:00:00,FIC Trading,2538731.45,5527145.88,-2988414.4299999997
2026-06-05 18:00:00,FIC Trading,5588774.38,2614671.27,2974103.11
2026-06-05 19:00:00,FIC Trading,3216375.9,47149963.7,-43933587.800000004
2026-06-05 20:00:00,FIC Trading,3488585.17,5570685.53,-2082100.3600000003
2026-06-05 21:00:00,FIC Trading,3564197.59,9209647.41,-5645449.82
2026-06-05 22:00:00,FIC Trading,1523524.99,2874264.61,-1350739.6199999999
2026-06-05 23:00:00,FIC Trading,1186282.0,2078454.28,-892172.28
2026-06-06 00:00:00,FIC Trading,97204.73,43806.35,53398.38
2026-06-06 01:00:00,FIC Trading,19425.8,59288.25,-39862.45
2026-06-06 02:00:00,FIC Trading,34589.86,33463.48,1126.3799999999974
2026-06-06 03:00:00,FIC Trading,35335.94,40656.35,-5320.409999999996
2026-06-06 04:00:00,FIC Trading,18578.64,56164.21,-37585.57
2026-06-06 05:00:00,FIC Trading,34554.43,62451.17,-27896.739999999998
2026-06-06 06:00:00,FIC Trading,105756.16,134078.45,-28322.290000000008
2026-06-06 07:00:00,FIC Trading,315578.01,326958.96,-11380.950000000012
2026-06-06 08:00:00,FIC Trading,729298.03,794050.95,-64752.919999999925
2026-06-06 09:00:00,FIC Trading,1644677.22,1662451.29,-17774.070000000065
2026-06-06 10:00:00,FIC Trading,1744419.36,1351909.21,392510.15000000014
2026-06-06 11:00:00,FIC Trading,350372.13,325859.45,24512.679999999993
2026-06-06 12:00:00,FIC Trading,168041.11,211002.34,-42961.23000000001
2026-06-06 13:00:00,FIC Trading,483966.14,392677.21,91288.93
2026-06-06 14:00:00,FIC Trading,1041385.39,1334080.38,-292694.9899999999
2026-06-06 15:00:00,FIC Trading,1186412.26,895293.01,291119.25
2026-06-06 16:00:00,FIC Trading,1236693.95,1361387.09,-124693.14000000013
2026-06-06 17:00:00,FIC Trading,1394042.82,788167.74,605875.0800000001
2026-06-06 18:00:00,FIC Trading,317476.11,469678.88,-152202.77000000002
2026-06-06 19:00:00,FIC Trading,684986.37,11526735.4,-10841749.030000001
2026-06-06 20:00:00,FIC Trading,1673171.96,563839.1,1109332.8599999999
2026-06-06 21:00:00,FIC Trading,653894.31,1353280.78,-699386.47
2026-06-06 22:00:00,FIC Trading,553573.18,453965.4,99607.78000000003
2026-06-06 23:00:00,FIC Trading,201747.98,76373.16,125374.82
2026-06-07 00:00:00,FIC Trading,396843.14,62845.34,333997.80000000005
2026-06-07 01:00:00,FIC Trading,68571.04,50592.0,17979.039999999994
2026-06-07 02:00:00,FIC Trading,39440.44,30989.86,8450.580000000002
2026-06-07 03:00:00,FIC Trading,19065.32,25702.21,-6636.889999999999
2026-06-07 04:00:00,FIC Trading,27974.52,21169.92,6804.600000000002
2026-06-07 05:00:00,FIC Trading,95340.02,105959.31,-10619.289999999994
2026-06-07 06:00:00,FIC Trading,66174.18,80591.54,-14417.36
2026-06-07 07:00:00,FIC Trading,425462.3,235651.93,189810.37
2026-06-07 08:00:00,FIC Trading,339448.88,921950.1,-582501.22
2026-06-07 09:00:00,FIC Trading,678320.21,629297.47,49022.73999999999
2026-06-07 10:00:00,FIC Trading,1122500.88,598641.08,523859.79999999993
2026-06-07 11:00:00,FIC Trading,395929.68,568048.79,-172119.11000000004
2026-06-07 12:00:00,FIC Trading,233951.21,322034.47,-88083.25999999998
2026-06-07 13:00:00,FIC Trading,395082.43,470692.62,-75610.19
2026-06-07 14:00:00,FIC Trading,483724.12,6864607.45,-6380883.33
2026-06-07 15:00:00,FIC Trading,1540756.3,1061674.46,479081.8400000001
2026-06-07 16:00:00,FIC Trading,904473.91,1000643.88,-96169.96999999997
2026-06-07 17:00:00,FIC Trading,377338.35,498740.21,-121401.86000000004
2026-06-07 18:00:00,FIC Trading,584385.61,2601581.95,-2017196.3400000003
2026-06-07 19:00:00,FIC Trading,1002561.62,638733.7,363827.92000000004
2026-06-07 20:00:00,FIC Trading,909450.51,729608.61,179841.90000000002
2026-06-07 21:00:00,FIC Trading,817506.72,1090966.82,-273460.1000000001
2026-06-07 22:00:00,FIC Trading,425564.11,531632.27,-106068.16000000003
2026-06-07 23:00:00,FIC Trading,126320.95,113865.45,12455.5
2026-06-08 00:00:00,FIC Trading,238486.33,158000.96,80485.37
2026-06-08 01:00:00,FIC Trading,302671.25,227145.84,75525.41
2026-06-08 02:00:00,FIC Trading,336117.76,510303.05,-174185.28999999998
2026-06-08 03:00:00,FIC Trading,308828.63,167612.08,141216.55000000002
2026-06-08 04:00:00,FIC Trading,188156.17,231006.51,-42850.34
2026-06-08 05:00:00,FIC Trading,369490.71,312880.44,56610.27000000002
2026-06-08 06:00:00,FIC Trading,851749.8,714564.04,137185.76
2026-06-08 07:00:00,FIC Trading,15941362.33,2082570.84,13858791.49
2026-06-08 08:00:00,FIC Trading,4637877.57,8384309.97,-3746432.3999999994
2026-06-08 09:00:00,FIC Trading,9205547.34,8725868.58,479678.7599999998
2026-06-08 10:00:00,FIC Trading,8883262.76,7565517.37,1317745.3899999997
2026-06-08 11:00:00,FIC Trading,1382550.29,3285818.49,-1903268.2000000002
2026-06-08 12:00:00,FIC Trading,3158993.13,2495356.21,663636.9199999999
2026-06-08 13:00:00,FIC Trading,5264254.95,6254752.1,-990497.1499999994
2026-06-08 14:00:00,FIC Trading,6954304.41,10599770.58,-3645466.17
2026-06-08 15:00:00,FIC Trading,7407185.22,18643795.29,-11236610.07
2026-06-08 16:00:00,FIC Trading,7632927.47,10438828.27,-2805900.8
2026-06-08 17:00:00,FIC Trading,3424522.0,3434178.18,-9656.180000000168
2026-06-08 18:00:00,FIC Trading,3622506.94,5097525.88,-1475018.94
2026-06-08 19:00:00,FIC Trading,3254315.92,6761481.29,-3507165.37
2026-06-08 20:00:00,FIC Trading,3535688.48,12280682.08,-8744993.6
2026-06-08 21:00:00,FIC Trading,11838225.06,3597754.67,8240470.390000001
2026-06-08 22:00:00,FIC Trading,2861975.88,3290562.5,-428586.6200000001
2026-06-08 23:00:00,FIC Trading,1158191.69,828892.07,329299.62
2026-06-09 00:00:00,FIC Trading,231496.47,287157.17,-55660.69999999998
2026-06-09 01:00:00,FIC Trading,175142.58,222622.56,-47479.98000000001
2026-06-09 02:00:00,FIC Trading,210159.03,283856.32,-73697.29000000001
2026-06-09 03:00:00,FIC Trading,241760.44,146603.36,95157.08000000002
2026-06-09 04:00:00,FIC Trading,222456.87,322629.21,-100172.34000000003
2026-06-09 05:00:00,FIC Trading,227279.43,2693335.2,-2466055.77
2026-06-09 06:00:00,FIC Trading,855940.32,782868.62,73071.69999999995
2026-06-09 07:00:00,FIC Trading,2546160.15,4838266.38,-2292106.23
2026-06-09 08:00:00,FIC Trading,6260650.04,4895003.15,1365646.8899999997
2026-06-09 09:00:00,FIC Trading,9287592.53,8389864.71,897727.8199999984
2026-06-09 10:00:00,FIC Trading,5168423.42,5827940.13,-659516.71
2026-06-09 11:00:00,FIC Trading,2456909.39,2865223.92,-408314.5299999998
2026-06-09 12:00:00,FIC Trading,2989452.65,3971647.29,-982194.6400000001
2026-06-09 13:00:00,FIC Trading,2517026.93,3673452.48,-1156425.5499999998
2026-06-09 14:00:00,FIC Trading,3366582.79,5454380.46,-2087797.67
2026-06-09 15:00:00,FIC Trading,9787830.89,15905230.08,-6117399.1899999995
2026-06-09 16:00:00,FIC Trading,5341717.39,6121283.67,-779566.2800000003
2026-06-09 17:00:00,FIC Trading,2939051.59,2475077.4,463974.18999999994
2026-06-09 18:00:00,FIC Trading,5255067.63,2923848.68,2331218.9499999997
2026-06-09 19:00:00,FIC Trading,5183977.34,3408540.03,1775437.31
2026-06-09 20:00:00,FIC Trading,4179508.5,3339884.87,839623.6299999999
2026-06-09 21:00:00,FIC Trading,10301170.48,4444912.47,5856258.010000001
2026-06-09 22:00:00,FIC Trading,1593122.19,2641112.04,-1047989.8500000001
2026-06-09 23:00:00,FIC Trading,1046269.84,1590254.5,-543984.66
2026-06-10 00:00:00,FIC Trading,120792.51,299145.32,-178352.81
2026-06-10 01:00:00,FIC Trading,257250.85,294412.28,-37161.43000000002
2026-06-10 02:00:00,FIC Trading,186970.01,175568.73,11401.279999999999
2026-06-10 03:00:00,FIC Trading,311929.58,327364.98,-15435.399999999965
2026-06-10 04:00:00,FIC Trading,236860.51,397742.95,-160882.44
2026-06-10 05:00:00,FIC Trading,474453.64,348231.96,126221.68
2026-06-10 06:00:00,FIC Trading,622646.97,860555.85,-237908.88
2026-06-10 07:00:00,FIC Trading,1359433.72,1570406.12,-210972.40000000014
2026-06-10 08:00:00,FIC Trading,5929245.19,8094110.03,-2164864.84
2026-06-10 09:00:00,FIC Trading,6642700.42,13881016.52,-7238316.1
2026-06-10 10:00:00,FIC Trading,2902319.09,6300331.25,-3398012.16
2026-06-10 11:00:00,FIC Trading,1801522.06,2171260.23,-369738.1699999999
2026-06-10 12:00:00,FIC Trading,1374700.05,1724352.08,-349652.03
2026-06-10 13:00:00,FIC Trading,6036762.91,3100775.43,2935987.48
2026-06-10 14:00:00,FIC Trading,8308469.05,5863868.8,2444600.25
2026-06-10 15:00:00,FIC Trading,7134869.89,10366983.42,-3232113.5300000003
2026-06-10 16:00:00,FIC Trading,7850868.39,7517813.46,333054.9299999997
2026-06-10 17:00:00,FIC Trading,2098764.46,6168537.84,-4069773.38
2026-06-10 18:00:00,FIC Trading,3163384.28,4314631.74,-1151247.4600000004
2026-06-10 19:00:00,FIC Trading,6275103.04,3896812.41,2378290.63
2026-06-10 20:00:00,FIC Trading,6891734.43,5262899.13,1628835.2999999998
2026-06-10 21:00:00,FIC Trading,4332963.57,4144661.22,188302.3500000001
2026-06-10 22:00:00,FIC Trading,2762201.71,2535804.94,226396.77000000002
2026-06-10 23:00:00,FIC Trading,1213983.03,1971627.0,-757643.97
2026-06-11 00:00:00,FIC Trading,233234.94,475731.58,-242496.64
2026-06-11 01:00:00,FIC Trading,316294.16,321645.34,-5351.180000000051
2026-06-11 02:00:00,FIC Trading,261617.11,250190.2,11426.909999999974
2026-06-11 03:00:00,FIC Trading,280049.23,149122.9,130926.32999999999
2026-06-11 04:00:00,FIC Trading,434111.24,263981.06,170130.18
2026-06-11 05:00:00,FIC Trading,395076.1,230043.05,165033.05
2026-06-11 06:00:00,FIC Trading,1331038.88,1313407.32,17631.559999999823
2026-06-11 07:00:00,FIC Trading,1884172.49,1393529.27,490643.22
2026-06-11 08:00:00,FIC Trading,3124959.88,6402276.47,-3277316.59
2026-06-11 09:00:00,FIC Trading,6908934.38,5480781.58,1428152.7999999998
2026-06-11 10:00:00,FIC Trading,5069754.21,5608249.04,-538494.8300000001
2026-06-11 11:00:00,FIC Trading,4344062.4,3375207.03,968855.3700000006
2026-06-11 12:00:00,FIC Trading,1198075.31,2609708.73,-1411633.42
2026-06-11 13:00:00,FIC Trading,3407149.79,3516822.55,-109672.75999999978
2026-06-11 14:00:00,FIC Trading,7474387.01,8683222.9,-1208835.8900000006
2026-06-11 15:00:00,FIC Trading,8345622.91,6553291.73,1792331.1799999997
2026-06-11 16:00:00,FIC Trading,6270050.23,7429074.79,-1159024.5599999996
2026-06-11 17:00:00,FIC Trading,4858154.99,6164805.67,-1306650.6799999997
2026-06-11 18:00:00,FIC Trading,5624003.29,4256430.52,1367572.7700000005
2026-06-11 19:00:00,FIC Trading,9334828.81,4381185.66,4953643.15
2026-06-11 20:00:00,FIC Trading,6579268.7,5687435.36,891833.3399999999
2026-06-11 21:00:00,FIC Trading,3933306.31,7201541.15,-3268234.8400000003
2026-06-11 22:00:00,FIC Trading,4789963.83,1847124.36,2942839.4699999997
2026-06-11 23:00:00,FIC Trading,739631.67,755934.16,-16302.48999999999
2026-06-12 00:00:00,FIC Trading,437914.51,296247.42,141667.09000000003
2026-06-12 01:00:00,FIC Trading,374566.24,205807.0,168759.24
2026-06-12 02:00:00,FIC Trading,394108.35,144327.31,249781.03999999998
2026-06-12 03:00:00,FIC Trading,297649.93,385343.68,-87693.75
2026-06-12 04:00:00,FIC Trading,113770.71,166336.75,-52566.03999999999
2026-06-12 05:00:00,FIC Trading,930150.25,282864.64,647285.61
2026-06-12 06:00:00,FIC Trading,805763.64,597566.25,208197.39
2026-06-12 07:00:00,FIC Trading,1881712.58,2202927.91,-321215.3300000001
2026-06-12 08:00:00,FIC Trading,4886216.8,4106073.82,780142.98
2026-06-12 09:00:00,FIC Trading,8992550.85,9556573.38,-564022.5300000012
2026-06-12 10:00:00,FIC Trading,5169417.76,5849505.37,-680087.6100000003
2026-06-12 11:00:00,FIC Trading,1701240.66,3772023.36,-2070782.7
2026-06-12 12:00:00,FIC Trading,2425923.95,1474532.08,951391.8700000001
2026-06-12 13:00:00,FIC Trading,4194187.8,7578816.77,-3384628.9699999997
2026-06-12 14:00:00,FIC Trading,5944822.97,3415554.65,2529268.32
2026-06-12 15:00:00,FIC Trading,10336119.28,4744731.26,5591388.02
2026-06-12 16:00:00,FIC Trading,6883217.58,12591759.47,-5708541.890000001
2026-06-12 17:00:00,FIC Trading,6828712.8,5124323.94,1704388.8599999994
2026-06-12 18:00:00,FIC Trading,4064465.83,4270287.76,-205821.9299999997
2026-06-12 19:00:00,FIC Trading,8667810.37,6132092.45,2535717.919999999
2026-06-12 20:00:00,FIC Trading,3375902.19,7658734.74,-4282832.550000001
2026-06-12 21:00:00,FIC Trading,42119192.64,5605420.81,36513771.83
2026-06-12 22:00:00,FIC Trading,2435578.48,1930364.94,505213.54000000004
2026-06-12 23:00:00,FIC Trading,5209679.09,1400845.69,3808833.4
2026-06-13 00:00:00,FIC Trading,52650.53,45365.7,7284.830000000002
2026-06-13 01:00:00,FIC Trading,47912.76,59351.06,-11438.299999999996
2026-06-13 02:00:00,FIC Trading,17390.94,66754.29,-49363.34999999999
2026-06-13 03:00:00,FIC Trading,45120.41,40443.09,4677.320000000007
2026-06-13 04:00:00,FIC Trading,44008.75,23857.83,20150.92
2026-06-13 05:00:00,FIC Trading,34441.29,84608.27,-50166.98
2026-06-13 06:00:00,FIC Trading,81036.79,77962.26,3074.529999999999
2026-06-13 07:00:00,FIC Trading,204914.48,412773.63,-207859.15
2026-06-13 08:00:00,FIC Trading,727246.46,767288.24,-40041.78000000003
2026-06-13 09:00:00,FIC Trading,1022932.05,960206.07,62725.9800000001
2026-06-13 10:00:00,FIC Trading,1087715.86,1102911.97,-15196.10999999987
2026-06-13 11:00:00,FIC Trading,429633.88,436823.38,-7189.5
2026-06-13 12:00:00,FIC Trading,184177.39,327608.53,-143431.14
2026-06-13 13:00:00,FIC Trading,571191.8,405023.29,166168.51000000007
2026-06-13 14:00:00,FIC Trading,890148.88,938869.06,-48720.18000000005
2026-06-13 15:00:00,FIC Trading,871440.37,946839.94,-75399.56999999995
2026-06-13 16:00:00,FIC Trading,572565.71,953770.55,-381204.8400000001
2026-06-13 17:00:00,FIC Trading,799891.61,624625.66,175265.94999999995
2026-06-13 18:00:00,FIC Trading,5047234.9,1083918.33,3963316.5700000003
2026-06-13 19:00:00,FIC Trading,994008.72,722298.86,271709.86
2026-06-13 20:00:00,FIC Trading,756112.99,447018.57,309094.42
2026-06-13 21:00:00,FIC Trading,833421.6,1233650.28,-400228.68000000005
2026-06-13 22:00:00,FIC Trading,259483.67,475160.06,-215676.38999999998
2026-06-13 23:00:00,FIC Trading,114537.24,150730.12,-36192.87999999999
2026-06-14 00:00:00,FIC Trading,35516.86,30891.89,4624.970000000001
2026-06-14 01:00:00,FIC Trading,38475.62,25844.43,12631.190000000002
2026-06-14 02:00:00,FIC Trading,19848.53,70941.17,-51092.64
2026-06-14 03:00:00,FIC Trading,24258.59,36685.25,-12426.66
2026-06-14 04:00:00,FIC Trading,31454.72,19956.23,11498.490000000002
2026-06-14 05:00:00,FIC Trading,62042.07,51027.16,11014.909999999996
2026-06-14 06:00:00,FIC Trading,81668.93,169819.73,-88150.80000000002
2026-06-14 07:00:00,FIC Trading,375588.98,387363.68,-11774.700000000012
2026-06-14 08:00:00,FIC Trading,891842.03,612262.85,279579.18000000005
2026-06-14 09:00:00,FIC Trading,997404.94,789177.13,208227.80999999994
2026-06-14 10:00:00,FIC Trading,903877.07,612251.13,291625.93999999994
2026-06-14 11:00:00,FIC Trading,244185.8,683036.56,-438850.76000000007
2026-06-14 12:00:00,FIC Trading,212160.21,266960.97,-54800.75999999998
2026-06-14 13:00:00,FIC Trading,867959.44,299430.16,568529.28
2026-06-14 14:00:00,FIC Trading,1647430.93,1141443.69,505987.24
2026-06-14 15:00:00,FIC Trading,1623531.31,1302225.73,321305.5800000001
2026-06-14 16:00:00,FIC Trading,1467906.19,873916.45,593989.74
2026-06-14 17:00:00,FIC Trading,339246.26,3991601.41,-3652355.1500000004
2026-06-14 18:00:00,FIC Trading,414864.23,391689.0,23175.22999999998
2026-06-14 19:00:00,FIC Trading,733620.06,1156954.97,-423334.9099999999
2026-06-14 20:00:00,FIC Trading,2272307.34,1025759.96,1246547.38
2026-06-14 21:00:00,FIC Trading,4359920.03,895136.31,3464783.72
2026-06-14 22:00:00,FIC Trading,545001.05,442338.98,102662.07000000007
2026-06-14 23:00:00,FIC Trading,184681.78,176979.81,7701.970000000001
2026-06-15 00:00:00,FIC Trading,265062.15,203710.69,61351.46000000002
2026-06-15 01:00:00,FIC Trading,232080.8,223318.46,8762.339999999997
2026-06-15 02:00:00,FIC Trading,153749.52,360817.84,-207068.32000000004
2026-06-15 03:00:00,FIC Trading,90978.56,394041.26,-303062.7
2026-06-15 04:00:00,FIC Trading,373232.48,159356.25,213876.22999999998
2026-06-15 05:00:00,FIC Trading,238334.93,281991.92,-43656.98999999999
2026-06-15 06:00:00,FIC Trading,376489.42,995701.24,-619211.8200000001
2026-06-15 07:00:00,FIC Trading,2778594.2,4724229.47,-1945635.2699999996
2026-06-15 08:00:00,FIC Trading,37071403.6,10441309.04,26630094.560000002
2026-06-15 09:00:00,FIC Trading,9494151.69,5633417.43,3860734.26
2026-06-15 10:00:00,FIC Trading,8107191.92,8791936.66,-684744.7400000002
2026-06-15 11:00:00,FIC Trading,1889608.69,2728782.41,-839173.7200000002
2026-06-15 12:00:00,FIC Trading,7418930.23,2630293.4,4788636.83
2026-06-15 13:00:00,FIC Trading,3132832.65,4733652.05,-1600819.4
2026-06-15 14:00:00,FIC Trading,8647267.69,4274125.65,4373142.039999999
2026-06-15 15:00:00,FIC Trading,3860426.52,10017393.15,-6156966.630000001
2026-06-15 16:00:00,FIC Trading,6963567.82,9693511.07,-2729943.25
2026-06-15 17:00:00,FIC Trading,5938178.37,4310395.57,1627782.7999999998
2026-06-15 18:00:00,FIC Trading,5265411.63,3476358.5,1789053.13
2026-06-15 19:00:00,FIC Trading,6988305.28,3041976.02,3946329.2600000002
2026-06-15 20:00:00,FIC Trading,9435614.05,64184105.98,-54748491.92999999
2026-06-15 21:00:00,FIC Trading,2000730.65,5429664.57,-3428933.9200000004
2026-06-15 22:00:00,FIC Trading,4924141.62,1960130.93,2964010.6900000004
2026-06-15 23:00:00,FIC Trading,1210714.25,938629.26,272084.99
2026-06-16 00:00:00,FIC Trading,373324.89,1734362.46,-1361037.5699999998
2026-06-16 01:00:00,FIC Trading,155120.03,197377.19,-42257.16
2026-06-16 02:00:00,FIC Trading,126658.8,240228.63,-113569.83
2026-06-16 03:00:00,FIC Trading,437581.71,130174.08,307407.63
2026-06-16 04:00:00,FIC Trading,172306.35,391964.8,-219658.44999999998
2026-06-16 05:00:00,FIC Trading,265245.04,305007.77,-39762.73000000004
2026-06-16 06:00:00,FIC Trading,870431.18,505184.47,365246.7100000001
2026-06-16 07:00:00,FIC Trading,3124171.38,1033631.64,2090539.7399999998
2026-06-16 08:00:00,FIC Trading,7958272.9,8022750.66,-64477.75999999978
2026-06-16 09:00:00,FIC Trading,7846745.4,9048179.16,-1201433.7599999998
2026-06-16 10:00:00,FIC Trading,3793324.59,6057570.86,-2264246.2700000005
2026-06-16 11:00:00,FIC Trading,3337881.8,3616872.13,-278990.3300000001
2026-06-16 12:00:00,FIC Trading,2291316.48,2466657.55,-175341.06999999983
2026-06-16 13:00:00,FIC Trading,1855624.93,33965405.03,-32109780.1
2026-06-16 14:00:00,FIC Trading,10656915.53,6086005.73,4570909.799999999
2026-06-16 15:00:00,FIC Trading,3374424.72,7140854.54,-3766429.82
2026-06-16 16:00:00,FIC Trading,9562653.16,7899445.77,1663207.3900000006
2026-06-16 17:00:00,FIC Trading,3432268.07,7078379.52,-3646111.4499999997
2026-06-16 18:00:00,FIC Trading,4934680.29,3655306.61,1279373.6800000002
2026-06-16 19:00:00,FIC Trading,6519576.99,8840617.89,-2321040.9000000004
2026-06-16 20:00:00,FIC Trading,6420193.03,7145820.31,-725627.2799999993
2026-06-16 21:00:00,FIC Trading,6128234.57,5766453.62,361780.9500000002
2026-06-16 22:00:00,FIC Trading,2716050.76,6281218.3,-3565167.54
2026-06-16 23:00:00,FIC Trading,1384655.72,1876009.05,-491353.3300000001
2026-06-17 00:00:00,FIC Trading,502786.8,2257653.25,-1754866.45
2026-06-17 01:00:00,FIC Trading,146333.41,181539.69,-35206.28
2026-06-17 02:00:00,FIC Trading,76668.05,516935.43,-440267.38
2026-06-17 03:00:00,FIC Trading,202460.59,233357.87,-30897.28
2026-06-17 04:00:00,FIC Trading,201169.45,225710.35,-24540.899999999994
2026-06-17 05:00:00,FIC Trading,259122.86,142455.84,116667.01999999999
2026-06-17 06:00:00,FIC Trading,523284.84,832055.52,-308770.68
2026-06-17 07:00:00,FIC Trading,3234941.09,1673308.29,1561632.7999999998
2026-06-17 08:00:00,FIC Trading,3364572.77,6455761.24,-3091188.47
2026-06-17 09:00:00,FIC Trading,8496760.52,4956419.97,3540340.55
2026-06-17 10:00:00,FIC Trading,6860045.19,10556732.57,-3696687.38
2026-06-17 11:00:00,FIC Trading,2911819.26,3242626.62,-330807.36000000034
2026-06-17 12:00:00,FIC Trading,2110093.08,4053191.63,-1943098.5499999998
2026-06-17 13:00:00,FIC Trading,4882841.27,2511150.61,2371690.6599999997
2026-06-17 14:00:00,FIC Trading,6608899.71,11440728.97,-4831829.260000001
2026-06-17 15:00:00,FIC Trading,7137963.47,4396824.9,2741138.5699999994
2026-06-17 16:00:00,FIC Trading,7893577.04,7332300.47,561276.5700000003
2026-06-17 17:00:00,FIC Trading,5287195.52,3479943.04,1807252.4799999995
2026-06-17 18:00:00,FIC Trading,5263245.89,3239475.06,2023770.8299999996
2026-06-17 19:00:00,FIC Trading,2994879.68,4400930.22,-1406050.5399999996
2026-06-17 20:00:00,FIC Trading,6099489.29,4552941.84,1546547.4500000002
2026-06-17 21:00:00,FIC Trading,3604371.76,3247626.83,356744.9299999997
2026-06-17 22:00:00,FIC Trading,3406800.62,2318513.53,1088287.0900000003
2026-06-17 23:00:00,FIC Trading,1390852.61,1095618.71,295233.90000000014
2026-06-18 00:00:00,FIC Trading,212571.13,360658.65,-148087.52000000002
2026-06-18 01:00:00,FIC Trading,181286.29,266137.14,-84850.85
2026-06-18 02:00:00,FIC Trading,288378.41,3124513.65,-2836135.2399999998
2026-06-18 03:00:00,FIC Trading,223496.65,143163.48,80333.16999999998
2026-06-18 04:00:00,FIC Trading,392611.26,210047.81,182563.45
2026-06-18 05:00:00,FIC Trading,550036.57,389016.1,161020.46999999997
2026-06-18 06:00:00,FIC Trading,1027237.5,836991.69,190245.81000000006
2026-06-18 07:00:00,FIC Trading,2585939.41,1808622.08,777317.3300000001
2026-06-18 08:00:00,FIC Trading,10336874.08,7760200.88,2576673.2
2026-06-18 09:00:00,FIC Trading,7894495.86,6179799.84,1714696.0200000005
2026-06-18 10:00:00,FIC Trading,4639159.47,4286590.34,352569.1299999999
2026-06-18 11:00:00,FIC Trading,2057817.26,3170104.38,-1112287.1199999999
2026-06-18 12:00:00,FIC Trading,1390976.99,1828889.32,-437912.3300000001
2026-06-18 13:00:00,FIC Trading,3494723.74,2991515.61,503208.13000000035
2026-06-18 14:00:00,FIC Trading,7627420.53,5474292.18,2153128.3500000006
2026-06-18 15:00:00,FIC Trading,4910601.27,5682567.37,-771966.1000000006
2026-06-18 16:00:00,FIC Trading,5689917.04,5935498.44,-245581.40000000037
2026-06-18 17:00:00,FIC Trading,4616595.97,6379484.67,-1762888.7000000002
2026-06-18 18:00:00,FIC Trading,4828948.6,4127982.33,700966.2699999996
2026-06-18 19:00:00,FIC Trading,5404157.47,7375012.58,-1970855.1100000003
2026-06-18 20:00:00,FIC Trading,7085276.68,7512349.27,-427072.58999999985
2026-06-18 21:00:00,FIC Trading,3392420.04,4073608.67,-681188.6299999999
2026-06-18 22:00:00,FIC Trading,2034623.05,1519796.13,514826.92000000016
2026-06-18 23:00:00,FIC Trading,1055766.56,760568.02,295198.54000000004
2026-06-19 00:00:00,FIC Trading,279782.92,189749.81,90033.10999999999
2026-06-19 01:00:00,FIC Trading,253731.71,184681.94,69049.76999999999
2026-06-19 02:00:00,FIC Trading,173859.54,2405988.83,-2232129.29
2026-06-19 03:00:00,FIC Trading,215558.98,337327.76,-121768.78
2026-06-19 04:00:00,FIC Trading,404519.55,530082.32,-125562.76999999996
2026-06-19 05:00:00,FIC Trading,357788.34,232169.24,125619.10000000003
2026-06-19 06:00:00,FIC Trading,683682.08,1298291.29,-614609.2100000001
2026-06-19 07:00:00,FIC Trading,1664651.66,32537835.7,-30873184.04
2026-06-19 08:00:00,FIC Trading,4250711.62,5159252.96,-908541.3399999999
2026-06-19 09:00:00,FIC Trading,7273374.23,8784386.51,-1511012.2799999993
2026-06-19 10:00:00,FIC Trading,6042588.91,8686981.35,-2644392.4399999995
2026-06-19 11:00:00,FIC Trading,3177078.93,2618781.63,558297.3000000003
2026-06-19 12:00:00,FIC Trading,2038118.07,1739873.58,298244.49
2026-06-19 13:00:00,FIC Trading,3076833.59,2884153.29,192680.2999999998
2026-06-19 14:00:00,FIC Trading,5423723.75,2912330.12,2511393.63
2026-06-19 15:00:00,FIC Trading,16496486.7,8469716.85,8026769.85
2026-06-19 16:00:00,FIC Trading,5479731.92,5317528.5,162203.41999999993
2026-06-19 17:00:00,FIC Trading,2726622.0,2979370.39,-252748.39000000013
2026-06-19 18:00:00,FIC Trading,2172347.65,4392783.86,-2220436.2100000004
2026-06-19 19:00:00,FIC Trading,4819284.21,3172850.5,1646433.71
2026-06-19 20:00:00,FIC Trading,9037977.43,8314925.98,723051.4499999993
2026-06-19 21:00:00,FIC Trading,4277824.96,5977935.0,-1700110.04
2026-06-19 22:00:00,FIC Trading,4695318.82,2353039.79,2342279.0300000003
2026-06-19 23:00:00,FIC Trading,1075752.27,1028962.19,46790.080000000075
2026-06-20 00:00:00,FIC Trading,51756.32,23734.78,28021.54
2026-06-20 01:00:00,FIC Trading,26923.48,46811.91,-19888.430000000004
2026-06-20 02:00:00,FIC Trading,27070.39,38440.5,-11370.11
2026-06-20 03:00:00,FIC Trading,36262.25,39483.25,-3221.0
2026-06-20 04:00:00,FIC Trading,42323.0,43702.97,-1379.9700000000012
2026-06-20 05:00:00,FIC Trading,41666.45,36335.81,5330.639999999999
2026-06-20 06:00:00,FIC Trading,120255.96,65425.17,54830.79000000001
2026-06-20 07:00:00,FIC Trading,439335.84,512690.98,-73355.13999999996
2026-06-20 08:00:00,FIC Trading,497813.05,1068243.35,-570430.3
2026-06-20 09:00:00,FIC Trading,966055.1,925645.39,40409.70999999996
2026-06-20 10:00:00,FIC Trading,686322.39,973981.91,-287659.52
2026-06-20 11:00:00,FIC Trading,331659.07,622820.78,-291161.71
2026-06-20 12:00:00,FIC Trading,307745.89,407780.95,-100035.06
2026-06-20 13:00:00,FIC Trading,440294.02,442234.01,-1939.9899999999907
2026-06-20 14:00:00,FIC Trading,482281.25,592609.64,-110328.39000000001
2026-06-20 15:00:00,FIC Trading,1112711.48,781677.31,331034.1699999999
2026-06-20 16:00:00,FIC Trading,688085.38,916896.03,-228810.65000000002
2026-06-20 17:00:00,FIC Trading,764721.15,1086297.4,-321576.2499999999
2026-06-20 18:00:00,FIC Trading,766618.14,440484.6,326133.54000000004
2026-06-20 19:00:00,FIC Trading,382101.67,641949.88,-259848.21000000002
2026-06-20 20:00:00,FIC Trading,744040.26,757967.61,-13927.349999999977
2026-06-20 21:00:00,FIC Trading,888329.06,628505.6,259823.46000000008
2026-06-20 22:00:00,FIC Trading,256458.0,404431.16,-147973.15999999997
2026-06-20 23:00:00,FIC Trading,212753.74,100819.02,111934.71999999999
2026-06-21 00:00:00,FIC Trading,50676.48,52617.3,-1940.8199999999997
2026-06-21 01:00:00,FIC Trading,33165.02,34220.73,-1055.7100000000064
2026-06-21 02:00:00,FIC Trading,26771.75,85732.43,-58960.67999999999
2026-06-21 03:00:00,FIC Trading,15645.96,23890.46,-8244.5
2026-06-21 04:00:00,FIC Trading,47529.26,63956.78,-16427.519999999997
2026-06-21 05:00:00,FIC Trading,89408.8,74041.07,15367.729999999996
2026-06-21 06:00:00,FIC Trading,203514.55,489754.56,-286240.01
2026-06-21 07:00:00,FIC Trading,333970.72,319366.91,14603.809999999998
2026-06-21 08:00:00,FIC Trading,558338.3,608054.9,-49716.59999999998
2026-06-21 09:00:00,FIC Trading,1459307.75,811942.31,647365.44
2026-06-21 10:00:00,FIC Trading,787199.95,843864.62,-56664.67000000004
2026-06-21 11:00:00,FIC Trading,462199.4,403917.92,58281.48000000004
2026-06-21 12:00:00,FIC Trading,296732.28,156234.88,140497.40000000002
2026-06-21 13:00:00,FIC Trading,542761.64,1202504.36,-659742.7200000001
2026-06-21 14:00:00,FIC Trading,1394490.59,911208.16,483282.43000000005
2026-06-21 15:00:00,FIC Trading,1755169.02,1268298.61,486870.4099999999
2026-06-21 16:00:00,FIC Trading,831735.39,821321.88,10413.51000000001
2026-06-21 17:00:00,FIC Trading,465310.86,593042.45,-127731.58999999997
2026-06-21 18:00:00,FIC Trading,241122.31,501485.17,-260362.86
2026-06-21 19:00:00,FIC Trading,724672.87,790131.45,-65458.57999999996
2026-06-21 20:00:00,FIC Trading,665416.1,935848.0,-270431.9
2026-06-21 21:00:00,FIC Trading,909032.28,1003404.45,-94372.16999999993
2026-06-21 22:00:00,FIC Trading,373350.55,2762667.81,-2389317.2600000002
2026-06-21 23:00:00,FIC Trading,149396.52,201914.36,-52517.84
2026-06-22 00:00:00,FIC Trading,310911.79,239177.3,71734.48999999999
2026-06-22 01:00:00,FIC Trading,268905.61,260233.03,8672.579999999987
2026-06-22 02:00:00,FIC Trading,224639.02,220566.03,4072.9899999999907
2026-06-22 03:00:00,FIC Trading,422538.36,341189.54,81348.82
2026-06-22 04:00:00,FIC Trading,308557.67,273634.23,34923.44
2026-06-22 05:00:00,FIC Trading,255673.16,286988.69,-31315.53
2026-06-22 06:00:00,FIC Trading,635518.33,695011.81,-59493.4800000001
2026-06-22 07:00:00,FIC Trading,3141158.4,2353121.62,788036.7799999998
2026-06-22 08:00:00,FIC Trading,5857730.81,5656127.56,201603.25
2026-06-22 09:00:00,FIC Trading,4901335.85,7297305.07,-2395969.2200000007
2026-06-22 10:00:00,FIC Trading,7503732.46,4627303.46,2876429.0
2026-06-22 11:00:00,FIC Trading,4047284.91,3494002.73,553282.1800000002
2026-06-22 12:00:00,FIC Trading,2690475.7,2438483.12,251992.58000000007
2026-06-22 13:00:00,FIC Trading,6010127.06,6706983.94,-696856.8800000008
2026-06-22 14:00:00,FIC Trading,13381707.71,5385426.83,7996280.880000001
2026-06-22 15:00:00,FIC Trading,14763929.13,10434165.5,4329763.630000001
2026-06-22 16:00:00,FIC Trading,7501112.68,3494760.45,4006352.2299999995
2026-06-22 17:00:00,FIC Trading,3983695.95,5802269.25,-1818573.2999999998
2026-06-22 18:00:00,FIC Trading,2031956.2,2275938.16,-243981.9600000002
2026-06-22 19:00:00,FIC Trading,5474195.2,3736217.71,1737977.4900000002
2026-06-22 20:00:00,FIC Trading,7800116.72,7044189.65,755927.0699999994
2026-06-22 21:00:00,FIC Trading,5313601.76,4060437.67,1253164.0899999999
2026-06-22 22:00:00,FIC Trading,1445649.32,2075810.99,-630161.6699999999
2026-06-22 23:00:00,FIC Trading,975555.01,887828.83,87726.18000000005
2026-06-23 00:00:00,FIC Trading,293297.47,309825.12,-16527.650000000023
2026-06-23 01:00:00,FIC Trading,163408.15,173144.67,-9736.520000000019
2026-06-23 02:00:00,FIC Trading,247975.07,235497.41,12477.660000000003
2026-06-23 03:00:00,FIC Trading,272353.46,210359.79,61993.67000000001
2026-06-23 04:00:00,FIC Trading,352427.63,325654.24,26773.390000000014
2026-06-23 05:00:00,FIC Trading,538540.7,408111.99,130428.70999999996
2026-06-23 06:00:00,FIC Trading,634058.01,390469.07,243588.94
2026-06-23 07:00:00,FIC Trading,2542057.62,3524592.62,-982535.0
2026-06-23 08:00:00,FIC Trading,5882845.13,4519130.2,1363714.9299999997
2026-06-23 09:00:00,FIC Trading,9108380.18,8084379.68,1024000.5
2026-06-23 10:00:00,FIC Trading,6621633.84,4050947.53,2570686.31
2026-06-23 11:00:00,FIC Trading,4292060.58,3044174.94,1247885.6400000001
2026-06-23 12:00:00,FIC Trading,786846.62,4457204.21,-3670357.59
2026-06-23 13:00:00,FIC Trading,4054352.99,30399985.0,-26345632.009999998
2026-06-23 14:00:00,FIC Trading,7692633.52,5663376.5,2029257.0199999996
2026-06-23 15:00:00,FIC Trading,7421425.03,7618470.14,-197045.1099999994
2026-06-23 16:00:00,FIC Trading,3014446.81,4076759.4,-1062312.5899999999
2026-06-23 17:00:00,FIC Trading,4194655.17,7208213.71,-3013558.54
2026-06-23 18:00:00,FIC Trading,3006159.35,4227898.98,-1221739.6300000004
2026-06-23 19:00:00,FIC Trading,9811213.01,3652732.11,6158480.9
2026-06-23 20:00:00,FIC Trading,7417136.43,4393880.8,3023255.63
2026-06-23 21:00:00,FIC Trading,3961436.44,5074176.58,-1112740.1400000001
2026-06-23 22:00:00,FIC Trading,1364803.11,3750818.31,-2386015.2
2026-06-23 23:00:00,FIC Trading,1326156.53,703183.66,622972.87
2026-06-24 00:00:00,FIC Trading,298560.72,354366.68,-55805.96000000002
2026-06-24 01:00:00,FIC Trading,216978.74,232424.95,-15446.210000000021
2026-06-24 02:00:00,FIC Trading,1859308.93,173307.75,1686001.18
2026-06-24 03:00:00,FIC Trading,207293.69,203905.66,3388.029999999999
2026-06-24 04:00:00,FIC Trading,346222.62,450729.91,-104507.28999999998
2026-06-24 05:00:00,FIC Trading,418589.57,186586.39,232003.18
2026-06-24 06:00:00,FIC Trading,407791.37,574519.96,-166728.58999999997
2026-06-24 07:00:00,FIC Trading,1462784.21,3412280.45,-1949496.2400000002
2026-06-24 08:00:00,FIC Trading,11108548.02,6036618.92,5071929.1
2026-06-24 09:00:00,FIC Trading,10056130.12,5642330.62,4413799.499999999
2026-06-24 10:00:00,FIC Trading,18176936.33,7887241.9,10289694.429999998
2026-06-24 11:00:00,FIC Trading,1504381.7,3810027.11,-2305645.41
2026-06-24 12:00:00,FIC Trading,1913534.66,2049377.96,-135843.30000000005
2026-06-24 13:00:00,FIC Trading,2348257.0,2899274.88,-551017.8799999999
2026-06-24 14:00:00,FIC Trading,5805592.9,5666436.02,139156.88000000082
2026-06-24 15:00:00,FIC Trading,7926040.51,9129113.89,-1203073.3800000008
2026-06-24 16:00:00,FIC Trading,6450555.86,4307198.63,2143357.2300000004
2026-06-24 17:00:00,FIC Trading,6356310.98,6908888.2,-552577.2199999997
2026-06-24 18:00:00,FIC Trading,7326692.98,6870722.49,455970.4900000002
2026-06-24 19:00:00,FIC Trading,4611809.4,4854982.43,-243173.02999999933
2026-06-24 20:00:00,FIC Trading,4378518.26,7103309.63,-2724791.37
2026-06-24 21:00:00,FIC Trading,5996179.64,7643427.62,-1647247.9800000004
2026-06-24 22:00:00,FIC Trading,4955281.45,5366746.92,-411465.46999999974
2026-06-24 23:00:00,FIC Trading,936546.07,1814214.82,-877668.7500000001
2026-06-25 00:00:00,FIC Trading,315117.86,130738.72,184379.13999999998
2026-06-25 01:00:00,FIC Trading,174569.66,214904.84,-40335.17999999999
2026-06-25 02:00:00,FIC Trading,235752.2,285972.31,-50220.109999999986
2026-06-25 03:00:00,FIC Trading,155921.31,202021.27,-46099.95999999999
2026-06-25 04:00:00,FIC Trading,239211.44,456159.63,-216948.19
2026-06-25 05:00:00,FIC Trading,283919.84,536491.28,-252571.44
2026-06-25 06:00:00,FIC Trading,895357.06,557867.7,337489.3600000001
2026-06-25 07:00:00,FIC Trading,4441447.43,2309743.68,2131703.7499999995
2026-06-25 08:00:00,FIC Trading,4761929.31,4304840.82,457088.4899999993
2026-06-25 09:00:00,FIC Trading,3603870.79,6951354.56,-3347483.7699999996
2026-06-25 10:00:00,FIC Trading,5111611.43,5200046.4,-88434.97000000067
2026-06-25 11:00:00,FIC Trading,2894395.16,3733413.9,-839018.7399999998
2026-06-25 12:00:00,FIC Trading,1909606.01,1337212.13,572393.8800000001
2026-06-25 13:00:00,FIC Trading,3314761.77,1437545.45,1877216.32
2026-06-25 14:00:00,FIC Trading,10917527.9,3793833.14,7123694.76
2026-06-25 15:00:00,FIC Trading,8451774.43,5765699.3,2686075.13
2026-06-25 16:00:00,FIC Trading,6418221.47,5419322.66,998898.8099999996
2026-06-25 17:00:00,FIC Trading,3264030.01,4634809.32,-1370779.3100000005
2026-06-25 18:00:00,FIC Trading,2091770.48,2596769.62,-504999.14000000013
2026-06-25 19:00:00,FIC Trading,6119452.92,3451139.52,2668313.4
2026-06-25 20:00:00,FIC Trading,7087533.12,4529527.6,2558005.5200000005
2026-06-25 21:00:00,FIC Trading,3611996.62,3415543.15,196453.4700000002
2026-06-25 22:00:00,FIC Trading,2756345.21,2229333.88,527011.3300000001
2026-06-25 23:00:00,FIC Trading,1025541.47,853558.42,171983.04999999993
2026-06-26 00:00:00,FIC Trading,188057.16,305456.94,-117399.78
2026-06-26 01:00:00,FIC Trading,177267.97,169746.1,7521.869999999995
2026-06-26 02:00:00,FIC Trading,269647.32,211768.83,57878.49000000002
2026-06-26 03:00:00,FIC Trading,216371.57,198460.71,17910.860000000015
2026-06-26 04:00:00,FIC Trading,193777.17,324402.23,-130625.05999999997
2026-06-26 05:00:00,FIC Trading,1657472.96,287370.19,1370102.77
2026-06-26 06:00:00,FIC Trading,691514.97,1072171.42,-380656.44999999995
2026-06-26 07:00:00,FIC Trading,3294413.01,12158251.15,-8863838.14
2026-06-26 08:00:00,FIC Trading,5865515.23,5500317.38,365197.85000000056
2026-06-26 09:00:00,FIC Trading,6678684.12,6084044.21,594639.9100000001
2026-06-26 10:00:00,FIC Trading,6111808.45,3663623.69,2448184.7600000002
2026-06-26 11:00:00,FIC Trading,4201954.39,2610923.36,1591031.0299999998
2026-06-26 12:00:00,FIC Trading,2112510.03,3347033.03,-1234523.0
2026-06-26 13:00:00,FIC Trading,3836475.41,2665206.09,1171269.3200000003
2026-06-26 14:00:00,FIC Trading,8110460.59,6362095.0,1748365.5899999999
2026-06-26 15:00:00,FIC Trading,7624726.97,5220279.51,2404447.46
2026-06-26 16:00:00,FIC Trading,7101055.82,4090769.82,3010286.0000000005
2026-06-26 17:00:00,FIC Trading,3611146.74,3295459.8,315686.9400000004
2026-06-26 18:00:00,FIC Trading,2240425.73,3237178.23,-996752.5
2026-06-26 19:00:00,FIC Trading,6148659.38,4575132.29,1573527.0899999999
2026-06-26 20:00:00,FIC Trading,7343232.25,5793957.09,1549275.1600000001
2026-06-26 21:00:00,FIC Trading,4731900.18,2834594.82,1897305.3599999999
2026-06-26 22:00:00,FIC Trading,4022780.38,2174273.25,1848507.13
2026-06-26 23:00:00,FIC Trading,837786.13,1253982.85,-416196.7200000001
2026-06-27 00:00:00,FIC Trading,18882.14,22379.23,-3497.09
2026-06-27 01:00:00,FIC Trading,211798.03,31792.11,180005.91999999998
2026-06-27 02:00:00,FIC Trading,20468.51,39886.16,-19417.650000000005
2026-06-27 03:00:00,FIC Trading,39536.49,27397.06,12139.429999999997
2026-06-27 04:00:00,FIC Trading,27473.16,41317.58,-13844.420000000002
2026-06-27 05:00:00,FIC Trading,62612.97,26715.79,35897.18
2026-06-27 06:00:00,FIC Trading,152107.75,151947.45,160.29999999998836
2026-06-27 07:00:00,FIC Trading,258670.0,416814.85,-158144.84999999998
2026-06-27 08:00:00,FIC Trading,616811.95,855941.72,-239129.77000000002
2026-06-27 09:00:00,FIC Trading,1312386.95,1654994.72,-342607.77
2026-06-27 10:00:00,FIC Trading,1159599.87,752147.16,407452.7100000001
2026-06-27 11:00:00,FIC Trading,193298.01,323021.36,-129723.34999999998
2026-06-27 12:00:00,FIC Trading,294550.96,442559.7,-148008.74
2026-06-27 13:00:00,FIC Trading,243462.35,1026287.08,-782824.73
2026-06-27 14:00:00,FIC Trading,802975.33,782817.09,20158.23999999999
2026-06-27 15:00:00,FIC Trading,1772447.25,1191129.35,581317.8999999999
2026-06-27 16:00:00,FIC Trading,2863713.77,1474188.69,1389525.08
2026-06-27 17:00:00,FIC Trading,591230.95,633568.78,-42337.830000000075
2026-06-27 18:00:00,FIC Trading,373719.05,699899.92,-326180.87000000005
2026-06-27 19:00:00,FIC Trading,683450.72,1039366.04,-355915.32000000007
2026-06-27 20:00:00,FIC Trading,998446.69,772593.43,225853.2599999999
2026-06-27 21:00:00,FIC Trading,620842.39,876728.05,-255885.66000000003
2026-06-27 22:00:00,FIC Trading,303804.05,405144.38,-101340.33000000002
2026-06-27 23:00:00,FIC Trading,139324.61,103073.32,36251.28999999998
2026-06-28 00:00:00,FIC Trading,40312.16,117241.81,-76929.65
2026-06-28 01:00:00,FIC Trading,33079.32,28650.57,4428.75
2026-06-28 02:00:00,FIC Trading,25781.45,49824.96,-24043.51
2026-06-28 03:00:00,FIC Trading,27782.03,50435.96,-22653.93
2026-06-28 04:00:00,FIC Trading,30925.66,47666.27,-16740.609999999997
2026-06-28 05:00:00,FIC Trading,31266.02,53074.03,-21808.01
2026-06-28 06:00:00,FIC Trading,84754.5,128646.28,-43891.78
2026-06-28 07:00:00,FIC Trading,447898.5,404138.65,43759.84999999998
2026-06-28 08:00:00,FIC Trading,755053.99,968141.61,-213087.62
2026-06-28 09:00:00,FIC Trading,589237.04,1318491.68,-729254.6399999999
2026-06-28 10:00:00,FIC Trading,1178053.06,516283.69,661769.3700000001
2026-06-28 11:00:00,FIC Trading,452370.81,304107.6,148263.21000000002
2026-06-28 12:00:00,FIC Trading,164476.99,190959.68,-26482.690000000002
2026-06-28 13:00:00,FIC Trading,462310.33,793882.54,-331572.21
2026-06-28 14:00:00,FIC Trading,737355.43,1780300.23,-1042944.7999999999
2026-06-28 15:00:00,FIC Trading,1531883.98,580158.03,951725.95
2026-06-28 16:00:00,FIC Trading,876885.79,1768316.6,-891430.81
2026-06-28 17:00:00,FIC Trading,626610.04,671203.11,-44593.06999999995
2026-06-28 18:00:00,FIC Trading,541193.46,810201.77,-269008.31000000006
2026-06-28 19:00:00,FIC Trading,487275.53,6437591.03,-5950315.5
2026-06-28 20:00:00,FIC Trading,1595536.03,1557282.84,38253.189999999944
2026-06-28 21:00:00,FIC Trading,989774.56,814733.1,175041.46000000008
2026-06-28 22:00:00,FIC Trading,323269.7,251942.75,71326.95000000001
2026-06-28 23:00:00,FIC Trading,173011.09,152072.65,20938.440000000002
2026-06-29 00:00:00,FIC Trading,329067.33,287470.01,41597.32000000001
2026-06-29 01:00:00,FIC Trading,238610.05,222527.95,16082.099999999977
2026-06-29 02:00:00,FIC Trading,403509.59,302130.85,101378.74000000005
2026-06-29 03:00:00,FIC Trading,650199.38,234711.0,415488.38
2026-06-29 04:00:00,FIC Trading,228015.6,198431.94,29583.660000000003
2026-06-29 05:00:00,FIC Trading,241185.36,207405.66,33779.69999999998
2026-06-29 06:00:00,FIC Trading,511878.01,647139.57,-135261.55999999994
2026-06-29 07:00:00,FIC Trading,1098458.29,2626301.66,-1527843.37
2026-06-29 08:00:00,FIC Trading,8445359.07,2818759.73,5626599.34
2026-06-29 09:00:00,FIC Trading,6412125.81,5664421.4,747704.4099999992
2026-06-29 10:00:00,FIC Trading,7453066.62,2797501.38,4655565.24
2026-06-29 11:00:00,FIC Trading,3799134.41,2154064.67,1645069.7400000002
2026-06-29 12:00:00,FIC Trading,1218831.16,2774886.19,-1556055.03
2026-06-29 13:00:00,FIC Trading,2528683.4,2371822.71,156860.68999999994
2026-06-29 14:00:00,FIC Trading,11944963.72,8508561.4,3436402.3200000003
2026-06-29 15:00:00,FIC Trading,7863081.04,22396860.82,-14533779.780000001
2026-06-29 16:00:00,FIC Trading,5284188.74,11338468.53,-6054279.789999999
2026-06-29 17:00:00,FIC Trading,2972338.81,4548573.66,-1576234.85
2026-06-29 18:00:00,FIC Trading,3668746.48,5117408.43,-1448661.9499999997
2026-06-29 19:00:00,FIC Trading,9244276.19,3264807.16,5979469.029999999
2026-06-29 20:00:00,FIC Trading,48042691.62,3615496.24,44427195.379999995
2026-06-29 21:00:00,FIC Trading,5576956.55,5098058.43,478898.1200000001
2026-06-29 22:00:00,FIC Trading,4881332.61,3112073.86,1769258.7500000005
2026-06-29 23:00:00,FIC Trading,1757847.5,1543034.29,214813.20999999996
2026-06-30 00:00:00,FIC Trading,263028.89,196678.85,66350.04000000001
2026-06-30 01:00:00,FIC Trading,618293.45,256807.69,361485.75999999995
2026-06-30 02:00:00,FIC Trading,214591.92,253748.38,-39156.45999999999
2026-06-30 03:00:00,FIC Trading,343896.67,229375.67,114520.99999999997
2026-06-30 04:00:00,FIC Trading,207681.95,238294.72,-30612.76999999999
2026-06-30 05:00:00,FIC Trading,405632.73,224892.48,180740.24999999997
2026-06-30 06:00:00,FIC Trading,663443.74,818599.52,-155155.78000000003
2026-06-30 07:00:00,FIC Trading,2801451.48,2617563.85,183887.6299999999
2026-06-30 08:00:00,FIC Trading,12595175.81,4797428.24,7797747.57
2026-06-30 09:00:00,FIC Trading,10125548.85,9395703.3,729845.5499999989
2026-06-30 10:00:00,FIC Trading,6482754.21,8063195.38,-1580441.17
2026-06-30 11:00:00,FIC Trading,1987483.0,3388592.02,-1401109.02
2026-06-30 12:00:00,FIC Trading,1900490.41,1267053.87,633436.5399999998
2026-06-30 13:00:00,FIC Trading,2461283.26,3719820.77,-1258537.5100000002
2026-06-30 14:00:00,FIC Trading,8847288.73,4835409.99,4011878.74
2026-06-30 15:00:00,FIC Trading,10895594.1,8547391.71,2348202.3899999987
2026-06-30 16:00:00,FIC Trading,44899393.98,4962080.21,39937313.769999996
2026-06-30 17:00:00,FIC Trading,7670608.68,6787557.71,883050.9699999997
2026-06-30 18:00:00,FIC Trading,6569076.06,4984644.57,1584431.4899999993
2026-06-30 19:00:00,FIC Trading,5746654.34,7894260.18,-2147605.84
2026-06-30 20:00:00,FIC Trading,7927755.6,9061430.32,-1133674.7200000007
2026-06-30 21:00:00,FIC Trading,4259136.16,4591035.19,-331899.03000000026
2026-06-30 22:00:00,FIC Trading,2545107.13,2332200.48,212906.6499999999
2026-06-30 23:00:00,FIC Trading,739534.78,1935397.32,-1195862.54
