date,lnncp,dow,dow_sin,dow_cos,zscore,flag_zscore,modified_zscore,flag_modified_zscore,flag_iqr,rolling_zscore,flag_rolling_zscore,iso_forest_score,flag_iso_forest,lof_score,flag_lof,vote_count,n_methods,is_anomaly
2023-04-11,-5112.21,1,0.7818314824680298,0.6234898018587336,-0.03749666535837154,False,-0.08879779626393139,False,False,-0.16853899067550956,False,,False,,False,0,6,False
2023-04-12,-13758.91,2,0.9749279121818236,-0.22252093395631434,-2.309474349092892,False,-1.922982132412939,False,False,-2.350606934343917,False,,False,,False,0,6,False
2023-04-13,-1122.35,3,0.43388373911755823,-0.900968867902419,1.0108654706270348,False,0.7575526860504175,False,False,0.7302628513376086,False,,False,,False,0,6,False
2023-04-14,-8569.06,4,-0.433883739117558,-0.9009688679024191,-0.9458068942338588,False,-0.8220833413177319,False,False,-1.1777985255031522,False,,False,,False,0,6,False
2023-04-15,-781.68,5,-0.9749279121818236,-0.2225209339563146,1.100378769055087,False,0.8298174318836119,False,False,0.8041467340967101,False,,False,,False,0,6,False
2023-04-16,-1021.88,6,-0.7818314824680299,0.6234898018587334,1.037264628442711,False,0.7788649208050511,False,False,0.7199061472200303,False,,False,,False,0,6,False
2023-04-17,-1528.81,0,0.0,1.0,0.9040654140354181,False,0.6713322128905848,False,False,0.6388957587619717,False,,False,,False,0,6,False
2023-04-18,-189.69,1,0.7818314824680298,0.6234898018587336,1.2559280617325246,False,0.955393522780353,False,False,1.023596958103401,False,0.4847566949656829,False,1.0418903934105228,False,0,6,False
2023-04-19,-299.93,2,0.9749279121818236,-0.22252093395631434,1.226961771719584,False,0.9320088232745222,False,False,0.9559093625368265,False,0.5184645571358614,False,1.1451731546759936,False,0,6,False
2023-04-20,-3465.54,3,0.43388373911755823,-0.900968867902419,0.3951767814450474,False,0.2605026675900807,False,False,0.18260123937641945,False,0.5187499677013299,False,1.0737642662330038,False,0,6,False
2023-04-21,-5109.97,4,-0.433883739117558,-0.9009688679024191,-0.036908090525017215,False,-0.08832263546120048,False,False,-0.2728942150907469,False,0.49509343684687357,False,1.0302387874366734,False,0,6,False
2023-04-22,-5750.89,5,-0.9749279121818236,-0.2225209339563146,-0.20531406471853947,False,-0.22427802014259593,False,False,-0.43804227206673424,False,0.5277613474781697,False,1.127007221866041,False,0,6,False
2023-04-23,-9146.19,6,-0.7818314824680299,0.6234898018587334,-1.097451623507883,False,-0.9445072493892133,False,False,-1.292033533447832,False,0.5138792487238489,False,1.0637760727923278,False,0,6,False
2023-04-24,-8974.93,0,0.0,1.0,-1.0524519244184762,False,-0.9081786605161312,False,False,-1.2847134540569036,False,0.49530171831014047,False,1.0274417537664058,False,0,6,False
2023-04-25,-1402.5,1,0.7818314824680298,0.6234898018587336,0.9372542029644323,False,0.6981257669052934,False,False,0.729422733477328,False,0.47331044051867316,False,1.0094604400007832,False,0,6,False
2023-04-26,-1930.96,2,0.9749279121818236,-0.22252093395631434,0.7983978384847643,False,0.5860260000252924,False,False,0.6159296616306702,False,0.4582130668792995,False,0.9812452007511373,False,0,6,False
2023-04-27,-673.35,3,0.43388373911755823,-0.900968867902419,1.1288431939199441,False,0.8527969719549712,False,False,0.8688364354283791,False,0.4545875261865775,False,0.9956057294226893,False,0,6,False
2023-04-28,-2686.52,4,-0.433883739117558,-0.9009688679024191,0.5998694451413554,False,0.4257525642612732,False,False,0.3088306997060015,False,0.4602146924401285,False,0.9761321431199075,False,0,6,False
2023-04-29,-1772.06,5,-0.9749279121818236,-0.2225209339563146,0.8401498657258407,False,0.6197327194690198,False,False,0.5856231563764291,False,0.44865952510085927,False,0.9837413076455617,False,0,6,False
2023-04-30,-1351.69,6,-0.7818314824680299,0.6234898018587334,0.9506048669299394,False,0.7089038563636684,False,False,0.6479487119896935,False,0.4577356824214807,False,0.985897410213723,False,0,6,False
2023-05-01,-9823.64,0,0.0,1.0,-1.275456097104278,False,-1.0882115734115736,False,False,-1.6470990144825821,False,0.5222008731851597,False,1.0989100553260376,False,0,6,False
2023-05-02,-9690.15,1,0.7818314824680298,0.6234898018587336,-1.2403807156290654,False,-1.0598949593238256,False,False,-1.6082909806514867,False,0.5223630719997873,False,1.1337727815519894,False,0,6,False
2023-05-03,-399.0,2,0.9749279121818236,-0.22252093395631434,1.2009304731747543,False,0.9109935640215955,False,False,0.9303507732911233,False,0.515973154806047,False,1.029171226297878,False,0,6,False
2023-05-04,-5764.72,3,0.43388373911755823,-0.900968867902419,-0.2089479888012587,False,-0.22721171384874286,False,False,-0.34584092323987686,False,0.4737968641781273,False,0.9974370988012907,False,0,6,False
2023-05-05,-900.61,4,-0.433883739117558,-0.9009688679024191,1.0691291239966778,False,0.804589363013615,False,False,0.836056082201534,False,0.4601491010859134,False,0.9767697435395698,False,0,6,False
2023-05-06,-4875.86,5,-0.9749279121818236,-0.2225209339563146,0.02460586225917674,False,-0.03866196781506435,False,False,-0.11901756893372333,False,0.4477682103843886,False,0.9762630014722185,False,0,6,False
2023-05-07,-7914.88,6,-0.7818314824680299,0.6234898018587334,-0.7739167672321764,False,-0.683315174384456,False,False,-0.8791081284812127,False,0.4491829187217304,False,0.9938097403236779,False,0,6,False
2023-05-08,-1019.39,0,0.0,1.0,1.0379188924315736,False,0.7793931129473726,False,False,0.7782393259623095,False,0.4711578748015653,False,0.9768121270416777,False,0,6,False
2023-05-09,-4323.66,1,0.7818314824680298,0.6234898018587336,0.1697000689459129,False,0.07847365507245133,False,False,-0.08370324710668102,False,0.4561483891353408,False,0.968152246030332,False,0,6,False
2023-05-10,-14214.48,2,0.9749279121818236,-0.22252093395631434,-2.4291783833925598,False,-2.019620081921931,False,False,-2.5899275496632512,False,0.554559259600195,False,1.090177687805591,False,0,6,False
2023-05-11,-241.79,3,0.43388373911755823,-0.900968867902419,1.2422384417245946,False,0.944341791609691,False,False,0.9361826284107171,False,0.5888566559902877,False,1.0820148992726768,False,0,6,False
2023-05-12,-868.61,4,-0.433883739117558,-0.9009688679024191,1.0775373359017406,False,0.8113773744812002,False,False,0.8157541107187681,False,0.5027180729875076,False,1.0256093743061805,False,0,6,False
2023-05-13,-4673.28,5,-0.9749279121818236,-0.2225209339563146,0.07783509875066355,False,0.0043103872819166816,False,False,-0.026571392502824278,False,0.4714431482870008,False,0.9997822540231918,False,0,6,False
2023-05-14,-1509.27,6,-0.7818314824680299,0.6234898018587334,0.9091996784299469,False,0.6754771423929788,False,False,0.7106297118745706,False,0.465999091231101,False,1.0233269122872848,False,0,6,False
2023-05-15,-781.7,0,0.0,1.0,1.1003735139226465,False,0.8298131893764447,False,False,0.8817584077359399,False,0.48650438928554157,False,1.0085988568928892,False,0,6,False
2023-05-16,-265.51,1,0.7818314824680298,0.6234898018587336,1.2360058546499668,False,0.9393101781093435,False,False,1.0307646457239086,False,0.4927746827664012,False,1.057077152047992,False,0,6,False
2023-05-17,-5183.85,2,0.9749279121818236,-0.22252093395631434,-0.056320549760830486,False,-0.10399445693698764,False,False,-0.1537220845593912,False,0.5032241336845484,False,1.096759182293578,False,0,6,False
2023-05-18,-14904.9,3,0.43388373911755823,-0.900968867902419,-2.610590810376725,False,-2.1660756718422474,False,False,-2.584895816721355,False,0.6069632241766086,True,1.2856938863941316,True,2,6,True
2023-05-19,-918.88,4,-0.433883739117558,-0.9009688679024191,1.0643285605121313,False,0.8007138327163407,False,False,0.8651254217914114,False,0.605323890560041,True,1.2549950222372452,False,1,6,False
2023-05-20,-4477.78,5,-0.9749279121818236,-0.2225209339563146,0.1292040183581553,False,0.045780894841694515,False,False,-0.005824328574968013,False,0.4812397564978423,False,1.00781401437512,False,0,6,False
2023-05-21,-1324.03,6,-0.7818314824680299,0.6234898018587334,0.957872715095378,False,0.7147712437759624,False,False,0.7662938136979999,False,0.4836259653023422,False,1.056336674252512,False,0,6,False
2023-05-22,-5630.61,0,0.0,1.0,-0.17370969822038532,False,-0.19876358203881023,False,False,-0.19161837060050402,False,0.4942509425058329,False,1.05067411280069,False,0,6,False
2023-05-23,-930.3,1,0.7818314824680298,0.6234898018587336,1.061327879888512,False,0.7982913611238462,False,False,0.8082795583877588,False,0.47592589904490273,False,1.039881523099109,False,0,6,False
2023-05-24,-5499.91,2,0.9749279121818236,-0.22252093395631434,-0.13936740772064538,False,-0.1710387977008923,False,False,-0.13805257528391526,False,0.4680274635887906,False,1.0239750160608023,False,0,6,False
2023-05-25,-4175.02,3,0.43388373911755823,-0.900968867902419,0.20875621324492846,False,0.11000396833938408,False,False,0.12313810634621632,False,0.46200649061180377,False,1.017064198654975,False,0,6,False
2023-05-26,-6651.62,4,-0.433883739117558,-0.9009688679024191,-0.4419868368825088,False,-0.4153456941800316,False,False,-0.5210498802897954,False,0.49133277327598107,False,0.9992417399733451,False,0,6,False
2023-05-27,-13988.12,5,-0.9749279121818236,-0.2225209339563146,-2.369700794429123,False,-1.9716033858031012,False,False,-2.2104511436315315,False,0.5569823762075002,False,1.1913039315675416,False,0,6,False
2023-05-28,-3014.75,6,-0.7818314824680299,0.6234898018587334,0.5136248390913962,False,0.3561266578861025,False,False,0.39659628320669094,False,0.5622733719340118,False,1.1590961853326784,False,0,6,False
2023-05-29,-1951.42,0,0.0,1.0,0.7930218379979649,False,0.5816859151932051,False,False,0.6739779656467914,False,0.45583702727816133,False,0.9739637055792085,False,0,6,False
2023-05-30,-3846.28,1,0.7818314824680298,0.6234898018587336,0.2951348251721246,False,0.1797380586473195,False,False,0.2989406325149421,False,0.449691130489232,False,0.9962136355823038,False,0,6,False
2023-05-31,-6374.82,2,0.9749279121818236,-0.22252093395631434,-0.3692558039037174,False,-0.3566293949854203,False,False,-0.2781689013672781,False,0.45551138712693096,False,0.9824755582513285,False,0,6,False
2023-06-01,-5866.01,3,0.43388373911755823,-0.900968867902419,-0.2355626070470021,False,-0.2486978913972334,False,False,-0.14425521618015025,False,0.44260524961461145,False,0.9777674619957418,False,0,6,False
2023-06-02,-605.95,4,-0.433883739117558,-0.9009688679024191,1.1465529902449825,False,0.8670942211085724,False,False,1.0228777071011985,False,0.46938046043015696,False,1.0066261784073884,False,0,6,False
2023-06-03,-6689.87,5,-0.9749279121818236,-0.2225209339563146,-0.4520372776752789,False,-0.42345948913737946,False,False,-0.5090030815342642,False,0.46471624454022314,False,0.9871120601550117,False,0,6,False
2023-06-04,-634.17,6,-0.7818314824680299,0.6234898018587334,1.1391379983712053,False,0.8611080434955957,False,False,0.99968404473115,False,0.4872109999618592,False,1.0318252733467546,False,0,6,False
2023-06-05,-14676.05,0,0.0,1.0,-2.5504589574244263,False,-2.117530783581096,False,False,-2.481580319174575,False,0.582002734868227,False,1.138188853125686,False,0,6,False
2023-06-06,-1362.39,1,0.7818314824680298,0.6234898018587336,0.947793371074184,False,0.7066341150291945,False,False,0.7773250421853661,False,0.578478206677144,False,1.1063374017527987,False,0,6,False
2023-06-07,-10528.34,2,0.9749279121818236,-0.22252093395631434,-1.4606206886510784,False,-1.2376963134492998,False,False,-1.4408440260618955,False,0.5150952829172449,False,1.1268786293077298,False,0,6,False
2023-06-08,-552.52,3,0.43388373911755823,-0.900968867902419,1.1605920765602167,False,0.8784280790058557,False,False,1.0453363995089284,False,0.5406421427716493,False,1.0699979824374064,False,0,6,False
2023-06-09,-4715.84,4,-0.433883739117558,-0.9009688679024191,0.0666521769169302,False,-0.004717667969971612,False,False,0.06673510608140384,False,0.5088079676195413,False,1.0587304585586041,False,0,6,False
2023-06-10,-7176.86,5,-0.9749279121818236,-0.2225209339563146,-0.5799971250392297,False,-0.5267624174061069,False,False,-0.484537003872346,False,0.4884644593714834,False,1.0325261449327008,False,0,6,False
2023-06-11,-1523.72,6,-0.7818314824680299,0.6234898018587334,0.905402845241567,False,0.6724119309646475,False,False,0.8577236442335113,False,0.4891891476460314,False,1.0659805015727117,False,0,6,False
2023-06-12,-9869.93,0,0.0,1.0,-1.2876191011381954,False,-1.0980308562501524,False,False,-1.23590490759259,False,0.5228984453408907,False,1.0941909863766837,False,0,6,False
2023-06-13,-10556.81,1,0.7818314824680298,0.6234898018587336,-1.4681013696803635,False,-1.243735522401867,False,False,-1.4051765691008455,False,0.4927688928687154,False,1.0630031423838566,False,0,6,False
2023-06-14,-791.65,2,0.9749279121818236,-0.22252093395631434,1.097759085533416,False,0.8277025420607425,False,False,0.9828234755742062,False,0.517530264114646,False,1.0164999327192574,False,0,6,False
2023-06-15,-2929.91,3,0.43388373911755823,-0.900968867902419,0.5359171109046935,False,0.37412337328953754,False,False,0.4901222367559387,False,0.457326097844123,False,1.00324495813789,False,0,6,False
2023-06-16,-618.05,4,-0.433883739117558,-0.9009688679024191,1.1433736351183805,False,0.8645275042723917,False,False,1.0059123497504032,False,0.4549370603720048,False,0.9874326816513836,False,0,6,False
2023-06-17,-1375.8,5,-0.9749279121818236,-0.2225209339563146,0.9442698047727188,False,0.7037895139735596,False,False,0.7749732275911315,False,0.46958332209304754,False,1.0039133293760674,False,0,6,False
2023-06-18,-1143.52,6,-0.7818314824680299,0.6234898018587334,1.005302912938592,False,0.7530619922138931,False,False,0.828287621314199,False,0.4591602544586639,False,0.992825420679401,False,0,6,False
2023-06-19,-201.04,0,0.0,1.0,1.2529457740724477,False,0.9529858999629439,False,False,1.0443198141523955,False,0.48640834834166286,False,0.9988086259482978,False,0,6,False
2023-06-20,-2115.8,1,0.7818314824680298,0.6234898018587336,0.7498299044681466,False,0.5468167487856538,False,False,0.6735741133834938,False,0.49738681132544577,False,1.0208381550692844,False,0,6,False
2023-06-21,-7643.66,2,0.9749279121818236,-0.22252093395631434,-0.7026519162043302,False,-0.6257825346895047,False,False,-0.7078218127197624,False,0.5752573972399176,False,1.3236526787388907,True,1,6,False
2023-06-22,-8901.93,3,0.43388373911755823,-0.900968867902419,-1.0332706910100522,False,-0.8926935093557026,False,False,-1.0209353681806979,False,0.5215042039309884,False,1.1354308259928225,False,0,6,False
2023-06-23,-9418.86,4,-0.433883739117558,-0.9009688679024191,-1.1690974716376774,False,-1.0023474708537894,False,False,-1.2560681615837916,False,0.5199854720011672,False,1.1023424531209232,False,0,6,False
2023-06-24,-7954.92,5,-0.9749279121818236,-0.2225209339563146,-0.7844375423783859,False,-0.6918086737332718,False,False,-0.8694681830274745,False,0.48306923974256283,False,1.0340458249550983,False,0,6,False
2023-06-25,-9418.08,6,-0.7818314824680299,0.6234898018587334,-1.1688925214724912,False,-1.002182013074267,False,False,-1.2385848395018257,False,0.46745686799170405,False,1.027743736780701,False,0,6,False
2023-06-26,-6144.68,0,0.0,1.0,-0.3087849949089956,False,-0.3078108650119817,False,False,-0.4427939972651422,False,0.4814200229887819,False,1.0607907908993284,False,0,6,False
2023-06-27,-420.65,1,0.7818314824680298,0.6234898018587336,1.1952417923077354,False,0.9064010500130575,False,False,1.022142056996007,False,0.5208584691636498,False,1.1301333364963937,False,0,6,False
2023-06-28,-447.82,2,0.9749279121818236,-0.22252093395631434,1.1881026948870932,False,0.900637604026361,False,False,0.9508700100669608,False,0.511129759790508,False,1.1856191179634146,False,0,6,False
2023-06-29,-7981.45,3,0.43388373911755823,-0.900968867902419,-0.7914084755609269,False,-0.6974363594906166,False,False,-1.1143561569393545,False,0.4866192038496207,False,1.048619847710143,False,0,6,False
2023-06-30,-1829.9,4,-0.433883739117558,-0.9009688679024191,0.8249520227074401,False,0.6074633887413596,False,False,0.6291041236190951,False,0.4730138114885153,False,1.0044167258028829,False,0,6,False
2023-07-01,-985.06,5,-0.9749279121818236,-0.2225209339563146,1.0469393272659737,False,0.7866753764999412,False,False,0.8931100113921718,False,0.45479732264075234,False,0.9877566257219895,False,0,6,False
2023-07-02,-480.16,6,-0.7818314824680299,0.6234898018587334,1.1796051457305392,False,0.8937774699369327,False,False,1.0781919410322423,False,0.46589300062169414,False,0.9919194579401556,False,0,6,False
2023-07-03,-12145.27,0,0.0,1.0,-1.88547975351523,False,-1.5806881691456252,False,False,-1.6563177905029678,False,0.5600517219504845,False,1.133205782502922,False,0,6,False
2023-07-04,-8346.64,1,0.7818314824680298,0.6234898018587336,-0.8873645663612332,False,-0.774902419110848,False,False,-0.7581934376893379,False,0.5431811896945008,False,1.1756005627280266,False,0,6,False
2023-07-05,-6481.04,2,0.9749279121818236,-0.22252093395631434,-0.39716581229608455,False,-0.3791613505506357,False,False,-0.3118307578898779,False,0.4759437498851872,False,1.0403387393173387,False,0,6,False
2023-07-06,-1651.33,3,0.43388373911755823,-0.900968867902419,0.8718724727039097,False,0.6453426139840682,False,False,0.8851065812760442,False,0.4595813890341964,False,0.9887618328486539,False,0,6,False
2023-07-07,-145.5,4,-0.433883739117558,-0.9009688679024191,1.2675392768601719,False,0.9647673423663713,False,False,1.1667606817789165,False,0.4855132348039909,False,0.9899011748293894,False,0,6,False
2023-07-08,-4172.57,5,-0.9749279121818236,-0.2225209339563146,0.20939996696891003,False,0.11052367546737121,False,False,0.19112264073858418,False,0.47848205102261465,False,0.9933457092697177,False,0,6,False
2023-07-09,-5558.36,6,-0.7818314824680299,0.6234898018587334,-0.1547255322784862,False,-0.1834375248971532,False,False,-0.20254317083377424,False,0.44322712171991013,False,0.9885360384194055,False,0,6,False
2023-07-10,-1415.52,0,0.0,1.0,0.9338331117455599,False,0.6953638947394196,False,False,0.736553530756107,False,0.45100018382655155,False,0.9730891100898356,False,0,6,False
2023-07-11,-1103.64,1,0.7818314824680298,0.6234898018587336,1.015781647025276,False,0.761521551505371,False,False,0.7637544151145955,False,0.4555176646139135,False,0.9939644669787935,False,0,6,False
2023-07-12,-303.68,2,0.9749279121818236,-0.22252093395631434,1.2259764343869592,False,0.9312133531806646,False,False,0.9263330241896904,False,0.5059420584100343,False,1.028467071623105,False,0,6,False
2023-07-13,-5541.57,3,0.43388373911755823,-0.900968867902419,-0.1503138485945487,False,-0.17987594013025465,False,False,-0.3602366475135489,False,0.5397104537115659,False,1.1457030481354888,False,0,6,False
2023-07-14,-6309.8,4,-0.433883739117558,-0.9009688679024191,-0.3521713683391185,False,-0.34283700418472085,False,False,-0.46022798022017386,False,0.4954926967756277,False,1.0359136737389476,False,0,6,False
2023-07-15,-9344.98,5,-0.9749279121818236,-0.2225209339563146,-1.1496850124018638,False,-0.986675649378002,False,False,-1.2353988119893824,False,0.489018766540529,False,1.0314446192905926,False,0,6,False
2023-07-16,-11835.35,6,-0.7818314824680299,0.6234898018587334,-1.8040462212146986,False,-1.5149462780820633,False,False,-1.8088578236521269,False,0.5092558731163865,False,1.0870144946865767,False,0,6,False
2023-07-17,-14401.17,0,0.0,1.0,-2.4782324171599384,False,-2.0592217650745397,False,False,-2.4319815649831438,False,0.5773927338398758,False,1.2030765005177886,False,0,6,False
2023-07-18,-1748.69,1,0.7818314824680298,0.6234898018587336,0.8462904879827567,False,0.6246900890939404,False,False,0.7153125627013984,False,0.6001608173879805,True,1.130046838127966,False,1,6,False
2023-07-19,-1000.46,2,0.9749279121818236,-0.22252093395631434,1.0428928752866622,False,0.7834086459811659,False,False,0.895204248987592,False,0.5032074575416439,False,1.1310385136754486,False,0,6,False
2023-07-20,-6810.05,3,0.43388373911755823,-0.900968867902419,-0.48361536851122966,False,-0.4489527147053289,False,False,-0.5593722913832692,False,0.5114291460768309,False,1.1447731523916853,False,0,6,False
2023-07-21,-263.98,4,-0.433883739117558,-0.9009688679024191,1.2364078722816776,False,0.9396347299076375,False,False,1.0122575602817692,False,0.5352576534159119,False,1.1095068536817816,False,0,6,False
2023-07-22,-5442.76,5,-0.9749279121818236,-0.2225209339563146,-0.12435086677144776,False,-0.1589158334705021,False,False,-0.18436470418499917,False,0.5094646879126518,False,1.0544732628965179,False,0,6,False
2023-07-23,-2037.85,6,-0.7818314824680299,0.6234898018587334,0.770311783155635,False,0.5633519204699745,False,False,0.6921933733478098,False,0.4866637681862998,False,1.0669419263496853,False,0,6,False
2023-07-24,-341.94,0,0.0,1.0,1.2159233660279691,False,0.9230974369697332,False,False,1.069542672991102,False,0.48522069394925943,False,0.9958049835828255,False,0,6,False
2023-07-25,-1659.15,1,0.7818314824680298,0.6234898018587336,0.86981771591961,False,0.643683793681677,False,False,0.6964026277489753,False,0.5011581937160372,False,1.0101657553062475,False,0,6,False
2023-07-26,-2042.22,2,0.9749279121818236,-0.22252093395631434,0.7691635367173498,False,0.5624249326539323,False,False,0.6457702988322118,False,0.49761891087505306,False,1.0283017828112366,False,0,6,False
2023-07-27,-421.93,3,0.43388373911755823,-0.900968867902419,1.1949054638315328,False,0.9061295295543539,False,False,1.0671306811952095,False,0.5029600674619796,False,1.0826697395846616,False,0,6,False
2023-07-28,-10113.66,4,-0.433883739117558,-0.9009688679024191,-1.3516607726263485,False,-1.149732169843731,False,False,-1.26385532167506,False,0.5952271077349369,True,1.285301187064071,True,2,6,True
2023-07-29,-4446.17,5,-0.9749279121818236,-0.2225209339563146,0.13750975518062483,False,0.05248617741951837,False,False,0.12167731787754525,False,0.5154428870189718,False,1.09775602597917,False,0,6,False
2023-07-30,-6452.77,6,-0.7818314824680299,0.6234898018587334,-0.389737682591206,False,-0.37316456666974107,False,False,-0.3707299056705197,False,0.46099094903234494,False,1.0059992240392805,False,0,6,False
2023-07-31,-596.16,0,0.0,1.0,1.1491253775746875,False,0.8691709283669367,False,False,1.0371020615560687,False,0.48369487255394256,False,0.9992734376443713,False,0,6,False
2023-08-01,-12904.66,1,0.7818314824680298,0.6234898018587336,-2.085014504721026,False,-1.7417740450321708,False,False,-2.188119221339076,False,0.5441496994651596,False,1.065065222253751,False,0,6,False
2023-08-02,-9062.4,2,0.9749279121818236,-0.22252093395631434,-1.0754352461477206,False,-0.9267332656120583,False,False,-1.482288804770072,False,0.5376277202495003,False,1.0628347913520033,False,0,6,False
2023-08-03,-611.86,3,0.43388373911755823,-0.900968867902419,1.145000098608766,False,0.8658405602406527,False,False,0.9776071276187255,False,0.5027468723206745,False,1.0460259192894363,False,0,6,False
2023-08-04,-8670.53,4,-0.433883739117558,-0.9009688679024191,-0.9724688086715685,False,-0.8436077014307278,False,False,-1.365475870041148,False,0.5090189589546732,False,1.0435453187385773,False,0,6,False
2023-08-05,-5307.74,5,-0.9749279121818236,-0.2225209339563146,-0.0888734676645242,False,-0.13027466758446002,False,False,-0.43606434589918674,False,0.4853243431237808,False,1.034754361086144,False,0,6,False
2023-08-06,-6921.48,6,-0.7818314824680299,0.6234898018587334,-0.5128943389043896,False,-0.4725898433876103,False,False,-0.9075933156402436,False,0.46056137651349466,False,1.0208374171934935,False,0,6,False
2023-08-07,-1475.46,0,0.0,1.0,0.9180834798208896,False,0.6826491007591993,False,False,0.6871582532955485,False,0.47507445842771395,False,1.0043835826382812,False,0,6,False
2023-08-08,-112.76,1,0.7818314824680298,0.6234898018587336,1.276141928665539,False,0.9717123265991443,False,False,1.0590889403861294,False,0.4874866001388607,False,1.0716206884704453,False,0,6,False
2023-08-09,-5669.66,2,0.9749279121818236,-0.22252093395631434,-0.18397034431078205,False,-0.20704707728284774,False,False,-0.22798644469707294,False,0.46814700299920314,False,0.9835283878238336,False,0,6,False
2023-08-10,-4057.1,3,0.43388373911755823,-0.900968867902419,0.23974047411508423,False,0.13501779059743535,False,False,0.21264968916541646,False,0.44153508372102973,False,0.9816371752479764,False,0,6,False
2023-08-11,-1585.98,4,-0.433883739117558,-0.9009688679024191,0.8890436179537796,False,0.6592050061530271,False,False,0.8325166265572866,False,0.448915204981169,False,0.9738523464948509,False,0,6,False
2023-08-12,-6825.55,5,-0.9749279121818236,-0.2225209339563146,-0.48768809615274433,False,-0.45224065775994043,False,False,-0.4247627188085922,False,0.46558182131755,False,0.9855182727001507,False,0,6,False
2023-08-13,-5516.5,6,-0.7818314824680299,0.6234898018587334,-0.1437265400801763,False,-0.17455795739611848,False,False,-0.1707576792048632,False,0.4572752554152016,False,0.9736990278010452,False,0,6,False
2023-08-14,-5343.3,0,0.0,1.0,-0.0982170931440251,False,-0.13781784532781408,False,False,-0.09631642776925163,False,0.4731951920512397,False,1.006445163036879,False,0,6,False
2023-08-15,-903.05,1,0.7818314824680298,0.6234898018587336,1.0684879978389168,False,0.8040717771392116,False,False,1.0238262338271773,False,0.47906988251016536,False,1.0150089607037536,False,0,6,False
2023-08-16,-1806.16,2,0.9749279121818236,-0.22252093395631434,0.8311898649145084,False,0.6124992447488744,False,False,0.8664190003898042,False,0.4866000833024419,False,1.0333758279702685,False,0,6,False
2023-08-17,-787.74,3,0.43388373911755823,-0.900968867902419,1.098786463925566,False,0.828531952211938,False,False,1.158148838862991,False,0.4819653344338666,False,1.024799303893335,False,0,6,False
2023-08-18,-2429.68,4,-0.433883739117558,-0.9009688679024191,0.667355855944364,False,0.48023484130297833,False,False,0.6578222679365254,False,0.4840350712042296,False,1.0161256716146083,False,0,6,False
2023-08-19,-770.37,5,-0.9749279121818236,-0.2225209339563146,1.1033505464502826,False,0.8322165696866866,False,False,1.2060099935081647,False,0.48808540717111,False,1.004756824971205,False,0,6,False
2023-08-20,-1182.77,6,-0.7818314824680299,0.6234898018587334,0.9949897155237886,False,0.7447360718981834,False,False,1.0876950669393717,False,0.5145015519787978,False,1.094911610779437,False,0,6,False
2023-08-21,-14464.3,0,0.0,1.0,-2.494820242708895,False,-2.072613238947935,False,False,-2.752548092168365,False,0.6312985260634096,True,1.2620094284647347,False,1,6,False
2023-08-22,-12046.3,1,0.7818314824680298,0.6234898018587336,-1.8594747306326032,False,-1.5596941224285343,False,False,-2.08323494900041,False,0.595537740146651,True,1.2980766157136752,True,2,6,True
2023-08-23,-7885.64,2,0.9749279121818236,-0.22252093395631434,-0.7662337636039255,False,-0.6771126289059501,False,False,-0.8459186057233925,False,0.5491214590117269,False,1.1478539074365277,False,0,6,False
2023-08-24,-7328.52,3,0.43388373911755823,-0.900968867902419,-0.6198467943367859,False,-0.5589333492552931,False,False,-0.6623808929630932,False,0.5044487479785028,False,1.1436574603441962,False,0,6,False
2023-08-25,-3210.39,4,-0.433883739117558,-0.9009688679024191,0.4622191335568199,False,0.314626452776154,False,False,0.5837989503121966,False,0.5010583824345344,False,1.0943098996660061,False,0,6,False
2023-08-26,-5726.2,5,-0.9749279121818236,-0.2225209339563146,-0.1988266037205395,False,-0.2190406450446372,False,False,-0.17745905961726233,False,0.4969165860354641,False,1.0471474412412358,False,0,6,False
2023-08-27,-1363.65,6,-0.7818314824680299,0.6234898018587334,0.9474622977304222,False,0.7063668370776583,False,False,1.1564872597992457,False,0.5006541136256629,False,1.069236870248484,False,0,6,False
2023-08-28,-7873.28,0,0.0,1.0,-0.762986091755595,False,-0.6744907594765952,False,False,-0.7216529541911155,False,0.5261752016098108,False,1.104563282322614,False,0,6,False
2023-08-29,-5674.32,1,0.7818314824680298,0.6234898018587336,-0.18519479016945675,False,-0.20803558145281478,False,False,-0.04924257464236719,False,0.4659669096584326,False,1.023059771342633,False,0,6,False
2023-08-30,-7486.63,2,0.9749279121818236,-0.22252093395631434,-0.661391243846456,False,-0.5924724896659145,False,False,-0.4463946543139472,False,0.4637013721000445,False,1.007442827879074,False,0,6,False
2023-08-31,-7264.79,3,0.43388373911755823,-0.900968867902419,-0.6031013148146096,False,-0.5454146001668806,False,False,-0.2947914338214665,False,0.46455690265312466,False,1.0228719665639776,False,0,6,False
2023-09-01,-2762.48,4,-0.433883739117558,-0.9009688679024191,0.5799104521317131,False,0.409639522040093,False,False,0.8630574338536753,False,0.4764136935854983,False,0.9988428927135896,False,0,6,False
2023-09-02,-6675.03,5,-0.9749279121818236,-0.2225209339563146,-0.4481379694043061,False,-0.42031154881928684,False,False,-0.09760341539624398,False,0.4620843356058305,False,1.0265048061909483,False,0,6,False
2023-09-03,-7432.99,6,-0.7818314824680299,0.6234898018587334,-0.6472969786405948,False,-0.5810940854433748,False,False,-0.31031058548031604,False,0.4568258375899279,False,0.9946530370550464,False,0,6,False
2023-09-04,-1057.0,0,0.0,1.0,1.0280366158769048,False,0.7714150782193765,False,False,1.4606654660631029,False,0.53180328512494,False,1.1510482834784623,False,0,6,False
2023-09-05,-5956.89,1,0.7818314824680298,0.6234898018587336,-0.2594419288573799,False,-0.26797584396517515,False,False,0.20803708873513155,False,0.4686249078864523,False,1.014562137404471,False,0,6,False
2023-09-06,-7261.59,2,0.9749279121818236,-0.22252093395631434,-0.6022604936241034,False,-0.5447357990201221,False,False,-0.2375682973832659,False,0.46066760721979055,False,1.0067439448304814,False,0,6,False
2023-09-07,-4943.16,3,0.43388373911755823,-0.900968867902419,0.006922341596341943,False,-0.05293800443282934,False,False,0.4302985091324037,False,0.4571744619758643,False,0.9919389438878323,False,0,6,False
2023-09-08,-8127.48,4,-0.433883739117558,-0.9009688679024191,-0.8297788250764357,False,-0.7284130255722244,False,False,-0.6177687030514695,False,0.47343140595347294,False,1.0340491931629523,False,0,6,False
2023-09-09,-1748.02,5,-0.9749279121818236,-0.2225209339563146,0.846466534919519,False,0.624832213084043,False,False,1.451125620749524,False,0.5006446257080502,False,1.045665414670931,False,0,6,False
2023-09-10,-9660.22,6,-0.7818314824680299,0.6234898018587334,-1.2325164099316115,False,-1.0535460473480498,False,False,-1.0789488691967,False,0.4967264903972351,False,1.0726134536616847,False,0,6,False
2023-09-11,-6371.51,0,0.0,1.0,-0.36838607948478763,False,-0.3559272600492421,False,False,-0.09788507336143719,False,0.47639599470545774,False,1.0152331086589983,False,0,6,False
2023-09-12,-9442.47,1,0.7818314824680298,0.6234898018587336,-1.175301155483881,False,-1.0073557505647168,False,False,-0.9482880392622959,False,0.4874637575272691,False,1.0523498877325186,False,0,6,False
2023-09-13,-13531.22,2,0.9749279121818236,-0.22252093395631434,-2.249647293822151,False,-1.8746833095674873,False,False,-2.169682000949793,False,0.5593616478104998,False,1.258129393109878,False,0,6,False
2023-09-14,-11500.62,3,0.43388373911755823,-0.900968867902419,-1.716093697121524,False,-1.4439415568775393,False,False,-1.5678832599048278,False,0.586762550837793,False,1.2876243739454734,True,1,6,False
2023-09-15,-1389.37,4,-0.433883739117558,-0.9009688679024191,0.9407041974117283,False,0.7009109728605869,False,False,1.1734539558082866,False,0.5723181303176861,False,1.25634568337519,False,0,6,False
2023-09-16,-6706.56,5,-0.9749279121818236,-0.2225209339563146,-0.4564226856970133,False,-0.4269998613684419,False,False,-0.20245000631487847,False,0.5185005587955472,False,1.1002982598101352,False,0,6,False
2023-09-17,-420.67,6,-0.7818314824680299,0.6234898018587334,1.1952365371752947,False,0.9063968075058901,False,False,1.400379281285746,False,0.5337347653083286,False,1.1610756105662012,False,0,6,False
2023-09-18,-7323.53,0,0.0,1.0,-0.61853563879284,False,-0.5578748437170665,False,False,-0.16392191671908468,False,0.5291084507758567,False,1.090908170540156,False,0,6,False
2023-09-19,-8395.85,1,0.7818314824680298,0.6234898018587336,-0.9002948197314874,False,-0.785341107995844,False,False,-0.3373661351510853,False,0.5024594050333061,False,1.0983127478019992,False,0,6,False
2023-09-20,-7945.57,2,0.9749279121818236,-0.22252093395631434,-0.7819807679623754,False,-0.6898253016325867,False,False,-0.22932097072332105,False,0.49937577357201746,False,1.1032257387376023,False,0,6,False
2023-09-21,-5873.54,3,0.43388373911755823,-0.900968867902419,-0.23754116441091208,False,-0.25029519534569944,False,False,0.17720847417718585,False,0.45506481117831094,False,0.9930290593522295,False,0,6,False
2023-09-22,-6155.76,4,-0.433883739117558,-0.9009688679024191,-0.3116963382811235,False,-0.310161213982633,False,False,0.15621228572329227,False,0.44904462793806255,False,0.9915297301742655,False,0,6,False
2023-09-23,-8318.29,5,-0.9749279121818236,-0.2225209339563146,-0.8799154161265921,False,-0.7688886652012846,False,False,-0.3058947214882243,False,0.47649774976312365,False,1.0533539473756866,False,0,6,False
2023-09-24,-230.09,6,-0.7818314824680299,0.6234898018587334,1.245312694202383,False,0.9468236583025268,False,False,1.2362902074369324,False,0.5119522846216389,False,1.0437217200247786,False,0,6,False
2023-09-25,-2513.56,0,0.0,1.0,0.6453158304882186,False,0.4624417662435708,False,False,0.7828899016558005,False,0.5023160266447592,False,1.0888402177980918,False,0,6,False
2023-09-26,-10090.05,1,0.7818314824680298,0.6234898018587336,-1.3454570887801445,False,-1.1447238901328034,False,False,-0.7009166890573512,False,0.48440941262781007,False,1.0329840867226072,False,0,6,False
2023-09-27,-480.19,2,0.9749279121818236,-0.22252093395631434,1.1795972630318783,False,0.8937711061761819,False,False,1.118200082224169,False,0.5078900958215863,False,1.0126130900276982,False,0,6,False
2023-09-28,-1120.88,3,0.43388373911755823,-0.900968867902419,1.0112517228614237,False,0.7578645103272096,False,False,0.9525178155027942,False,0.46139767827579425,False,1.0017666328908525,False,0,6,False
2023-09-29,-370.81,4,-0.433883739117558,-0.9009688679024191,1.2083375823498703,False,0.9169733778738212,False,False,1.0891564918540595,False,0.46933087009924496,False,0.9786397904989282,False,0,6,False
2023-09-30,-13498.55,5,-0.9749279121818236,-0.2225209339563146,-2.2410630349803267,False,-1.8677531741097995,False,False,-1.6035854153758977,False,0.5839476613410709,False,1.2295849563512846,False,0,6,False
2023-10-01,-14804.7,6,-0.7818314824680299,0.6234898018587334,-2.5842625968489985,False,-2.144820710934372,False,False,-1.8650254741109789,False,0.6181875479419899,True,1.4013983704989577,True,2,6,True
2023-10-02,-14942.78,0,0.0,1.0,-2.6205440312193433,False,-2.1741109804170016,False,False,-1.9054846573570434,False,0.6555600996138029,True,1.4677258708396086,True,2,6,True
2023-10-03,-14143.32,1,0.7818314824680298,0.6234898018587336,-2.4104806221686768,False,-2.0045252414208887,False,False,-1.7507346769169718,False,0.6731855894904125,True,1.6355213065664866,True,2,6,True
2023-10-04,-3313.07,2,0.9749279121818236,-0.22252093395631434,0.43523928360645026,False,0.2928454209795402,False,False,0.36816068724247336,False,0.6572923819394166,True,1.4771583148312335,True,2,6,True
2023-10-05,-829.71,3,0.43388373911755823,-0.900968867902419,1.0877585684988322,False,0.8196290509214834,False,False,0.8615755508819031,False,0.5923482728065698,True,1.5752162869191106,True,2,6,True
2023-10-06,-13475.14,4,-0.433883739117558,-0.9009688679024191,-2.234911902458529,False,-1.8627873194705444,False,False,-1.6009526099949647,False,0.6629795669106284,True,1.8311182784755051,True,2,6,True
2023-10-07,-714.45,5,-0.9749279121818236,-0.2225209339563146,1.1180438967543795,False,0.8440786197262916,False,False,0.8391706717853898,False,0.665413404817272,True,1.650213947966495,True,2,6,True
2023-10-08,-1306.91,6,-0.7818314824680299,0.6234898018587334,0.9623711084645864,False,0.7184028299111204,False,False,0.7304400805867146,False,0.6011201625549958,True,1.580386811649229,True,2,6,True
2023-10-09,-1153.84,0,0.0,1.0,1.0025912645992092,False,0.7508728585155969,False,False,0.7546948656827612,False,0.5626615082155371,False,1.3942159883006127,True,1,6,False
2023-10-10,-8709.77,1,0.7818314824680298,0.6234898018587336,-0.9827793785201514,False,-0.851931500492854,False,False,-0.6376297472504106,False,0.531392657223842,False,1.132607303693278,False,0,6,False
2023-10-11,-857.9,2,0.9749279121818236,-0.22252093395631434,1.0803514593237162,False,0.8136492370692576,False,False,0.9144250245020701,False,0.5142704624457061,False,1.0555165818919499,False,0,6,False
2023-10-12,-2812.06,3,0.43388373911755823,-0.900968867902419,0.5668829788113068,False,0.39912234677250336,False,False,0.5291306822947845,False,0.5014117224335057,False,1.0929696348831177,False,0,6,False
2023-10-13,-6179.91,4,-0.433883739117558,-0.9009688679024191,-0.3180419107032253,False,-0.3152840413870761,False,False,-0.09999043295814412,False,0.48816840727321503,False,1.0315274938292571,False,0,6,False
2023-10-14,-3484.32,5,-0.9749279121818236,-0.2225209339563146,0.39024221208326376,False,0.2565189533600417,False,False,0.4821733454877663,False,0.4780144105744937,False,1.01455886479783,False,0,6,False
2023-10-15,-754.21,6,-0.7818314824680299,0.6234898018587334,1.1075966934623391,False,0.835644515477817,False,False,1.02385538600471,False,0.4711996121374306,False,1.0091868028383804,False,0,6,False
2023-10-16,-751.09,0,0.0,1.0,1.1084164941230827,False,0.8363063465959065,False,False,1.0115568771510537,False,0.48238198013390454,False,0.9785420369111539,False,0,6,False
2023-10-17,-1508.72,1,0.7818314824680298,0.6234898018587336,0.9093441945720651,False,0.6755938113400779,False,False,0.8551449470417312,False,0.4660381838505952,False,0.9918984854025743,False,0,6,False
2023-10-18,-511.37,2,0.9749279121818236,-0.22252093395631434,1.171404511556883,False,0.8871570375024536,False,False,1.0838188466120844,False,0.5306301507152438,False,1.0867336169062163,False,0,6,False
2023-10-19,-12648.32,3,0.43388373911755823,-0.900968867902419,-2.0176594722290337,False,-1.6873978306696467,False,False,-2.120051823488864,False,0.587217796095458,False,1.157304104688499,False,0,6,False
2023-10-20,-1092.92,4,-0.433883739117558,-0.9009688679024191,1.018598398013472,False,0.7637955353470122,False,False,0.9364081142245332,False,0.5691044065329688,False,1.209541035641878,False,0,6,False
2023-10-21,-6711.15,5,-0.9749279121818236,-0.2225209339563146,-0.4576287385921455,False,-0.4279735167633235,False,False,-0.5202119496174247,False,0.4844764042042727,False,1.0157200030485076,False,0,6,False
2023-10-22,-6994.34,6,-0.7818314824680299,0.6234898018587334,-0.5320387863857291,False,-0.4880452969978683,False,False,-0.734392981858892,False,0.48132208113837643,False,1.0527511434049797,False,0,6,False
2023-10-23,-7071.09,0,0.0,1.0,-0.5522053571267777,False,-0.5043259182521544,False,False,-0.7199820492264464,False,0.4680127688636387,False,1.0191691350991232,False,0,6,False
2023-10-24,-9045.19,1,0.7818314824680298,0.6234898018587336,-1.0709132046825294,False,-0.9230825881946477,False,False,-1.0582900638883062,False,0.4600909753804387,False,1.0086888608529117,False,0,6,False
2023-10-25,-9642.12,2,0.9749279121818236,-0.22252093395631434,-1.2277605150728108,False,-1.0497065783616975,False,False,-1.1685080536100514,False,0.49264862323976527,False,1.0540747454123367,False,0,6,False
2023-10-26,-7460.33,3,0.43388373911755823,-0.900968867902419,-0.6544807446869827,False,-0.586893592740993,False,False,-0.6158784738359872,False,0.5071813847352507,False,1.1271759442531,False,0,6,False
2023-10-27,-4233.82,4,-0.433883739117558,-0.9009688679024191,0.19330612386937618,False,0.09753099726769658,False,False,0.28368011699062357,False,0.48196896373847975,False,1.061212033605209,False,0,6,False
2023-10-28,-8303.9,5,-0.9749279121818236,-0.2225209339563146,-0.8761343483355339,False,-0.7658361812944547,False,False,-0.8541219596623245,False,0.5439680929455509,False,1.3395258925180378,True,1,6,False
2023-10-29,-314.28,6,-0.7818314824680299,0.6234898018587334,1.2231912141934076,False,0.9289648243820271,False,False,1.2445700913838826,False,0.5707275578656215,False,1.2390030718920622,False,0,6,False
2023-10-30,-5241.23,0,0.0,1.0,-0.07139752473309563,False,-0.11616620999980104,False,False,-0.07081755169851849,False,0.5012716077918283,False,1.0648036385543258,False,0,6,False
2023-10-31,-6863.06,1,0.7818314824680298,0.6234898018587336,-0.49754409704520997,False,-0.46019747995210036,False,False,-0.46691042150164574,False,0.45523794145135466,False,0.9967668646871545,False,0,6,False
2023-11-01,-3877.73,2,0.9749279121818236,-0.22252093395631434,0.2868711294091803,False,0.17306671612683355,False,False,0.42607445705493646,False,0.4595873437921955,False,1.0031166109602725,False,0,6,False
2023-11-02,-4046.58,3,0.43388373911755823,-0.900968867902419,0.24250467377887355,False,0.13724934936740396,False,False,0.4234765702992833,False,0.45237421942170253,False,0.9948293223728981,False,0,6,False
2023-11-03,-2409.73,4,-0.433883739117558,-0.9009688679024191,0.6725978505539264,False,0.48446674220230085,False,False,0.9092801472076372,False,0.4581562458638875,False,0.9821373822949651,False,0,6,False
2023-11-04,-5211.88,5,-0.9749279121818236,-0.2225209339563146,-0.06368561787642119,False,-0.10994033073187542,False,False,0.06409158191615767,False,0.4488532976567349,False,0.9823725547881219,False,0,6,False
2023-11-05,-6217.86,6,-0.7818314824680299,0.6234898018587334,-0.3280135245093854,False,-0.32333419873691527,False,False,-0.23906950277491587,False,0.46725974329627146,False,0.9843617919854892,False,0,6,False
2023-11-06,-5978.12,0,0.0,1.0,-0.2650202519431447,False,-0.27247926532320105,False,False,-0.19244733348512721,False,0.5010228198681212,False,1.08946847618776,False,0,6,False
2023-11-07,-14611.9,1,0.7818314824680298,0.6234898018587336,-2.5336031201209956,False,-2.103922941842171,False,False,-2.8588796706365027,False,0.5787899873242792,False,1.3001522647342203,True,1,6,False
2023-11-08,-8253.52,2,0.9749279121818236,-0.22252093395631434,-0.8628966697175012,False,-0.7551493057401756,False,False,-0.8147281439586962,False,0.5518301607758108,False,1.1375676605525646,False,0,6,False
2023-11-09,-4489.79,3,0.43388373911755823,-0.900968867902419,0.1260483113275364,False,0.04323326928776643,False,False,0.20977813891849004,False,0.46580104830828756,False,1.0107126279729624,False,0,6,False
2023-11-10,-816.08,4,-0.433883739117558,-0.9009688679024191,1.0913399412571447,False,0.822520319555958,False,False,1.2176392735555326,False,0.4692665760328329,False,1.0287478353732356,False,0,6,False
2023-11-11,-578.06,5,-0.9749279121818236,-0.2225209339563146,1.1538812724334884,False,0.8730103973532896,False,False,1.249800644055774,False,0.49338763502188276,False,1.0233810568303316,False,0,6,False
2023-11-12,-477.3,6,-0.7818314824680299,0.6234898018587334,1.1803566296695542,False,0.8943841484618481,False,False,1.24370973144557,False,0.4874704513852842,False,1.019154410113611,False,0,6,False
2023-11-13,-3133.85,0,0.0,1.0,0.4823305254072415,False,0.33086252770518415,False,False,0.5299253674035126,False,0.49483459776952404,False,0.9991034317474181,False,0,6,False
2023-11-14,-5894.09,1,0.7818314824680298,0.6234898018587336,-0.2429408129936945,False,-0.25465437146003933,False,False,-0.19135021583215983,False,0.4689461754996785,False,1.0386892669874943,False,0,6,False
2023-11-15,-9532.42,2,0.9749279121818236,-0.22252093395631434,-1.1989361136357681,False,-1.026436426549382,False,False,-1.1892458649028357,False,0.4890159326463444,False,1.0167786470401081,False,0,6,False
2023-11-16,-5327.03,3,0.43388373911755823,-0.900968867902419,-0.09394204290354473,False,-0.1343665657472637,False,False,-0.01217317302890429,False,0.4799159659746735,False,1.0157287289491321,False,0,6,False
2023-11-17,-2000.6,4,-0.433883739117558,-0.9009688679024191,0.7800994673263719,False,0.5712535900689603,False,False,0.7603779712294891,False,0.45628764325128474,False,0.9739816409851338,False,0,6,False
2023-11-18,-6827.57,5,-0.9749279121818236,-0.2225209339563146,-0.4882188645292513,False,-0.45266915098383165,False,False,-0.3633949832663098,False,0.45671442962449055,False,0.9841678513913263,False,0,6,False
2023-11-19,-1633.76,6,-0.7818314824680299,0.6234898018587334,0.876489106553033,False,0.6490696565304891,False,False,0.8495771172669849,False,0.4516304463703593,False,0.9942647273207615,False,0,6,False
2023-11-20,-4069.17,0,0.0,1.0,0.2365690016871434,False,0.13245743752200556,False,False,0.2959665682547731,False,0.46445489107400745,False,0.9973432508657517,False,0,6,False
2023-11-21,-1882.77,1,0.7818314824680298,0.6234898018587336,0.8110600801005445,False,0.5962483210447588,False,False,0.7432809260311629,False,0.45993380003231277,False,1.0046982362342327,False,0,6,False
2023-11-22,-12526.71,2,0.9749279121818236,-0.22252093395631434,-1.9857056394235755,False,-1.6616012658392394,False,False,-1.6816367418987461,False,0.5223659758995959,False,1.0258352212496291,False,0,6,False
2023-11-23,-4737.84,3,0.43388373911755823,-0.900968867902419,0.060871531232199676,False,-0.00938442585393638,False,False,0.015771188648762598,False,0.5146778084110879,False,1.0865995822166343,False,0,6,False
2023-11-24,-2300.53,4,-0.433883739117558,-0.9009688679024191,0.7012908736799525,False,0.5076308313354351,False,False,0.5650186894433477,False,0.44344454121804516,False,0.97577900145727,False,0,6,False
2023-11-25,-12385.05,5,-0.9749279121818236,-0.2225209339563146,-1.9484835363463515,False,-1.6315515875736737,False,False,-1.9607611230277318,False,0.5284315237074019,False,1.084458528427159,False,0,6,False
2023-11-26,-2047.83,6,-0.7818314824680299,0.6234898018587334,0.7676894720677436,False,0.5612349093935214,False,False,0.664723046483284,False,0.5368532080039485,False,1.1130915068296956,False,0,6,False
2023-11-27,-10008.33,0,0.0,1.0,-1.323984617627591,False,-1.127389005847458,False,False,-1.3039358866371722,False,0.4986824858333476,False,1.0686414179379247,False,0,6,False
2023-11-28,-2299.64,1,0.7818314824680298,0.6234898018587336,0.7015247270735621,False,0.5078196229043773,False,False,0.7413050422513495,False,0.5163723875936701,False,1.050839481572306,False,0,6,False
2023-11-29,-243.92,2,0.9749279121818236,-0.22252093395631434,1.2416787701196639,False,0.9438899645963799,False,False,1.2609078903527633,False,0.5013832736808101,False,1.090222731178597,False,0,6,False
2023-11-30,-14473.33,3,0.43388373911755823,-0.900968867902419,-2.4971929350058546,False,-2.074528730933944,False,False,-2.040780405404991,False,0.5778090643565623,False,1.1895168962028175,False,0,6,False
2023-12-01,-1533.32,4,-0.433883739117558,-0.9009688679024191,0.9028803816700484,False,0.670375527524372,False,False,0.9639265454580085,False,0.6063438965892087,True,1.1709943967067753,False,1,6,False
2023-12-02,-7005.05,5,-0.9749279121818236,-0.2225209339563146,-0.5348529098077048,False,-0.4903171595859257,False,False,-0.3303000578396484,False,0.5078615351282623,False,1.0596067971475447,False,0,6,False
2023-12-03,-955.4,6,-0.7818314824680299,0.6234898018587334,1.0547326886754786,False,0.7929670146289591,False,False,1.0783897043415116,False,0.49173521154236965,False,1.0524072143791308,False,0,6,False
2023-12-04,-7844.88,0,0.0,1.0,-0.755523803689852,False,-0.6684663992991134,False,False,-0.5425538968028039,False,0.5085188520443228,False,1.0747211839838833,False,0,6,False
2023-12-05,-221.56,1,0.7818314824680298,0.6234898018587336,1.247554008188326,False,0.9486330876093548,False,False,1.270737950186385,False,0.509240716060276,False,1.0592786343612481,False,0,6,False
2023-12-06,-6586.19,2,0.9749279121818236,-0.22252093395631434,-0.42479467110287605,False,-0.4014663319824036,False,False,-0.24815854115091754,False,0.49705178170449427,False,1.0830569318670196,False,0,6,False
2023-12-07,-3944.82,3,0.43388373911755823,-0.900968867902419,0.2692427876369725,False,0.15883522583432458,False,False,0.3701180600277176,False,0.4714084950541512,False,1.0348813178237968,False,0,6,False
2023-12-08,-1127.98,4,-0.433883739117558,-0.9009688679024191,1.009386150844988,False,0.7563584202828392,False,False,1.0066193653683482,False,0.4561414367723531,False,0.9712927809988597,False,0,6,False
2023-12-09,-2626.63,5,-0.9749279121818236,-0.2225209339563146,0.615605939234924,False,0.4384567519735755,False,False,0.6272692586132136,False,0.4550128739204624,False,0.9720537429454879,False,0,6,False
2023-12-10,-6459.38,6,-0.7818314824680299,0.6234898018587334,-0.3914745038628454,False,-0.37456671528851404,False,False,-0.277321830932844,False,0.46916743623458795,False,0.998641281515893,False,0,6,False
2023-12-11,-6939.23,0,0.0,1.0,-0.5175582689454791,False,-0.4763550684985364,False,False,-0.5065803542723228,False,0.45891042257380427,False,0.9899218059657903,False,0,6,False
2023-12-12,-9033.87,1,0.7818314824680298,0.6234898018587336,-1.0679387997211134,False,-0.9206813291379896,False,False,-0.9463101810648884,False,0.46827605535596317,False,1.0042710827412324,False,0,6,False
2023-12-13,-14365.18,2,0.9749279121818236,-0.22252093395631434,-2.468775806332964,False,-2.05158737342709,False,False,-2.3890465397735596,False,0.554598139592227,False,1.2422057546366099,False,0,6,False
2023-12-14,-10115.18,3,0.43388373911755823,-0.900968867902419,-1.3520601626918392,False,-1.1500546003884415,False,False,-1.1501099096258616,False,0.5688607597820922,False,1.174036600206799,False,0,6,False
2023-12-15,-7358.65,4,-0.433883739117558,-0.9009688679024191,-0.6277636513586462,False,-0.5653246863027411,False,False,-0.47292532355062034,False,0.5208380090941336,False,1.0861631664429106,False,0,6,False
2023-12-16,-4438.03,5,-0.9749279121818236,-0.2225209339563146,0.1396485940839752,False,0.054212877836585405,False,False,0.1734948938740111,False,0.5196581694076292,False,1.0683513254092731,False,0,6,False
2023-12-17,-1176.1,6,-0.7818314824680299,0.6234898018587334,0.9967423021927501,False,0.746150948038458,False,False,1.068184645052744,False,0.5229514034807526,False,1.1832118958241522,False,0,6,False
2023-12-18,-5427.98,0,0.0,1.0,-0.12046732389779681,False,-0.15578062067391107,False,False,-0.12557746588511698,False,0.5154488661736648,False,1.121963442628072,False,0,6,False
2023-12-19,-3653.11,1,0.7818314824680298,0.6234898018587336,0.345891521850279,False,0.2207143141221138,False,False,0.4184882922783578,False,0.495997582339095,False,1.071007494968179,False,0,6,False
2023-12-20,-2104.82,2,0.9749279121818236,-0.22252093395631434,0.7527149721780712,False,0.5491458852204689,False,False,0.7715472021658588,False,0.4792165724772551,False,1.0492429418659417,False,0,6,False
2023-12-21,-1802.77,3,0.43388373911755823,-0.900968867902419,0.832080609863201,False,0.6132183497137216,False,False,0.9293780827435596,False,0.4529941407335742,False,0.9905402405744429,False,0,6,False
2023-12-22,-3559.96,4,-0.433883739117558,-0.9009688679024191,0.37036730119267214,False,0.24047379125353738,False,False,0.44013984498883,False,0.48693141786610245,False,1.0162851906557155,False,0,6,False
2023-12-23,-3564.8,5,-0.9749279121818236,-0.2225209339563146,0.36909555914203135,False,0.23944710451906512,False,False,0.4614433302066032,False,0.5127849373851321,False,1.0846816612525088,False,0,6,False
2023-12-24,-6752.92,6,-0.7818314824680299,0.6234898018587334,-0.46860408269447257,False,-0.4368339929821058,False,False,-0.37029316449654986,False,0.517043551599853,False,1.1120403317497816,False,0,6,False
2023-12-25,-1444.75,0,0.0,1.0,0.9261527356835293,False,0.6891634705144973,False,False,1.1108439237556702,False,0.511091237182723,False,1.1178727840762614,False,0,6,False
2023-12-26,-10788.89,1,0.7818314824680298,0.6234898018587336,-1.5290819265218298,False,-1.2929655755705278,False,False,-1.3301316729766692,False,0.5396990559102336,False,1.0570428971336439,False,0,6,False
2023-12-27,-2235.7,2,0.9749279121818236,-0.22252093395631434,0.7183253854863653,False,0.5213829183180458,False,False,0.8184279242127686,False,0.5078800572013379,False,1.0222511558175276,False,0,6,False
2023-12-28,-12893.63,3,0.43388373911755823,-0.900968867902419,-2.0821162991799995,False,-1.7394343023294374,False,False,-1.9535169047243472,False,0.5267025955963632,False,1.0722274729723744,False,0,6,False
2023-12-29,-2798.15,4,-0.433883739117558,-0.9009688679024191,0.5705379234237886,False,0.40207301050731925,False,False,0.6213971225876379,False,0.5470188479534508,False,1.081616874636376,False,0,6,False
2023-12-30,-3583.67,5,-0.9749279121818236,-0.2225209339563146,0.3641373416842648,False,0.23544429900677352,False,False,0.40706361926262397,False,0.45994992503421983,False,1.001959654274723,False,0,6,False
2023-12-31,-2120.8,6,-0.7818314824680299,0.6234898018587334,0.7485161213579805,False,0.5457561219938436,False,False,0.7310103943204493,False,0.4550639322291542,False,0.9948428763746945,False,0,6,False
2024-01-01,-3085.38,0,0.0,1.0,0.4950663388771909,False,0.3411442438249919,False,False,0.4818260865227949,False,0.46389744427496876,False,0.9761890571195708,False,0,6,False
2024-01-02,-6797.71,1,0.7818314824680298,0.6234898018587336,-0.4803729517953399,False,-0.44633508778314135,False,False,-0.5070867229401507,False,0.4537913691208868,False,0.9812400108996107,False,0,6,False
2024-01-03,-746.47,2,0.9749279121818236,-0.22252093395631434,1.1096304297168762,False,0.8372863657515391,False,False,1.1142366947187703,False,0.4648154428854151,False,0.9894989484394271,False,0,6,False
2024-01-04,-5427.81,3,0.43388373911755823,-0.900968867902419,-0.12042265527205138,False,-0.1557445593629897,False,False,-0.17013653950622262,False,0.45947462081274726,False,0.9932763466252993,False,0,6,False
2024-01-05,-7467.3,4,-0.433883739117558,-0.9009688679024191,-0.6563121583425542,False,-0.5883721064887764,False,False,-0.6932485148677998,False,0.49220667017965264,False,1.038194049140705,False,0,6,False
2024-01-06,-6362.16,5,-0.9749279121818236,-0.2225209339563146,-0.365929305068777,False,-0.35394388794855697,False,False,-0.3896750242723026,False,0.46508114085283897,False,0.9915180753873776,False,0,6,False
2024-01-07,-8345.26,6,-0.7818314824680299,0.6234898018587334,-0.8870019622228276,False,-0.7746096861163085,False,False,-0.9155239844453371,False,0.4551558666448687,False,0.9921346177959247,False,0,6,False
2024-01-08,-1305.76,0,0.0,1.0,0.9626732785799246,False,0.7186467740732366,False,False,0.9442405849707346,False,0.4926704553405835,False,1.01179417500834,False,0,6,False
2024-01-09,-13648.36,1,0.7818314824680298,0.6234898018587336,-2.2804266045271215,False,-1.8995316740460162,False,False,-2.3431232823625963,False,0.5386463464934969,False,1.0850852501368327,False,0,6,False
2024-01-10,-1337.5,2,0.9749279121818236,-0.22252093395631434,0.9543333833965907,False,0.7119139151988256,False,False,0.9208614804984235,False,0.5549636940658917,False,1.0827167010847347,False,0,6,False
2024-01-11,-2015.69,3,0.43388373911755823,-0.900968867902419,0.7761344698998908,False,0.5680526184112771,False,False,0.673191181850812,False,0.4683389073732225,False,1.037046264850499,False,0,6,False
2024-01-12,-8354.54,4,-0.433883739117558,-0.9009688679024191,-0.8894403436752958,False,-0.7765782094419084,False,False,-1.054549362115258,False,0.4862394426147829,False,1.003245563700081,False,0,6,False
2024-01-13,-11822.53,5,-0.9749279121818236,-0.2225209339563146,-1.800677681320233,False,-1.512226830987862,False,False,-1.9672916263574378,False,0.5317621841793212,False,1.11343444701839,False,0,6,False
2024-01-14,-587.11,6,-0.7818314824680299,0.6234898018587334,1.151503325004088,False,0.8710906628601132,False,False,1.0707012242367304,False,0.5692077150690532,False,1.1367924592131273,False,0,6,False
2024-01-15,-5422.53,0,0.0,1.0,-0.11903530030771588,False,-0.154624537470838,False,False,-0.13100879985555644,False,0.5104339080148325,False,1.0725124957446932,False,0,6,False
2024-01-16,-1913.73,1,0.7818314824680298,0.6234898018587336,0.8029251350823965,False,0.5896809199498703,False,False,0.7939098964020608,False,0.48922760921338054,False,1.0589591089348047,False,0,6,False
2024-01-17,-4693.6,2,0.9749279121818236,-0.22252093395631434,0.07249588419094864,False,0.0,False,False,0.0650509281992968,False,0.45610615911312785,False,0.9958810783326577,False,0,6,False
2024-01-18,-464.2,3,0.43388373911755823,-0.900968867902419,1.1837987414181892,False,0.8971629906563908,False,False,1.1224654698836534,False,0.4561029782679949,False,0.9795443569561447,False,0,6,False
2024-01-19,-4363.74,4,-0.433883739117558,-0.9009688679024191,0.15916878353482206,False,0.06997167070930098,False,False,0.21574845209342067,False,0.4693057837525958,False,0.9921750405351146,False,0,6,False
2024-01-20,-3319.76,5,-0.9749279121818236,-0.2225209339563146,0.4334814418050481,False,0.29142630233209815,False,False,0.44077033049479636,False,0.45327210100403253,False,0.9692721855180286,False,0,6,False
2024-01-21,-4356.98,6,-0.7818314824680299,0.6234898018587334,0.16094501829976657,False,0.07140563813182838,False,False,0.13547252877109014,False,0.48808780522681877,False,1.0186044068012463,False,0,6,False
2024-01-22,-1519.35,0,0.0,1.0,0.9065510916798522,False,0.6733389187806896,False,False,0.8342633290995537,False,0.5092807825168357,False,1.0487833433397964,False,0,6,False
2024-01-23,-5962.58,1,0.7818314824680298,0.6234898018587336,-0.2609370140367487,False,-0.269182837254255,False,False,-0.2595789232251231,False,0.5131475306651789,False,1.1323926418108659,False,0,6,False
2024-01-24,-822.73,2,0.9749279121818236,-0.22252093395631434,1.0895926097206239,False,0.8211096859228504,False,False,1.0055909856047576,False,0.520425850957099,False,1.1413408556387394,False,0,6,False
2024-01-25,-867.32,3,0.43388373911755823,-0.900968867902419,1.0778762919441633,False,0.8116510161934872,False,False,1.001055186043095,False,0.5115694277802498,False,1.0677331057850838,False,0,6,False
2024-01-26,-1035.86,4,-0.433883739117558,-0.9009688679024191,1.0335912908666869,False,0.7758994082951499,False,False,0.9405402178299276,False,0.5128333231839736,False,1.0567341591361785,False,0,6,False
2024-01-27,-13347.69,5,-0.9749279121818236,-0.2225209339563146,-2.201423570980397,False,-1.8357519425473032,False,False,-2.3523729475610256,False,0.5959562113853393,True,1.2503474470451343,False,1,6,False
2024-01-28,-8478.9,6,-0.7818314824680299,0.6234898018587334,-0.922116757191345,False,-0.8029581190078108,False,False,-1.0560737921169627,False,0.5453460092754682,False,1.1900731009996284,False,0,6,False
2024-01-29,-11088.95,0,0.0,1.0,-1.607924678529114,False,-1.3566159106006404,False,False,-1.9086869423800472,False,0.5190854300731653,False,1.121886280405834,False,0,6,False
2024-01-30,-6280.66,1,0.7818314824680298,0.6234898018587336,-0.3445146403730708,False,-0.3366556712420511,False,False,-0.4632358256871547,False,0.515378720543173,False,1.0660647032259398,False,0,6,False
2024-01-31,-481.13,2,0.9749279121818236,-0.22252093395631434,1.1793502718071671,False,0.8935717083393215,False,False,1.2150512267473728,False,0.49654670535035306,False,1.0631727234776858,False,0,6,False
2024-02-01,-8431.23,3,0.43388373911755823,-0.900968867902419,-0.909591149019022,False,-0.7928461031746926,False,False,-1.0641485242019426,False,0.5136405401762685,False,1.074703625386023,False,0,6,False
2024-02-02,-7182.22,4,-0.433883739117558,-0.9009688679024191,-0.5814055005333278,False,-0.5278994093269275,False,False,-0.7351551267689628,False,0.5024292926474238,False,1.1040490890077517,False,0,6,False
2024-02-03,-1692.15,5,-0.9749279121818236,-0.2225209339563146,0.8611467473925142,False,0.6366836568557299,False,False,0.8511681242737537,False,0.519353811920899,False,1.0786938988094523,False,0,6,False
2024-02-04,-1695.57,6,-0.7818314824680299,0.6234898018587334,0.8602481197451607,False,0.6359581881301318,False,False,0.7998281605786333,False,0.4644499385974101,False,1.0195865473019923,False,0,6,False
2024-02-05,-6264.21,0,0.0,1.0,-0.3401922939406246,False,-0.3331662090969957,False,False,-0.4224185335604669,False,0.459298546402891,False,1.0006316141054372,False,0,6,False
2024-02-06,-8497.34,1,0.7818314824680298,0.6234898018587336,-0.9269619893016374,False,-0.8068697106160069,False,False,-0.98946634771562,False,0.44717464406296503,False,0.9825771543674847,False,0,6,False
2024-02-07,-1272.12,2,0.9749279121818236,-0.22252093395631434,0.9715124113451217,False,0.7257826711285355,False,False,1.0156096411892253,False,0.4708428172814346,False,0.9869820292787672,False,0,6,False
2024-02-08,-3959.62,3,0.43388373911755823,-0.900968867902419,0.26535398963088114,False,0.15569577053056652,False,False,0.2923323992780372,False,0.4517149802074048,False,1.002353723422448,False,0,6,False
2024-02-09,-476.19,4,-0.433883739117558,-0.9009688679024191,1.1806482895200112,False,0.8946196076096301,False,False,1.2653587928916465,False,0.4612630760466239,False,0.9746613119588536,False,0,6,False
2024-02-10,-3117.39,5,-0.9749279121818236,-0.2225209339563146,0.486655499405908,False,0.33435411110382324,False,False,0.5886974745704142,False,0.47560093363316674,False,0.9749252637669066,False,0,6,False
2024-02-11,-7697.68,6,-0.7818314824680299,0.6234898018587334,-0.7168460289265641,False,-0.637241546548222,False,False,-0.6935196416077052,False,0.4750480833139426,False,0.992947667105752,False,0,6,False
2024-02-12,-7580.59,0,0.0,1.0,-0.6860798560526961,False,-0.6124037883376113,False,False,-0.838534047247125,False,0.4641937812024846,False,0.9896105487852948,False,0,6,False
2024-02-13,-7936.91,1,0.7818314824680298,0.6234898018587336,-0.7797052956155679,False,-0.6879882960291716,False,False,-1.0218820543887086,False,0.44751351398407285,False,0.991267294870142,False,0,6,False
2024-02-14,-6642.33,2,0.9749279121818236,-0.22252093395631434,-0.43954582786382035,False,-0.4133750496008483,False,False,-0.6676561622845475,False,0.45371172994742265,False,0.9855570939064539,False,0,6,False
2024-02-15,-136.74,3,0.43388373911755823,-0.900968867902419,1.269841024869183,False,0.9666255605056228,False,False,1.4404928710032987,False,0.4856448276328183,False,0.9945930220117882,False,0,6,False
2024-02-16,-319.84,4,-0.433883739117558,-0.9009688679024191,1.2217302873749027,False,0.9277854073895341,False,False,1.473650149448937,False,0.4802312983070103,False,0.9804183175265265,False,0,6,False
2024-02-17,-8126.06,5,-0.9749279121818236,-0.2225209339563146,-0.8294057106731488,False,-0.7281118075633506,False,False,-1.1721634890836505,False,0.48391933000511483,False,0.9892444625197113,False,0,6,False
2024-02-18,-705.75,6,-0.7818314824680299,0.6234898018587334,1.1203298793660683,False,0.8459241103440412,False,False,1.3167975921444794,False,0.4760918726408733,False,1.0012902521960416,False,0,6,False
2024-02-19,-5331.57,0,0.0,1.0,-0.09513495796757547,False,-0.13532961487422732,False,False,-0.19666628343268955,False,0.46903642913203214,False,0.9865044225539801,False,0,6,False
2024-02-20,-7645.47,1,0.7818314824680298,0.6234898018587336,-0.7031275056902104,False,-0.6261664815881401,False,False,-0.985244792376828,False,0.44952324387135706,False,0.9755775864249895,False,0,6,False
2024-02-21,-8119.73,2,0.9749279121818236,-0.22252093395631434,-0.8277424612556784,False,-0.7267690540449186,False,False,-1.179861723518836,False,0.46597498082867145,False,0.9911632964908957,False,0,6,False
2024-02-22,-6101.15,3,0.43388373911755823,-0.900968867902419,-0.29734719915188995,False,-0.29857704816248215,False,False,-0.5858200135898946,False,0.4497767066905178,False,0.9766009733493612,False,0,6,False
2024-02-23,-2561.42,4,-0.433883739117558,-0.9009688679024191,0.6327402985577094,False,0.45228944659236375,False,False,0.6535414904358107,False,0.4442873551874317,False,0.9916033025055435,False,0,6,False
2024-02-24,-4382.73,5,-0.9749279121818236,-0.2225209339563146,0.15417903528241153,False,0.06594341015400598,False,False,0.041540800658737644,False,0.45208016401417805,False,0.9940610129279271,False,0,6,False
2024-02-25,-1278.0,6,-0.7818314824680299,0.6234898018587334,0.9699674024075664,False,0.7245353740213667,False,False,1.1155254053212087,False,0.4562422996335069,False,0.9954199133858019,False,0,6,False
2024-02-26,-1749.79,0,0.0,1.0,0.8460014556985203,False,0.6244567511997422,False,False,0.9901406267115158,False,0.47425343457986724,False,1.0052309062505567,False,0,6,False
2024-02-27,-2929.51,1,0.7818314824680298,0.6234898018587336,0.5360222135535067,False,0.3742082234328823,False,False,0.49867123240072464,False,0.45339976393674697,False,0.9878804516194185,False,0,6,False
2024-02-28,-8926.38,2,0.9749279121818236,-0.22252093395631434,-1.0396950904187638,False,-0.8978799743676541,False,False,-1.600521672498298,False,0.4812991383125304,False,1.0126314612179876,False,0,6,False
2024-02-29,-7676.92,3,0.43388373911755823,-0.900968867902419,-0.7113912014531547,False,-0.6328378241086261,False,False,-1.2133323078026272,False,0.4792657814975921,False,1.012383791327177,False,0,6,False
2024-03-01,-4657.7,4,-0.433883739117558,-0.9009688679024191,0.08192884692194087,False,0.007615300365197171,False,False,-0.1800761218104355,False,0.46310828370517687,False,0.9704052340634728,False,0,6,False
2024-03-02,-5579.11,5,-0.9749279121818236,-0.2225209339563146,-0.16017773218567521,False,-0.18783912608316544,False,False,-0.377028954569259,False,0.4488279034002157,False,0.9696014436266791,False,0,6,False
2024-03-03,-3293.01,6,-0.7818314824680299,0.6234898018587334,0.4405101814444364,False,0.2971006556682826,False,False,0.4881985529013082,False,0.44773208445064017,False,0.9857617819663689,False,0,6,False
2024-03-04,-7998.25,0,0.0,1.0,-0.7958227868110848,False,-0.7010000655110987,False,False,-1.2383892700312755,False,0.48103046213868556,False,0.9962955103773805,False,0,6,False
2024-03-05,-1093.89,1,0.7818314824680298,0.6234898018587336,1.0183435240900998,False,0.7635897737494008,False,False,1.2984111811114996,False,0.49512437730229797,False,1.0383607407558433,False,0,6,False
2024-03-06,-3435.34,2,0.9749279121818236,-0.22252093395631434,0.4031120314304502,False,0.26690885341261417,False,False,0.38219721251971167,False,0.4704390541513178,False,1.0234107503897378,False,0,6,False
2024-03-07,-344.07,3,0.43388373911755823,-0.900968867902419,1.2153636944230384,False,0.9226456099564221,False,False,1.4185150945843024,False,0.4794491332720763,False,1.0069414285369327,False,0,6,False
2024-03-08,-3897.17,4,-0.433883739117558,-0.9009688679024191,0.2817631406768548,False,0.16894299916027558,False,False,0.25079770273701324,False,0.4857556857673549,False,1.0105746707249232,False,0,6,False
2024-03-09,-5358.95,5,-0.9749279121818236,-0.2225209339563146,-0.10232923427884467,False,-0.14113760718617985,False,False,-0.2703755338014963,False,0.4619301763663492,False,0.9893273962830943,False,0,6,False
2024-03-10,-627.79,6,-0.7818314824680299,0.6234898018587334,1.1408143856197772,False,0.8624614032819454,False,False,1.2437101123789276,False,0.4858880901320446,False,1.0262982067033204,False,0,6,False
2024-03-11,-7418.82,0,0.0,1.0,-0.6435737173063842,False,-0.5780882691153848,False,False,-0.7908813491014529,False,0.5021179327941327,False,1.042717636449049,False,0,6,False
2024-03-12,-453.39,1,0.7818314824680298,0.6234898018587336,1.1866391405023682,False,0.8994560657802843,False,False,1.1902744701365422,False,0.503176780834584,False,1.0879440595238286,False,0,6,False
2024-03-13,-2173.76,2,0.9749279121818236,-0.22252093395631434,0.7346005306551019,False,0.5345219630149902,False,False,0.7550604427799247,False,0.49274051780851297,False,1.019825292340714,False,0,6,False
2024-03-14,-6452.14,3,0.43388373911755823,-0.900968867902419,-0.38957214591932504,False,-0.37303092769397295,False,False,-0.48085416105191114,False,0.48427981751926225,False,1.0270779020664862,False,0,6,False
2024-03-15,-5528.36,4,-0.433883739117558,-0.9009688679024191,-0.14684283361749004,False,-0.17707376414629217,False,False,-0.23867425169022358,False,0.45653660108348415,False,1.003794444349727,False,0,6,False
2024-03-16,-9939.94,5,-0.9749279121818236,-0.2225209339563146,-1.3060146922467402,False,-1.1128817525890786,False,False,-1.5460707403772056,False,0.4828444557269572,False,1.0113962902743012,False,0,6,False
2024-03-17,-7016.99,6,-0.7818314824680299,0.6234898018587334,-0.5379902238747811,False,-0.4928499363647683,False,False,-0.6782999598881296,False,0.4695303788697703,False,1.0136018515360328,False,0,6,False
2024-03-18,-2026.32,0,0.0,1.0,0.7733413670076779,False,0.5657977258518888,False,False,0.7032343433034216,False,0.4600831735084758,False,0.9850798654669184,False,0,6,False
2024-03-19,-7371.85,1,0.7818314824680298,0.6234898018587336,-0.6312320387694847,False,-0.5681247410331202,False,False,-0.7853243335628943,False,0.45370995878178977,False,0.9735061857155672,False,0,6,False
2024-03-20,-264.83,2,0.9749279121818236,-0.22252093395631434,1.2361845291529494,False,0.9394544233530296,False,False,1.1860241020260607,False,0.4829238833922024,False,1.004806124770402,False,0,6,False
2024-03-21,-10001.66,3,0.43388373911755823,-0.900968867902419,-1.3222320309586295,False,-1.1259741297071832,False,False,-1.5134294921324867,False,0.5093141749240241,False,1.0510710915593222,False,0,6,False
2024-03-22,-9594.11,4,-0.433883739117558,-0.9009688679024191,-1.2151455696489966,False,-1.039522439906736,False,False,-1.4012830883325114,False,0.5058858421375495,False,1.0629968586953331,False,0,6,False
2024-03-23,-1329.41,5,-0.9749279121818236,-0.2225209339563146,0.9564590844688393,False,0.7136300093479745,False,False,0.9466954025353318,False,0.5116320487239051,False,1.0132399633339122,False,0,6,False
2024-03-24,-11624.93,6,-0.7818314824680299,0.6234898018587334,-1.7487569728064716,False,-1.470310860175524,False,False,-1.986433768422036,False,0.5235471545487065,False,1.1009662288714783,False,0,6,False
2024-03-25,-168.84,0,0.0,1.0,1.2614065373019168,False,0.9598163365022014,False,False,1.230738226881216,False,0.560787565405631,False,1.1085629090674916,False,0,6,False
2024-03-26,-160.57,1,0.7818314824680298,0.6234898018587336,1.2635795345661316,False,0.9615706132158555,False,False,1.234952967679818,False,0.5053697150769612,False,1.0584788588830423,False,0,6,False
2024-03-27,-7135.64,2,0.9749279121818236,-0.22252093395631434,-0.5691662970790212,False,-0.5180186101344239,False,False,-0.647158366486425,False,0.5018853838290868,False,1.0886759696352444,False,0,6,False
2024-03-28,-469.14,3,0.43388373911755823,-0.900968867902419,1.182500723705345,False,0.8961150913860823,False,False,1.1403643470233202,False,0.49438262987942194,False,1.0532621671322062,False,0,6,False
2024-03-29,-7517.5,4,-0.433883739117558,-0.9009688679024191,-0.669502540768621,False,-0.5990207994785505,False,False,-0.7022227067459457,False,0.4997541344219916,False,1.008538169413389,False,0,6,False
2024-03-30,-919.84,5,-0.9749279121818236,-0.2225209339563146,1.0640763141549794,False,0.8005101923723131,False,False,1.0664441078685558,False,0.505906466491835,False,1.0983107813349122,False,0,6,False
2024-03-31,-8013.63,6,-0.7818314824680299,0.6234898018587334,-0.7998639836579554,False,-0.704262553522707,False,False,-0.8482156826952737,False,0.4934767178074778,False,1.0308493985904523,False,0,6,False
2024-04-01,-5077.06,0,0.0,1.0,-0.028260770093904455,False,-0.08134158991750594,False,False,-0.14831264425579993,False,0.4811660226738674,False,1.0165800169867305,False,0,6,False
2024-04-02,-2791.2,1,0.7818314824680298,0.6234898018587336,0.5723640819469195,False,0.4035472817479354,False,False,0.4149370106084331,False,0.45453946362693276,False,0.9816340343807471,False,0,6,False
2024-04-03,-7749.14,2,0.9749279121818236,-0.22252093395631434,-0.7303674846963929,False,-0.6481575174895323,False,False,-0.880358795065247,False,0.45711821109533884,False,0.982142649211861,False,0,6,False
2024-04-04,-4516.76,3,0.43388373911755823,-0.900968867902419,0.1189617652313008,False,0.03751224837274229,False,False,-0.06008140533933435,False,0.44159127075478377,False,0.9832398847491254,False,0,6,False
2024-04-05,-2016.02,4,-0.433883739117558,-0.9009688679024191,0.7760477602146199,False,0.5679826170430177,False,False,0.6162787514163899,False,0.44985285348114457,False,0.9800823271363962,False,0,6,False
2024-04-06,-1959.52,5,-0.9749279121818236,-0.2225209339563146,0.790893509359496,False,0.5799676997904727,False,False,0.630983808787726,False,0.45612870929241756,False,0.9799945001484819,False,0,6,False
2024-04-07,-3876.61,6,-0.7818314824680299,0.6234898018587334,0.2871654168258575,False,0.173304296528199,False,False,0.08526092321278674,False,0.4529081175689735,False,0.9749412988307913,False,0,6,False
2024-04-08,-1790.27,0,0.0,1.0,0.8353650676386161,False,0.6158699166932471,False,False,0.6928481327655789,False,0.4902546841521129,False,1.0217080919082213,False,0,6,False
2024-04-09,-711.47,1,0.7818314824680298,0.6234898018587336,1.1188269114880385,False,0.8447107532942103,False,False,1.0181432210399817,False,0.4892116744990576,False,1.014690638863018,False,0,6,False
2024-04-10,-12154.66,2,0.9749279121818236,-0.22252093395631434,-1.8879470381961214,False,-1.5826800262606444,False,False,-2.4162081933536634,False,0.5467948476477636,False,1.0638789855136133,False,0,6,False
2024-04-11,-1546.22,3,0.43388373911755823,-0.900968867902419,0.8994908212458198,False,0.6676391104015016,False,False,0.8316055439016092,False,0.5390886604709271,False,1.1354678113591492,False,0,6,False
2024-04-12,-7208.15,4,-0.433883739117558,-0.9009688679024191,-0.5882187797426487,False,-0.5333998198692549,False,False,-0.8433006058216079,False,0.4812683443911205,False,1.012022603777071,False,0,6,False
2024-04-13,-6485.78,5,-0.9749279121818236,-0.2225209339563146,-0.3984112786845219,False,-0.3801668247492717,False,False,-0.5977971514620949,False,0.45943478965788287,False,1.016059848514177,False,0,6,False
2024-04-14,-3984.38,6,-0.7818314824680299,0.6234898018587334,0.2588481356693389,False,0.1504435466575225,False,False,0.12801849122012607,False,0.4437261045292029,False,0.979475394887643,False,0,6,False
2024-04-15,-412.78,0,0.0,1.0,1.1973096869231368,False,0.9080704765833667,False,False,1.2943264988850938,False,0.4623835482649902,False,0.9753681858051589,False,0,6,False
2024-04-16,-1058.13,1,0.7818314824680298,0.6234898018587336,1.0277397008940072,False,0.7711753765644274,False,False,1.0343895795947888,False,0.45912810546921456,False,0.9885536230957429,False,0,6,False
2024-04-17,-6631.5,2,0.9749279121818236,-0.22252093395631434,-0.4367001736472007,False,-0.4110777319697875,False,False,-0.6803962880756619,False,0.4550614246036439,False,1.005743250070963,False,0,6,False
2024-04-18,-1661.68,3,0.43388373911755823,-0.900968867902419,0.8691529416658659,False,0.6431471165250211,False,False,0.8716115620021354,False,0.46070391621381807,False,0.9980508791376652,False,0,6,False
2024-04-19,-312.19,4,-0.433883739117558,-0.9009688679024191,1.223740375533457,False,0.9294081663810038,False,False,1.211294856554974,False,0.4781189246273981,False,0.9973868761206033,False,0,6,False
2024-04-20,-10862.99,5,-0.9749279121818236,-0.2225209339563146,-1.5485521922144905,False,-1.3086840646251547,False,False,-2.0067543116933617,False,0.5477167884373756,False,1.1531236748962383,False,0,6,False
2024-04-21,-5414.87,6,-0.7818314824680299,0.6234898018587334,-0.11702258458294156,False,-0.15299965722578487,False,False,-0.30568371051549353,False,0.5021051986869172,False,1.1195056153444327,False,0,6,False
2024-04-22,-3919.44,0,0.0,1.0,0.2759115507041753,False,0.16421896742955305,False,False,0.22266578568993564,False,0.46784364645954973,False,0.9830526246588688,False,0,6,False
2024-04-23,-7315.34,1,0.7818314824680298,0.6234898018587336,-0.6163836620583882,False,-0.5561375370320815,False,False,-0.7789906134613186,False,0.4499857766113239,False,0.9652083578638238,False,0,6,False
2024-04-24,-3740.73,2,0.9749279121818236,-0.22252093395631434,0.3228687866277295,False,0.20212789022243233,False,False,0.3388532021014196,False,0.4514915279157672,False,0.9660892866642306,False,0,6,False
2024-04-25,-465.63,3,0.43388373911755823,-0.900968867902419,1.1834229994486818,False,0.8968596513939331,False,False,1.4292087527555652,False,0.45387305089419383,False,0.973731543212294,False,0,6,False
2024-04-26,-9992.36,4,-0.433883739117558,-0.9009688679024191,-1.3197883943737208,False,-1.1240013638744164,False,False,-1.8163165236211627,False,0.5069555499001585,False,1.010307236863979,False,0,6,False
2024-04-27,-5141.19,5,-0.9749279121818236,-0.2225209339563146,-0.04511135226489373,False,-0.09494518914926307,False,False,-0.08553957971109974,False,0.49378161824247974,False,1.0175206945429416,False,0,6,False
2024-04-28,-4317.85,6,-0.7818314824680299,0.6234898018587334,0.1712266849199257,False,0.07970610340453464,False,False,0.1855305894983283,False,0.4440548972837252,False,0.9739028707998875,False,0,6,False
2024-04-29,-5326.68,0,0.0,1.0,-0.09385007808583325,False,-0.1342923218718371,False,False,-0.2228358897882845,False,0.45442421296306273,False,0.979446228766548,False,0,6,False
2024-04-30,-1636.32,1,0.7818314824680298,0.6234898018587336,0.8758164496006282,False,0.6485266156130824,False,False,0.9543255451467463,False,0.4537618580309453,False,0.9939132711070974,False,0,6,False
2024-05-01,-7932.41,2,0.9749279121818236,-0.22252093395631434,-0.7785228908164185,False,-0.6870337319165424,False,False,-0.9629348037377072,False,0.46166845989488764,False,0.9744794589430785,False,0,6,False
2024-05-02,-3927.69,3,0.43388373911755823,-0.900968867902419,0.2737438085724014,False,0.16246893322306627,False,False,0.3813110851647139,False,0.4459952199914753,False,0.9844610685066847,False,0,6,False
2024-05-03,-588.5,4,-0.433883739117558,-0.9009688679024191,1.1511380932994617,False,0.8707958086119898,False,False,1.3925863096863342,False,0.461739637975545,False,0.9849641260376453,False,0,6,False
2024-05-04,-6776.41,5,-0.9749279121818236,-0.2225209339563146,-0.47477623574603256,False,-0.44181681765002995,False,False,-0.5815634064135818,False,0.472750210497019,False,1.0006246175043665,False,0,6,False
2024-05-05,-5529.92,6,-0.7818314824680299,0.6234898018587334,-0.14725273394786192,False,-0.17740467970533702,False,False,-0.1850271547929817,False,0.4514805620781158,False,0.9725249219360954,False,0,6,False
2024-05-06,-9009.42,0,0.0,1.0,-1.0615144003124015,False,-0.9154948641260376,False,False,-1.273358763957318,False,0.47398397078533516,False,0.9942955770821925,False,0,6,False
2024-05-07,-5994.87,1,0.7818314824680298,0.6234898018587336,-0.26942142536220093,False,-0.2760323650757651,False,False,-0.20105510452969652,False,0.4646431495250262,False,0.9782525466309249,False,0,6,False
2024-05-08,-5468.58,2,0.9749279121818236,-0.22252093395631434,-0.13113524275234506,False,-0.16439291022340977,False,False,-0.045088499282681126,False,0.45433723054643804,False,1.0033326268309632,False,0,6,False
2024-05-09,-5677.52,3,0.43388373911755823,-0.900968867902419,-0.1860356113599632,False,-0.20871438259957345,False,False,-0.039799054438337075,False,0.45327784162901347,False,0.9871654005795836,False,0,6,False
2024-05-10,-2232.84,4,-0.433883739117558,-0.9009688679024191,0.7190768694253802,False,0.5219895968429612,False,False,0.8214057967850704,False,0.46258355444800187,False,0.9921852278196523,False,0,6,False
2024-05-11,-7739.54,5,-0.9749279121818236,-0.2225209339563146,-0.727845021124874,False,-0.6461211140492567,False,False,-0.5632006399602635,False,0.4943332629368787,False,1.123248187764705,False,0,6,False
2024-05-12,-6044.93,6,-0.7818314824680299,0.6234898018587334,-0.2825750218611833,False,-0.2866513605153687,False,False,-0.14561263200812852,False,0.4838581428021732,False,1.052931135837812,False,0,6,False
2024-05-13,-922.19,0,0.0,1.0,1.0634588360932014,False,0.8000116977801623,False,False,1.128823728240924,False,0.5002894303262213,False,1.0643321638919225,False,0,6,False
2024-05-14,-447.53,1,0.7818314824680298,0.6234898018587336,1.188178894307483,False,0.900699120380286,False,False,1.2663578284225374,False,0.47856524521903393,False,1.0157479244073107,False,0,6,False
2024-05-15,-10778.35,2,0.9749279121818236,-0.22252093395631434,-1.5263124717256003,False,-1.2907297742933923,False,False,-1.3712518018306479,False,0.5135740448122462,False,1.017041403026726,False,0,6,False
2024-05-16,-7513.79,3,0.43388373911755823,-0.900968867902419,-0.6685277137008778,False,-0.5982338143990273,False,False,-0.49386639796815873,False,0.4846266726887492,False,1.0161553725105437,False,0,6,False
2024-05-17,-2051.25,4,-0.433883739117558,-0.9009688679024191,0.76679084442039,False,0.5605094406679232,False,False,0.8563176307481493,False,0.4612466608054664,False,0.975687058905435,False,0,6,False
2024-05-18,-1038.91,5,-0.9749279121818236,-0.2225209339563146,1.0327898831694855,False,0.7752524259521457,False,False,1.0790201710410536,False,0.45445335247209595,False,0.9840057311437702,False,0,6,False
2024-05-19,-619.86,6,-0.7818314824680299,0.6234898018587334,1.1428980456325004,False,0.8641435573737564,False,False,1.211015910638839,False,0.45885104161572743,False,0.9807907691053327,False,0,6,False
2024-05-20,-11320.83,0,0.0,1.0,-1.6688526840461735,False,-1.4058035386976289,False,False,-1.5498305808948643,False,0.5450945551922807,False,1.0938806460415802,False,0,6,False
2024-05-21,-14510.8,1,0.7818314824680298,0.6234898018587336,-2.507038425633439,False,-2.0824770681117695,False,False,-2.3491620837437255,False,0.5596425618132654,False,1.2155394854279336,False,0,6,False
2024-05-22,-5103.67,2,0.9749279121818236,-0.22252093395631434,-0.035252723806207975,False,-0.08698624570351962,False,False,-0.028960390589035122,False,0.5844827895332937,False,1.0923504393562915,False,0,6,False
2024-05-23,-13793.53,3,0.43388373911755823,-0.900968867902419,-2.3185709833476813,False,-1.930325912319433,False,False,-2.197356883746051,False,0.5626841164462885,False,1.2208072892440636,False,0,6,False
2024-05-24,-2403.39,4,-0.433883739117558,-0.9009688679024191,0.674263727537617,False,0.4858116169743162,False,False,0.6491773866477586,False,0.6058633866457995,True,1.1864475182256426,False,1,6,False
2024-05-25,-3075.97,5,-0.9749279121818236,-0.2225209339563146,0.49753887869052343,False,0.34314034344717875,False,False,0.4989316596481678,False,0.5309641811673427,False,1.1493638198779341,False,0,6,False
2024-05-26,-7835.4,6,-0.7818314824680299,0.6234898018587334,-0.7530328709129771,False,-0.6664554509018413,False,False,-0.6808194957908638,False,0.544978174345032,False,1.0868644825461578,False,0,6,False
2024-05-27,-414.43,0,0.0,1.0,1.1968761384967819,False,0.9077204697420692,False,False,1.054761218089572,False,0.563208873622,False,1.1589446301940725,False,0,6,False
2024-05-28,-6116.8,1,0.7818314824680298,0.6234898018587336,-0.3014593402867098,False,-0.3018968100208481,False,False,-0.2931416449360594,False,0.5188076104559151,False,1.0864873280718021,False,0,6,False
2024-05-29,-6067.62,2,0.9749279121818236,-0.22252093395631434,-0.28853696961511666,False,-0.2914644848966032,False,False,-0.2775454707831083,False,0.4528260519785941,False,0.9916625554087748,False,0,6,False
2024-05-30,-7341.43,3,0.43388373911755823,-0.900968867902419,-0.6232389823272346,False,-0.561671887631747,False,False,-0.582512704334295,False,0.4578880576687978,False,1.023595862607447,False,0,6,False
2024-05-31,-1454.08,4,-0.433883739117558,-0.9009688679024191,0.9237012163999595,False,0.6871843409209796,False,False,0.8112390182738698,False,0.4670326286563155,False,0.9898356268330402,False,0,6,False
2024-06-01,-1476.91,5,-0.9749279121818236,-0.2225209339563146,0.9177024827189415,False,0.6823415189895744,False,False,0.7533699984310841,False,0.45374427758064234,False,0.9814160343831768,False,0,6,False
2024-06-02,-1943.13,6,-0.7818314824680299,0.6234898018587334,0.7952000903946201,False,0.5834444344140264,False,False,0.682404299754223,False,0.45270941755763927,False,0.983532738065762,False,0,6,False
2024-06-03,-1719.97,0,0.0,1.0,0.8538368581675504,False,0.630782329386098,False,False,0.797650601218002,False,0.47202523235580107,False,0.9824402515462168,False,0,6,False
2024-06-04,-832.82,1,0.7818314824680298,0.6234898018587336,1.086941395404309,False,0.8189693410569774,False,False,1.0880105067793346,False,0.46608289997077507,False,0.9912347225114608,False,0,6,False
2024-06-05,-7696.16,2,0.9749279121818236,-0.22252093395631434,-0.7164466388610735,False,-0.6369191160035116,False,False,-0.6510166684332304,False,0.4875321912063223,False,1.0106036841723758,False,0,6,False
2024-06-06,-6385.69,3,0.43388373911755823,-0.900968867902419,-0.3721119683852183,False,-0.3589351976308156,False,False,-0.470612074677079,False,0.46668896556272055,False,1.0168426165495243,False,0,6,False
2024-06-07,-5472.03,4,-0.433883739117558,-0.9009688679024191,-0.13204175309835955,False,-0.16512474270975874,False,False,-0.19224546724558259,False,0.47412889013074294,False,1.0195962334079893,False,0,6,False
2024-06-08,-8602.22,5,-0.9749279121818236,-0.2225209339563146,-0.9545199038204798,False,-0.8291174182010169,False,False,-1.1618062011829602,False,0.4654703383585566,False,0.9883712882091615,False,0,6,False
2024-06-09,-162.53,6,-0.7818314824680299,0.6234898018587334,1.2630645315869464,False,0.9611548475134659,False,False,1.3907305523752935,False,0.5090722222871038,False,1.0246949623419945,False,0,6,False
2024-06-10,-836.67,0,0.0,1.0,1.0859297824094811,False,0.8181526584272836,False,False,1.2223532437705311,False,0.4825680706112146,False,0.9719465208486182,False,0,6,False
2024-06-11,-8557.32,1,0.7818314824680298,0.6234898018587336,-0.942722131491189,False,-0.8195929896105616,False,False,-1.0463323234828377,False,0.4707397484135029,False,0.9843813335572367,False,0,6,False
2024-06-12,-1579.57,2,0.9749279121818236,-0.22252093395631434,0.8907278879010125,False,0.6605647297001279,False,False,0.9992730897183499,False,0.46992418720697426,False,0.981521706580987,False,0,6,False
2024-06-13,-129.29,3,0.43388373911755823,-0.900968867902419,1.2717985617033303,False,0.9682058944254199,False,False,1.3400980179827278,False,0.46760134942700216,False,0.9962001399771758,False,0,6,False
2024-06-14,-6474.41,4,-0.433883739117558,-0.9009688679024191,-0.3954237358920044,False,-0.3777549594246954,False,False,-0.5176179933868699,False,0.4828794266514721,False,0.9990683039867484,False,0,6,False
2024-06-15,-1380.21,5,-0.9749279121818236,-0.2225209339563146,0.9431110480695524,False,0.7028540411431831,False,False,0.8483397244099543,False,0.4790396569694003,False,1.035174847624887,False,0,6,False
2024-06-16,-7487.79,6,-0.7818314824680299,0.6234898018587334,-0.6616960415280145,False,-0.5927185550816144,False,False,-0.8241426005941167,False,0.48935505188478606,False,1.0491010644359595,False,0,6,False
2024-06-17,-7986.63,0,0.0,1.0,-0.7927695548630589,False,-0.698535168846932,False,False,-0.956127286670198,False,0.468485948030482,False,0.9917813418964435,False,0,6,False
2024-06-18,-7322.01,1,0.7818314824680298,0.6234898018587336,-0.6181362487273497,False,-0.5575524131723563,False,False,-0.768227933955996,False,0.4469380074264027,False,0.9803428475230387,False,0,6,False
2024-06-19,-9929.43,2,0.9749279121818236,-0.22252093395631434,-1.303253120149171,False,-1.1106523150726935,False,False,-1.4606407882288956,False,0.47434951126093716,False,1.0073335401381676,False,0,6,False
2024-06-20,-1830.98,3,0.43388373911755823,-0.900968867902419,0.8246682455556442,False,0.6072342933543287,False,False,0.8593652115644236,False,0.49153522810999556,False,0.9907100715923965,False,0,6,False
2024-06-21,-7198.8,4,-0.433883739117558,-0.9009688679024191,-0.5857620053266385,False,-0.53141644776857,False,False,-0.7047275012295233,False,0.4770613262007527,False,1.04315805771594,False,0,6,False
2024-06-22,-10980.38,5,-0.9749279121818236,-0.2225209339563146,-1.5793971920749685,False,-1.333585460443274,False,False,-1.824119483761139,False,0.5065436242933642,False,1.0870016664892035,False,0,6,False
2024-06-23,-6697.77,6,-0.7818314824680299,0.6234898018587334,-0.4541130549893414,False,-0.42513527946843965,False,False,-0.6349258694723076,False,0.5408407388236364,False,1.1074810624614064,False,0,6,False
2024-06-24,-9410.99,0,0.0,1.0,-1.1670295770222758,False,-1.00067804428348,False,False,-1.4849109497385973,False,0.5224482065178855,False,1.1693227928682912,False,0,6,False
2024-06-25,-6213.32,1,0.7818314824680298,0.6234898018587336,-0.3268206094453547,False,-0.32237114960995167,False,False,-0.5255303445973522,False,0.5181905870454221,False,1.111124512397486,False,0,6,False
2024-06-26,-368.78,2,0.9749279121818236,-0.22252093395631434,1.2088709782925977,False,0.9174039923512962,False,False,1.244679629121363,False,0.5121241926291125,False,1.1130375054383514,False,0,6,False
2024-06-27,-711.66,3,0.43388373911755823,-0.900968867902419,1.1187769877298521,False,0.8446704494761216,False,False,1.1425056375611455,False,0.47608903093234906,False,1.0342973762677823,False,0,6,False
2024-06-28,-801.01,4,-0.433883739117558,-0.9009688679024191,1.0952996835511852,False,0.8257170487064738,False,False,1.1003187391318696,False,0.47107889684805837,False,1.0126718971255753,False,0,6,False
2024-06-29,-928.33,5,-0.9749279121818236,-0.2225209339563146,1.0618455104339175,False,0.7987092480798195,False,False,1.099449547034407,False,0.4704892441630051,False,0.999663228130582,False,0,6,False
2024-06-30,-5839.38,6,-0.7818314824680299,0.6234898018587334,-0.2285653982022578,False,-0.24304899310405237,False,False,-0.15551444387681498,False,0.46719849842000105,False,0.994188512559341,False,0,6,False
2024-07-01,-3641.07,0,0.0,1.0,0.34905511157955876,False,0.22326830343679271,False,False,0.3962713192536017,False,0.4719736394372592,False,0.9842741356603684,False,0,6,False
2024-07-02,-1352.19,1,0.7818314824680298,0.6234898018587336,0.9504734886189228,False,0.7087977936844874,False,False,0.8933143415825805,False,0.49611131519304674,False,1.0280523787831626,False,0,6,False
2024-07-03,-7299.86,2,0.9749279121818236,-0.22252093395631434,-0.6123161895493141,False,-0.5528538364846372,False,False,-0.5534484418346823,False,0.5225948431373402,False,1.092600674968423,False,0,6,False
2024-07-04,-1503.56,3,0.43388373911755823,-0.900968867902419,0.9107000187417565,False,0.6766883781892261,False,False,0.8632645026552318,False,0.4896849608093816,False,1.0980917550790266,False,0,6,False
2024-07-05,-5943.13,4,-0.433883739117558,-0.9009688679024191,-0.2558263977382029,False,-0.2650569990341135,False,False,-0.27530896055595716,False,0.4833241169567346,False,1.0225860238461064,False,0,6,False
2024-07-06,-895.66,5,-0.9749279121818236,-0.2225209339563146,1.0704297692757423,False,0.8056393835375072,False,False,0.9981420232968062,False,0.4904876859918976,False,1.0329927578266285,False,0,6,False
2024-07-07,-1061.96,6,-0.7818314824680299,0.6234898018587334,1.0267333430316201,False,0.7703629364419008,False,False,0.9573644937698544,False,0.46559995588668623,False,1.003403133442562,False,0,6,False
2024-07-08,-1592.94,0,0.0,1.0,0.8872148318644285,False,0.6577286136588274,False,False,0.8306254666287602,False,0.4855589941944821,False,0.9992856893544559,False,0,6,False
2024-07-09,-6215.96,1,0.7818314824680298,0.6234898018587336,-0.32751428692752244,False,-0.3229311605560275,False,False,-0.2574378297423278,False,0.48238138322316076,False,1.0311312461551165,False,0,6,False
2024-07-10,-6171.89,2,0.9749279121818236,-0.22252093395631434,-0.3159346025945191,False,-0.31358279601301264,False,False,-0.31324662383822766,False,0.4671231379904224,False,1.0092891967150033,False,0,6,False
2024-07-11,-5987.67,3,0.43388373911755823,-0.900968867902419,-0.2675295776835619,False,-0.2745050624955585,False,False,-0.30571018240646475,False,0.4676170398343557,False,1.0178993368487135,False,0,6,False
2024-07-12,-14783.33,4,-0.433883739117558,-0.9009688679024191,-2.5786474878361485,False,-2.140287592026175,False,False,-2.388988194990328,False,0.5505912924737673,False,1.2272743098416945,False,0,6,False
2024-07-13,-1806.0,5,-0.9749279121818236,-0.2225209339563146,0.8312319059740337,False,0.6125331848062122,False,False,0.7415840416311775,False,0.5925678060937865,True,1.1670559210057283,False,1,6,False
2024-07-14,-13240.72,6,-0.7818314824680299,0.6234898018587334,-2.1733164951215045,False,-1.813060892963316,False,False,-2.0203148264775663,False,0.5556227432748061,False,1.2138055150000495,False,0,6,False
2024-07-15,-1408.07,0,0.0,1.0,0.9357906485797074,False,0.6969442286592169,False,False,0.8594424078304814,False,0.5838685800869159,False,1.1448763845024215,False,0,6,False
2024-07-16,-271.78,1,0.7818314824680298,0.6234898018587336,1.2343583706298187,False,0.9379801521124136,False,False,1.1222007314525304,False,0.5128259137912834,False,1.1353678535890244,False,0,6,False
2024-07-17,-9419.27,2,0.9749279121818236,-0.22252093395631434,-1.1692052018527108,False,-1.0024344422507179,False,False,-0.9202367849114421,False,0.5627609546647786,False,1.1882913009105454,False,0,6,False
2024-07-18,-9551.64,3,0.43388373911755823,-0.900968867902419,-1.2039862959112462,False,-1.0305134759371002,False,False,-0.9030412970186631,False,0.5431664012768933,False,1.1972861386353615,False,0,6,False
2024-07-19,-1070.47,4,-0.433883739117558,-0.9009688679024191,1.0244972841781175,False,0.7685577496422398,False,False,1.0366111365714143,False,0.56309951812265,False,1.189627350023714,False,0,6,False
2024-07-20,-9374.24,5,-0.9749279121818236,-0.2225209339563146,-1.1573732711625555,False,-0.9928824373636752,False,False,-0.8071637070540334,False,0.5147747941665707,False,1.0340144154026207,False,0,6,False
2024-07-21,-6981.03,6,-0.7818314824680299,0.6234898018587334,-0.528541495746467,False,-0.4852219084780695,False,False,-0.22583091701408137,False,0.4982389746635712,False,1.0683049200567925,False,0,6,False
2024-07-22,-10483.93,0,0.0,1.0,-1.4489516670665836,False,-1.228275826284442,False,False,-1.0011456603179956,False,0.49075000543693625,False,1.0518718878553617,False,0,6,False
2024-07-23,-9588.07,1,0.7818314824680298,0.6234898018587336,-1.2135585196519159,False,-1.0382412027422292,False,False,-0.6847978132468898,False,0.5105467215273313,False,1.0788328567571308,False,0,6,False
2024-07-24,-1238.11,2,0.9749279121818236,-0.22252093395631434,0.980448764060471,False,0.7329970545664284,False,False,1.2803686128140002,False,0.539110345465391,False,1.1559319340457495,False,0,6,False
2024-07-25,-1244.93,3,0.43388373911755823,-0.900968867902419,0.9786567638982044,False,0.7315503596223991,False,False,1.240688629935628,False,0.47449604064070794,False,1.0630376206411816,False,0,6,False
2024-07-26,-1040.25,4,-0.433883739117558,-0.9009688679024191,1.032437789295961,False,0.7749681779719405,False,False,1.283086999624251,False,0.46604552989986475,False,1.003452426679186,False,0,6,False
2024-07-27,-5757.67,5,-0.9749279121818236,-0.2225209339563146,-0.20709555461592455,False,-0.2257162300722905,False,False,0.1492437994455188,False,0.457237118289122,False,1.0044232659269896,False,0,6,False
2024-07-28,-1712.65,6,-0.7818314824680299,0.6234898018587334,0.8557602366408334,False,0.6323350870093082,False,False,1.0240760343230253,False,0.4472807097339729,False,0.9856297771053526,False,0,6,False
2024-07-29,-1544.88,0,0.0,1.0,0.8998429151193444,False,0.6679233583817068,False,False,1.1326863286060214,False,0.45596137359688976,False,0.9848670961113214,False,0,6,False
2024-07-30,-13293.83,1,0.7818314824680298,0.6234898018587336,-2.1872714993176885,False,-1.824326870745924,False,False,-1.8004066932133214,False,0.5426976980692277,False,1.0721666053271082,False,0,6,False
2024-07-31,-8839.67,2,0.9749279121818236,-0.22252093395631434,-1.0169114637222647,False,-0.8794865845440822,False,False,-0.6841696723573377,False,0.5583833486265701,False,1.170076504518304,False,0,6,False
2024-08-01,-8459.18,3,0.43388373911755823,-0.900968867902419,-0.9169351966048503,False,-0.7987750069409116,False,False,-0.5861505744894968,False,0.47857779267911166,False,1.0583005804262462,False,0,6,False
2024-08-02,-9073.17,4,-0.433883739117558,-0.9009688679024191,-1.0782651349670183,False,-0.9290178557216174,False,False,-0.7487786185120032,False,0.4968611868114989,False,1.0674177155509967,False,0,6,False
2024-08-03,-7561.33,5,-0.9749279121818236,-0.2225209339563146,-0.6810191635123365,False,-0.6083182539355585,False,False,-0.4166125247072106,False,0.49971005793033463,False,1.0380743847467278,False,0,6,False
2024-08-04,-9808.97,6,-0.7818314824680299,0.6234898018587334,-1.2716014574590508,False,-1.0850996944044027,False,False,-0.9806061948808557,False,0.5060533850066224,False,1.1117422399207055,False,0,6,False
2024-08-05,-6324.09,0,0.0,1.0,-0.355926160467973,False,-0.34586827555571437,False,False,-0.13852739040256506,False,0.5480562615025312,False,1.1448191033539883,False,0,6,False
2024-08-06,-13406.0,1,0.7818314824680298,0.6234898018587336,-2.2167449096111533,False,-1.8481209721933933,False,False,-1.9647756543606725,False,0.6098835325308507,True,1.568423845623758,True,2,6,True
2024-08-07,-6581.55,2,0.9749279121818236,-0.22252093395631434,-0.42357548037664217,False,-0.40048207031960387,False,False,-0.3352417646631077,False,0.6142312781089886,True,1.4656811503309748,True,2,6,True
2024-08-08,-3140.79,3,0.43388373911755823,-0.900968867902419,0.480506994450331,False,0.3293903777181516,False,False,0.45286853478874434,False,0.5474822603279816,False,1.3960457790283898,True,1,6,False
2024-08-09,-5670.0,4,-0.433883739117558,-0.9009688679024191,-0.18405968156227337,False,-0.20711919990469085,False,False,-0.14933232346988243,False,0.5114360818291483,False,1.243865490805937,False,0,6,False
2024-08-10,-220.51,5,-0.9749279121818236,-0.2225209339563146,1.247829902641461,False,0.948855819235635,False,False,1.2499305079351706,False,0.5318923434443498,False,1.1073419767317658,False,0,6,False
2024-08-11,-3634.76,6,-0.7818314824680299,0.6234898018587334,0.35071310586458826,False,0.22460681444805713,False,False,0.4082999887873032,False,0.48855939214175964,False,1.0210052950483817,False,0,6,False
2024-08-12,-9239.12,0,0.0,1.0,-1.1218695963934289,False,-0.9642200589417973,False,False,-0.9932388125068243,False,0.480544599985712,False,1.026204638121482,False,0,6,False
2024-08-13,-666.42,1,0.7818314824680298,0.6234898018587336,1.1306640973106343,False,0.8542670006884201,False,False,1.1711176366070861,False,0.49302867185517835,False,1.0014074017108985,False,0,6,False
2024-08-14,-7234.15,2,0.9749279121818236,-0.22252093395631434,-0.5950504519155121,False,-0.5389150791866678,False,False,-0.48129358995379473,False,0.4657895824614655,False,0.965679957205076,False,0,6,False
2024-08-15,-2049.51,3,0.43388373911755823,-0.900968867902419,0.7672480409427277,False,0.5608785387914731,False,False,0.8480369869285711,False,0.4547802389712797,False,0.9776175816550163,False,0,6,False
2024-08-16,-8865.27,4,-0.433883739117558,-0.9009688679024191,-1.0236380332463149,False,-0.8849169937181505,False,False,-1.011711385269539,False,0.47275287434924285,False,0.9916168053351091,False,0,6,False
2024-08-17,-3908.47,5,-0.9749279121818236,-0.2225209339563146,0.27879399084787965,False,0.16654598261078463,False,False,0.23339601260126802,False,0.4753976871238126,False,1.0158983166557742,False,0,6,False
2024-08-18,-5587.44,6,-0.7818314824680299,0.6234898018587334,-0.1623664948472118,False,-0.1896061303183212,False,False,-0.24096115132290685,False,0.43814683114789915,False,0.9685593127326358,False,0,6,False
2024-08-19,-438.75,0,0.0,1.0,1.1904858974489343,False,0.9025615810267046,False,False,1.1097161931644852,False,0.46594974676973877,False,0.9798622985142995,False,0,6,False
2024-08-20,-609.6,1,0.7818314824680298,0.6234898018587336,1.145593928574561,False,0.8663199635505509,False,False,1.0686829662282302,False,0.4650232762450231,False,0.9913512574622827,False,0,6,False
2024-08-21,-818.36,2,0.9749279121818236,-0.22252093395631434,1.0907408561589091,False,0.8220366737388924,False,False,1.0059404589944108,False,0.4715570205477712,False,0.9803300294403454,False,0,6,False
2024-08-22,-304.44,3,0.43388373911755823,-0.900968867902419,1.2257767393542143,False,0.9310521379083095,False,False,1.1964670111779285,False,0.48577207340614914,False,1.0128547538401738,False,0,6,False
2024-08-23,-5515.32,4,-0.433883739117558,-0.9009688679024191,-0.14341648726617703,False,-0.17430764947325122,False,False,-0.49829788002689396,False,0.4919414951494718,False,1.0225524378160176,False,0,6,False
2024-08-24,-1677.01,5,-0.9749279121818236,-0.2225209339563146,0.8651248826500969,False,0.6398952347813311,False,False,0.6967756118471782,False,0.512377898026933,False,1.1107688997034701,False,0,6,False
2024-08-25,-4055.55,6,-0.7818314824680299,0.6234898018587334,0.24014774687923562,False,0.13534658490289644,False,False,-0.03494757914397901,False,0.5023089894241267,False,1.0774083647709822,False,0,6,False
2024-08-26,-9899.94,0,0.0,1.0,-1.295504427365412,False,-1.1043967382545972,False,False,-1.7304479661998677,False,0.556008691296982,False,1.1865880662459025,False,0,6,False
2024-08-27,-756.74,1,0.7818314824680298,0.6234898018587336,1.1069319192085953,False,0.8351078383211611,False,False,1.0186447022449105,False,0.5214708853681929,False,1.1354048210149053,False,0,6,False
2024-08-28,-2620.74,2,0.9749279121818236,-0.22252093395631434,0.6171535757386997,False,0.4397061703343279,False,False,0.4534135143808619,False,0.477315447408281,False,0.9922869554138769,False,0,6,False
2024-08-29,-11090.24,3,0.43388373911755823,-0.900968867902419,-1.6082636345715366,False,-1.3568895523129272,False,False,-2.134547253812373,False,0.5085033738554091,False,1.028045525111566,False,0,6,False
2024-08-30,-2174.16,4,-0.433883739117558,-0.9009688679024191,0.7344954280062888,False,0.5344371128716455,False,False,0.5371912312214184,False,0.5088489180748054,False,1.0567268700553434,False,0,6,False
2024-08-31,-874.15,5,-0.9749279121818236,-0.2225209339563146,1.0760816642156765,False,0.8102021999958745,False,False,0.9755334886949334,False,0.45912998532377025,False,0.9886920974490263,False,0,6,False
2024-09-01,-6043.25,6,-0.7818314824680299,0.6234898018587334,-0.28213359073616745,False,-0.2862949899133204,False,False,-0.6294714558647271,False,0.45966887047034594,False,0.9892363054429115,False,0,6,False
2024-09-02,-2766.12,0,0.0,1.0,0.5789540180275122,False,0.4088673857356553,False,False,0.40050821363197486,False,0.4547835857493451,False,0.9779421103464054,False,0,6,False
2024-09-03,-8171.26,1,0.7818314824680298,0.6234898018587336,-0.8412823099890497,False,-0.7376998737613145,False,False,-1.202321547200722,False,0.47273085740173143,False,0.9696329971138823,False,0,6,False
2024-09-04,-5401.21,2,0.9749279121818236,-0.22252093395631434,-0.11343332912596801,False,-0.15010202483055948,False,False,-0.3701349318312888,False,0.4578817558208622,False,0.9721198022261938,False,0,6,False
2024-09-05,-3548.02,3,0.43388373911755823,-0.900968867902419,0.3735046152597486,False,0.2430065680323801,False,False,0.2697419575450189,False,0.43743604564297844,False,0.9683289429700019,False,0,6,False
2024-09-06,-160.83,4,-0.433883739117558,-0.9009688679024191,1.2635112178444028,False,0.9615154606226813,False,False,1.3460022308909276,False,0.4894136743292739,False,0.9951589493641253,False,0,6,False
2024-09-07,-3806.16,5,-0.9749279121818236,-0.2225209339563146,0.3056766208480969,False,0.1882485280248044,False,False,0.253345011058838,False,0.4726286282215904,False,0.9782231860792091,False,0,6,False
2024-09-08,-6133.41,6,-0.7818314824680299,0.6234898018587334,-0.3058237277786812,False,-0.30542021222324145,False,False,-0.446882207446712,False,0.4521856624673042,False,0.9746855518262679,False,0,6,False
2024-09-09,-8802.97,0,0.0,1.0,-1.0072682956936458,False,-0.8717015838921954,False,False,-1.243527625459128,False,0.473178307912447,False,0.9922921382301306,False,0,6,False
2024-09-10,-1106.34,1,0.7818314824680298,0.6234898018587336,1.0150722041457865,False,0.7609488130377936,False,False,1.042044435577573,False,0.48168628363250116,False,1.0060203667877734,False,0,6,False
2024-09-11,-7949.03,2,0.9749279121818236,-0.22252093395631434,-0.7828899058746103,False,-0.6905592553725194,False,False,-0.9532297935435747,False,0.46777792578084376,False,0.974193739885379,False,0,6,False
2024-09-12,-259.77,3,0.43388373911755823,-0.900968867902419,1.2375140776604376,False,0.9405277776663414,False,False,1.3495199231453017,False,0.4825942676988828,False,0.9911357398463846,False,0,6,False
2024-09-13,-2114.3,4,-0.433883739117558,-0.9009688679024191,0.7502240394011963,False,0.5471349368231968,False,False,0.8449629358221341,False,0.4708316320569924,False,0.9905920087902228,False,0,6,False
2024-09-14,-5495.3,5,-0.9749279121818236,-0.2225209339563146,-0.13815609969307238,False,-0.1700608997988434,False,False,-0.15862926529169943,False,0.44486161823924425,False,0.9745575055149105,False,0,6,False
2024-09-15,-8461.46,6,-0.7818314824680299,0.6234898018587334,-0.9175342817030857,False,-0.7992586527579768,False,False,-1.0413637480398088,False,0.449753217419402,False,0.9847583950553777,False,0,6,False
2024-09-16,-5058.83,0,0.0,1.0,-0.02347071687423899,False,-0.07747454463456593,False,False,-0.03855226962730746,False,0.4605823975366371,False,0.9921245847778672,False,0,6,False
2024-09-17,-8885.0,1,0.7818314824680298,0.6234898018587336,-1.02882222139903,False,-0.8891022270386333,False,False,-1.1568396782759327,False,0.4551989015554162,False,0.9791137037865534,False,0,6,False
2024-09-18,-530.81,2,0.9749279121818236,-0.22252093395631434,1.1662965228245572,False,0.8830333205358958,False,False,1.3414969366210165,False,0.4859170792150064,False,0.9887104282841068,False,0,6,False
2024-09-19,-9379.53,3,0.43388373911755823,-0.900968867902419,-1.1587632536931114,False,-0.9940045805094105,False,False,-1.2805536586474258,False,0.4922302635317546,False,1.0040042713346211,False,0,6,False
2024-09-20,-6475.13,4,-0.433883739117558,-0.9009688679024191,-0.39561292065986836,False,-0.3779076896827161,False,False,-0.45684682737738735,False,0.4704379005580016,False,1.0257787562985505,False,0,6,False
2024-09-21,-319.04,5,-0.9749279121818236,-0.2225209339563146,1.2219404926725295,False,0.9279551076762238,False,False,1.3451032968970738,False,0.498961003631,False,1.0487398740512632,False,0,6,False
2024-09-22,-5298.85,6,-0.7818314824680299,0.6234898018587334,-0.08653756129464915,False,-0.12838887314862166,False,False,0.02830847767664962,False,0.4666164923207833,False,0.9915004419551818,False,0,6,False
2024-09-23,-490.57,0,0.0,1.0,1.1768698492951737,False,0.891569244956384,False,False,1.4016361289775645,False,0.4614366599105405,False,0.9768095198724887,False,0,6,False
2024-09-24,-11310.27,1,0.7818314824680298,0.6234898018587336,-1.666077974117503,False,-1.403563494913326,False,False,-1.449576811710518,False,0.5127292639595381,False,1.0685508477515666,False,0,6,False
2024-09-25,-3988.75,2,0.9749279121818236,-0.22252093395631434,0.2576998892310538,False,0.14951655884148043,False,False,0.39836518385315234,False,0.5055952407586214,False,1.0203628069645199,False,0,6,False
2024-09-26,-7484.32,3,0.43388373911755823,-0.900968867902419,-0.6607842760495592,False,-0.5919824800880981,False,False,-0.4994056078160394,False,0.4596718404969897,False,1.0086806745642496,False,0,6,False
2024-09-27,-5963.1,4,-0.433883739117558,-0.9009688679024191,-0.26107364748020606,False,-0.2692931424406034,False,False,-0.15482372042115747,False,0.4521475666662172,False,0.9862807902714106,False,0,6,False
2024-09-28,-10427.0,5,-0.9749279121818236,-0.2225209339563146,-1.4339929325742333,False,-1.2161995296328911,False,False,-1.31729357744205,False,0.49257192142912165,False,1.0379984667376627,False,0,6,False
2024-09-29,-1100.06,6,-0.7818314824680299,0.6234898018587334,1.016722315732155,False,0.7622809602883073,False,False,1.1617751935712712,False,0.5171466331559725,False,1.0704344053116777,False,0,6,False
2024-09-30,-910.26,0,0.0,1.0,1.0665935225940575,False,0.8025423533054215,False,False,1.1349650835664133,False,0.4667990404237088,False,0.9956123227107561,False,0,6,False
2024-10-01,-6684.34,1,0.7818314824680298,0.6234898018587336,-0.45058423355543537,False,-0.42228643590563747,False,False,-0.4081939963674302,False,0.4637948113224302,False,0.9961576862270178,False,0,6,False
2024-10-02,-8524.09,2,0.9749279121818236,-0.22252093395631434,-0.9339907289410256,False,-0.8125440639521913,False,False,-0.8522812104117861,False,0.4560467661704759,False,0.9879946671039903,False,0,6,False
2024-10-03,-5126.65,3,0.43388373911755823,-0.900968867902419,-0.04129087098053093,False,-0.09186088643867908,False,False,-0.04605354039345235,False,0.4529297037711237,False,0.9793356304892467,False,0,6,False
2024-10-04,-873.89,4,-0.433883739117558,-0.9009688679024191,1.076149980937405,False,0.8102573525890487,False,False,1.056206900520211,False,0.451739512105424,False,0.9875325309867768,False,0,6,False
2024-10-05,-7059.77,5,-0.9749279121818236,-0.2225209339563146,-0.5492309521653619,False,-0.5019246591954963,False,False,-0.5629549013691286,False,0.4572009928802578,False,0.986943741711656,False,0,6,False
2024-10-06,-11991.24,6,-0.7818314824680299,0.6234898018587334,-1.845007351023455,False,-1.5480145001971208,False,False,-1.870664536406815,False,0.5048471999975248,False,1.0577753435175994,False,0,6,False
2024-10-07,-8086.04,0,0.0,1.0,-0.8188901906593798,False,-0.7196225507217018,False,False,-0.7489307401051304,False,0.510581262948703,False,1.0724645216857762,False,0,6,False
2024-10-08,-12626.49,1,0.7818314824680298,0.6234898018587336,-2.011923495170049,False,-1.6827671340966035,False,False,-1.7412940620021233,False,0.5297242245225003,False,1.1848153333352522,False,0,6,False
2024-10-09,-1730.28,2,0.9749279121818236,-0.22252093395631434,0.8511278373943881,False,0.6285953169413856,False,False,0.8532629507628535,False,0.5670535310564659,False,1.109015668479166,False,0,6,False
2024-10-10,-3143.17,3,0.43388373911755823,-0.900968867902419,0.47988163368989195,False,0.32888551936524996,False,False,0.4471375101239133,False,0.47846672920048,False,1.0676310826749011,False,0,6,False
2024-10-11,-1242.49,4,-0.433883739117558,-0.9009688679024191,0.9792978900559656,False,0.7320679454968027,False,False,0.9373606685895082,False,0.478742768740386,False,1.0483618180231968,False,0,6,False
2024-10-12,-416.89,5,-0.9749279121818236,-0.2225209339563146,1.19622975720658,False,0.9071986413604985,False,False,1.1172180504797173,False,0.4973893124032924,False,1.0265691232137235,False,0,6,False
2024-10-13,-5929.08,6,-0.7818314824680299,0.6234898018587334,-0.2521346671986363,False,-0.2620766377491269,False,False,-0.2100885953110965,False,0.49234067379848756,False,1.01725485827654,False,0,6,False
2024-10-14,-479.08,0,0.0,1.0,1.179888922882335,False,0.8940065653239637,False,False,1.0332392131073878,False,0.46935629207150376,False,0.9879414674803494,False,0,6,False
2024-10-15,-797.1,1,0.7818314824680298,0.6234898018587336,1.096327061943335,False,0.8265464588576693,False,False,0.9510254461567095,False,0.4776104341487801,False,1.0086078824918983,False,0,6,False
2024-10-16,-7287.94,2,0.9749279121818236,-0.22252093395631434,-0.6091841306146782,False,-0.5503253022129616,False,False,-0.5941855709160173,False,0.5314398544706018,False,1.1045000281119992,False,0,6,False
2024-10-17,-2712.96,3,0.43388373911755823,-0.900968867902419,0.5929221600547974,False,0.420143969786181,False,False,0.47577287018807973,False,0.48568914753464154,False,1.05944386165605,False,0,6,False
2024-10-18,-1433.66,4,-0.433883739117558,-0.9009688679024191,0.9290667066218776,False,0.6915159407387323,False,False,0.726587610288655,False,0.49334079178010526,False,1.0115928265013916,False,0,6,False
2024-10-19,-7336.56,5,-0.9749279121818236,-0.2225209339563146,-0.6219593575779329,False,-0.560638837136524,False,False,-0.6635078130414058,False,0.48607765869978065,False,1.0104450464337522,False,0,6,False
2024-10-20,-475.63,6,-0.7818314824680299,0.6234898018587334,1.1807954332283497,False,0.8947383978103127,False,False,1.0133729842080295,False,0.4896980115694835,False,1.030041073952496,False,0,6,False
2024-10-21,-11698.15,0,0.0,1.0,-1.7679960126717427,False,-1.4858426789147918,False,False,-1.7370039944807956,False,0.5490606493300614,False,1.1174287783947938,False,0,6,False
2024-10-22,-12042.79,1,0.7818314824680298,0.6234898018587336,-1.8585524548892671,False,-1.558949562420684,False,False,-2.0107446943387948,False,0.5284537121912718,False,1.1206957004545968,False,0,6,False
2024-10-23,-518.54,2,0.9749279121818236,-0.22252093395631434,1.1695205465769047,False,0.8856360986829978,False,False,0.9208013695518704,False,0.5460471665921462,False,1.056913063133854,False,0,6,False
2024-10-24,-1258.93,3,0.43388373911755823,-0.900968867902419,0.9749781711897395,False,0.7285806046053307,False,False,0.7352035106074108,False,0.49715842368951885,False,1.067638863254118,False,0,6,False
2024-10-25,-9127.65,4,-0.433883739117558,-0.9009688679024191,-1.0925801157353872,False,-0.940574445245181,False,False,-1.4030161371993655,False,0.5095737018257152,False,1.061071184216781,False,0,6,False
2024-10-26,-4471.05,5,-0.9749279121818236,-0.2225209339563146,0.13097237042443863,False,0.04720849850347092,False,False,-0.12293199234452794,False,0.5052800715492952,False,1.045076592926956,False,0,6,False
2024-10-27,-6214.54,6,-0.7818314824680299,0.6234898018587334,-0.32714117252423525,False,-0.3226299425471534,False,False,-0.5942748846301318,False,0.4690927576636313,False,1.0288345107513188,False,0,6,False
2024-10-28,-354.9,0,0.0,1.0,1.2125180402064186,False,0.9203482923253613,False,False,1.0816219358040862,False,0.49139805267571596,False,1.0182325414743307,False,0,6,False
2024-10-29,-791.46,1,0.7818314824680298,0.6234898018587336,1.0978090092916024,False,0.8277428458788312,False,False,0.9603019441165765,False,0.470057103789121,False,1.0145493077661383,False,0,6,False
2024-10-30,-5878.89,2,0.9749279121818236,-0.22252093395631434,-0.2389469123387898,False,-0.25143006601293644,False,False,-0.47643311467110216,False,0.46748597110175194,False,0.984951739153,False,0,6,False
2024-10-31,-533.2,3,0.43388373911755823,-0.900968867902419,1.165668534497898,False,0.8825263409294104,False,False,1.09031092755548,False,0.46406775590675636,False,0.991690607146168,False,0,6,False
2024-11-01,-897.94,4,-0.433883739117558,-0.9009688679024191,1.0698306841775065,False,0.8051557377204417,False,False,0.9350479197619621,False,0.47036436981785734,False,0.9862162065465748,False,0,6,False
2024-11-02,-9159.56,5,-0.9749279121818236,-0.2225209339563146,-1.1009646795444668,False,-0.9473433654305135,False,False,-1.3419071650598142,False,0.5126456550181532,False,1.096305995970838,False,0,6,False
2024-11-03,-4392.73,6,-0.7818314824680299,0.6234898018587334,0.15155146906207947,False,0.06382215657038563,False,False,-0.012640441022676547,False,0.4900353244765565,False,1.0389352270879673,False,0,6,False
2024-11-04,-1390.98,0,0.0,1.0,0.9402811592502548,False,0.700569451033624,False,False,0.8126725033328909,False,0.477460498266071,False,0.994786837602201,False,0,6,False
2024-11-05,-2008.77,1,0.7818314824680298,0.6234898018587336,0.7779527457243606,False,0.5695205258911424,False,False,0.6535376644768613,False,0.4641254432997381,False,0.9870047614092385,False,0,6,False
2024-11-06,-6356.96,2,0.9749279121818236,-0.22252093395631434,-0.36456297063420445,False,-0.35284083608507444,False,False,-0.6481948451650413,False,0.462637661189541,False,0.9815034725890307,False,0,6,False
2024-11-07,-6009.12,3,0.43388373911755823,-0.900968867902419,-0.2731657072261741,False,-0.27905515143242415,False,False,-0.6647936252653337,False,0.4516765992044702,False,1.0049667277936858,False,0,6,False
2024-11-08,-7896.85,4,-0.433883739117558,-0.9009688679024191,-0.7691792653369177,False,-0.6794905541731885,False,False,-1.2261181729617718,False,0.4555501995173204,False,1.0103214046046904,False,0,6,False
2024-11-09,-1649.43,5,-0.9749279121818236,-0.2225209339563146,0.8723717102857727,False,0.645745652164956,False,False,0.843309013418977,False,0.47943661326699405,False,1.004592301477922,False,0,6,False
2024-11-10,-2840.43,6,-0.7818314824680299,0.6234898018587334,0.5594285734442247,False,0.39310435035577246,False,False,0.3676359506621792,False,0.45535815235697397,False,0.9758300869779999,False,0,6,False
2024-11-11,-3274.96,0,0.0,1.0,0.44525293847213576,False,0.30092951838671733,False,False,0.26532151111967045,False,0.46815621261889284,False,0.983620702546769,False,0,6,False
2024-11-12,-6501.56,1,0.7818314824680298,0.6234898018587336,-0.4025575781802061,False,-0.38351416290422474,False,False,-0.808440533730354,False,0.4614288606857398,False,0.9931707172069271,False,0,6,False
2024-11-13,-363.92,2,0.9749279121818236,-0.22252093395631434,1.210147975475679,False,0.9184349215929356,False,False,1.1975813102465536,False,0.48842395183109205,False,1.0258841098827536,False,0,6,False
2024-11-14,-9748.48,3,0.43388373911755823,-0.900968867902419,-1.2557073093922624,False,-1.072268231477083,False,False,-1.798153513291068,False,0.5056021691460093,False,1.016518407377852,False,0,6,False
2024-11-15,-1404.53,4,-0.433883739117558,-0.9009688679024191,0.9367208070217049,False,0.6976951524278184,False,False,0.8917930322834117,False,0.49731148319487567,False,1.0337204933096162,False,0,6,False
2024-11-16,-706.44,5,-0.9749279121818236,-0.2225209339563146,1.1201485772968656,False,0.8457777438467714,False,False,1.1079487065774394,False,0.47210850026940826,False,0.9797414067487304,False,0,6,False
2024-11-17,-5095.73,6,-0.7818314824680299,0.6234898018587334,-0.03316643622726419,False,-0.08530197035812495,False,False,-0.20260625830213588,False,0.46593996819070016,False,0.9834158751131005,False,0,6,False
2024-11-18,-7844.23,0,0.0,1.0,-0.7553530118855303,False,-0.6683285178161781,False,False,-1.1642388619981165,False,0.465355473288935,False,0.9868040614781194,False,0,6,False
2024-11-19,-1119.61,1,0.7818314824680298,0.6234898018587336,1.011585423771406,False,0.7581339095323295,False,False,0.9829724426040042,False,0.4664986652062824,False,1.0154792869936085,False,0,6,False
2024-11-20,-5313.97,2,0.9749279121818236,-0.22252093395631434,-0.0905104414197912,False,-0.13159620856705562,False,False,-0.23076605538355038,False,0.4634004433899131,False,0.9863824291218555,False,0,6,False
2024-11-21,-6227.99,3,0.43388373911755823,-0.900968867902419,-0.3306752490905818,False,-0.3254830286171227,False,False,-0.4977216643729237,False,0.44222284619378965,False,0.9705223833643475,False,0,6,False
2024-11-22,-6810.94,4,-0.433883739117558,-0.9009688679024191,-0.4838492219048391,False,-0.44914150627427096,False,False,-0.6947339564348657,False,0.4545865544159571,False,1.0075437432647,False,0,6,False
2024-11-23,-1457.07,5,-0.9749279121818236,-0.2225209339563146,0.9229155741000803,False,0.6865500860994772,False,False,0.9590610739067164,False,0.46864046925205427,False,1.0182158411722857,False,0,6,False
2024-11-24,-813.68,6,-0.7818314824680299,0.6234898018587334,1.0919705571500244,False,0.8230294204160268,False,False,1.1105335791392092,False,0.4683326537996773,False,0.9949573035186606,False,0,6,False
2024-11-25,-10269.78,0,0.0,1.0,-1.3926823364581729,False,-1.1828491807912123,False,False,-1.7501202362265864,False,0.5073926356750389,False,1.0709654518658296,False,0,6,False
2024-11-26,-672.79,1,0.7818314824680298,0.6234898018587336,1.1289903376282828,False,0.8529157621556539,False,False,1.22583048442449,False,0.5062789118454493,False,1.0314901997644832,False,0,6,False
2024-11-27,-6372.58,2,0.9749279121818236,-0.22252093395631434,-0.3686672290703631,False,-0.3561542341826894,False,False,-0.4655622693318736,False,0.4582682058124874,False,0.9768102485947786,False,0,6,False
2024-11-28,-2569.56,3,0.43388373911755823,-0.900968867902419,0.6306014596543591,False,0.45056274617529685,False,False,0.685823618860299,False,0.440452157367493,False,0.9591243041870128,False,0,6,False
2024-11-29,-10585.48,4,-0.433883739117558,-0.9009688679024191,-1.4756346020340556,False,-1.2498171564261065,False,False,-1.7511413360105903,False,0.49867478852937785,False,1.0284337071868164,False,0,6,False
2024-11-30,-717.99,5,-0.9749279121818236,-0.2225209339563146,1.117113738312382,False,0.84332769595769,False,False,1.2709746149465293,False,0.5323404580769213,False,1.0655737526999516,False,0,6,False
2024-12-01,-3689.65,6,-0.7818314824680299,0.6234898018587334,0.3362903948811857,False,0.21296325352756507,False,False,0.45254707300342006,False,0.45989224274576307,False,1.0009813534450847,False,0,6,False
2024-12-02,-1512.16,0,0.0,1.0,0.9084403117922709,False,0.6748641001073127,False,False,1.1821587151822783,False,0.45199440205629277,False,0.9676718621404896,False,0,6,False
2024-12-03,-9800.21,1,0.7818314824680298,0.6234898018587336,-1.26929970945004,False,-1.0832414762651512,False,False,-1.346772786842486,False,0.49399004130687363,False,1.0117363493792682,False,0,6,False
2024-12-04,-7014.69,2,0.9749279121818236,-0.22252093395631434,-0.5373858836441048,False,-0.49236204804053557,False,False,-0.5109286796135041,False,0.47436191725473625,False,1.0135392484703842,False,0,6,False
2024-12-05,-3520.61,3,0.43388373911755823,-0.900968867902419,0.38070677426967875,False,0.24882092410508344,False,False,0.6533723521161439,False,0.4414004305646361,False,0.971076775634043,False,0,6,False
2024-12-06,-4913.42,4,-0.433883739117558,-0.9009688679024191,0.014736723535609425,False,-0.04662939627514247,False,False,0.20689714375476692,False,0.4476856397605687,False,0.9918716633534702,False,0,6,False
2024-12-07,-9155.35,5,-0.9749279121818236,-0.2225209339563146,-1.0998584741657071,False,-0.9464503176718095,False,False,-1.0096146158399257,False,0.4683498395887396,False,0.9834832279553283,False,0,6,False
2024-12-08,-2567.53,6,-0.7818314824680299,0.6234898018587334,0.6311348555970865,False,0.45099336065277174,False,False,0.7968950487589965,False,0.48097284644291743,False,1.0039714434156497,False,0,6,False
2024-12-09,-3779.47,0,0.0,1.0,0.3126895950901632,False,0.19391015383948715,False,False,0.5135485185003752,False,0.456920944933932,False,0.9868342341883295,False,0,6,False
2024-12-10,-6530.59,1,0.7818314824680298,0.6234898018587336,-0.41018540291782996,False,-0.38967216205747457,False,False,-0.24350257890974564,False,0.4536822774150424,False,0.9895070513155956,False,0,6,False
2024-12-11,-7895.54,2,0.9749279121818236,-0.22252093395631434,-0.7688350541620541,False,-0.6792126699537342,False,False,-0.7276979387871768,False,0.46860581739664403,False,1.020575964172668,False,0,6,False
2024-12-12,-6781.3,3,0.43388373911755823,-0.900968867902419,-0.476061115627775,False,-0.44285411065242036,False,False,-0.2729433640542067,False,0.4683502835909014,False,1.014473409483254,False,0,6,False
2024-12-13,-2091.78,4,-0.433883739117558,-0.9009688679024191,0.7561413185293842,False,0.5519119998935098,False,False,1.12355372933691,False,0.48664195503571867,False,1.0190234418308037,False,0,6,False
2024-12-14,-11108.39,5,-0.9749279121818236,-0.2225209339563146,-1.6130326672614392,False,-1.3607396275671981,False,False,-1.4884064613571097,False,0.5225840836449269,False,1.0759660127232924,False,0,6,False
2024-12-15,-9088.36,6,-0.7818314824680299,0.6234898018587334,-1.082256408055703,False,-0.9322400399151368,False,False,-0.9836265697206933,False,0.5047982805735309,False,1.0527307001461046,False,0,6,False
2024-12-16,-4671.69,0,0.0,1.0,0.07825288177969639,False,0.004647666601712348,False,False,0.3487674927587919,False,0.501002015329577,False,1.052384426567546,False,0,6,False
2024-12-17,-7534.73,1,0.7818314824680298,0.6234898018587336,-0.6740298373662531,False,-0.6026757194031283,False,False,-0.38613295300064254,False,0.4779283964745707,False,1.0692799067653955,False,0,6,False
2024-12-18,-6353.14,2,0.9749279121818236,-0.22252093395631434,-0.36355924033803766,False,-0.3520305172161315,False,False,-0.031067780313496926,False,0.48287270079101763,False,1.0545541524548365,False,0,6,False
2024-12-19,-13587.52,3,0.43388373911755823,-0.900968867902419,-2.2644404916426213,False,-1.8866259672432701,False,False,-2.1335508953956146,False,0.5516917999159063,False,1.301888384857016,True,1,6,False
2024-12-20,-1351.24,4,-0.433883739117558,-0.9009688679024191,0.9507231074098544,False,0.7089993127749313,False,False,1.299676480135815,False,0.5787063604475584,False,1.1925792260365127,False,0,6,False
2024-12-21,-2797.26,5,-0.9749279121818236,-0.2225209339563146,0.5707717768173981,False,0.40226180207626144,False,False,0.9455747843883344,False,0.5086878435928444,False,1.1216158828248288,False,0,6,False
2024-12-22,-3728.04,6,-0.7818314824680299,0.6234898018587334,0.32620316816133094,False,0.20481976102004656,False,False,0.7221592928074638,False,0.4640087233855839,False,1.00765991040033,False,0,6,False
2024-12-23,-6067.44,0,0.0,1.0,-0.28848967342315057,False,-0.29142630233209793,False,False,0.02247116595905287,False,0.454625373899533,False,0.9898225898289175,False,0,6,False
2024-12-24,-4292.16,1,0.7818314824680298,0.6234898018587336,0.1779769025399589,False,0.08515560386085542,False,False,0.5531360809596306,False,0.45356170002571355,False,0.9965814275510823,False,0,6,False
2024-12-25,-3801.82,2,0.9749279121818236,-0.22252093395631434,0.30681698458772094,False,0.18916915208009558,False,False,0.681388077612283,False,0.45294284410422875,False,0.9853985520670381,False,0,6,False
2024-12-26,-11869.71,3,0.43388373911755823,-0.900968867902419,-1.8130745387477594,False,-1.5222349053953825,False,False,-1.5517240877990044,False,0.5049083146823701,False,1.050824009416337,False,0,6,False
2024-12-27,-9409.43,4,-0.433883739117558,-0.9009688679024191,-1.1666196766919041,False,-1.0003471287244354,False,False,-0.8829624580824679,False,0.5249101078295904,False,1.1467917250546231,False,0,6,False
2024-12-28,-6003.59,5,-0.9749279121818236,-0.2225209339563146,-0.2717126631063305,False,-0.27788209820068216,False,False,0.03623020404019301,False,0.4788386014289396,False,1.0089838377824212,False,0,6,False
2024-12-29,-3663.64,6,-0.7818314824680299,0.6234898018587334,0.3431246946202694,False,0.21848063409856164,False,False,0.721576901392672,False,0.4653093431892327,False,1.0030249196368153,False,0,6,False
2024-12-30,-319.65,0,0.0,1.0,1.2217802111330893,False,0.927825711207623,False,False,1.6155445920652716,False,0.4864766139763137,False,1.0193610344023831,False,0,6,False
2024-12-31,-13446.81,1,0.7818314824680298,0.6234898018587336,-2.227468007356328,False,-1.8567778080681479,False,False,-2.0516102716752354,False,0.5519544288749171,False,1.1368467738058021,False,0,6,False
2025-01-01,-4201.22,2,0.9749279121818236,-0.22252093395631434,0.20187198974765852,False,0.1044462839502988,False,False,0.5099179384514211,False,0.5544017808272586,False,1.0733724460304939,False,0,6,False
2025-01-02,-8870.89,3,0.43388373911755823,-0.900968867902419,-1.0251147254621413,False,-0.8861091382321449,False,False,-0.7629264160903505,False,0.5011404040938262,False,1.0996563943648794,False,0,6,False
2025-01-03,-906.2,4,-0.433883739117558,-0.9009688679024191,1.0676603144795123,False,0.8034035822603713,False,False,1.33734058809035,False,0.5021924531331708,False,1.0618105410533307,False,0,6,False
2025-01-04,-9286.37,5,-0.9749279121818236,-0.2225209339563146,-1.134284846784498,False,-0.9742429821244034,False,False,-1.014114053881296,False,0.500851478742209,False,1.0179785032108293,False,0,6,False
2025-01-05,-9733.59,6,-0.7818314824680299,0.6234898018587334,-1.251794863290188,False,-1.0691096848910726,False,False,-1.1012049852436276,False,0.4942189744728499,False,1.0684773147203543,False,0,6,False
2025-01-06,-2756.2,0,0.0,1.0,0.5815605637180816,False,0.4109716692906067,False,False,0.9280447793621689,False,0.518327627841719,False,1.0495095799396696,False,0,6,False
2025-01-07,-6655.15,1,0.7818314824680298,0.6234898018587336,-0.44291436775828597,False,-0.41609449669504955,False,False,-0.14780586232223403,False,0.4823753267620205,False,1.0704429935934798,False,0,6,False
2025-01-08,-3233.87,2,0.9749279121818236,-0.22252093395631434,0.4560496080714802,False,0.3096457493618134,False,False,0.7923034310313997,False,0.4572578879245938,False,0.9991358651250222,False,0,6,False
2025-01-09,-1676.57,3,0.43388373911755823,-0.900968867902419,0.8652404955637917,False,0.6399885699390105,False,False,1.2199926170555189,False,0.44892195744782154,False,0.98976744396948,False,0,6,False
2025-01-10,-8371.11,4,-0.433883739117558,-0.9009688679024191,-0.893794220902386,False,-0.7800931266299672,False,False,-0.5297095750628363,False,0.4686913748477064,False,0.9999745557339466,False,0,6,False
2025-01-11,-7281.46,5,-0.9749279121818236,-0.2225209339563146,-0.6074814677039032,False,-0.5489507298907758,False,False,-0.34114939989086046,False,0.467106428450802,False,1.0101204699721473,False,0,6,False
2025-01-12,-6847.47,6,-0.7818314824680299,0.6234898018587334,-0.49344772130771225,False,-0.45689044561523623,False,False,-0.27898935926453833,False,0.44642915212227147,False,0.985929763718636,False,0,6,False
