Datetime,transaction_count,dr_amount,cr_amount,total_amount,hour,dow,is_weekend,hour_sin,hour_cos,dow_sin,dow_cos,dr_cr_imbalance,tc_lag1,tc_diff1,tc_roll_mean_24,tc_roll_std_24,tc_wow_diff,amt_roll_std_24,seasonal_baseline,residual,residual_roll_std,seasonal_z,z_flag,ewma,ewma_limit,ewma_flag,cusum_up,cusum_dn,cusum_threshold,cusum_warn_level,sb_flag,sb_pre_alarm,if_score,if_threshold,if_flag,lof_score,lof_threshold,lof_flag,votes,is_anomaly,combined_score,building_stress,status,cum_confirmed_anomalies,cum_building_stress
2025-01-02 00:00:00,0,0.0,0.0,0.0,0,3,0,0.0,1.0,0.43388373911755823,-0.900968867902419,0.0,,,,,,,,,,,False,0.0,,False,0.0,0.0,6.0,3.5999999999999996,False,False,,,False,,,False,0,False,0.19224016853932585,False,Normal,0,0
2025-01-02 01:00:00,0,0.0,0.0,0.0,1,3,0,0.25881904510252074,0.9659258262890683,0.43388373911755823,-0.900968867902419,0.0,0.0,0.0,,,,,,,,,False,0.0,,False,0.0,0.0,6.0,3.5999999999999996,False,False,,,False,,,False,0,False,0.19224016853932585,False,Normal,0,0
2025-01-02 02:00:00,0,0.0,0.0,0.0,2,3,0,0.49999999999999994,0.8660254037844387,0.43388373911755823,-0.900968867902419,0.0,0.0,0.0,,,,,,,,,False,0.0,,False,0.0,0.0,6.0,3.5999999999999996,False,False,,,False,,,False,0,False,0.19224016853932585,False,Normal,0,0
2025-01-02 03:00:00,0,0.0,0.0,0.0,3,3,0,0.7071067811865476,0.7071067811865476,0.43388373911755823,-0.900968867902419,0.0,0.0,0.0,,,,,,,,,False,0.0,,False,0.0,0.0,6.0,3.5999999999999996,False,False,,,False,,,False,0,False,0.19224016853932585,False,Normal,0,0
2025-01-02 04:00:00,0,0.0,0.0,0.0,4,3,0,0.8660254037844386,0.5000000000000001,0.43388373911755823,-0.900968867902419,0.0,0.0,0.0,,,,,,,,,False,0.0,,False,0.0,0.0,6.0,3.5999999999999996,False,False,,,False,,,False,0,False,0.19224016853932585,False,Normal,0,0
2025-01-02 05:00:00,0,0.0,0.0,0.0,5,3,0,0.9659258262890683,0.25881904510252074,0.43388373911755823,-0.900968867902419,0.0,0.0,0.0,,,,,,,,,False,0.0,,False,0.0,0.0,6.0,3.5999999999999996,False,False,,,False,,,False,0,False,0.19224016853932585,False,Normal,0,0
2025-01-02 06:00:00,17,8185.0,8013.0,16198.0,6,3,0,1.0,6.123233995736766e-17,0.43388373911755823,-0.900968867902419,0.01061793937897401,0.0,17.0,,,,,,,,,False,0.0,,False,0.0,0.0,6.0,3.5999999999999996,False,False,,,False,,,False,0,False,0.19224016853932585,False,Normal,0,0
2025-01-02 07:00:00,23,12010.0,14974.0,26984.0,7,3,0,0.9659258262890683,-0.25881904510252063,0.43388373911755823,-0.900968867902419,-0.10983879933296276,17.0,6.0,,,,,,,,,False,0.0,,False,0.0,0.0,6.0,3.5999999999999996,False,False,,,False,,,False,0,False,0.19224016853932585,False,Normal,0,0
2025-01-02 08:00:00,53,20659.0,24259.0,44918.0,8,3,0,0.8660254037844387,-0.4999999999999998,0.43388373911755823,-0.900968867902419,-0.08014425966740132,23.0,30.0,,,,,,,,,False,0.0,,False,0.0,0.0,6.0,3.5999999999999996,False,False,,,False,,,False,0,False,0.19224016853932585,False,Normal,0,0
2025-01-02 09:00:00,91,28087.0,42797.0,70884.0,9,3,0,0.7071067811865476,-0.7071067811865475,0.43388373911755823,-0.900968867902419,-0.20751922127389433,53.0,38.0,,,,,,,,,False,0.0,,False,0.0,0.0,6.0,3.5999999999999996,False,False,,,False,,,False,0,False,0.19224016853932585,False,Normal,0,0
2025-01-02 10:00:00,107,48572.0,68310.0,116882.0,10,3,0,0.49999999999999994,-0.8660254037844387,0.43388373911755823,-0.900968867902419,-0.16886972442527998,91.0,16.0,,,,,,,,,False,0.0,,False,0.0,0.0,6.0,3.5999999999999996,False,False,,,False,,,False,0,False,0.19224016853932585,False,Normal,0,0
2025-01-02 11:00:00,94,42116.0,39550.0,81666.0,11,3,0,0.258819045102521,-0.9659258262890682,0.43388373911755823,-0.900968867902419,0.031420279917224826,107.0,-13.0,,,,,,,,,False,0.0,,False,0.0,0.0,6.0,3.5999999999999996,False,False,,,False,,,False,0,False,0.19224016853932585,False,Normal,0,0
2025-01-02 12:00:00,55,31903.0,32521.0,64424.0,12,3,0,1.2246467991473532e-16,-1.0,0.43388373911755823,-0.900968867902419,-0.00959254947613504,94.0,-39.0,,,,,,,,,False,0.0,,False,0.0,0.0,6.0,3.5999999999999996,False,False,,,False,,,False,0,False,0.19224016853932585,False,Normal,0,0
2025-01-02 13:00:00,49,23030.0,31599.0,54629.0,13,3,0,-0.2588190451025208,-0.9659258262890683,0.43388373911755823,-0.900968867902419,-0.15685520776130332,55.0,-6.0,,,,,,,,,False,0.0,,False,0.0,0.0,6.0,3.5999999999999996,False,False,,,False,,,False,0,False,0.19224016853932585,False,Normal,0,0
2025-01-02 14:00:00,72,37112.0,44398.0,81510.0,14,3,0,-0.4999999999999997,-0.8660254037844388,0.43388373911755823,-0.900968867902419,-0.08938670854240532,49.0,23.0,,,,,,,,,False,0.0,,False,0.0,0.0,6.0,3.5999999999999996,False,False,,,False,,,False,0,False,0.19224016853932585,False,Normal,0,0
2025-01-02 15:00:00,130,58642.0,64594.0,123236.0,15,3,0,-0.7071067811865471,-0.7071067811865479,0.43388373911755823,-0.900968867902419,-0.04829718347574186,72.0,58.0,,,,,,,,,False,0.0,,False,0.0,0.0,6.0,3.5999999999999996,False,False,,,False,,,False,0,False,0.19224016853932585,False,Normal,0,0
2025-01-02 16:00:00,174,95766.0,96082.0,191848.0,16,3,0,-0.8660254037844385,-0.5000000000000004,0.43388373911755823,-0.900968867902419,-0.001647128731450255,130.0,44.0,,,,,,,,,False,0.0,,False,0.0,0.0,6.0,3.5999999999999996,False,False,,,False,,,False,0,False,0.19224016853932585,False,Normal,0,0
2025-01-02 17:00:00,232,111329.0,129464.0,240793.0,17,3,0,-0.9659258262890683,-0.25881904510252063,0.43388373911755823,-0.900968867902419,-0.07531333837221858,174.0,58.0,,,,,,,,,False,0.0,,False,0.0,0.0,6.0,3.5999999999999996,False,False,,,False,,,False,0,False,0.19224016853932585,False,Normal,0,0
2025-01-02 18:00:00,32,17776.0,18313.0,36089.0,18,3,0,-1.0,-1.8369701987210297e-16,0.43388373911755823,-0.900968867902419,-0.014879467996674979,232.0,-200.0,,,,,,,,,False,0.0,,False,0.0,0.0,6.0,3.5999999999999996,False,False,,,False,,,False,0,False,0.19224016853932585,False,Normal,0,0
2025-01-02 19:00:00,0,0.0,0.0,0.0,19,3,0,-0.9659258262890684,0.2588190451025203,0.43388373911755823,-0.900968867902419,0.0,32.0,-32.0,,,,,,,,,False,0.0,,False,0.0,0.0,6.0,3.5999999999999996,False,False,,,False,,,False,0,False,0.19224016853932585,False,Normal,0,0
2025-01-02 20:00:00,0,0.0,0.0,0.0,20,3,0,-0.8660254037844386,0.5000000000000001,0.43388373911755823,-0.900968867902419,0.0,0.0,0.0,,,,,,,,,False,0.0,,False,0.0,0.0,6.0,3.5999999999999996,False,False,,,False,,,False,0,False,0.19224016853932585,False,Normal,0,0
2025-01-02 21:00:00,0,0.0,0.0,0.0,21,3,0,-0.7071067811865477,0.7071067811865474,0.43388373911755823,-0.900968867902419,0.0,0.0,0.0,,,,,,,,,False,0.0,,False,0.0,0.0,6.0,3.5999999999999996,False,False,,,False,,,False,0,False,0.19224016853932585,False,Normal,0,0
2025-01-02 22:00:00,0,0.0,0.0,0.0,22,3,0,-0.5000000000000004,0.8660254037844384,0.43388373911755823,-0.900968867902419,0.0,0.0,0.0,,,,,,,,,False,0.0,,False,0.0,0.0,6.0,3.5999999999999996,False,False,,,False,,,False,0,False,0.19224016853932585,False,Normal,0,0
2025-01-02 23:00:00,0,0.0,0.0,0.0,23,3,0,-0.25881904510252157,0.9659258262890681,0.43388373911755823,-0.900968867902419,0.0,0.0,0.0,,,,,,,,,False,0.0,,False,0.0,0.0,6.0,3.5999999999999996,False,False,,,False,,,False,0,False,0.19224016853932585,False,Normal,0,0
2025-01-03 00:00:00,0,0.0,0.0,0.0,0,4,0,0.0,1.0,-0.433883739117558,-0.9009688679024191,0.0,0.0,0.0,47.041666666666664,63.14818952733095,,65378.00306576941,,,,,False,0.0,,False,0.0,0.0,6.0,3.5999999999999996,False,False,,,False,,,False,0,False,0.19224016853932585,False,Normal,0,0
2025-01-03 01:00:00,0,0.0,0.0,0.0,1,4,0,0.25881904510252074,0.9659258262890683,-0.433883739117558,-0.9009688679024191,0.0,0.0,0.0,47.041666666666664,63.14818952733095,,65378.00306576941,,,,,False,0.0,,False,0.0,0.0,6.0,3.5999999999999996,False,False,,,False,,,False,0,False,0.19224016853932585,False,Normal,0,0
2025-01-03 02:00:00,0,0.0,0.0,0.0,2,4,0,0.49999999999999994,0.8660254037844387,-0.433883739117558,-0.9009688679024191,0.0,0.0,0.0,47.041666666666664,63.14818952733095,,65378.00306576941,,,,,False,0.0,,False,0.0,0.0,6.0,3.5999999999999996,False,False,,,False,,,False,0,False,0.19224016853932585,False,Normal,0,0
2025-01-03 03:00:00,0,0.0,0.0,0.0,3,4,0,0.7071067811865476,0.7071067811865476,-0.433883739117558,-0.9009688679024191,0.0,0.0,0.0,47.041666666666664,63.14818952733095,,65378.00306576941,,,,,False,0.0,,False,0.0,0.0,6.0,3.5999999999999996,False,False,,,False,,,False,0,False,0.19224016853932585,False,Normal,0,0
2025-01-03 04:00:00,0,0.0,0.0,0.0,4,4,0,0.8660254037844386,0.5000000000000001,-0.433883739117558,-0.9009688679024191,0.0,0.0,0.0,47.041666666666664,63.14818952733095,,65378.00306576941,,,,,False,0.0,,False,0.0,0.0,6.0,3.5999999999999996,False,False,,,False,,,False,0,False,0.19224016853932585,False,Normal,0,0
2025-01-03 05:00:00,0,0.0,0.0,0.0,5,4,0,0.9659258262890683,0.25881904510252074,-0.433883739117558,-0.9009688679024191,0.0,0.0,0.0,47.041666666666664,63.14818952733095,,65378.00306576941,,,,,False,0.0,,False,0.0,0.0,6.0,3.5999999999999996,False,False,,,False,,,False,0,False,0.19224016853932585,False,Normal,0,0
2025-01-03 06:00:00,17,10180.0,11589.0,21769.0,6,4,0,1.0,6.123233995736766e-17,-0.433883739117558,-0.9009688679024191,-0.06472209462563161,0.0,17.0,47.041666666666664,63.14818952733095,,65378.00306576941,,,,,False,0.0,,False,0.0,0.0,6.0,3.5999999999999996,False,False,,,False,,,False,0,False,0.19224016853932585,False,Normal,0,0
2025-01-03 07:00:00,31,13941.0,20071.0,34012.0,7,4,0,0.9659258262890683,-0.25881904510252063,-0.433883739117558,-0.9009688679024191,-0.18022520800870256,17.0,14.0,47.041666666666664,63.14818952733095,,65270.281113074045,,,,,False,0.0,,False,0.0,0.0,6.0,3.5999999999999996,False,False,,,False,,,False,0,False,0.19224016853932585,False,Normal,0,0
2025-01-03 08:00:00,57,24207.0,35786.0,59993.0,8,4,0,0.8660254037844387,-0.4999999999999998,-0.433883739117558,-0.9009688679024191,-0.193002633596693,31.0,26.0,47.375,63.036781878243254,,65186.89766834428,,,,,False,0.0,,False,0.0,0.0,6.0,3.5999999999999996,False,False,,,False,,,False,0,False,0.19224016853932585,False,Normal,0,0
2025-01-03 09:00:00,89,34941.0,53004.0,87945.0,9,4,0,0.7071067811865476,-0.7071067811865475,-0.433883739117558,-0.9009688679024191,-0.2053873968116799,57.0,32.0,47.541666666666664,63.05758525325097,,65224.062028004446,,,,,False,0.0,,False,0.0,0.0,6.0,3.5999999999999996,False,False,,,False,,,False,0,False,0.19224016853932585,False,Normal,0,0
2025-01-03 10:00:00,117,61147.0,65786.0,126933.0,10,4,0,0.49999999999999994,-0.8660254037844387,-0.433883739117558,-0.9009688679024191,-0.03654655175130383,89.0,28.0,47.458333333333336,62.9989504168378,,65564.2097307913,,,,,False,0.0,,False,0.0,0.0,6.0,3.5999999999999996,False,False,,,False,,,False,0,False,0.19224016853932585,False,Normal,0,0
2025-01-03 11:00:00,117,49368.0,46896.0,96264.0,11,4,0,0.258819045102521,-0.9659258262890682,-0.433883739117558,-0.9009688679024191,0.025679114943125747,117.0,0.0,47.875,63.441388561480075,,66041.79928649876,,,,,False,0.0,,False,0.0,0.0,6.0,3.5999999999999996,False,False,,,False,,,False,0,False,0.19224016853932585,False,Normal,0,0
2025-01-03 12:00:00,63,32071.0,42565.0,74636.0,12,4,0,1.2246467991473532e-16,-1.0,-0.433883739117558,-0.9009688679024191,-0.14060050645122393,117.0,-54.0,48.833333333333336,64.33584886574018,,66410.38072010649,,,,,False,0.0,,False,0.0,0.0,6.0,3.5999999999999996,False,False,,,False,,,False,0,False,0.19224016853932585,False,Normal,0,0
2025-01-03 13:00:00,65,26177.0,36265.0,62442.0,13,4,0,-0.2588190451025208,-0.9659258262890683,-0.433883739117558,-0.9009688679024191,-0.16155533846868345,63.0,2.0,49.166666666666664,64.38989028577772,,66533.99822939768,,,,,False,0.0,,False,0.0,0.0,6.0,3.5999999999999996,False,False,,,False,,,False,0,False,0.19224016853932585,False,Normal,0,0
2025-01-03 14:00:00,88,41186.0,39879.0,81065.0,14,4,0,-0.4999999999999997,-0.8660254037844388,-0.433883739117558,-0.9009688679024191,0.0161226654824464,65.0,23.0,49.833333333333336,64.47086747999586,,66570.42699489473,,,,,False,0.0,,False,0.0,0.0,6.0,3.5999999999999996,False,False,,,False,,,False,0,False,0.19224016853932585,False,Normal,0,0
2025-01-03 15:00:00,162,67655.0,81106.0,148761.0,15,4,0,-0.7071067811865471,-0.7071067811865479,-0.433883739117558,-0.9009688679024191,-0.09041959640230704,88.0,74.0,50.5,64.79197481170024,,66561.78419266743,,,,,False,0.0,,False,0.0,0.0,6.0,3.5999999999999996,False,False,,,False,,,False,0,False,0.19224016853932585,False,Normal,0,0
2025-01-03 16:00:00,240,99547.0,122206.0,221753.0,16,4,0,-0.8660254037844385,-0.5000000000000004,-0.433883739117558,-0.9009688679024191,-0.10218079493492789,162.0,78.0,51.833333333333336,66.79733571012406,,67946.64047954485,,,,,False,0.0,,False,0.0,0.0,6.0,3.5999999999999996,False,False,,,False,,,False,0,False,0.19224016853932585,False,Normal,0,0
2025-01-03 17:00:00,265,112686.0,156606.0,269292.0,17,4,0,-0.9659258262890683,-0.25881904510252063,-0.433883739117558,-0.9009688679024191,-0.16309373062055085,240.0,25.0,54.583333333333336,73.10618641916444,,70824.41611753317,,,,,False,0.0,,False,0.0,0.0,6.0,3.5999999999999996,False,False,,,False,,,False,0,False,0.19224016853932585,False,Normal,0,0
2025-01-03 18:00:00,43,18992.0,24092.0,43084.0,18,4,0,-1.0,-1.8369701987210297e-16,-0.433883739117558,-0.9009688679024191,-0.11837066264361147,265.0,-222.0,55.958333333333336,76.80493596381548,,74250.9991859281,,,,,False,0.0,,False,0.0,0.0,6.0,3.5999999999999996,False,False,,,False,,,False,0,False,0.19224016853932585,False,Normal,0,0
2025-01-03 19:00:00,0,0.0,0.0,0.0,19,4,0,-0.9659258262890684,0.2588190451025203,-0.433883739117558,-0.9009688679024191,0.0,43.0,-43.0,56.416666666666664,76.68848145846803,,74187.07860184582,,,,,False,0.0,,False,0.0,0.0,6.0,3.5999999999999996,False,False,,,False,,,False,0,False,0.19224016853932585,False,Normal,0,0
2025-01-03 20:00:00,0,0.0,0.0,0.0,20,4,0,-0.8660254037844386,0.5000000000000001,-0.433883739117558,-0.9009688679024191,0.0,0.0,0.0,56.416666666666664,76.68848145846803,,74187.07860184582,,,,,False,0.0,,False,0.0,0.0,6.0,3.5999999999999996,False,False,,,False,,,False,0,False,0.19224016853932585,False,Normal,0,0
2025-01-03 21:00:00,0,0.0,0.0,0.0,21,4,0,-0.7071067811865477,0.7071067811865474,-0.433883739117558,-0.9009688679024191,0.0,0.0,0.0,56.416666666666664,76.68848145846803,,74187.07860184582,,,,,False,0.0,,False,0.0,0.0,6.0,3.5999999999999996,False,False,,,False,,,False,0,False,0.19224016853932585,False,Normal,0,0
2025-01-03 22:00:00,0,0.0,0.0,0.0,22,4,0,-0.5000000000000004,0.8660254037844384,-0.433883739117558,-0.9009688679024191,0.0,0.0,0.0,56.416666666666664,76.68848145846803,,74187.07860184582,,,,,False,0.0,,False,0.0,0.0,6.0,3.5999999999999996,False,False,,,False,,,False,0,False,0.19224016853932585,False,Normal,0,0
2025-01-03 23:00:00,0,0.0,0.0,0.0,23,4,0,-0.25881904510252157,0.9659258262890681,-0.433883739117558,-0.9009688679024191,0.0,0.0,0.0,56.416666666666664,76.68848145846803,,74187.07860184582,,,,,False,0.0,,False,0.0,0.0,6.0,3.5999999999999996,False,False,,,False,,,False,0,False,0.19224016853932585,False,Normal,0,0
2025-01-04 00:00:00,0,0.0,0.0,0.0,0,5,1,0.0,1.0,-0.9749279121818236,-0.2225209339563146,0.0,0.0,0.0,56.416666666666664,76.68848145846803,,74187.07860184582,,,,,False,0.0,,False,0.0,0.0,6.0,3.5999999999999996,False,False,,,False,,,False,0,False,0.19224016853932585,False,Normal,0,0
2025-01-04 01:00:00,0,0.0,0.0,0.0,1,5,1,0.25881904510252074,0.9659258262890683,-0.9749279121818236,-0.2225209339563146,0.0,0.0,0.0,56.416666666666664,76.68848145846803,,74187.07860184582,,,,,False,0.0,,False,0.0,0.0,6.0,3.5999999999999996,False,False,,,False,,,False,0,False,0.19224016853932585,False,Normal,0,0
2025-01-04 02:00:00,0,0.0,0.0,0.0,2,5,1,0.49999999999999994,0.8660254037844387,-0.9749279121818236,-0.2225209339563146,0.0,0.0,0.0,56.416666666666664,76.68848145846803,,74187.07860184582,,,,,False,0.0,,False,0.0,0.0,6.0,3.5999999999999996,False,False,,,False,,,False,0,False,0.19224016853932585,False,Normal,0,0
2025-01-04 03:00:00,0,0.0,0.0,0.0,3,5,1,0.7071067811865476,0.7071067811865476,-0.9749279121818236,-0.2225209339563146,0.0,0.0,0.0,56.416666666666664,76.68848145846803,,74187.07860184582,,,,,False,0.0,,False,0.0,0.0,6.0,3.5999999999999996,False,False,,,False,,,False,0,False,0.19224016853932585,False,Normal,0,0
2025-01-04 04:00:00,0,0.0,0.0,0.0,4,5,1,0.8660254037844386,0.5000000000000001,-0.9749279121818236,-0.2225209339563146,0.0,0.0,0.0,56.416666666666664,76.68848145846803,,74187.07860184582,,,,,False,0.0,,False,0.0,0.0,6.0,3.5999999999999996,False,False,,,False,,,False,0,False,0.19224016853932585,False,Normal,0,0
2025-01-04 05:00:00,0,0.0,0.0,0.0,5,5,1,0.9659258262890683,0.25881904510252074,-0.9749279121818236,-0.2225209339563146,0.0,0.0,0.0,56.416666666666664,76.68848145846803,,74187.07860184582,,,,,False,0.0,,False,0.0,0.0,6.0,3.5999999999999996,False,False,,,False,,,False,0,False,0.19224016853932585,False,Normal,0,0
2025-01-04 06:00:00,0,0.0,0.0,0.0,6,5,1,1.0,6.123233995736766e-17,-0.9749279121818236,-0.2225209339563146,0.0,0.0,0.0,56.416666666666664,76.68848145846803,,74187.07860184582,,,,,False,0.0,,False,0.0,0.0,6.0,3.5999999999999996,False,False,,,False,,,False,0,False,0.19224016853932585,False,Normal,0,0
2025-01-04 07:00:00,0,0.0,0.0,0.0,7,5,1,0.9659258262890683,-0.25881904510252063,-0.9749279121818236,-0.2225209339563146,0.0,0.0,0.0,55.708333333333336,77.1455311149939,,74746.23617725956,,,,,False,0.0,,False,0.0,0.0,6.0,3.5999999999999996,False,False,,,False,,,False,0,False,0.19224016853932585,False,Normal,0,0
2025-01-04 08:00:00,0,0.0,0.0,0.0,8,5,1,0.8660254037844387,-0.4999999999999998,-0.9749279121818236,-0.2225209339563146,0.0,0.0,0.0,54.416666666666664,77.8336669452553,,75469.00562136924,,,,,False,0.0,,False,0.0,0.0,6.0,3.5999999999999996,False,False,,,False,,,False,0,False,0.19224016853932585,False,Normal,0,0
2025-01-04 09:00:00,0,0.0,0.0,0.0,9,5,1,0.7071067811865476,-0.7071067811865475,-0.9749279121818236,-0.2225209339563146,0.0,0.0,0.0,52.041666666666664,78.61711240130128,,76217.3954436622,,,,,False,0.0,,False,0.0,0.0,6.0,3.5999999999999996,False,False,,,False,,,False,0,False,0.19224016853932585,False,Normal,0,0
2025-01-04 10:00:00,0,0.0,0.0,0.0,10,5,1,0.49999999999999994,-0.8660254037844387,-0.9749279121818236,-0.2225209339563146,0.0,0.0,0.0,48.333333333333336,78.89655674784969,,76452.95300004793,,,,,False,0.0,,False,0.0,0.0,6.0,3.5999999999999996,False,False,,,False,,,False,0,False,0.19224016853932585,False,Normal,0,0
2025-01-04 11:00:00,0,0.0,0.0,0.0,11,5,1,0.258819045102521,-0.9659258262890682,-0.9749279121818236,-0.2225209339563146,0.0,0.0,0.0,43.458333333333336,78.07965785666899,,75049.18594088475,,,,,False,0.0,,False,0.0,0.0,6.0,3.5999999999999996,False,False,,,False,,,False,0,False,0.19224016853932585,False,Normal,0,0
2025-01-04 12:00:00,0,0.0,0.0,0.0,12,5,1,1.2246467991473532e-16,-1.0,-0.9749279121818236,-0.2225209339563146,0.0,0.0,0.0,38.583333333333336,76.93244731110119,,74568.96168413747,,,,,False,0.0,,False,0.0,0.0,6.0,3.5999999999999996,False,False,,,False,,,False,0,False,0.19224016853932585,False,Normal,0,0
2025-01-04 13:00:00,0,0.0,0.0,0.0,13,5,1,-0.2588190451025208,-0.9659258262890683,-0.9749279121818236,-0.2225209339563146,0.0,0.0,0.0,35.958333333333336,77.1376404857586,,74511.06657577153,,,,,False,0.0,,False,0.0,0.0,6.0,3.5999999999999996,False,False,,,False,,,False,0,False,0.19224016853932585,False,Normal,0,0
2025-01-04 14:00:00,0,0.0,0.0,0.0,14,5,1,-0.4999999999999997,-0.8660254037844388,-0.9749279121818236,-0.2225209339563146,0.0,0.0,0.0,33.25,77.21469222662338,,74580.67500130554,,,,,False,0.0,,False,0.0,0.0,6.0,3.5999999999999996,False,False,,,False,,,False,0,False,0.19224016853932585,False,Normal,0,0
2025-01-04 15:00:00,0,0.0,0.0,0.0,15,5,1,-0.7071067811865471,-0.7071067811865479,-0.9749279121818236,-0.2225209339563146,0.0,0.0,0.0,29.583333333333332,76.58863388636533,,74088.03785171658,,,,,False,0.0,,False,0.0,0.0,6.0,3.5999999999999996,False,False,,,False,,,False,0,False,0.19224016853932585,False,Normal,0,0
2025-01-04 16:00:00,0,0.0,0.0,0.0,16,5,1,-0.8660254037844385,-0.5000000000000004,-0.9749279121818236,-0.2225209339563146,0.0,0.0,0.0,22.833333333333332,71.37206046130903,,69676.75806603224,,,,,False,0.0,,False,0.0,0.0,6.0,3.5999999999999996,False,False,,,False,,,False,0,False,0.19224016853932585,False,Normal,0,0
2025-01-04 17:00:00,0,0.0,0.0,0.0,17,5,1,-0.9659258262890683,-0.25881904510252063,-0.9749279121818236,-0.2225209339563146,0.0,0.0,0.0,12.833333333333334,54.422395219700434,,55289.212104970386,,,,,False,0.0,,False,0.0,0.0,6.0,3.5999999999999996,False,False,,,False,,,False,0,False,0.19224016853932585,False,Normal,0,0
2025-01-04 18:00:00,0,0.0,0.0,0.0,18,5,1,-1.0,-1.8369701987210297e-16,-0.9749279121818236,-0.2225209339563146,0.0,0.0,0.0,1.7916666666666667,8.777338244972878,,8794.484673172397,,,,,False,0.0,,False,0.0,0.0,6.0,3.5999999999999996,False,False,,,False,,,False,0,False,0.19224016853932585,False,Normal,0,0
2025-01-04 19:00:00,0,0.0,0.0,0.0,19,5,1,-0.9659258262890684,0.2588190451025203,-0.9749279121818236,-0.2225209339563146,0.0,0.0,0.0,0.0,0.0,,0.0,,,,,False,0.0,,False,0.0,0.0,6.0,3.5999999999999996,False,False,,,False,,,False,0,False,0.19224016853932585,False,Normal,0,0
2025-01-04 20:00:00,0,0.0,0.0,0.0,20,5,1,-0.8660254037844386,0.5000000000000001,-0.9749279121818236,-0.2225209339563146,0.0,0.0,0.0,0.0,0.0,,0.0,,,,,False,0.0,,False,0.0,0.0,6.0,3.5999999999999996,False,False,,,False,,,False,0,False,0.19224016853932585,False,Normal,0,0
2025-01-04 21:00:00,0,0.0,0.0,0.0,21,5,1,-0.7071067811865477,0.7071067811865474,-0.9749279121818236,-0.2225209339563146,0.0,0.0,0.0,0.0,0.0,,0.0,,,,,False,0.0,,False,0.0,0.0,6.0,3.5999999999999996,False,False,,,False,,,False,0,False,0.19224016853932585,False,Normal,0,0
2025-01-04 22:00:00,0,0.0,0.0,0.0,22,5,1,-0.5000000000000004,0.8660254037844384,-0.9749279121818236,-0.2225209339563146,0.0,0.0,0.0,0.0,0.0,,0.0,,,,,False,0.0,,False,0.0,0.0,6.0,3.5999999999999996,False,False,,,False,,,False,0,False,0.19224016853932585,False,Normal,0,0
2025-01-04 23:00:00,0,0.0,0.0,0.0,23,5,1,-0.25881904510252157,0.9659258262890681,-0.9749279121818236,-0.2225209339563146,0.0,0.0,0.0,0.0,0.0,,0.0,,,,,False,0.0,,False,0.0,0.0,6.0,3.5999999999999996,False,False,,,False,,,False,0,False,0.19224016853932585,False,Normal,0,0
2025-01-05 00:00:00,0,0.0,0.0,0.0,0,6,1,0.0,1.0,-0.7818314824680299,0.6234898018587334,0.0,0.0,0.0,0.0,0.0,,0.0,,,,,False,0.0,,False,0.0,0.0,6.0,3.5999999999999996,False,False,,,False,,,False,0,False,0.19224016853932585,False,Normal,0,0
2025-01-05 01:00:00,0,0.0,0.0,0.0,1,6,1,0.25881904510252074,0.9659258262890683,-0.7818314824680299,0.6234898018587334,0.0,0.0,0.0,0.0,0.0,,0.0,,,,,False,0.0,,False,0.0,0.0,6.0,3.5999999999999996,False,False,,,False,,,False,0,False,0.19224016853932585,False,Normal,0,0
2025-01-05 02:00:00,0,0.0,0.0,0.0,2,6,1,0.49999999999999994,0.8660254037844387,-0.7818314824680299,0.6234898018587334,0.0,0.0,0.0,0.0,0.0,,0.0,,,,,False,0.0,,False,0.0,0.0,6.0,3.5999999999999996,False,False,,,False,,,False,0,False,0.19224016853932585,False,Normal,0,0
2025-01-05 03:00:00,0,0.0,0.0,0.0,3,6,1,0.7071067811865476,0.7071067811865476,-0.7818314824680299,0.6234898018587334,0.0,0.0,0.0,0.0,0.0,,0.0,,,,,False,0.0,,False,0.0,0.0,6.0,3.5999999999999996,False,False,,,False,,,False,0,False,0.19224016853932585,False,Normal,0,0
2025-01-05 04:00:00,0,0.0,0.0,0.0,4,6,1,0.8660254037844386,0.5000000000000001,-0.7818314824680299,0.6234898018587334,0.0,0.0,0.0,0.0,0.0,,0.0,,,,,False,0.0,,False,0.0,0.0,6.0,3.5999999999999996,False,False,,,False,,,False,0,False,0.19224016853932585,False,Normal,0,0
2025-01-05 05:00:00,0,0.0,0.0,0.0,5,6,1,0.9659258262890683,0.25881904510252074,-0.7818314824680299,0.6234898018587334,0.0,0.0,0.0,0.0,0.0,,0.0,,,,,False,0.0,,False,0.0,0.0,6.0,3.5999999999999996,False,False,,,False,,,False,0,False,0.19224016853932585,False,Normal,0,0
2025-01-05 06:00:00,0,0.0,0.0,0.0,6,6,1,1.0,6.123233995736766e-17,-0.7818314824680299,0.6234898018587334,0.0,0.0,0.0,0.0,0.0,,0.0,,,,,False,0.0,,False,0.0,0.0,6.0,3.5999999999999996,False,False,,,False,,,False,0,False,0.19224016853932585,False,Normal,0,0
2025-01-05 07:00:00,0,0.0,0.0,0.0,7,6,1,0.9659258262890683,-0.25881904510252063,-0.7818314824680299,0.6234898018587334,0.0,0.0,0.0,0.0,0.0,,0.0,,,,,False,0.0,,False,0.0,0.0,6.0,3.5999999999999996,False,False,,,False,,,False,0,False,0.19224016853932585,False,Normal,0,0
2025-01-05 08:00:00,0,0.0,0.0,0.0,8,6,1,0.8660254037844387,-0.4999999999999998,-0.7818314824680299,0.6234898018587334,0.0,0.0,0.0,0.0,0.0,,0.0,,,,,False,0.0,,False,0.0,0.0,6.0,3.5999999999999996,False,False,,,False,,,False,0,False,0.19224016853932585,False,Normal,0,0
2025-01-05 09:00:00,0,0.0,0.0,0.0,9,6,1,0.7071067811865476,-0.7071067811865475,-0.7818314824680299,0.6234898018587334,0.0,0.0,0.0,0.0,0.0,,0.0,,,,,False,0.0,,False,0.0,0.0,6.0,3.5999999999999996,False,False,,,False,,,False,0,False,0.19224016853932585,False,Normal,0,0
2025-01-05 10:00:00,0,0.0,0.0,0.0,10,6,1,0.49999999999999994,-0.8660254037844387,-0.7818314824680299,0.6234898018587334,0.0,0.0,0.0,0.0,0.0,,0.0,,,,,False,0.0,,False,0.0,0.0,6.0,3.5999999999999996,False,False,,,False,,,False,0,False,0.19224016853932585,False,Normal,0,0
2025-01-05 11:00:00,0,0.0,0.0,0.0,11,6,1,0.258819045102521,-0.9659258262890682,-0.7818314824680299,0.6234898018587334,0.0,0.0,0.0,0.0,0.0,,0.0,,,,,False,0.0,,False,0.0,0.0,6.0,3.5999999999999996,False,False,,,False,,,False,0,False,0.19224016853932585,False,Normal,0,0
2025-01-05 12:00:00,0,0.0,0.0,0.0,12,6,1,1.2246467991473532e-16,-1.0,-0.7818314824680299,0.6234898018587334,0.0,0.0,0.0,0.0,0.0,,0.0,,,,,False,0.0,,False,0.0,0.0,6.0,3.5999999999999996,False,False,,,False,,,False,0,False,0.19224016853932585,False,Normal,0,0
2025-01-05 13:00:00,0,0.0,0.0,0.0,13,6,1,-0.2588190451025208,-0.9659258262890683,-0.7818314824680299,0.6234898018587334,0.0,0.0,0.0,0.0,0.0,,0.0,,,,,False,0.0,,False,0.0,0.0,6.0,3.5999999999999996,False,False,,,False,,,False,0,False,0.19224016853932585,False,Normal,0,0
2025-01-05 14:00:00,0,0.0,0.0,0.0,14,6,1,-0.4999999999999997,-0.8660254037844388,-0.7818314824680299,0.6234898018587334,0.0,0.0,0.0,0.0,0.0,,0.0,,,,,False,0.0,,False,0.0,0.0,6.0,3.5999999999999996,False,False,,,False,,,False,0,False,0.19224016853932585,False,Normal,0,0
2025-01-05 15:00:00,0,0.0,0.0,0.0,15,6,1,-0.7071067811865471,-0.7071067811865479,-0.7818314824680299,0.6234898018587334,0.0,0.0,0.0,0.0,0.0,,0.0,,,,,False,0.0,,False,0.0,0.0,6.0,3.5999999999999996,False,False,,,False,,,False,0,False,0.19224016853932585,False,Normal,0,0
2025-01-05 16:00:00,0,0.0,0.0,0.0,16,6,1,-0.8660254037844385,-0.5000000000000004,-0.7818314824680299,0.6234898018587334,0.0,0.0,0.0,0.0,0.0,,0.0,,,,,False,0.0,,False,0.0,0.0,6.0,3.5999999999999996,False,False,,,False,,,False,0,False,0.19224016853932585,False,Normal,0,0
2025-01-05 17:00:00,0,0.0,0.0,0.0,17,6,1,-0.9659258262890683,-0.25881904510252063,-0.7818314824680299,0.6234898018587334,0.0,0.0,0.0,0.0,0.0,,0.0,,,,,False,0.0,,False,0.0,0.0,6.0,3.5999999999999996,False,False,,,False,,,False,0,False,0.19224016853932585,False,Normal,0,0
2025-01-05 18:00:00,0,0.0,0.0,0.0,18,6,1,-1.0,-1.8369701987210297e-16,-0.7818314824680299,0.6234898018587334,0.0,0.0,0.0,0.0,0.0,,0.0,,,,,False,0.0,,False,0.0,0.0,6.0,3.5999999999999996,False,False,,,False,,,False,0,False,0.19224016853932585,False,Normal,0,0
2025-01-05 19:00:00,0,0.0,0.0,0.0,19,6,1,-0.9659258262890684,0.2588190451025203,-0.7818314824680299,0.6234898018587334,0.0,0.0,0.0,0.0,0.0,,0.0,,,,,False,0.0,,False,0.0,0.0,6.0,3.5999999999999996,False,False,,,False,,,False,0,False,0.19224016853932585,False,Normal,0,0
2025-01-05 20:00:00,0,0.0,0.0,0.0,20,6,1,-0.8660254037844386,0.5000000000000001,-0.7818314824680299,0.6234898018587334,0.0,0.0,0.0,0.0,0.0,,0.0,,,,,False,0.0,,False,0.0,0.0,6.0,3.5999999999999996,False,False,,,False,,,False,0,False,0.19224016853932585,False,Normal,0,0
2025-01-05 21:00:00,0,0.0,0.0,0.0,21,6,1,-0.7071067811865477,0.7071067811865474,-0.7818314824680299,0.6234898018587334,0.0,0.0,0.0,0.0,0.0,,0.0,,,,,False,0.0,,False,0.0,0.0,6.0,3.5999999999999996,False,False,,,False,,,False,0,False,0.19224016853932585,False,Normal,0,0
2025-01-05 22:00:00,0,0.0,0.0,0.0,22,6,1,-0.5000000000000004,0.8660254037844384,-0.7818314824680299,0.6234898018587334,0.0,0.0,0.0,0.0,0.0,,0.0,,,,,False,0.0,,False,0.0,0.0,6.0,3.5999999999999996,False,False,,,False,,,False,0,False,0.19224016853932585,False,Normal,0,0
2025-01-05 23:00:00,0,0.0,0.0,0.0,23,6,1,-0.25881904510252157,0.9659258262890681,-0.7818314824680299,0.6234898018587334,0.0,0.0,0.0,0.0,0.0,,0.0,,,,,False,0.0,,False,0.0,0.0,6.0,3.5999999999999996,False,False,,,False,,,False,0,False,0.19224016853932585,False,Normal,0,0
2025-01-06 00:00:00,0,0.0,0.0,0.0,0,0,0,0.0,1.0,0.0,1.0,0.0,0.0,0.0,0.0,0.0,,0.0,,,,,False,0.0,,False,0.0,0.0,6.0,3.5999999999999996,False,False,,,False,,,False,0,False,0.19224016853932585,False,Normal,0,0
2025-01-06 01:00:00,0,0.0,0.0,0.0,1,0,0,0.25881904510252074,0.9659258262890683,0.0,1.0,0.0,0.0,0.0,0.0,0.0,,0.0,,,,,False,0.0,,False,0.0,0.0,6.0,3.5999999999999996,False,False,,,False,,,False,0,False,0.19224016853932585,False,Normal,0,0
2025-01-06 02:00:00,0,0.0,0.0,0.0,2,0,0,0.49999999999999994,0.8660254037844387,0.0,1.0,0.0,0.0,0.0,0.0,0.0,,0.0,,,,,False,0.0,,False,0.0,0.0,6.0,3.5999999999999996,False,False,,,False,,,False,0,False,0.19224016853932585,False,Normal,0,0
2025-01-06 03:00:00,0,0.0,0.0,0.0,3,0,0,0.7071067811865476,0.7071067811865476,0.0,1.0,0.0,0.0,0.0,0.0,0.0,,0.0,,,,,False,0.0,,False,0.0,0.0,6.0,3.5999999999999996,False,False,,,False,,,False,0,False,0.19224016853932585,False,Normal,0,0
2025-01-06 04:00:00,0,0.0,0.0,0.0,4,0,0,0.8660254037844386,0.5000000000000001,0.0,1.0,0.0,0.0,0.0,0.0,0.0,,0.0,,,,,False,0.0,,False,0.0,0.0,6.0,3.5999999999999996,False,False,,,False,,,False,0,False,0.19224016853932585,False,Normal,0,0
2025-01-06 05:00:00,0,0.0,0.0,0.0,5,0,0,0.9659258262890683,0.25881904510252074,0.0,1.0,0.0,0.0,0.0,0.0,0.0,,0.0,,,,,False,0.0,,False,0.0,0.0,6.0,3.5999999999999996,False,False,,,False,,,False,0,False,0.19224016853932585,False,Normal,0,0
2025-01-06 06:00:00,10,8892.0,13098.0,21990.0,6,0,0,1.0,6.123233995736766e-17,0.0,1.0,-0.19126006093401846,0.0,10.0,0.0,0.0,,0.0,,,,,False,0.0,,False,0.0,0.0,6.0,3.5999999999999996,False,False,,,False,,,False,0,False,0.19224016853932585,False,Normal,0,0
2025-01-06 07:00:00,33,15199.0,20388.0,35587.0,7,0,0,0.9659258262890683,-0.25881904510252063,0.0,1.0,-0.1458075755872766,10.0,23.0,0.4166666666666667,2.041241452319315,,4488.689953650174,,,,,False,0.0,,False,0.0,0.0,6.0,3.5999999999999996,False,False,,,False,,,False,0,False,0.19224016853932585,False,Normal,0,0
2025-01-06 08:00:00,68,30308.0,36675.0,66983.0,8,0,0,0.8660254037844387,-0.4999999999999998,0.0,1.0,-0.09505254986265377,33.0,35.0,1.7916666666666667,6.953129834308692,,8371.444857262599,,,,,False,0.0,,False,0.0,0.0,6.0,3.5999999999999996,False,False,,,False,,,False,0,False,0.19224016853932585,False,Normal,0,0
2025-01-06 09:00:00,86,41157.0,56554.0,97711.0,9,0,0,0.7071067811865476,-0.7071067811865475,0.0,1.0,-0.15757532339937777,68.0,18.0,4.625,15.179541437766478,,15590.201156077383,,,,,False,0.0,,False,0.0,0.0,6.0,3.5999999999999996,False,False,,,False,,,False,0,False,0.19224016853932585,False,Normal,0,0
2025-01-06 10:00:00,148,68644.0,77804.0,146448.0,10,0,0,0.49999999999999994,-0.8660254037844387,0.0,1.0,-0.06254737143988692,86.0,62.0,8.208333333333334,22.44990397319768,,24428.813990822156,,,,,False,0.0,,False,0.0,0.0,6.0,3.5999999999999996,False,False,,,False,,,False,0,False,0.19224016853932585,False,Normal,0,0
2025-01-06 11:00:00,107,67777.0,56982.0,124759.0,11,0,0,0.258819045102521,-0.9659258262890682,0.0,1.0,0.08652613016992626,148.0,-41.0,14.375,36.208109228638875,,37046.64254162426,,,,,False,0.0,,False,0.0,0.0,6.0,3.5999999999999996,False,False,,,False,,,False,0,False,0.19224016853932585,False,Normal,0,0
2025-01-06 12:00:00,85,35048.0,48866.0,83914.0,12,0,0,1.2246467991473532e-16,-1.0,0.0,1.0,-0.16466662694393136,107.0,-22.0,18.833333333333332,40.67331853414115,,43061.78182657692,,,,,False,0.0,,False,0.0,0.0,6.0,3.5999999999999996,False,False,,,False,,,False,0,False,0.19224016853932585,False,Normal,0,0
2025-01-06 13:00:00,80,34940.0,35133.0,70073.0,13,0,0,-0.2588190451025208,-0.9659258262890683,0.0,1.0,-0.0027542312412592402,85.0,-5.0,22.375,42.616400700852864,,44695.41554352857,,,,,False,0.0,,False,0.0,0.0,6.0,3.5999999999999996,False,False,,,False,,,False,0,False,0.19224016853932585,False,Normal,0,0
2025-01-06 14:00:00,95,45998.0,52449.0,98447.0,14,0,0,-0.4999999999999997,-0.8660254037844388,0.0,1.0,-0.06552697870957257,80.0,15.0,25.708333333333332,43.8995683515143,,45339.60935705514,,,,,False,0.0,,False,0.0,0.0,6.0,3.5999999999999996,False,False,,,False,,,False,0,False,0.19224016853932585,False,Normal,0,0
2025-01-06 15:00:00,169,84404.0,87413.0,171817.0,15,0,0,-0.7071067811865471,-0.7071067811865479,0.0,1.0,-0.017512716944674017,95.0,74.0,29.666666666666668,45.725710270154856,,47207.62718189644,,,,,False,0.0,,False,0.0,0.0,6.0,3.5999999999999996,False,False,,,False,,,False,0,False,0.19224016853932585,False,Normal,0,0
2025-01-06 16:00:00,239,116767.0,138092.0,254859.0,16,0,0,-0.8660254037844385,-0.5000000000000004,0.0,1.0,-0.08367338931177902,169.0,70.0,36.708333333333336,53.33770928605819,,54719.79521278039,,,,,False,0.0,,False,0.0,0.0,6.0,3.5999999999999996,False,False,,,False,,,False,0,False,0.19224016853932585,False,Normal,0,0
2025-01-06 17:00:00,281,110782.0,146422.0,257204.0,17,0,0,-0.9659258262890683,-0.25881904510252063,0.0,1.0,-0.13856651309266926,239.0,42.0,46.666666666666664,66.79863749369812,,69664.9310115253,,,,,False,0.0,,False,0.0,0.0,6.0,3.5999999999999996,False,False,,,False,,,False,0,False,0.19224016853932585,False,Normal,0,0
2025-01-06 18:00:00,44,17051.0,21901.0,38952.0,18,0,0,-1.0,-1.8369701987210297e-16,0.0,1.0,-0.12450902369522245,281.0,-237.0,58.375,81.31303574832695,,80727.20703523778,,,,,False,0.0,,False,0.0,0.0,6.0,3.5999999999999996,False,False,,,False,,,False,0,False,0.19224016853932585,False,Normal,0,0
2025-01-06 19:00:00,0,0.0,0.0,0.0,19,0,0,-0.9659258262890684,0.2588190451025203,0.0,1.0,0.0,44.0,-44.0,60.208333333333336,80.43089346257696,,79864.34677064259,,,,,False,0.0,,False,0.0,0.0,6.0,3.5999999999999996,False,False,,,False,,,False,0,False,0.19224016853932585,False,Normal,0,0
2025-01-06 20:00:00,0,0.0,0.0,0.0,20,0,0,-0.8660254037844386,0.5000000000000001,0.0,1.0,0.0,0.0,0.0,60.208333333333336,80.43089346257696,,79864.34677064259,,,,,False,0.0,,False,0.0,0.0,6.0,3.5999999999999996,False,False,,,False,,,False,0,False,0.19224016853932585,False,Normal,0,0
2025-01-06 21:00:00,0,0.0,0.0,0.0,21,0,0,-0.7071067811865477,0.7071067811865474,0.0,1.0,0.0,0.0,0.0,60.208333333333336,80.43089346257696,,79864.34677064259,,,,,False,0.0,,False,0.0,0.0,6.0,3.5999999999999996,False,False,,,False,,,False,0,False,0.19224016853932585,False,Normal,0,0
2025-01-06 22:00:00,0,0.0,0.0,0.0,22,0,0,-0.5000000000000004,0.8660254037844384,0.0,1.0,0.0,0.0,0.0,60.208333333333336,80.43089346257696,,79864.34677064259,,,,,False,0.0,,False,0.0,0.0,6.0,3.5999999999999996,False,False,,,False,,,False,0,False,0.19224016853932585,False,Normal,0,0
2025-01-06 23:00:00,0,0.0,0.0,0.0,23,0,0,-0.25881904510252157,0.9659258262890681,0.0,1.0,0.0,0.0,0.0,60.208333333333336,80.43089346257696,,79864.34677064259,,,,,False,0.0,,False,0.0,0.0,6.0,3.5999999999999996,False,False,,,False,,,False,0,False,0.19224016853932585,False,Normal,0,0
2025-01-07 00:00:00,0,0.0,0.0,0.0,0,1,0,0.0,1.0,0.7818314824680298,0.6234898018587336,0.0,0.0,0.0,60.208333333333336,80.43089346257696,,79864.34677064259,,,,,False,0.0,,False,0.0,0.0,6.0,3.5999999999999996,False,False,,,False,,,False,0,False,0.19224016853932585,False,Normal,0,0
2025-01-07 01:00:00,0,0.0,0.0,0.0,1,1,0,0.25881904510252074,0.9659258262890683,0.7818314824680298,0.6234898018587336,0.0,0.0,0.0,60.208333333333336,80.43089346257696,,79864.34677064259,,,,,False,0.0,,False,0.0,0.0,6.0,3.5999999999999996,False,False,,,False,,,False,0,False,0.19224016853932585,False,Normal,0,0
2025-01-07 02:00:00,0,0.0,0.0,0.0,2,1,0,0.49999999999999994,0.8660254037844387,0.7818314824680298,0.6234898018587336,0.0,0.0,0.0,60.208333333333336,80.43089346257696,,79864.34677064259,,,,,False,0.0,,False,0.0,0.0,6.0,3.5999999999999996,False,False,,,False,,,False,0,False,0.19224016853932585,False,Normal,0,0
2025-01-07 03:00:00,0,0.0,0.0,0.0,3,1,0,0.7071067811865476,0.7071067811865476,0.7818314824680298,0.6234898018587336,0.0,0.0,0.0,60.208333333333336,80.43089346257696,,79864.34677064259,,,,,False,0.0,,False,0.0,0.0,6.0,3.5999999999999996,False,False,,,False,,,False,0,False,0.19224016853932585,False,Normal,0,0
2025-01-07 04:00:00,0,0.0,0.0,0.0,4,1,0,0.8660254037844386,0.5000000000000001,0.7818314824680298,0.6234898018587336,0.0,0.0,0.0,60.208333333333336,80.43089346257696,,79864.34677064259,,,,,False,0.0,,False,0.0,0.0,6.0,3.5999999999999996,False,False,,,False,,,False,0,False,0.19224016853932585,False,Normal,0,0
2025-01-07 05:00:00,0,0.0,0.0,0.0,5,1,0,0.9659258262890683,0.25881904510252074,0.7818314824680298,0.6234898018587336,0.0,0.0,0.0,60.208333333333336,80.43089346257696,,79864.34677064259,,,,,False,0.0,,False,0.0,0.0,6.0,3.5999999999999996,False,False,,,False,,,False,0,False,0.19224016853932585,False,Normal,0,0
2025-01-07 06:00:00,17,6792.0,9448.0,16240.0,6,1,0,1.0,6.123233995736766e-17,0.7818314824680298,0.6234898018587336,-0.16353672803398805,0.0,17.0,60.208333333333336,80.43089346257696,,79864.34677064259,,,,,False,0.0,,False,0.0,0.0,6.0,3.5999999999999996,False,False,,,False,,,False,0,False,0.19224016853932585,False,Normal,0,0
2025-01-07 07:00:00,27,13394.0,14071.0,27465.0,7,1,0,0.9659258262890683,-0.25881904510252063,0.7818314824680298,0.6234898018587336,-0.02464865652078934,17.0,10.0,60.5,80.25340301602277,,79995.5956450194,,,,,False,0.0,,False,0.0,0.0,6.0,3.5999999999999996,False,False,,,False,,,False,0,False,0.19224016853932585,False,Normal,0,0
2025-01-07 08:00:00,67,24147.0,26226.0,50373.0,8,1,0,0.8660254037844387,-0.4999999999999998,0.7818314824680298,0.6234898018587336,-0.04127129074522571,27.0,40.0,60.25,80.35207851536343,,80124.66877401072,,,,,False,0.0,,False,0.0,0.0,6.0,3.5999999999999996,False,False,,,False,,,False,0,False,0.19224016853932585,False,Normal,0,0
2025-01-07 09:00:00,80,27064.0,44988.0,72052.0,9,1,0,0.7071067811865476,-0.7071067811865475,0.7818314824680298,0.6234898018587336,-0.24876132846654547,67.0,13.0,60.208333333333336,80.34814419364218,,80139.04905628046,,,,,False,0.0,,False,0.0,0.0,6.0,3.5999999999999996,False,False,,,False,,,False,0,False,0.19224016853932585,False,Normal,0,0
2025-01-07 10:00:00,110,51081.0,52457.0,103538.0,10,1,0,0.49999999999999994,-0.8660254037844387,0.7818314824680298,0.6234898018587336,-0.01328967828547697,80.0,30.0,59.958333333333336,80.27370524414073,,79783.43716367678,,,,,False,0.0,,False,0.0,0.0,6.0,3.5999999999999996,False,False,,,False,,,False,0,False,0.19224016853932585,False,Normal,0,0
2025-01-07 11:00:00,73,46585.0,43332.0,89917.0,11,1,0,0.258819045102521,-0.9659258262890682,0.7818314824680298,0.6234898018587336,0.03617740608109611,110.0,-37.0,58.375,78.82330956281132,,78200.33959115588,,,,,False,0.0,,False,0.0,0.0,6.0,3.5999999999999996,False,False,,,False,,,False,0,False,0.19224016853932585,False,Normal,0,0
2025-01-07 12:00:00,63,29067.0,29638.0,58705.0,12,1,0,1.2246467991473532e-16,-1.0,0.7818314824680298,0.6234898018587336,-0.009726433413961094,73.0,-10.0,56.958333333333336,78.21457618331912,,77206.19544298758,,,,,False,0.0,,False,0.0,0.0,6.0,3.5999999999999996,False,False,,,False,,,False,0,False,0.19224016853932585,False,Normal,0,0
2025-01-07 13:00:00,55,22649.0,28045.0,50694.0,13,1,0,-0.2588190451025208,-0.9659258262890683,0.7818314824680298,0.6234898018587336,-0.10644047736463162,63.0,-8.0,56.041666666666664,78.00026709355978,,76975.64524598823,,,,,False,0.0,,False,0.0,0.0,6.0,3.5999999999999996,False,False,,,False,,,False,0,False,0.19224016853932585,False,Normal,0,0
2025-01-07 14:00:00,74,33890.0,41478.0,75368.0,14,1,0,-0.4999999999999997,-0.8660254037844388,0.7818314824680298,0.6234898018587336,-0.10067799758521408,55.0,19.0,55.0,77.83315488916018,,76907.54482379655,,,,,False,0.0,,False,0.0,0.0,6.0,3.5999999999999996,False,False,,,False,,,False,0,False,0.19224016853932585,False,Normal,0,0
2025-01-07 15:00:00,128,54377.0,70513.0,124890.0,15,1,0,-0.7071067811865471,-0.7071067811865479,0.7818314824680298,0.6234898018587336,-0.12920066297811691,74.0,54.0,54.125,77.48116882016642,,76467.54041544952,,,,,False,0.0,,False,0.0,0.0,6.0,3.5999999999999996,False,False,,,False,,,False,0,False,0.19224016853932585,False,Normal,0,0
2025-01-07 16:00:00,204,93894.0,95893.0,189787.0,16,1,0,-0.8660254037844385,-0.5000000000000004,0.7818314824680298,0.6234898018587336,-0.010532805024553712,128.0,76.0,52.416666666666664,75.25834731496373,,73846.97816223654,,,,,False,0.0,,False,0.0,0.0,6.0,3.5999999999999996,False,False,,,False,,,False,0,False,0.19224016853932585,False,Normal,0,0
2025-01-07 17:00:00,221,110220.0,128861.0,239081.0,17,1,0,-0.9659258262890683,-0.25881904510252063,0.7818314824680298,0.6234898018587336,-0.07796906500698506,204.0,17.0,50.958333333333336,71.74258281108784,,66898.45087858694,,,,,False,0.0,,False,0.0,0.0,6.0,3.5999999999999996,False,False,,,False,,,False,0,False,0.19224016853932585,False,Normal,0,0
2025-01-07 18:00:00,37,15083.0,16908.0,31991.0,18,1,0,-1.0,-1.8369701987210297e-16,0.7818314824680298,0.6234898018587336,-0.057045511377844464,221.0,-184.0,48.458333333333336,64.00609968668181,,64495.0361250799,,,,,False,0.0,,False,0.0,0.0,6.0,3.5999999999999996,False,False,,,False,,,False,0,False,0.19224016853932585,False,Normal,0,0
2025-01-07 19:00:00,0,0.0,0.0,0.0,19,1,0,-0.9659258262890684,0.2588190451025203,0.7818314824680298,0.6234898018587336,0.0,37.0,-37.0,48.166666666666664,64.04323720646902,,64550.20299767977,,,,,False,0.0,,False,0.0,0.0,6.0,3.5999999999999996,False,False,,,False,,,False,0,False,0.19224016853932585,False,Normal,0,0
2025-01-07 20:00:00,0,0.0,0.0,0.0,20,1,0,-0.8660254037844386,0.5000000000000001,0.7818314824680298,0.6234898018587336,0.0,0.0,0.0,48.166666666666664,64.04323720646902,,64550.20299767977,,,,,False,0.0,,False,0.0,0.0,6.0,3.5999999999999996,False,False,,,False,,,False,0,False,0.19224016853932585,False,Normal,0,0
2025-01-07 21:00:00,0,0.0,0.0,0.0,21,1,0,-0.7071067811865477,0.7071067811865474,0.7818314824680298,0.6234898018587336,0.0,0.0,0.0,48.166666666666664,64.04323720646902,,64550.20299767977,,,,,False,0.0,,False,0.0,0.0,6.0,3.5999999999999996,False,False,,,False,,,False,0,False,0.19224016853932585,False,Normal,0,0
2025-01-07 22:00:00,0,0.0,0.0,0.0,22,1,0,-0.5000000000000004,0.8660254037844384,0.7818314824680298,0.6234898018587336,0.0,0.0,0.0,48.166666666666664,64.04323720646902,,64550.20299767977,,,,,False,0.0,,False,0.0,0.0,6.0,3.5999999999999996,False,False,,,False,,,False,0,False,0.19224016853932585,False,Normal,0,0
2025-01-07 23:00:00,0,0.0,0.0,0.0,23,1,0,-0.25881904510252157,0.9659258262890681,0.7818314824680298,0.6234898018587336,0.0,0.0,0.0,48.166666666666664,64.04323720646902,,64550.20299767977,,,,,False,0.0,,False,0.0,0.0,6.0,3.5999999999999996,False,False,,,False,,,False,0,False,0.19224016853932585,False,Normal,0,0
2025-01-08 00:00:00,0,0.0,0.0,0.0,0,2,0,0.0,1.0,0.9749279121818236,-0.22252093395631434,0.0,0.0,0.0,48.166666666666664,64.04323720646902,,64550.20299767977,0.0,0.0,,,False,0.0,,False,0.0,0.0,6.0,3.5999999999999996,False,False,,,False,,,False,0,False,0.19224016853932585,False,Normal,0,0
2025-01-08 01:00:00,0,0.0,0.0,0.0,1,2,0,0.25881904510252074,0.9659258262890683,0.9749279121818236,-0.22252093395631434,0.0,0.0,0.0,48.166666666666664,64.04323720646902,,64550.20299767977,0.0,0.0,,,False,0.0,,False,0.0,0.0,6.0,3.5999999999999996,False,False,,,False,,,False,0,False,0.19224016853932585,False,Normal,0,0
2025-01-08 02:00:00,0,0.0,0.0,0.0,2,2,0,0.49999999999999994,0.8660254037844387,0.9749279121818236,-0.22252093395631434,0.0,0.0,0.0,48.166666666666664,64.04323720646902,,64550.20299767977,0.0,0.0,,,False,0.0,,False,0.0,0.0,6.0,3.5999999999999996,False,False,,,False,,,False,0,False,0.19224016853932585,False,Normal,0,0
2025-01-08 03:00:00,0,0.0,0.0,0.0,3,2,0,0.7071067811865476,0.7071067811865476,0.9749279121818236,-0.22252093395631434,0.0,0.0,0.0,48.166666666666664,64.04323720646902,,64550.20299767977,0.0,0.0,,,False,0.0,,False,0.0,0.0,6.0,3.5999999999999996,False,False,,,False,,,False,0,False,0.19224016853932585,False,Normal,0,0
2025-01-08 04:00:00,0,0.0,0.0,0.0,4,2,0,0.8660254037844386,0.5000000000000001,0.9749279121818236,-0.22252093395631434,0.0,0.0,0.0,48.166666666666664,64.04323720646902,,64550.20299767977,0.0,0.0,,,False,0.0,,False,0.0,0.0,6.0,3.5999999999999996,False,False,,,False,,,False,0,False,0.19224016853932585,False,Normal,0,0
2025-01-08 05:00:00,0,0.0,0.0,0.0,5,2,0,0.9659258262890683,0.25881904510252074,0.9749279121818236,-0.22252093395631434,0.0,0.0,0.0,48.166666666666664,64.04323720646902,,64550.20299767977,0.0,0.0,,,False,0.0,,False,0.0,0.0,6.0,3.5999999999999996,False,False,,,False,,,False,0,False,0.19224016853932585,False,Normal,0,0
2025-01-08 06:00:00,21,8519.0,10498.0,19017.0,6,2,0,1.0,6.123233995736766e-17,0.9749279121818236,-0.22252093395631434,-0.10405931223051845,0.0,21.0,48.166666666666664,64.04323720646902,,64550.20299767977,17.0,4.0,,,False,0.8,,False,0.0,0.0,6.0,3.5999999999999996,False,False,,,False,,,False,0,False,0.19224016853932585,False,Normal,0,0
2025-01-08 07:00:00,32,13396.0,13686.0,27082.0,7,2,0,0.9659258262890683,-0.25881904510252063,0.9749279121818236,-0.22252093395631434,-0.01070782409629657,21.0,11.0,48.333333333333336,63.96375785427698,,64494.96893843399,29.0,3.0,,,False,1.2400000000000002,,False,0.0,0.0,6.0,3.5999999999999996,False,False,,,False,,,False,0,False,0.19224016853932585,False,Normal,0,0
2025-01-08 08:00:00,44,25624.0,26824.0,52448.0,8,2,0,0.8660254037844387,-0.4999999999999998,0.9749279121818236,-0.22252093395631434,-0.02287936852942859,32.0,12.0,48.541666666666664,63.89936324556298,,64500.11240265175,62.0,-18.0,,,False,-2.6079999999999997,,False,0.0,0.0,6.0,3.5999999999999996,False,False,,,False,,,False,0,False,0.19224016853932585,False,Normal,0,0
2025-01-08 09:00:00,86,34738.0,42599.0,77337.0,9,2,0,0.7071067811865476,-0.7071067811865475,0.9749279121818236,-0.22252093395631434,-0.10164472833535908,44.0,42.0,47.583333333333336,63.78286308396955,,64505.95874480866,87.5,-1.5,,,False,-2.3864,,False,0.0,0.0,6.0,3.5999999999999996,False,False,,,False,,,False,0,False,0.19224016853932585,False,Normal,0,0
2025-01-08 10:00:00,115,58387.0,53262.0,111649.0,10,2,0,0.49999999999999994,-0.8660254037844387,0.9749279121818236,-0.22252093395631434,0.04590237348858039,86.0,29.0,47.833333333333336,63.92704174812617,,64603.17125711747,113.5,1.5,,,False,-1.60912,,False,0.0,0.0,6.0,3.5999999999999996,False,False,,,False,,,False,0,False,0.19224016853932585,False,Normal,0,0
2025-01-08 11:00:00,90,53905.0,47311.0,101216.0,11,2,0,0.258819045102521,-0.9659258262890682,0.9749279121818236,-0.22252093395631434,0.06514715907406858,115.0,-25.0,48.041666666666664,64.14621827388251,,64929.492703819604,100.5,-10.5,,,False,-3.387296,,False,0.0,0.0,6.0,3.5999999999999996,False,False,,,False,,,False,0,False,0.19224016853932585,False,Normal,0,0
2025-01-08 12:00:00,54,25719.0,29288.0,55007.0,12,2,0,1.2246467991473532e-16,-1.0,0.9749279121818236,-0.22252093395631434,-0.06488147178592205,90.0,-36.0,48.75,64.52653650277131,,65287.88560740151,63.0,-9.0,,,False,-4.5098368,,False,0.0,0.0,6.0,3.5999999999999996,False,False,,,False,,,False,0,False,0.19224016853932585,False,Normal,0,0
2025-01-08 13:00:00,47,29319.0,33502.0,62821.0,13,2,0,-0.2588190451025208,-0.9659258262890683,0.9749279121818236,-0.22252093395631434,-0.06658495431536723,54.0,-7.0,48.375,64.46624495912907,,65266.628471759235,60.0,-13.0,,,False,-6.2078694400000005,,False,0.0,0.0,6.0,3.5999999999999996,False,False,,,False,,,False,0,False,0.19224016853932585,False,Normal,0,0
2025-01-08 14:00:00,64,36335.0,46270.0,82605.0,14,2,0,-0.4999999999999997,-0.8660254037844388,0.9749279121818236,-0.22252093395631434,-0.12026971406435367,47.0,17.0,48.041666666666664,64.4511808281658,,65334.09995847543,81.0,-17.0,,,False,-8.366295552,,False,0.0,0.0,6.0,3.5999999999999996,False,False,,,False,,,False,0,False,0.19224016853932585,False,Normal,0,0
2025-01-08 15:00:00,146,57716.0,74854.0,132570.0,15,2,0,-0.7071067811865471,-0.7071067811865479,0.9749279121818236,-0.22252093395631434,-0.12927412480859313,64.0,82.0,47.625,64.30823363336516,,65479.29568356383,146.0,0.0,,,False,-6.6930364416,,False,0.0,0.0,6.0,3.5999999999999996,False,False,,,False,,,False,0,False,0.19224016853932585,False,Normal,0,0
2025-01-08 16:00:00,176,82025.0,94627.0,176652.0,16,2,0,-0.8660254037844385,-0.5000000000000004,0.9749279121818236,-0.22252093395631434,-0.07133759404029369,146.0,30.0,48.375,65.38236200130403,,65884.04079169453,221.5,-45.5,,,False,-14.45442915328,,False,0.0,0.0,6.0,3.5999999999999996,False,False,,,False,,,False,0,False,0.19224016853932585,False,Normal,0,0
2025-01-08 17:00:00,228,112652.0,138997.0,251649.0,17,2,0,-0.9659258262890683,-0.25881904510252063,0.9749279121818236,-0.22252093395631434,-0.10468905225511624,176.0,52.0,47.208333333333336,62.678599889100674,,64710.17609086028,248.5,-20.5,,,False,-15.663543322624001,,False,0.0,0.0,6.0,3.5999999999999996,False,False,,,False,,,False,0,False,0.19224016853932585,False,Normal,0,0
2025-01-08 18:00:00,40,15451.0,21027.0,36478.0,18,2,0,-1.0,-1.8369701987210297e-16,0.9749279121818236,-0.22252093395631434,-0.15285506729899395,228.0,-188.0,47.5,63.53294249921607,,66347.71398156616,40.0,0.0,,,False,-12.530834658099202,,False,0.0,0.0,6.0,3.5999999999999996,False,False,,,False,,,False,0,False,0.19224016853932585,False,Normal,0,0
2025-01-08 19:00:00,0,0.0,0.0,0.0,19,2,0,-0.9659258262890684,0.2588190451025203,0.9749279121818236,-0.22252093395631434,0.0,40.0,-40.0,47.625,63.51433422601478,,66303.26768521534,0.0,0.0,,,False,-10.024667726479363,,False,0.0,0.0,6.0,3.5999999999999996,False,False,,,False,,,False,0,False,0.19224016853932585,False,Normal,0,0
2025-01-08 20:00:00,0,0.0,0.0,0.0,20,2,0,-0.8660254037844386,0.5000000000000001,0.9749279121818236,-0.22252093395631434,0.0,0.0,0.0,47.625,63.51433422601478,,66303.26768521534,0.0,0.0,,,False,-8.019734181183491,,False,0.0,0.0,6.0,3.5999999999999996,False,False,,,False,,,False,0,False,0.19224016853932585,False,Normal,0,0
2025-01-08 21:00:00,0,0.0,0.0,0.0,21,2,0,-0.7071067811865477,0.7071067811865474,0.9749279121818236,-0.22252093395631434,0.0,0.0,0.0,47.625,63.51433422601478,,66303.26768521534,0.0,0.0,,,False,-6.415787344946793,,False,0.0,0.0,6.0,3.5999999999999996,False,False,,,False,,,False,0,False,0.19224016853932585,False,Normal,0,0
2025-01-08 22:00:00,0,0.0,0.0,0.0,22,2,0,-0.5000000000000004,0.8660254037844384,0.9749279121818236,-0.22252093395631434,0.0,0.0,0.0,47.625,63.51433422601478,,66303.26768521534,0.0,0.0,,,False,-5.132629875957434,,False,0.0,0.0,6.0,3.5999999999999996,False,False,,,False,,,False,0,False,0.19224016853932585,False,Normal,0,0
2025-01-08 23:00:00,0,0.0,0.0,0.0,23,2,0,-0.25881904510252157,0.9659258262890681,0.9749279121818236,-0.22252093395631434,0.0,0.0,0.0,47.625,63.51433422601478,,66303.26768521534,0.0,0.0,,,False,-4.106103900765947,,False,0.0,0.0,6.0,3.5999999999999996,False,False,,,False,,,False,0,False,0.19224016853932585,False,Normal,0,0
2025-01-09 00:00:00,0,0.0,0.0,0.0,0,3,0,0.0,1.0,0.43388373911755823,-0.900968867902419,0.0,0.0,0.0,47.625,63.51433422601478,0.0,66303.26768521534,0.0,0.0,,,False,-3.284883120612758,,False,0.0,0.0,6.0,3.5999999999999996,False,False,,,False,,,False,0,False,0.19224016853932585,False,Normal,0,0
2025-01-09 01:00:00,0,0.0,0.0,0.0,1,3,0,0.25881904510252074,0.9659258262890683,0.43388373911755823,-0.900968867902419,0.0,0.0,0.0,47.625,63.51433422601478,0.0,66303.26768521534,0.0,0.0,,,False,-2.6279064964902066,,False,0.0,0.0,6.0,3.5999999999999996,False,False,,,False,,,False,0,False,0.19224016853932585,False,Normal,0,0
2025-01-09 02:00:00,0,0.0,0.0,0.0,2,3,0,0.49999999999999994,0.8660254037844387,0.43388373911755823,-0.900968867902419,0.0,0.0,0.0,47.625,63.51433422601478,0.0,66303.26768521534,0.0,0.0,,,False,-2.1023251971921653,,False,0.0,0.0,6.0,3.5999999999999996,False,False,,,False,,,False,0,False,0.19224016853932585,False,Normal,0,0
2025-01-09 03:00:00,0,0.0,0.0,0.0,3,3,0,0.7071067811865476,0.7071067811865476,0.43388373911755823,-0.900968867902419,0.0,0.0,0.0,47.625,63.51433422601478,0.0,66303.26768521534,0.0,0.0,,,False,-1.6818601577537322,,False,0.0,0.0,6.0,3.5999999999999996,False,False,,,False,,,False,0,False,0.19224016853932585,False,Normal,0,0
2025-01-09 04:00:00,0,0.0,0.0,0.0,4,3,0,0.8660254037844386,0.5000000000000001,0.43388373911755823,-0.900968867902419,0.0,0.0,0.0,47.625,63.51433422601478,0.0,66303.26768521534,0.0,0.0,,,False,-1.3454881262029859,,False,0.0,0.0,6.0,3.5999999999999996,False,False,,,False,,,False,0,False,0.19224016853932585,False,Normal,0,0
2025-01-09 05:00:00,0,0.0,0.0,0.0,5,3,0,0.9659258262890683,0.25881904510252074,0.43388373911755823,-0.900968867902419,0.0,0.0,0.0,47.625,63.51433422601478,0.0,66303.26768521534,0.0,0.0,,,False,-1.0763905009623886,,False,0.0,0.0,6.0,3.5999999999999996,False,False,,,False,,,False,0,False,0.19224016853932585,False,Normal,0,0
2025-01-09 06:00:00,19,8559.0,9624.0,18183.0,6,3,0,1.0,6.123233995736766e-17,0.43388373911755823,-0.900968867902419,-0.058567971843378794,0.0,19.0,47.625,63.51433422601478,2.0,66303.26768521534,17.0,2.0,,,False,-0.4611124007699109,,False,0.0,0.0,6.0,3.5999999999999996,False,False,,,False,,,False,0,False,0.19224016853932585,False,Normal,0,0
2025-01-09 07:00:00,22,13667.0,13864.0,27531.0,7,3,0,0.9659258262890683,-0.25881904510252063,0.43388373911755823,-0.900968867902419,-0.007155310184512567,19.0,3.0,47.541666666666664,63.55208693365772,-1.0,66320.12159576044,31.0,-9.0,,,False,-2.168889920615929,,False,0.0,0.0,6.0,3.5999999999999996,False,False,,,False,,,False,0,False,0.19224016853932585,False,Normal,0,0
2025-01-09 08:00:00,50,23903.0,29525.0,53428.0,8,3,0,0.8660254037844387,-0.4999999999999998,0.43388373911755823,-0.900968867902419,-0.10522375488966666,22.0,28.0,47.125,63.69104264371465,-3.0,66313.61397457967,57.0,-7.0,,,False,-3.135111936492743,,False,0.0,0.0,6.0,3.5999999999999996,False,False,,,False,,,False,0,False,0.19224016853932585,False,Normal,0,0
2025-01-09 09:00:00,96,28201.0,49561.0,77762.0,9,3,0,0.7071067811865476,-0.7071067811865475,0.43388373911755823,-0.900968867902419,-0.2746807607731183,50.0,46.0,47.375,63.69001867059602,5.0,66315.85948285129,86.0,10.0,,,False,-0.5080895491941946,,False,0.0,0.0,6.0,3.5999999999999996,False,False,,,False,,,False,0,False,0.19224016853932585,False,Normal,0,0
2025-01-09 10:00:00,106,49172.0,55601.0,104773.0,10,3,0,0.49999999999999994,-0.8660254037844387,0.43388373911755823,-0.900968867902419,-0.06136064290759158,96.0,10.0,47.791666666666664,63.98571794900231,-1.0,66323.68241827295,115.0,-9.0,,,False,-2.206471639355356,,False,0.0,0.0,6.0,3.5999999999999996,False,False,,,False,,,False,0,False,0.19224016853932585,False,Normal,0,0
2025-01-09 11:00:00,104,48249.0,42860.0,91109.0,11,3,0,0.258819045102521,-0.9659258262890682,0.43388373911755823,-0.900968867902419,0.059148282296125565,106.0,-2.0,47.416666666666664,63.5999156867548,10.0,66057.7772849214,94.0,10.0,,,False,0.2348226885157152,,False,0.0,0.0,6.0,3.5999999999999996,False,False,,,False,,,False,0,False,0.19224016853932585,False,Normal,0,0
2025-01-09 12:00:00,69,28683.0,35577.0,64260.0,12,3,0,1.2246467991473532e-16,-1.0,0.43388373911755823,-0.900968867902419,-0.10728124367812515,104.0,-35.0,48.0,64.06993461631697,14.0,65743.18514834276,63.0,6.0,,,False,1.3878581508125722,,False,0.0,0.0,6.0,3.5999999999999996,False,False,,,False,,,False,0,False,0.19224016853932585,False,Normal,0,0
2025-01-09 13:00:00,45,23454.0,28767.0,52221.0,13,3,0,-0.2588190451025208,-0.9659258262890683,0.43388373911755823,-0.900968867902419,-0.1017387308031098,69.0,-24.0,48.625,64.2040310938157,-4.0,65808.4280673368,55.0,-10.0,,,False,-0.8897134793499422,,False,0.0,0.0,6.0,3.5999999999999996,False,False,,,False,,,False,0,False,0.19224016853932585,False,Normal,0,0
2025-01-09 14:00:00,61,38405.0,42274.0,80679.0,14,3,0,-0.4999999999999997,-0.8660254037844388,0.43388373911755823,-0.900968867902419,-0.047954883490332174,45.0,16.0,48.541666666666664,64.20752980809938,-11.0,65748.29475651435,74.0,-13.0,,,False,-3.311770783479954,,False,0.0,0.0,6.0,3.5999999999999996,False,False,,,False,,,False,0,False,0.19224016853932585,False,Normal,0,0
2025-01-09 15:00:00,126,55640.0,65831.0,121471.0,15,3,0,-0.7071067811865471,-0.7071067811865479,0.43388373911755823,-0.900968867902419,-0.08389587723919915,61.0,65.0,48.416666666666664,64.17904077938778,-4.0,65706.29659555115,146.0,-20.0,,,False,-6.649416626783964,,False,0.0,0.0,6.0,3.5999999999999996,False,False,,,False,,,False,0,False,0.19224016853932585,False,Normal,0,0
2025-01-09 16:00:00,168,78241.0,88888.0,167129.0,16,3,0,-0.8660254037844385,-0.5000000000000004,0.43388373911755823,-0.900968867902419,-0.06370490037695208,126.0,42.0,47.583333333333336,62.975438046125966,-6.0,65126.37120290038,204.0,-36.0,,,False,-12.51953330142717,,False,0.0,0.0,6.0,3.5999999999999996,False,False,,,False,,,False,0,False,0.19224016853932585,False,Normal,0,0
2025-01-09 17:00:00,224,114499.0,128630.0,243129.0,17,3,0,-0.9659258262890683,-0.25881904510252063,0.43388373911755823,-0.900968867902419,-0.05812116974458109,168.0,56.0,47.25,62.28353819778371,-8.0,64333.759467111064,232.0,-8.0,,,False,-11.615626641141736,,False,0.0,0.0,6.0,3.5999999999999996,False,False,,,False,,,False,0,False,0.19224016853932585,False,Normal,0,0
2025-01-09 18:00:00,38,15224.0,17466.0,32690.0,18,3,0,-1.0,-1.8369701987210297e-16,0.43388373911755823,-0.900968867902419,-0.06858156679208345,224.0,-186.0,47.083333333333336,61.78216758809987,6.0,63172.900985400636,40.0,-2.0,,,False,-9.69250131291339,,False,0.0,0.0,6.0,3.5999999999999996,False,False,,,False,,,False,0,False,0.19224016853932585,False,Normal,0,0
2025-01-09 19:00:00,0,0.0,0.0,0.0,19,3,0,-0.9659258262890684,0.2588190451025203,0.43388373911755823,-0.900968867902419,0.0,38.0,-38.0,47.0,61.79348495277391,0.0,63206.158664552815,0.0,0.0,,,False,-7.754001050330712,,False,0.0,0.0,6.0,3.5999999999999996,False,False,,,False,,,False,0,False,0.19224016853932585,False,Normal,0,0
2025-01-09 20:00:00,0,0.0,0.0,0.0,20,3,0,-0.8660254037844386,0.5000000000000001,0.43388373911755823,-0.900968867902419,0.0,0.0,0.0,47.0,61.79348495277391,0.0,63206.158664552815,0.0,0.0,,,False,-6.20320084026457,,False,0.0,0.0,6.0,3.5999999999999996,False,False,,,False,,,False,0,False,0.19224016853932585,False,Normal,0,0
2025-01-09 21:00:00,0,0.0,0.0,0.0,21,3,0,-0.7071067811865477,0.7071067811865474,0.43388373911755823,-0.900968867902419,0.0,0.0,0.0,47.0,61.79348495277391,0.0,63206.158664552815,0.0,0.0,,,False,-4.962560672211656,,False,0.0,0.0,6.0,3.5999999999999996,False,False,,,False,,,False,0,False,0.19224016853932585,False,Normal,0,0
2025-01-09 22:00:00,0,0.0,0.0,0.0,22,3,0,-0.5000000000000004,0.8660254037844384,0.43388373911755823,-0.900968867902419,0.0,0.0,0.0,47.0,61.79348495277391,0.0,63206.158664552815,0.0,0.0,,,False,-3.970048537769325,,False,0.0,0.0,6.0,3.5999999999999996,False,False,,,False,,,False,0,False,0.19224016853932585,False,Normal,0,0
2025-01-09 23:00:00,0,0.0,0.0,0.0,23,3,0,-0.25881904510252157,0.9659258262890681,0.43388373911755823,-0.900968867902419,0.0,0.0,0.0,47.0,61.79348495277391,0.0,63206.158664552815,0.0,0.0,,,False,-3.17603883021546,,False,0.0,0.0,6.0,3.5999999999999996,False,False,,,False,,,False,0,False,0.19224016853932585,False,Normal,0,0
2025-01-10 00:00:00,0,0.0,0.0,0.0,0,4,0,0.0,1.0,-0.433883739117558,-0.9009688679024191,0.0,0.0,0.0,47.0,61.79348495277391,0.0,63206.158664552815,0.0,0.0,10.351785529679518,0.0,False,-2.540831064172368,10.351785529679518,False,0.0,0.0,6.0,3.5999999999999996,False,False,,,False,,,False,0,False,0.2290574556182685,False,Normal,0,0
2025-01-10 01:00:00,0,0.0,0.0,0.0,1,4,0,0.25881904510252074,0.9659258262890683,-0.433883739117558,-0.9009688679024191,0.0,0.0,0.0,47.0,61.79348495277391,0.0,63206.158664552815,0.0,0.0,10.26289217434895,0.0,False,-2.0326648513378944,10.26289217434895,False,0.0,0.0,6.0,3.5999999999999996,False,False,,,False,,,False,0,False,0.22194911632138964,False,Normal,0,0
2025-01-10 02:00:00,0,0.0,0.0,0.0,2,4,0,0.49999999999999994,0.8660254037844387,-0.433883739117558,-0.9009688679024191,0.0,0.0,0.0,47.0,61.79348495277391,0.0,63206.158664552815,0.0,0.0,10.176127526155096,0.0,False,-1.6261318810703156,10.176127526155096,False,0.0,0.0,6.0,3.5999999999999996,False,False,,,False,,,False,0,False,0.21620997252749471,False,Normal,0,0
2025-01-10 03:00:00,0,0.0,0.0,0.0,3,4,0,0.7071067811865476,0.7071067811865476,-0.433883739117558,-0.9009688679024191,0.0,0.0,0.0,47.0,61.79348495277391,0.0,63206.158664552815,0.0,0.0,10.091415493708832,0.0,False,-1.3009055048562526,10.091415493708832,False,0.0,0.0,6.0,3.5999999999999996,False,False,,,False,,,False,0,False,0.21157698267110836,False,Normal,0,0
2025-01-10 04:00:00,0,0.0,0.0,0.0,4,4,0,0.8660254037844386,0.5000000000000001,-0.433883739117558,-0.9009688679024191,0.0,0.0,0.0,47.0,61.79348495277391,0.0,63206.158664552815,0.0,0.0,10.00868307033514,0.0,False,-1.040724403885002,10.00868307033514,False,0.0,0.0,6.0,3.5999999999999996,False,False,,,False,,,False,0,False,0.20783749133251556,False,Normal,0,0
2025-01-10 05:00:00,0,0.0,0.0,0.0,5,4,0,0.9659258262890683,0.25881904510252074,-0.433883739117558,-0.9009688679024191,0.0,0.0,0.0,47.0,61.79348495277391,0.0,63206.158664552815,0.0,0.0,9.927860257317503,0.0,False,-0.8325795231080018,9.927860257317503,False,0.0,0.0,6.0,3.5999999999999996,False,False,,,False,,,False,0,False,0.20481960914679714,False,Normal,0,0
2025-01-10 06:00:00,19,8964.0,10340.0,19304.0,6,4,0,1.0,6.123233995736766e-17,-0.433883739117558,-0.9009688679024191,-0.07127687127687128,0.0,19.0,47.0,61.79348495277391,2.0,63206.158664552815,17.0,2.0,9.848879974774402,0.2030687758529428,False,-0.2660636184864015,9.848879974774402,False,0.0,0.0,6.0,3.5999999999999996,False,False,,,False,,,False,0,False,0.2030613187323018,False,Normal,0,0
2025-01-10 07:00:00,32,14369.0,16698.0,31067.0,7,4,0,0.9659258262890683,-0.25881904510252063,-0.433883739117558,-0.9009688679024191,-0.07496459379425775,19.0,13.0,47.0,61.79348495277391,1.0,63184.14334371965,29.0,3.0,9.790026189679615,0.30643431813926303,False,0.38714910521087886,9.790026189679615,False,0.0,0.0,6.0,3.5999999999999996,False,False,,,False,,,False,0,False,0.2083864344143107,False,Normal,0,0
2025-01-10 08:00:00,62,28792.0,28608.0,57400.0,8,4,0,0.8660254037844387,-0.4999999999999998,-0.433883739117558,-0.9009688679024191,0.0032055190676120626,32.0,30.0,47.416666666666664,61.6511339623253,5.0,63140.11988340935,55.0,7.0,9.743425189099796,0.7184331858811898,False,1.7097192841687032,9.743425189099796,False,0.21843318588118976,0.0,6.0,3.5999999999999996,False,False,,,False,,,False,0,False,0.2425090643796285,False,Normal,0,0
2025-01-10 09:00:00,100,39114.0,49036.0,88150.0,9,4,0,0.7071067811865476,-0.7071067811865475,-0.433883739117558,-0.9009688679024191,-0.11255686265612415,62.0,38.0,47.916666666666664,61.7216167239201,11.0,63161.647059264775,87.5,12.5,9.75959459797342,1.2807909052488333,False,3.867775427334963,9.75959459797342,False,0.999224091130023,0.0,6.0,3.5999999999999996,False,False,,,False,,,False,0,False,0.2943789378047934,False,Normal,0,0
2025-01-10 10:00:00,124,60459.0,65427.0,125886.0,10,4,0,0.49999999999999994,-0.8660254037844387,-0.433883739117558,-0.9009688679024191,-0.03946396371348908,100.0,24.0,48.083333333333336,61.86234133430709,7.0,63412.246773492574,112.5,11.5,9.899601878983388,1.1616628770106623,False,5.394220341867971,9.899601878983388,False,1.6608869681406855,0.0,6.0,3.5999999999999996,False,False,,,False,,,False,0,False,0.312696162547035,False,Normal,0,0
2025-01-10 11:00:00,98,49630.0,44231.0,93861.0,11,4,0,0.258819045102521,-0.9659258262890682,-0.433883739117558,-0.9009688679024191,0.057520615371502846,124.0,-26.0,48.833333333333336,62.69849638767555,-19.0,64372.43894811368,99.0,-1.0,9.999780827522192,-0.1000021917728157,False,4.115376273494377,9.999780827522192,False,1.0608847763678697,0.0,6.0,3.5999999999999996,False,False,,,False,,,False,0,False,0.2573055720296451,False,Normal,0,0
2025-01-10 12:00:00,75,33641.0,35600.0,69241.0,12,4,0,1.2246467991473532e-16,-1.0,-0.433883739117558,-0.9009688679024191,-0.028292077063054217,98.0,-23.0,48.583333333333336,62.48054769750111,12.0,64453.22592356965,63.0,12.0,9.918007790432181,1.2099204047385705,False,5.6923010187955025,9.918007790432181,False,1.7708051811064403,0.0,6.0,3.5999999999999996,False,False,,,False,,,False,0,False,0.3186612381042136,False,Normal,0,0
2025-01-10 13:00:00,64,28154.0,40933.0,69087.0,13,4,0,-0.2588190451025208,-0.9659258262890683,-0.433883739117558,-0.9009688679024191,-0.1849669986104678,75.0,-11.0,48.833333333333336,62.577719793012236,-1.0,64512.31791445454,52.0,12.0,10.019755077010549,1.1976340646821746,False,6.953840815036402,10.019755077010549,False,2.468439245788615,0.0,6.0,3.5999999999999996,False,False,,,False,,,False,0,False,0.3362632620345423,False,Normal,0,0
2025-01-10 14:00:00,79,36862.0,52652.0,89514.0,14,4,0,-0.4999999999999997,-0.8660254037844388,-0.433883739117558,-0.9009688679024191,-0.17639501759481652,64.0,15.0,49.625,62.647261295495504,-9.0,64637.72200385644,73.0,6.0,10.11143947988453,0.5933873225406002,False,6.7630726520291224,10.11143947988453,False,2.561826568329215,0.0,6.0,3.5999999999999996,False,False,,,False,,,False,0,False,0.3123477852857238,False,Normal,0,0
2025-01-10 15:00:00,161,65552.0,79518.0,145070.0,15,4,0,-0.7071067811865471,-0.7071067811865479,-0.433883739117558,-0.9009688679024191,-0.09627010222580668,79.0,82.0,50.375,62.89661116190741,-1.0,64845.092083272146,138.0,23.0,10.08625118057369,2.2803318684248546,False,10.010458121623298,10.08625118057369,False,4.34215843675407,0.0,6.0,3.5999999999999996,False,True,,,False,,,False,0,False,0.41712405694365445,True,Building Stress,0,1
2025-01-10 16:00:00,202,98111.0,109215.0,207326.0,16,4,0,-0.8660254037844385,-0.5000000000000004,-0.433883739117558,-0.9009688679024191,-0.05355790610967216,161.0,41.0,51.833333333333336,65.09368944680507,-38.0,66136.80832918243,190.0,12.0,10.49531913332403,1.1433668521711178,False,10.408366497298639,10.49531913332403,False,4.985525288925188,0.0,6.0,3.5999999999999996,False,True,,,False,,,False,0,False,0.37910966242327565,True,Building Stress,0,2
2025-01-10 17:00:00,245,135807.0,133072.0,268879.0,17,4,0,-0.9659258262890683,-0.25881904510252063,-0.433883739117558,-0.9009688679024191,0.01017182386194585,202.0,43.0,53.25,68.0353169157467,-20.0,69614.81362030278,230.0,15.0,10.555684533062669,1.4210352680602363,False,11.326693197838912,10.555684533062669,True,5.906560556985424,0.0,6.0,3.5999999999999996,False,True,,,False,,,False,1,False,0.3896080108080004,True,Building Stress,0,3
2025-01-10 18:00:00,40,18738.0,19943.0,38681.0,18,4,0,-1.0,-1.8369701987210297e-16,-0.433883739117558,-0.9009688679024191,-0.03115143994622822,245.0,-205.0,54.125,70.42005180097622,-3.0,72798.34590630367,39.0,1.0,10.674711964473586,0.09367934266780135,False,9.26135455827113,10.674711964473586,False,5.500239899653225,0.0,6.0,3.5999999999999996,False,True,,,False,,,False,0,False,0.325502454379762,True,Building Stress,0,4
2025-01-10 19:00:00,0,0.0,0.0,0.0,19,4,0,-0.9659258262890684,0.2588190451025203,-0.433883739117558,-0.9009688679024191,0.0,40.0,-40.0,54.208333333333336,70.4013211132629,0.0,72732.11855481054,0.0,0.0,10.597856554318275,0.0,False,7.409083646616904,10.597856554318275,False,5.000239899653225,0.0,6.0,3.5999999999999996,False,True,,,False,,,False,0,False,0.29710689713641114,True,Building Stress,0,5
2025-01-10 20:00:00,0,0.0,0.0,0.0,20,4,0,-0.8660254037844386,0.5000000000000001,-0.433883739117558,-0.9009688679024191,0.0,0.0,0.0,54.208333333333336,70.4013211132629,0.0,72732.11855481054,0.0,0.0,10.519920795243252,0.0,False,5.927266917293523,10.519920795243252,False,4.500239899653225,0.0,6.0,3.5999999999999996,False,True,,,False,,,False,0,False,0.2767550669781092,True,Building Stress,0,6
2025-01-10 21:00:00,0,0.0,0.0,0.0,21,4,0,-0.7071067811865477,0.7071067811865474,-0.433883739117558,-0.9009688679024191,0.0,0.0,0.0,54.208333333333336,70.4013211132629,0.0,72732.11855481054,0.0,0.0,10.44367938253484,0.0,False,4.741813533834819,10.44367938253484,False,4.000239899653225,0.0,6.0,3.5999999999999996,False,True,,,False,,,False,0,False,0.26034567082664195,True,Building Stress,0,7
2025-01-10 22:00:00,0,0.0,0.0,0.0,22,4,0,-0.5000000000000004,0.8660254037844384,-0.433883739117558,-0.9009688679024191,0.0,0.0,0.0,54.208333333333336,70.4013211132629,0.0,72732.11855481054,0.0,0.0,10.36907180530252,0.0,False,3.793450827067855,10.36907180530252,False,3.5002398996532254,0.0,6.0,3.5999999999999996,False,False,,,False,,,False,0,False,0.247116596704207,False,Normal,0,7
2025-01-10 23:00:00,0,0.0,0.0,0.0,23,4,0,-0.25881904510252157,0.9659258262890681,-0.433883739117558,-0.9009688679024191,0.0,0.0,0.0,54.208333333333336,70.4013211132629,0.0,72732.11855481054,0.0,0.0,10.296040535284686,0.0,False,3.034760661654284,10.296040535284686,False,3.0002398996532254,0.0,6.0,3.5999999999999996,False,False,,,False,,,False,0,False,0.2364527080770362,False,Normal,0,7
2025-01-11 00:00:00,0,0.0,0.0,0.0,0,5,1,0.0,1.0,-0.9749279121818236,-0.2225209339563146,0.0,0.0,0.0,54.208333333333336,70.4013211132629,0.0,72732.11855481054,,,10.224530840467363,,False,2.4278085293234275,10.224530840467363,False,2.5002398996532254,0.0,6.0,3.5999999999999996,False,False,,,False,,,False,0,False,0.22785757583953875,False,Normal,0,7
2025-01-11 01:00:00,0,0.0,0.0,0.0,1,5,1,0.25881904510252074,0.9659258262890683,-0.9749279121818236,-0.2225209339563146,0.0,0.0,0.0,54.208333333333336,70.4013211132629,0.0,72732.11855481054,,,10.224530840467363,,False,1.942246823458742,10.224530840467363,False,2.0002398996532254,0.0,6.0,3.5999999999999996,False,False,,,False,,,False,0,False,0.22073409437949615,False,Normal,0,7
2025-01-11 02:00:00,0,0.0,0.0,0.0,2,5,1,0.49999999999999994,0.8660254037844387,-0.9749279121818236,-0.2225209339563146,0.0,0.0,0.0,54.208333333333336,70.4013211132629,0.0,72732.11855481054,,,10.224530840467363,,False,1.5537974587669936,10.224530840467363,False,1.5002398996532254,0.0,6.0,3.5999999999999996,False,False,,,False,,,False,0,False,0.2150353092114621,False,Normal,0,7
2025-01-11 03:00:00,0,0.0,0.0,0.0,3,5,1,0.7071067811865476,0.7071067811865476,-0.9749279121818236,-0.2225209339563146,0.0,0.0,0.0,54.208333333333336,70.4013211132629,0.0,72732.11855481054,,,10.224530840467363,,False,1.243037967013595,10.224530840467363,False,1.0002398996532254,0.0,6.0,3.5999999999999996,False,False,,,False,,,False,0,False,0.21047628107703487,False,Normal,0,7
2025-01-11 04:00:00,0,0.0,0.0,0.0,4,5,1,0.8660254037844386,0.5000000000000001,-0.9749279121818236,-0.2225209339563146,0.0,0.0,0.0,54.208333333333336,70.4013211132629,0.0,72732.11855481054,,,10.224530840467363,,False,0.9944303736108759,10.224530840467363,False,0.5002398996532254,0.0,6.0,3.5999999999999996,False,False,,,False,,,False,0,False,0.20682905856949305,False,Normal,0,7
2025-01-11 05:00:00,0,0.0,0.0,0.0,5,5,1,0.9659258262890683,0.25881904510252074,-0.9749279121818236,-0.2225209339563146,0.0,0.0,0.0,54.208333333333336,70.4013211132629,0.0,72732.11855481054,,,10.224530840467363,,False,0.7955442988887008,10.224530840467363,False,0.00023989965322535056,0.0,6.0,3.5999999999999996,False,False,,,False,,,False,0,False,0.2039112805634596,False,Normal,0,7
2025-01-11 06:00:00,0,0.0,0.0,0.0,6,5,1,1.0,6.123233995736766e-17,-0.9749279121818236,-0.2225209339563146,0.0,0.0,0.0,54.208333333333336,70.4013211132629,0.0,72732.11855481054,,,10.224530840467363,,False,0.6364354391109607,10.224530840467363,False,0.0,0.0,6.0,3.5999999999999996,False,False,,,False,,,False,0,False,0.20157705815863286,False,Normal,0,7
2025-01-11 07:00:00,0,0.0,0.0,0.0,7,5,1,0.9659258262890683,-0.25881904510252063,-0.9749279121818236,-0.2225209339563146,0.0,0.0,0.0,53.416666666666664,70.91937655545553,0.0,73241.0480170132,,,10.224530840467363,,False,0.5091483512887686,10.224530840467363,False,0.0,0.0,6.0,3.5999999999999996,False,False,,,False,,,False,0,False,0.19970968023477145,False,Normal,0,7
2025-01-11 08:00:00,0,0.0,0.0,0.0,8,5,1,0.8660254037844387,-0.4999999999999998,-0.9749279121818236,-0.2225209339563146,0.0,0.0,0.0,52.083333333333336,71.63671433405996,0.0,73926.22368602667,,,10.224530840467363,,False,0.4073186810310149,10.224530840467363,False,0.0,0.0,6.0,3.5999999999999996,False,False,,,False,,,False,0,False,0.19821577789568234,False,Normal,0,7
2025-01-11 09:00:00,0,0.0,0.0,0.0,9,5,1,0.7071067811865476,-0.7071067811865475,-0.9749279121818236,-0.2225209339563146,0.0,0.0,0.0,49.5,72.3776328649289,0.0,74675.79784631495,,,10.224530840467363,,False,0.3258549448248119,10.224530840467363,False,0.0,0.0,6.0,3.5999999999999996,False,False,,,False,,,False,0,False,0.19702065602441104,False,Normal,0,7
2025-01-11 10:00:00,0,0.0,0.0,0.0,10,5,1,0.49999999999999994,-0.8660254037844387,-0.9749279121818236,-0.2225209339563146,0.0,0.0,0.0,45.333333333333336,72.22228167964852,0.0,74876.160400374,,,10.224530840467363,,False,0.26068395585984955,10.224530840467363,False,0.0,0.0,6.0,3.5999999999999996,False,False,,,False,,,False,0,False,0.19606455852739402,False,Normal,0,7
2025-01-11 11:00:00,0,0.0,0.0,0.0,11,5,1,0.258819045102521,-0.9659258262890682,-0.9749279121818236,-0.2225209339563146,0.0,0.0,0.0,40.166666666666664,70.77070547637058,0.0,73443.03275919204,,,10.224530840467363,,False,0.20854716468787965,10.224530840467363,False,0.0,0.0,6.0,3.5999999999999996,False,False,,,False,,,False,0,False,0.19529968052978036,False,Normal,0,7
2025-01-11 12:00:00,0,0.0,0.0,0.0,12,5,1,1.2246467991473532e-16,-1.0,-0.9749279121818236,-0.2225209339563146,0.0,0.0,0.0,36.083333333333336,70.11290067155765,0.0,72998.07731947865,,,10.224530840467363,,False,0.16683773175030372,10.224530840467363,False,0.0,0.0,6.0,3.5999999999999996,False,False,,,False,,,False,0,False,0.19468777813168947,False,Normal,0,7
2025-01-11 13:00:00,0,0.0,0.0,0.0,13,5,1,-0.2588190451025208,-0.9659258262890683,-0.9749279121818236,-0.2225209339563146,0.0,0.0,0.0,32.958333333333336,69.9742059101325,0.0,73036.36167540657,,,10.224530840467363,,False,0.133470185400243,10.224530840467363,False,0.0,0.0,6.0,3.5999999999999996,False,False,,,False,,,False,0,False,0.19419825621321674,False,Normal,0,7
2025-01-11 14:00:00,0,0.0,0.0,0.0,14,5,1,-0.4999999999999997,-0.8660254037844388,-0.9749279121818236,-0.2225209339563146,0.0,0.0,0.0,30.291666666666668,69.95929199350064,0.0,72959.1550621583,,,10.224530840467363,,False,0.1067761483201944,10.224530840467363,False,0.0,0.0,6.0,3.5999999999999996,False,False,,,False,,,False,0,False,0.19380663867843856,False,Normal,0,7
2025-01-11 15:00:00,0,0.0,0.0,0.0,15,5,1,-0.7071067811865471,-0.7071067811865479,-0.9749279121818236,-0.2225209339563146,0.0,0.0,0.0,27.0,69.4243410514985,0.0,72133.31000950627,,,10.224530840467363,,False,0.08542091865615553,10.224530840467363,False,0.0,0.0,6.0,3.5999999999999996,False,False,,,False,,,False,0,False,0.19349334465061602,False,Normal,0,7
2025-01-11 16:00:00,0,0.0,0.0,0.0,16,5,1,-0.8660254037844385,-0.5000000000000004,-0.9749279121818236,-0.2225209339563146,0.0,0.0,0.0,20.291666666666668,63.43327830958641,0.0,67800.87756576907,,,10.224530840467363,,False,0.06833673492492442,10.224530840467363,False,0.0,0.0,6.0,3.5999999999999996,False,False,,,False,,,False,0,False,0.193242709428358,False,Normal,0,7
2025-01-11 17:00:00,0,0.0,0.0,0.0,17,5,1,-0.9659258262890683,-0.25881904510252063,-0.9749279121818236,-0.2225209339563146,0.0,0.0,0.0,11.875,50.32098058421077,0.0,55108.88628808466,,,10.224530840467363,,False,0.05466938793993954,10.224530840467363,False,0.0,0.0,6.0,3.5999999999999996,False,False,,,False,,,False,0,False,0.19304220125055155,False,Normal,0,7
2025-01-11 18:00:00,0,0.0,0.0,0.0,18,5,1,-1.0,-1.8369701987210297e-16,-0.9749279121818236,-0.2225209339563146,0.0,0.0,0.0,1.6666666666666667,8.16496580927691,0.0,7895.726061716438,,,10.224530840467363,,False,0.04373551035195164,10.224530840467363,False,0.0,0.0,6.0,3.5999999999999996,False,False,,,False,,,False,0,False,0.1928817947083064,False,Normal,0,7
2025-01-11 19:00:00,0,0.0,0.0,0.0,19,5,1,-0.9659258262890684,0.2588190451025203,-0.9749279121818236,-0.2225209339563146,0.0,0.0,0.0,0.0,0.0,0.0,0.0,,,10.224530840467363,,False,0.034988408281561315,10.224530840467363,False,0.0,0.0,6.0,3.5999999999999996,False,False,,,False,,,False,0,False,0.1927534694745103,False,Normal,0,7
2025-01-11 20:00:00,0,0.0,0.0,0.0,20,5,1,-0.8660254037844386,0.5000000000000001,-0.9749279121818236,-0.2225209339563146,0.0,0.0,0.0,0.0,0.0,0.0,0.0,,,10.224530840467363,,False,0.027990726625249054,10.224530840467363,False,0.0,0.0,6.0,3.5999999999999996,False,False,,,False,,,False,0,False,0.1926508092874734,False,Normal,0,7
2025-01-11 21:00:00,0,0.0,0.0,0.0,21,5,1,-0.7071067811865477,0.7071067811865474,-0.9749279121818236,-0.2225209339563146,0.0,0.0,0.0,0.0,0.0,0.0,0.0,,,10.224530840467363,,False,0.022392581300199246,10.224530840467363,False,0.0,0.0,6.0,3.5999999999999996,False,False,,,False,,,False,0,False,0.1925686811378439,False,Normal,0,7
2025-01-11 22:00:00,0,0.0,0.0,0.0,22,5,1,-0.5000000000000004,0.8660254037844384,-0.9749279121818236,-0.2225209339563146,0.0,0.0,0.0,0.0,0.0,0.0,0.0,,,10.224530840467363,,False,0.017914065040159396,10.224530840467363,False,0.0,0.0,6.0,3.5999999999999996,False,False,,,False,,,False,0,False,0.19250297861814028,False,Normal,0,7
2025-01-11 23:00:00,0,0.0,0.0,0.0,23,5,1,-0.25881904510252157,0.9659258262890681,-0.9749279121818236,-0.2225209339563146,0.0,0.0,0.0,0.0,0.0,0.0,0.0,,,10.224530840467363,,False,0.014331252032127519,10.224530840467363,False,0.0,0.0,6.0,3.5999999999999996,False,False,,,False,,,False,0,False,0.1924504166023774,False,Normal,0,7
2025-01-12 00:00:00,0,0.0,0.0,0.0,0,6,1,0.0,1.0,-0.7818314824680299,0.6234898018587334,0.0,0.0,0.0,0.0,0.0,0.0,0.0,,,10.224530840467363,,False,0.011465001625702015,10.224530840467363,False,0.0,0.0,6.0,3.5999999999999996,False,False,,,False,,,False,0,False,0.1924083669897671,False,Normal,0,7
2025-01-12 01:00:00,0,0.0,0.0,0.0,1,6,1,0.25881904510252074,0.9659258262890683,-0.7818314824680299,0.6234898018587334,0.0,0.0,0.0,0.0,0.0,0.0,0.0,,,10.224530840467363,,False,0.009172001300561613,10.224530840467363,False,0.0,0.0,6.0,3.5999999999999996,False,False,,,False,,,False,0,False,0.19237472729967883,False,Normal,0,7
2025-01-12 02:00:00,0,0.0,0.0,0.0,2,6,1,0.49999999999999994,0.8660254037844387,-0.7818314824680299,0.6234898018587334,0.0,0.0,0.0,0.0,0.0,0.0,0.0,,,10.224530840467363,,False,0.007337601040449291,10.224530840467363,False,0.0,0.0,6.0,3.5999999999999996,False,False,,,False,,,False,0,False,0.19234781554760824,False,Normal,0,7
2025-01-12 03:00:00,0,0.0,0.0,0.0,3,6,1,0.7071067811865476,0.7071067811865476,-0.7818314824680299,0.6234898018587334,0.0,0.0,0.0,0.0,0.0,0.0,0.0,,,10.224530840467363,,False,0.005870080832359433,10.224530840467363,False,0.0,0.0,6.0,3.5999999999999996,False,False,,,False,,,False,0,False,0.19232628614595176,False,Normal,0,7
2025-01-12 04:00:00,0,0.0,0.0,0.0,4,6,1,0.8660254037844386,0.5000000000000001,-0.7818314824680299,0.6234898018587334,0.0,0.0,0.0,0.0,0.0,0.0,0.0,,,10.224530840467363,,False,0.004696064665887546,10.224530840467363,False,0.0,0.0,6.0,3.5999999999999996,False,False,,,False,,,False,0,False,0.19230906262462658,False,Normal,0,7
2025-01-12 05:00:00,0,0.0,0.0,0.0,5,6,1,0.9659258262890683,0.25881904510252074,-0.7818314824680299,0.6234898018587334,0.0,0.0,0.0,0.0,0.0,0.0,0.0,,,10.224530840467363,,False,0.003756851732710037,10.224530840467363,False,0.0,0.0,6.0,3.5999999999999996,False,False,,,False,,,False,0,False,0.19229528380756644,False,Normal,0,7
2025-01-12 06:00:00,0,0.0,0.0,0.0,6,6,1,1.0,6.123233995736766e-17,-0.7818314824680299,0.6234898018587334,0.0,0.0,0.0,0.0,0.0,0.0,0.0,,,10.224530840467363,,False,0.00300548138616803,10.224530840467363,False,0.0,0.0,6.0,3.5999999999999996,False,False,,,False,,,False,0,False,0.19228426075391833,False,Normal,0,7
2025-01-12 07:00:00,0,0.0,0.0,0.0,7,6,1,0.9659258262890683,-0.25881904510252063,-0.7818314824680299,0.6234898018587334,0.0,0.0,0.0,0.0,0.0,0.0,0.0,,,10.224530840467363,,False,0.002404385108934424,10.224530840467363,False,0.0,0.0,6.0,3.5999999999999996,False,False,,,False,,,False,0,False,0.19227544231099983,False,Normal,0,7
2025-01-12 08:00:00,0,0.0,0.0,0.0,8,6,1,0.8660254037844387,-0.4999999999999998,-0.7818314824680299,0.6234898018587334,0.0,0.0,0.0,0.0,0.0,0.0,0.0,,,10.224530840467363,,False,0.0019235080871475394,10.224530840467363,False,0.0,0.0,6.0,3.5999999999999996,False,False,,,False,,,False,0,False,0.19226838755666503,False,Normal,0,7
2025-01-12 09:00:00,0,0.0,0.0,0.0,9,6,1,0.7071067811865476,-0.7071067811865475,-0.7818314824680299,0.6234898018587334,0.0,0.0,0.0,0.0,0.0,0.0,0.0,,,10.224530840467363,,False,0.0015388064697180316,10.224530840467363,False,0.0,0.0,6.0,3.5999999999999996,False,False,,,False,,,False,0,False,0.19226274375319719,False,Normal,0,7
2025-01-12 10:00:00,0,0.0,0.0,0.0,10,6,1,0.49999999999999994,-0.8660254037844387,-0.7818314824680299,0.6234898018587334,0.0,0.0,0.0,0.0,0.0,0.0,0.0,,,10.224530840467363,,False,0.0012310451757744255,10.224530840467363,False,0.0,0.0,6.0,3.5999999999999996,False,False,,,False,,,False,0,False,0.19225822871042292,False,Normal,0,7
2025-01-12 11:00:00,0,0.0,0.0,0.0,11,6,1,0.258819045102521,-0.9659258262890682,-0.7818314824680299,0.6234898018587334,0.0,0.0,0.0,0.0,0.0,0.0,0.0,,,10.224530840467363,,False,0.0009848361406195403,10.224530840467363,False,0.0,0.0,6.0,3.5999999999999996,False,False,,,False,,,False,0,False,0.1922546166762035,False,Normal,0,7
2025-01-12 12:00:00,0,0.0,0.0,0.0,12,6,1,1.2246467991473532e-16,-1.0,-0.7818314824680299,0.6234898018587334,0.0,0.0,0.0,0.0,0.0,0.0,0.0,,,10.224530840467363,,False,0.0007878689124956323,10.224530840467363,False,0.0,0.0,6.0,3.5999999999999996,False,False,,,False,,,False,0,False,0.19225172704882798,False,Normal,0,7
2025-01-12 13:00:00,0,0.0,0.0,0.0,13,6,1,-0.2588190451025208,-0.9659258262890683,-0.7818314824680299,0.6234898018587334,0.0,0.0,0.0,0.0,0.0,0.0,0.0,,,10.224530840467363,,False,0.0006302951299965059,10.224530840467363,False,0.0,0.0,6.0,3.5999999999999996,False,False,,,False,,,False,0,False,0.19224941534692755,False,Normal,0,7
2025-01-12 14:00:00,0,0.0,0.0,0.0,14,6,1,-0.4999999999999997,-0.8660254037844388,-0.7818314824680299,0.6234898018587334,0.0,0.0,0.0,0.0,0.0,0.0,0.0,,,10.224530840467363,,False,0.0005042361039972048,10.224530840467363,False,0.0,0.0,6.0,3.5999999999999996,False,False,,,False,,,False,0,False,0.1922475659854072,False,Normal,0,7
2025-01-12 15:00:00,0,0.0,0.0,0.0,15,6,1,-0.7071067811865471,-0.7071067811865479,-0.7818314824680299,0.6234898018587334,0.0,0.0,0.0,0.0,0.0,0.0,0.0,,,10.224530840467363,,False,0.0004033888831977638,10.224530840467363,False,0.0,0.0,6.0,3.5999999999999996,False,False,,,False,,,False,0,False,0.19224608649619093,False,Normal,0,7
2025-01-12 16:00:00,0,0.0,0.0,0.0,16,6,1,-0.8660254037844385,-0.5000000000000004,-0.7818314824680299,0.6234898018587334,0.0,0.0,0.0,0.0,0.0,0.0,0.0,,,10.224530840467363,,False,0.0003227111065582111,10.224530840467363,False,0.0,0.0,6.0,3.5999999999999996,False,False,,,False,,,False,0,False,0.19224490290481794,False,Normal,0,7
2025-01-12 17:00:00,0,0.0,0.0,0.0,17,6,1,-0.9659258262890683,-0.25881904510252063,-0.7818314824680299,0.6234898018587334,0.0,0.0,0.0,0.0,0.0,0.0,0.0,,,10.224530840467363,,False,0.0002581688852465689,10.224530840467363,False,0.0,0.0,6.0,3.5999999999999996,False,False,,,False,,,False,0,False,0.1922439560317195,False,Normal,0,7
2025-01-12 18:00:00,0,0.0,0.0,0.0,18,6,1,-1.0,-1.8369701987210297e-16,-0.7818314824680299,0.6234898018587334,0.0,0.0,0.0,0.0,0.0,0.0,0.0,,,10.224530840467363,,False,0.00020653510819725512,10.224530840467363,False,0.0,0.0,6.0,3.5999999999999996,False,False,,,False,,,False,0,False,0.1922431985332408,False,Normal,0,7
2025-01-12 19:00:00,0,0.0,0.0,0.0,19,6,1,-0.9659258262890684,0.2588190451025203,-0.7818314824680299,0.6234898018587334,0.0,0.0,0.0,0.0,0.0,0.0,0.0,,,10.224530840467363,,False,0.00016522808655780412,10.224530840467363,False,0.0,0.0,6.0,3.5999999999999996,False,False,,,False,,,False,0,False,0.1922425925344578,False,Normal,0,7
2025-01-12 20:00:00,0,0.0,0.0,0.0,20,6,1,-0.8660254037844386,0.5000000000000001,-0.7818314824680299,0.6234898018587334,0.0,0.0,0.0,0.0,0.0,0.0,0.0,,,10.224530840467363,,False,0.0001321824692462433,10.224530840467363,False,0.0,0.0,6.0,3.5999999999999996,False,False,,,False,,,False,0,False,0.1922421077354314,False,Normal,0,7
2025-01-12 21:00:00,0,0.0,0.0,0.0,21,6,1,-0.7071067811865477,0.7071067811865474,-0.7818314824680299,0.6234898018587334,0.0,0.0,0.0,0.0,0.0,0.0,0.0,,,10.224530840467363,,False,0.00010574597539699464,10.224530840467363,False,0.0,0.0,6.0,3.5999999999999996,False,False,,,False,,,False,0,False,0.1922417198962103,False,Normal,0,7
2025-01-12 22:00:00,0,0.0,0.0,0.0,22,6,1,-0.5000000000000004,0.8660254037844384,-0.7818314824680299,0.6234898018587334,0.0,0.0,0.0,0.0,0.0,0.0,0.0,,,10.224530840467363,,False,8.459678031759572e-05,10.224530840467363,False,0.0,0.0,6.0,3.5999999999999996,False,False,,,False,,,False,0,False,0.1922414096248334,False,Normal,0,7
2025-01-12 23:00:00,0,0.0,0.0,0.0,23,6,1,-0.25881904510252157,0.9659258262890681,-0.7818314824680299,0.6234898018587334,0.0,0.0,0.0,0.0,0.0,0.0,0.0,,,10.224530840467363,,False,6.767742425407658e-05,10.224530840467363,False,0.0,0.0,6.0,3.5999999999999996,False,False,,,False,,,False,0,False,0.1922411614077319,False,Normal,0,7
2025-01-13 00:00:00,0,0.0,0.0,0.0,0,0,0,0.0,1.0,0.0,1.0,0.0,0.0,0.0,0.0,0.0,0.0,0.0,0.0,0.0,10.224530840467363,0.0,False,5.414193940326127e-05,10.224530840467363,False,0.0,0.0,6.0,3.5999999999999996,False,False,,,False,,,False,0,False,0.19224096283405068,False,Normal,0,7
2025-01-13 01:00:00,0,0.0,0.0,0.0,1,0,0,0.25881904510252074,0.9659258262890683,0.0,1.0,0.0,0.0,0.0,0.0,0.0,0.0,0.0,0.0,0.0,10.154490612741823,0.0,False,4.331355152260902e-05,10.154490612741823,False,0.0,0.0,6.0,3.5999999999999996,False,False,,,False,,,False,0,False,0.19224080835800078,False,Normal,0,7
2025-01-13 02:00:00,0,0.0,0.0,0.0,2,0,0,0.49999999999999994,0.8660254037844387,0.0,1.0,0.0,0.0,0.0,0.0,0.0,0.0,0.0,0.0,0.0,10.08587020836833,0.0,False,3.4650841218087215e-05,10.08587020836833,False,0.0,0.0,6.0,3.5999999999999996,False,False,,,False,,,False,0,False,0.1922406838767311,False,Normal,0,7
2025-01-13 03:00:00,0,0.0,0.0,0.0,3,0,0,0.7071067811865476,0.7071067811865476,0.0,1.0,0.0,0.0,0.0,0.0,0.0,0.0,0.0,0.0,0.0,10.01862230013652,0.0,False,2.7720672974469773e-05,10.01862230013652,False,0.0,0.0,6.0,3.5999999999999996,False,False,,,False,,,False,0,False,0.19224058357652574,False,Normal,0,7
2025-01-13 04:00:00,0,0.0,0.0,0.0,4,0,0,0.8660254037844386,0.5000000000000001,0.0,1.0,0.0,0.0,0.0,0.0,0.0,0.0,0.0,0.0,0.0,9.952701740222329,0.0,False,2.217653837957582e-05,9.952701740222329,False,0.0,0.0,6.0,3.5999999999999996,False,False,,,False,,,False,0,False,0.19224050276824617,False,Normal,0,7
2025-01-13 05:00:00,0,0.0,0.0,0.0,5,0,0,0.9659258262890683,0.25881904510252074,0.0,1.0,0.0,0.0,0.0,0.0,0.0,0.0,0.0,0.0,0.0,9.88806543283878,0.0,False,1.774123070366066e-05,9.88806543283878,False,0.0,0.0,6.0,3.5999999999999996,False,False,,,False,,,False,0,False,0.19224043767029222,False,Normal,0,7
2025-01-13 06:00:00,22,10776.0,11169.0,21945.0,6,0,0,1.0,6.123233995736766e-17,0.0,1.0,-0.017907591360612412,0.0,22.0,0.0,0.0,12.0,0.0,17.0,5.0,9.82467221586472,0.5089228312295327,False,1.000014192984563,9.82467221586472,False,0.008922831229532746,0.0,6.0,3.5999999999999996,False,False,,,False,,,False,0,False,0.22447216454454622,False,Normal,0,7
2025-01-13 07:00:00,36,16614.0,17535.0,34149.0,7,0,0,0.9659258262890683,-0.25881904510252063,0.0,1.0,-0.026969253294289897,22.0,14.0,0.9166666666666666,4.490731195102493,3.0,4479.504367114737,31.0,5.0,9.786681263459432,0.5108984205573873,False,1.8000113543876504,9.786681263459432,False,0.01982125178692007,0.0,6.0,3.5999999999999996,False,False,,,False,,,False,0,False,0.2368588046294992,False,Normal,0,7
2025-01-13 08:00:00,68,28603.0,33967.0,62570.0,8,0,0,0.8660254037844387,-0.4999999999999998,0.0,1.0,-0.08572661456585319,36.0,32.0,2.4166666666666665,8.443761096174818,0.0,8120.375672665483,57.0,11.0,9.748886255765225,1.128334018000764,False,3.6400090835101206,9.748886255765225,False,0.648155269787684,0.0,6.0,3.5999999999999996,False,False,,,False,,,False,0,False,0.28585783985572444,False,Normal,0,7
2025-01-13 09:00:00,100,44346.0,65359.0,109705.0,9,0,0,0.7071067811865476,-0.7071067811865475,0.0,1.0,-0.1915392047836946,68.0,32.0,5.25,15.80107316113302,14.0,14708.80800202993,89.0,11.0,9.780322427717987,1.124707296849987,False,5.112007266808097,9.780322427717987,False,1.272862566637671,0.0,6.0,3.5999999999999996,False,False,,,False,,,False,0,False,0.30813284642033,False,Normal,0,7
2025-01-13 10:00:00,140,72840.0,85323.0,158163.0,10,0,0,0.49999999999999994,-0.8660254037844387,0.0,1.0,-0.07892440757694545,100.0,40.0,9.416666666666666,24.91361888199106,-8.0,25896.879514574553,115.0,25.0,9.80867293468063,2.548764768331426,False,9.089605813446479,9.80867293468063,False,3.321627334969097,0.0,6.0,3.5999999999999996,False,False,,,False,,,False,0,False,0.41620259648237073,False,Normal,0,7
2025-01-13 11:00:00,124,60662.0,48691.0,109353.0,11,0,0,0.258819045102521,-0.9659258262890682,0.0,1.0,0.10947016112807945,140.0,-16.0,15.25,36.36918188940119,17.0,39775.55104091828,98.0,26.0,10.151265574847521,2.5612569987748093,False,12.471684650757183,10.151265574847521,True,5.382884333743906,0.0,6.0,3.5999999999999996,False,True,,,False,,,False,1,False,0.42761540183181945,True,Building Stress,0,8
2025-01-13 12:00:00,76,37061.0,39663.0,76724.0,12,0,0,1.2246467991473532e-16,-1.0,0.0,1.0,-0.033913326816552625,124.0,-48.0,20.416666666666668,42.41402215497038,-9.0,43899.90019035152,63.0,13.0,10.495311837577113,1.238648284222978,False,12.577347720605747,10.495311837577113,True,0.0,0.0,6.0,3.5999999999999996,True,False,,,False,,,False,2,False,0.5835284446800918,False,Watch,0,8
2025-01-13 13:00:00,76,31983.0,34444.0,66427.0,13,0,0,-0.2588190451025208,-0.9659258262890683,0.0,1.0,-0.03704763051725176,76.0,0.0,23.583333333333332,43.642736002651134,-4.0,45106.83134657791,55.0,21.0,10.529859504118305,1.994328603509548,False,14.261878176484597,10.529859504118305,True,1.494328603509548,0.0,6.0,3.5999999999999996,False,False,,,False,,,False,1,False,0.4087177886563108,False,Normal,0,8
2025-01-13 14:00:00,104,44716.0,46581.0,91297.0,14,0,0,-0.4999999999999997,-0.8660254037844388,0.0,1.0,-0.020427610681504525,76.0,28.0,26.75,44.603811496328426,9.0,45614.34212861221,74.0,30.0,10.7100081683349,2.801118311813962,False,17.409502541187678,10.7100081683349,True,3.7954469153235095,0.0,6.0,3.5999999999999996,False,True,,,False,,,False,1,False,0.4356107789331246,True,Building Stress,0,9
2025-01-13 15:00:00,170,86682.0,84464.0,171146.0,15,0,0,-0.7071067811865471,-0.7071067811865479,0.0,1.0,0.01295961950837584,104.0,66.0,31.083333333333332,46.88553746293633,1.0,47080.58505785047,146.0,24.0,11.115376308691841,2.1591711637538378,False,18.727602032950145,11.115376308691841,True,5.454618079077347,0.0,6.0,3.5999999999999996,False,True,,,False,,,False,1,False,0.4142125406644538,True,Building Stress,0,10
2025-01-13 16:00:00,259,110024.0,125305.0,235329.0,16,0,0,-0.8660254037844385,-0.5000000000000004,0.0,1.0,-0.06493434751200441,170.0,89.0,38.166666666666664,54.248756080041915,20.0,54627.48958235818,202.0,57.0,11.32978932617675,5.030984986482067,True,26.38208162636012,11.32978932617675,True,0.0,0.0,6.0,3.5999999999999996,True,False,,,False,,,False,3,True,0.709939668088728,False,Confirmed Anomaly,1,10
2025-01-13 17:00:00,283,145012.0,130111.0,275123.0,17,0,0,-0.9659258262890683,-0.25881904510252063,0.0,1.0,0.054161032843372446,259.0,24.0,48.958333333333336,69.84546866299648,2.0,67253.35293532567,232.0,51.0,12.741064184262532,4.002805359303819,True,31.305665301088098,12.741064184262532,True,3.502805359303819,0.0,6.0,3.5999999999999996,False,False,,,False,,,False,2,False,0.4756670138494531,False,Watch,1,10
2025-01-13 18:00:00,47,21204.0,23935.0,45139.0,18,0,0,-1.0,-1.8369701987210297e-16,0.0,1.0,-0.060500664599025256,283.0,-236.0,60.75,83.72950755129645,3.0,80893.00820648123,40.0,7.0,13.702571133929556,0.510853031272867,False,26.44453224087048,13.702571133929556,True,3.513658390576686,0.0,6.0,3.5999999999999996,False,False,,,False,,,False,1,False,0.3592686029150881,False,Normal,1,10
2025-01-13 19:00:00,0,0.0,0.0,0.0,19,0,0,-0.9659258262890684,0.2588190451025203,0.0,1.0,0.0,47.0,-47.0,62.708333333333336,82.79124043492538,0.0,79985.36496909375,0.0,0.0,13.636198504198656,0.0,False,21.155625792696384,13.636198504198656,True,3.013658390576686,0.0,6.0,3.5999999999999996,False,False,,,False,,,False,1,False,0.3422401685393258,False,Normal,1,10
2025-01-13 20:00:00,0,0.0,0.0,0.0,20,0,0,-0.8660254037844386,0.5000000000000001,0.0,1.0,0.0,0.0,0.0,62.708333333333336,82.79124043492538,0.0,79985.36496909375,0.0,0.0,13.562805147487197,0.0,False,16.92450063415711,13.562805147487197,True,2.513658390576686,0.0,6.0,3.5999999999999996,False,False,,,False,,,False,1,False,0.3422401685393258,False,Normal,1,10
2025-01-13 21:00:00,0,0.0,0.0,0.0,21,0,0,-0.7071067811865477,0.7071067811865474,0.0,1.0,0.0,0.0,0.0,62.708333333333336,82.79124043492538,0.0,79985.36496909375,0.0,0.0,13.490583785177355,0.0,False,13.539600507325687,13.490583785177355,True,2.013658390576686,0.0,6.0,3.5999999999999996,False,False,,,False,,,False,1,False,0.3422401685393258,False,Normal,1,10
2025-01-13 22:00:00,0,0.0,0.0,0.0,22,0,0,-0.5000000000000004,0.8660254037844384,0.0,1.0,0.0,0.0,0.0,62.708333333333336,82.79124043492538,0.0,79985.36496909375,0.0,0.0,13.419503565898369,0.0,False,10.831680405860551,13.419503565898369,False,1.513658390576686,0.0,6.0,3.5999999999999996,False,False,,,False,,,False,0,False,0.31331410044004837,False,Normal,1,10
2025-01-13 23:00:00,0,0.0,0.0,0.0,23,0,0,-0.25881904510252157,0.9659258262890681,0.0,1.0,0.0,0.0,0.0,62.708333333333336,82.79124043492538,0.0,79985.36496909375,0.0,0.0,13.34953476295927,0.0,False,8.66534432468844,13.34953476295927,False,1.013658390576686,0.0,6.0,3.5999999999999996,False,False,,,False,,,False,0,False,0.28960698107498095,False,Normal,1,10
2025-01-14 00:00:00,0,0.0,0.0,0.0,0,1,0,0.0,1.0,0.7818314824680298,0.6234898018587336,0.0,0.0,0.0,62.708333333333336,82.79124043492538,0.0,79985.36496909375,0.0,0.0,13.280648722199384,0.0,False,6.932275459750753,13.280648722199384,False,0.513658390576686,0.0,6.0,3.5999999999999996,False,False,,,False,,,False,0,False,0.2705376478804108,False,Normal,1,10
2025-01-14 01:00:00,0,0.0,0.0,0.0,1,1,0,0.25881904510252074,0.9659258262890683,0.7818314824680298,0.6234898018587336,0.0,0.0,0.0,62.708333333333336,82.79124043492538,0.0,79985.36496909375,0.0,0.0,13.2128178127629,0.0,False,5.545820367800602,13.2128178127629,False,0.013658390576686052,0.0,6.0,3.5999999999999996,False,False,,,False,,,False,0,False,0.2551997178919661,False,Normal,1,10
2025-01-14 02:00:00,0,0.0,0.0,0.0,2,1,0,0.49999999999999994,0.8660254037844387,0.7818314824680298,0.6234898018587336,0.0,0.0,0.0,62.708333333333336,82.79124043492538,0.0,79985.36496909375,0.0,0.0,13.146015380605787,0.0,False,4.436656294240482,13.146015380605787,False,0.0,0.0,6.0,3.5999999999999996,False,False,,,False,,,False,0,False,0.2428637548404553,False,Normal,1,10
2025-01-14 03:00:00,0,0.0,0.0,0.0,3,1,0,0.7071067811865476,0.7071067811865476,0.7818314824680298,0.6234898018587336,0.0,0.0,0.0,62.708333333333336,82.79124043492538,0.0,79985.36496909375,0.0,0.0,13.080215704557672,0.0,False,3.5493250353923855,13.080215704557672,False,0.0,0.0,6.0,3.5999999999999996,False,False,,,False,,,False,0,False,0.23294276606020226,False,Normal,1,10
2025-01-14 04:00:00,0,0.0,0.0,0.0,4,1,0,0.8660254037844386,0.5000000000000001,0.7818314824680298,0.6234898018587336,0.0,0.0,0.0,62.708333333333336,82.79124043492538,0.0,79985.36496909375,0.0,0.0,13.015393954774469,0.0,False,2.8394600283139084,13.015393954774469,False,0.0,0.0,6.0,3.5999999999999996,False,False,,,False,,,False,0,False,0.22496441843349407,False,Normal,1,10
2025-01-14 05:00:00,0,0.0,0.0,0.0,5,1,0,0.9659258262890683,0.25881904510252074,0.7818314824680298,0.6234898018587336,0.0,0.0,0.0,62.708333333333336,82.79124043492538,0.0,79985.36496909375,0.0,0.0,12.951526153429574,0.0,False,2.271568022651127,12.951526153429574,False,0.0,0.0,6.0,3.5999999999999996,False,False,,,False,,,False,0,False,0.21854866680904073,False,Normal,1,10
2025-01-14 06:00:00,16,8917.0,8897.0,17814.0,6,1,0,1.0,6.123233995736766e-17,0.7818314824680298,0.6234898018587336,0.001122649452708392,0.0,16.0,62.708333333333336,82.79124043492538,-1.0,79985.36496909375,18.0,-2.0,12.88858913750254,-0.15517602265561442,False,1.4172544181209017,12.88858913750254,False,0.0,0.0,6.0,3.5999999999999996,False,False,,,False,,,False,0,False,0.21390699540497873,False,Normal,1,10
2025-01-14 07:00:00,27,13011.0,16711.0,29722.0,7,1,0,0.9659258262890683,-0.25881904510252063,0.7818314824680298,0.6234898018587336,-0.12448272381657302,16.0,11.0,62.458333333333336,82.92845484626135,0.0,80076.80793344464,31.5,-4.5,12.830886137106521,-0.350716228942765,False,0.23380353449672142,12.830886137106521,False,0.0,0.0,6.0,3.5999999999999996,False,False,,,False,,,False,0,False,0.206663999301824,False,Normal,1,10
2025-01-14 08:00:00,44,22779.0,28066.0,50845.0,8,1,0,0.8660254037844387,-0.4999999999999998,0.7818314824680298,0.6234898018587336,-0.10398064744522677,27.0,17.0,62.083333333333336,83.07352252629917,-23.0,80145.31063374643,59.5,-15.5,12.783480839540795,-1.2125023062620546,False,-2.912957172402623,12.783480839540795,False,0.0,0.7125023062620546,6.0,3.5999999999999996,False,False,,,False,,,False,0,False,0.2668372406902405,False,Normal,1,10
2025-01-14 09:00:00,84,36062.0,41562.0,77624.0,9,1,0,0.7071067811865476,-0.7071067811865475,0.7818314824680298,0.6234898018587336,-0.07085346215780998,44.0,40.0,61.083333333333336,83.1436246433879,4.0,80166.95261022326,90.0,-6.0,12.832893289634656,-0.4675484993587768,False,-3.5303657379220987,12.832893289634656,False,0.0,0.6800508056208314,6.0,3.5999999999999996,False,False,,,False,,,False,0,False,0.2490905485917797,False,Normal,1,10
2025-01-14 10:00:00,104,55340.0,53271.0,108611.0,10,1,0,0.49999999999999994,-0.8660254037844387,0.7818314824680298,0.6234898018587336,0.01904946046477369,84.0,20.0,60.416666666666664,82.88174743555432,-6.0,79565.00552920435,116.0,-12.0,12.792926258841286,-0.9380183827532588,False,-5.224292590337679,12.792926258841286,False,0.0,1.1180691883740903,6.0,3.5999999999999996,False,False,,,False,,,False,0,False,0.28476347904716426,False,Normal,1,10
2025-01-14 11:00:00,84,41787.0,37606.0,79393.0,11,1,0,0.258819045102521,-0.9659258262890682,0.7818314824680298,0.6234898018587336,0.05266141018212963,104.0,-20.0,58.916666666666664,81.69610531223876,11.0,77482.83908473175,101.0,-17.0,12.799384256592596,-1.3281888924651815,False,-7.579434072270144,12.799384256592596,False,0.0,1.9462580808392715,6.0,3.5999999999999996,False,False,,,False,,,False,0,False,0.3253388976152751,False,Normal,1,10
2025-01-14 12:00:00,67,29559.0,34571.0,64130.0,12,1,0,1.2246467991473532e-16,-1.0,0.7818314824680298,0.6234898018587336,-0.07815253153701018,84.0,-17.0,57.25,80.7127219108665,4.0,76832.31761831377,66.0,1.0,12.86184392880255,0.07774934959058401,False,-5.863547257816115,12.86184392880255,False,0.0,1.3685087312486874,6.0,3.5999999999999996,False,False,,,False,,,False,0,False,0.26321486136400696,False,Normal,1,10
2025-01-14 13:00:00,62,24584.0,34586.0,59170.0,13,1,0,-0.2588190451025208,-0.9659258262890683,0.7818314824680298,0.6234898018587336,-0.16903550725862332,67.0,-5.0,56.875,80.64269691185552,7.0,76721.96636566671,59.5,2.5,12.802178315538095,0.1952792671982808,False,-4.190837806252892,12.802178315538095,False,0.0,0.6732294640504066,6.0,3.5999999999999996,False,False,,,False,,,False,0,False,0.24785250159105013,False,Normal,1,10
2025-01-14 14:00:00,70,35956.0,34784.0,70740.0,14,1,0,-0.4999999999999997,-0.8660254037844388,0.7818314824680298,0.6234898018587336,0.016567478548507937,62.0,8.0,56.291666666666664,80.54892068295148,-4.0,76687.99744956361,76.5,-6.5,12.74389745860201,-0.5100480462209434,False,-4.652670245002314,12.74389745860201,False,0.0,0.68327751027135,6.0,3.5999999999999996,False,False,,,False,,,False,0,False,0.2640052785763412,False,Normal,1,10
2025-01-14 15:00:00,116,55818.0,62488.0,118306.0,15,1,0,-0.7071067811865471,-0.7071067811865479,0.7818314824680298,0.6234898018587336,-0.05637874343868072,70.0,46.0,54.875,79.97027300952143,-12.0,76371.99712064398,153.5,-37.5,12.707072714425497,-2.951112411391865,False,-11.222136196001852,12.707072714425497,False,0.0,3.134389921663215,6.0,3.5999999999999996,False,False,,,False,,,False,0,False,0.42308172389379184,False,Normal,1,10
2025-01-14 16:00:00,184,94955.0,89215.0,184170.0,16,1,0,-0.8660254037844385,-0.5000000000000004,0.7818314824680298,0.6234898018587336,0.031166687480656565,116.0,68.0,52.625,77.30561175422942,-20.0,73543.2573062286,203.0,-19.0,13.166784777014522,-1.4430250301629157,False,-12.777708956801483,13.166784777014522,False,0.0,4.077414951826131,6.0,3.5999999999999996,False,True,,,False,,,False,0,False,0.385908533294943,True,Building Stress,1,11
2025-01-14 17:00:00,227,115202.0,127815.0,243017.0,17,1,0,-0.9659258262890683,-0.25881904510252063,0.7818314824680298,0.6234898018587336,-0.051901505238295106,184.0,43.0,49.5,69.74674684637395,6.0,68550.18429238486,238.5,-11.5,13.239834614028483,-0.8685909103286673,False,-12.522167165441187,13.239834614028483,False,0.0,4.446005862154799,6.0,3.5999999999999996,False,True,,,False,,,False,0,False,0.36306242380776665,True,Building Stress,1,12
2025-01-14 18:00:00,32,17705.0,16930.0,34635.0,18,1,0,-1.0,-1.8369701987210297e-16,0.7818314824680298,0.6234898018587336,0.022375562998036724,227.0,-195.0,47.166666666666664,62.1146672216633,-5.0,64119.718735637936,40.0,-8.0,13.230118618462699,-0.6046808974815961,False,-11.617733732352951,13.230118618462699,False,0.0,4.5506867596363945,6.0,3.5999999999999996,False,True,,,False,,,False,0,False,0.34411535458003023,True,Building Stress,1,13
2025-01-14 19:00:00,0,0.0,0.0,0.0,19,1,0,-0.9659258262890684,0.2588190451025203,0.7818314824680298,0.6234898018587336,0.0,32.0,-32.0,46.541666666666664,62.19183447497203,0.0,64174.93653693728,0.0,0.0,13.196012445806131,0.0,False,-9.29418698588236,13.196012445806131,False,0.0,4.0506867596363945,6.0,3.5999999999999996,False,True,,,False,,,False,0,False,0.297887844578418,True,Building Stress,1,14
2025-01-14 20:00:00,0,0.0,0.0,0.0,20,1,0,-0.8660254037844386,0.5000000000000001,0.7818314824680298,0.6234898018587336,0.0,0.0,0.0,46.541666666666664,62.19183447497203,0.0,64174.93653693728,0.0,0.0,13.138584210350587,0.0,False,-7.435349588705889,13.138584210350587,False,0.0,3.5506867596363945,6.0,3.5999999999999996,False,False,,,False,,,False,0,False,0.2771277348440154,False,Normal,1,14
2025-01-14 21:00:00,0,0.0,0.0,0.0,21,1,0,-0.7071067811865477,0.7071067811865474,0.7818314824680298,0.6234898018587336,0.0,0.0,0.0,46.541666666666664,62.19183447497203,0.0,64174.93653693728,0.0,0.0,13.08189928897095,0.0,False,-5.948279670964712,13.08189928897095,False,0.0,3.0506867596363945,6.0,3.5999999999999996,False,False,,,False,,,False,0,False,0.2604444813027589,False,Normal,1,14
2025-01-14 22:00:00,0,0.0,0.0,0.0,22,1,0,-0.5000000000000004,0.8660254037844384,0.7818314824680298,0.6234898018587336,0.0,0.0,0.0,46.541666666666664,62.19183447497203,0.0,64174.93653693728,0.0,0.0,13.025941783648765,0.0,False,-4.75862373677177,13.025941783648765,False,0.0,2.5506867596363945,6.0,3.5999999999999996,False,False,,,False,,,False,0,False,0.2470380152034172,False,Normal,1,14
2025-01-14 23:00:00,0,0.0,0.0,0.0,23,1,0,-0.25881904510252157,0.9659258262890681,0.7818314824680298,0.6234898018587336,0.0,0.0,0.0,46.541666666666664,62.19183447497203,0.0,64174.93653693728,0.0,0.0,12.97069626837239,0.0,False,-3.806898989417416,12.97069626837239,False,0.0,2.0506867596363945,6.0,3.5999999999999996,False,False,,,False,,,False,0,False,0.23626516431422637,False,Normal,1,14
2025-01-15 00:00:00,0,0.0,0.0,0.0,0,2,0,0.0,1.0,0.9749279121818236,-0.22252093395631434,0.0,0.0,0.0,46.541666666666664,62.19183447497203,0.0,64174.93653693728,0.0,0.0,12.916147771270646,0.0,False,-3.045519191533933,12.916147771270646,False,0.0,1.5506867596363945,6.0,3.5999999999999996,False,False,,,False,,,False,0,False,0.22760890903532816,False,Normal,1,14
2025-01-15 01:00:00,0,0.0,0.0,0.0,1,2,0,0.25881904510252074,0.9659258262890683,0.9749279121818236,-0.22252093395631434,0.0,0.0,0.0,46.541666666666664,62.19183447497203,0.0,64174.93653693728,0.0,0.0,12.86228175756616,0.0,False,-2.4364153532271464,12.86228175756616,False,0.0,1.0506867596363945,6.0,3.5999999999999996,False,False,,,False,,,False,0,False,0.22065365767542652,False,Normal,1,14
2025-01-15 02:00:00,0,0.0,0.0,0.0,2,2,0,0.49999999999999994,0.8660254037844387,0.9749279121818236,-0.22252093395631434,0.0,0.0,0.0,46.541666666666664,62.19183447497203,0.0,64174.93653693728,0.0,0.0,12.809084113304289,0.0,False,-1.9491322825817172,12.809084113304289,False,0.0,0.5506867596363945,6.0,3.5999999999999996,False,False,,,False,,,False,0,False,0.21506536351822247,False,Normal,1,14
2025-01-15 03:00:00,0,0.0,0.0,0.0,3,2,0,0.7071067811865476,0.7071067811865476,0.9749279121818236,-0.22252093395631434,0.0,0.0,0.0,46.541666666666664,62.19183447497203,0.0,64174.93653693728,0.0,0.0,12.756541129816288,0.0,False,-1.5593058260653738,12.756541129816288,False,0.0,0.05068675963639446,6.0,3.5999999999999996,False,False,,,False,,,False,0,False,0.21057553637372364,False,Normal,1,14
2025-01-15 04:00:00,0,0.0,0.0,0.0,4,2,0,0.8660254037844386,0.5000000000000001,0.9749279121818236,-0.22252093395631434,0.0,0.0,0.0,46.541666666666664,62.19183447497203,0.0,64174.93653693728,0.0,0.0,12.704639488877874,0.0,False,-1.247444660852299,12.704639488877874,False,0.0,0.0,6.0,3.5999999999999996,False,False,,,False,,,False,0,False,0.20696838647039378,False,Normal,1,14
2025-01-15 05:00:00,0,0.0,0.0,0.0,5,2,0,0.9659258262890683,0.25881904510252074,0.9749279121818236,-0.22252093395631434,0.0,0.0,0.0,46.541666666666664,62.19183447497203,0.0,64174.93653693728,0.0,0.0,12.653366248526703,0.0,False,-0.9979557286818393,12.653366248526703,False,0.0,0.0,6.0,3.5999999999999996,False,False,,,False,,,False,0,False,0.20407048755184204,False,Normal,1,14
2025-01-15 06:00:00,17,7370.0,10619.0,17989.0,6,2,0,1.0,6.123233995736766e-17,0.9749279121818236,-0.22252093395631434,-0.18060033351862145,0.0,17.0,46.541666666666664,62.19183447497203,-4.0,64174.93653693728,18.0,-1.0,12.602708829504463,-0.07934802061433643,False,-0.9983645829454715,12.602708829504463,False,0.0,0.0,6.0,3.5999999999999996,False,False,,,False,,,False,0,False,0.20676784058603082,False,Normal,1,14
2025-01-15 07:00:00,25,11292.0,14466.0,25758.0,7,2,0,0.9659258262890683,-0.25881904510252063,0.9749279121818236,-0.22252093395631434,-0.12321906906324004,17.0,8.0,46.583333333333336,62.17081425337405,-7.0,64171.43576367148,31.5,-6.5,12.553234972964702,-0.5177948165551539,False,-2.0986916663563773,12.553234972964702,False,0.0,0.017794816555153914,6.0,3.5999999999999996,False,False,,,False,,,False,0,False,0.2345774957513732,False,Normal,1,14
2025-01-15 08:00:00,57,24839.0,28724.0,53563.0,8,2,0,0.8660254037844387,-0.4999999999999998,0.9749279121818236,-0.22252093395631434,-0.07253005750130685,25.0,32.0,46.5,62.199538653398825,13.0,64224.07818599329,59.5,-2.5,12.5186376802781,-0.19970224107839685,False,-2.1789533330851016,12.5186376802781,False,0.0,0.0,6.0,3.5999999999999996,False,False,,,False,,,False,0,False,0.225005421737946,False,Normal,1,14
2025-01-15 09:00:00,95,32635.0,41531.0,74166.0,9,2,0,0.7071067811865476,-0.7071067811865475,0.9749279121818236,-0.22252093395631434,-0.11994552833470411,57.0,38.0,47.041666666666664,62.23341697517339,9.0,64233.05910369551,87.5,7.5,12.472181982362297,0.6013382430280624,False,-0.2431626664680815,12.472181982362297,False,0.10133824302806238,0.0,6.0,3.5999999999999996,False,False,,,False,,,False,0,False,0.21520923685273996,False,Normal,1,14
2025-01-15 10:00:00,115,51772.0,68403.0,120175.0,10,2,0,0.49999999999999994,-0.8660254037844387,0.9749279121818236,-0.22252093395631434,-0.13838869657835176,95.0,20.0,47.5,62.557104347530576,0.0,64166.11027072906,116.0,-1.0,12.439619223120111,-0.08038831270184005,False,-0.3945301331744652,12.439619223120111,False,0.0,0.0,6.0,3.5999999999999996,False,False,,,False,,,False,0,False,0.19967712072010965,False,Normal,1,14
2025-01-15 11:00:00,64,44377.0,46799.0,91176.0,11,2,0,0.258819045102521,-0.9659258262890682,0.9749279121818236,-0.22252093395631434,-0.026563716726806103,115.0,-51.0,47.958333333333336,63.02758482819538,-26.0,64688.32092067494,101.0,-37.0,12.39227924355581,-2.985730007596513,False,-7.715624106539573,12.39227924355581,False,0.0,2.485730007596513,6.0,3.5999999999999996,False,False,,,False,,,False,0,False,0.3851568146484313,False,Normal,1,14
2025-01-15 12:00:00,65,29618.0,32834.0,62452.0,12,2,0,1.2246467991473532e-16,-1.0,0.9749279121818236,-0.22252093395631434,-0.05149472403247242,64.0,1.0,47.125,62.66148702769302,11.0,64983.22214120549,68.0,-3.0,12.766463610046396,-0.2349906827478199,False,-6.772499285231659,12.766463610046396,False,0.0,2.220720690344333,6.0,3.5999999999999996,False,False,,,False,,,False,0,False,0.279646902844872,False,Normal,1,14
2025-01-15 13:00:00,61,22686.0,35288.0,57974.0,13,2,0,-0.2588190451025208,-0.9659258262890683,0.9749279121818236,-0.22252093395631434,-0.2173695558430358,65.0,-4.0,47.041666666666664,62.63523051326048,14.0,64966.24716559204,63.0,-2.0,12.720851446244858,-0.15722218032743332,False,-5.817999428185328,12.720851446244858,False,0.0,1.8779428706717662,6.0,3.5999999999999996,False,False,,,False,,,False,0,False,0.266084799526803,False,Normal,1,14
2025-01-15 14:00:00,70,32613.0,35101.0,67714.0,14,2,0,-0.4999999999999997,-0.8660254037844388,0.9749279121818236,-0.22252093395631434,-0.03674222845750572,61.0,9.0,47.0,62.62517898959062,6.0,64957.875312498705,76.5,-6.5,12.674206352949305,-0.5128526251655545,False,-5.954399542548262,12.674206352949305,False,0.0,1.8907954958373208,6.0,3.5999999999999996,False,False,,,False,,,False,0,False,0.2798059353528548,False,Normal,1,14
2025-01-15 15:00:00,147,65267.0,63702.0,128969.0,15,2,0,-0.7071067811865471,-0.7071067811865479,0.9749279121818236,-0.22252093395631434,0.012134604946886873,70.0,77.0,47.0,62.62517898959062,1.0,64914.919404910404,153.5,-6.5,12.639441152076934,-0.5142632432709977,False,-6.0635196340386095,12.639441152076934,False,0.0,1.9050587391083185,6.0,3.5999999999999996,False,False,,,False,,,False,0,False,0.28134178294000683,False,Normal,1,14
2025-01-15 16:00:00,194,79935.0,111107.0,191042.0,16,2,0,-0.8660254037844385,-0.5000000000000004,0.9749279121818236,-0.22252093395631434,-0.16316745444742806,147.0,47.0,48.291666666666664,64.40461714927687,18.0,65451.57105160416,203.0,-9.0,12.604912674406423,-0.7140073265461014,False,-6.650815707230888,12.604912674406423,False,0.0,2.11906606565442,6.0,3.5999999999999996,False,False,,,False,,,False,0,False,0.29518593179870833,False,Normal,1,14
2025-01-15 17:00:00,245,116866.0,106771.0,223637.0,17,2,0,-0.9659258262890683,-0.25881904510252063,0.9749279121818236,-0.22252093395631434,0.045139913610388216,194.0,51.0,48.708333333333336,65.34622118522546,17.0,66083.30599617469,236.5,8.5,12.581811493728488,0.6755783937978167,False,-3.6206525657847104,12.581811493728488,False,0.1755783937978167,0.943487671856603,6.0,3.5999999999999996,False,False,,,False,,,False,0,False,0.2579247655954001,False,Normal,1,14
2025-01-15 18:00:00,39,17296.0,18955.0,36251.0,18,2,0,-1.0,-1.8369701987210297e-16,0.9749279121818236,-0.22252093395631434,-0.04576299238662695,245.0,-206.0,49.458333333333336,67.54771528763732,-1.0,63680.25091503211,40.0,-1.0,12.557177491306941,-0.0796357302978538,False,-3.0965220526277686,12.557177491306941,False,0.0,0.5231234021544569,6.0,3.5999999999999996,False,False,,,False,,,False,0,False,0.23188376213925088,False,Normal,1,14
2025-01-15 19:00:00,0,0.0,0.0,0.0,19,2,0,-0.9659258262890684,0.2588190451025203,0.9749279121818236,-0.22252093395631434,0.0,39.0,-39.0,49.75,67.48413662226238,0.0,63666.484084437325,0.0,0.0,12.51186278927805,0.0,False,-2.477217642102215,12.51186278927805,False,0.0,0.02312340215445685,6.0,3.5999999999999996,False,False,,,False,,,False,0,False,0.2219385957498414,False,Normal,1,14
2025-01-15 20:00:00,0,0.0,0.0,0.0,20,2,0,-0.8660254037844386,0.5000000000000001,0.9749279121818236,-0.22252093395631434,0.0,0.0,0.0,49.75,67.48413662226238,0.0,63666.484084437325,0.0,0.0,12.466775475248477,0.0,False,-1.9817741136817721,12.466775475248477,False,0.0,0.0,6.0,3.5999999999999996,False,False,,,False,,,False,0,False,0.21608483612337415,False,Normal,1,14
2025-01-15 21:00:00,0,0.0,0.0,0.0,21,2,0,-0.7071067811865477,0.7071067811865474,0.9749279121818236,-0.22252093395631434,0.0,0.0,0.0,49.75,67.48413662226238,0.0,63666.484084437325,0.0,0.0,12.422172099749107,0.0,False,-1.585419290945418,12.422172099749107,False,0.0,0.0,6.0,3.5999999999999996,False,False,,,False,,,False,0,False,0.21138439643539692,False,Normal,1,14
2025-01-15 22:00:00,0,0.0,0.0,0.0,22,2,0,-0.5000000000000004,0.8660254037844384,0.9749279121818236,-0.22252093395631434,0.0,0.0,0.0,49.75,67.48413662226238,0.0,63666.484084437325,0.0,0.0,12.378044067120605,0.0,False,-1.2683354327563343,12.378044067120605,False,0.0,0.0,6.0,3.5999999999999996,False,False,,,False,,,False,0,False,0.2076101505721743,False,Normal,1,14
2025-01-15 23:00:00,0,0.0,0.0,0.0,23,2,0,-0.25881904510252157,0.9659258262890681,0.9749279121818236,-0.22252093395631434,0.0,0.0,0.0,49.75,67.48413662226238,0.0,63666.484084437325,0.0,0.0,12.334382993941333,0.0,False,-1.0146683462050674,12.334382993941333,False,0.0,0.0,6.0,3.5999999999999996,False,False,,,False,,,False,0,False,0.20457967932032894,False,Normal,1,14
2025-01-16 00:00:00,0,0.0,0.0,0.0,0,3,0,0.0,1.0,0.43388373911755823,-0.900968867902419,0.0,0.0,0.0,49.75,67.48413662226238,0.0,63666.484084437325,0.0,0.0,12.29118070233686,0.0,False,-0.811734676964054,12.29118070233686,False,0.0,0.0,6.0,3.5999999999999996,False,False,,,False,,,False,0,False,0.20214647489779136,False,Normal,1,14
2025-01-16 01:00:00,0,0.0,0.0,0.0,1,3,0,0.25881904510252074,0.9659258262890683,0.43388373911755823,-0.900968867902419,0.0,0.0,0.0,49.75,67.48413662226238,0.0,63666.484084437325,0.0,0.0,12.248429213545453,0.0,False,-0.6493877415712432,12.248429213545453,False,0.0,0.0,6.0,3.5999999999999996,False,False,,,False,,,False,0,False,0.20019287492619572,False,Normal,1,14
2025-01-16 02:00:00,0,0.0,0.0,0.0,2,3,0,0.49999999999999994,0.8660254037844387,0.43388373911755823,-0.900968867902419,0.0,0.0,0.0,49.75,67.48413662226238,0.0,63666.484084437325,0.0,0.0,12.206120741728054,0.0,False,-0.5195101932569947,12.206120741728054,False,0.0,0.0,6.0,3.5999999999999996,False,False,,,False,,,False,0,False,0.19862438598542634,False,Normal,1,14
2025-01-16 03:00:00,0,0.0,0.0,0.0,3,3,0,0.7071067811865476,0.7071067811865476,0.43388373911755823,-0.900968867902419,0.0,0.0,0.0,49.75,67.48413662226238,0.0,63666.484084437325,0.0,0.0,12.16424768801184,0.0,False,-0.41560815460559575,12.16424768801184,False,0.0,0.0,6.0,3.5999999999999996,False,False,,,False,,,False,0,False,0.19736512363640746,False,Normal,1,14
2025-01-16 04:00:00,0,0.0,0.0,0.0,4,3,0,0.8660254037844386,0.5000000000000001,0.43388373911755823,-0.900968867902419,0.0,0.0,0.0,49.75,67.48413662226238,0.0,63666.484084437325,0.0,0.0,12.122802634757042,0.0,False,-0.3324865236844766,12.122802634757042,False,0.0,0.0,6.0,3.5999999999999996,False,False,,,False,,,False,0,False,0.19635414944417715,False,Normal,1,14
2025-01-16 05:00:00,0,0.0,0.0,0.0,5,3,0,0.9659258262890683,0.25881904510252074,0.43388373911755823,-0.900968867902419,0.0,0.0,0.0,49.75,67.48413662226238,0.0,63666.484084437325,0.0,0.0,12.081778340037141,0.0,False,-0.2659892189475813,12.081778340037141,False,0.0,0.0,6.0,3.5999999999999996,False,False,,,False,,,False,0,False,0.19554252864884053,False,Normal,1,14
2025-01-16 06:00:00,23,8148.0,9550.0,17698.0,6,3,0,1.0,6.123233995736766e-17,0.43388373911755823,-0.900968867902419,-0.07921351488784677,0.0,23.0,49.75,67.48413662226238,4.0,63666.484084437325,18.0,5.0,12.041167732323215,0.41524211863422844,False,0.787208624841935,12.041167732323215,False,0.0,0.0,6.0,3.5999999999999996,False,False,,,False,,,False,0,False,0.2158880378093952,False,Normal,1,14
2025-01-16 07:00:00,27,14090.0,13620.0,27710.0,7,3,0,0.9659258262890683,-0.25881904510252063,0.43388373911755823,-0.900968867902419,0.01696077369997474,23.0,4.0,50.0,67.36855155879809,5.0,63672.46608386615,29.5,-2.5,12.007979319141015,-0.20819489554041273,False,0.12976689987354806,12.007979319141015,False,0.0,0.0,6.0,3.5999999999999996,False,False,,,False,,,False,0,False,0.20080100676049953,False,Normal,1,14
2025-01-16 08:00:00,46,24657.0,28412.0,53069.0,8,3,0,0.8660254037844387,-0.4999999999999998,0.43388373911755823,-0.900968867902419,-0.07075560580365554,27.0,19.0,50.083333333333336,67.33751242591418,-4.0,63644.139089074735,59.5,-13.5,11.969855829890278,-1.1278331328175861,False,-2.596186480101162,11.969855829890278,False,0.0,0.6278331328175861,6.0,3.5999999999999996,False,False,,,False,,,False,0,False,0.26236866331359154,False,Normal,1,14
2025-01-16 09:00:00,90,34519.0,44772.0,79291.0,9,3,0,0.7071067811865476,-0.7071067811865475,0.43388373911755823,-0.900968867902419,-0.12930686576199366,46.0,44.0,49.625,67.32582197305747,-6.0,63642.348987756144,90.5,-0.5,11.980040518672437,-0.04173608588557656,False,-2.1769491840809296,11.980040518672437,False,0.0,0.16956921870316266,6.0,3.5999999999999996,False,False,,,False,,,False,0,False,0.22088857283677965,False,Normal,1,14
2025-01-16 10:00:00,121,58956.0,60472.0,119428.0,10,3,0,0.49999999999999994,-0.8660254037844387,0.43388373911755823,-0.900968867902419,-0.012693734352627922,90.0,31.0,49.416666666666664,67.1869013286439,15.0,63742.47647943937,115.0,6.0,11.940866311150076,0.5024761054729633,False,-0.5415593472647435,11.940866311150076,False,0.002476105472963286,0.0,6.0,3.5999999999999996,False,False,,,False,,,False,0,False,0.215792387847493,False,Normal,1,14
2025-01-16 11:00:00,102,42433.0,42649.0,85082.0,11,3,0,0.258819045102521,-0.9659258262890682,0.43388373911755823,-0.900968867902419,-0.002538697507140087,121.0,-19.0,49.666666666666664,67.45218381527228,-2.0,63705.98308942019,94.0,8.0,11.912170729083918,0.6715820467941886,False,1.1667525221882054,11.912170729083918,False,0.17405815226715193,0.0,6.0,3.5999999999999996,False,False,,,False,,,False,0,False,0.22931817514617575,False,Normal,1,14
2025-01-16 12:00:00,56,24839.0,32222.0,57061.0,12,3,0,1.2246467991473532e-16,-1.0,0.43388373911755823,-0.900968867902419,-0.12938558059654412,102.0,-46.0,51.25,68.2446048194033,-13.0,63539.102272477765,68.0,-12.0,11.891281011840737,-1.009142748207784,False,-1.4665979822494362,11.891281011840737,False,0.0,0.5091427482077839,6.0,3.5999999999999996,False,False,,,False,,,False,0,False,0.2443783441252918,False,Normal,1,14
2025-01-16 13:00:00,47,29402.0,28562.0,57964.0,13,3,0,-0.2588190451025208,-0.9659258262890683,0.43388373911755823,-0.900968867902419,0.01449150349348745,56.0,-9.0,50.875,68.1904701361657,2.0,63495.04509271636,61.5,-14.5,11.891569257345884,-1.2193512635889319,False,-4.073278385799549,11.891569257345884,False,0.0,1.2284940117967158,6.0,3.5999999999999996,False,False,,,False,,,False,0,False,0.2842654570038621,False,Normal,1,14
2025-01-16 14:00:00,91,34450.0,41939.0,76389.0,14,3,0,-0.4999999999999997,-0.8660254037844388,0.43388373911755823,-0.900968867902419,-0.09803639219793167,47.0,44.0,50.291666666666664,68.15996476746047,30.0,63494.97481017631,72.0,19.0,11.908852977804216,1.59545172279919,False,0.541377291360361,11.908852977804216,False,1.09545172279919,0.0,6.0,3.5999999999999996,False,False,,,False,,,False,0,False,0.2522409031498841,False,Normal,1,14
2025-01-16 15:00:00,120,58998.0,66885.0,125883.0,15,3,0,-0.7071067811865471,-0.7071067811865479,0.43388373911755823,-0.900968867902419,-0.06265291855994408,91.0,29.0,51.166666666666664,68.55760298855434,-6.0,63638.363811174495,146.5,-26.5,11.968290974670968,-2.2141841350685025,False,-4.866898166911712,11.968290974670968,False,0.0,1.7141841350685025,6.0,3.5999999999999996,False,False,,,False,,,False,0,False,0.3270437141570363,False,Normal,1,14
2025-01-16 16:00:00,191,92447.0,116455.0,208902.0,16,3,0,-0.8660254037844385,-0.5000000000000004,0.43388373911755823,-0.900968867902419,-0.11492415140041072,120.0,71.0,50.041666666666664,67.12316982634412,23.0,63470.68686271067,198.0,-7.0,12.11215279308426,-0.5779319431964917,False,-5.29351853352937,12.11215279308426,False,0.0,1.792116078264994,6.0,3.5999999999999996,False,False,,,False,,,False,0,False,0.2770608549122171,False,Normal,1,14
2025-01-16 17:00:00,222,104102.0,133209.0,237311.0,17,3,0,-0.9659258262890683,-0.25881904510252063,0.43388373911755823,-0.900968867902419,-0.12265287891046386,191.0,31.0,49.916666666666664,66.84564742531967,-2.0,65299.81695514159,236.5,-14.5,12.085999741500608,-1.1997352565059436,False,-7.134814826823496,12.085999741500608,False,0.0,2.4918513347709377,6.0,3.5999999999999996,False,False,,,False,,,False,0,False,0.3207819185463441,False,Normal,1,14
2025-01-16 18:00:00,41,14079.0,16425.0,30504.0,18,3,0,-1.0,-1.8369701987210297e-16,0.43388373911755823,-0.900968867902419,-0.07690542534010818,222.0,-181.0,48.958333333333336,64.03292574691669,3.0,66931.95131060024,39.5,1.5,12.100099225746394,0.12396592556929818,False,-5.407851861458798,12.100099225746394,False,0.0,1.8678854092016395,6.0,3.5999999999999996,False,False,,,False,,,False,0,False,0.26341130219304165,False,Normal,1,14
2025-01-16 19:00:00,0,0.0,0.0,0.0,19,3,0,-0.9659258262890684,0.2588190451025203,0.43388373911755823,-0.900968867902419,0.0,41.0,-41.0,49.041666666666664,64.02070260719451,0.0,66990.73961615021,0.0,0.0,12.063582060004313,0.0,False,-4.326281489167038,12.063582060004313,False,0.0,1.3678854092016395,6.0,3.5999999999999996,False,False,,,False,,,False,0,False,0.24603366205951033,False,Normal,1,14
2025-01-16 20:00:00,0,0.0,0.0,0.0,20,3,0,-0.8660254037844386,0.5000000000000001,0.43388373911755823,-0.900968867902419,0.0,0.0,0.0,49.041666666666664,64.02070260719451,0.0,66990.73961615021,0.0,0.0,12.026552373524046,0.0,False,-3.461025191333631,12.026552373524046,False,0.0,0.8678854092016395,6.0,3.5999999999999996,False,False,,,False,,,False,0,False,0.23540746724439282,False,Normal,1,14
2025-01-16 21:00:00,0,0.0,0.0,0.0,21,3,0,-0.7071067811865477,0.7071067811865474,0.43388373911755823,-0.900968867902419,0.0,0.0,0.0,49.041666666666664,64.02070260719451,0.0,66990.73961615021,0.0,0.0,11.989861601657593,0.0,False,-2.7688201530669048,11.989861601657593,False,0.0,0.3678854092016395,6.0,3.5999999999999996,False,False,,,False,,,False,0,False,0.22687968622171656,False,Normal,1,14
2025-01-16 22:00:00,0,0.0,0.0,0.0,22,3,0,-0.5000000000000004,0.8660254037844384,0.43388373911755823,-0.900968867902419,0.0,0.0,0.0,49.041666666666664,64.02070260719451,0.0,66990.73961615021,0.0,0.0,11.953504605854132,0.0,False,-2.215056122453524,11.953504605854132,False,0.0,0.0,6.0,3.5999999999999996,False,False,,,False,,,False,0,False,0.2200360685137407,False,Normal,1,14
2025-01-16 23:00:00,0,0.0,0.0,0.0,23,3,0,-0.25881904510252157,0.9659258262890681,0.43388373911755823,-0.900968867902419,0.0,0.0,0.0,49.041666666666664,64.02070260719451,0.0,66990.73961615021,0.0,0.0,11.917476355979575,0.0,False,-1.7720448979628192,11.917476355979575,False,0.0,0.0,6.0,3.5999999999999996,False,False,,,False,,,False,0,False,0.21454411333054457,False,Normal,1,14
2025-01-17 00:00:00,0,0.0,0.0,0.0,0,4,0,0.0,1.0,-0.433883739117558,-0.9009688679024191,0.0,0.0,0.0,49.041666666666664,64.02070260719451,0.0,66990.73961615021,0.0,0.0,11.881771927393151,0.0,False,-1.4176359183702554,11.881771927393151,False,0.0,0.0,6.0,3.5999999999999996,False,False,,,False,,,False,0,False,0.2101369426109851,False,Normal,1,14
2025-01-17 01:00:00,0,0.0,0.0,0.0,1,4,0,0.25881904510252074,0.9659258262890683,-0.433883739117558,-0.9009688679024191,0.0,0.0,0.0,49.041666666666664,64.02070260719451,0.0,66990.73961615021,0.0,0.0,11.846386498119779,0.0,False,-1.1341087346962044,11.846386498119779,False,0.0,0.0,6.0,3.5999999999999996,False,False,,,False,,,False,0,False,0.20660035425768233,False,Normal,1,14
2025-01-17 02:00:00,0,0.0,0.0,0.0,2,4,0,0.49999999999999994,0.8660254037844387,-0.433883739117558,-0.9009688679024191,0.0,0.0,0.0,49.041666666666664,64.02070260719451,0.0,66990.73961615021,0.0,0.0,11.811315346114515,0.0,False,-0.9072869877569636,11.811315346114515,False,0.0,0.0,6.0,3.5999999999999996,False,False,,,False,,,False,0,False,0.20376242869202882,False,Normal,1,14
2025-01-17 03:00:00,0,0.0,0.0,0.0,3,4,0,0.7071067811865476,0.7071067811865476,-0.433883739117558,-0.9009688679024191,0.0,0.0,0.0,49.041666666666664,64.02070260719451,0.0,66990.73961615021,0.0,0.0,11.77655384661557,0.0,False,-0.7258295902055709,11.77655384661557,False,0.0,0.0,6.0,3.5999999999999996,False,False,,,False,,,False,0,False,0.20148518537097942,False,Normal,1,14
2025-01-17 04:00:00,0,0.0,0.0,0.0,4,4,0,0.8660254037844386,0.5000000000000001,-0.433883739117558,-0.9009688679024191,0.0,0.0,0.0,49.041666666666664,64.02070260719451,0.0,66990.73961615021,0.0,0.0,11.742097469582514,0.0,False,-0.5806636721644568,11.742097469582514,False,0.0,0.0,6.0,3.5999999999999996,False,False,,,False,,,False,0,False,0.19965788509723187,False,Normal,1,14
2025-01-17 05:00:00,0,0.0,0.0,0.0,5,4,0,0.9659258262890683,0.25881904510252074,-0.433883739117558,-0.9009688679024191,0.0,0.0,0.0,49.041666666666664,64.02070260719451,0.0,66990.73961615021,0.0,0.0,11.707941777216467,0.0,False,-0.46453093773156545,11.707941777216467,False,0.0,0.0,6.0,3.5999999999999996,False,False,,,False,,,False,0,False,0.19819165360695154,False,Normal,1,14
2025-01-17 06:00:00,20,10067.0,9430.0,19497.0,6,4,0,1.0,6.123233995736766e-17,-0.433883739117558,-0.9009688679024191,0.03267001743768592,0.0,20.0,49.041666666666664,64.02070260719451,1.0,66990.73961615021,19.0,1.0,11.674082421559154,0.08565983722654265,False,-0.17162475018525236,11.674082421559154,False,0.0,0.0,6.0,3.5999999999999996,False,False,,,False,,,False,0,False,0.19730069867161448,False,Normal,1,14
2025-01-17 07:00:00,37,15990.0,18437.0,34427.0,7,4,0,0.9659258262890683,-0.25881904510252063,-0.433883739117558,-0.9009688679024191,-0.07107586847914488,20.0,17.0,48.916666666666664,64.0766637753536,5.0,66955.17470297149,27.0,10.0,11.640924215222984,0.8590383216242292,False,1.862700199851798,11.640924215222984,False,0.3590383216242292,0.0,6.0,3.5999999999999996,False,False,,,False,,,False,0,False,0.24487674206068055,False,Normal,1,14
2025-01-17 08:00:00,65,30197.0,35960.0,66157.0,8,4,0,0.8660254037844387,-0.4999999999999998,-0.433883739117558,-0.9009688679024191,-0.08710964660358536,37.0,28.0,49.333333333333336,63.96035910024182,3.0,66875.92421791267,53.5,11.5,11.633682346319455,0.9885090255741985,False,3.790160159881439,11.633682346319455,False,0.8475473471984278,0.0,6.0,3.5999999999999996,False,False,,,False,,,False,0,False,0.2740592632145976,False,Normal,1,14
2025-01-17 09:00:00,106,37728.0,61631.0,99359.0,9,4,0,0.7071067811865476,-0.7071067811865475,-0.433883739117558,-0.9009688679024191,-0.2405696457326892,65.0,41.0,50.125,64.03484954711568,6.0,66960.73297522742,92.5,13.5,11.634253390386535,1.1603666816432883,False,5.732128127905152,11.634253390386535,False,1.507914028841716,0.0,6.0,3.5999999999999996,False,False,,,False,,,False,0,False,0.3048231745333405,False,Normal,1,14
2025-01-17 10:00:00,145,64988.0,77960.0,142948.0,10,4,0,0.49999999999999994,-0.8660254037844387,-0.433883739117558,-0.9009688679024191,-0.09074565054669848,106.0,39.0,50.791666666666664,64.54925936103352,21.0,67466.93267010915,115.0,30.0,11.646701455601578,2.575836610422537,False,10.585702502324121,11.646701455601578,False,3.5837506392642533,0.0,6.0,3.5999999999999996,False,False,,,False,,,False,0,False,0.4144365891493834,False,Normal,1,14
2025-01-17 11:00:00,88,60760.0,53901.0,114661.0,11,4,0,0.258819045102521,-0.9659258262890682,-0.433883739117558,-0.9009688679024191,0.059819294971306974,145.0,-57.0,51.791666666666664,65.85687984704717,-10.0,68668.05015244811,94.0,-6.0,11.830175295295453,-0.5071776072824585,False,7.268562001859297,11.830175295295453,False,2.5765730319817948,0.007177607282458531,6.0,3.5999999999999996,False,False,,,False,,,False,0,False,0.3013073858942543,False,Normal,1,14
2025-01-17 12:00:00,76,34738.0,36946.0,71684.0,12,4,0,1.2246467991473532e-16,-1.0,-0.433883739117558,-0.9009688679024191,-0.03080142289181837,88.0,-12.0,51.208333333333336,65.45358738410965,1.0,69552.45573727174,66.0,10.0,11.805684119502978,0.8470495990554254,False,7.814849601487438,11.805684119502978,False,2.92362263103722,0.0,6.0,3.5999999999999996,False,False,,,False,,,False,0,False,0.3197686334987825,False,Normal,1,14
2025-01-17 13:00:00,72,34576.0,31649.0,66225.0,13,4,0,-0.2588190451025208,-0.9659258262890683,-0.433883739117558,-0.9009688679024191,0.04419714311599674,76.0,-4.0,52.041666666666664,65.64428460611995,8.0,69653.91045375701,58.0,14.0,11.796233961144242,1.1868194583215939,False,9.051879681189952,11.796233961144242,False,3.6104420893588145,0.0,6.0,3.5999999999999996,False,True,,,False,,,False,0,False,0.3469038200788539,True,Building Stress,1,15
2025-01-17 14:00:00,86,37111.0,52689.0,89800.0,14,4,0,-0.4999999999999997,-0.8660254037844388,-0.433883739117558,-0.9009688679024191,-0.17347245576329884,72.0,14.0,53.083333333333336,65.75905734717011,7.0,69696.96540956812,72.0,14.0,11.808856521446943,1.1855508596089348,False,10.041503744951962,11.808856521446943,False,4.295992948967749,0.0,6.0,3.5999999999999996,False,True,,,False,,,False,0,False,0.3593090312040847,True,Building Stress,1,16
2025-01-17 15:00:00,157,61360.0,86028.0,147388.0,15,4,0,-0.7071067811865471,-0.7071067811865479,-0.433883739117558,-0.9009688679024191,-0.16736662844581346,86.0,71.0,52.875,65.64152483457936,-4.0,69938.33116784727,137.0,20.0,11.820836704223524,1.6919276105771857,False,12.03320299596157,11.820836704223524,True,5.487920559544935,0.0,6.0,3.5999999999999996,False,True,,,False,,,False,1,False,0.3986377555585654,True,Building Stress,1,17
2025-01-17 16:00:00,200,104095.0,99978.0,204073.0,16,4,0,-0.8660254037844385,-0.5000000000000004,-0.433883739117558,-0.9009688679024191,0.02017405450963866,157.0,43.0,54.416666666666664,67.68913384421249,-2.0,71022.36109201905,192.5,7.5,11.878353086017988,0.6314006618331839,False,11.126562396769257,11.878353086017988,False,5.619321221378119,0.0,6.0,3.5999999999999996,False,True,,,False,,,False,0,False,0.3537932344920651,True,Building Stress,1,18
2025-01-17 17:00:00,254,106455.0,160801.0,267256.0,17,4,0,-0.9659258262890683,-0.25881904510252063,-0.433883739117558,-0.9009688679024191,-0.20334733982645917,200.0,54.0,54.791666666666664,68.4987966677338,9.0,70573.91177550738,227.5,26.5,11.857767043079551,2.234822113111589,False,14.201249917415407,11.857767043079551,True,0.0,0.0,6.0,3.5999999999999996,True,False,,,False,,,False,2,False,0.6167342389763788,False,Watch,1,18
2025-01-17 18:00:00,37,19060.0,19724.0,38784.0,18,4,0,-1.0,-1.8369701987210297e-16,-0.433883739117558,-0.9009688679024191,-0.017120020626530875,254.0,-217.0,56.125,72.11121392621986,-3.0,74110.21498973183,39.5,-2.5,11.979936972188106,-0.20868223312057885,False,10.860999933932327,11.979936972188106,False,0.0,0.0,6.0,3.5999999999999996,False,False,,,False,,,False,0,False,0.33518610618480593,False,Normal,1,18
2025-01-17 19:00:00,0,0.0,0.0,0.0,19,4,0,-0.9659258262890684,0.2588190451025203,-0.433883739117558,-0.9009688679024191,0.0,37.0,-37.0,55.958333333333336,72.15230218187726,0.0,74003.54096814741,0.0,0.0,11.949710620877756,0.0,False,8.688799947145862,11.949710620877756,False,0.0,0.0,6.0,3.5999999999999996,False,False,,,False,,,False,0,False,0.3013072441716682,False,Normal,1,18
2025-01-17 20:00:00,0,0.0,0.0,0.0,20,4,0,-0.8660254037844386,0.5000000000000001,-0.433883739117558,-0.9009688679024191,0.0,0.0,0.0,55.958333333333336,72.15230218187726,0.0,74003.54096814741,0.0,0.0,11.917770122000636,0.0,False,6.95103995771669,11.917770122000636,False,0.0,0.0,6.0,3.5999999999999996,False,False,,,False,,,False,0,False,0.27972767526113473,False,Normal,1,18
2025-01-17 21:00:00,0,0.0,0.0,0.0,21,4,0,-0.7071067811865477,0.7071067811865474,-0.433883739117558,-0.9009688679024191,0.0,0.0,0.0,55.958333333333336,72.15230218187726,0.0,74003.54096814741,0.0,0.0,11.886084385799322,0.0,False,5.560831966173352,11.886084385799322,False,0.0,0.0,6.0,3.5999999999999996,False,False,,,False,,,False,0,False,0.2624167521687133,False,Normal,1,18
2025-01-17 22:00:00,0,0.0,0.0,0.0,22,4,0,-0.5000000000000004,0.8660254037844384,-0.433883739117558,-0.9009688679024191,0.0,0.0,0.0,55.958333333333336,72.15230218187726,0.0,74003.54096814741,0.0,0.0,11.854650043441369,0.0,False,4.448665572938682,11.854650043441369,False,0.0,0.0,6.0,3.5999999999999996,False,False,,,False,,,False,0,False,0.24853030224175332,False,Normal,1,18
2025-01-17 23:00:00,0,0.0,0.0,0.0,23,4,0,-0.25881904510252157,0.9659258262890681,-0.433883739117558,-0.9009688679024191,0.0,0.0,0.0,55.958333333333336,72.15230218187726,0.0,74003.54096814741,0.0,0.0,11.82346378813321,0.0,False,3.558932458350946,11.82346378813321,False,0.0,0.0,6.0,3.5999999999999996,False,False,,,False,,,False,0,False,0.23739105480401235,False,Normal,1,18
2025-01-18 00:00:00,0,0.0,0.0,0.0,0,5,1,0.0,1.0,-0.9749279121818236,-0.2225209339563146,0.0,0.0,0.0,55.958333333333336,72.15230218187726,0.0,74003.54096814741,0.0,0.0,11.792522373658914,0.0,False,2.847145966680757,11.792522373658914,False,0.0,0.0,6.0,3.5999999999999996,False,False,,,False,,,False,0,False,0.22845565166243348,False,Normal,1,18
2025-01-18 01:00:00,0,0.0,0.0,0.0,1,5,1,0.25881904510252074,0.9659258262890683,-0.9749279121818236,-0.2225209339563146,0.0,0.0,0.0,55.958333333333336,72.15230218187726,0.0,74003.54096814741,0.0,0.0,11.761822612960819,0.0,False,2.2777167733446055,11.761822612960819,False,0.0,0.0,6.0,3.5999999999999996,False,False,,,False,,,False,0,False,0.22128817642419268,False,Normal,1,18
2025-01-18 02:00:00,0,0.0,0.0,0.0,2,5,1,0.49999999999999994,0.8660254037844387,-0.9749279121818236,-0.2225209339563146,0.0,0.0,0.0,55.958333333333336,72.15230218187726,0.0,74003.54096814741,0.0,0.0,11.731361376760583,0.0,False,1.8221734186756846,11.731361376760583,False,0.0,0.0,6.0,3.5999999999999996,False,False,,,False,,,False,0,False,0.21553891486750582,False,Normal,1,18
2025-01-18 03:00:00,0,0.0,0.0,0.0,3,5,1,0.7071067811865476,0.7071067811865476,-0.9749279121818236,-0.2225209339563146,0.0,0.0,0.0,55.958333333333336,72.15230218187726,0.0,74003.54096814741,0.0,0.0,11.701135592219329,0.0,False,1.4577387349405477,11.701135592219329,False,0.0,0.0,6.0,3.5999999999999996,False,False,,,False,,,False,0,False,0.21092731292097722,False,Normal,1,18
2025-01-18 04:00:00,0,0.0,0.0,0.0,4,5,1,0.8660254037844386,0.5000000000000001,-0.9749279121818236,-0.2225209339563146,0.0,0.0,0.0,55.958333333333336,72.15230218187726,0.0,74003.54096814741,0.0,0.0,11.671142241635554,0.0,False,1.1661909879524381,11.671142241635554,False,0.0,0.0,6.0,3.5999999999999996,False,False,,,False,,,False,0,False,0.20722830291136926,False,Normal,1,18
2025-01-18 05:00:00,0,0.0,0.0,0.0,5,5,1,0.9659258262890683,0.25881904510252074,-0.9749279121818236,-0.2225209339563146,0.0,0.0,0.0,55.958333333333336,72.15230218187726,0.0,74003.54096814741,0.0,0.0,11.641378361179592,0.0,False,0.9329527903619506,11.641378361179592,False,0.0,0.0,6.0,3.5999999999999996,False,False,,,False,,,False,0,False,0.20426133254692816,False,Normal,1,18
2025-01-18 06:00:00,0,0.0,0.0,0.0,6,5,1,1.0,6.123233995736766e-17,-0.9749279121818236,-0.2225209339563146,0.0,0.0,0.0,55.958333333333336,72.15230218187726,0.0,74003.54096814741,0.0,0.0,11.61184103966338,0.0,False,0.7463622322895604,11.61184103966338,False,0.0,0.0,6.0,3.5999999999999996,False,False,,,False,,,False,0,False,0.2018815625664249,False,Normal,1,18
2025-01-18 07:00:00,0,0.0,0.0,0.0,7,5,1,0.9659258262890683,-0.25881904510252063,-0.9749279121818236,-0.2225209339563146,0.0,0.0,0.0,55.125,72.69908946263119,0.0,74535.49261632319,0.0,0.0,11.582527417344384,0.0,False,0.5970897858316484,11.582527417344384,False,0.0,0.0,6.0,3.5999999999999996,False,False,,,False,,,False,0,False,0.19997280448721313,False,Normal,1,18
2025-01-18 08:00:00,0,0.0,0.0,0.0,8,5,1,0.8660254037844387,-0.4999999999999998,-0.9749279121818236,-0.2225209339563146,0.0,0.0,0.0,53.583333333333336,73.48819287990163,0.0,75295.09540726733,0.0,0.0,11.553434684762594,0.0,False,0.47767182866531877,11.553434684762594,False,0.0,0.0,6.0,3.5999999999999996,False,False,,,False,,,False,0,False,0.19844185455346808,False,Normal,1,18
2025-01-18 09:00:00,0,0.0,0.0,0.0,9,5,1,0.7071067811865476,-0.7071067811865475,-0.9749279121818236,-0.2225209339563146,0.0,0.0,0.0,50.875,74.243027779806,0.0,76057.45217806628,0.0,0.0,11.524560081609486,0.0,False,0.38213746293225503,11.524560081609486,False,0.0,0.0,6.0,3.5999999999999996,False,False,,,False,,,False,0,False,0.1972139479316784,False,Normal,1,18
2025-01-18 10:00:00,0,0.0,0.0,0.0,10,5,1,0.49999999999999994,-0.8660254037844387,-0.9749279121818236,-0.2225209339563146,0.0,0.0,0.0,46.458333333333336,73.97354354718678,0.0,76057.9030155882,0.0,0.0,11.495900895627901,0.0,False,0.30570997034580405,11.495900895627901,False,0.0,0.0,6.0,3.5999999999999996,False,False,,,False,,,False,0,False,0.19622911172596297,False,Normal,1,18
2025-01-18 11:00:00,0,0.0,0.0,0.0,11,5,1,0.258819045102521,-0.9659258262890682,-0.9749279121818236,-0.2225209339563146,0.0,0.0,0.0,40.416666666666664,71.4537957531735,0.0,73832.53498317435,0.0,0.0,11.467454461541907,0.0,False,0.24456797627664326,11.467454461541907,False,0.0,0.0,6.0,3.5999999999999996,False,False,,,False,,,False,0,False,0.19543923914078554,False,Normal,1,18
2025-01-18 12:00:00,0,0.0,0.0,0.0,12,5,1,1.2246467991473532e-16,-1.0,-0.9749279121818236,-0.2225209339563146,0.0,0.0,0.0,36.75,71.16316218503725,0.0,72603.0009586081,0.0,0.0,11.43921816001562,0.0,False,0.1956543810213146,11.43921816001562,False,0.0,0.0,6.0,3.5999999999999996,False,False,,,False,,,False,0,False,0.1948057422299982,False,Normal,1,18
2025-01-18 13:00:00,0,0.0,0.0,0.0,13,5,1,-0.2588190451025208,-0.9659258262890683,-0.9749279121818236,-0.2225209339563146,0.0,0.0,0.0,33.583333333333336,71.03147903917498,0.0,72583.60925941328,0.0,0.0,11.411189416640099,0.0,False,0.15652350481705168,11.411189416640099,False,0.0,0.0,6.0,3.5999999999999996,False,False,,,False,,,False,0,False,0.19429766884585137,False,Normal,1,18
2025-01-18 14:00:00,0,0.0,0.0,0.0,14,5,1,-0.4999999999999997,-0.8660254037844388,-0.9749279121818236,-0.2225209339563146,0.0,0.0,0.0,30.583333333333332,70.8586570248288,0.0,72559.99138342978,0.0,0.0,11.383365700947415,0.0,False,0.12521880385364134,11.383365700947415,False,0.0,0.0,6.0,3.5999999999999996,False,False,,,False,,,False,0,False,0.19389019200966756,False,Normal,1,18
2025-01-18 15:00:00,0,0.0,0.0,0.0,15,5,1,-0.7071067811865471,-0.7071067811865479,-0.9749279121818236,-0.2225209339563146,0.0,0.0,0.0,27.0,70.10489035847581,0.0,71713.85314495894,0.0,0.0,11.355744525451032,0.0,False,0.10017504308291308,11.355744525451032,False,0.0,0.0,6.0,3.5999999999999996,False,False,,,False,,,False,0,False,0.19356339806679182,False,Normal,1,18
2025-01-18 16:00:00,0,0.0,0.0,0.0,16,5,1,-0.8660254037844385,-0.5000000000000004,-0.9749279121818236,-0.2225209339563146,0.0,0.0,0.0,20.458333333333332,64.55195357341967,0.0,67157.65179912189,0.0,0.0,11.328323444711685,0.0,False,0.08014003446633047,11.328323444711685,False,0.0,0.0,6.0,3.5999999999999996,False,False,,,False,,,False,0,False,0.19330131454461238,False,Normal,1,18
2025-01-18 17:00:00,0,0.0,0.0,0.0,17,5,1,-0.9659258262890683,-0.25881904510252063,-0.9749279121818236,-0.2225209339563146,0.0,0.0,0.0,12.125,52.06877767622026,0.0,54783.14883934311,0.0,0.0,11.301100054427948,0.0,False,0.06411202757306438,11.301100054427948,False,0.0,0.0,6.0,3.5999999999999996,False,False,,,False,,,False,0,False,0.1930911303120421,False,Normal,1,18
2025-01-18 18:00:00,0,0.0,0.0,0.0,18,5,1,-1.0,-1.8369701987210297e-16,-0.9749279121818236,-0.2225209339563146,0.0,0.0,0.0,1.5416666666666667,7.552593373581494,0.0,7916.750848675026,0.0,0.0,11.27407199055072,0.0,False,0.0512896220584515,11.27407199055072,False,0.0,0.0,6.0,3.5999999999999996,False,False,,,False,,,False,0,False,0.19292257001017116,False,Normal,1,18
2025-01-18 19:00:00,0,0.0,0.0,0.0,19,5,1,-0.9659258262890684,0.2588190451025203,-0.9749279121818236,-0.2225209339563146,0.0,0.0,0.0,0.0,0.0,0.0,0.0,0.0,0.0,11.247236928420918,0.0,False,0.041031697646761206,11.247236928420918,False,0.0,0.0,6.0,3.5999999999999996,False,False,,,False,,,False,0,False,0.19278739224290603,False,Normal,1,18
2025-01-18 20:00:00,0,0.0,0.0,0.0,20,5,1,-0.8660254037844386,0.5000000000000001,-0.9749279121818236,-0.2225209339563146,0.0,0.0,0.0,0.0,0.0,0.0,0.0,0.0,0.0,11.220592581929616,0.0,False,0.03282535811740896,11.220592581929616,False,0.0,0.0,6.0,3.5999999999999996,False,False,,,False,,,False,0,False,0.19267898704928058,False,Normal,1,18
2025-01-18 21:00:00,0,0.0,0.0,0.0,21,5,1,-0.7071067811865477,0.7071067811865474,-0.9749279121818236,-0.2225209339563146,0.0,0.0,0.0,0.0,0.0,0.0,0.0,0.0,0.0,11.194136702699991,0.0,False,0.02626028649392717,11.194136702699991,False,0.0,0.0,6.0,3.5999999999999996,False,False,,,False,,,False,0,False,0.19259205301945187,False,Normal,1,18
2025-01-18 22:00:00,0,0.0,0.0,0.0,22,5,1,-0.5000000000000004,0.8660254037844384,-0.9749279121818236,-0.2225209339563146,0.0,0.0,0.0,0.0,0.0,0.0,0.0,0.0,0.0,11.16786707929037,0.0,False,0.02100822919514174,11.16786707929037,False,0.0,0.0,6.0,3.5999999999999996,False,False,,,False,,,False,0,False,0.19252233829984483,False,Normal,1,18
2025-01-18 23:00:00,0,0.0,0.0,0.0,23,5,1,-0.25881904510252157,0.9659258262890681,-0.9749279121818236,-0.2225209339563146,0.0,0.0,0.0,0.0,0.0,0.0,0.0,0.0,0.0,11.14178153641776,0.0,False,0.016806583356113392,11.14178153641776,False,0.0,0.0,6.0,3.5999999999999996,False,False,,,False,,,False,0,False,0.19246643284859963,False,Normal,1,18
2025-01-19 00:00:00,0,0.0,0.0,0.0,0,6,1,0.0,1.0,-0.7818314824680299,0.6234898018587334,0.0,0.0,0.0,0.0,0.0,0.0,0.0,0.0,0.0,11.115877934201238,0.0,False,0.013445266684890714,11.115877934201238,False,0.0,0.0,6.0,3.5999999999999996,False,False,0.49264113558437345,0.6028709558944502,False,-0.5046226613665421,0.0238312326637294,False,0,False,0.213992294686043,False,Normal,1,18
2025-01-19 01:00:00,0,0.0,0.0,0.0,1,6,1,0.25881904510252074,0.9659258262890683,-0.7818314824680299,0.6234898018587334,0.0,0.0,0.0,0.0,0.0,0.0,0.0,0.0,0.0,11.0901541674246,0.0,False,0.010756213347912573,11.0901541674246,False,0.0,0.0,6.0,3.5999999999999996,False,False,0.49063209296113763,0.6028709558944502,False,-0.4999732285891263,0.0238312326637294,False,0,False,0.21634398515249725,False,Normal,1,18
2025-01-19 02:00:00,0,0.0,0.0,0.0,2,6,1,0.49999999999999994,0.8660254037844387,-0.7818314824680299,0.6234898018587334,0.0,0.0,0.0,0.0,0.0,0.0,0.0,0.0,0.0,11.064608164817695,0.0,False,0.008604970678330059,11.064608164817695,False,0.0,0.0,6.0,3.5999999999999996,False,False,0.49102258749680355,0.6028709558944502,False,-0.4949906596421989,0.0238312326637294,False,0,False,0.22085635571221054,False,Normal,1,18
2025-01-19 03:00:00,0,0.0,0.0,0.0,3,6,1,0.7071067811865476,0.7071067811865476,-0.7818314824680299,0.6234898018587334,0.0,0.0,0.0,0.0,0.0,0.0,0.0,0.0,0.0,11.039237888355878,0.0,False,0.006883976542664047,11.039237888355878,False,0.0,0.0,6.0,3.5999999999999996,False,False,0.49400273799040145,0.6028709558944502,False,-0.49222999993458605,0.0238312326637294,False,0,False,0.23005608556361418,False,Normal,1,18
2025-01-19 04:00:00,0,0.0,0.0,0.0,4,6,1,0.8660254037844386,0.5000000000000001,-0.7818314824680299,0.6234898018587334,0.0,0.0,0.0,0.0,0.0,0.0,0.0,0.0,0.0,11.014041332577069,0.0,False,0.005507181234131239,11.014041332577069,False,0.0,0.0,6.0,3.5999999999999996,False,False,0.4912079582291509,0.6028709558944502,False,-0.49548444774118616,0.0238312326637294,False,0,False,0.2202294965687926,False,Normal,1,18
2025-01-19 05:00:00,0,0.0,0.0,0.0,5,6,1,0.9659258262890683,0.25881904510252074,-0.7818314824680299,0.6234898018587334,0.0,0.0,0.0,0.0,0.0,0.0,0.0,0.0,0.0,10.989016523915865,0.0,False,0.004405744987304991,10.989016523915865,False,0.0,0.0,6.0,3.5999999999999996,False,False,0.49289029265240203,0.6028709558944502,False,-0.4987924198068019,0.0238312326637294,False,0,False,0.22098710468092125,False,Normal,1,18
2025-01-19 06:00:00,0,0.0,0.0,0.0,6,6,1,1.0,6.123233995736766e-17,-0.7818314824680299,0.6234898018587334,0.0,0.0,0.0,0.0,0.0,0.0,0.0,0.0,0.0,10.964161520054228,0.0,False,0.003524595989843993,10.964161520054228,False,0.0,0.0,6.0,3.5999999999999996,False,False,0.5035592204275452,0.6028709558944502,False,-0.4987924198068021,0.0238312326637294,False,0,False,0.2328899800743442,False,Normal,1,18
2025-01-19 07:00:00,0,0.0,0.0,0.0,7,6,1,0.9659258262890683,-0.25881904510252063,-0.7818314824680299,0.6234898018587334,0.0,0.0,0.0,0.0,0.0,0.0,0.0,0.0,0.0,10.939474409288252,0.0,False,0.0028196767918751944,10.939474409288252,False,0.0,0.0,6.0,3.5999999999999996,False,False,0.4947123843227489,0.6028709558944502,False,-0.4987924198068019,0.0238312326637294,False,0,False,0.22400870032700695,False,Normal,1,18
2025-01-19 08:00:00,0,0.0,0.0,0.0,8,6,1,0.8660254037844387,-0.4999999999999998,-0.7818314824680299,0.6234898018587334,0.0,0.0,0.0,0.0,0.0,0.0,0.0,0.0,0.0,10.914953309910548,0.0,False,0.002255741433500156,10.914953309910548,False,0.0,0.0,6.0,3.5999999999999996,False,False,0.49714284714589374,0.6028709558944502,False,-0.5018243442965489,0.0238312326637294,False,0,False,0.2225965428569978,False,Normal,1,18
2025-01-19 09:00:00,0,0.0,0.0,0.0,9,6,1,0.7071067811865476,-0.7071067811865475,-0.7818314824680299,0.6234898018587334,0.0,0.0,0.0,0.0,0.0,0.0,0.0,0.0,0.0,10.890596369607785,0.0,False,0.0018045931468001247,10.890596369607785,False,0.0,0.0,6.0,3.5999999999999996,False,False,0.5021488596481173,0.6028709558944502,False,-0.5046820601034532,0.0238312326637294,False,0,False,0.2245098740203547,False,Normal,1,18
2025-01-19 10:00:00,0,0.0,0.0,0.0,10,6,1,0.49999999999999994,-0.8660254037844387,-0.7818314824680299,0.6234898018587334,0.0,0.0,0.0,0.0,0.0,0.0,0.0,0.0,0.0,10.866401764872961,0.0,False,0.0014436745174401,10.866401764872961,False,0.0,0.0,6.0,3.5999999999999996,False,False,0.5004031335070797,0.6028709558944502,False,-0.5063331589752971,0.0238312326637294,False,0,False,0.2195424004183989,False,Normal,1,18
2025-01-19 11:00:00,0,0.0,0.0,0.0,11,6,1,0.258819045102521,-0.9659258262890682,-0.7818314824680299,0.6234898018587334,0.0,0.0,0.0,0.0,0.0,0.0,0.0,0.0,0.0,10.842367700431964,0.0,False,0.00115493961395208,10.842367700431964,False,0.0,0.0,6.0,3.5999999999999996,False,False,0.4969301662359594,0.6028709558944502,False,-0.5116418547818152,0.0238312326637294,False,0,False,0.20933245754748597,False,Normal,1,18
2025-01-19 12:00:00,0,0.0,0.0,0.0,12,6,1,1.2246467991473532e-16,-1.0,-0.7818314824680299,0.6234898018587334,0.0,0.0,0.0,0.0,0.0,0.0,0.0,0.0,0.0,10.81849240868403,0.0,False,0.000923951691161664,10.81849240868403,False,0.0,0.0,6.0,3.5999999999999996,False,False,0.5006097562759432,0.6028709558944502,False,-0.5109524190686142,0.0238312326637294,False,0,False,0.21389389686940297,False,Normal,1,18
2025-01-19 13:00:00,0,0.0,0.0,0.0,13,6,1,-0.2588190451025208,-0.9659258262890683,-0.7818314824680299,0.6234898018587334,0.0,0.0,0.0,0.0,0.0,0.0,0.0,0.0,0.0,10.7947741491557,0.0,False,0.0007391613529293313,10.7947741491557,False,0.0,0.0,6.0,3.5999999999999996,False,False,0.4909284627669095,0.6028709558944502,False,-0.5108498896440874,0.0238312326637294,False,0,False,0.20284266810357637,False,Normal,1,18
2025-01-19 14:00:00,0,0.0,0.0,0.0,14,6,1,-0.4999999999999997,-0.8660254037844388,-0.7818314824680299,0.6234898018587334,0.0,0.0,0.0,0.0,0.0,0.0,0.0,0.0,0.0,10.771211207967873,0.0,False,0.0005913290823434651,10.771211207967873,False,0.0,0.0,6.0,3.5999999999999996,False,False,0.49328625086435157,0.6028709558944502,False,-0.5110542119204223,0.0238312326637294,False,0,False,0.20635186781379034,False,Normal,1,18
2025-01-19 15:00:00,0,0.0,0.0,0.0,15,6,1,-0.7071067811865471,-0.7071067811865479,-0.7818314824680299,0.6234898018587334,0.0,0.0,0.0,0.0,0.0,0.0,0.0,0.0,0.0,10.747801897315622,0.0,False,0.0004730632658747721,10.747801897315622,False,0.0,0.0,6.0,3.5999999999999996,False,False,0.4910807926241118,0.6028709558944502,False,-0.5079177829914743,0.0238312326637294,False,0,False,0.2069120329443795,False,Normal,1,18
2025-01-19 16:00:00,0,0.0,0.0,0.0,16,6,1,-0.8660254037844385,-0.5000000000000004,-0.7818314824680299,0.6234898018587334,0.0,0.0,0.0,0.0,0.0,0.0,0.0,0.0,0.0,10.724544554960366,0.0,False,0.0003784506126998177,10.724544554960366,False,0.0,0.0,6.0,3.5999999999999996,False,False,0.4886300561459823,0.6028709558944502,False,-0.50885956097994,0.0238312326637294,False,0,False,0.2025801996073848,False,Normal,1,18
2025-01-19 17:00:00,0,0.0,0.0,0.0,17,6,1,-0.9659258262890683,-0.25881904510252063,-0.7818314824680299,0.6234898018587334,0.0,0.0,0.0,0.0,0.0,0.0,0.0,0.0,0.0,10.701437543734109,0.0,False,0.0003027604901598542,10.701437543734109,False,0.0,0.0,6.0,3.5999999999999996,False,False,0.49161225682861726,0.6028709558944502,False,-0.5100194654963573,0.0238312326637294,False,0,False,0.20658195909159666,False,Normal,1,18
2025-01-19 18:00:00,0,0.0,0.0,0.0,18,6,1,-1.0,-1.8369701987210297e-16,-0.7818314824680299,0.6234898018587334,0.0,0.0,0.0,0.0,0.0,0.0,0.0,0.0,0.0,10.678479251055347,0.0,False,0.00024220839212788336,10.678479251055347,False,0.0,0.0,6.0,3.5999999999999996,False,False,0.4945950365771302,0.6028709558944502,False,-0.5113181744113516,0.0238312326637294,False,0,False,0.20761108019034125,False,Normal,1,18
2025-01-19 19:00:00,0,0.0,0.0,0.0,19,6,1,-0.9659258262890684,0.2588190451025203,-0.7818314824680299,0.6234898018587334,0.0,0.0,0.0,0.0,0.0,0.0,0.0,0.0,0.0,10.655668088456373,0.0,False,0.0001937667137023067,10.655668088456373,False,0.0,0.0,6.0,3.5999999999999996,False,False,0.4864738580261308,0.6028709558944502,False,-0.5119634432769681,0.0238312326637294,False,0,False,0.19478269020376057,False,Normal,1,18
2025-01-19 20:00:00,0,0.0,0.0,0.0,20,6,1,-0.8660254037844386,0.5000000000000001,-0.7818314824680299,0.6234898018587334,0.0,0.0,0.0,0.0,0.0,0.0,0.0,0.0,0.0,10.633002491121642,0.0,False,0.00015501337096184538,10.633002491121642,False,0.0,0.0,6.0,3.5999999999999996,False,False,0.4861546381989781,0.6028709558944502,False,-0.5121272904244685,0.0238312326637294,False,0,False,0.19377559501673383,False,Normal,1,18
2025-01-19 21:00:00,0,0.0,0.0,0.0,21,6,1,-0.7071067811865477,0.7071067811865474,-0.7818314824680299,0.6234898018587334,0.0,0.0,0.0,0.0,0.0,0.0,0.0,0.0,0.0,10.61048091743687,0.0,False,0.00012401069676947632,10.61048091743687,False,0.0,0.0,6.0,3.5999999999999996,False,False,0.4863492226787473,0.6028709558944502,False,-0.5098004846171525,0.0238312326637294,False,0,False,0.1983631763558845,False,Normal,1,18
2025-01-19 22:00:00,0,0.0,0.0,0.0,22,6,1,-0.5000000000000004,0.8660254037844384,-0.7818314824680299,0.6234898018587334,0.0,0.0,0.0,0.0,0.0,0.0,0.0,0.0,0.0,10.588101848548625,0.0,False,9.920855741558106e-05,10.588101848548625,False,0.0,0.0,6.0,3.5999999999999996,False,False,0.4864246902182068,0.6028709558944502,False,-0.5084374896584503,0.0238312326637294,False,0,False,0.19972050659587234,False,Normal,1,18
2025-01-19 23:00:00,0,0.0,0.0,0.0,23,6,1,-0.25881904510252157,0.9659258262890681,-0.7818314824680299,0.6234898018587334,0.0,0.0,0.0,0.0,0.0,0.0,0.0,0.0,0.0,10.565863787934061,0.0,False,7.936684593246485e-05,10.565863787934061,False,0.0,0.0,6.0,3.5999999999999996,False,False,0.4849290935708015,0.6028709558944502,False,-0.5090128748104736,0.0238312326637294,False,0,False,0.19639625783045106,False,Normal,1,18
2025-01-20 00:00:00,0,0.0,0.0,0.0,0,0,0,0.0,1.0,0.0,1.0,0.0,0.0,0.0,0.0,0.0,0.0,0.0,0.0,0.0,10.54376526098059,0.0,False,6.349347674597188e-05,10.54376526098059,False,0.0,0.0,6.0,3.5999999999999996,False,False,0.5358195464876838,0.5979581359170879,False,-0.2962365231556534,-0.04349460789665832,False,0,False,0.3481048358689385,False,Normal,1,18
2025-01-20 01:00:00,0,0.0,0.0,0.0,1,0,0,0.25881904510252074,0.9659258262890683,0.0,1.0,0.0,0.0,0.0,0.0,0.0,0.0,0.0,0.0,0.0,10.521804814575141,0.0,False,5.0794781396777505e-05,10.521804814575141,False,0.0,0.0,6.0,3.5999999999999996,False,False,0.5192432141911982,0.5979581359170879,False,-0.30713317196488377,-0.04349460789665832,False,0,False,0.33726664173895426,False,Normal,1,18
2025-01-20 02:00:00,0,0.0,0.0,0.0,2,0,0,0.49999999999999994,0.8660254037844387,0.0,1.0,0.0,0.0,0.0,0.0,0.0,0.0,0.0,0.0,0.0,10.499981016702822,0.0,False,4.0635825117422006e-05,10.499981016702822,False,0.0,0.0,6.0,3.5999999999999996,False,False,0.5161452435548853,0.5979581359170879,False,-0.3217928476091829,-0.04349460789665832,False,0,False,0.3326550748948594,False,Normal,1,18
2025-01-20 03:00:00,0,0.0,0.0,0.0,3,0,0,0.7071067811865476,0.7071067811865476,0.0,1.0,0.0,0.0,0.0,0.0,0.0,0.0,0.0,0.0,0.0,10.478292456054698,0.0,False,3.250866009393761e-05,10.478292456054698,False,0.0,0.0,6.0,3.5999999999999996,False,False,0.5147886742431699,0.5979581359170879,False,-0.3303471865758125,-0.04349460789665832,False,0,False,0.3284414766074871,False,Normal,1,18
2025-01-20 04:00:00,0,0.0,0.0,0.0,4,0,0,0.8660254037844386,0.5000000000000001,0.0,1.0,0.0,0.0,0.0,0.0,0.0,0.0,0.0,0.0,0.0,10.456737741644421,0.0,False,2.6006928075150088e-05,10.456737741644421,False,0.0,0.0,6.0,3.5999999999999996,False,False,0.5162967812056983,0.5979581359170879,False,-0.3383937905203993,-0.04349460789665832,False,0,False,0.3283711595815044,False,Normal,1,18
2025-01-20 05:00:00,0,0.0,0.0,0.0,5,0,0,0.9659258262890683,0.25881904510252074,0.0,1.0,0.0,0.0,0.0,0.0,0.0,0.0,0.0,0.0,0.0,10.435315502433529,0.0,False,2.080554246012007e-05,10.435315502433529,False,0.0,0.0,6.0,3.5999999999999996,False,False,0.5246026801277416,0.5979581359170879,False,-0.3428803203136397,-0.04349460789665832,False,0,False,0.33279524288462464,False,Normal,1,18
2025-01-20 06:00:00,16,10350.0,13257.0,23607.0,6,0,0,1.0,6.123233995736766e-17,0.0,1.0,-0.12313622500847171,0.0,16.0,0.0,0.0,-6.0,0.0,19.5,-3.5,10.414024386965139,-0.3360852509987229,False,-0.699983355566032,10.414024386965139,False,0.0,0.0,6.0,3.5999999999999996,False,False,0.5970039526702728,0.5979581359170879,False,-0.06347444304821548,-0.04349460789665832,False,0,False,0.41089190106229134,False,Normal,1,18
2025-01-20 07:00:00,46,18324.0,19343.0,37667.0,7,0,0,0.9659258262890683,-0.25881904510252063,0.0,1.0,-0.027052139747265582,16.0,30.0,0.6666666666666666,3.265986323710904,10.0,4818.7586964902075,29.5,16.5,10.39575581262708,1.5871861841885968,False,2.7400133155471744,10.39575581262708,False,1.0871861841885968,0.0,6.0,3.5999999999999996,False,False,0.6075572966545824,0.5979581359170879,True,-0.16692215440692593,-0.04349460789665832,False,1,False,0.48349981565525196,False,Normal,1,18
2025-01-20 08:00:00,74,26414.0,38730.0,65144.0,8,0,0,0.8660254037844387,-0.4999999999999998,0.0,1.0,-0.18905518458822626,46.0,28.0,2.5833333333333335,9.806460455570432,6.0,8894.687495630611,53.5,20.5,10.425214050146904,1.966386483902566,False,6.292010652437741,10.425214050146904,False,2.553572668091163,0.0,6.0,3.5999999999999996,False,False,0.6280151217000335,0.5979581359170879,True,-0.06231133273373968,-0.04349460789665832,False,1,False,0.5504589071643703,False,Normal,1,18
2025-01-20 09:00:00,94,41804.0,60502.0,102306.0,9,0,0,0.7071067811865476,-0.7071067811865475,0.0,1.0,-0.18276364276149237,74.0,20.0,5.666666666666667,17.541668818203593,-6.0,15539.48378337013,95.5,-1.5,10.481694680293973,-0.14310662977238434,False,4.733608521950193,10.481694680293973,False,1.9104660383187784,0.0,6.0,3.5999999999999996,False,False,0.629442074885435,0.5979581359170879,True,-0.1881234818936064,-0.04349460789665832,False,1,False,0.4642950050813943,False,Normal,1,18
2025-01-20 10:00:00,123,59890.0,75858.0,135748.0,10,0,0,0.49999999999999994,-0.8660254037844387,0.0,1.0,-0.11762885914445043,94.0,29.0,9.583333333333334,25.090993822774195,-17.0,25114.151449222663,118.0,5.0,10.461392206949824,0.47794785828585473,False,4.786886817560154,10.461392206949824,False,1.888413896604633,0.0,6.0,3.5999999999999996,False,False,0.6187668002250859,0.5979581359170879,True,-0.23962401817904788,-0.04349460789665832,False,1,False,0.4736598246451106,False,Normal,1,18
2025-01-20 11:00:00,120,61862.0,53866.0,115728.0,11,0,0,0.258819045102521,-0.9659258262890682,0.0,1.0,0.06909244873799998,123.0,-3.0,14.708333333333334,34.021066576674116,-4.0,35861.37435915607,94.0,26.0,10.44432173832773,2.489390948632624,False,9.029509454048124,10.44432173832773,False,3.8778048452372573,0.0,6.0,3.5999999999999996,False,True,0.6069479404937379,0.5979581359170879,True,-0.24826908219465205,-0.04349460789665832,False,1,False,0.5989665267486125,True,Building Stress,1,19
2025-01-20 12:00:00,81,36087.0,47534.0,83621.0,12,0,0,1.2246467991473532e-16,-1.0,0.0,1.0,-0.1368898136853938,120.0,-39.0,19.708333333333332,40.049403368151786,5.0,41124.85735740206,68.0,13.0,10.546430597574675,1.232644531220787,False,9.8236075632385,10.546430597574675,False,4.610449376458044,0.0,6.0,3.5999999999999996,False,True,0.5911629507926303,0.5979581359170879,False,-0.33681214426881967,-0.04349460789665832,False,0,False,0.5486914631681457,True,Building Stress,1,20
2025-01-20 13:00:00,56,34169.0,44693.0,78862.0,13,0,0,-0.2588190451025208,-0.9659258262890683,0.0,1.0,-0.13344660994382665,81.0,-25.0,23.083333333333332,41.69549727193122,-20.0,42861.619856158504,61.5,-5.5,10.554254338782982,-0.5211168713065341,False,6.758886050590801,10.554254338782982,False,3.5893325051515106,0.021116871306534057,6.0,3.5999999999999996,False,False,0.5850341368305566,0.5979581359170879,False,-0.21158723199801788,-0.04349460789665832,False,0,False,0.49596718516589383,False,Normal,1,20
2025-01-20 14:00:00,94,37595.0,43243.0,80838.0,14,0,0,-0.4999999999999997,-0.8660254037844388,0.0,1.0,-0.06986726703694998,56.0,38.0,25.416666666666668,41.91390416459484,-10.0,43990.34871717953,74.5,19.5,10.540469191271871,1.850012522796153,False,9.307108840472642,10.540469191271871,False,4.939345027947663,0.0,6.0,3.5999999999999996,False,True,0.5579606316588572,0.5979581359170879,False,-0.37739365906407696,-0.04349460789665832,False,0,False,0.535032901750238,True,Building Stress,1,21
2025-01-20 15:00:00,161,78784.0,79722.0,158506.0,15,0,0,-0.7071067811865471,-0.7071067811865479,0.0,1.0,-0.005917719722157381,94.0,67.0,29.333333333333332,43.78571006386789,-9.0,44935.477204619565,146.5,14.5,10.585807001153881,1.3697585832066899,False,10.345687072378114,10.585807001153881,False,5.809103611154353,0.0,6.0,3.5999999999999996,False,True,0.5736320599455471,0.5979581359170879,False,-0.3486082442323719,-0.04349460789665832,False,0,False,0.5506831064209139,True,Building Stress,1,22
2025-01-20 16:00:00,229,111639.0,115348.0,226987.0,16,0,0,-0.8660254037844385,-0.5000000000000004,0.0,1.0,-0.01634007084074929,161.0,68.0,36.041666666666664,50.858267821437856,-30.0,51483.208589168855,192.5,36.5,10.600117923872356,3.4433579194245505,True,15.576549657902492,10.600117923872356,True,0.0,0.0,6.0,3.5999999999999996,True,False,0.6226566572784652,0.5979581359170879,True,-0.038101951213305174,-0.04349460789665832,True,5,True,0.8596990092991703,False,Confirmed Anomaly,2,22
2025-01-20 17:00:00,264,136771.0,172004.0,308775.0,17,0,0,-0.9659258262890683,-0.25881904510252063,0.0,1.0,-0.11410537088374745,229.0,35.0,45.583333333333336,63.67028975198283,-19.0,63811.61977592746,236.5,27.5,10.811671644007713,2.54354746476616,False,17.961239726321992,10.811671644007713,True,2.04354746476616,0.0,6.0,3.5999999999999996,False,False,0.6137493150026262,0.5979581359170879,True,-0.05391810515944506,-0.04349460789665832,False,2,False,0.6287221814098083,False,Watch,2,22
2025-01-20 18:00:00,48,17305.0,25518.0,42823.0,18,0,0,-1.0,-1.8369701987210297e-16,0.0,1.0,-0.19178498038483094,264.0,-216.0,56.583333333333336,76.88609116408998,1.0,82485.13057092494,39.5,8.5,10.916910185601171,0.7786085857160436,False,16.068991781057594,10.916910185601171,True,2.322156050482204,0.0,6.0,3.5999999999999996,False,False,0.6302987249574614,0.5979581359170879,True,0.4665275174979773,-0.04349460789665832,True,3,True,0.6172223461156284,False,Confirmed Anomaly,3,22
2025-01-20 19:00:00,0,0.0,0.0,0.0,19,0,0,-0.9659258262890684,0.2588190451025203,0.0,1.0,0.0,48.0,-48.0,58.583333333333336,75.9690535774224,0.0,81610.21568975013,0.0,0.0,10.905674069780604,0.0,False,12.855193424846076,10.905674069780604,True,1.8221560504822039,0.0,6.0,3.5999999999999996,False,False,0.5237635914019392,0.5979581359170879,False,-0.23169553439957125,-0.04349460789665832,False,1,False,0.49913389513108614,False,Normal,3,22
2025-01-20 20:00:00,0,0.0,0.0,0.0,20,0,0,-0.8660254037844386,0.5000000000000001,0.0,1.0,0.0,0.0,0.0,58.583333333333336,75.9690535774224,0.0,81610.21568975013,0.0,0.0,10.884790159491216,0.0,False,10.284154739876861,10.884790159491216,False,1.3221560504822039,0.0,6.0,3.5999999999999996,False,False,0.4785279724165763,0.5979581359170879,False,-0.2976807215297388,-0.04349460789665832,False,0,False,0.4307677688244723,False,Normal,3,22
2025-01-20 21:00:00,0,0.0,0.0,0.0,21,0,0,-0.7071067811865477,0.7071067811865474,0.0,1.0,0.0,0.0,0.0,58.583333333333336,75.9690535774224,0.0,81610.21568975013,0.0,0.0,10.864025759492554,0.0,False,8.227323791901489,10.864025759492554,False,0.8221560504822039,0.0,6.0,3.5999999999999996,False,False,0.4754059148637592,0.5979581359170879,False,-0.3074971935281958,-0.04349460789665832,False,0,False,0.3926211769704291,False,Normal,3,22
2025-01-20 22:00:00,0,0.0,0.0,0.0,22,0,0,-0.5000000000000004,0.8660254037844384,0.0,1.0,0.0,0.0,0.0,58.583333333333336,75.9690535774224,0.0,81610.21568975013,0.0,0.0,10.843379734338253,0.0,False,6.581859033521191,10.843379734338253,False,0.32215605048220386,0.0,6.0,3.5999999999999996,False,False,0.4786552022388659,0.5979581359170879,False,-0.31970949114090885,-0.04349460789665832,False,0,False,0.37688701254627754,False,Normal,3,22
2025-01-20 23:00:00,0,0.0,0.0,0.0,23,0,0,-0.25881904510252157,0.9659258262890681,0.0,1.0,0.0,0.0,0.0,58.583333333333336,75.9690535774224,0.0,81610.21568975013,0.0,0.0,10.822850963626566,0.0,False,5.265487226816953,10.822850963626566,False,0.0,0.0,6.0,3.5999999999999996,False,False,0.48511018634343117,0.5979581359170879,False,-0.3067999156533241,-0.04349460789665832,False,0,False,0.37440526197712565,False,Normal,3,22
2025-01-21 00:00:00,0,0.0,0.0,0.0,0,1,0,0.0,1.0,0.7818314824680298,0.6234898018587336,0.0,0.0,0.0,58.583333333333336,75.9690535774224,0.0,81610.21568975013,0.0,0.0,10.802438341745052,0.0,False,4.212389781453562,10.802438341745052,False,0.0,0.0,6.0,3.5999999999999996,False,False,0.47962339554550937,0.5913811013431046,False,-0.44094962395128,-0.11922948912290693,False,0,False,0.3030380878559446,False,Normal,3,22
2025-01-21 01:00:00,0,0.0,0.0,0.0,1,1,0,0.25881904510252074,0.9659258262890683,0.7818314824680298,0.6234898018587336,0.0,0.0,0.0,58.583333333333336,75.9690535774224,0.0,81610.21568975013,0.0,0.0,10.78214077762054,0.0,False,3.36991182516285,10.78214077762054,False,0.0,0.0,6.0,3.5999999999999996,False,False,0.47505454041690315,0.5913811013431046,False,-0.43786951343511427,-0.11922948912290693,False,0,False,0.28089402851338297,False,Normal,3,22
2025-01-21 02:00:00,0,0.0,0.0,0.0,2,1,0,0.49999999999999994,0.8660254037844387,0.7818314824680298,0.6234898018587336,0.0,0.0,0.0,58.583333333333336,75.9690535774224,0.0,81610.21568975013,0.0,0.0,10.76195719447424,0.0,False,2.69592946013028,10.76195719447424,False,0.0,0.0,6.0,3.5999999999999996,False,False,0.4746510346059757,0.5913811013431046,False,-0.4335820043603664,-0.11922948912290693,False,0,False,0.2725945514823459,False,Normal,3,22
2025-01-21 03:00:00,0,0.0,0.0,0.0,3,1,0,0.7071067811865476,0.7071067811865476,0.7818314824680298,0.6234898018587336,0.0,0.0,0.0,58.583333333333336,75.9690535774224,0.0,81610.21568975013,0.0,0.0,10.741886529581869,0.0,False,2.156743568104224,10.741886529581869,False,0.0,0.0,6.0,3.5999999999999996,False,False,0.47302478622175276,0.5913811013431046,False,-0.4309435158239394,-0.11922948912290693,False,0,False,0.2605241300869059,False,Normal,3,22
2025-01-21 04:00:00,0,0.0,0.0,0.0,4,1,0,0.8660254037844386,0.5000000000000001,0.7818314824680298,0.6234898018587336,0.0,0.0,0.0,58.583333333333336,75.9690535774224,0.0,81610.21568975013,0.0,0.0,10.7219277340387,0.0,False,1.7253948544833795,10.7219277340387,False,0.0,0.0,6.0,3.5999999999999996,False,False,0.47272753922171523,0.5913811013431046,False,-0.419041338132065,-0.11922948912290693,False,0,False,0.25915703777911053,False,Normal,3,22
2025-01-21 05:00:00,0,0.0,0.0,0.0,5,1,0,0.9659258262890683,0.25881904510252074,0.7818314824680298,0.6234898018587336,0.0,0.0,0.0,58.583333333333336,75.9690535774224,0.0,81610.21568975013,0.0,0.0,10.702079772529354,0.0,False,1.3803158835867038,10.702079772529354,False,0.0,0.0,6.0,3.5999999999999996,False,False,0.47534256054639207,0.5913811013431046,False,-0.39761594566203984,-0.11922948912290693,False,0,False,0.2716404697614063,False,Normal,3,22
2025-01-21 06:00:00,19,9099.0,8404.0,17503.0,6,1,0,1.0,6.123233995736766e-17,0.7818314824680298,0.6234898018587336,0.039705210237659966,0.0,19.0,58.583333333333336,75.9690535774224,3.0,81610.21568975013,19.0,0.0,10.682341623102314,0.0,False,1.104252706869363,10.682341623102314,False,0.0,0.0,6.0,3.5999999999999996,False,False,0.5194160224862522,0.5913811013431046,False,-0.325564997781014,-0.11922948912290693,False,0,False,0.3486050184800473,False,Normal,3,22
2025-01-21 07:00:00,25,14099.0,13597.0,27696.0,7,1,0,0.9659258262890683,-0.25881904510252063,0.7818314824680298,0.6234898018587336,0.01812470664692927,19.0,6.0,58.708333333333336,75.89837551487582,-2.0,81740.76327555037,29.5,-4.5,10.66271227694894,-0.4220314572051496,False,-0.01659783450450958,10.66271227694894,False,0.0,0.0,6.0,3.5999999999999996,False,False,0.510543022202257,0.5913811013431046,False,-0.32494883450883894,-0.11922948912290693,False,0,False,0.3426954036061389,False,Normal,3,22
2025-01-21 08:00:00,57,25365.0,26782.0,52147.0,8,1,0,0.8660254037844387,-0.4999999999999998,0.7818314824680298,0.6234898018587336,-0.027172662422336426,25.0,32.0,57.833333333333336,76.17181189610913,13.0,81887.6225426886,59.5,-2.5,10.648227111219594,-0.23478086764000874,False,-0.5132782676036076,10.648227111219594,False,0.0,0.0,6.0,3.5999999999999996,False,False,0.5197736460052749,0.5913811013431046,False,-0.3117461035053599,-0.11922948912290693,False,0,False,0.3514797249156405,False,Normal,3,22
2025-01-21 09:00:00,78,32557.0,54522.0,87079.0,9,1,0,0.7071067811865476,-0.7071067811865475,0.7818314824680298,0.6234898018587336,-0.25223932016536516,57.0,21.0,57.125,76.09394222589773,-6.0,81896.40515973188,95.5,-17.5,10.63071050136556,-1.6461740725374896,False,-3.910622614082886,10.63071050136556,False,0.0,1.1461740725374896,6.0,3.5999999999999996,False,False,0.5598859888436244,0.5913811013431046,False,-0.32612058229521823,-0.11922948912290693,False,0,False,0.4652014151453685,False,Normal,3,22
2025-01-21 10:00:00,128,45789.0,63084.0,108873.0,10,1,0,0.49999999999999994,-0.8660254037844387,0.7818314824680298,0.6234898018587336,-0.15885335341771223,78.0,50.0,56.458333333333336,75.82644896287074,24.0,81610.03928251623,122.0,6.0,10.66965079511149,0.5623426778643044,False,-1.9284980912663086,10.66965079511149,False,0.06234267786430436,0.08383139467318523,6.0,3.5999999999999996,False,False,0.5686261390007099,0.5913811013431046,False,-0.27260851528992935,-0.11922948912290693,False,0,False,0.4150280237658893,False,Normal,3,22
2025-01-21 11:00:00,78,47936.0,49857.0,97793.0,11,1,0,0.258819045102521,-0.9659258262890682,0.7818314824680298,0.6234898018587336,-0.019643331901752662,128.0,-50.0,56.666666666666664,76.02383302889824,-6.0,80690.56110483457,100.0,-22.0,10.654618831999997,-2.064832195960439,False,-5.942798473013047,10.654618831999997,False,0.0,1.6486635906336242,6.0,3.5999999999999996,False,False,0.5395098757892477,0.5913811013431046,False,-0.3925028834116644,-0.11922948912290693,False,0,False,0.4764394710414348,False,Normal,3,22
2025-01-21 12:00:00,59,29849.0,33756.0,63605.0,12,1,0,1.2246467991473532e-16,-1.0,0.7818314824680298,0.6234898018587336,-0.06142502279659152,78.0,-19.0,54.916666666666664,74.9787892712313,-8.0,80213.29230868278,72.0,-13.0,10.724254951686605,-1.2122054220610905,False,-7.354238778410439,10.724254951686605,False,0.0,2.3608690126947147,6.0,3.5999999999999996,False,False,0.5073969811348591,0.5913811013431046,False,-0.4174871445104089,-0.11922948912290693,False,0,False,0.4380036256500798,False,Normal,3,22
2025-01-21 13:00:00,47,25015.0,35593.0,60608.0,13,1,0,-0.2588190451025208,-0.9659258262890683,0.7818314824680298,0.6234898018587336,-0.17452853536603474,59.0,-12.0,54.0,74.78025779924633,-15.0,80029.90204562899,61.5,-14.5,10.736994617635737,-1.350471013199862,False,-8.783391022728352,10.736994617635737,False,0.0,3.211340025894577,6.0,3.5999999999999996,False,False,0.5394366990356149,0.5913811013431046,False,-0.3983928501657008,-0.11922948912290693,False,0,False,0.4889309618891678,False,Normal,3,22
2025-01-21 14:00:00,79,29928.0,46276.0,76204.0,14,1,0,-0.4999999999999997,-0.8660254037844388,0.7818314824680298,0.6234898018587336,-0.21452660586575684,47.0,32.0,53.625,74.79235749146056,9.0,79892.89787220437,82.5,-3.5,10.756686239722207,-0.3253790174780061,False,-7.7267128181826825,10.756686239722207,False,0.0,3.036719043372583,6.0,3.5999999999999996,False,False,0.5430494551454879,0.5913811013431046,False,-0.3727853039701179,-0.11922948912290693,False,0,False,0.4534718254791819,False,Normal,3,22
2025-01-21 15:00:00,134,57118.0,69437.0,126555.0,15,1,0,-0.7071067811865471,-0.7071067811865479,0.7818314824680298,0.6234898018587336,-0.09734030784790923,79.0,55.0,53.0,74.5024073144766,18.0,79834.70716504584,152.0,-18.0,10.740295877918875,-1.6759314831359955,False,-9.781370254546147,10.740295877918875,False,0.0,4.212650526508579,6.0,3.5999999999999996,False,True,0.5300246394563684,0.5913811013431046,False,-0.4118987314673892,-0.11922948912290693,False,0,False,0.5039887896854828,True,Building Stress,3,23
2025-01-21 16:00:00,180,91884.0,91271.0,183155.0,16,1,0,-0.8660254037844385,-0.5000000000000004,0.7818314824680298,0.6234898018587336,0.0033468737032911833,134.0,46.0,51.875,72.98916685550584,-4.0,78291.35556979787,197.0,-17.0,10.779156153116618,-1.5771178892407756,False,-11.225096203636918,10.779156153116618,True,0.0,5.2897684157493545,6.0,3.5999999999999996,False,True,0.5424260891220979,0.5913811013431046,False,-0.41018284796941207,-0.11922948912290693,False,1,False,0.5221164764578385,True,Building Stress,3,24
2025-01-21 17:00:00,240,114335.0,134243.0,248578.0,17,1,0,-0.9659258262890683,-0.25881904510252063,0.7818314824680298,0.6234898018587336,-0.08008721573423339,180.0,60.0,49.833333333333336,68.35754254790328,13.0,74500.70415521713,245.0,-5.0,10.811221845545223,-0.4624824160888213,False,-9.980076962909534,10.811221845545223,False,0.0,5.252250831838176,6.0,3.5999999999999996,False,True,0.5802952423858477,0.5913811013431046,False,-0.2555210927625742,-0.11922948912290693,False,0,False,0.5315295148191999,True,Building Stress,3,25
2025-01-21 18:00:00,22,17914.0,17426.0,35340.0,18,1,0,-1.0,-1.8369701987210297e-16,0.7818314824680298,0.6234898018587336,0.013808324608811295,240.0,-218.0,48.833333333333336,65.190467872606,-10.0,66017.40385026226,39.5,-17.5,10.797075556109958,-1.62080925608573,False,-11.484061570327627,10.797075556109958,True,0.0,0.0,6.0,3.5999999999999996,True,False,0.5822880972474257,0.5913811013431046,False,0.33603913022929777,-0.11922948912290693,True,3,True,0.8339661137796367,False,Confirmed Anomaly,4,25
2025-01-21 19:00:00,0,0.0,0.0,0.0,19,1,0,-0.9659258262890684,0.2588190451025203,0.7818314824680298,0.6234898018587336,0.0,22.0,-22.0,47.75,65.42054590178041,0.0,66068.90853374664,0.0,0.0,10.831230434042784,0.0,False,-9.187249256262103,10.831230434042784,False,0.0,0.0,6.0,3.5999999999999996,False,False,0.45924865099738355,0.5913811013431046,False,-0.41153617794587105,-0.11922948912290693,False,0,False,0.33664287661761283,False,Normal,4,25
2025-01-21 20:00:00,0,0.0,0.0,0.0,20,1,0,-0.8660254037844386,0.5000000000000001,0.7818314824680298,0.6234898018587336,0.0,0.0,0.0,47.75,65.42054590178041,0.0,66068.90853374664,0.0,0.0,10.812116615145126,0.0,False,-7.349799405009683,10.812116615145126,False,0.0,0.0,6.0,3.5999999999999996,False,False,0.43912185206245624,0.5913811013431046,False,-0.43571354367475634,-0.11922948912290693,False,0,False,0.2784876861497073,False,Normal,4,25
2025-01-21 21:00:00,0,0.0,0.0,0.0,21,1,0,-0.7071067811865477,0.7071067811865474,0.7818314824680298,0.6234898018587336,0.0,0.0,0.0,47.75,65.42054590178041,0.0,66068.90853374664,0.0,0.0,10.793103631005398,0.0,False,-5.879839524007746,10.793103631005398,False,0.0,0.0,6.0,3.5999999999999996,False,False,0.437103539144185,0.5913811013431046,False,-0.44776918455543124,-0.11922948912290693,False,0,False,0.25063047587727816,False,Normal,4,25
2025-01-21 22:00:00,0,0.0,0.0,0.0,22,1,0,-0.5000000000000004,0.8660254037844384,0.7818314824680298,0.6234898018587336,0.0,0.0,0.0,47.75,65.42054590178041,0.0,66068.90853374664,0.0,0.0,10.77419059813892,0.0,False,-4.703871619206197,10.77419059813892,False,0.0,0.0,6.0,3.5999999999999996,False,False,0.436892897650818,0.5913811013431046,False,-0.45251348374948175,-0.11922948912290693,False,0,False,0.23173336930623628,False,Normal,4,25
2025-01-21 23:00:00,0,0.0,0.0,0.0,23,1,0,-0.25881904510252157,0.9659258262890681,0.7818314824680298,0.6234898018587336,0.0,0.0,0.0,47.75,65.42054590178041,0.0,66068.90853374664,0.0,0.0,10.755376643860382,0.0,False,-3.7630972953649575,10.755376643860382,False,0.0,0.0,6.0,3.5999999999999996,False,False,0.43819004152633423,0.5913811013431046,False,-0.4505423662568997,-0.11922948912290693,False,0,False,0.22060006281396072,False,Normal,4,25
2025-01-22 00:00:00,0,0.0,0.0,0.0,0,2,0,0.0,1.0,0.9749279121818236,-0.22252093395631434,0.0,0.0,0.0,47.75,65.42054590178041,0.0,66068.90853374664,0.0,0.0,10.73666090611471,0.0,False,-3.010477836291966,10.73666090611471,False,0.0,0.0,6.0,3.5999999999999996,False,False,0.44193467034871875,0.5884715648981675,False,-0.5641567433527784,-0.09890260582681516,False,0,False,0.1286459346957109,False,Normal,4,25
2025-01-22 01:00:00,0,0.0,0.0,0.0,1,2,0,0.25881904510252074,0.9659258262890683,0.9749279121818236,-0.22252093395631434,0.0,0.0,0.0,47.75,65.42054590178041,0.0,66068.90853374664,0.0,0.0,10.718042533311152,0.0,False,-2.408382269033573,10.718042533311152,False,0.0,0.0,6.0,3.5999999999999996,False,False,0.4373005006149043,0.5884715648981675,False,-0.5616382269587421,-0.09890260582681516,False,0,False,0.11792837982010555,False,Normal,4,25
2025-01-22 02:00:00,0,0.0,0.0,0.0,2,2,0,0.49999999999999994,0.8660254037844387,0.9749279121818236,-0.22252093395631434,0.0,0.0,0.0,47.75,65.42054590178041,0.0,66068.90853374664,0.0,0.0,10.699520684160534,0.0,False,-1.9267058152268586,10.699520684160534,False,0.0,0.0,6.0,3.5999999999999996,False,False,0.4335363127459163,0.5884715648981675,False,-0.5472304784751011,-0.09890260582681516,False,0,False,0.10926765889910686,False,Normal,4,25
2025-01-22 03:00:00,0,0.0,0.0,0.0,3,2,0,0.7071067811865476,0.7071067811865476,0.9749279121818236,-0.22252093395631434,0.0,0.0,0.0,47.75,65.42054590178041,0.0,66068.90853374664,0.0,0.0,10.681094527515585,0.0,False,-1.541364652181487,10.681094527515585,False,0.0,0.0,6.0,3.5999999999999996,False,False,0.4322405574689055,0.5884715648981675,False,-0.5339464432885093,-0.09890260582681516,False,0,False,0.10509653609623444,False,Normal,4,25
2025-01-22 04:00:00,0,0.0,0.0,0.0,4,2,0,0.8660254037844386,0.5000000000000001,0.9749279121818236,-0.22252093395631434,0.0,0.0,0.0,47.75,65.42054590178041,0.0,66068.90853374664,0.0,0.0,10.662763242214282,0.0,False,-1.2330917217451898,10.662763242214282,False,0.0,0.0,6.0,3.5999999999999996,False,False,0.436725764762759,0.5884715648981675,False,-0.5006204272779566,-0.09890260582681516,False,0,False,0.1409656141510409,False,Normal,4,25
2025-01-22 05:00:00,0,0.0,0.0,0.0,5,2,0,0.9659258262890683,0.25881904510252074,0.9749279121818236,-0.22252093395631434,0.0,0.0,0.0,47.75,65.42054590178041,0.0,66068.90853374664,0.0,0.0,10.64452601692614,0.0,False,-0.9864733773961518,10.64452601692614,False,0.0,0.0,6.0,3.5999999999999996,False,False,0.44023352312236624,0.5884715648981675,False,-0.48755156081024054,-0.09890260582681516,False,0,False,0.15133091154324912,False,Normal,4,25
2025-01-22 06:00:00,14,8316.0,8372.0,16688.0,6,2,0,1.0,6.123233995736766e-17,0.9749279121818236,-0.22252093395631434,-0.003355503625142309,0.0,14.0,47.75,65.42054590178041,-3.0,66068.90853374664,19.0,-5.0,10.626382050001387,-0.4705270313520628,False,-1.7891787019169216,10.626382050001387,False,0.0,0.0,6.0,3.5999999999999996,False,False,0.4667942945141437,0.5884715648981675,False,-0.4542163712857683,-0.09890260582681516,False,0,False,0.24229762057616303,False,Normal,4,25
2025-01-22 07:00:00,25,13886.0,14701.0,28587.0,7,2,0,0.9659258262890683,-0.25881904510252063,0.9749279121818236,-0.22252093395631434,-0.028508465090247657,14.0,11.0,47.541666666666664,65.52396121079391,0.0,66086.21268660398,29.5,-4.5,10.613081890114309,-0.42400502008672736,False,-2.3313429615335375,10.613081890114309,False,0.0,0.0,6.0,3.5999999999999996,False,False,0.4592597314195981,0.5884715648981675,False,-0.4281491563413675,-0.09890260582681516,False,0,False,0.2487455229960868,False,Normal,4,25
2025-01-22 08:00:00,67,21458.0,29534.0,50992.0,8,2,0,0.8660254037844387,-0.4999999999999998,0.9749279121818236,-0.22252093395631434,-0.15837467887749299,25.0,42.0,47.541666666666664,65.52396121079391,10.0,66073.77033593433,59.5,7.5,10.598993461230398,0.7076143623858178,False,-0.3650743692268301,10.598993461230398,False,0.20761436238581776,0.0,6.0,3.5999999999999996,False,False,0.4994281070164453,0.5884715648981675,False,-0.41606697129476755,-0.09890260582681516,False,0,False,0.31531745316492255,False,Normal,4,25
2025-01-22 09:00:00,88,32800.0,55164.0,87964.0,9,2,0,0.7071067811865476,-0.7071067811865475,0.9749279121818236,-0.22252093395631434,-0.2542374808162337,67.0,21.0,47.958333333333336,65.61844860328115,-7.0,66072.0908760826,94.5,-6.5,10.589003824817608,-0.6138443339463011,False,-1.5920594953814642,10.589003824817608,False,0.0,0.11384433394630111,6.0,3.5999999999999996,False,False,0.5158871991121928,0.5884715648981675,False,-0.3766107616881047,-0.09890260582681516,False,0,False,0.3605467885771441,False,Normal,4,25
2025-01-22 10:00:00,136,54206.0,52268.0,106474.0,10,2,0,0.49999999999999994,-0.8660254037844387,0.9749279121818236,-0.22252093395631434,0.01820145574078422,88.0,48.0,48.375,65.84884700717177,21.0,66094.31457816905,123.5,12.5,10.578854576326467,1.1816024040988997,False,1.2263524036948286,10.578854576326467,False,0.6816024040988997,0.0,6.0,3.5999999999999996,False,False,0.5170222132551522,0.5884715648981675,False,-0.3500431053669977,-0.09890260582681516,False,0,False,0.383343830244961,False,Normal,4,25
2025-01-22 11:00:00,89,50323.0,42289.0,92612.0,11,2,0,0.258819045102521,-0.9659258262890682,0.9749279121818236,-0.22252093395631434,0.08674808072300864,136.0,-47.0,48.708333333333336,66.28822386509091,25.0,66002.16598936767,93.0,-4.0,10.58409589438564,-0.37792552523279854,False,0.1810819229558629,10.58409589438564,False,0.0,0.0,6.0,3.5999999999999996,False,False,0.5466405622618644,0.5884715648981675,False,-0.12212976419601329,-0.09890260582681516,False,0,False,0.38112826751503764,False,Normal,4,25
2025-01-22 12:00:00,69,30500.0,35009.0,65509.0,12,2,0,1.2246467991473532e-16,-1.0,0.9749279121818236,-0.22252093395631434,-0.0688291863837582,89.0,-20.0,49.166666666666664,66.53712051026181,4.0,65844.8546200444,71.0,-2.0,10.569547108885814,-0.18922286635333702,False,-0.25513446163530973,10.569547108885814,False,0.0,0.0,6.0,3.5999999999999996,False,False,0.46981858385156927,0.5884715648981675,False,-0.48315983939812446,-0.09890260582681516,False,0,False,0.19302747537498532,False,Normal,4,25
2025-01-22 13:00:00,56,22485.0,34174.0,56659.0,13,2,0,-0.2588190451025208,-0.9659258262890683,0.9749279121818236,-0.22252093395631434,-0.2063007412636781,69.0,-13.0,49.583333333333336,66.63261811681612,-5.0,65864.28937425319,61.5,-5.5,10.552872995572653,-0.5211850841289825,False,-1.3041075693082478,10.552872995572653,False,0.0,0.021185084128982457,6.0,3.5999999999999996,False,False,0.5037942120965496,0.5884715648981675,False,-0.4491462930123953,-0.09890260582681516,False,0,False,0.31168207386292224,False,Normal,4,25
2025-01-22 14:00:00,75,33791.0,39296.0,73087.0,14,2,0,-0.4999999999999997,-0.8660254037844388,0.9749279121818236,-0.22252093395631434,-0.07532016199649737,56.0,19.0,49.958333333333336,66.6427719859477,5.0,65839.3122183813,82.5,-7.5,10.540903501618688,-0.7115139607196177,False,-2.5432860554465986,10.540903501618688,False,0.0,0.23269904484860016,6.0,3.5999999999999996,False,False,0.4605334624316031,0.5884715648981675,False,-0.5010025277967907,-0.09890260582681516,False,0,False,0.2077786529023288,False,Normal,4,25
2025-01-22 15:00:00,113,64893.0,67034.0,131927.0,15,2,0,-0.7071067811865471,-0.7071067811865479,0.9749279121818236,-0.22252093395631434,-0.016228548905463585,75.0,38.0,49.791666666666664,66.57194811151557,-34.0,65786.31068494593,152.0,-39.0,10.533311092947665,-3.7025394632188875,True,-9.83462884435728,10.533311092947665,False,0.0,3.4352385080674877,6.0,3.5999999999999996,False,False,0.5183656505153243,0.5884715648981675,False,-0.22181575657412966,-0.09890260582681516,False,1,False,0.6092080724908419,False,Normal,4,25
2025-01-22 16:00:00,202,85264.0,97743.0,183007.0,16,2,0,-0.8660254037844385,-0.5000000000000004,0.9749279121818236,-0.22252093395631434,-0.06818827592236405,113.0,89.0,48.916666666666664,65.5471398020683,8.0,66070.74518568187,197.0,5.0,10.756102439381497,0.4648523968769037,False,-6.867703075485824,10.756102439381497,False,0.0,2.470386111190584,6.0,3.5999999999999996,False,False,0.529649221176221,0.5884715648981675,False,-0.41208798339574537,-0.09890260582681516,False,0,False,0.4220135089887228,False,Normal,4,25
2025-01-22 17:00:00,222,111141.0,124606.0,235747.0,17,2,0,-0.9659258262890683,-0.25881904510252063,0.9749279121818236,-0.22252093395631434,-0.05711607309499975,202.0,20.0,49.833333333333336,67.5822633450566,-23.0,66057.69151652783,245.0,-23.0,10.741795633196837,-2.1411690173028393,False,-10.09416246038866,10.741795633196837,False,0.0,4.111555128493423,6.0,3.5999999999999996,False,True,0.5687657436754135,0.5884715648981675,False,-0.2678337855097659,-0.09890260582681516,False,0,False,0.5823895179726275,True,Building Stress,4,26
2025-01-22 18:00:00,45,17869.0,21278.0,39147.0,18,2,0,-1.0,-1.8369701987210297e-16,0.9749279121818236,-0.22252093395631434,-0.08707979973434148,222.0,-177.0,49.083333333333336,65.44623858502135,6.0,64403.94085935719,39.5,5.5,10.806549364206939,0.5089506200949676,False,-6.975329968310929,10.806549364206939,False,0.00895062009496761,3.1026045083984553,6.0,3.5999999999999996,False,False,0.5547762053731212,0.5884715648981675,False,0.11485368505630378,-0.09890260582681516,True,1,False,0.5252793348919578,False,Normal,4,26
2025-01-22 19:00:00,0,0.0,0.0,0.0,19,2,0,-0.9659258262890684,0.2588190451025203,0.9749279121818236,-0.22252093395631434,0.0,45.0,-45.0,50.041666666666664,65.20034620251289,0.0,64374.73706264016,0.0,0.0,10.793083856345298,0.0,False,-5.5802639746487435,10.793083856345298,False,0.0,2.6026045083984553,6.0,3.5999999999999996,False,False,0.4717958234661693,0.5884715648981675,False,-0.412643926507162,-0.09890260582681516,False,0,False,0.3130870380660835,False,Normal,4,26
2025-01-22 20:00:00,0,0.0,0.0,0.0,20,2,0,-0.8660254037844386,0.5000000000000001,0.9749279121818236,-0.22252093395631434,0.0,0.0,0.0,50.041666666666664,65.20034620251289,0.0,64374.73706264016,0.0,0.0,10.775499724190041,0.0,False,-4.464211179718995,10.775499724190041,False,0.0,2.1026045083984553,6.0,3.5999999999999996,False,False,0.43234980852263294,0.5884715648981675,False,-0.5116326375515109,-0.09890260582681516,False,0,False,0.1677384785360122,False,Normal,4,26
2025-01-22 21:00:00,0,0.0,0.0,0.0,21,2,0,-0.7071067811865477,0.7071067811865474,0.9749279121818236,-0.22252093395631434,0.0,0.0,0.0,50.041666666666664,65.20034620251289,0.0,64374.73706264016,0.0,0.0,10.758001257491697,0.0,False,-3.5713689437751963,10.758001257491697,False,0.0,1.6026045083984553,6.0,3.5999999999999996,False,False,0.43256899853551856,0.5884715648981675,False,-0.5291507461844028,-0.09890260582681516,False,0,False,0.13982408160991536,False,Normal,4,26
2025-01-22 22:00:00,0,0.0,0.0,0.0,22,2,0,-0.5000000000000004,0.8660254037844384,0.9749279121818236,-0.22252093395631434,0.0,0.0,0.0,50.041666666666664,65.20034620251289,0.0,64374.73706264016,0.0,0.0,10.740587762933018,0.0,False,-2.8570951550201573,10.740587762933018,False,0.0,1.1026045083984553,6.0,3.5999999999999996,False,False,0.43241537045027606,0.5884715648981675,False,-0.5436735156360096,-0.09890260582681516,False,0,False,0.12154932002843623,False,Normal,4,26
2025-01-22 23:00:00,0,0.0,0.0,0.0,23,2,0,-0.25881904510252157,0.9659258262890681,0.9749279121818236,-0.22252093395631434,0.0,0.0,0.0,50.041666666666664,65.20034620251289,0.0,64374.73706264016,0.0,0.0,10.723258555027144,0.0,False,-2.285676124016126,10.723258555027144,False,0.0,0.6026045083984553,6.0,3.5999999999999996,False,False,0.43606649911738504,0.5884715648981675,False,-0.5569144416318674,-0.09890260582681516,False,0,False,0.11523579833751484,False,Normal,4,26
2025-01-23 00:00:00,0,0.0,0.0,0.0,0,3,0,0.0,1.0,0.43388373911755823,-0.900968867902419,0.0,0.0,0.0,50.041666666666664,65.20034620251289,0.0,64374.73706264016,0.0,0.0,10.706012956004274,0.0,False,-1.8285408992129009,10.706012956004274,False,0.0,0.10260450839845525,6.0,3.5999999999999996,False,False,0.4172485305897962,0.583142887320616,False,-0.5532029211685154,-0.10606539761533934,False,0,False,0.08917272469623816,False,Normal,4,26
2025-01-23 01:00:00,0,0.0,0.0,0.0,1,3,0,0.25881904510252074,0.9659258262890683,0.43388373911755823,-0.900968867902419,0.0,0.0,0.0,50.041666666666664,65.20034620251289,0.0,64374.73706264016,0.0,0.0,10.68885029570032,0.0,False,-1.4628327193703208,10.68885029570032,False,0.0,0.0,6.0,3.5999999999999996,False,False,0.4149201009652476,0.583142887320616,False,-0.5482141254557448,-0.10606539761533934,False,0,False,0.07881490876094747,False,Normal,4,26
2025-01-23 02:00:00,0,0.0,0.0,0.0,2,3,0,0.49999999999999994,0.8660254037844387,0.43388373911755823,-0.900968867902419,0.0,0.0,0.0,50.041666666666664,65.20034620251289,0.0,64374.73706264016,0.0,0.0,10.671769911447518,0.0,False,-1.1702661754962567,10.671769911447518,False,0.0,0.0,6.0,3.5999999999999996,False,False,0.4155688099759532,0.583142887320616,False,-0.5407806255272892,-0.10606539761533934,False,0,False,0.07812971002228158,False,Normal,4,26
2025-01-23 03:00:00,0,0.0,0.0,0.0,3,3,0,0.7071067811865476,0.7071067811865476,0.43388373911755823,-0.900968867902419,0.0,0.0,0.0,50.041666666666664,65.20034620251289,0.0,64374.73706264016,0.0,0.0,10.654771147966972,0.0,False,-0.9362129403970054,10.654771147966972,False,0.0,0.0,6.0,3.5999999999999996,False,False,0.4117753471183416,0.583142887320616,False,-0.5278280303543192,-0.10606539761533934,False,0,False,0.07642925676037304,False,Normal,4,26
2025-01-23 04:00:00,0,0.0,0.0,0.0,4,3,0,0.8660254037844386,0.5000000000000001,0.43388373911755823,-0.900968867902419,0.0,0.0,0.0,50.041666666666664,65.20034620251289,0.0,64374.73706264016,0.0,0.0,10.637853357263056,0.0,False,-0.7489703523176043,10.637853357263056,False,0.0,0.0,6.0,3.5999999999999996,False,False,0.41353762184518184,0.583142887320616,False,-0.5166009546981397,-0.10606539761533934,False,0,False,0.08584182212610657,False,Normal,4,26
2025-01-23 05:00:00,0,0.0,0.0,0.0,5,3,0,0.9659258262890683,0.25881904510252074,0.43388373911755823,-0.900968867902419,0.0,0.0,0.0,50.041666666666664,65.20034620251289,0.0,64374.73706264016,0.0,0.0,10.62101589851966,0.0,False,-0.5991762818540834,10.62101589851966,False,0.0,0.0,6.0,3.5999999999999996,False,False,0.415693702404971,0.583142887320616,False,-0.5006108157041353,-0.10606539761533934,False,0,False,0.10829827467712373,False,Normal,4,26
2025-01-23 06:00:00,14,8350.0,8818.0,17168.0,6,3,0,1.0,6.123233995736766e-17,0.43388373911755823,-0.900968867902419,-0.027258430892888347,0.0,14.0,50.041666666666664,65.20034620251289,-9.0,64374.73706264016,18.0,-4.0,10.604258137998249,-0.3772069623302356,False,-1.279341025483267,10.604258137998249,False,0.0,0.0,6.0,3.5999999999999996,False,False,0.463422767540166,0.583142887320616,False,-0.41415796816891914,-0.10606539761533934,False,0,False,0.245979167000315,False,Normal,4,26
2025-01-23 07:00:00,19,12235.0,16578.0,28813.0,7,3,0,0.9659258262890683,-0.25881904510252063,0.43388373911755823,-0.900968867902419,-0.1507253418477129,14.0,5.0,50.041666666666664,65.20034620251289,-8.0,64364.43827528329,27.0,-8.0,10.590219653608028,-0.7554139821145679,False,-2.6234728203866133,10.590219653608028,False,0.0,0.2554139821145679,6.0,3.5999999999999996,False,False,0.48032234400498175,0.583142887320616,False,-0.26528313305572837,-0.10606539761533934,False,0,False,0.3604901160757358,False,Normal,4,26
2025-01-23 08:00:00,66,24709.0,30657.0,55366.0,8,3,0,0.8660254037844387,-0.4999999999999998,0.43388373911755823,-0.900968867902419,-0.10742861271154297,19.0,47.0,49.791666666666664,65.31194655129214,20.0,64361.38370931952,61.0,5.0,10.58357867354823,0.47242999312667366,False,-1.098778256309291,10.58357867354823,False,0.0,0.0,6.0,3.5999999999999996,False,False,0.48439328172114765,0.583142887320616,False,-0.34452878736895287,-0.10606539761533934,False,0,False,0.32380649561601366,False,Normal,4,26
2025-01-23 09:00:00,104,28943.0,53332.0,82275.0,9,3,0,0.7071067811865476,-0.7071067811865475,0.43388373911755823,-0.900968867902419,-0.2964290923233993,66.0,38.0,49.75,65.300808970287,14.0,64374.30995560937,92.0,12.0,10.570437831894376,1.1352415283870438,False,1.5209773949525676,10.570437831894376,False,0.6352415283870438,0.0,6.0,3.5999999999999996,False,False,0.49952474145560105,0.583142887320616,False,-0.26879559257109475,-0.10606539761533934,False,0,False,0.3852675396898828,False,Normal,4,26
2025-01-23 10:00:00,125,47416.0,67043.0,114459.0,10,3,0,0.49999999999999994,-0.8660254037844387,0.43388373911755823,-0.900968867902419,-0.17147475100471782,104.0,21.0,50.416666666666664,65.78814262574167,4.0,64234.5160164514,125.5,-0.5,10.574407120512678,-0.047283974817848566,False,1.116781915962054,10.574407120512678,False,0.08795755356919532,0.0,6.0,3.5999999999999996,False,False,0.4890593632520171,0.583142887320616,False,-0.4727624099077068,-0.10606539761533934,False,0,False,0.2549647153707426,False,Normal,4,26
2025-01-23 11:00:00,96,42217.0,47907.0,90124.0,11,3,0,0.258819045102521,-0.9659258262890682,0.43388373911755823,-0.900968867902419,-0.06313453536754508,125.0,-29.0,49.958333333333336,65.20167987077492,-6.0,64566.81939474502,88.5,7.5,10.558055239054996,0.7103580943824738,False,2.393425532769643,10.558055239054996,False,0.2983156479516691,0.0,6.0,3.5999999999999996,False,False,0.47552120939656645,0.583142887320616,False,-0.4762819595707741,-0.10606539761533934,False,0,False,0.26318332348576245,False,Normal,4,26
2025-01-23 12:00:00,59,32200.0,35211.0,67411.0,12,3,0,1.2246467991473532e-16,-1.0,0.43388373911755823,-0.900968867902419,-0.04466563816531181,96.0,-37.0,50.25,65.39927535830428,3.0,64495.695273270816,68.0,-9.0,10.549412058989484,-0.8531281127018656,False,0.11474042621571456,10.549412058989484,False,0.0,0.3531281127018656,6.0,3.5999999999999996,False,False,0.45356259221604955,0.583142887320616,False,-0.4462093146903747,-0.10606539761533934,False,0,False,0.21504098525688875,False,Normal,4,26
2025-01-23 13:00:00,55,26769.0,26741.0,53510.0,13,3,0,-0.2588190451025208,-0.9659258262890683,0.43388373911755823,-0.900968867902419,0.0005232569004503747,59.0,-4.0,49.833333333333336,65.30641267312029,8.0,64518.172451980354,58.5,-3.5,10.545642668763527,-0.33189063103447386,False,-0.6082076590274283,10.545642668763527,False,0.0,0.18501874373633953,6.0,3.5999999999999996,False,False,0.44467522865091513,0.583142887320616,False,-0.3958620647838915,-0.10606539761533934,False,0,False,0.21718600645061115,False,Normal,4,26
2025-01-23 14:00:00,62,33334.0,41709.0,75043.0,14,3,0,-0.4999999999999997,-0.8660254037844388,0.43388373911755823,-0.900968867902419,-0.11160119396620649,55.0,7.0,49.791666666666664,65.30262606522416,-29.0,64505.04845323898,82.5,-20.5,10.531436680973826,-1.9465530317468895,False,-4.586566127221944,10.531436680973826,False,0.0,1.6315717754832288,6.0,3.5999999999999996,False,False,0.4855817442729446,0.583142887320616,False,-0.2751240465976639,-0.10606539761533934,False,0,False,0.43688323620394465,False,Normal,4,26
2025-01-23 15:00:00,121,63228.0,77222.0,140450.0,15,3,0,-0.7071067811865471,-0.7071067811865479,0.43388373911755823,-0.900968867902419,-0.09963617204576686,62.0,59.0,49.25,65.13814750873382,1.0,64538.24936994586,140.5,-19.5,10.57753013820777,-1.843530554412018,False,-7.569252901777555,10.57753013820777,False,0.0,2.975102329895247,6.0,3.5999999999999996,False,False,0.4697410329130791,0.583142887320616,False,-0.48382751900180065,-0.10606539761533934,False,0,False,0.3508130980712726,False,Normal,4,26
2025-01-23 16:00:00,193,81253.0,88795.0,170048.0,16,3,0,-0.8660254037844385,-0.5000000000000004,0.43388373911755823,-0.900968867902419,-0.04435192209304377,121.0,72.0,49.583333333333336,65.49803625776265,2.0,65036.40472218928,197.0,-4.0,10.616980474232957,-0.3767549549241294,False,-6.855402321422044,10.616980474232957,False,0.0,2.8518572848193764,6.0,3.5999999999999996,False,False,0.4973368009490853,0.583142887320616,False,-0.43149886486147637,-0.10606539761533934,False,0,False,0.3878547644557061,False,Normal,4,26
2025-01-23 17:00:00,215,112237.0,105962.0,218199.0,17,3,0,-0.9659258262890683,-0.25881904510252063,0.43388373911755823,-0.900968867902419,0.028758020164986253,193.0,22.0,49.208333333333336,64.60716016764347,-7.0,63922.05395872801,242.5,-27.5,10.603192276301371,-2.593558551367948,False,-10.984321857137637,10.603192276301371,True,0.0,4.945415836187324,6.0,3.5999999999999996,False,True,0.5415581491994221,0.583142887320616,False,-0.34599277371928694,-0.10606539761533934,False,1,False,0.5776738618246245,True,Building Stress,4,27
2025-01-23 18:00:00,33,15005.0,20854.0,35859.0,18,3,0,-1.0,-1.8369701987210297e-16,0.43388373911755823,-0.900968867902419,-0.16310652537646403,215.0,-182.0,48.916666666666664,63.80399106139302,-8.0,61753.46485894653,40.0,-7.0,10.695423696786872,-0.654485525627465,False,-10.18745748571011,10.695423696786872,False,0.0,5.09990136181479,6.0,3.5999999999999996,False,True,0.5668421968231231,0.583142887320616,False,0.1333231303671154,-0.10606539761533934,True,1,False,0.5823653366044171,True,Building Stress,4,28
2025-01-23 19:00:00,0,0.0,0.0,0.0,19,3,0,-0.9659258262890684,0.2588190451025203,0.43388373911755823,-0.900968867902419,0.0,33.0,-33.0,48.416666666666664,63.882988595431726,0.0,61777.60290856729,0.0,0.0,10.68614101601479,0.0,False,-8.14996598856809,10.68614101601479,False,0.0,4.59990136181479,6.0,3.5999999999999996,False,True,0.44284863803987434,0.583142887320616,False,-0.4068987394991248,-0.10606539761533934,False,0,False,0.30616033388040836,True,Building Stress,4,29
2025-01-23 20:00:00,0,0.0,0.0,0.0,20,3,0,-0.8660254037844386,0.5000000000000001,0.43388373911755823,-0.900968867902419,0.0,0.0,0.0,48.416666666666664,63.882988595431726,0.0,61777.60290856729,0.0,0.0,10.669986644969239,0.0,False,-6.519972790854472,10.669986644969239,False,0.0,4.09990136181479,6.0,3.5999999999999996,False,True,0.4173894995247271,0.583142887320616,False,-0.4746870029966739,-0.10606539761533934,False,0,False,0.21686926297936934,True,Building Stress,4,30
2025-01-23 21:00:00,0,0.0,0.0,0.0,21,3,0,-0.7071067811865477,0.7071067811865474,0.43388373911755823,-0.900968867902419,0.0,0.0,0.0,48.416666666666664,63.882988595431726,0.0,61777.60290856729,0.0,0.0,10.653905315402136,0.0,False,-5.215978232683578,10.653905315402136,False,0.0,3.5999013618147897,6.0,3.5999999999999996,False,False,0.41323911537746383,0.583142887320616,False,-0.5054355496697014,-0.10606539761533934,False,0,False,0.16145253414629152,False,Normal,4,30
2025-01-23 22:00:00,0,0.0,0.0,0.0,22,3,0,-0.5000000000000004,0.8660254037844384,0.43388373911755823,-0.900968867902419,0.0,0.0,0.0,48.416666666666664,63.882988595431726,0.0,61777.60290856729,0.0,0.0,10.637896478542869,0.0,False,-4.172782586146862,10.637896478542869,False,0.0,3.0999013618147897,6.0,3.5999999999999996,False,False,0.41477538564817445,0.583142887320616,False,-0.5187605950263126,-0.10606539761533934,False,0,False,0.13407253689639972,False,Normal,4,30
2025-01-23 23:00:00,0,0.0,0.0,0.0,23,3,0,-0.25881904510252157,0.9659258262890681,0.43388373911755823,-0.900968867902419,0.0,0.0,0.0,48.416666666666664,63.882988595431726,0.0,61777.60290856729,0.0,0.0,10.621959591375719,0.0,False,-3.33822606891749,10.621959591375719,False,0.0,2.5999013618147897,6.0,3.5999999999999996,False,False,0.41830686882900053,0.583142887320616,False,-0.5428090475280541,-0.10606539761533934,False,0,False,0.11387827862510393,False,Normal,4,30
2025-01-24 00:00:00,0,0.0,0.0,0.0,0,4,0,0.0,1.0,-0.433883739117558,-0.9009688679024191,0.0,0.0,0.0,48.416666666666664,63.882988595431726,0.0,61777.60290856729,0.0,0.0,10.606094116562497,0.0,False,-2.6705808551339922,10.606094116562497,False,0.0,2.0999013618147897,6.0,3.5999999999999996,False,False,0.4251326842704919,0.5922460304502571,False,-0.4831567522823026,-0.05318085020976997,False,0,False,0.16735753916874418,False,Normal,4,30
2025-01-24 01:00:00,0,0.0,0.0,0.0,1,4,0,0.25881904510252074,0.9659258262890683,-0.433883739117558,-0.9009688679024191,0.0,0.0,0.0,48.416666666666664,63.882988595431726,0.0,61777.60290856729,0.0,0.0,10.59029952236645,0.0,False,-2.1364646841071937,10.59029952236645,False,0.0,1.5999013618147897,6.0,3.5999999999999996,False,False,0.4228565376124071,0.5922460304502571,False,-0.4837880590219512,-0.05318085020976997,False,0,False,0.15736742512964652,False,Normal,4,30
2025-01-24 02:00:00,0,0.0,0.0,0.0,2,4,0,0.49999999999999994,0.8660254037844387,-0.433883739117558,-0.9009688679024191,0.0,0.0,0.0,48.416666666666664,63.882988595431726,0.0,61777.60290856729,0.0,0.0,10.5745752825774,0.0,False,-1.709171747285755,10.5745752825774,False,0.0,1.0999013618147897,6.0,3.5999999999999996,False,False,0.4195628218348871,0.5922460304502571,False,-0.4876832855644895,-0.05318085020976997,False,0,False,0.14332225995848696,False,Normal,4,30
2025-01-24 03:00:00,0,0.0,0.0,0.0,3,4,0,0.7071067811865476,0.7071067811865476,-0.433883739117558,-0.9009688679024191,0.0,0.0,0.0,48.416666666666664,63.882988595431726,0.0,61777.60290856729,0.0,0.0,10.558920876438124,0.0,False,-1.367337397828604,10.558920876438124,False,0.0,0.5999013618147897,6.0,3.5999999999999996,False,False,0.4158384601230344,0.5922460304502571,False,-0.48061304012302,-0.05318085020976997,False,0,False,0.13742532752205977,False,Normal,4,30
2025-01-24 04:00:00,0,0.0,0.0,0.0,4,4,0,0.8660254037844386,0.5000000000000001,-0.433883739117558,-0.9009688679024191,0.0,0.0,0.0,48.416666666666664,63.882988595431726,0.0,61777.60290856729,0.0,0.0,10.54333578857191,0.0,False,-1.0938699182628833,10.54333578857191,False,0.0,0.0999013618147897,6.0,3.5999999999999996,False,False,0.41938918600029934,0.5922460304502571,False,-0.4621492029329939,-0.05318085020976997,False,0,False,0.15886772680293187,False,Normal,4,30
2025-01-24 05:00:00,0,0.0,0.0,0.0,5,4,0,0.9659258262890683,0.25881904510252074,-0.433883739117558,-0.9009688679024191,0.0,0.0,0.0,48.416666666666664,63.882988595431726,0.0,61777.60290856729,0.0,0.0,10.527819508911293,0.0,False,-0.8750959346103067,10.527819508911293,False,0.0,0.0,6.0,3.5999999999999996,False,False,0.4213010795645808,0.5922460304502571,False,-0.4373967273942132,-0.05318085020976997,False,0,False,0.1735170250632606,False,Normal,4,30
2025-01-24 06:00:00,18,9205.0,12359.0,21564.0,6,4,0,1.0,6.123233995736766e-17,-0.433883739117558,-0.9009688679024191,-0.14625550660792952,0.0,18.0,48.416666666666664,63.882988595431726,-2.0,61777.60290856729,16.5,1.5,10.512371532627933,0.14268902077370005,False,-0.4000767476882453,10.512371532627933,False,0.0,0.0,6.0,3.5999999999999996,False,False,0.47898735779133916,0.5922460304502571,False,-0.12263243351588682,-0.05318085020976997,False,0,False,0.31219716636648065,False,Normal,4,30
2025-01-24 07:00:00,24,16525.0,19318.0,35843.0,7,4,0,0.9659258262890683,-0.25881904510252063,-0.433883739117558,-0.9009688679024191,-0.07792099096083026,18.0,6.0,48.583333333333336,63.7944502606455,-13.0,61689.089127219355,26.0,-2.0,10.497311123561653,-0.1905249807744496,False,-0.7200613981505963,10.497311123561653,False,0.0,0.0,6.0,3.5999999999999996,False,False,0.4767374281470306,0.5922460304502571,False,-0.14261888011003987,-0.05318085020976997,False,0,False,0.3126138417669472,False,Normal,4,30
2025-01-24 08:00:00,80,30127.0,31316.0,61443.0,8,4,0,0.8660254037844387,-0.4999999999999998,-0.433883739117558,-0.9009688679024191,-0.019350953713950916,24.0,56.0,48.791666666666664,63.70173649033486,15.0,61610.431519213475,61.0,19.0,10.482545144765572,1.812536911370956,False,3.223950881479523,10.482545144765572,False,1.312536911370956,0.0,6.0,3.5999999999999996,False,False,0.5000006487890594,0.5922460304502571,False,-0.2754653194879477,-0.05318085020976997,False,0,False,0.43197237672710975,False,Normal,4,30
2025-01-24 09:00:00,97,39995.0,49073.0,89068.0,9,4,0,0.7071067811865476,-0.7071067811865475,-0.433883739117558,-0.9009688679024191,-0.10192098260898853,80.0,17.0,49.375,63.929861363161464,-9.0,61653.03723232954,92.0,5.0,10.517261158289019,0.4754089420000117,False,3.5791607051836185,10.517261158289019,False,1.2879458533709678,0.0,6.0,3.5999999999999996,False,False,0.4718257974947795,0.5922460304502571,False,-0.4141425776743697,-0.05318085020976997,False,0,False,0.3021935403244793,False,Normal,4,30
2025-01-24 10:00:00,132,56717.0,60230.0,116947.0,10,4,0,0.49999999999999994,-0.8660254037844387,-0.433883739117558,-0.9009688679024191,-0.030038991688613743,97.0,35.0,49.083333333333336,63.685311026795745,-13.0,61829.73080499766,124.0,8.0,10.505397492551229,0.7615133083419584,False,4.463328564146895,10.505397492551229,False,1.5494591617129263,0.0,6.0,3.5999999999999996,False,False,0.4889343362037153,0.5922460304502571,False,-0.38611431032139865,-0.05318085020976997,False,0,False,0.3757701572111559,False,Normal,4,30
2025-01-24 11:00:00,90,54379.0,51042.0,105421.0,11,4,0,0.258819045102521,-0.9659258262890682,-0.433883739117558,-0.9009688679024191,0.03165373451461744,132.0,-42.0,49.375,64.06302094167832,2.0,61946.447037799364,88.5,1.5,10.498881867343146,0.14287235716650568,False,3.8706628513175163,10.498881867343146,False,1.192331518879432,0.0,6.0,3.5999999999999996,False,False,0.5010110622275704,0.5922460304502571,False,-0.359081497666242,-0.05318085020976997,False,0,False,0.3712058065393846,False,Normal,4,30
2025-01-24 12:00:00,81,37710.0,44433.0,82143.0,12,4,0,1.2246467991473532e-16,-1.0,-0.433883739117558,-0.9009688679024191,-0.08184407869107908,90.0,-9.0,49.125,63.88461915999337,5.0,62464.72213276215,66.0,15.0,10.484021762302465,1.430748651622958,False,6.096530281054013,10.484021762302465,False,2.12308017050239,0.0,6.0,3.5999999999999996,False,False,0.46612968056482396,0.5922460304502571,False,-0.502265688497159,-0.05318085020976997,False,0,False,0.2912846877112328,False,Normal,4,30
2025-01-24 13:00:00,61,29476.0,39841.0,69317.0,13,4,0,-0.2588190451025208,-0.9659258262890683,-0.433883739117558,-0.9009688679024191,-0.14952826105773392,81.0,-20.0,50.041666666666664,64.18958277035212,-11.0,62719.05211493275,56.0,5.0,10.499376768414056,0.47621874233924233,False,5.877224224843211,10.499376768414056,False,2.099298912841632,0.0,6.0,3.5999999999999996,False,False,0.48133924495579805,0.5922460304502571,False,-0.42497074144938196,-0.05318085020976997,False,0,False,0.3572831081667107,False,Normal,4,30
2025-01-24 14:00:00,85,43754.0,44490.0,88244.0,14,4,0,-0.4999999999999997,-0.8660254037844388,-0.433883739117558,-0.9009688679024191,-0.0083404158875857,61.0,24.0,50.291666666666664,64.22140992499016,-1.0,62837.86902802874,77.0,8.0,10.487567830590084,0.7628079388116701,False,6.301779379874569,10.487567830590084,False,2.3621068516533024,0.0,6.0,3.5999999999999996,False,False,0.44941033093423716,0.5922460304502571,False,-0.4855745411975776,-0.05318085020976997,False,0,False,0.2620712411960166,False,Normal,4,30
2025-01-24 15:00:00,178,71097.0,86635.0,157732.0,15,4,0,-0.7071067811865471,-0.7071067811865479,-0.433883739117558,-0.9009688679024191,-0.09850823860574515,85.0,93.0,51.25,64.57435889025115,21.0,63115.64897242317,127.5,50.5,10.480987108144477,4.818248460658623,True,15.141423503899656,10.480987108144477,True,0.0,0.0,6.0,3.5999999999999996,True,False,0.5400013643380456,0.5922460304502571,False,-0.36340658657129365,-0.05318085020976997,False,3,True,0.8462356228459242,False,Confirmed Anomaly,5,30
2025-01-24 16:00:00,193,87870.0,111975.0,199845.0,16,4,0,-0.8660254037844385,-0.5000000000000004,-0.433883739117558,-0.9009688679024191,-0.12061787576433854,178.0,15.0,53.625,68.19780214487345,-7.0,64263.46693106432,193.5,-0.5,10.804548210236488,-0.046276807717539545,False,12.013138803119725,10.804548210236488,True,0.0,0.0,6.0,3.5999999999999996,False,False,0.538530560215966,0.5922460304502571,False,-0.38065643646614933,-0.05318085020976997,False,1,False,0.4807560434033187,False,Normal,5,30
2025-01-24 17:00:00,235,108317.0,137392.0,245709.0,17,4,0,-0.9659258262890683,-0.25881904510252063,-0.433883739117558,-0.9009688679024191,-0.1183305522770746,193.0,42.0,53.625,68.19780214487345,-19.0,66874.82058389855,233.5,1.5,10.789273885725587,0.13902696473249496,False,9.91051104249578,10.789273885725587,False,0.0,0.0,6.0,3.5999999999999996,False,False,0.576351476465511,0.5922460304502571,False,-0.2850676451115648,-0.05318085020976997,False,0,False,0.5142335384771052,False,Normal,5,30
2025-01-24 18:00:00,33,17996.0,19280.0,37276.0,18,4,0,-1.0,-1.8369701987210297e-16,-0.433883739117558,-0.9009688679024191,-0.03444483193390026,235.0,-202.0,54.458333333333336,70.34386297304845,-4.0,69985.71527445046,38.0,-5.0,10.774170369691355,-0.4640728546548159,False,6.928408833996625,10.774170369691355,False,0.0,0.0,6.0,3.5999999999999996,False,False,0.562692382807337,0.5922460304502571,False,0.2817172252050526,-0.05318085020976997,True,1,False,0.5302095243354068,False,Normal,5,30
2025-01-24 19:00:00,0,0.0,0.0,0.0,19,4,0,-0.9659258262890684,0.2588190451025203,-0.433883739117558,-0.9009688679024191,0.0,33.0,-33.0,54.458333333333336,70.34386297304845,0.0,69969.85981100013,0.0,0.0,10.762619655885139,0.0,False,5.5427270671973,10.762619655885139,False,0.0,0.0,6.0,3.5999999999999996,False,False,0.4622535899600722,0.5922460304502571,False,-0.28196678808505493,-0.05318085020976997,False,0,False,0.3266176701366148,False,Normal,5,30
2025-01-24 20:00:00,0,0.0,0.0,0.0,20,4,0,-0.8660254037844386,0.5000000000000001,-0.433883739117558,-0.9009688679024191,0.0,0.0,0.0,54.458333333333336,70.34386297304845,0.0,69969.85981100013,0.0,0.0,10.747461029419416,0.0,False,4.4341816537578405,10.747461029419416,False,0.0,0.0,6.0,3.5999999999999996,False,False,0.4345021645086502,0.5922460304502571,False,-0.38792377261421707,-0.05318085020976997,False,0,False,0.25591781767918026,False,Normal,5,30
2025-01-24 21:00:00,0,0.0,0.0,0.0,21,4,0,-0.7071067811865477,0.7071067811865474,-0.433883739117558,-0.9009688679024191,0.0,0.0,0.0,54.458333333333336,70.34386297304845,0.0,69969.85981100013,0.0,0.0,10.732366273748026,0.0,False,3.5473453230062724,10.732366273748026,False,0.0,0.0,6.0,3.5999999999999996,False,False,0.4330049172559513,0.5922460304502571,False,-0.43080780401144425,-0.05318085020976997,False,0,False,0.2247898428959339,False,Normal,5,30
2025-01-24 22:00:00,0,0.0,0.0,0.0,22,4,0,-0.5000000000000004,0.8660254037844384,-0.433883739117558,-0.9009688679024191,0.0,0.0,0.0,54.458333333333336,70.34386297304845,0.0,69969.85981100013,0.0,0.0,10.717334941594244,0.0,False,2.837876258405018,10.717334941594244,False,0.0,0.0,6.0,3.5999999999999996,False,False,0.43303268567070263,0.5922460304502571,False,-0.45711911019957574,-0.05318085020976997,False,0,False,0.200276079921953,False,Normal,5,30
2025-01-24 23:00:00,0,0.0,0.0,0.0,23,4,0,-0.25881904510252157,0.9659258262890681,-0.433883739117558,-0.9009688679024191,0.0,0.0,0.0,54.458333333333336,70.34386297304845,0.0,69969.85981100013,0.0,0.0,10.702366590054185,0.0,False,2.2703010067240146,10.702366590054185,False,0.0,0.0,6.0,3.5999999999999996,False,False,0.4336385222255828,0.5922460304502571,False,-0.4792080846204658,-0.05318085020976997,False,0,False,0.17215200887585913,False,Normal,5,30
2025-01-25 00:00:00,0,0.0,0.0,0.0,0,5,1,0.0,1.0,-0.9749279121818236,-0.2225209339563146,0.0,0.0,0.0,54.458333333333336,70.34386297304845,0.0,69969.85981100013,0.0,0.0,10.68746078054201,0.0,False,1.8162408053792118,10.68746078054201,False,0.0,0.0,6.0,3.5999999999999996,False,False,0.49329511359334755,0.5929381067574325,False,-0.17364654809824054,0.043572030566384284,False,0,False,0.35161478807241453,False,Normal,5,30
2025-01-25 01:00:00,0,0.0,0.0,0.0,1,5,1,0.25881904510252074,0.9659258262890683,-0.9749279121818236,-0.2225209339563146,0.0,0.0,0.0,54.458333333333336,70.34386297304845,0.0,69969.85981100013,0.0,0.0,10.672617078735934,0.0,False,1.4529926443033696,10.672617078735934,False,0.0,0.0,6.0,3.5999999999999996,False,False,0.48212248161928456,0.5929381067574325,False,-0.20995122652595755,0.043572030566384284,False,0,False,0.3276544630731336,False,Normal,5,30
2025-01-25 02:00:00,0,0.0,0.0,0.0,2,5,1,0.49999999999999994,0.8660254037844387,-0.9749279121818236,-0.2225209339563146,0.0,0.0,0.0,54.458333333333336,70.34386297304845,0.0,69969.85981100013,0.0,0.0,10.657835054525078,0.0,False,1.1623941154426958,10.657835054525078,False,0.0,0.0,6.0,3.5999999999999996,False,False,0.4805214846931021,0.5929381067574325,False,-0.2578174105469282,0.043572030566384284,False,0,False,0.3156574653044806,False,Normal,5,30
2025-01-25 03:00:00,0,0.0,0.0,0.0,3,5,1,0.7071067811865476,0.7071067811865476,-0.9749279121818236,-0.2225209339563146,0.0,0.0,0.0,54.458333333333336,70.34386297304845,0.0,69969.85981100013,0.0,0.0,10.643114281957125,0.0,False,0.9299152923541567,10.643114281957125,False,0.0,0.0,6.0,3.5999999999999996,False,False,0.4752807931763682,0.5929381067574325,False,-0.26701826095294123,0.043572030566384284,False,0,False,0.29786710799192717,False,Normal,5,30
2025-01-25 04:00:00,0,0.0,0.0,0.0,4,5,1,0.8660254037844386,0.5000000000000001,-0.9749279121818236,-0.2225209339563146,0.0,0.0,0.0,54.458333333333336,70.34386297304845,0.0,69969.85981100013,0.0,0.0,10.628454339186765,0.0,False,0.7439322338833254,10.628454339186765,False,0.0,0.0,6.0,3.5999999999999996,False,False,0.4738259087724205,0.5929381067574325,False,-0.32218053647770883,0.043572030566384284,False,0,False,0.28140271733950695,False,Normal,5,30
2025-01-25 05:00:00,0,0.0,0.0,0.0,5,5,1,0.9659258262890683,0.25881904510252074,-0.9749279121818236,-0.2225209339563146,0.0,0.0,0.0,54.458333333333336,70.34386297304845,0.0,69969.85981100013,0.0,0.0,10.613854808424922,0.0,False,0.5951457871066603,10.613854808424922,False,0.0,0.0,6.0,3.5999999999999996,False,False,0.47490763555645754,0.5929381067574325,False,-0.3633828601139535,0.043572030566384284,False,0,False,0.2725026411414416,False,Normal,5,30
2025-01-25 06:00:00,0,0.0,0.0,0.0,6,5,1,1.0,6.123233995736766e-17,-0.9749279121818236,-0.2225209339563146,0.0,0.0,0.0,54.458333333333336,70.34386297304845,0.0,69969.85981100013,0.0,0.0,10.59931527588874,0.0,False,0.4761166296853283,10.59931527588874,False,0.0,0.0,6.0,3.5999999999999996,False,False,0.47540126633757246,0.5929381067574325,False,-0.40205134878846516,0.043572030566384284,False,0,False,0.2575572231139627,False,Normal,5,30
2025-01-25 07:00:00,0,0.0,0.0,0.0,7,5,1,0.9659258262890683,-0.25881904510252063,-0.9749279121818236,-0.2225209339563146,0.0,0.0,0.0,53.708333333333336,70.84366079870746,0.0,70548.67270785877,0.0,0.0,10.58483533175234,0.0,False,0.3808933037482627,10.58483533175234,False,0.0,0.0,6.0,3.5999999999999996,False,False,0.4775544261026688,0.5929381067574325,False,-0.43994632069372996,0.043572030566384284,False,0,False,0.24617487527705254,False,Normal,5,30
2025-01-25 08:00:00,0,0.0,0.0,0.0,8,5,1,0.8660254037844387,-0.4999999999999998,-0.9749279121818236,-0.2225209339563146,0.0,0.0,0.0,52.708333333333336,71.44805298510464,0.0,71318.48322645978,0.0,0.0,10.57041457009828,0.0,False,0.3047146429986102,10.57041457009828,False,0.0,0.0,6.0,3.5999999999999996,False,False,0.47879842128359673,0.5929381067574325,False,-0.44154502386870287,0.043572030566384284,False,0,False,0.2466929823364194,False,Normal,5,30
2025-01-25 09:00:00,0,0.0,0.0,0.0,9,5,1,0.7071067811865476,-0.7071067811865475,-0.9749279121818236,-0.2225209339563146,0.0,0.0,0.0,49.375,71.98358055532677,0.0,72071.6342984986,0.0,0.0,10.556052588869775,0.0,False,0.24377171439888815,10.556052588869775,False,0.0,0.0,6.0,3.5999999999999996,False,False,0.47736546692533594,0.5929381067574325,False,-0.47683286515013834,0.043572030566384284,False,0,False,0.21416152679676823,False,Normal,5,30
2025-01-25 10:00:00,0,0.0,0.0,0.0,10,5,1,0.49999999999999994,-0.8660254037844387,-0.9749279121818236,-0.2225209339563146,0.0,0.0,0.0,45.333333333333336,71.91641686355595,0.0,72246.83699465245,0.0,0.0,10.54174898982362,0.0,False,0.19501737151911053,10.54174898982362,False,0.0,0.0,6.0,3.5999999999999996,False,False,0.4819562346885325,0.5929381067574325,False,-0.49165556873414684,0.043572030566384284,False,0,False,0.21426837476358224,False,Normal,5,30
2025-01-25 11:00:00,0,0.0,0.0,0.0,11,5,1,0.258819045102521,-0.9659258262890682,-0.9749279121818236,-0.2225209339563146,0.0,0.0,0.0,39.833333333333336,70.02277062354148,0.0,71185.69648674187,0.0,0.0,10.527503378483795,0.0,False,0.15601389721528844,10.527503378483795,False,0.0,0.0,6.0,3.5999999999999996,False,False,0.4926180588148542,0.5929381067574325,False,-0.4879860119707078,0.043572030566384284,False,0,False,0.23277070004927394,False,Normal,5,30
2025-01-25 12:00:00,0,0.0,0.0,0.0,12,5,1,1.2246467991473532e-16,-1.0,-0.9749279121818236,-0.2225209339563146,0.0,0.0,0.0,36.083333333333336,69.6281531432863,0.0,70289.14409918255,0.0,0.0,10.513315364095774,0.0,False,0.12481111777223075,10.513315364095774,False,0.0,0.0,6.0,3.5999999999999996,False,False,0.499576265161271,0.5929381067574325,False,-0.4828100922690628,0.043572030566384284,False,0,False,0.24330697496448472,False,Normal,5,30
2025-01-25 13:00:00,0,0.0,0.0,0.0,13,5,1,-0.2588190451025208,-0.9659258262890683,-0.9749279121818236,-0.2225209339563146,0.0,0.0,0.0,32.708333333333336,69.31872146056604,0.0,69978.2545729075,0.0,0.0,10.499184559581517,0.0,False,0.0998488942177846,10.499184559581517,False,0.0,0.0,6.0,3.5999999999999996,False,False,0.49891458722716925,0.5929381067574325,False,-0.47424963689107424,0.043572030566384284,False,0,False,0.24880480071333294,False,Normal,5,30
2025-01-25 14:00:00,0,0.0,0.0,0.0,14,5,1,-0.4999999999999997,-0.8660254037844388,-0.9749279121818236,-0.2225209339563146,0.0,0.0,0.0,30.166666666666668,69.35458147097778,0.0,69855.51335927898,0.0,0.0,10.4851105814951,0.0,False,0.07987911537422769,10.4851105814951,False,0.0,0.0,6.0,3.5999999999999996,False,False,0.5008297927943421,0.5929381067574325,False,-0.46628619938293414,0.043572030566384284,False,0,False,0.2600612900114941,False,Normal,5,30
2025-01-25 15:00:00,0,0.0,0.0,0.0,15,5,1,-0.7071067811865471,-0.7071067811865479,-0.9749279121818236,-0.2225209339563146,0.0,0.0,0.0,26.625,68.5989051123172,0.0,68993.7513067963,0.0,0.0,10.471093049979023,0.0,False,0.06390329229938216,10.471093049979023,False,0.0,0.0,6.0,3.5999999999999996,False,False,0.5054636990537437,0.5929381067574325,False,-0.45549579834459064,0.043572030566384284,False,0,False,0.2753536266254441,False,Normal,5,30
2025-01-25 16:00:00,0,0.0,0.0,0.0,16,5,1,-0.8660254037844385,-0.5000000000000004,-0.9749279121818236,-0.2225209339563146,0.0,0.0,0.0,19.208333333333332,60.68735214313547,0.0,63241.05132703973,0.0,0.0,10.45713158872115,0.0,False,0.05112263383950573,10.45713158872115,False,0.0,0.0,6.0,3.5999999999999996,False,False,0.5296686905877847,0.5929381067574325,False,-0.41528546563201574,0.043572030566384284,False,0,False,0.3101902460981696,False,Normal,5,30
2025-01-25 17:00:00,0,0.0,0.0,0.0,17,5,1,-0.9659258262890683,-0.25881904510252063,-0.9749279121818236,-0.2225209339563146,0.0,0.0,0.0,11.166666666666666,48.14892356615787,0.0,50400.882036345996,0.0,0.0,10.443225824912268,0.0,False,0.040898107071604586,10.443225824912268,False,0.0,0.0,6.0,3.5999999999999996,False,False,0.5727180713789791,0.5929381067574325,False,-0.3281637613873154,0.043572030566384284,False,0,False,0.36179998178758827,False,Normal,5,30
2025-01-25 18:00:00,0,0.0,0.0,0.0,18,5,1,-1.0,-1.8369701987210297e-16,-0.9749279121818236,-0.2225209339563146,0.0,0.0,0.0,1.375,6.736096792653941,0.0,7608.931637665378,0.0,0.0,10.42937538920428,0.0,False,0.03271848565728367,10.42937538920428,False,0.0,0.0,6.0,3.5999999999999996,False,False,0.5846911099102018,0.5929381067574325,False,-0.5065735225729995,0.043572030566384284,False,0,False,0.2706952911790711,False,Normal,5,30
2025-01-25 19:00:00,0,0.0,0.0,0.0,19,5,1,-0.9659258262890684,0.2588190451025203,-0.9749279121818236,-0.2225209339563146,0.0,0.0,0.0,0.0,0.0,0.0,0.0,0.0,0.0,10.415579915669003,0.0,False,0.02617478852582694,10.415579915669003,False,0.0,0.0,6.0,3.5999999999999996,False,False,0.5310413266312529,0.5929381067574325,False,-0.5160645994797465,0.043572030566384284,False,0,False,0.23071403493358839,False,Normal,5,30
2025-01-25 20:00:00,0,0.0,0.0,0.0,20,5,1,-0.8660254037844386,0.5000000000000001,-0.9749279121818236,-0.2225209339563146,0.0,0.0,0.0,0.0,0.0,0.0,0.0,0.0,0.0,10.401839041757558,0.0,False,0.020939830820661552,10.401839041757558,False,0.0,0.0,6.0,3.5999999999999996,False,False,0.5216543034224103,0.5929381067574325,False,-0.5174861576680866,0.043572030566384284,False,0,False,0.22492743155900632,False,Normal,5,30
2025-01-25 21:00:00,0,0.0,0.0,0.0,21,5,1,-0.7071067811865477,0.7071067811865474,-0.9749279121818236,-0.2225209339563146,0.0,0.0,0.0,0.0,0.0,0.0,0.0,0.0,0.0,10.388152408260355,0.0,False,0.016751864656529242,10.388152408260355,False,0.0,0.0,6.0,3.5999999999999996,False,False,0.521386605082784,0.5929381067574325,False,-0.517769987687292,0.043572030566384284,False,0,False,0.22453964179941993,False,Normal,5,30
2025-01-25 22:00:00,0,0.0,0.0,0.0,22,5,1,-0.5000000000000004,0.8660254037844384,-0.9749279121818236,-0.2225209339563146,0.0,0.0,0.0,0.0,0.0,0.0,0.0,0.0,0.0,10.374519659267648,0.0,False,0.013401491725223395,10.374519659267648,False,0.0,0.0,6.0,3.5999999999999996,False,False,0.5322971216584783,0.5929381067574325,False,-0.516173134454543,0.043572030566384284,False,0,False,0.23111605012200054,False,Normal,5,30
2025-01-25 23:00:00,0,0.0,0.0,0.0,23,5,1,-0.25881904510252157,0.9659258262890681,-0.9749279121818236,-0.2225209339563146,0.0,0.0,0.0,0.0,0.0,0.0,0.0,0.0,0.0,10.360940442130667,0.0,False,0.010721193380178717,10.360940442130667,False,0.0,0.0,6.0,3.5999999999999996,False,False,0.5449884334183404,0.5929381067574325,False,-0.5074012927615261,0.043572030566384284,False,0,False,0.24877412940167307,False,Normal,5,30
2025-01-26 00:00:00,0,0.0,0.0,0.0,0,6,1,0.0,1.0,-0.7818314824680299,0.6234898018587334,0.0,0.0,0.0,0.0,0.0,0.0,0.0,0.0,0.0,10.347414407423297,0.0,False,0.008576954704142974,10.347414407423297,False,0.0,0.0,6.0,3.5999999999999996,False,False,0.4916267877229871,0.596238236016965,False,-0.5075733487566926,-0.09499758184909428,False,0,False,0.20841085160607112,False,Normal,5,30
2025-01-26 01:00:00,0,0.0,0.0,0.0,1,6,1,0.25881904510252074,0.9659258262890683,-0.7818314824680299,0.6234898018587334,0.0,0.0,0.0,0.0,0.0,0.0,0.0,0.0,0.0,10.333941208904319,0.0,False,0.00686156376331438,10.333941208904319,False,0.0,0.0,6.0,3.5999999999999996,False,False,0.4897638073054197,0.596238236016965,False,-0.4884776509897619,-0.09499758184909428,False,0,False,0.22624660123128143,False,Normal,5,30
2025-01-26 02:00:00,0,0.0,0.0,0.0,2,6,1,0.49999999999999994,0.8660254037844387,-0.7818314824680299,0.6234898018587334,0.0,0.0,0.0,0.0,0.0,0.0,0.0,0.0,0.0,10.320520503480182,0.0,False,0.0054892510106515045,10.320520503480182,False,0.0,0.0,6.0,3.5999999999999996,False,False,0.4887224902483809,0.596238236016965,False,-0.4662187343383788,-0.09499758184909428,False,0,False,0.2442745381555665,False,Normal,5,30
2025-01-26 03:00:00,0,0.0,0.0,0.0,3,6,1,0.7071067811865476,0.7071067811865476,-0.7818314824680299,0.6234898018587334,0.0,0.0,0.0,0.0,0.0,0.0,0.0,0.0,0.0,10.3071519511683,0.0,False,0.004391400808521204,10.3071519511683,False,0.0,0.0,6.0,3.5999999999999996,False,False,0.4887577837741984,0.596238236016965,False,-0.44492223769379646,-0.09499758184909428,False,0,False,0.2591931215466343,False,Normal,5,30
2025-01-26 04:00:00,0,0.0,0.0,0.0,4,6,1,0.8660254037844386,0.5000000000000001,-0.7818314824680299,0.6234898018587334,0.0,0.0,0.0,0.0,0.0,0.0,0.0,0.0,0.0,10.293835215060893,0.0,False,0.0035131206468169635,10.293835215060893,False,0.0,0.0,6.0,3.5999999999999996,False,False,0.4892500122104456,0.596238236016965,False,-0.4223982654519467,-0.09499758184909428,False,0,False,0.2724996944637599,False,Normal,5,30
2025-01-26 05:00:00,0,0.0,0.0,0.0,5,6,1,0.9659258262890683,0.25881904510252074,-0.7818314824680299,0.6234898018587334,0.0,0.0,0.0,0.0,0.0,0.0,0.0,0.0,0.0,10.280569961289306,0.0,False,0.002810496517453571,10.280569961289306,False,0.0,0.0,6.0,3.5999999999999996,False,False,0.4880247025314499,0.596238236016965,False,-0.4248212018212334,-0.09499758184909428,False,0,False,0.26879100691685437,False,Normal,5,30
2025-01-26 06:00:00,0,0.0,0.0,0.0,6,6,1,1.0,6.123233995736766e-17,-0.7818314824680299,0.6234898018587334,0.0,0.0,0.0,0.0,0.0,0.0,0.0,0.0,0.0,10.267355858988866,0.0,False,0.0022483972139628566,10.267355858988866,False,0.0,0.0,6.0,3.5999999999999996,False,False,0.4963851673611975,0.596238236016965,False,-0.4274291942383537,-0.09499758184909428,False,0,False,0.27971449569432894,False,Normal,5,30
2025-01-26 07:00:00,0,0.0,0.0,0.0,7,6,1,0.9659258262890683,-0.25881904510252063,-0.7818314824680299,0.6234898018587334,0.0,0.0,0.0,0.0,0.0,0.0,0.0,0.0,0.0,10.254192580264219,0.0,False,0.0017987177711702854,10.254192580264219,False,0.0,0.0,6.0,3.5999999999999996,False,False,0.49147623859220535,0.596238236016965,False,-0.42543511156798264,-0.09499758184909428,False,0,False,0.2740431658692447,False,Normal,5,30
2025-01-26 08:00:00,0,0.0,0.0,0.0,8,6,1,0.8660254037844387,-0.4999999999999998,-0.7818314824680299,0.6234898018587334,0.0,0.0,0.0,0.0,0.0,0.0,0.0,0.0,0.0,10.241079800155145,0.0,False,0.0014389742169362285,10.241079800155145,False,0.0,0.0,6.0,3.5999999999999996,False,False,0.493734636512649,0.596238236016965,False,-0.4246409296936935,-0.09499758184909428,False,0,False,0.2783450465388332,False,Normal,5,30
2025-01-26 09:00:00,0,0.0,0.0,0.0,9,6,1,0.7071067811865476,-0.7071067811865475,-0.7818314824680299,0.6234898018587334,0.0,0.0,0.0,0.0,0.0,0.0,0.0,0.0,0.0,10.22801719660288,0.0,False,0.0011511793735489828,10.22801719660288,False,0.0,0.0,6.0,3.5999999999999996,False,False,0.4957499749004033,0.596238236016965,False,-0.4248783039291537,-0.09499758184909428,False,0,False,0.2803773696265937,False,Normal,5,30
2025-01-26 10:00:00,0,0.0,0.0,0.0,10,6,1,0.49999999999999994,-0.8660254037844387,-0.7818314824680299,0.6234898018587334,0.0,0.0,0.0,0.0,0.0,0.0,0.0,0.0,0.0,10.215004450416878,0.0,False,0.0009209434988391862,10.215004450416878,False,0.0,0.0,6.0,3.5999999999999996,False,False,0.4963203352943605,0.596238236016965,False,-0.421988258866991,-0.09499758184909428,False,0,False,0.28201258706391574,False,Normal,5,30
2025-01-26 11:00:00,0,0.0,0.0,0.0,11,6,1,0.258819045102521,-0.9659258262890682,-0.7818314824680299,0.6234898018587334,0.0,0.0,0.0,0.0,0.0,0.0,0.0,0.0,0.0,10.202041245242063,0.0,False,0.0007367547990713491,10.202041245242063,False,0.0,0.0,6.0,3.5999999999999996,False,False,0.5015630537365826,0.596238236016965,False,-0.42067960138647353,-0.09499758184909428,False,0,False,0.28870465268630247,False,Normal,5,30
2025-01-26 12:00:00,0,0.0,0.0,0.0,12,6,1,1.2246467991473532e-16,-1.0,-0.7818314824680299,0.6234898018587334,0.0,0.0,0.0,0.0,0.0,0.0,0.0,0.0,0.0,10.189127267526517,0.0,False,0.0005894038392570793,10.189127267526517,False,0.0,0.0,6.0,3.5999999999999996,False,False,0.5022849087881729,0.596238236016965,False,-0.4236051080331815,-0.09499758184909428,False,0,False,0.28795343350705954,False,Normal,5,30
2025-01-26 13:00:00,0,0.0,0.0,0.0,13,6,1,-0.2588190451025208,-0.9659258262890683,-0.7818314824680299,0.6234898018587334,0.0,0.0,0.0,0.0,0.0,0.0,0.0,0.0,0.0,10.176262206489637,0.0,False,0.00047152307140566345,10.176262206489637,False,0.0,0.0,6.0,3.5999999999999996,False,False,0.49527685601834365,0.596238236016965,False,-0.42120372945837437,-0.09499758184909428,False,0,False,0.28198260576859363,False,Normal,5,30
2025-01-26 14:00:00,0,0.0,0.0,0.0,14,6,1,-0.4999999999999997,-0.8660254037844388,-0.7818314824680299,0.6234898018587334,0.0,0.0,0.0,0.0,0.0,0.0,0.0,0.0,0.0,10.163445754090706,0.0,False,0.0003772184571245308,10.163445754090706,False,0.0,0.0,6.0,3.5999999999999996,False,False,0.4922997771659414,0.596238236016965,False,-0.4445413244140335,-0.09499758184909428,False,0,False,0.2652443313269403,False,Normal,5,30
2025-01-26 15:00:00,0,0.0,0.0,0.0,15,6,1,-0.7071067811865471,-0.7071067811865479,-0.7818314824680299,0.6234898018587334,0.0,0.0,0.0,0.0,0.0,0.0,0.0,0.0,0.0,10.150677604997929,0.0,False,0.0003017747656996247,10.150677604997929,False,0.0,0.0,6.0,3.5999999999999996,False,False,0.4911119032287052,0.596238236016965,False,-0.46294966717429475,-0.09499758184909428,False,0,False,0.25140895380991646,False,Normal,5,30
2025-01-26 16:00:00,0,0.0,0.0,0.0,16,6,1,-0.8660254037844385,-0.5000000000000004,-0.7818314824680299,0.6234898018587334,0.0,0.0,0.0,0.0,0.0,0.0,0.0,0.0,0.0,10.137957456557874,0.0,False,0.00024141981255969974,10.137957456557874,False,0.0,0.0,6.0,3.5999999999999996,False,False,0.49012386931523133,0.596238236016965,False,-0.48628230904805436,-0.09499758184909428,False,0,False,0.22799982670017727,False,Normal,5,30
2025-01-26 17:00:00,0,0.0,0.0,0.0,17,6,1,-0.9659258262890683,-0.25881904510252063,-0.7818314824680299,0.6234898018587334,0.0,0.0,0.0,0.0,0.0,0.0,0.0,0.0,0.0,10.12528500876534,0.0,False,0.00019313585004775982,10.12528500876534,False,0.0,0.0,6.0,3.5999999999999996,False,False,0.4858906426766096,0.596238236016965,False,-0.5073533960117818,-0.09499758184909428,False,0,False,0.19930061400030163,False,Normal,5,30
2025-01-26 18:00:00,0,0.0,0.0,0.0,18,6,1,-1.0,-1.8369701987210297e-16,-0.7818314824680299,0.6234898018587334,0.0,0.0,0.0,0.0,0.0,0.0,0.0,0.0,0.0,10.112659964233641,0.0,False,0.00015450868003820785,10.112659964233641,False,0.0,0.0,6.0,3.5999999999999996,False,False,0.48661792348258215,0.596238236016965,False,-0.5139957108334938,-0.09499758184909428,False,0,False,0.19312026933875967,False,Normal,5,30
2025-01-26 19:00:00,0,0.0,0.0,0.0,19,6,1,-0.9659258262890684,0.2588190451025203,-0.7818314824680299,0.6234898018587334,0.0,0.0,0.0,0.0,0.0,0.0,0.0,0.0,0.0,10.100082028165293,0.0,False,0.0001236069440305663,10.100082028165293,False,0.0,0.0,6.0,3.5999999999999996,False,False,0.4768901424429928,0.596238236016965,False,-0.5167550362703383,-0.09499758184909428,False,0,False,0.16966475708009907,False,Normal,5,30
2025-01-26 20:00:00,0,0.0,0.0,0.0,20,6,1,-0.8660254037844386,0.5000000000000001,-0.7818314824680299,0.6234898018587334,0.0,0.0,0.0,0.0,0.0,0.0,0.0,0.0,0.0,10.087550908323099,0.0,False,9.888555522445304e-05,10.087550908323099,False,0.0,0.0,6.0,3.5999999999999996,False,False,0.4796184186626957,0.596238236016965,False,-0.5226943644591702,-0.09499758184909428,False,0,False,0.16961757527867125,False,Normal,5,30
2025-01-26 21:00:00,0,0.0,0.0,0.0,21,6,1,-0.7071067811865477,0.7071067811865474,-0.7818314824680299,0.6234898018587334,0.0,0.0,0.0,0.0,0.0,0.0,0.0,0.0,0.0,10.075066315001637,0.0,False,7.910844417956244e-05,10.075066315001637,False,0.0,0.0,6.0,3.5999999999999996,False,False,0.48398053697572546,0.596238236016965,False,-0.5232729798692918,-0.09499758184909428,False,0,False,0.1787933126169219,False,Normal,5,30
2025-01-26 22:00:00,0,0.0,0.0,0.0,22,6,1,-0.5000000000000004,0.8660254037844384,-0.7818314824680299,0.6234898018587334,0.0,0.0,0.0,0.0,0.0,0.0,0.0,0.0,0.0,10.062627960999126,0.0,False,6.328675534364995e-05,10.062627960999126,False,0.0,0.0,6.0,3.5999999999999996,False,False,0.4859363408360268,0.596238236016965,False,-0.5195040302650209,-0.09499758184909428,False,0,False,0.18583895837432524,False,Normal,5,30
2025-01-26 23:00:00,0,0.0,0.0,0.0,23,6,1,-0.25881904510252157,0.9659258262890681,-0.7818314824680299,0.6234898018587334,0.0,0.0,0.0,0.0,0.0,0.0,0.0,0.0,0.0,10.050235561589673,0.0,False,5.0629404274919964e-05,10.050235561589673,False,0.0,0.0,6.0,3.5999999999999996,False,False,0.48547526233054744,0.596238236016965,False,-0.5161013208601961,-0.09499758184909428,False,0,False,0.1888350253079602,False,Normal,5,30
2025-01-27 00:00:00,0,0.0,0.0,0.0,0,0,0,0.0,1.0,0.0,1.0,0.0,0.0,0.0,0.0,0.0,0.0,0.0,0.0,0.0,10.037888834495902,0.0,False,4.0503523419935976e-05,10.037888834495902,False,0.0,0.0,6.0,3.5999999999999996,False,False,0.5276827667760399,0.599848698348907,False,-0.1461550693005258,-0.09942966714502342,False,0,False,0.35405023072775804,False,Normal,5,30
2025-01-27 01:00:00,0,0.0,0.0,0.0,1,0,0,0.25881904510252074,0.9659258262890683,0.0,1.0,0.0,0.0,0.0,0.0,0.0,0.0,0.0,0.0,0.0,10.025587499861947,0.0,False,3.240281873594878e-05,10.025587499861947,False,0.0,0.0,6.0,3.5999999999999996,False,False,0.5146235429586623,0.599848698348907,False,-0.17325635397020678,-0.09942966714502342,False,0,False,0.34541246982052104,False,Normal,5,30
2025-01-27 02:00:00,0,0.0,0.0,0.0,2,0,0,0.49999999999999994,0.8660254037844387,0.0,1.0,0.0,0.0,0.0,0.0,0.0,0.0,0.0,0.0,0.0,10.01333128022681,0.0,False,2.5922254988759027e-05,10.01333128022681,False,0.0,0.0,6.0,3.5999999999999996,False,False,0.5081141894248056,0.599848698348907,False,-0.2162274989239341,-0.09942966714502342,False,0,False,0.3394432722112808,False,Normal,5,30
2025-01-27 03:00:00,0,0.0,0.0,0.0,3,0,0,0.7071067811865476,0.7071067811865476,0.0,1.0,0.0,0.0,0.0,0.0,0.0,0.0,0.0,0.0,0.0,10.001119900498072,0.0,False,2.073780399100722e-05,10.001119900498072,False,0.0,0.0,6.0,3.5999999999999996,False,False,0.5029100643397532,0.599848698348907,False,-0.2455401621931761,-0.09942966714502342,False,0,False,0.3328888878112536,False,Normal,5,30
2025-01-27 04:00:00,0,0.0,0.0,0.0,4,0,0,0.8660254037844386,0.5000000000000001,0.0,1.0,0.0,0.0,0.0,0.0,0.0,0.0,0.0,0.0,0.0,9.988953087925967,0.0,False,1.6590243192805776e-05,9.988953087925967,False,0.0,0.0,6.0,3.5999999999999996,False,False,0.5033220211990937,0.599848698348907,False,-0.2673627258885638,-0.09942966714502342,False,0,False,0.33118002440975725,False,Normal,5,30
2025-01-27 05:00:00,0,0.0,0.0,0.0,5,0,0,0.9659258262890683,0.25881904510252074,0.0,1.0,0.0,0.0,0.0,0.0,0.0,0.0,0.0,0.0,0.0,9.976830572077787,0.0,False,1.3272194554244622e-05,9.976830572077787,False,0.0,0.0,6.0,3.5999999999999996,False,False,0.5102644145667287,0.599848698348907,False,-0.3012055637651141,-0.09942966714502342,False,0,False,0.3323269785714705,False,Normal,5,30
2025-01-27 06:00:00,11,9927.0,13397.0,23324.0,6,0,0,1.0,6.123233995736766e-17,0.0,1.0,-0.1487674169346195,0.0,11.0,0.0,0.0,-5.0,0.0,17.5,-6.5,9.964752084812638,-0.6522992187539421,False,-1.2999893822443567,9.964752084812638,False,0.0,0.15229921875394214,6.0,3.5999999999999996,False,False,0.5908719679938768,0.599848698348907,False,-0.02972484142032661,-0.09942966714502342,True,1,False,0.4302400266464381,False,Normal,5,30
2025-01-27 07:00:00,38,14672.0,20224.0,34896.0,7,0,0,0.9659258262890683,-0.25881904510252063,0.0,1.0,-0.1590967704960312,11.0,27.0,0.4583333333333333,2.2453655975512463,-8.0,4760.991563389571,25.0,13.0,9.9582162096136,1.3054546844895656,False,1.5600084942045147,9.9582162096136,False,0.8054546844895656,0.0,6.0,3.5999999999999996,False,False,0.6113913154054484,0.599848698348907,True,-0.04706209846240017,-0.09942966714502342,True,2,False,0.4609273260960486,False,Watch,5,30
2025-01-27 08:00:00,70,32618.0,31884.0,64502.0,8,0,0,0.8660254037844387,-0.4999999999999998,0.0,1.0,0.011379315690743066,38.0,32.0,2.0416666666666665,7.9808420971542935,-4.0,8393.85845705665,65.5,4.5,9.965901084700157,0.45153970140326666,False,2.148006795363612,9.965901084700157,False,0.7569943858928323,0.0,6.0,3.5999999999999996,False,False,0.5887291300060679,0.599848698348907,False,-0.18907435611973367,-0.09942966714502342,False,0,False,0.4320492712760527,False,Normal,5,30
2025-01-27 09:00:00,104,33888.0,51915.0,85803.0,9,0,0,0.7071067811865476,-0.7071067811865475,0.0,1.0,-0.21009510046151694,70.0,34.0,4.958333333333333,15.982270521252378,10.0,15172.51387246507,94.5,9.5,9.956081355780594,0.9541906760820321,False,3.6184054362908897,9.956081355780594,False,1.2111850619748643,0.0,6.0,3.5999999999999996,False,False,0.6147663950919465,0.599848698348907,True,-0.23982508293607574,-0.09942966714502342,False,1,False,0.47475819171415246,False,Normal,5,30
2025-01-27 10:00:00,135,54931.0,67770.0,122701.0,10,0,0,0.49999999999999994,-0.8660254037844387,0.0,1.0,-0.10463562126126713,104.0,31.0,9.291666666666666,25.71495786446119,12.0,22334.0493164082,126.5,8.5,9.954379432736202,0.8538955197997279,False,4.594724349032712,9.954379432736202,False,1.565080581774592,0.0,6.0,3.5999999999999996,False,False,0.599317073283959,0.599848698348907,False,-0.32383663335598345,-0.09942966714502342,False,0,False,0.4712720084837265,False,Normal,5,30
2025-01-27 11:00:00,113,52818.0,55385.0,108203.0,11,0,0,0.258819045102521,-0.9659258262890682,0.0,1.0,-0.02372370707182729,135.0,-22.0,14.916666666666666,36.21543829659518,-7.0,32146.85080108993,89.5,23.5,9.950548181856982,2.3616789317042834,False,8.375779479226171,9.950548181856982,False,3.4267595134788755,0.0,6.0,3.5999999999999996,False,False,0.5858883224002173,0.599848698348907,False,-0.35806284404023825,-0.09942966714502342,False,0,False,0.5665239693951974,False,Normal,5,30
2025-01-27 12:00:00,84,34948.0,40643.0,75591.0,12,0,0,1.2246467991473532e-16,-1.0,0.0,1.0,-0.07533866017567997,113.0,-29.0,19.625,41.194989670019865,3.0,37301.40668169193,67.0,17.0,10.002867528402625,1.6995126599177066,False,10.100623583380937,10.002867528402625,True,4.626272173396583,0.0,6.0,3.5999999999999996,False,True,0.5627802334357664,0.599848698348907,False,-0.40022368191324564,-0.09942966714502342,False,1,False,0.5399369388511895,True,Building Stress,5,31
2025-01-27 13:00:00,75,34862.0,42334.0,77196.0,13,0,0,-0.2588190451025208,-0.9659258262890683,0.0,1.0,-0.09679132608780133,84.0,-9.0,23.125,42.98464083630439,19.0,38847.48689724838,56.0,19.0,10.023786465321573,1.895491296201556,False,11.88049886670475,10.023786465321573,True,0.0,0.0,6.0,3.5999999999999996,True,False,0.5584178995889646,0.599848698348907,False,-0.35692203886245055,-0.09942966714502342,False,2,False,0.7609826686748834,False,Watch,5,31
2025-01-27 14:00:00,91,44950.0,55884.0,100834.0,14,0,0,-0.4999999999999997,-0.8660254037844388,0.0,1.0,-0.10843457132939952,75.0,16.0,26.25,43.94586590835118,-3.0,40166.8933009422,82.0,9.0,10.052706112348206,0.895281320215348,False,11.3043990933638,10.052706112348206,True,0.395281320215348,0.0,6.0,3.5999999999999996,False,False,0.5431827251611321,0.599848698348907,False,-0.43447943450817794,-0.09942966714502342,False,1,False,0.4891825983142944,False,Normal,5,31
2025-01-27 15:00:00,165,69115.0,94379.0,163494.0,15,0,0,-0.7071067811865471,-0.7071067811865479,0.0,1.0,-0.1545246031988746,91.0,74.0,30.041666666666668,45.481462221405124,4.0,42669.24453118803,140.5,24.5,10.049389952796053,2.437958932341295,False,13.943519274691042,10.049389952796053,True,2.333240252556643,0.0,6.0,3.5999999999999996,False,False,0.5862642403507873,0.599848698348907,False,-0.4097889200774354,-0.09942966714502342,False,1,False,0.5740555599169944,False,Normal,5,31
2025-01-27 16:00:00,216,114210.0,133603.0,247813.0,16,0,0,-0.8660254037844385,-0.5000000000000004,0.0,1.0,-0.07825627284979864,165.0,51.0,36.916666666666664,52.648891698700076,-13.0,50238.27926181794,193.5,22.5,10.105113993274632,2.226595366957233,False,15.654815419752834,10.105113993274632,True,4.059835619513876,0.0,6.0,3.5999999999999996,False,True,0.5983835561184465,0.599848698348907,False,-0.3632515744726179,-0.09942966714502342,False,1,False,0.5877732163517579,True,Building Stress,5,32
2025-01-27 17:00:00,254,122897.0,129837.0,252734.0,17,0,0,-0.9659258262890683,-0.25881904510252063,0.0,1.0,-0.027459592062832612,216.0,38.0,45.916666666666664,63.4232961359911,-10.0,65678.15670327707,237.5,16.5,10.149310950187504,1.6257261286979459,False,15.823852335802268,10.149310950187504,True,5.185561748211822,0.0,6.0,3.5999999999999996,False,True,0.573846143750606,0.599848698348907,False,-0.3313509687900691,-0.09942966714502342,False,1,False,0.5655672754509802,True,Building Stress,5,33
2025-01-27 18:00:00,43,20752.0,21190.0,41942.0,18,0,0,-1.0,-1.8369701987210297e-16,0.0,1.0,-0.01044274372362492,254.0,-211.0,56.5,75.47530549213057,-5.0,77225.6033331699,38.0,5.0,10.166669677337124,0.4918031330501151,False,13.659081868641815,10.166669677337124,True,5.177364881261937,0.0,6.0,3.5999999999999996,False,True,0.5939125411705861,0.599848698348907,False,0.365402045103145,-0.09942966714502342,True,2,False,0.6010844490042921,True,Building Stress,5,34
2025-01-27 19:00:00,0,0.0,0.0,0.0,19,0,0,-0.9659258262890684,0.2588190451025203,0.0,1.0,0.0,43.0,-43.0,58.291666666666664,74.58084563902374,0.0,76360.08308208246,0.0,0.0,10.156945744410564,0.0,False,10.927265494913453,10.156945744410564,True,4.677364881261937,0.0,6.0,3.5999999999999996,False,True,0.5010338587200793,0.599848698348907,False,-0.2474792287713976,-0.09942966714502342,False,1,False,0.48045411985018727,True,Building Stress,5,35
2025-01-27 20:00:00,0,0.0,0.0,0.0,20,0,0,-0.8660254037844386,0.5000000000000001,0.0,1.0,0.0,0.0,0.0,58.291666666666664,74.58084563902374,0.0,76360.08308208246,0.0,0.0,10.14509058597596,0.0,False,8.741812395930763,10.14509058597596,False,4.177364881261937,0.0,6.0,3.5999999999999996,False,True,0.4613937511777749,0.599848698348907,False,-0.32961954385200176,-0.09942966714502342,False,0,False,0.367969091548052,True,Building Stress,5,36
2025-01-27 21:00:00,0,0.0,0.0,0.0,21,0,0,-0.7071067811865477,0.7071067811865474,0.0,1.0,0.0,0.0,0.0,58.291666666666664,74.58084563902374,0.0,76360.08308208246,0.0,0.0,10.133276842486694,0.0,False,6.993449916744611,10.133276842486694,False,3.677364881261937,0.0,6.0,3.5999999999999996,False,True,0.45849868933365834,0.599848698348907,False,-0.36838803747066073,-0.09942966714502342,False,0,False,0.3278900172214478,True,Building Stress,5,37
2025-01-27 22:00:00,0,0.0,0.0,0.0,22,0,0,-0.5000000000000004,0.8660254037844384,0.0,1.0,0.0,0.0,0.0,58.291666666666664,74.58084563902374,0.0,76360.08308208246,0.0,0.0,10.121504273372375,0.0,False,5.594759933395689,10.121504273372375,False,3.177364881261937,0.0,6.0,3.5999999999999996,False,False,0.4613492367857398,0.599848698348907,False,-0.3847468250507169,-0.09942966714502342,False,0,False,0.30669673050284146,False,Normal,5,37
2025-01-27 23:00:00,0,0.0,0.0,0.0,23,0,0,-0.25881904510252157,0.9659258262890681,0.0,1.0,0.0,0.0,0.0,58.291666666666664,74.58084563902374,0.0,76360.08308208246,0.0,0.0,10.10977264001445,0.0,False,4.475807946716552,10.10977264001445,False,2.677364881261937,0.0,6.0,3.5999999999999996,False,False,0.4607346047876121,0.599848698348907,False,-0.3924042217930541,-0.09942966714502342,False,0,False,0.2852283642404785,False,Normal,5,37
2025-01-28 00:00:00,0,0.0,0.0,0.0,0,1,0,0.0,1.0,0.7818314824680298,0.6234898018587336,0.0,0.0,0.0,58.291666666666664,74.58084563902374,0.0,76360.08308208246,0.0,0.0,10.098081705725896,0.0,False,3.580646357373242,10.098081705725896,False,2.177364881261937,0.0,6.0,3.5999999999999996,False,False,0.4548385803722456,0.5838632089086466,False,-0.4848327955021339,-0.10018869398204501,False,0,False,0.2080569320632978,False,Normal,5,37
2025-01-28 01:00:00,0,0.0,0.0,0.0,1,1,0,0.25881904510252074,0.9659258262890683,0.7818314824680298,0.6234898018587336,0.0,0.0,0.0,58.291666666666664,74.58084563902374,0.0,76360.08308208246,0.0,0.0,10.086431235731157,0.0,False,2.8645170858985938,10.086431235731157,False,1.677364881261937,0.0,6.0,3.5999999999999996,False,False,0.4532185649188934,0.5838632089086466,False,-0.469347788409163,-0.10018869398204501,False,0,False,0.20734675401253394,False,Normal,5,37
2025-01-28 02:00:00,0,0.0,0.0,0.0,2,1,0,0.49999999999999994,0.8660254037844387,0.7818314824680298,0.6234898018587336,0.0,0.0,0.0,58.291666666666664,74.58084563902374,0.0,76360.08308208246,0.0,0.0,10.074820997146352,0.0,False,2.2916136687188753,10.074820997146352,False,1.177364881261937,0.0,6.0,3.5999999999999996,False,False,0.4517041491717271,0.5838632089086466,False,-0.45885733574116494,-0.10018869398204501,False,0,False,0.20949345567565883,False,Normal,5,37
2025-01-28 03:00:00,0,0.0,0.0,0.0,3,1,0,0.7071067811865476,0.7071067811865476,0.7818314824680298,0.6234898018587336,0.0,0.0,0.0,58.291666666666664,74.58084563902374,0.0,76360.08308208246,0.0,0.0,10.063250758959715,0.0,False,1.8332909349751003,10.063250758959715,False,0.6773648812619371,0.0,6.0,3.5999999999999996,False,False,0.4486618024603311,0.5838632089086466,False,-0.44644841436941474,-0.10018869398204501,False,0,False,0.2055802670192475,False,Normal,5,37
2025-01-28 04:00:00,0,0.0,0.0,0.0,4,1,0,0.8660254037844386,0.5000000000000001,0.7818314824680298,0.6234898018587336,0.0,0.0,0.0,58.291666666666664,74.58084563902374,0.0,76360.08308208246,0.0,0.0,10.05172029201229,0.0,False,1.4666327479800803,10.05172029201229,False,0.17736488126193706,0.0,6.0,3.5999999999999996,False,False,0.4456604092555347,0.5838632089086466,False,-0.42135283953641434,-0.10018869398204501,False,0,False,0.2107205643275106,False,Normal,5,37
2025-01-28 05:00:00,0,0.0,0.0,0.0,5,1,0,0.9659258262890683,0.25881904510252074,0.7818314824680298,0.6234898018587336,0.0,0.0,0.0,58.291666666666664,74.58084563902374,0.0,76360.08308208246,0.0,0.0,10.040229368978876,0.0,False,1.1733061983840642,10.040229368978876,False,0.0,0.0,6.0,3.5999999999999996,False,False,0.4498800360607474,0.5838632089086466,False,-0.3644916408743448,-0.10018869398204501,False,0,False,0.23251034802294734,False,Normal,5,37
2025-01-28 06:00:00,26,11913.0,11621.0,23534.0,6,1,0,1.0,6.123233995736766e-17,0.7818314824680298,0.6234898018587336,0.01240705332483535,0.0,26.0,58.291666666666664,74.58084563902374,7.0,76360.08308208246,17.0,9.0,10.028777764349197,0.8974174332582832,False,2.738644958707251,10.028777764349197,False,0.39741743325828316,0.0,6.0,3.5999999999999996,False,False,0.5030338308362376,0.5838632089086466,False,-0.2565909724075697,-0.10018869398204501,False,0,False,0.4031322642398722,False,Normal,5,37
2025-01-28 07:00:00,42,19966.0,20050.0,40016.0,7,1,0,0.9659258262890683,-0.25881904510252063,0.7818314824680298,0.6234898018587336,-0.002099107879151361,26.0,16.0,58.916666666666664,74.22932542885722,17.0,76355.91372443814,26.0,16.0,10.025321717795036,1.5959587582710544,False,5.390915966965801,10.025321717795036,False,1.4933761915293375,0.0,6.0,3.5999999999999996,False,False,0.5128303689635875,0.5838632089086466,False,-0.14684896515551182,-0.10018869398204501,False,0,False,0.4790360237028841,False,Normal,5,37
2025-01-28 08:00:00,81,39412.0,46438.0,85850.0,8,1,0,0.8660254037844387,-0.4999999999999998,0.7818314824680298,0.6234898018587336,-0.08183946605164762,42.0,39.0,59.083333333333336,74.18479667675187,24.0,76294.804291336,66.5,14.5,10.040669461167003,1.4441268140615298,False,7.212732773572641,10.040669461167003,False,2.4375030055908673,0.0,6.0,3.5999999999999996,False,False,0.536122627648482,0.5838632089086466,False,-0.3034269441358819,-0.10018869398204501,False,0,False,0.5030111138922264,False,Normal,5,37
2025-01-28 09:00:00,126,40810.0,75826.0,116636.0,9,1,0,0.7071067811865476,-0.7071067811865475,0.7818314824680298,0.6234898018587336,-0.3002134828570694,81.0,45.0,59.541666666666664,74.28908233127657,48.0,76491.82917308598,95.5,30.5,10.050868737521693,3.0345635582860653,True,11.870186218858114,10.050868737521693,True,4.972066563876933,0.0,6.0,3.5999999999999996,False,True,0.5967252790586844,0.5838632089086466,True,0.3395787501418568,-0.10018869398204501,True,4,True,0.6860538040027939,False,Confirmed Anomaly,6,37
2025-01-28 10:00:00,155,73289.0,80929.0,154218.0,10,1,0,0.49999999999999994,-0.8660254037844387,0.7818314824680298,0.6234898018587336,-0.0495399399555178,126.0,29.0,60.458333333333336,74.99390071817533,27.0,77210.03062379613,130.0,25.0,10.139060719425192,2.465711636592044,False,14.496148975086491,10.139060719425192,True,0.0,0.0,6.0,3.5999999999999996,True,False,0.5825366326622949,0.5838632089086466,False,-0.31091192332483675,-0.10018869398204501,False,2,False,0.8028364553021319,False,Watch,6,37
2025-01-28 11:00:00,124,77756.0,58408.0,136164.0,11,1,0,0.258819045102521,-0.9659258262890682,0.7818314824680298,0.6234898018587336,0.14209231447141335,155.0,-31.0,61.291666666666664,75.96307980034527,46.0,78566.70369098957,93.0,31.0,10.192837727617572,3.041351273159707,True,17.796919180069192,10.192837727617572,True,2.541351273159707,0.0,6.0,3.5999999999999996,False,False,0.6044573154977602,0.5838632089086466,True,0.40255887016197645,-0.10018869398204501,True,4,True,0.6894167652850989,False,Confirmed Anomaly,7,37
2025-01-28 12:00:00,103,47400.0,54480.0,101880.0,12,1,0,1.2246467991473532e-16,-1.0,0.7818314824680298,0.6234898018587336,-0.06949283968551545,124.0,-21.0,61.75,76.32097552015321,44.0,79483.5457913018,72.5,30.5,10.281589124708841,2.966467501283632,False,20.337535344055354,10.281589124708841,True,5.007818774443339,0.0,6.0,3.5999999999999996,False,True,0.5628878908144936,0.5838632089086466,False,0.05169628754502642,-0.10018869398204501,True,2,False,0.6634655833761212,True,Building Stress,7,38
2025-01-28 13:00:00,85,41454.0,44704.0,86158.0,13,1,0,-0.2588190451025208,-0.9659258262890683,0.7818314824680298,0.6234898018587336,-0.037720957764133756,103.0,-18.0,62.541666666666664,76.65959718508643,38.0,79842.53437506208,56.0,29.0,10.365505966360626,2.797740900841141,False,22.070028275244283,10.365505966360626,True,0.0,0.0,6.0,3.5999999999999996,True,False,0.5475652432886308,0.5838632089086466,False,-0.09726504324250373,-0.10018869398204501,True,3,True,0.8099949214138058,False,Confirmed Anomaly,8,38
2025-01-28 14:00:00,94,44266.0,59606.0,103872.0,14,1,0,-0.4999999999999997,-0.8660254037844388,0.7818314824680298,0.6234898018587336,-0.14768034041569994,85.0,9.0,62.958333333333336,76.75736994308566,15.0,79926.56398970925,85.5,8.5,10.438680244462557,0.8142791809825792,False,19.356022620195425,10.438680244462557,True,0.31427918098257923,0.0,6.0,3.5999999999999996,False,False,0.5342576460053186,0.5838632089086466,False,-0.4437706003737425,-0.10018869398204501,False,1,False,0.47555087906646054,False,Normal,8,38
2025-01-28 15:00:00,203,95831.0,96763.0,192594.0,15,1,0,-0.7071067811865471,-0.7071067811865479,0.7818314824680298,0.6234898018587336,-0.004839170279602274,94.0,109.0,63.083333333333336,76.80744793293822,69.0,79988.76583375246,145.5,57.5,10.432978460448588,5.511369568909056,True,26.98481809615634,10.432978460448588,True,5.325648749891635,0.0,6.0,3.5999999999999996,False,True,0.5965423858022901,0.5838632089086466,True,0.9330300236068987,-0.10018869398204501,True,4,True,0.7717741167164441,False,Confirmed Anomaly,9,38
2025-01-28 16:00:00,266,131459.0,147398.0,278857.0,16,1,0,-0.8660254037844385,-0.5000000000000004,0.7818314824680298,0.6234898018587336,-0.05715812348937452,203.0,63.0,64.66666666666667,79.3493468188599,86.0,81751.56800675695,196.5,69.5,10.757365487531906,6.460689662404097,True,35.48785447692507,10.757365487531906,True,0.0,0.0,6.0,3.5999999999999996,True,False,0.6337464290604686,0.5838632089086466,True,1.5613264598407834,-0.10018869398204501,True,5,True,0.995248127340824,False,Confirmed Anomaly,10,38
2025-01-28 17:00:00,329,127316.0,190257.0,317573.0,17,1,0,-0.9659258262890683,-0.25881904510252063,0.7818314824680298,0.6234898018587336,-0.19819317702330796,266.0,63.0,66.75,84.01462088076771,89.0,84937.27554085154,237.5,91.5,11.218946097168859,8.155846298529802,True,46.69028358154006,11.218946097168859,True,0.0,0.0,6.0,3.5999999999999996,True,False,0.6734522176778496,0.5838632089086466,True,1.7596713808549889,-0.10018869398204501,True,5,True,0.9975655430711612,False,Confirmed Anomaly,11,38
2025-01-28 18:00:00,39,25035.0,31148.0,56183.0,18,1,0,-1.0,-1.8369701987210297e-16,0.7818314824680298,0.6234898018587336,-0.10880321799800655,329.0,-290.0,69.875,92.2714862452808,17.0,91843.3209296357,39.0,0.0,11.98583466495718,0.0,False,37.35222686523205,11.98583466495718,True,0.0,0.0,6.0,3.5999999999999996,False,False,0.6353218295977597,0.5838632089086466,True,0.6375001451519364,-0.10018869398204501,True,3,True,0.5927668539325842,False,Confirmed Anomaly,12,38
2025-01-28 19:00:00,0,0.0,0.0,0.0,19,1,0,-0.9659258262890684,0.2588190451025203,0.7818314824680298,0.6234898018587336,0.0,39.0,-39.0,69.70833333333333,92.32573675128008,0.0,91700.254729853,0.0,0.0,11.97272110889653,0.0,False,29.881781492185638,11.97272110889653,True,0.0,0.0,6.0,3.5999999999999996,False,False,0.5182924939432387,0.5838632089086466,False,-0.3316669821998248,-0.10018869398204501,False,1,False,0.4801732209737828,False,Normal,12,38
2025-01-28 20:00:00,0,0.0,0.0,0.0,20,1,0,-0.8660254037844386,0.5000000000000001,0.7818314824680298,0.6234898018587336,0.0,0.0,0.0,69.70833333333333,92.32573675128008,0.0,91700.254729853,0.0,0.0,11.959650488263632,0.0,False,23.905425193748513,11.959650488263632,True,0.0,0.0,6.0,3.5999999999999996,False,False,0.48229616350070453,0.5838632089086466,False,-0.4151128729676232,-0.10018869398204501,False,1,False,0.41526217228464424,False,Normal,12,38
2025-01-28 21:00:00,0,0.0,0.0,0.0,21,1,0,-0.7071067811865477,0.7071067811865474,0.7818314824680298,0.6234898018587336,0.0,0.0,0.0,69.70833333333333,92.32573675128008,0.0,91700.254729853,0.0,0.0,11.94662256934707,0.0,False,19.124340154998812,11.94662256934707,True,0.0,0.0,6.0,3.5999999999999996,False,False,0.48437175159623236,0.5838632089086466,False,-0.4308972757197542,-0.10018869398204501,False,1,False,0.4103464419475656,False,Normal,12,38
2025-01-28 22:00:00,0,0.0,0.0,0.0,22,1,0,-0.5000000000000004,0.8660254037844384,0.7818314824680298,0.6234898018587336,0.0,0.0,0.0,69.70833333333333,92.32573675128008,0.0,91700.254729853,0.0,0.0,11.933637120212031,0.0,False,15.29947212399905,11.933637120212031,True,0.0,0.0,6.0,3.5999999999999996,False,False,0.48582643746431786,0.5838632089086466,False,-0.4364433734732023,-0.10018869398204501,False,1,False,0.40938670411985023,False,Normal,12,38
2025-01-28 23:00:00,0,0.0,0.0,0.0,23,1,0,-0.25881904510252157,0.9659258262890681,0.7818314824680298,0.6234898018587336,0.0,0.0,0.0,69.70833333333333,92.32573675128008,0.0,91700.254729853,0.0,0.0,11.920693910682985,0.0,False,12.239577699199241,11.920693910682985,True,0.0,0.0,6.0,3.5999999999999996,False,False,0.48523272815634055,0.5838632089086466,False,-0.43280609297882244,-0.10018869398204501,False,1,False,0.4105571161048689,False,Normal,12,38
2025-01-29 00:00:00,0,0.0,0.0,0.0,0,2,0,0.0,1.0,0.9749279121818236,-0.22252093395631434,0.0,0.0,0.0,69.70833333333333,92.32573675128008,0.0,91700.254729853,0.0,0.0,11.907792712326572,0.0,False,9.791662159359394,11.907792712326572,False,0.0,0.0,6.0,3.5999999999999996,False,False,0.5207301130355513,0.582099898438371,False,-0.4047115526409064,0.18267867322612946,False,0,False,0.4328238785213496,False,Normal,12,38
2025-01-29 01:00:00,0,0.0,0.0,0.0,1,2,0,0.25881904510252074,0.9659258262890683,0.9749279121818236,-0.22252093395631434,0.0,0.0,0.0,69.70833333333333,92.32573675128008,0.0,91700.254729853,0.0,0.0,11.907792712326572,0.0,False,7.8333297274875155,11.907792712326572,False,0.0,0.0,6.0,3.5999999999999996,False,False,0.5187401948696432,0.582099898438371,False,-0.417476169898199,0.18267867322612946,False,0,False,0.40134337248000107,False,Normal,12,38
2025-01-29 02:00:00,0,0.0,0.0,0.0,2,2,0,0.49999999999999994,0.8660254037844387,0.9749279121818236,-0.22252093395631434,0.0,0.0,0.0,69.70833333333333,92.32573675128008,0.0,91700.254729853,0.0,0.0,11.907792712326572,0.0,False,6.266663781990013,11.907792712326572,False,0.0,0.0,6.0,3.5999999999999996,False,False,0.5152341965724186,0.582099898438371,False,-0.4211656183698895,0.18267867322612946,False,0,False,0.37833125229111697,False,Normal,12,38
2025-01-29 03:00:00,0,0.0,0.0,0.0,3,2,0,0.7071067811865476,0.7071067811865476,0.9749279121818236,-0.22252093395631434,0.0,0.0,0.0,69.70833333333333,92.32573675128008,0.0,91700.254729853,0.0,0.0,11.907792712326572,0.0,False,5.01333102559201,11.907792712326572,False,0.0,0.0,6.0,3.5999999999999996,False,False,0.5117360108695626,0.582099898438371,False,-0.41696011580291725,0.18267867322612946,False,0,False,0.3619580729939423,False,Normal,12,38
2025-01-29 04:00:00,0,0.0,0.0,0.0,4,2,0,0.8660254037844386,0.5000000000000001,0.9749279121818236,-0.22252093395631434,0.0,0.0,0.0,69.70833333333333,92.32573675128008,0.0,91700.254729853,0.0,0.0,11.907792712326572,0.0,False,4.010664820473608,11.907792712326572,False,0.0,0.0,6.0,3.5999999999999996,False,False,0.5138370779134067,0.582099898438371,False,-0.39124744632770003,0.18267867322612946,False,0,False,0.3602593422902849,False,Normal,12,38
2025-01-29 05:00:00,0,0.0,0.0,0.0,5,2,0,0.9659258262890683,0.25881904510252074,0.9749279121818236,-0.22252093395631434,0.0,0.0,0.0,69.70833333333333,92.32573675128008,0.0,91700.254729853,0.0,0.0,11.907792712326572,0.0,False,3.2085318563788867,11.907792712326572,False,0.0,0.0,6.0,3.5999999999999996,False,False,0.5135481147925349,0.582099898438371,False,-0.37567461660358337,0.18267867322612946,False,0,False,0.3566859382517036,False,Normal,12,38
2025-01-29 06:00:00,23,10985.0,14520.0,25505.0,6,2,0,1.0,6.123233995736766e-17,0.9749279121818236,-0.22252093395631434,-0.13859484042970283,0.0,23.0,69.70833333333333,92.32573675128008,9.0,91700.254729853,17.0,6.0,11.907792712326572,0.5038717203893707,False,3.7668254851031095,11.907792712326572,False,0.0038717203893706698,0.0,6.0,3.5999999999999996,False,False,0.5579025382941114,0.582099898438371,False,-0.1980066340873412,0.18267867322612946,False,0,False,0.43329995206871963,False,Normal,12,38
2025-01-29 07:00:00,50,20551.0,19262.0,39813.0,7,2,0,0.9659258262890683,-0.25881904510252063,0.9749279121818236,-0.22252093395631434,0.03237554629024966,23.0,27.0,69.58333333333333,92.38949529345699,25.0,91657.17680570766,31.0,19.0,11.90908704928329,1.5954203644135303,False,6.813460388082488,11.90908704928329,False,1.0992920848029009,0.0,6.0,3.5999999999999996,False,False,0.5653076271314114,0.582099898438371,False,-0.015213140128763847,0.18267867322612946,False,0,False,0.515848351765417,False,Normal,12,38
2025-01-29 08:00:00,69,39581.0,36427.0,76008.0,8,2,0,0.8660254037844387,-0.4999999999999998,0.9749279121818236,-0.22252093395631434,0.04149508610822403,50.0,19.0,69.91666666666667,92.30003846938135,2.0,91660.13563481341,68.5,0.5,11.937066675910785,0.04188633720284138,False,5.55076831046599,11.937066675910785,False,0.6411784220057422,0.0,6.0,3.5999999999999996,False,False,0.5569561208210514,0.582099898438371,False,-0.2589607846102635,0.18267867322612946,False,0,False,0.4353320104546291,False,Normal,12,38
2025-01-29 09:00:00,122,44441.0,75276.0,119717.0,9,2,0,0.7071067811865476,-0.7071067811865475,0.9749279121818236,-0.22252093395631434,-0.2575636078116908,69.0,53.0,69.41666666666667,92.2698861170749,34.0,91611.12027144681,100.5,21.5,11.901928337830752,1.8064299657780156,False,8.740614648372793,11.901928337830752,False,1.9476083877837578,0.0,6.0,3.5999999999999996,False,False,0.6101893279812654,0.582099898438371,True,-0.19749790101738518,0.18267867322612946,False,1,False,0.5605642440846941,False,Normal,12,38
2025-01-29 10:00:00,164,81234.0,75070.0,156304.0,10,2,0,0.49999999999999994,-0.8660254037844387,0.9749279121818236,-0.22252093395631434,0.03943571862704328,122.0,42.0,69.25,92.16679115226019,28.0,91681.11207920479,133.5,30.5,11.93756606939102,2.554959681287521,False,13.092491718698234,11.93756606939102,True,4.002568069071279,0.0,6.0,3.5999999999999996,False,True,0.5980960163050918,0.582099898438371,True,-0.2654697905146415,0.18267867322612946,False,2,False,0.6176091429343031,True,Building Stress,12,39
2025-01-29 11:00:00,124,71341.0,62974.0,134315.0,11,2,0,0.258819045102521,-0.9659258262890682,0.9749279121818236,-0.22252093395631434,0.06229339765925132,164.0,-40.0,69.625,92.54837160618507,35.0,91765.02314568192,93.0,31.0,12.013919724980697,2.5803401978407847,False,16.673993374958588,12.013919724980697,True,0.0,0.0,6.0,3.5999999999999996,True,False,0.6180755914649027,0.582099898438371,True,-0.10711558315641767,0.18267867322612946,False,3,True,0.8295740740104232,False,Confirmed Anomaly,13,39
2025-01-29 12:00:00,97,39200.0,51308.0,90508.0,12,2,0,1.2246467991473532e-16,-1.0,0.9749279121818236,-0.22252093395631434,-0.13377675148327792,124.0,-27.0,69.625,92.54837160618507,28.0,91708.20629772461,78.5,18.5,12.078423611805128,1.5316568282899594,False,17.03919469996687,12.078423611805128,True,1.0316568282899594,0.0,6.0,3.5999999999999996,False,False,0.5705595259081739,0.582099898438371,False,-0.3481571250113735,0.18267867322612946,False,1,False,0.5581479242388787,False,Normal,13,39
2025-01-29 13:00:00,78,41551.0,39499.0,81050.0,13,2,0,-0.2588190451025208,-0.9659258262890683,0.9749279121818236,-0.22252093395631434,0.025317392752711255,97.0,-19.0,69.375,92.46236014442991,22.0,91567.57118936774,58.5,19.5,12.093143857149819,1.6124839190159002,False,17.531355759973497,12.093143857149819,True,2.1441407473058596,0.0,6.0,3.5999999999999996,False,False,0.5574406835199566,0.582099898438371,False,-0.40922356032486706,0.18267867322612946,False,1,False,0.5315116362518408,False,Normal,13,39
2025-01-29 14:00:00,112,47199.0,59116.0,106315.0,14,2,0,-0.4999999999999997,-0.8660254037844388,0.9749279121818236,-0.22252093395631434,-0.11209037209827308,78.0,34.0,69.08333333333333,92.42196081332462,37.0,91534.04992028805,85.5,26.5,12.1012787971007,2.1898512086465636,False,19.3250846079788,12.1012787971007,True,3.833991955952423,0.0,6.0,3.5999999999999996,False,True,0.5671725022824772,0.582099898438371,False,-0.2938940641940788,0.18267867322612946,False,1,False,0.5879997219361588,True,Building Stress,13,40
2025-01-29 15:00:00,196,102967.0,96988.0,199955.0,15,2,0,-0.7071067811865471,-0.7071067811865479,0.9749279121818236,-0.22252093395631434,0.02990157834723639,112.0,84.0,69.83333333333333,92.70554913585114,83.0,91575.0770014355,159.0,37.0,12.123335509704248,3.0519653580801234,True,22.86006768638304,12.123335509704248,True,0.0,0.0,6.0,3.5999999999999996,True,False,0.635746955435735,0.582099898438371,True,0.5659281025829515,0.18267867322612946,True,5,True,0.8943351748573525,False,Confirmed Anomaly,14,40
2025-01-29 16:00:00,299,110165.0,143556.0,253721.0,16,2,0,-0.8660254037844385,-0.5000000000000004,0.9749279121818236,-0.22252093395631434,-0.13160466967783638,196.0,103.0,69.54166666666667,92.27839690974201,97.0,92015.56096982941,201.0,98.0,12.233219001829113,8.010974052319918,True,37.88805414910644,12.233219001829113,True,0.0,0.0,6.0,3.5999999999999996,True,False,0.6875966229088941,0.582099898438371,True,0.8550328134109941,0.18267867322612946,True,5,True,0.9959737827715357,False,Confirmed Anomaly,15,40
2025-01-29 17:00:00,325,135160.0,170287.0,305447.0,17,2,0,-0.9659258262890683,-0.25881904510252063,0.9749279121818236,-0.22252093395631434,-0.11500157146224561,299.0,26.0,70.91666666666667,95.52186941340649,103.0,89648.6131464684,247.0,78.0,12.837262010730246,6.076062008768097,True,45.91044331928515,12.837262010730246,True,5.576062008768097,0.0,6.0,3.5999999999999996,False,True,0.6951183419271592,0.582099898438371,True,1.0597371554574169,0.18267867322612946,True,4,True,0.7974016853932584,False,Confirmed Anomaly,16,40
2025-01-29 18:00:00,44,21581.0,23285.0,44866.0,18,2,0,-1.0,-1.8369701987210297e-16,0.9749279121818236,-0.22252093395631434,-0.03797891546125214,325.0,-281.0,70.75,95.05433228925719,-1.0,88209.63081377531,38.0,6.0,13.272437406442105,0.4520646672696118,False,37.92835465542812,13.272437406442105,True,5.528126676037709,0.0,6.0,3.5999999999999996,False,True,0.6383770380647912,0.582099898438371,True,0.5654401103485367,0.18267867322612946,True,3,True,0.6078122679352043,False,Confirmed Anomaly,17,40
2025-01-29 19:00:00,0,0.0,0.0,0.0,19,2,0,-0.9659258262890684,0.2588190451025203,0.9749279121818236,-0.22252093395631434,0.0,44.0,-44.0,70.95833333333333,94.98717495429106,0.0,88308.7248715255,0.0,0.0,13.2728132501427,0.0,False,30.3426837243425,13.2728132501427,True,5.028126676037709,0.0,6.0,3.5999999999999996,False,True,0.5370495839332131,0.582099898438371,False,-0.1991305873334508,0.18267867322612946,False,1,False,0.5076076779026217,True,Building Stress,17,41
2025-01-29 20:00:00,0,0.0,0.0,0.0,20,2,0,-0.8660254037844386,0.5000000000000001,0.9749279121818236,-0.22252093395631434,0.0,0.0,0.0,70.95833333333333,94.98717495429106,0.0,88308.7248715255,0.0,0.0,13.2728132501427,0.0,False,24.274146979474,13.2728132501427,True,4.528126676037709,0.0,6.0,3.5999999999999996,False,True,0.5080623310971615,0.582099898438371,False,-0.3112603407722101,0.18267867322612946,False,1,False,0.4786516853932585,True,Building Stress,17,42
2025-01-29 21:00:00,0,0.0,0.0,0.0,21,2,0,-0.7071067811865477,0.7071067811865474,0.9749279121818236,-0.22252093395631434,0.0,0.0,0.0,70.95833333333333,94.98717495429106,0.0,88308.7248715255,0.0,0.0,13.2728132501427,0.0,False,19.4193175835792,13.2728132501427,True,4.028126676037709,0.0,6.0,3.5999999999999996,False,True,0.5074751201949987,0.582099898438371,False,-0.33310908769687453,0.18267867322612946,False,1,False,0.47265917602996255,True,Building Stress,17,43
2025-01-29 22:00:00,0,0.0,0.0,0.0,22,2,0,-0.5000000000000004,0.8660254037844384,0.9749279121818236,-0.22252093395631434,0.0,0.0,0.0,70.95833333333333,94.98717495429106,0.0,88308.7248715255,0.0,0.0,13.2728132501427,0.0,False,15.53545406686336,13.2728132501427,True,3.528126676037709,0.0,6.0,3.5999999999999996,False,False,0.5102718310592903,0.582099898438371,False,-0.3618801899165578,0.18267867322612946,False,1,False,0.4694288389513109,False,Normal,17,43
2025-01-29 23:00:00,0,0.0,0.0,0.0,23,2,0,-0.25881904510252157,0.9659258262890681,0.9749279121818236,-0.22252093395631434,0.0,0.0,0.0,70.95833333333333,94.98717495429106,0.0,88308.7248715255,0.0,0.0,13.2728132501427,0.0,False,12.428363253490689,13.2728132501427,False,3.028126676037709,0.0,6.0,3.5999999999999996,False,False,0.5132797524937525,0.582099898438371,False,-0.3851433621926952,0.18267867322612946,False,0,False,0.4531204777545514,False,Normal,17,43
2025-01-30 00:00:00,0,0.0,0.0,0.0,0,3,0,0.0,1.0,0.43388373911755823,-0.900968867902419,0.0,0.0,0.0,70.95833333333333,94.98717495429106,0.0,88308.7248715255,0.0,0.0,13.2728132501427,0.0,False,9.942690602792553,13.2728132501427,False,2.528126676037709,0.0,6.0,3.5999999999999996,False,False,0.49226316191723807,0.5854538112780812,False,-0.34126425693460005,0.17916344170303292,False,0,False,0.4180066818291093,False,Normal,17,43
2025-01-30 01:00:00,0,0.0,0.0,0.0,1,3,0,0.25881904510252074,0.9659258262890683,0.43388373911755823,-0.900968867902419,0.0,0.0,0.0,70.95833333333333,94.98717495429106,0.0,88308.7248715255,0.0,0.0,13.2728132501427,0.0,False,7.954152482234043,13.2728132501427,False,2.028126676037709,0.0,6.0,3.5999999999999996,False,False,0.4929154412136806,0.5854538112780812,False,-0.3293719151854395,0.17916344170303292,False,0,False,0.39834261138089044,False,Normal,17,43
2025-01-30 02:00:00,0,0.0,0.0,0.0,2,3,0,0.49999999999999994,0.8660254037844387,0.43388373911755823,-0.900968867902419,0.0,0.0,0.0,70.95833333333333,94.98717495429106,0.0,88308.7248715255,0.0,0.0,13.2728132501427,0.0,False,6.363321985787234,13.2728132501427,False,1.5281266760377088,0.0,6.0,3.5999999999999996,False,False,0.4936164587686037,0.5854538112780812,False,-0.3215464383782525,0.17916344170303292,False,0,False,0.38464787187624794,False,Normal,17,43
2025-01-30 03:00:00,0,0.0,0.0,0.0,3,3,0,0.7071067811865476,0.7071067811865476,0.43388373911755823,-0.900968867902419,0.0,0.0,0.0,70.95833333333333,94.98717495429106,0.0,88308.7248715255,0.0,0.0,13.2728132501427,0.0,False,5.090657588629788,13.2728132501427,False,1.0281266760377088,0.0,6.0,3.5999999999999996,False,False,0.49178398743073776,0.5854538112780812,False,-0.31710026588108753,0.17916344170303292,False,0,False,0.36790088177066127,False,Normal,17,43
2025-01-30 04:00:00,0,0.0,0.0,0.0,4,3,0,0.8660254037844386,0.5000000000000001,0.43388373911755823,-0.900968867902419,0.0,0.0,0.0,70.95833333333333,94.98717495429106,0.0,88308.7248715255,0.0,0.0,13.2728132501427,0.0,False,4.07252607090383,13.2728132501427,False,0.5281266760377088,0.0,6.0,3.5999999999999996,False,False,0.4935448764928567,0.5854538112780812,False,-0.3235502938089414,0.17916344170303292,False,0,False,0.3577757615963043,False,Normal,17,43
2025-01-30 05:00:00,0,0.0,0.0,0.0,5,3,0,0.9659258262890683,0.25881904510252074,0.43388373911755823,-0.900968867902419,0.0,0.0,0.0,70.95833333333333,94.98717495429106,0.0,88308.7248715255,0.0,0.0,13.2728132501427,0.0,False,3.258020856723064,13.2728132501427,False,0.028126676037708798,0.0,6.0,3.5999999999999996,False,False,0.4900767492797298,0.5854538112780812,False,-0.31535727049260265,0.17916344170303292,False,0,False,0.3446616205129985,False,Normal,17,43
2025-01-30 06:00:00,29,11339.0,13285.0,24624.0,6,3,0,1.0,6.123233995736766e-17,0.43388373911755823,-0.900968867902419,-0.0790253807106599,0.0,29.0,70.95833333333333,94.98717495429106,15.0,88308.7248715255,17.0,12.0,13.2728132501427,0.9041037324827111,False,5.006416685378452,13.2728132501427,False,0.43223040852041994,0.0,6.0,3.5999999999999996,False,False,0.5480383784781055,0.5854538112780812,False,-0.2008509911454559,0.17916344170303292,False,0,False,0.45080755152756224,False,Normal,17,43
2025-01-30 07:00:00,44,18777.0,19773.0,38550.0,7,3,0,0.9659258262890683,-0.25881904510252063,0.43388373911755823,-0.900968867902419,-0.025835905683380456,29.0,15.0,71.20833333333333,94.8632788104368,25.0,88327.36597255895,31.5,12.5,13.280032104594298,0.9412627847244103,False,6.5051333483027625,13.280032104594298,False,0.8734931932448302,0.0,6.0,3.5999999999999996,False,False,0.542887072280263,0.5854538112780812,False,-0.16165054071687535,0.17916344170303292,False,0,False,0.46784347835631324,False,Normal,17,43
2025-01-30 08:00:00,81,37050.0,36549.0,73599.0,8,3,0,0.8660254037844387,-0.4999999999999998,0.43388373911755823,-0.900968867902419,0.006807065217391305,44.0,37.0,70.95833333333333,94.9294837448196,15.0,88345.28088903404,69.5,11.5,13.27674467267967,0.8661761812490241,False,7.504106678642211,13.27674467267967,False,1.2396693744938543,0.0,6.0,3.5999999999999996,False,False,0.5374790483457689,0.5854538112780812,False,-0.3563048116946177,0.17916344170303292,False,0,False,0.45005337558633174,False,Normal,17,43
2025-01-30 09:00:00,96,51534.0,65962.0,117496.0,9,3,0,0.7071067811865476,-0.7071067811865475,0.43388373911755823,-0.900968867902419,-0.12279462454360537,81.0,15.0,71.45833333333333,94.95032072508813,-8.0,88337.12438891442,100.5,-4.5,13.275312430857536,-0.33897507297380547,False,5.103285342913769,13.275312430857536,False,0.4006943015200488,0.0,6.0,3.5999999999999996,False,False,0.549749020378367,0.5854538112780812,False,-0.488494265795429,0.17916344170303292,False,0,False,0.3401933265580448,False,Normal,17,43
2025-01-30 10:00:00,154,64912.0,95083.0,159995.0,10,3,0,0.49999999999999994,-0.8660254037844387,0.43388373911755823,-0.900968867902419,-0.1885734643366084,96.0,58.0,70.375,94.49583036579835,29.0,88281.5981899867,133.5,20.5,13.275245309876619,1.5442275846118076,False,8.182628274331016,13.275245309876619,False,1.4449218861318565,0.0,6.0,3.5999999999999996,False,False,0.5907119061693374,0.5854538112780812,True,-0.3422177194970344,0.17916344170303292,False,1,False,0.510715328703951,False,Normal,17,43
2025-01-30 11:00:00,146,70347.0,55026.0,125373.0,11,3,0,0.258819045102521,-0.9659258262890682,0.43388373911755823,-0.900968867902419,0.12220237050744173,154.0,-8.0,69.95833333333333,94.08621354752323,50.0,88445.57749234674,104.5,41.5,13.289945144408682,3.1226614970235445,True,14.846102619464814,13.289945144408682,True,4.067583383155401,0.0,6.0,3.5999999999999996,False,True,0.6056057097612876,0.5854538112780812,True,-0.01412416372366554,0.17916344170303292,False,3,True,0.6470662446573392,False,Confirmed Anomaly,18,43
2025-01-30 12:00:00,107,47626.0,55733.0,103359.0,12,3,0,1.2246467991473532e-16,-1.0,0.43388373911755823,-0.900968867902419,-0.07843459752321981,146.0,-39.0,70.875,94.74052092081732,48.0,88172.20123933333,81.0,26.0,13.408936957192346,1.9390053128748588,False,17.07688209557185,13.408936957192346,True,5.50658869603026,0.0,6.0,3.5999999999999996,False,True,0.5832706507673768,0.5854538112780812,False,-0.19946189969472683,0.17916344170303292,False,1,False,0.5969602894553792,True,Building Stress,18,44
2025-01-30 13:00:00,65,34812.0,41984.0,76796.0,13,3,0,-0.2588190451025208,-0.9659258262890683,0.43388373911755823,-0.900968867902419,-0.09338906467700561,107.0,-42.0,71.29166666666667,94.88229741273574,10.0,88356.43378061123,58.5,6.5,13.45193641130539,0.48320180836843796,False,14.961505676457481,13.45193641130539,True,5.489790504398698,0.0,6.0,3.5999999999999996,False,True,0.5352015691970796,0.5854538112780812,False,-0.4924996693268673,0.17916344170303292,False,1,False,0.42582114642127,True,Building Stress,18,45
2025-01-30 14:00:00,112,44002.0,67139.0,111141.0,14,3,0,-0.4999999999999997,-0.8660254037844388,0.43388373911755823,-0.900968867902419,-0.20817512731460655,65.0,47.0,70.75,94.87944295605962,50.0,88333.5851608114,88.0,24.0,13.439390063272862,1.7857953290296373,False,16.769204541165987,13.439390063272862,True,0.0,0.0,6.0,3.5999999999999996,True,False,0.5810608224080323,0.5854538112780812,False,-0.1704396385693916,0.17916344170303292,False,2,False,0.7919937394320741,False,Watch,18,45
2025-01-30 15:00:00,195,90203.0,97952.0,188155.0,15,3,0,-0.7071067811865471,-0.7071067811865479,0.43388373911755823,-0.900968867902419,-0.04118391122260252,112.0,83.0,70.75,94.87944295605962,74.0,88430.22651208275,163.0,32.0,13.454747064708586,2.3783427400084745,False,19.81536363293279,13.454747064708586,True,1.8783427400084745,0.0,6.0,3.5999999999999996,False,False,0.6069505014062325,0.5854538112780812,True,0.031525938488891736,0.17916344170303292,False,2,False,0.6614878291613312,False,Watch,18,45
2025-01-30 16:00:00,233,126034.0,156858.0,282892.0,16,3,0,-0.8660254037844385,-0.5000000000000004,0.43388373911755823,-0.900968867902419,-0.10895992477721259,195.0,38.0,70.70833333333333,94.8222498044157,40.0,87695.12101242611,209.0,24.0,13.47971252115484,1.780453400792843,False,20.652290906346234,13.47971252115484,True,3.1587961408013174,0.0,6.0,3.5999999999999996,False,False,0.6156937268540519,0.5854538112780812,True,-0.22420553277548305,0.17916344170303292,False,2,False,0.5986508811500236,False,Watch,18,45
2025-01-30 17:00:00,318,147603.0,175625.0,323228.0,17,3,0,-0.9659258262890683,-0.25881904510252063,0.43388373911755823,-0.900968867902419,-0.08669395382221273,233.0,85.0,67.95833333333333,88.6710967891855,103.0,90542.42222198541,247.0,71.0,13.389597000541125,5.302624119092652,True,30.721832725076986,13.389597000541125,True,0.0,0.0,6.0,3.5999999999999996,True,False,0.6780467986446306,0.5854538112780812,True,0.5612011994905499,0.17916344170303292,True,5,True,0.9711595680146989,False,Confirmed Anomaly,19,45
2025-01-30 18:00:00,39,25079.0,27513.0,52592.0,18,3,0,-1.0,-1.8369701987210297e-16,0.43388373911755823,-0.900968867902419,-0.046279923183693644,318.0,-279.0,67.66666666666667,87.7960416393372,6.0,92611.72022407489,41.0,-2.0,13.74999128064641,-0.14545463769239397,False,24.177466180061593,13.74999128064641,True,0.0,0.0,6.0,3.5999999999999996,False,False,0.6073779281747897,0.5854538112780812,True,0.4824956909510889,0.17916344170303292,True,3,True,0.5941977388594094,False,Confirmed Anomaly,20,45
2025-01-30 19:00:00,0,0.0,0.0,0.0,19,3,0,-0.9659258262890684,0.2588190451025203,0.43388373911755823,-0.900968867902419,0.0,39.0,-39.0,67.45833333333333,87.86055115508532,0.0,92535.45282880441,0.0,0.0,13.74999128064641,0.0,False,19.341972944049274,13.74999128064641,True,0.0,0.0,6.0,3.5999999999999996,False,False,0.505429450157153,0.5854538112780812,False,-0.2709786717641598,0.17916344170303292,False,1,False,0.48302902621722854,False,Normal,20,45
2025-01-30 20:00:00,0,0.0,0.0,0.0,20,3,0,-0.8660254037844386,0.5000000000000001,0.43388373911755823,-0.900968867902419,0.0,0.0,0.0,67.45833333333333,87.86055115508532,0.0,92535.45282880441,0.0,0.0,13.74999128064641,0.0,False,15.47357835523942,13.74999128064641,True,0.0,0.0,6.0,3.5999999999999996,False,False,0.4727674829573456,0.5854538112780812,False,-0.3870115430583203,0.17916344170303292,False,1,False,0.39817415730337075,False,Normal,20,45
2025-01-30 21:00:00,0,0.0,0.0,0.0,21,3,0,-0.7071067811865477,0.7071067811865474,0.43388373911755823,-0.900968867902419,0.0,0.0,0.0,67.45833333333333,87.86055115508532,0.0,92535.45282880441,0.0,0.0,13.74999128064641,0.0,False,12.378862684191537,13.74999128064641,False,0.0,0.0,6.0,3.5999999999999996,False,False,0.471210346895078,0.5854538112780812,False,-0.40610674101959976,0.17916344170303292,False,0,False,0.3714888532214563,False,Normal,20,45
2025-01-30 22:00:00,0,0.0,0.0,0.0,22,3,0,-0.5000000000000004,0.8660254037844384,0.43388373911755823,-0.900968867902419,0.0,0.0,0.0,67.45833333333333,87.86055115508532,0.0,92535.45282880441,0.0,0.0,13.74999128064641,0.0,False,9.90309014735323,13.74999128064641,False,0.0,0.0,6.0,3.5999999999999996,False,False,0.46981254136321254,0.5854538112780812,False,-0.4281614630127628,0.17916344170303292,False,0,False,0.33137179418765195,False,Normal,20,45
2025-01-30 23:00:00,0,0.0,0.0,0.0,23,3,0,-0.25881904510252157,0.9659258262890681,0.43388373911755823,-0.900968867902419,0.0,0.0,0.0,67.45833333333333,87.86055115508532,0.0,92535.45282880441,0.0,0.0,13.74999128064641,0.0,False,7.9224721178825845,13.74999128064641,False,0.0,0.0,6.0,3.5999999999999996,False,False,0.47185759626255097,0.5854538112780812,False,-0.41411383039079275,0.17916344170303292,False,0,False,0.32193732299057104,False,Normal,20,45
2025-01-31 00:00:00,0,0.0,0.0,0.0,0,4,0,0.0,1.0,-0.433883739117558,-0.9009688679024191,0.0,0.0,0.0,67.45833333333333,87.86055115508532,0.0,92535.45282880441,0.0,0.0,13.74999128064641,0.0,False,6.337977694306068,13.74999128064641,False,0.0,0.0,6.0,3.5999999999999996,False,False,0.47853058589544273,0.5843584821233531,False,-0.45501977609294464,0.1444368567761425,False,0,False,0.30371558872953547,False,Normal,20,45
2025-01-31 01:00:00,0,0.0,0.0,0.0,1,4,0,0.25881904510252074,0.9659258262890683,-0.433883739117558,-0.9009688679024191,0.0,0.0,0.0,67.45833333333333,87.86055115508532,0.0,92535.45282880441,0.0,0.0,13.74999128064641,0.0,False,5.070382155444855,13.74999128064641,False,0.0,0.0,6.0,3.5999999999999996,False,False,0.47597100266044984,0.5843584821233531,False,-0.45611174567036317,0.1444368567761425,False,0,False,0.28286479308100665,False,Normal,20,45
2025-01-31 02:00:00,0,0.0,0.0,0.0,2,4,0,0.49999999999999994,0.8660254037844387,-0.433883739117558,-0.9009688679024191,0.0,0.0,0.0,67.45833333333333,87.86055115508532,0.0,92535.45282880441,0.0,0.0,13.74999128064641,0.0,False,4.056305724355884,13.74999128064641,False,0.0,0.0,6.0,3.5999999999999996,False,False,0.47741135829581766,0.5843584821233531,False,-0.44321560555544326,0.1444368567761425,False,0,False,0.2826167408318465,False,Normal,20,45
2025-01-31 03:00:00,0,0.0,0.0,0.0,3,4,0,0.7071067811865476,0.7071067811865476,-0.433883739117558,-0.9009688679024191,0.0,0.0,0.0,67.45833333333333,87.86055115508532,0.0,92535.45282880441,0.0,0.0,13.74999128064641,0.0,False,3.2450445794847074,13.74999128064641,False,0.0,0.0,6.0,3.5999999999999996,False,False,0.4769175477336135,0.5843584821233531,False,-0.41538106772151884,0.1444368567761425,False,0,False,0.28647728779656334,False,Normal,20,45
2025-01-31 04:00:00,0,0.0,0.0,0.0,4,4,0,0.8660254037844386,0.5000000000000001,-0.433883739117558,-0.9009688679024191,0.0,0.0,0.0,67.45833333333333,87.86055115508532,0.0,92535.45282880441,0.0,0.0,13.74999128064641,0.0,False,2.596035663587766,13.74999128064641,False,0.0,0.0,6.0,3.5999999999999996,False,False,0.47690729192633585,0.5843584821233531,False,-0.38416468691606753,0.1444368567761425,False,0,False,0.292388759076202,False,Normal,20,45
2025-01-31 05:00:00,0,0.0,0.0,0.0,5,4,0,0.9659258262890683,0.25881904510252074,-0.433883739117558,-0.9009688679024191,0.0,0.0,0.0,67.45833333333333,87.86055115508532,0.0,92535.45282880441,0.0,0.0,13.74999128064641,0.0,False,2.076828530870213,13.74999128064641,False,0.0,0.0,6.0,3.5999999999999996,False,False,0.4787701372308108,0.5843584821233531,False,-0.36583511660957524,0.1444368567761425,False,0,False,0.2968370372235084,False,Normal,20,45
2025-01-31 06:00:00,25,11878.0,16948.0,28826.0,6,4,0,1.0,6.123233995736766e-17,-0.433883739117558,-0.9009688679024191,-0.17587678218336975,0.0,25.0,67.45833333333333,87.86055115508532,7.0,92535.45282880441,18.5,6.5,13.74999128064641,0.47272757250028047,False,2.9614628246961705,13.74999128064641,False,0.0,0.0,6.0,3.5999999999999996,False,False,0.5504963355068009,0.5843584821233531,False,-0.26025427704284865,0.1444368567761425,False,0,False,0.4091599790334125,False,Normal,20,45
2025-01-31 07:00:00,51,20286.0,26164.0,46450.0,7,4,0,0.9659258262890683,-0.25881904510252063,-0.433883739117558,-0.9009688679024191,-0.12654194742847302,25.0,26.0,67.29166666666667,87.94043397400442,27.0,92449.98230813982,31.5,19.5,13.750584753677012,1.4181215089624133,False,6.269170259756937,13.750584753677012,False,0.9181215089624133,0.0,6.0,3.5999999999999996,False,False,0.5421863740983001,0.5843584821233531,False,-0.3641438012860716,0.1444368567761425,False,0,False,0.452199019050843,False,Normal,20,45
2025-01-31 08:00:00,92,40079.0,40715.0,80794.0,8,4,0,0.8660254037844387,-0.4999999999999998,-0.433883739117558,-0.9009688679024191,-0.00787177424345566,51.0,41.0,67.58333333333333,87.87140637301201,12.0,92346.83296794833,69.5,22.5,13.771145429944093,1.6338510194711773,False,9.51533620780555,13.771145429944093,False,2.0519725284335903,0.0,6.0,3.5999999999999996,False,False,0.531466714358954,0.5843584821233531,False,-0.39973176362515495,0.1444368567761425,False,0,False,0.4743747056656936,False,Normal,20,45
2025-01-31 09:00:00,142,57194.0,84977.0,142171.0,9,4,0,0.7071067811865476,-0.7071067811865475,-0.433883739117558,-0.9009688679024191,-0.1954182258109895,92.0,50.0,68.04166666666667,87.97305870532759,45.0,92369.30306528413,100.5,41.5,13.798988655408332,3.007466781540879,True,15.91226896624444,13.798988655408332,True,4.5594393099744694,0.0,6.0,3.5999999999999996,False,True,0.5798370690388365,0.5843584821233531,False,-0.25418945291053174,0.1444368567761425,False,2,False,0.6278706155644713,True,Building Stress,20,46
2025-01-31 10:00:00,209,87841.0,102160.0,190001.0,10,4,0,0.49999999999999994,-0.8660254037844387,-0.433883739117558,-0.9009688679024191,-0.07536236460668835,142.0,67.0,69.95833333333333,89.1025199305329,77.0,93047.50678995161,135.5,73.5,13.9069636838871,5.285122020211978,True,27.429815172995553,13.9069636838871,True,0.0,0.0,6.0,3.5999999999999996,True,False,0.609794664578157,0.5843584821233531,True,-0.06204997676926949,0.1444368567761425,False,4,True,0.9192418950557552,False,Confirmed Anomaly,21,46
2025-01-31 11:00:00,171,71898.0,70563.0,142461.0,11,4,0,0.258819045102521,-0.9659258262890682,-0.433883739117558,-0.9009688679024191,0.009370919964622144,209.0,-38.0,72.25,92.01760228583866,81.0,94475.54550034077,104.5,66.5,14.282729131911797,4.6559729156677445,True,35.24385213839645,14.282729131911797,True,4.1559729156677445,0.0,6.0,3.5999999999999996,False,True,0.6086042306527067,0.5843584821233531,True,0.04737337247937501,0.1444368567761425,False,3,True,0.7378535915709472,False,Confirmed Anomaly,22,46
2025-01-31 12:00:00,102,43836.0,54082.0,97918.0,12,4,0,1.2246467991473532e-16,-1.0,-0.433883739117558,-0.9009688679024191,-0.10463750651048316,171.0,-69.0,73.29166666666667,93.0247648965477,21.0,94950.67573276506,82.5,19.5,14.580595063640947,1.3373939756839128,False,32.09508171071716,14.580595063640947,True,4.993366891351657,0.0,6.0,3.5999999999999996,False,True,0.5726385999972687,0.5843584821233531,False,-0.33033080727323405,0.1444368567761425,False,1,False,0.5551837317737334,True,Building Stress,22,47
2025-01-31 13:00:00,106,38520.0,46596.0,85116.0,13,4,0,-0.2588190451025208,-0.9659258262890683,-0.433883739117558,-0.9009688679024191,-0.09488116357484404,102.0,4.0,73.08333333333333,92.95156132966885,45.0,94883.26020797263,63.0,43.0,14.59403537468124,2.9464091936216232,False,34.27606536857373,14.59403537468124,True,0.0,0.0,6.0,3.5999999999999996,True,False,0.54331233339767,0.5843584821233531,False,-0.3211357356325226,0.1444368567761425,False,2,False,0.7973943513978744,False,Watch,22,47
2025-01-31 14:00:00,139,63785.0,67739.0,131524.0,14,4,0,-0.4999999999999997,-0.8660254037844388,-0.433883739117558,-0.9009688679024191,-0.030062725717544193,106.0,33.0,74.79166666666667,93.17304105646733,54.0,94911.11237385045,88.0,51.0,14.703807725717047,3.468489315920576,True,37.62085229485899,14.703807725717047,True,2.968489315920576,0.0,6.0,3.5999999999999996,False,False,0.5650313412471565,0.5843584821233531,False,-0.2434574496157509,0.1444368567761425,False,2,False,0.6356771719539068,False,Watch,22,47
2025-01-31 15:00:00,224,109790.0,103940.0,213730.0,15,4,0,-0.7071067811865471,-0.7071067811865479,-0.433883739117558,-0.9009688679024191,0.027370854017433128,139.0,85.0,75.91666666666667,93.80271464815034,46.0,95349.74883166117,171.5,52.5,14.867810954655749,3.5311183441944425,True,40.596681835887196,14.867810954655749,True,5.999607660115018,0.0,6.0,3.5999999999999996,False,True,0.6058337740532895,0.5843584821233531,True,-0.22862619789095118,0.1444368567761425,False,3,True,0.6551805365667811,False,Confirmed Anomaly,23,47
2025-01-31 16:00:00,319,156766.0,180827.0,337593.0,16,4,0,-0.8660254037844385,-0.5000000000000004,-0.433883739117558,-0.9009688679024191,-0.0712720012796436,224.0,95.0,77.125,95.57346934938722,126.0,96804.9806856492,209.0,110.0,15.013993496833587,7.326498444481058,True,54.47734546870976,15.013993496833587,True,0.0,0.0,6.0,3.5999999999999996,True,False,0.6687535427317629,0.5843584821233531,True,0.5380112792659575,0.1444368567761425,True,5,True,0.9939606741573035,False,Confirmed Anomaly,24,47
2025-01-31 17:00:00,375,169587.0,191600.0,361187.0,17,4,0,-0.9659258262890683,-0.25881904510252063,-0.433883739117558,-0.9009688679024191,-0.06094610009191889,319.0,56.0,80.70833333333333,102.99576992861603,140.0,102377.88609879563,247.0,128.0,15.807797599933966,8.097269666492611,True,69.1818763749678,15.807797599933966,True,0.0,0.0,6.0,3.5999999999999996,True,False,0.6794836965291013,0.5843584821233531,True,0.7861937713715639,0.1444368567761425,True,5,True,0.9956460674157305,False,Confirmed Anomaly,25,47
2025-01-31 18:00:00,53,28093.0,34289.0,62382.0,18,4,0,-1.0,-1.8369701987210297e-16,-0.433883739117558,-0.9009688679024191,-0.09932193065418464,375.0,-322.0,83.08333333333333,109.17712639347232,20.0,106539.4632041305,39.0,14.0,16.82849558600133,0.8319222552279602,False,58.14550109997424,16.82849558600133,True,0.33192225522796015,0.0,6.0,3.5999999999999996,False,False,0.6412008992978896,0.5843584821233531,True,0.5899809760302563,0.1444368567761425,True,3,True,0.6208721276087222,False,Confirmed Anomaly,26,47
2025-01-31 19:00:00,0,0.0,0.0,0.0,19,4,0,-0.9659258262890684,0.2588190451025203,-0.433883739117558,-0.9009688679024191,0.0,53.0,-53.0,83.66666666666667,108.9685501763524,0.0,106450.2701198658,0.0,0.0,16.833465386578872,0.0,False,46.51640087997939,16.833465386578872,True,0.0,0.0,6.0,3.5999999999999996,False,False,0.5291783454202228,0.5843584821233531,False,0.0048036969034579435,0.1444368567761425,False,1,False,0.5449672284644195,False,Normal,26,47
2025-01-31 20:00:00,0,0.0,0.0,0.0,20,4,0,-0.8660254037844386,0.5000000000000001,-0.433883739117558,-0.9009688679024191,0.0,0.0,0.0,83.66666666666667,108.9685501763524,0.0,106450.2701198658,0.0,0.0,16.833465386578872,0.0,False,37.21312070398351,16.833465386578872,True,0.0,0.0,6.0,3.5999999999999996,False,False,0.4883719764596588,0.5843584821233531,False,-0.18153232662779661,0.1444368567761425,False,1,False,0.46764981273408246,False,Normal,26,47
2025-01-31 21:00:00,0,0.0,0.0,0.0,21,4,0,-0.7071067811865477,0.7071067811865474,-0.433883739117558,-0.9009688679024191,0.0,0.0,0.0,83.66666666666667,108.9685501763524,0.0,106450.2701198658,0.0,0.0,16.833465386578872,0.0,False,29.77049656318681,16.833465386578872,True,0.0,0.0,6.0,3.5999999999999996,False,False,0.48367398936031597,0.5843584821233531,False,-0.21188371341456147,0.1444368567761425,False,1,False,0.45929307116104867,False,Normal,26,47
2025-01-31 22:00:00,0,0.0,0.0,0.0,22,4,0,-0.5000000000000004,0.8660254037844384,-0.433883739117558,-0.9009688679024191,0.0,0.0,0.0,83.66666666666667,108.9685501763524,0.0,106450.2701198658,0.0,0.0,16.833465386578872,0.0,False,23.81639725054945,16.833465386578872,True,0.0,0.0,6.0,3.5999999999999996,False,False,0.48639115811329325,0.5843584821233531,False,-0.22813648602366432,0.1444368567761425,False,1,False,0.46289794007490637,False,Normal,26,47
2025-01-31 23:00:00,0,0.0,0.0,0.0,23,4,0,-0.25881904510252157,0.9659258262890681,-0.433883739117558,-0.9009688679024191,0.0,0.0,0.0,83.66666666666667,108.9685501763524,0.0,106450.2701198658,0.0,0.0,16.833465386578872,0.0,False,19.053117800439562,16.833465386578872,True,0.0,0.0,6.0,3.5999999999999996,False,False,0.48623384456561153,0.5843584821233531,False,-0.210735125042806,0.1444368567761425,False,1,False,0.4634597378277153,False,Normal,26,47
2025-02-01 00:00:00,0,0.0,0.0,0.0,0,5,1,0.0,1.0,-0.9749279121818236,-0.2225209339563146,0.0,0.0,0.0,83.66666666666667,108.9685501763524,0.0,106450.2701198658,0.0,0.0,16.833465386578872,0.0,False,15.24249424035165,16.833465386578872,False,0.0,0.0,6.0,3.5999999999999996,False,False,0.5671920744716299,0.5761429228514643,False,-0.2774686974860736,0.07584513710793923,False,0,False,0.5031920544616113,False,Normal,26,47
2025-02-01 01:00:00,0,0.0,0.0,0.0,1,5,1,0.25881904510252074,0.9659258262890683,-0.9749279121818236,-0.2225209339563146,0.0,0.0,0.0,83.66666666666667,108.9685501763524,0.0,106450.2701198658,0.0,0.0,16.816366262867874,0.0,False,12.193995392281321,16.816366262867874,False,0.0,0.0,6.0,3.5999999999999996,False,False,0.5649341495576514,0.5761429228514643,False,-0.3037672119505692,0.07584513710793923,False,0,False,0.47091787443000854,False,Normal,26,47
2025-02-01 02:00:00,0,0.0,0.0,0.0,2,5,1,0.49999999999999994,0.8660254037844387,-0.9749279121818236,-0.2225209339563146,0.0,0.0,0.0,83.66666666666667,108.9685501763524,0.0,106450.2701198658,0.0,0.0,16.799318711208212,0.0,False,9.755196313825058,16.799318711208212,False,0.0,0.0,6.0,3.5999999999999996,False,False,0.5564749933501969,0.5761429228514643,False,-0.32637206042311795,0.07584513710793923,False,0,False,0.43993589639134156,False,Normal,26,47
2025-02-01 03:00:00,0,0.0,0.0,0.0,3,5,1,0.7071067811865476,0.7071067811865476,-0.9749279121818236,-0.2225209339563146,0.0,0.0,0.0,83.66666666666667,108.9685501763524,0.0,106450.2701198658,0.0,0.0,16.78232247546679,0.0,False,7.804157051060047,16.78232247546679,False,0.0,0.0,6.0,3.5999999999999996,False,False,0.552385704634723,0.5761429228514643,False,-0.3621130104466077,0.07584513710793923,False,0,False,0.4131288386753584,False,Normal,26,47
2025-02-01 04:00:00,0,0.0,0.0,0.0,4,5,1,0.8660254037844386,0.5000000000000001,-0.9749279121818236,-0.2225209339563146,0.0,0.0,0.0,83.66666666666667,108.9685501763524,0.0,106450.2701198658,0.0,0.0,16.76537730126594,0.0,False,6.243325640848038,16.76537730126594,False,0.0,0.0,6.0,3.5999999999999996,False,False,0.5546576304131774,0.5761429228514643,False,-0.3957129905084782,0.07584513710793923,False,0,False,0.3872729552274992,False,Normal,26,47
2025-02-01 05:00:00,0,0.0,0.0,0.0,5,5,1,0.9659258262890683,0.25881904510252074,-0.9749279121818236,-0.2225209339563146,0.0,0.0,0.0,83.66666666666667,108.9685501763524,0.0,106450.2701198658,0.0,0.0,16.7484829359682,0.0,False,4.994660512678431,16.7484829359682,False,0.0,0.0,6.0,3.5999999999999996,False,False,0.5521274842285773,0.5761429228514643,False,-0.43340167158762544,0.07584513710793923,False,0,False,0.35931568788544754,False,Normal,26,47
2025-02-01 06:00:00,0,0.0,0.0,0.0,6,5,1,1.0,6.123233995736766e-17,-0.9749279121818236,-0.2225209339563146,0.0,0.0,0.0,83.66666666666667,108.9685501763524,0.0,106450.2701198658,0.0,0.0,16.731639128661307,0.0,False,3.995728410142745,16.731639128661307,False,0.0,0.0,6.0,3.5999999999999996,False,False,0.5538661899164499,0.5761429228514643,False,-0.44753433944532883,0.07584513710793923,False,0,False,0.3433827708555556,False,Normal,26,47
2025-02-01 07:00:00,0,0.0,0.0,0.0,7,5,1,0.9659258262890683,-0.25881904510252063,-0.9749279121818236,-0.2225209339563146,0.0,0.0,0.0,82.625,109.6709753129193,0.0,107212.7399602342,0.0,0.0,16.714845630143287,0.0,False,3.196582728114196,16.714845630143287,False,0.0,0.0,6.0,3.5999999999999996,False,False,0.5535706612493873,0.5761429228514643,False,-0.457368017560297,0.07584513710793923,False,0,False,0.3302078555039599,False,Normal,26,47
2025-02-01 08:00:00,0,0.0,0.0,0.0,8,5,1,0.8660254037844387,-0.4999999999999998,-0.9749279121818236,-0.2225209339563146,0.0,0.0,0.0,80.5,110.79868151781841,0.0,108236.58788618832,0.0,0.0,16.698102192907744,0.0,False,2.557266182491357,16.698102192907744,False,0.0,0.0,6.0,3.5999999999999996,False,False,0.5507731873165663,0.5761429228514643,False,-0.4521885788611648,0.07584513710793923,False,0,False,0.32634285381780914,False,Normal,26,47
2025-02-01 09:00:00,0,0.0,0.0,0.0,9,5,1,0.7071067811865476,-0.7071067811865475,-0.9749279121818236,-0.2225209339563146,0.0,0.0,0.0,76.66666666666667,111.96881035696333,0.0,109359.8465127971,0.0,0.0,16.68140857112926,0.0,False,2.045812945993086,16.68140857112926,False,0.0,0.0,6.0,3.5999999999999996,False,False,0.5461753103578536,0.5761429228514643,False,-0.45362471347861444,0.07584513710793923,False,0,False,0.31846626966881064,False,Normal,26,47
2025-02-01 10:00:00,0,0.0,0.0,0.0,10,5,1,0.49999999999999994,-0.8660254037844387,-0.9749279121818236,-0.2225209339563146,0.0,0.0,0.0,70.75,112.11804726153201,0.0,109329.09720443243,0.0,0.0,16.664764520648994,0.0,False,1.6366503567944688,16.664764520648994,False,0.0,0.0,6.0,3.5999999999999996,False,False,0.537444274067481,0.5761429228514643,False,-0.47318177138069273,0.07584513710793923,False,0,False,0.2906210476115458,False,Normal,26,47
2025-02-01 11:00:00,0,0.0,0.0,0.0,11,5,1,0.258819045102521,-0.9659258262890682,-0.9749279121818236,-0.2225209339563146,0.0,0.0,0.0,62.041666666666664,108.98602988523311,0.0,106931.8007746584,0.0,0.0,16.64816979896038,0.0,False,1.3093202854355752,16.64816979896038,False,0.0,0.0,6.0,3.5999999999999996,False,False,0.5384794068221243,0.5761429228514643,False,-0.48303873459776225,0.07584513710793923,False,0,False,0.2805001585146674,False,Normal,26,47
2025-02-01 12:00:00,0,0.0,0.0,0.0,12,5,1,1.2246467991473532e-16,-1.0,-0.9749279121818236,-0.2225209339563146,0.0,0.0,0.0,54.916666666666664,107.12687182339762,0.0,106086.50133239987,0.0,0.0,16.631624165195,0.0,False,1.0474562283484603,16.631624165195,False,0.0,0.0,6.0,3.5999999999999996,False,False,0.5360796879611632,0.5761429228514643,False,-0.468748963348222,0.07584513710793923,False,0,False,0.288005021214636,False,Normal,26,47
2025-02-01 13:00:00,0,0.0,0.0,0.0,13,5,1,-0.2588190451025208,-0.9659258262890683,-0.9749279121818236,-0.2225209339563146,0.0,0.0,0.0,50.666666666666664,107.20101665103037,0.0,106195.92591901586,0.0,0.0,16.615127380108586,0.0,False,0.8379649826787683,16.615127380108586,False,0.0,0.0,6.0,3.5999999999999996,False,False,0.5375808909848283,0.5761429228514643,False,-0.44157280924822895,0.07584513710793923,False,0,False,0.30906320611068616,False,Normal,26,47
2025-02-01 14:00:00,0,0.0,0.0,0.0,14,5,1,-0.4999999999999997,-0.8660254037844388,-0.9749279121818236,-0.2225209339563146,0.0,0.0,0.0,46.25,107.00558701382798,0.0,106381.01269112082,0.0,0.0,16.598679206067196,0.0,False,0.6703719861430146,16.598679206067196,False,0.0,0.0,6.0,3.5999999999999996,False,False,0.5329082547688367,0.5761429228514643,False,-0.4168166469651353,0.07584513710793923,False,0,False,0.31701311638282426,False,Normal,26,47
2025-02-01 15:00:00,0,0.0,0.0,0.0,15,5,1,-0.7071067811865471,-0.7071067811865479,-0.9749279121818236,-0.2225209339563146,0.0,0.0,0.0,40.458333333333336,105.51858652128199,0.0,105169.9471365069,0.0,0.0,16.582279407033486,0.0,False,0.5362975889144117,16.582279407033486,False,0.0,0.0,6.0,3.5999999999999996,False,False,0.5271377053709756,0.5761429228514643,False,-0.3983323057446482,0.07584513710793923,False,0,False,0.31924730869339457,False,Normal,26,47
2025-02-01 16:00:00,0,0.0,0.0,0.0,16,5,1,-0.8660254037844385,-0.5000000000000004,-0.9749279121818236,-0.2225209339563146,0.0,0.0,0.0,31.125,98.23322403518996,0.0,98725.85676945186,0.0,0.0,16.56592774855315,0.0,False,0.42903807113152936,16.56592774855315,False,0.0,0.0,6.0,3.5999999999999996,False,False,0.5321182019062869,0.5761429228514643,False,-0.39350727617893866,0.07584513710793923,False,0,False,0.3234541122066006,False,Normal,26,47
2025-02-01 17:00:00,0,0.0,0.0,0.0,17,5,1,-0.9659258262890683,-0.25881904510252063,-0.9749279121818236,-0.2225209339563146,0.0,0.0,0.0,17.833333333333332,76.84013142298397,0.0,74270.98361170644,0.0,0.0,16.5496239977415,0.0,False,0.3432304569052235,16.5496239977415,False,0.0,0.0,6.0,3.5999999999999996,False,False,0.5206624207817871,0.5761429228514643,False,-0.39190544754061873,0.07584513710793923,False,0,False,0.317717662313155,False,Normal,26,47
2025-02-01 18:00:00,0,0.0,0.0,0.0,18,5,1,-1.0,-1.8369701987210297e-16,-0.9749279121818236,-0.2225209339563146,0.0,0.0,0.0,2.2083333333333335,10.8185796972924,0.0,12733.672427858484,0.0,0.0,16.533367923270163,0.0,False,0.2745843655241788,16.533367923270163,False,0.0,0.0,6.0,3.5999999999999996,False,False,0.5747106622934732,0.5761429228514643,False,-0.4790855877655158,0.07584513710793923,False,0,False,0.2950473633635114,False,Normal,26,47
2025-02-01 19:00:00,0,0.0,0.0,0.0,19,5,1,-0.9659258262890684,0.2588190451025203,-0.9749279121818236,-0.2225209339563146,0.0,0.0,0.0,0.0,0.0,0.0,0.0,0.0,0.0,16.51715929535393,0.0,False,0.21966749241934305,16.51715929535393,False,0.0,0.0,6.0,3.5999999999999996,False,False,0.5186663037497437,0.5761429228514643,False,-0.5017018873974458,0.07584513710793923,False,0,False,0.2432168127026718,False,Normal,26,47
2025-02-01 20:00:00,0,0.0,0.0,0.0,20,5,1,-0.8660254037844386,0.5000000000000001,-0.9749279121818236,-0.2225209339563146,0.0,0.0,0.0,0.0,0.0,0.0,0.0,0.0,0.0,16.500997885737746,0.0,False,0.17573399393547445,16.500997885737746,False,0.0,0.0,6.0,3.5999999999999996,False,False,0.5084019279036968,0.5761429228514643,False,-0.5106000867945198,0.07584513710793923,False,0,False,0.22411621174222535,False,Normal,26,47
2025-02-01 21:00:00,0,0.0,0.0,0.0,21,5,1,-0.7071067811865477,0.7071067811865474,-0.9749279121818236,-0.2225209339563146,0.0,0.0,0.0,0.0,0.0,0.0,0.0,0.0,0.0,16.48488346768379,0.0,False,0.14058719514837956,16.48488346768379,False,0.0,0.0,6.0,3.5999999999999996,False,False,0.5089591866013189,0.5761429228514643,False,-0.5104997087318845,0.07584513710793923,False,0,False,0.2248279265267935,False,Normal,26,47
2025-02-01 22:00:00,0,0.0,0.0,0.0,22,5,1,-0.5000000000000004,0.8660254037844384,-0.9749279121818236,-0.2225209339563146,0.0,0.0,0.0,0.0,0.0,0.0,0.0,0.0,0.0,16.46881581595873,0.0,False,0.11246975611870365,16.46881581595873,False,0.0,0.0,6.0,3.5999999999999996,False,False,0.5171831610539415,0.5761429228514643,False,-0.5010541840242543,0.07584513710793923,False,0,False,0.24184835840916946,False,Normal,26,47
2025-02-01 23:00:00,0,0.0,0.0,0.0,23,5,1,-0.25881904510252157,0.9659258262890681,-0.9749279121818236,-0.2225209339563146,0.0,0.0,0.0,0.0,0.0,0.0,0.0,0.0,0.0,16.452794706821095,0.0,False,0.08997580489496293,16.452794706821095,False,0.0,0.0,6.0,3.5999999999999996,False,False,0.5301645375206087,0.5761429228514643,False,-0.49486128816330743,0.07584513710793923,False,0,False,0.2541442787433443,False,Normal,26,47
2025-02-02 00:00:00,0,0.0,0.0,0.0,0,6,1,0.0,1.0,-0.7818314824680299,0.6234898018587334,0.0,0.0,0.0,0.0,0.0,0.0,0.0,0.0,0.0,16.43681991800876,0.0,False,0.07198064391597035,16.43681991800876,False,0.0,0.0,6.0,3.5999999999999996,False,False,0.47258285679888135,0.5731484532275414,False,-0.5066267904999683,0.07963990124210363,False,0,False,0.1675108173491606,False,Normal,26,47
2025-02-02 01:00:00,0,0.0,0.0,0.0,1,6,1,0.25881904510252074,0.9659258262890683,-0.7818314824680299,0.6234898018587334,0.0,0.0,0.0,0.0,0.0,0.0,0.0,0.0,0.0,16.420891228726557,0.0,False,0.057584515132776286,16.420891228726557,False,0.0,0.0,6.0,3.5999999999999996,False,False,0.4701044931442077,0.5731484532275414,False,-0.4929228624235471,0.07963990124210363,False,0,False,0.1768134707516052,False,Normal,26,47
2025-02-02 02:00:00,0,0.0,0.0,0.0,2,6,1,0.49999999999999994,0.8660254037844387,-0.7818314824680299,0.6234898018587334,0.0,0.0,0.0,0.0,0.0,0.0,0.0,0.0,0.0,16.405008419634047,0.0,False,0.04606761210622103,16.405008419634047,False,0.0,0.0,6.0,3.5999999999999996,False,False,0.46737786457882446,0.5731484532275414,False,-0.48236285476103236,0.07963990124210363,False,0,False,0.17675549113621622,False,Normal,26,47
2025-02-02 03:00:00,0,0.0,0.0,0.0,3,6,1,0.7071067811865476,0.7071067811865476,-0.7818314824680299,0.6234898018587334,0.0,0.0,0.0,0.0,0.0,0.0,0.0,0.0,0.0,16.389171272833355,0.0,False,0.036854089684976825,16.389171272833355,False,0.0,0.0,6.0,3.5999999999999996,False,False,0.46922058232017005,0.5731484532275414,False,-0.46607664143351424,0.07963990124210363,False,0,False,0.19745808932251258,False,Normal,26,47
2025-02-02 04:00:00,0,0.0,0.0,0.0,4,6,1,0.8660254037844386,0.5000000000000001,-0.7818314824680299,0.6234898018587334,0.0,0.0,0.0,0.0,0.0,0.0,0.0,0.0,0.0,16.37337957185718,0.0,False,0.02948327174798146,16.37337957185718,False,0.0,0.0,6.0,3.5999999999999996,False,False,0.46994252710734274,0.5731484532275414,False,-0.4706825141048372,0.07963990124210363,False,0,False,0.19364557066518429,False,Normal,26,47
2025-02-02 05:00:00,0,0.0,0.0,0.0,5,6,1,0.9659258262890683,0.25881904510252074,-0.7818314824680299,0.6234898018587334,0.0,0.0,0.0,0.0,0.0,0.0,0.0,0.0,0.0,16.35763310165689,0.0,False,0.02358661739838517,16.35763310165689,False,0.0,0.0,6.0,3.5999999999999996,False,False,0.4697551267006431,0.5731484532275414,False,-0.47340877699670103,0.07963990124210363,False,0,False,0.19031460461567934,False,Normal,26,47
2025-02-02 06:00:00,0,0.0,0.0,0.0,6,6,1,1.0,6.123233995736766e-17,-0.7818314824680299,0.6234898018587334,0.0,0.0,0.0,0.0,0.0,0.0,0.0,0.0,0.0,16.341931648590755,0.0,False,0.018869293918708136,16.341931648590755,False,0.0,0.0,6.0,3.5999999999999996,False,False,0.47442298651004594,0.5731484532275414,False,-0.4662361299274891,0.07963990124210363,False,0,False,0.21225184994302093,False,Normal,26,47
2025-02-02 07:00:00,0,0.0,0.0,0.0,7,6,1,0.9659258262890683,-0.25881904510252063,-0.7818314824680299,0.6234898018587334,0.0,0.0,0.0,0.0,0.0,0.0,0.0,0.0,0.0,16.326275000412295,0.0,False,0.01509543513496651,16.326275000412295,False,0.0,0.0,6.0,3.5999999999999996,False,False,0.47431729338707307,0.5731484532275414,False,-0.4680073730403447,0.07963990124210363,False,0,False,0.20816771769891596,False,Normal,26,47
2025-02-02 08:00:00,0,0.0,0.0,0.0,8,6,1,0.8660254037844387,-0.4999999999999998,-0.7818314824680299,0.6234898018587334,0.0,0.0,0.0,0.0,0.0,0.0,0.0,0.0,0.0,16.310662946258716,0.0,False,0.012076348107973207,16.310662946258716,False,0.0,0.0,6.0,3.5999999999999996,False,False,0.47499140920640914,0.5731484532275414,False,-0.46450798461822607,0.07963990124210363,False,0,False,0.21740974852483008,False,Normal,26,47
2025-02-02 09:00:00,0,0.0,0.0,0.0,9,6,1,0.7071067811865476,-0.7071067811865475,-0.7818314824680299,0.6234898018587334,0.0,0.0,0.0,0.0,0.0,0.0,0.0,0.0,0.0,16.295095276639515,0.0,False,0.009661078486378566,16.295095276639515,False,0.0,0.0,6.0,3.5999999999999996,False,False,0.4735885188400425,0.5731484532275414,False,-0.46230771401507575,0.07963990124210363,False,0,False,0.2144381833266197,False,Normal,26,47
2025-02-02 10:00:00,0,0.0,0.0,0.0,10,6,1,0.49999999999999994,-0.8660254037844387,-0.7818314824680299,0.6234898018587334,0.0,0.0,0.0,0.0,0.0,0.0,0.0,0.0,0.0,16.279571783425148,0.0,False,0.007728862789102853,16.279571783425148,False,0.0,0.0,6.0,3.5999999999999996,False,False,0.47050820033523305,0.5731484532275414,False,-0.46687742924841036,0.07963990124210363,False,0,False,0.19899443472766948,False,Normal,26,47
2025-02-02 11:00:00,0,0.0,0.0,0.0,11,6,1,0.258819045102521,-0.9659258262890682,-0.7818314824680299,0.6234898018587334,0.0,0.0,0.0,0.0,0.0,0.0,0.0,0.0,0.0,16.264092259835838,0.0,False,0.006183090231282283,16.264092259835838,False,0.0,0.0,6.0,3.5999999999999996,False,False,0.4759631628244654,0.5731484532275414,False,-0.47596626483343485,0.07963990124210363,False,0,False,0.20754766192999013,False,Normal,26,47
2025-02-02 12:00:00,0,0.0,0.0,0.0,12,6,1,1.2246467991473532e-16,-1.0,-0.7818314824680299,0.6234898018587334,0.0,0.0,0.0,0.0,0.0,0.0,0.0,0.0,0.0,16.24865650043047,0.0,False,0.004946472185025827,16.24865650043047,False,0.0,0.0,6.0,3.5999999999999996,False,False,0.4821499734755409,0.5731484532275414,False,-0.467220444504026,0.07963990124210363,False,0,False,0.2313892964773659,False,Normal,26,47
2025-02-02 13:00:00,0,0.0,0.0,0.0,13,6,1,-0.2588190451025208,-0.9659258262890683,-0.7818314824680299,0.6234898018587334,0.0,0.0,0.0,0.0,0.0,0.0,0.0,0.0,0.0,16.233264301095637,0.0,False,0.003957177748020661,16.233264301095637,False,0.0,0.0,6.0,3.5999999999999996,False,False,0.48147886557299396,0.5731484532275414,False,-0.45666733716820374,0.07963990124210363,False,0,False,0.2413755167638223,False,Normal,26,47
2025-02-02 14:00:00,0,0.0,0.0,0.0,14,6,1,-0.4999999999999997,-0.8660254037844388,-0.7818314824680299,0.6234898018587334,0.0,0.0,0.0,0.0,0.0,0.0,0.0,0.0,0.0,16.21791545903473,0.0,False,0.003165742198416529,16.21791545903473,False,0.0,0.0,6.0,3.5999999999999996,False,False,0.4756129650527245,0.5731484532275414,False,-0.4667282923985767,0.07963990124210363,False,0,False,0.21571280064642853,False,Normal,26,47
2025-02-02 15:00:00,0,0.0,0.0,0.0,15,6,1,-0.7071067811865471,-0.7071067811865479,-0.7818314824680299,0.6234898018587334,0.0,0.0,0.0,0.0,0.0,0.0,0.0,0.0,0.0,16.202609772757214,0.0,False,0.0025325937587332235,16.202609772757214,False,0.0,0.0,6.0,3.5999999999999996,False,False,0.46891881433456906,0.5731484532275414,False,-0.4819526146034061,0.07963990124210363,False,0,False,0.18082868961079454,False,Normal,26,47
2025-02-02 16:00:00,0,0.0,0.0,0.0,16,6,1,-0.8660254037844385,-0.5000000000000004,-0.7818314824680299,0.6234898018587334,0.0,0.0,0.0,0.0,0.0,0.0,0.0,0.0,0.0,16.18734704206793,0.0,False,0.002026075006986579,16.18734704206793,False,0.0,0.0,6.0,3.5999999999999996,False,False,0.46594193062845785,0.5731484532275414,False,-0.49371924080108087,0.07963990124210363,False,0,False,0.16415735139664936,False,Normal,26,47
2025-02-02 17:00:00,0,0.0,0.0,0.0,17,6,1,-0.9659258262890683,-0.25881904510252063,-0.7818314824680299,0.6234898018587334,0.0,0.0,0.0,0.0,0.0,0.0,0.0,0.0,0.0,16.172127068056557,0.0,False,0.0016208600055892632,16.172127068056557,False,0.0,0.0,6.0,3.5999999999999996,False,False,0.46777621140068243,0.5731484532275414,False,-0.504894272185097,0.07963990124210363,False,0,False,0.15596072671338554,False,Normal,26,47
2025-02-02 18:00:00,0,0.0,0.0,0.0,18,6,1,-1.0,-1.8369701987210297e-16,-0.7818314824680299,0.6234898018587334,0.0,0.0,0.0,0.0,0.0,0.0,0.0,0.0,0.0,16.15694965308717,0.0,False,0.0012966880044714107,16.15694965308717,False,0.0,0.0,6.0,3.5999999999999996,False,False,0.4714024501259221,0.5731484532275414,False,-0.5193113235282644,0.07963990124210363,False,0,False,0.1496375065262946,False,Normal,26,47
2025-02-02 19:00:00,0,0.0,0.0,0.0,19,6,1,-0.9659258262890684,0.2588190451025203,-0.7818314824680299,0.6234898018587334,0.0,0.0,0.0,0.0,0.0,0.0,0.0,0.0,0.0,16.141814600787868,0.0,False,0.0010373504035771286,16.141814600787868,False,0.0,0.0,6.0,3.5999999999999996,False,False,0.4646061775846374,0.5731484532275414,False,-0.5326073491477231,0.07963990124210363,False,0,False,0.12023435882034879,False,Normal,26,47
2025-02-02 20:00:00,0,0.0,0.0,0.0,20,6,1,-0.8660254037844386,0.5000000000000001,-0.7818314824680299,0.6234898018587334,0.0,0.0,0.0,0.0,0.0,0.0,0.0,0.0,0.0,16.126721716040528,0.0,False,0.0008298803228617029,16.126721716040528,False,0.0,0.0,6.0,3.5999999999999996,False,False,0.4627093059505908,0.5731484532275414,False,-0.5302905502749078,0.07963990124210363,False,0,False,0.12025584633360013,False,Normal,26,47
2025-02-02 21:00:00,0,0.0,0.0,0.0,21,6,1,-0.7071067811865477,0.7071067811865474,-0.7818314824680299,0.6234898018587334,0.0,0.0,0.0,0.0,0.0,0.0,0.0,0.0,0.0,16.111670804970675,0.0,False,0.0006639042582893624,16.111670804970675,False,0.0,0.0,6.0,3.5999999999999996,False,False,0.46412716241223256,0.5731484532275414,False,-0.5297700281959757,0.07963990124210363,False,0,False,0.12301648058832104,False,Normal,26,47
2025-02-02 22:00:00,0,0.0,0.0,0.0,22,6,1,-0.5000000000000004,0.8660254037844384,-0.7818314824680299,0.6234898018587334,0.0,0.0,0.0,0.0,0.0,0.0,0.0,0.0,0.0,16.096661674937412,0.0,False,0.00053112340663149,16.096661674937412,False,0.0,0.0,6.0,3.5999999999999996,False,False,0.46790225512973477,0.5731484532275414,False,-0.5325662226974992,0.07963990124210363,False,0,False,0.12732236511130834,False,Normal,26,47
2025-02-02 23:00:00,0,0.0,0.0,0.0,23,6,1,-0.25881904510252157,0.9659258262890681,-0.7818314824680299,0.6234898018587334,0.0,0.0,0.0,0.0,0.0,0.0,0.0,0.0,0.0,16.08169413452347,0.0,False,0.000424898725305192,16.08169413452347,False,0.0,0.0,6.0,3.5999999999999996,False,False,0.46919877150673156,0.5731484532275414,False,-0.5216899917598482,0.07963990124210363,False,0,False,0.1402895437143084,False,Normal,26,47
2025-02-03 00:00:00,0,0.0,0.0,0.0,0,0,0,0.0,1.0,0.0,1.0,0.0,0.0,0.0,0.0,0.0,0.0,0.0,0.0,0.0,16.066767993525357,0.0,False,0.0003399189802441536,16.066767993525357,False,0.0,0.0,6.0,3.5999999999999996,False,False,0.4875752100397772,0.580842421069124,False,-0.27292220322676597,0.07963990124210363,False,0,False,0.31032620720530146,False,Normal,26,47
2025-02-03 01:00:00,0,0.0,0.0,0.0,1,0,0,0.25881904510252074,0.9659258262890683,0.0,1.0,0.0,0.0,0.0,0.0,0.0,0.0,0.0,0.0,0.0,16.066767993525357,0.0,False,0.0002719351841953229,16.066767993525357,False,0.0,0.0,6.0,3.5999999999999996,False,False,0.4811563152779804,0.580842421069124,False,-0.2944361392777317,0.07963990124210363,False,0,False,0.295999729809185,False,Normal,26,47
2025-02-03 02:00:00,0,0.0,0.0,0.0,2,0,0,0.49999999999999994,0.8660254037844387,0.0,1.0,0.0,0.0,0.0,0.0,0.0,0.0,0.0,0.0,0.0,16.066767993525357,0.0,False,0.00021754814735625832,16.066767993525357,False,0.0,0.0,6.0,3.5999999999999996,False,False,0.4741788623186699,0.580842421069124,False,-0.32604953542325266,0.07963990124210363,False,0,False,0.2702735666188836,False,Normal,26,47
2025-02-03 03:00:00,0,0.0,0.0,0.0,3,0,0,0.7071067811865476,0.7071067811865476,0.0,1.0,0.0,0.0,0.0,0.0,0.0,0.0,0.0,0.0,0.0,16.066767993525357,0.0,False,0.00017403851788500666,16.066767993525357,False,0.0,0.0,6.0,3.5999999999999996,False,False,0.47668841709483034,0.580842421069124,False,-0.3503877425467081,0.07963990124210363,False,0,False,0.27404188700297205,False,Normal,26,47
2025-02-03 04:00:00,0,0.0,0.0,0.0,4,0,0,0.8660254037844386,0.5000000000000001,0.0,1.0,0.0,0.0,0.0,0.0,0.0,0.0,0.0,0.0,0.0,16.066767993525357,0.0,False,0.00013923081430800534,16.066767993525357,False,0.0,0.0,6.0,3.5999999999999996,False,False,0.4752531522047284,0.580842421069124,False,-0.3827701074289256,0.07963990124210363,False,0,False,0.25934118750499935,False,Normal,26,47
2025-02-03 05:00:00,0,0.0,0.0,0.0,5,0,0,0.9659258262890683,0.25881904510252074,0.0,1.0,0.0,0.0,0.0,0.0,0.0,0.0,0.0,0.0,0.0,16.066767993525357,0.0,False,0.00011138465144640427,16.066767993525357,False,0.0,0.0,6.0,3.5999999999999996,False,False,0.47903403172723824,0.580842421069124,False,-0.39448998487028275,0.07963990124210363,False,0,False,0.26355441067815677,False,Normal,26,47
2025-02-03 06:00:00,27,9380.0,10786.0,20166.0,6,0,0,1.0,6.123233995736766e-17,0.0,1.0,-0.06971785590320821,0.0,27.0,0.0,0.0,16.0,0.0,20.5,6.5,16.066767993525357,0.40456176392286197,False,1.3000891077211572,16.066767993525357,False,0.0,0.0,6.0,3.5999999999999996,False,False,0.5619469541714174,0.580842421069124,False,-0.36378561982697577,0.07963990124210363,False,0,False,0.3727906799580145,False,Normal,26,47
2025-02-03 07:00:00,43,18168.0,17598.0,35766.0,7,0,0,0.9659258262890683,-0.25881904510252063,0.0,1.0,0.01593647775882797,27.0,16.0,1.125,5.5113519212621505,5.0,4116.367512747131,40.0,3.0,16.067064722884698,0.18671736572561567,False,1.6400712861769258,16.067064722884698,False,0.0,0.0,6.0,3.5999999999999996,False,False,0.5528081631226317,0.580842421069124,False,-0.37137030538953497,0.07963990124210363,False,0,False,0.3620316563803607,False,Normal,26,47
2025-02-03 08:00:00,61,27139.0,37144.0,64283.0,8,0,0,0.8660254037844387,-0.4999999999999998,0.0,1.0,-0.1556374836662311,43.0,18.0,2.9166666666666665,10.159239387254157,-9.0,8223.838059858828,75.0,-14.0,16.067102039996094,-0.8713456829457843,False,-1.4879429710584595,16.067102039996094,False,0.0,0.3713456829457843,6.0,3.5999999999999996,False,False,0.5657856192032606,0.580842421069124,False,-0.3855953703930397,0.07963990124210363,False,0,False,0.3847899960142622,False,Normal,26,47
2025-02-03 09:00:00,109,41560.0,67615.0,109175.0,9,0,0,0.7071067811865476,-0.7071067811865475,0.0,1.0,-0.23865135194548254,61.0,48.0,5.458333333333333,15.581424745556784,5.0,15059.34127977705,104.0,5.0,16.08448987311099,0.3108584754284733,False,-0.1903543768467677,16.08448987311099,False,0.0,0.0,6.0,3.5999999999999996,False,False,0.5810958896867127,0.580842421069124,True,-0.3214331324599513,0.07963990124210363,False,1,False,0.38067647316497744,False,Normal,26,47
2025-02-03 10:00:00,136,63327.0,79945.0,143272.0,10,0,0,0.49999999999999994,-0.8660254037844387,0.0,1.0,-0.11598835789018168,109.0,27.0,10.0,26.19326166252953,1.0,25997.381575369513,145.0,-9.0,16.08159232755202,-0.5596460733916641,False,-1.9522835014774143,16.08159232755202,False,0.0,0.059646073391664056,6.0,3.5999999999999996,False,False,0.5536896331890373,0.580842421069124,False,-0.4281254818963558,0.07963990124210363,False,0,False,0.35460811140175874,False,Normal,26,47
2025-02-03 11:00:00,103,51808.0,55364.0,107172.0,11,0,0,0.258819045102521,-0.9659258262890682,0.0,1.0,-0.03317999869370084,136.0,-33.0,15.666666666666666,36.585417226310106,-10.0,37577.563119403494,118.5,-15.5,16.064996065455617,-0.9648306128956656,False,-4.661826801181931,16.064996065455617,False,0.0,0.5244766862873296,6.0,3.5999999999999996,False,False,0.5511608517680904,0.580842421069124,False,-0.41992914594547726,0.07963990124210363,False,0,False,0.3959369530267873,False,Normal,26,47
2025-02-03 12:00:00,84,39620.0,40225.0,79845.0,12,0,0,1.2246467991473532e-16,-1.0,0.0,1.0,-0.007577085890338902,103.0,-19.0,19.958333333333332,40.49957505592059,0.0,41784.4892409036,90.5,-6.5,16.05846557428192,-0.404770927205519,False,-5.029461440945545,16.05846557428192,False,0.0,0.42924761349284857,6.0,3.5999999999999996,False,False,0.5155125636857742,0.580842421069124,False,-0.4583166026914103,0.07963990124210363,False,0,False,0.3397556052775664,False,Normal,26,47
2025-02-03 13:00:00,72,29164.0,42853.0,72017.0,13,0,0,-0.2588190451025208,-0.9659258262890683,0.0,1.0,-0.19007748062984253,84.0,-12.0,23.458333333333332,42.28986842039701,-3.0,43275.45526797335,70.0,2.0,16.060078512896077,0.12453239244092243,False,-3.623569152756436,16.060078512896077,False,0.0,0.0,6.0,3.5999999999999996,False,False,0.5261046370611264,0.580842421069124,False,-0.4402777795005661,0.07963990124210363,False,0,False,0.3338985179830566,False,Normal,26,47
2025-02-03 14:00:00,93,42498.0,44563.0,87061.0,14,0,0,-0.4999999999999997,-0.8660254037844388,0.0,1.0,-0.023718729181502838,72.0,21.0,26.458333333333332,43.0994594606139,2.0,44077.53793395045,92.5,0.5,16.042146141913943,0.031167899580071174,False,-2.798855322205149,16.042146141913943,False,0.0,0.0,6.0,3.5999999999999996,False,False,0.5064098315221333,0.580842421069124,False,-0.4822741602656173,0.07963990124210363,False,0,False,0.2775135695885986,False,Normal,26,47
2025-02-03 15:00:00,157,66752.0,85708.0,152460.0,15,0,0,-0.7071067811865471,-0.7071067811865479,0.0,1.0,-0.124333436091853,93.0,64.0,30.333333333333332,44.76573482578783,-8.0,45380.45367966369,186.5,-29.5,16.000348321682242,-1.843709862242451,False,-8.13908425776412,16.000348321682242,False,0.0,1.343709862242451,6.0,3.5999999999999996,False,False,0.5426881036936464,0.580842421069124,False,-0.46140154775158315,0.07963990124210363,False,0,False,0.430853818504922,False,Normal,26,47
2025-02-03 16:00:00,254,97125.0,133130.0,230255.0,16,0,0,-0.8660254037844385,-0.5000000000000004,0.0,1.0,-0.15636943228406644,157.0,97.0,36.875,51.15561297776066,38.0,51291.83764921054,224.5,29.5,16.043495400778728,1.838751423119934,False,-0.6112674062112955,16.043495400778728,False,1.338751423119934,0.0,6.0,3.5999999999999996,False,False,0.5985886905775858,0.580842421069124,True,-0.32316798534664737,0.07963990124210363,False,1,False,0.44060231538169325,False,Normal,26,47
2025-02-03 17:00:00,260,141494.0,165541.0,307035.0,17,0,0,-0.9659258262890683,-0.25881904510252063,0.0,1.0,-0.0783198061465105,254.0,6.0,47.458333333333336,67.01199059913063,6.0,64133.37968685239,286.0,-26.0,15.908042569195953,-1.6343934137029488,False,-5.689013924969037,15.908042569195953,False,0.0,1.1343934137029488,6.0,3.5999999999999996,False,False,0.5847797328914639,0.580842421069124,True,-0.3086228185918012,0.07963990124210363,False,1,False,0.4802433759511213,False,Normal,26,47
2025-02-03 18:00:00,52,21755.0,20548.0,42303.0,18,0,0,-1.0,-1.8369701987210297e-16,0.0,1.0,0.02853158093797277,260.0,-208.0,58.291666666666664,78.95759961037243,9.0,82557.25157151047,41.0,11.0,15.82183293979772,0.6952418245000528,False,-2.351211139975229,15.82183293979772,False,0.19524182450005279,0.0,6.0,3.5999999999999996,False,False,0.5723817536099236,0.580842421069124,False,0.1939899095327029,0.07963990124210363,True,1,False,0.46800768489763067,False,Normal,26,47
2025-02-03 19:00:00,0,0.0,0.0,0.0,19,0,0,-0.9659258262890684,0.2588190451025203,0.0,1.0,0.0,52.0,-52.0,60.458333333333336,77.99608639382892,0.0,81696.87751039985,0.0,0.0,15.824600569126352,0.0,False,-1.8809689119801831,15.824600569126352,False,0.0,0.0,6.0,3.5999999999999996,False,False,0.49185374243156854,0.580842421069124,False,-0.3163144469453394,0.07963990124210363,False,0,False,0.32850369654289446,False,Normal,26,47
2025-02-03 20:00:00,0,0.0,0.0,0.0,20,0,0,-0.8660254037844386,0.5000000000000001,0.0,1.0,0.0,0.0,0.0,60.458333333333336,77.99608639382892,0.0,81696.87751039985,0.0,0.0,15.824600569126352,0.0,False,-1.5047751295841465,15.824600569126352,False,0.0,0.0,6.0,3.5999999999999996,False,False,0.45248200035061537,0.580842421069124,False,-0.4267811026439645,0.07963990124210363,False,0,False,0.2089031445002332,False,Normal,26,47
2025-02-03 21:00:00,0,0.0,0.0,0.0,21,0,0,-0.7071067811865477,0.7071067811865474,0.0,1.0,0.0,0.0,0.0,60.458333333333336,77.99608639382892,0.0,81696.87751039985,0.0,0.0,15.824600569126352,0.0,False,-1.2038201036673173,15.824600569126352,False,0.0,0.0,6.0,3.5999999999999996,False,False,0.44895844024657633,0.580842421069124,False,-0.45689178541914655,0.07963990124210363,False,0,False,0.1842807553005611,False,Normal,26,47
2025-02-03 22:00:00,0,0.0,0.0,0.0,22,0,0,-0.5000000000000004,0.8660254037844384,0.0,1.0,0.0,0.0,0.0,60.458333333333336,77.99608639382892,0.0,81696.87751039985,0.0,0.0,15.824600569126352,0.0,False,-0.9630560829338539,15.824600569126352,False,0.0,0.0,6.0,3.5999999999999996,False,False,0.4476207698101653,0.580842421069124,False,-0.4713469265111212,0.07963990124210363,False,0,False,0.16519145817303316,False,Normal,26,47
2025-02-03 23:00:00,0,0.0,0.0,0.0,23,0,0,-0.25881904510252157,0.9659258262890681,0.0,1.0,0.0,0.0,0.0,60.458333333333336,77.99608639382892,0.0,81696.87751039985,0.0,0.0,15.824600569126352,0.0,False,-0.7704448663470832,15.824600569126352,False,0.0,0.0,6.0,3.5999999999999996,False,False,0.4509934045035168,0.580842421069124,False,-0.485781942938214,0.07963990124210363,False,0,False,0.15634324144479356,False,Normal,26,47
2025-02-04 00:00:00,0,0.0,0.0,0.0,0,1,0,0.0,1.0,0.7818314824680298,0.6234898018587336,0.0,0.0,0.0,60.458333333333336,77.99608639382892,0.0,81696.87751039985,0.0,0.0,15.824600569126352,0.0,False,-0.6163558930776666,15.824600569126352,False,0.0,0.0,6.0,3.5999999999999996,False,False,0.43450451665892403,0.5768343809089498,False,-0.5216121221996652,0.09482853583998294,False,0,False,0.10336111000976744,False,Normal,26,47
2025-02-04 01:00:00,0,0.0,0.0,0.0,1,1,0,0.25881904510252074,0.9659258262890683,0.7818314824680298,0.6234898018587336,0.0,0.0,0.0,60.458333333333336,77.99608639382892,0.0,81696.87751039985,0.0,0.0,15.824600569126352,0.0,False,-0.4930847144621333,15.824600569126352,False,0.0,0.0,6.0,3.5999999999999996,False,False,0.43439605082660804,0.5768343809089498,False,-0.5210115601391883,0.09482853583998294,False,0,False,0.10296510523627836,False,Normal,26,47
2025-02-04 02:00:00,0,0.0,0.0,0.0,2,1,0,0.49999999999999994,0.8660254037844387,0.7818314824680298,0.6234898018587336,0.0,0.0,0.0,60.458333333333336,77.99608639382892,0.0,81696.87751039985,0.0,0.0,15.824600569126352,0.0,False,-0.3944677715697067,15.824600569126352,False,0.0,0.0,6.0,3.5999999999999996,False,False,0.4331341378484505,0.5768343809089498,False,-0.5158410192069888,0.09482853583998294,False,0,False,0.10666515535007137,False,Normal,26,47
2025-02-04 03:00:00,0,0.0,0.0,0.0,3,1,0,0.7071067811865476,0.7071067811865476,0.7818314824680298,0.6234898018587336,0.0,0.0,0.0,60.458333333333336,77.99608639382892,0.0,81696.87751039985,0.0,0.0,15.824600569126352,0.0,False,-0.3155742172557654,15.824600569126352,False,0.0,0.0,6.0,3.5999999999999996,False,False,0.4286226992935727,0.5768343809089498,False,-0.49760265984740704,0.09482853583998294,False,0,False,0.12286489581563763,False,Normal,26,47
2025-02-04 04:00:00,0,0.0,0.0,0.0,4,1,0,0.8660254037844386,0.5000000000000001,0.7818314824680298,0.6234898018587336,0.0,0.0,0.0,60.458333333333336,77.99608639382892,0.0,81696.87751039985,0.0,0.0,15.824600569126352,0.0,False,-0.2524593738046123,15.824600569126352,False,0.0,0.0,6.0,3.5999999999999996,False,False,0.42952227446255264,0.5768343809089498,False,-0.492551394710093,0.09482853583998294,False,0,False,0.12846981927423295,False,Normal,26,47
2025-02-04 05:00:00,0,0.0,0.0,0.0,5,1,0,0.9659258262890683,0.25881904510252074,0.7818314824680298,0.6234898018587336,0.0,0.0,0.0,60.458333333333336,77.99608639382892,0.0,81696.87751039985,0.0,0.0,15.824600569126352,0.0,False,-0.20196749904368985,15.824600569126352,False,0.0,0.0,6.0,3.5999999999999996,False,False,0.430640435702847,0.5768343809089498,False,-0.47284071217082513,0.09482853583998294,False,0,False,0.14423652957668973,False,Normal,26,47
2025-02-04 06:00:00,24,7591.0,8248.0,15839.0,6,1,0,1.0,6.123233995736766e-17,0.7818314824680298,0.6234898018587336,-0.04147727272727273,0.0,24.0,60.458333333333336,77.99608639382892,-2.0,81696.87751039985,24.0,0.0,15.824600569126352,0.0,False,-0.1615739992349519,15.824600569126352,False,0.0,0.0,6.0,3.5999999999999996,False,False,0.4706001019482559,0.5768343809089498,False,-0.40307532345906183,0.09482853583998294,False,0,False,0.23736956074000348,False,Normal,26,47
2025-02-04 07:00:00,26,11996.0,13915.0,25911.0,7,1,0,0.9659258262890683,-0.25881904510252063,0.7818314824680298,0.6234898018587336,-0.0740583513430071,24.0,2.0,60.333333333333336,78.05442174293003,-16.0,81794.36023734076,42.5,-16.5,15.82347009265972,-1.0427548384380056,False,-3.4292591993879618,15.82347009265972,False,0.0,0.5427548384380056,6.0,3.5999999999999996,False,False,0.4796875394507613,0.5768343809089498,False,-0.3130125409996216,0.09482853583998294,False,0,False,0.3563348159692511,False,Normal,26,47
2025-02-04 08:00:00,54,20250.0,25611.0,45861.0,8,1,0,0.8660254037844387,-0.4999999999999998,0.7818314824680298,0.6234898018587336,-0.11689416074309886,26.0,28.0,59.625,78.29532303206656,-27.0,81947.31872208591,75.0,-21.0,15.84454723668679,-1.3253770957478779,False,-6.94340735951037,15.84454723668679,False,0.0,1.3681319341858835,6.0,3.5999999999999996,False,False,0.4946918996003471,0.5768343809089498,False,-0.28358090222878607,0.09482853583998294,False,0,False,0.4301604572996268,False,Normal,26,47
2025-02-04 09:00:00,71,32364.0,42948.0,75312.0,9,1,0,0.7071067811865476,-0.7071067811865475,0.7818314824680298,0.6234898018587336,-0.1405335068314899,54.0,17.0,59.333333333333336,78.30301602646338,-55.0,81990.34945381056,106.5,-35.5,15.859530413758582,-2.238401710128994,False,-12.654725887608297,15.859530413758582,False,0.0,3.1065336443148777,6.0,3.5999999999999996,False,False,0.49220483298974527,0.5768343809089498,False,-0.17159850601046633,0.09482853583998294,False,0,False,0.5185063555457192,False,Normal,26,47
2025-02-04 10:00:00,110,53287.0,68720.0,122007.0,10,1,0,0.49999999999999994,-0.8660254037844387,0.7818314824680298,0.6234898018587336,-0.12649170546193692,71.0,39.0,57.75,77.63641570473398,-45.0,81380.10569488857,145.0,-35.0,15.948722492662828,-2.1945331368140404,False,-17.12378071008664,15.948722492662828,True,0.0,4.8010667811289185,6.0,3.5999999999999996,False,True,0.49717516261842604,0.5768343809089498,False,-0.32742908532399917,0.09482853583998294,False,1,False,0.5365640259087826,True,Building Stress,26,48
2025-02-04 11:00:00,91,50963.0,43777.0,94740.0,11,1,0,0.258819045102521,-0.9659258262890682,0.7818314824680298,0.6234898018587336,0.07584889329857189,110.0,-19.0,56.666666666666664,76.67246354896045,-33.0,80518.90634417684,118.5,-27.5,16.02561730112066,-1.7160025403874422,False,-19.199024568069312,16.02561730112066,True,0.0,0.0,6.0,3.5999999999999996,True,False,0.5095036046070136,0.5768343809089498,False,-0.2864882863236844,0.09482853583998294,False,2,False,0.7412590734436264,False,Watch,26,48
2025-02-04 12:00:00,58,30904.0,33515.0,64419.0,12,1,0,1.2246467991473532e-16,-1.0,0.7818314824680298,0.6234898018587336,-0.04053089102763117,91.0,-33.0,56.166666666666664,76.39580381526012,-45.0,80220.16104116855,90.5,-32.5,16.058931084265474,-2.0237959693247247,False,-21.85921965445545,16.058931084265474,True,0.0,1.5237959693247247,6.0,3.5999999999999996,False,False,0.48147110786744435,0.5768343809089498,False,-0.31061364959142446,0.09482853583998294,False,1,False,0.5118652963557679,False,Normal,26,48
2025-02-04 13:00:00,71,22452.0,34230.0,56682.0,13,1,0,-0.2588190451025208,-0.9659258262890683,0.7818314824680298,0.6234898018587336,-0.2077871672282695,58.0,13.0,55.083333333333336,76.1679589526626,-14.0,80084.80053622871,73.5,-2.5,16.13777596454438,-0.1549160185079185,False,-17.987375723564362,16.13777596454438,True,0.0,1.1787119878326433,6.0,3.5999999999999996,False,False,0.49330518469888157,0.5768343809089498,False,-0.45825958917065535,0.09482853583998294,False,1,False,0.41464420436224897,False,Normal,26,48
2025-02-04 14:00:00,81,33124.0,37610.0,70734.0,14,1,0,-0.4999999999999997,-0.8660254037844388,0.7818314824680298,0.6234898018587336,-0.06341980631936099,71.0,10.0,55.041666666666664,76.15857550656006,-13.0,80009.54662331086,93.5,-12.5,16.139789957323334,-0.7744834370863791,False,-16.88990057885149,16.139789957323334,True,0.0,1.4531954249190224,6.0,3.5999999999999996,False,False,0.46071747353669873,0.5768343809089498,False,-0.49904652606553435,0.09482853583998294,False,1,False,0.3256054404122426,False,Normal,26,48
2025-02-04 15:00:00,132,53825.0,64707.0,118532.0,15,1,0,-0.7071067811865471,-0.7071067811865479,0.7818314824680298,0.6234898018587336,-0.09180565749622469,81.0,51.0,54.541666666666664,75.93760548987724,-71.0,79794.17029916336,186.5,-54.5,16.149216941526348,-3.37477663451643,True,-24.41192046308119,16.149216941526348,True,0.0,4.327972059435452,6.0,3.5999999999999996,False,True,0.48436349783094934,0.5768343809089498,False,-0.06369302601485405,0.09482853583998294,False,2,False,0.5761629664688998,True,Building Stress,26,49
2025-02-04 16:00:00,174,82245.0,114837.0,197082.0,16,1,0,-0.8660254037844385,-0.5000000000000004,0.7818314824680298,0.6234898018587336,-0.165371949889133,132.0,42.0,53.5,74.63126748861046,-92.0,78265.69425680705,243.5,-69.5,16.251932034617823,-4.276414635008307,True,-33.42953637046495,16.251932034617823,True,0.0,0.0,6.0,3.5999999999999996,True,False,0.5280660709999507,0.5768343809089498,False,0.18079155770338828,0.09482853583998294,True,4,True,0.8903467799684417,False,Confirmed Anomaly,27,49
2025-02-04 17:00:00,245,114502.0,126648.0,241150.0,17,1,0,-0.9659258262890683,-0.25881904510252063,0.7818314824680298,0.6234898018587336,-0.05036678263826399,174.0,71.0,50.166666666666664,66.64615626521562,-84.0,75231.47429822937,289.0,-44.0,16.542274126794002,-2.659851944342521,False,-35.54362909637196,16.542274126794002,True,0.0,2.159851944342521,6.0,3.5999999999999996,False,False,0.5477519043251127,0.5768343809089498,False,0.04936046874380007,0.09482853583998294,False,1,False,0.6457778363469979,False,Normal,27,49
2025-02-04 18:00:00,30,14139.0,20980.0,35119.0,18,1,0,-1.0,-1.8369701987210297e-16,0.7818314824680298,0.6234898018587336,-0.19478929384965832,245.0,-215.0,49.541666666666664,64.6327277217481,-9.0,66157.0746229507,41.0,-11.0,16.662284019767636,-0.6601735984664484,False,-30.634903277097568,16.662284019767636,True,0.0,2.320025542808969,6.0,3.5999999999999996,False,False,0.5727140962384495,0.5768343809089498,False,0.08433936127141162,0.09482853583998294,False,1,False,0.5921836892372712,False,Normal,27,49
2025-02-04 19:00:00,0,0.0,0.0,0.0,19,1,0,-0.9659258262890684,0.2588190451025203,0.7818314824680298,0.6234898018587336,0.0,30.0,-30.0,48.625,64.75224521875336,0.0,66203.86117729546,0.0,0.0,16.666776217333794,0.0,False,-24.507922621678055,16.666776217333794,True,0.0,1.820025542808969,6.0,3.5999999999999996,False,False,0.4505202748314022,0.5768343809089498,False,-0.44254172145757575,0.09482853583998294,False,1,False,0.33312265917603,False,Normal,27,49
2025-02-04 20:00:00,0,0.0,0.0,0.0,20,1,0,-0.8660254037844386,0.5000000000000001,0.7818314824680298,0.6234898018587336,0.0,0.0,0.0,48.625,64.75224521875336,0.0,66203.86117729546,0.0,0.0,16.666776217333794,0.0,False,-19.606338097342444,16.666776217333794,True,0.0,1.320025542808969,6.0,3.5999999999999996,False,False,0.4275342697083577,0.5768343809089498,False,-0.48660319301335986,0.09482853583998294,False,1,False,0.2792368913857678,False,Normal,27,49
2025-02-04 21:00:00,0,0.0,0.0,0.0,21,1,0,-0.7071067811865477,0.7071067811865474,0.7818314824680298,0.6234898018587336,0.0,0.0,0.0,48.625,64.75224521875336,0.0,66203.86117729546,0.0,0.0,16.666776217333794,0.0,False,-15.685070477873957,16.666776217333794,False,0.0,0.8200255428089691,6.0,3.5999999999999996,False,False,0.42531756472426935,0.5768343809089498,False,-0.5062881814657885,0.09482853583998294,False,0,False,0.24839785248701554,False,Normal,27,49
2025-02-04 22:00:00,0,0.0,0.0,0.0,22,1,0,-0.5000000000000004,0.8660254037844384,0.7818314824680298,0.6234898018587336,0.0,0.0,0.0,48.625,64.75224521875336,0.0,66203.86117729546,0.0,0.0,16.666776217333794,0.0,False,-12.548056382299166,16.666776217333794,False,0.0,0.3200255428089691,6.0,3.5999999999999996,False,False,0.4297943004230431,0.5768343809089498,False,-0.5228305857896127,0.09482853583998294,False,0,False,0.2047856977199495,False,Normal,27,49
2025-02-04 23:00:00,0,0.0,0.0,0.0,23,1,0,-0.25881904510252157,0.9659258262890681,0.7818314824680298,0.6234898018587336,0.0,0.0,0.0,48.625,64.75224521875336,0.0,66203.86117729546,0.0,0.0,16.666776217333794,0.0,False,-10.038445105839333,16.666776217333794,False,0.0,0.0,6.0,3.5999999999999996,False,False,0.4311240887266253,0.5768343809089498,False,-0.527584471736455,0.09482853583998294,False,0,False,0.18011601135948024,False,Normal,27,49
2025-02-05 00:00:00,0,0.0,0.0,0.0,0,2,0,0.0,1.0,0.9749279121818236,-0.22252093395631434,0.0,0.0,0.0,48.625,64.75224521875336,0.0,66203.86117729546,0.0,0.0,16.666776217333794,0.0,False,-8.030756084671467,16.666776217333794,False,0.0,0.0,6.0,3.5999999999999996,False,False,0.41726597022533135,0.5736213526396121,False,-0.5465546312076015,0.08595209827305052,False,0,False,0.13660217238346434,False,Normal,27,49
2025-02-05 01:00:00,0,0.0,0.0,0.0,1,2,0,0.25881904510252074,0.9659258262890683,0.9749279121818236,-0.22252093395631434,0.0,0.0,0.0,48.625,64.75224521875336,0.0,66203.86117729546,0.0,0.0,16.666776217333794,0.0,False,-6.424604867737173,16.666776217333794,False,0.0,0.0,6.0,3.5999999999999996,False,False,0.41617904471085465,0.5736213526396121,False,-0.5410630289321378,0.08595209827305052,False,0,False,0.12081263678317596,False,Normal,27,49
2025-02-05 02:00:00,0,0.0,0.0,0.0,2,2,0,0.49999999999999994,0.8660254037844387,0.9749279121818236,-0.22252093395631434,0.0,0.0,0.0,48.625,64.75224521875336,0.0,66203.86117729546,0.0,0.0,16.666776217333794,0.0,False,-5.139683894189739,16.666776217333794,False,0.0,0.0,6.0,3.5999999999999996,False,False,0.4153714780872752,0.5736213526396121,False,-0.5416880767971668,0.08595209827305052,False,0,False,0.10709486598084789,False,Normal,27,49
2025-02-05 03:00:00,0,0.0,0.0,0.0,3,2,0,0.7071067811865476,0.7071067811865476,0.9749279121818236,-0.22252093395631434,0.0,0.0,0.0,48.625,64.75224521875336,0.0,66203.86117729546,0.0,0.0,16.666776217333794,0.0,False,-4.1117471153517915,16.666776217333794,False,0.0,0.0,6.0,3.5999999999999996,False,False,0.4109175438954102,0.5736213526396121,False,-0.531711139211991,0.08595209827305052,False,0,False,0.09599424484460341,False,Normal,27,49
2025-02-05 04:00:00,0,0.0,0.0,0.0,4,2,0,0.8660254037844386,0.5000000000000001,0.9749279121818236,-0.22252093395631434,0.0,0.0,0.0,48.625,64.75224521875336,0.0,66203.86117729546,0.0,0.0,16.666776217333794,0.0,False,-3.289397692281433,16.666776217333794,False,0.0,0.0,6.0,3.5999999999999996,False,False,0.4110336667142347,0.5736213526396121,False,-0.5213042619895932,0.08595209827305052,False,0,False,0.09790962808542056,False,Normal,27,49
2025-02-05 05:00:00,0,0.0,0.0,0.0,5,2,0,0.9659258262890683,0.25881904510252074,0.9749279121818236,-0.22252093395631434,0.0,0.0,0.0,48.625,64.75224521875336,0.0,66203.86117729546,0.0,0.0,16.666776217333794,0.0,False,-2.6315181538251466,16.666776217333794,False,0.0,0.0,6.0,3.5999999999999996,False,False,0.4101048106170476,0.5736213526396121,False,-0.504258221465963,0.08595209827305052,False,0,False,0.10968538037095815,False,Normal,27,49
2025-02-05 06:00:00,18,8769.0,8301.0,17070.0,6,2,0,1.0,6.123233995736766e-17,0.9749279121818236,-0.22252093395631434,0.02741491418194599,0.0,18.0,48.625,64.75224521875336,-5.0,66203.86117729546,24.5,-6.5,16.666776217333794,-0.38999743653123903,False,-3.405214523060118,16.666776217333794,False,0.0,0.0,6.0,3.5999999999999996,False,False,0.4521080684491322,0.5736213526396121,False,-0.44806605444967107,0.08595209827305052,False,0,False,0.2260904640411233,False,Normal,27,49
2025-02-05 07:00:00,36,13600.0,14752.0,28352.0,7,2,0,0.9659258262890683,-0.25881904510252063,0.9749279121818236,-0.22252093395631434,-0.040630621098296474,18.0,18.0,48.375,64.86294078251868,-14.0,66177.94917787566,42.5,-6.5,16.671232334026982,-0.38989319264258054,False,-4.0241716184480945,16.671232334026982,False,0.0,0.0,6.0,3.5999999999999996,False,False,0.4597546099542223,0.5736213526396121,False,-0.3701950441066588,0.08595209827305052,False,0,False,0.2753744775872727,False,Normal,27,49
2025-02-05 08:00:00,49,21212.0,27023.0,48235.0,8,2,0,0.8660254037844387,-0.4999999999999998,0.9749279121818236,-0.22252093395631434,-0.12047018824114769,36.0,13.0,48.791666666666664,64.74497070726082,-20.0,66143.54837840919,75.0,-26.0,16.671232334026982,-1.5595727705703222,False,-8.419337294758476,16.671232334026982,False,0.0,1.0595727705703222,6.0,3.5999999999999996,False,False,0.4677929274818664,0.5736213526396121,False,-0.4527818896818996,0.08595209827305052,False,0,False,0.3318588930013874,False,Normal,27,49
2025-02-05 09:00:00,93,27609.0,43626.0,71235.0,9,2,0,0.7071067811865476,-0.7071067811865475,0.9749279121818236,-0.22252093395631434,-0.22484417990903477,49.0,44.0,48.583333333333336,64.73552661249543,-29.0,66141.00633062319,106.5,-13.5,16.71954427246103,-0.8074382758288465,False,-9.435469835806781,16.71954427246103,False,0.0,1.3670110463991687,6.0,3.5999999999999996,False,False,0.5045347457742524,0.5736213526396121,False,-0.39044967455576796,0.08595209827305052,False,0,False,0.41535740509085467,False,Normal,27,49
2025-02-05 10:00:00,113,47123.0,64072.0,111195.0,10,2,0,0.49999999999999994,-0.8660254037844387,0.9749279121818236,-0.22252093395631434,-0.15242454764559876,93.0,20.0,49.5,65.22069556846803,-51.0,66074.95843028133,145.0,-32.0,16.734445602561994,-1.9122234915927478,False,-13.948375868645426,16.734445602561994,False,0.0,2.7792345379919166,6.0,3.5999999999999996,False,False,0.502258682834692,0.5736213526396121,False,-0.3497910460892981,0.08595209827305052,False,0,False,0.5043107854903396,False,Normal,27,49
2025-02-05 11:00:00,114,41402.0,43491.0,84893.0,11,2,0,0.258819045102521,-0.9659258262890682,0.9749279121818236,-0.22252093395631434,-0.024607157160694514,113.0,1.0,49.625,65.34444688824321,-10.0,65587.45865435952,118.5,-4.5,16.805809144911134,-0.26776455457740445,False,-12.058700694916341,16.805809144911134,False,0.0,2.546999092569321,6.0,3.5999999999999996,False,False,0.4587608342370504,0.5736213526396121,False,-0.4943139048454652,0.08595209827305052,False,0,False,0.26676591332176725,False,Normal,27,49
2025-02-05 12:00:00,55,32525.0,36957.0,69482.0,12,2,0,1.2246467991473532e-16,-1.0,0.9749279121818236,-0.22252093395631434,-0.06378538635349654,114.0,-59.0,50.583333333333336,66.14142730390012,-42.0,65313.276147083736,90.5,-35.5,16.714558191959483,-2.123896999986349,False,-16.746960555933075,16.714558191959483,True,0.0,4.170896092555671,6.0,3.5999999999999996,False,True,0.5009555841438875,0.5736213526396121,False,-0.3900169571436667,0.08595209827305052,False,1,False,0.5202113606737022,True,Building Stress,27,50
2025-02-05 13:00:00,53,25135.0,32163.0,57298.0,13,2,0,-0.2588190451025208,-0.9659258262890683,0.9749279121818236,-0.22252093395631434,-0.12265484563430426,55.0,-2.0,50.458333333333336,66.12963498453932,-25.0,65377.78457315482,73.5,-20.5,16.800041191528294,-1.2202351033720962,False,-17.497568444746463,16.800041191528294,True,0.0,4.891131195927767,6.0,3.5999999999999996,False,True,0.4644937238088026,0.5736213526396121,False,-0.4859131564858117,0.08595209827305052,False,1,False,0.3584881738577215,True,Building Stress,27,51
2025-02-05 14:00:00,76,37755.0,41213.0,78968.0,14,2,0,-0.4999999999999997,-0.8660254037844388,0.9749279121818236,-0.22252093395631434,-0.043789335055528116,53.0,23.0,49.708333333333336,65.98845693964486,-36.0,65381.50026396078,93.5,-17.5,16.83092387778962,-1.0397527864226934,False,-17.49805475579717,16.83092387778962,True,0.0,5.43088398235046,6.0,3.5999999999999996,False,True,0.4683313913732568,0.5736213526396121,False,-0.4543450676373799,0.08595209827305052,False,1,False,0.3896911977496703,True,Building Stress,27,52
2025-02-05 15:00:00,125,58856.0,67736.0,126592.0,15,2,0,-0.7071067811865471,-0.7071067811865479,0.9749279121818236,-0.22252093395631434,-0.07014605862883413,76.0,49.0,49.5,65.89319421213592,-71.0,65527.7917255951,186.5,-61.5,16.85019514236072,-3.649809363061407,True,-26.29844380463774,16.85019514236072,True,0.0,0.0,6.0,3.5999999999999996,True,False,0.49640540065999866,0.5736213526396121,False,-0.2172471444335502,0.08595209827305052,False,3,True,0.7993054431881892,False,Confirmed Anomaly,28,52
2025-02-05 16:00:00,177,89049.0,103847.0,192896.0,16,2,0,-0.8660254037844385,-0.5000000000000004,0.9749279121818236,-0.22252093395631434,-0.07671451603705605,125.0,52.0,49.208333333333336,65.52661534705254,-122.0,65922.97760956518,243.5,-66.5,17.08716709890966,-3.891809544265731,True,-34.338755043710194,17.08716709890966,True,0.0,3.391809544265731,6.0,3.5999999999999996,False,False,0.531447111729926,0.5736213526396121,False,0.25665497559084827,0.08595209827305052,True,3,True,0.6803355990410674,False,Confirmed Anomaly,29,52
2025-02-05 17:00:00,238,105102.0,139707.0,244809.0,17,2,0,-0.9659258262890683,-0.25881904510252063,0.9749279121818236,-0.22252093395631434,-0.14135451983170622,177.0,61.0,49.333333333333336,65.77740240133133,-87.0,65517.369813237805,289.0,-51.0,17.355427871575124,-2.938561951764281,False,-37.671004034968156,17.355427871575124,True,0.0,5.830371496030012,6.0,3.5999999999999996,False,True,0.5677771427252325,0.5736213526396121,False,-0.0461726191187295,0.08595209827305052,False,1,False,0.6255737879052513,True,Building Stress,29,53
2025-02-05 18:00:00,36,18045.0,18131.0,36176.0,18,2,0,-1.0,-1.8369701987210297e-16,0.9749279121818236,-0.22252093395631434,-0.00237720098405064,238.0,-202.0,49.041666666666664,64.8814833681997,-8.0,65987.87677567992,41.0,-5.0,17.51687221707236,-0.28543908627288384,False,-31.136803227974525,17.51687221707236,True,0.0,5.615810582302896,6.0,3.5999999999999996,False,True,0.5357209692199334,0.5736213526396121,False,0.1920045810454798,0.08595209827305052,True,2,False,0.5621831755349389,True,Building Stress,29,54
2025-02-05 19:00:00,0,0.0,0.0,0.0,19,2,0,-0.9659258262890684,0.2588190451025203,0.9749279121818236,-0.22252093395631434,0.0,36.0,-36.0,49.291666666666664,64.81644931226391,0.0,65978.84762611917,0.0,0.0,17.519361716821027,0.0,False,-24.909442582379622,17.519361716821027,True,0.0,5.115810582302896,6.0,3.5999999999999996,False,True,0.4454195132607412,0.5736213526396121,False,-0.42226661483976957,0.08595209827305052,False,1,False,0.33792134831460674,True,Building Stress,29,55
2025-02-05 20:00:00,0,0.0,0.0,0.0,20,2,0,-0.8660254037844386,0.5000000000000001,0.9749279121818236,-0.22252093395631434,0.0,0.0,0.0,49.291666666666664,64.81644931226391,0.0,65978.84762611917,0.0,0.0,17.519361716821027,0.0,False,-19.9275540659037,17.519361716821027,True,0.0,4.615810582302896,6.0,3.5999999999999996,False,True,0.41482298664991846,0.5736213526396121,False,-0.49245143169303995,0.08595209827305052,False,1,False,0.2556413857677903,True,Building Stress,29,56
2025-02-05 21:00:00,0,0.0,0.0,0.0,21,2,0,-0.7071067811865477,0.7071067811865474,0.9749279121818236,-0.22252093395631434,0.0,0.0,0.0,49.291666666666664,64.81644931226391,0.0,65978.84762611917,0.0,0.0,17.519361716821027,0.0,False,-15.94204325272296,17.519361716821027,False,0.0,4.115810582302896,6.0,3.5999999999999996,False,True,0.4159765274115039,0.5736213526396121,False,-0.5132372991468421,0.08595209827305052,False,0,False,0.22120948856327272,True,Building Stress,29,57
2025-02-05 22:00:00,0,0.0,0.0,0.0,22,2,0,-0.5000000000000004,0.8660254037844384,0.9749279121818236,-0.22252093395631434,0.0,0.0,0.0,49.291666666666664,64.81644931226391,0.0,65978.84762611917,0.0,0.0,17.519361716821027,0.0,False,-12.75363460217837,17.519361716821027,False,0.0,3.6158105823028963,6.0,3.5999999999999996,False,True,0.41760418445728387,0.5736213526396121,False,-0.5331809641666244,0.08595209827305052,False,0,False,0.17736084927758447,True,Building Stress,29,58
2025-02-05 23:00:00,0,0.0,0.0,0.0,23,2,0,-0.25881904510252157,0.9659258262890681,0.9749279121818236,-0.22252093395631434,0.0,0.0,0.0,49.291666666666664,64.81644931226391,0.0,65978.84762611917,0.0,0.0,17.519361716821027,0.0,False,-10.202907681742696,17.519361716821027,False,0.0,3.1158105823028963,6.0,3.5999999999999996,False,False,0.41705321147221336,0.5736213526396121,False,-0.5425567175621905,0.08595209827305052,False,0,False,0.1516124621936032,False,Normal,29,58
2025-02-06 00:00:00,0,0.0,0.0,0.0,0,3,0,0.0,1.0,0.43388373911755823,-0.900968867902419,0.0,0.0,0.0,49.291666666666664,64.81644931226391,0.0,65978.84762611917,0.0,0.0,17.519361716821027,0.0,False,-8.162326145394157,17.519361716821027,False,0.0,2.6158105823028963,6.0,3.5999999999999996,False,False,0.4151632002823874,0.5731362727135058,False,-0.5415889497455794,0.05846266355737559,False,0,False,0.13034895851892747,False,Normal,29,58
2025-02-06 01:00:00,0,0.0,0.0,0.0,1,3,0,0.25881904510252074,0.9659258262890683,0.43388373911755823,-0.900968867902419,0.0,0.0,0.0,49.291666666666664,64.81644931226391,0.0,65978.84762611917,0.0,0.0,17.519361716821027,0.0,False,-6.529860916315326,17.519361716821027,False,0.0,2.1158105823028963,6.0,3.5999999999999996,False,False,0.4141774871138471,0.5731362727135058,False,-0.5373296357927875,0.05846266355737559,False,0,False,0.11445238778892476,False,Normal,29,58
2025-02-06 02:00:00,0,0.0,0.0,0.0,2,3,0,0.49999999999999994,0.8660254037844387,0.43388373911755823,-0.900968867902419,0.0,0.0,0.0,49.291666666666664,64.81644931226391,0.0,65978.84762611917,0.0,0.0,17.519361716821027,0.0,False,-5.223888733052261,17.519361716821027,False,0.0,1.6158105823028963,6.0,3.5999999999999996,False,False,0.41003774012108213,0.5731362727135058,False,-0.5318160306051234,0.05846266355737559,False,0,False,0.10203007502514731,False,Normal,29,58
2025-02-06 03:00:00,0,0.0,0.0,0.0,3,3,0,0.7071067811865476,0.7071067811865476,0.43388373911755823,-0.900968867902419,0.0,0.0,0.0,49.291666666666664,64.81644931226391,0.0,65978.84762611917,0.0,0.0,17.519361716821027,0.0,False,-4.179110986441809,17.519361716821027,False,0.0,1.1158105823028963,6.0,3.5999999999999996,False,False,0.40799242610369496,0.5731362727135058,False,-0.5182844766448481,0.05846266355737559,False,0,False,0.10406319859689687,False,Normal,29,58
2025-02-06 04:00:00,0,0.0,0.0,0.0,4,3,0,0.8660254037844386,0.5000000000000001,0.43388373911755823,-0.900968867902419,0.0,0.0,0.0,49.291666666666664,64.81644931226391,0.0,65978.84762611917,0.0,0.0,17.519361716821027,0.0,False,-3.3432887891534473,17.519361716821027,False,0.0,0.6158105823028963,6.0,3.5999999999999996,False,False,0.40889817719191224,0.5731362727135058,False,-0.5041456374498442,0.05846266355737559,False,0,False,0.11429924801609428,False,Normal,29,58
2025-02-06 05:00:00,0,0.0,0.0,0.0,5,3,0,0.9659258262890683,0.25881904510252074,0.43388373911755823,-0.900968867902419,0.0,0.0,0.0,49.291666666666664,64.81644931226391,0.0,65978.84762611917,0.0,0.0,17.519361716821027,0.0,False,-2.674631031322758,17.519361716821027,False,0.0,0.11581058230289631,6.0,3.5999999999999996,False,False,0.4130888145161743,0.5731362727135058,False,-0.48707025249724856,0.05846266355737559,False,0,False,0.12900962313197656,False,Normal,29,58
2025-02-06 06:00:00,22,8788.0,10710.0,19498.0,6,3,0,1.0,6.123233995736766e-17,0.43388373911755823,-0.900968867902419,-0.0985691573926868,0.0,22.0,49.291666666666664,64.81644931226391,-7.0,65978.84762611917,24.5,-2.5,17.519361716821027,-0.14269926270199967,False,-2.6397048250582063,17.519361716821027,False,0.0,0.0,6.0,3.5999999999999996,False,False,0.4604064287294849,0.5731362727135058,False,-0.35353291005729326,0.05846266355737559,False,0,False,0.2595205993755843,False,Normal,29,58
2025-02-06 07:00:00,24,14756.0,17256.0,32012.0,7,3,0,0.9659258262890683,-0.25881904510252063,0.43388373911755823,-0.900968867902419,-0.07809327460719083,22.0,2.0,49.458333333333336,64.73758344381515,-20.0,65930.19018363561,42.5,-18.5,17.520402328023387,-1.055911825175942,False,-5.811763860046565,17.520402328023387,False,0.0,0.5559118251759421,6.0,3.5999999999999996,False,False,0.4628632193522882,0.5731362727135058,False,-0.33207474502871404,0.05846266355737559,False,0,False,0.3252631592109728,False,Normal,29,58
2025-02-06 08:00:00,59,23594.0,29146.0,52740.0,8,3,0,0.8660254037844387,-0.4999999999999998,0.43388373911755823,-0.900968867902419,-0.10526914544661649,24.0,35.0,48.958333333333336,64.89220437314331,-22.0,65885.2120146515,69.5,-10.5,17.543896851230752,-0.5984987308713797,False,-6.749411088037252,17.543896851230752,False,0.0,0.6544105560473219,6.0,3.5999999999999996,False,False,0.4662245686897444,0.5731362727135058,False,-0.4173096727899406,0.05846266355737559,False,0,False,0.2969222814022568,False,Normal,29,58
2025-02-06 09:00:00,77,30337.0,51483.0,81820.0,9,3,0,0.7071067811865476,-0.7071067811865475,0.43388373911755823,-0.900968867902419,-0.25844220921279376,59.0,18.0,49.375,64.92457999060544,-19.0,65889.69083264648,106.5,-29.5,17.538988336291876,-1.6819670230898245,False,-11.299528870429803,17.538988336291876,False,0.0,1.8363775791371464,6.0,3.5999999999999996,False,False,0.4828744625645984,0.5731362727135058,False,-0.4177881070608469,0.05846266355737559,False,0,False,0.4164908253817854,False,Normal,29,58
2025-02-06 10:00:00,137,59168.0,55559.0,114727.0,10,3,0,0.49999999999999994,-0.8660254037844387,0.43388373911755823,-0.900968867902419,0.031457011366013525,77.0,60.0,48.708333333333336,64.53814454606885,-17.0,66079.6250666929,145.0,-8.0,17.59612767440849,-0.45464548496286855,False,-10.639623096343843,17.59612767440849,False,0.0,1.791023064100015,6.0,3.5999999999999996,False,False,0.48627050997802596,0.5731362727135058,False,-0.44660957855380534,0.05846266355737559,False,0,False,0.360558466974651,False,Normal,29,58
2025-02-06 11:00:00,103,42899.0,40988.0,83887.0,11,3,0,0.258819045102521,-0.9659258262890682,0.43388373911755823,-0.900968867902419,0.0227803738317757,137.0,-34.0,49.708333333333336,65.75215596839966,-43.0,66226.73330078904,119.0,-16.0,17.601454352638925,-0.9090157937773578,False,-11.711698477075075,17.601454352638925,False,0.0,2.200038857877373,6.0,3.5999999999999996,False,False,0.4882357412900474,0.5731362727135058,False,-0.38012066022166446,0.05846266355737559,False,0,False,0.417935606386483,False,Normal,29,58
2025-02-06 12:00:00,70,28932.0,35952.0,64884.0,12,3,0,1.2246467991473532e-16,-1.0,0.43388373911755823,-0.900968867902419,-0.10819141558141326,103.0,-33.0,49.25,65.32144597563519,-37.0,66203.78017217101,90.5,-20.5,17.61860621829271,-1.1635426631373174,False,-13.469358781660059,17.61860621829271,False,0.0,2.86358152101469,6.0,3.5999999999999996,False,False,0.4696369310850832,0.5731362727135058,False,-0.4931626145937156,0.05846266355737559,False,0,False,0.32675039482440343,False,Normal,29,58
2025-02-06 13:00:00,38,23319.0,30330.0,53649.0,13,3,0,-0.2588190451025208,-0.9659258262890683,0.43388373911755823,-0.900968867902419,-0.1306803355079217,70.0,-32.0,49.875,65.45048742635785,-27.0,66150.43824494428,73.5,-35.5,17.63638737780424,-2.012883888266,False,-17.87548702532805,17.63638737780424,True,0.0,4.37646540928069,6.0,3.5999999999999996,False,True,0.46822638870884137,0.5731362727135058,False,-0.4996902698237129,0.05846266355737559,False,1,False,0.380930399271788,True,Building Stress,29,59
2025-02-06 14:00:00,75,36452.0,35411.0,71863.0,14,3,0,-0.4999999999999997,-0.8660254037844388,0.43388373911755823,-0.900968867902419,0.014485695202048314,38.0,37.0,49.25,65.49095523346186,-37.0,66135.75853921969,93.5,-18.5,17.700821493436145,-1.0451492325856293,False,-18.00038962026244,17.700821493436145,True,0.0,4.921614641866319,6.0,3.5999999999999996,False,True,0.4769291818462637,0.5731362727135058,False,-0.3512135162298007,0.05846266355737559,False,1,False,0.45944036767794794,True,Building Stress,29,60
2025-02-06 15:00:00,111,57717.0,70880.0,128597.0,15,3,0,-0.7071067811865471,-0.7071067811865479,0.43388373911755823,-0.900968867902419,-0.10235773495699778,75.0,36.0,49.208333333333336,65.47351217936496,-84.0,66012.86478164197,180.0,-69.0,17.709078162326776,-3.8963067059462437,True,-28.20031169620995,17.709078162326776,True,0.0,0.0,6.0,3.5999999999999996,True,False,0.4879481366218201,0.5731362727135058,False,-0.21456973441018312,0.05846266355737559,False,3,True,0.7954199613592569,False,Confirmed Anomaly,30,60
2025-02-06 16:00:00,184,89415.0,95969.0,185384.0,16,3,0,-0.8660254037844385,-0.5000000000000004,0.43388373911755823,-0.900968867902419,-0.0353534536235402,111.0,73.0,48.625,64.82807530558105,-49.0,66116.54151172015,243.5,-59.5,17.945493026549,-3.3155957271262624,True,-34.460249356967964,17.945493026549,True,0.0,2.8155957271262624,6.0,3.5999999999999996,False,False,0.5110895545236241,0.5731362727135058,False,-0.38438161505338386,0.05846266355737559,False,2,False,0.5730666740502762,False,Watch,30,60
2025-02-06 17:00:00,234,101395.0,107915.0,209310.0,17,3,0,-0.9659258262890683,-0.25881904510252063,0.43388373911755823,-0.900968867902419,-0.031149820124121524,184.0,50.0,48.916666666666664,65.44358118899501,-84.0,65420.14485177739,289.0,-55.0,18.149568473412465,-3.030375079196522,True,-38.56819948557437,18.149568473412465,True,0.0,5.345970806322784,6.0,3.5999999999999996,False,True,0.549848926851016,0.5731362727135058,False,-0.1808401534685531,0.05846266355737559,False,2,False,0.6167428397185358,True,Building Stress,30,61
2025-02-06 18:00:00,38,16856.0,16315.0,33171.0,18,3,0,-1.0,-1.8369701987210297e-16,0.43388373911755823,-0.900968867902419,0.016308935246593513,234.0,-196.0,48.75,64.94429050782847,-1.0,61049.9808944735,41.0,-3.0,18.311634590462138,-0.1638302678649229,False,-31.454559588459496,18.311634590462138,True,0.0,5.009801074187707,6.0,3.5999999999999996,False,True,0.533671528444756,0.5731362727135058,False,0.09567485642697182,0.05846266355737559,True,2,False,0.5545012711011155,True,Building Stress,30,62
2025-02-06 19:00:00,0,0.0,0.0,0.0,19,3,0,-0.9659258262890684,0.2588190451025203,0.43388373911755823,-0.900968867902419,0.0,38.0,-38.0,48.833333333333336,64.92850025164248,0.0,61076.80458379159,0.0,0.0,18.312929372625216,0.0,False,-25.1636476707676,18.312929372625216,True,0.0,4.509801074187707,6.0,3.5999999999999996,False,True,0.4487140389478807,0.5731362727135058,False,-0.39582876606582884,0.05846266355737559,False,1,False,0.3514044943820225,True,Building Stress,30,63
2025-02-06 20:00:00,0,0.0,0.0,0.0,20,3,0,-0.8660254037844386,0.5000000000000001,0.43388373911755823,-0.900968867902419,0.0,0.0,0.0,48.833333333333336,64.92850025164248,0.0,61076.80458379159,0.0,0.0,18.312929372625216,0.0,False,-20.13091813661408,18.312929372625216,True,0.0,4.009801074187707,6.0,3.5999999999999996,False,True,0.4186494918532552,0.5731362727135058,False,-0.4822514594196792,0.05846266355737559,False,1,False,0.27165262172284643,True,Building Stress,30,64
2025-02-06 21:00:00,0,0.0,0.0,0.0,21,3,0,-0.7071067811865477,0.7071067811865474,0.43388373911755823,-0.900968867902419,0.0,0.0,0.0,48.833333333333336,64.92850025164248,0.0,61076.80458379159,0.0,0.0,18.312929372625216,0.0,False,-16.104734509291266,18.312929372625216,False,0.0,3.509801074187707,6.0,3.5999999999999996,False,False,0.41790863821465934,0.5731362727135058,False,-0.5095719309273917,0.05846266355737559,False,0,False,0.2254755551958107,False,Normal,30,64
2025-02-06 22:00:00,0,0.0,0.0,0.0,22,3,0,-0.5000000000000004,0.8660254037844384,0.43388373911755823,-0.900968867902419,0.0,0.0,0.0,48.833333333333336,64.92850025164248,0.0,61076.80458379159,0.0,0.0,18.312929372625216,0.0,False,-12.883787607433014,18.312929372625216,False,0.0,3.009801074187707,6.0,3.5999999999999996,False,False,0.4204744790661404,0.5731362727135058,False,-0.5236121762609228,0.05846266355737559,False,0,False,0.18757613704054374,False,Normal,30,64
2025-02-06 23:00:00,0,0.0,0.0,0.0,23,3,0,-0.25881904510252157,0.9659258262890681,0.43388373911755823,-0.900968867902419,0.0,0.0,0.0,48.833333333333336,64.92850025164248,0.0,61076.80458379159,0.0,0.0,18.312929372625216,0.0,False,-10.307030085946412,18.312929372625216,False,0.0,2.509801074187707,6.0,3.5999999999999996,False,False,0.4209035053872379,0.5731362727135058,False,-0.5407389689889377,0.05846266355737559,False,0,False,0.15649817555003795,False,Normal,30,64
2025-02-07 00:00:00,0,0.0,0.0,0.0,0,4,0,0.0,1.0,-0.433883739117558,-0.9009688679024191,0.0,0.0,0.0,48.833333333333336,64.92850025164248,0.0,61076.80458379159,0.0,0.0,18.312929372625216,0.0,False,-8.24562406875713,18.312929372625216,False,0.0,2.009801074187707,6.0,3.5999999999999996,False,False,0.4322703359964189,0.574487668330461,False,-0.5100689093790801,0.050025580759578026,False,0,False,0.17629404605800789,False,Normal,30,64
2025-02-07 01:00:00,0,0.0,0.0,0.0,1,4,0,0.25881904510252074,0.9659258262890683,-0.433883739117558,-0.9009688679024191,0.0,0.0,0.0,48.833333333333336,64.92850025164248,0.0,61076.80458379159,0.0,0.0,18.312929372625216,0.0,False,-6.596499255005703,18.312929372625216,False,0.0,1.509801074187707,6.0,3.5999999999999996,False,False,0.42881780876420406,0.574487668330461,False,-0.5062842818411216,0.050025580759578026,False,0,False,0.1644013417153202,False,Normal,30,64
2025-02-07 02:00:00,0,0.0,0.0,0.0,2,4,0,0.49999999999999994,0.8660254037844387,-0.433883739117558,-0.9009688679024191,0.0,0.0,0.0,48.833333333333336,64.92850025164248,0.0,61076.80458379159,0.0,0.0,18.312929372625216,0.0,False,-5.277199404004563,18.312929372625216,False,0.0,1.009801074187707,6.0,3.5999999999999996,False,False,0.42725988063795217,0.574487668330461,False,-0.4969925848775367,0.050025580759578026,False,0,False,0.16211564266064565,False,Normal,30,64
2025-02-07 03:00:00,0,0.0,0.0,0.0,3,4,0,0.7071067811865476,0.7071067811865476,-0.433883739117558,-0.9009688679024191,0.0,0.0,0.0,48.833333333333336,64.92850025164248,0.0,61076.80458379159,0.0,0.0,18.312929372625216,0.0,False,-4.221759523203651,18.312929372625216,False,0.0,0.509801074187707,6.0,3.5999999999999996,False,False,0.4249368211049263,0.574487668330461,False,-0.4894527600366314,0.050025580759578026,False,0,False,0.1594397051397525,False,Normal,30,64
2025-02-07 04:00:00,0,0.0,0.0,0.0,4,4,0,0.8660254037844386,0.5000000000000001,-0.433883739117558,-0.9009688679024191,0.0,0.0,0.0,48.833333333333336,64.92850025164248,0.0,61076.80458379159,0.0,0.0,18.312929372625216,0.0,False,-3.3774076185629207,18.312929372625216,False,0.0,0.009801074187707037,6.0,3.5999999999999996,False,False,0.4239714758888353,0.574487668330461,False,-0.46543332110910596,0.050025580759578026,False,0,False,0.174363561864611,False,Normal,30,64
2025-02-07 05:00:00,0,0.0,0.0,0.0,5,4,0,0.9659258262890683,0.25881904510252074,-0.433883739117558,-0.9009688679024191,0.0,0.0,0.0,48.833333333333336,64.92850025164248,0.0,61076.80458379159,0.0,0.0,18.312929372625216,0.0,False,-2.7019260948503367,18.312929372625216,False,0.0,0.0,6.0,3.5999999999999996,False,False,0.4244024729538617,0.574487668330461,False,-0.4474927477635149,0.050025580759578026,False,0,False,0.18149459481004085,False,Normal,30,64
2025-02-07 06:00:00,18,8609.0,9610.0,18219.0,6,4,0,1.0,6.123233995736766e-17,-0.433883739117558,-0.9009688679024191,-0.054939626783754116,0.0,18.0,48.833333333333336,64.92850025164248,-7.0,61076.80458379159,24.5,-6.5,18.312929372625216,-0.3549404831821401,False,-3.46154087588027,18.312929372625216,False,0.0,0.0,6.0,3.5999999999999996,False,False,0.46129309157155135,0.574487668330461,False,-0.3883051678032772,0.050025580759578026,False,0,False,0.261392468247321,False,Normal,30,64
2025-02-07 07:00:00,26,13367.0,19053.0,32420.0,7,4,0,0.9659258262890683,-0.25881904510252063,-0.433883739117558,-0.9009688679024191,-0.1753801548379137,18.0,8.0,48.666666666666664,65.00546242376511,-25.0,61102.53131202764,42.5,-16.5,18.316705600662637,-0.9008170115156017,False,-6.069232700704216,18.316705600662637,False,0.0,0.4008170115156017,6.0,3.5999999999999996,False,False,0.49243160274726355,0.574487668330461,False,-0.3681871220443911,0.050025580759578026,False,0,False,0.3786060751537609,False,Normal,30,64
2025-02-07 08:00:00,54,30536.0,35612.0,66148.0,8,4,0,0.8660254037844387,-0.4999999999999998,-0.433883739117558,-0.9009688679024191,-0.0767358539055768,26.0,28.0,48.75,64.97374051508609,-38.0,61098.209263930614,65.0,-11.0,18.33138213842904,-0.6000638640847556,False,-7.055386160563374,18.33138213842904,False,0.0,0.5008808756003573,6.0,3.5999999999999996,False,False,0.4749895443681528,0.574487668330461,False,-0.35948829394583237,0.050025580759578026,False,0,False,0.34341768052186383,False,Normal,30,64
2025-02-07 09:00:00,107,38476.0,53912.0,92388.0,9,4,0,0.7071067811865476,-0.7071067811865475,-0.433883739117558,-0.9009688679024191,-0.16707616707616707,54.0,53.0,48.541666666666664,64.94745646635653,-35.0,61213.1061325064,102.5,4.5,18.335178769012675,0.245429840455399,False,-4.744308928450699,18.335178769012675,False,0.0,0.0,6.0,3.5999999999999996,False,False,0.49089574032534533,0.574487668330461,False,-0.4407272617745359,0.050025580759578026,False,0,False,0.31195202596307864,False,Normal,30,64
2025-02-07 10:00:00,134,53286.0,72751.0,126037.0,10,4,0,0.49999999999999994,-0.8660254037844387,-0.433883739117558,-0.9009688679024191,-0.15443755057998382,107.0,27.0,49.791666666666664,65.80206100027611,-75.0,61506.749292767905,145.5,-11.5,18.328126600491498,-0.6274509256004163,False,-6.095447142760559,18.328126600491498,False,0.0,0.12745092560041626,6.0,3.5999999999999996,False,False,0.5173327987882362,0.574487668330461,False,-0.2848517496572396,0.050025580759578026,False,0,False,0.41017369809468407,False,Normal,30,64
2025-02-07 11:00:00,115,48713.0,57255.0,105968.0,11,4,0,0.258819045102521,-0.9659258262890682,-0.433883739117558,-0.9009688679024191,-0.08060847983844331,134.0,-19.0,49.666666666666664,65.63182331677262,-56.0,62079.997829574124,119.0,-4.0,18.29421973663676,-0.21864829752697434,False,-5.676357714208447,18.29421973663676,False,0.0,0.0,6.0,3.5999999999999996,False,False,0.49504214818713393,0.574487668330461,False,-0.4151163910458864,0.050025580759578026,False,0,False,0.3383108368016011,False,Normal,30,64
2025-02-07 12:00:00,76,33400.0,34118.0,67518.0,12,4,0,1.2246467991473532e-16,-1.0,-0.433883739117558,-0.9009688679024191,-0.010634043750647965,115.0,-39.0,50.166666666666664,66.09983665484434,-26.0,62785.596442189264,90.5,-14.5,18.29276662061217,-0.7926630400270616,False,-7.441086171366758,18.29276662061217,False,0.0,0.29266304002706156,6.0,3.5999999999999996,False,False,0.4802024038930716,0.574487668330461,False,-0.4297628082597269,0.050025580759578026,False,0,False,0.3393347961882302,False,Normal,30,64
2025-02-07 13:00:00,63,26282.0,32746.0,59028.0,13,4,0,-0.2588190451025208,-0.9659258262890683,-0.433883739117558,-0.9009688679024191,-0.1095054972979383,76.0,-13.0,50.416666666666664,66.18939667260958,-43.0,62815.94896456505,71.5,-8.5,18.303183232891882,-0.4644000932430708,False,-7.652868937093407,18.303183232891882,False,0.0,0.2570631332701323,6.0,3.5999999999999996,False,False,0.47523608069975254,0.574487668330461,False,-0.44924735863777165,0.050025580759578026,False,0,False,0.30612355744646996,False,Normal,30,64
2025-02-07 14:00:00,99,41331.0,51152.0,92483.0,14,4,0,-0.4999999999999997,-0.8660254037844388,-0.433883739117558,-0.9009688679024191,-0.10619134120496518,63.0,36.0,51.458333333333336,66.18221169564778,-40.0,62840.572780565046,93.5,5.5,18.300412998929716,0.30053966543387095,False,-5.022295149674726,18.300412998929716,False,0.0,0.0,6.0,3.5999999999999996,False,False,0.47217697367949363,0.574487668330461,False,-0.45849959879467184,0.050025580759578026,False,0,False,0.26424521125497,False,Normal,30,64
2025-02-07 15:00:00,158,66679.0,76799.0,143478.0,15,4,0,-0.7071067811865471,-0.7071067811865479,-0.433883739117558,-0.9009688679024191,-0.07053296998166979,99.0,59.0,52.458333333333336,66.73241775711521,-66.0,63294.154105917994,176.0,-18.0,18.292872632553074,-0.9839897954555321,False,-7.617836119739781,18.292872632553074,False,0.0,0.4839897954555321,6.0,3.5999999999999996,False,False,0.5044466609915366,0.574487668330461,False,-0.3611076116064391,0.050025580759578026,False,0,False,0.4099656427576572,False,Normal,30,64
2025-02-07 16:00:00,196,95565.0,124956.0,220521.0,16,4,0,-0.8660254037844385,-0.5000000000000004,-0.433883739117558,-0.9009688679024191,-0.13327921930691722,158.0,38.0,54.416666666666664,69.17018499869452,-123.0,64157.48169368372,243.5,-47.5,18.295101301766397,-2.5963234210358737,False,-15.594268895791824,18.295101301766397,False,0.0,2.5803132164914055,6.0,3.5999999999999996,False,False,0.5462091640197755,0.574487668330461,False,0.021859647084969458,0.050025580759578026,False,0,False,0.6202054592741447,False,Normal,30,64
2025-02-07 17:00:00,258,102706.0,156313.0,259019.0,17,4,0,-0.9659258262890683,-0.25881904510252063,-0.433883739117558,-0.9009688679024191,-0.20696085244382673,196.0,62.0,54.916666666666664,70.18355850238696,-117.0,67655.44150002574,289.0,-31.0,18.42283969524806,-1.682693901309691,False,-18.67541511663346,18.42283969524806,True,0.0,3.763007117801097,6.0,3.5999999999999996,False,True,0.5916456922193263,0.574487668330461,True,0.0867359161067709,0.050025580759578026,True,3,True,0.6346712573844804,False,Confirmed Anomaly,31,64
2025-02-07 18:00:00,38,17555.0,20027.0,37582.0,18,4,0,-1.0,-1.8369701987210297e-16,-0.433883739117558,-0.9009688679024191,-0.06577441928531517,258.0,-220.0,55.916666666666664,72.96212040841984,-15.0,73190.34342512955,39.0,-1.0,18.445076324884592,-0.054215010140721484,False,-15.140332093306768,18.445076324884592,False,0.0,3.317222127941818,6.0,3.5999999999999996,False,False,0.5579112566507196,0.574487668330461,False,0.13548041549321566,0.050025580759578026,True,1,False,0.5384855264870851,False,Normal,31,64
2025-02-07 19:00:00,0,0.0,0.0,0.0,19,4,0,-0.9659258262890684,0.2588190451025203,-0.433883739117558,-0.9009688679024191,0.0,38.0,-38.0,55.916666666666664,72.96212040841984,0.0,73139.05794680442,0.0,0.0,18.444586401485203,0.0,False,-12.112265674645414,18.444586401485203,False,0.0,2.817222127941818,6.0,3.5999999999999996,False,False,0.45911157466745584,0.574487668330461,False,-0.3493311660074321,0.050025580759578026,False,0,False,0.32975260730435874,False,Normal,31,64
2025-02-07 20:00:00,0,0.0,0.0,0.0,20,4,0,-0.8660254037844386,0.5000000000000001,-0.433883739117558,-0.9009688679024191,0.0,0.0,0.0,55.916666666666664,72.96212040841984,0.0,73139.05794680442,0.0,0.0,18.444586401485203,0.0,False,-9.689812539716332,18.444586401485203,False,0.0,2.317222127941818,6.0,3.5999999999999996,False,False,0.42729546473070157,0.574487668330461,False,-0.43975984823365266,0.050025580759578026,False,0,False,0.24509422067494768,False,Normal,31,64
2025-02-07 21:00:00,0,0.0,0.0,0.0,21,4,0,-0.7071067811865477,0.7071067811865474,-0.433883739117558,-0.9009688679024191,0.0,0.0,0.0,55.916666666666664,72.96212040841984,0.0,73139.05794680442,0.0,0.0,18.444586401485203,0.0,False,-7.751850031773066,18.444586401485203,False,0.0,1.8172221279418181,6.0,3.5999999999999996,False,False,0.4257458639562181,0.574487668330461,False,-0.4729799093877656,0.050025580759578026,False,0,False,0.20143118178340383,False,Normal,31,64
2025-02-07 22:00:00,0,0.0,0.0,0.0,22,4,0,-0.5000000000000004,0.8660254037844384,-0.433883739117558,-0.9009688679024191,0.0,0.0,0.0,55.916666666666664,72.96212040841984,0.0,73139.05794680442,0.0,0.0,18.444586401485203,0.0,False,-6.201480025418453,18.444586401485203,False,0.0,1.3172221279418181,6.0,3.5999999999999996,False,False,0.428941275859574,0.574487668330461,False,-0.498249539318679,0.050025580759578026,False,0,False,0.17028352220574927,False,Normal,31,64
2025-02-07 23:00:00,0,0.0,0.0,0.0,23,4,0,-0.25881904510252157,0.9659258262890681,-0.433883739117558,-0.9009688679024191,0.0,0.0,0.0,55.916666666666664,72.96212040841984,0.0,73139.05794680442,0.0,0.0,18.444586401485203,0.0,False,-4.961184020334763,18.444586401485203,False,0.0,0.8172221279418181,6.0,3.5999999999999996,False,False,0.42781496016912335,0.574487668330461,False,-0.5061689194615466,0.050025580759578026,False,0,False,0.15027176158482414,False,Normal,31,64
2025-02-08 00:00:00,0,0.0,0.0,0.0,0,5,1,0.0,1.0,-0.9749279121818236,-0.2225209339563146,0.0,0.0,0.0,55.916666666666664,72.96212040841984,0.0,73139.05794680442,0.0,0.0,18.444586401485203,0.0,False,-3.9689472162678103,18.444586401485203,False,0.0,0.31722212794181814,6.0,3.5999999999999996,False,False,0.4875160884840417,0.5794999825258483,False,-0.3631587090987931,0.039958601773073664,False,0,False,0.3247632894176721,False,Normal,31,64
2025-02-08 01:00:00,0,0.0,0.0,0.0,1,5,1,0.25881904510252074,0.9659258262890683,-0.9749279121818236,-0.2225209339563146,0.0,0.0,0.0,55.916666666666664,72.96212040841984,0.0,73139.05794680442,0.0,0.0,18.444586401485203,0.0,False,-3.1751577730142486,18.444586401485203,False,0.0,0.0,6.0,3.5999999999999996,False,False,0.48024111673237574,0.5794999825258483,False,-0.38031777285794877,0.039958601773073664,False,0,False,0.29904284127196534,False,Normal,31,64
2025-02-08 02:00:00,0,0.0,0.0,0.0,2,5,1,0.49999999999999994,0.8660254037844387,-0.9749279121818236,-0.2225209339563146,0.0,0.0,0.0,55.916666666666664,72.96212040841984,0.0,73139.05794680442,0.0,0.0,18.444586401485203,0.0,False,-2.540126218411399,18.444586401485203,False,0.0,0.0,6.0,3.5999999999999996,False,False,0.4739513768705015,0.5794999825258483,False,-0.4362625784130474,0.039958601773073664,False,0,False,0.2513456962385461,False,Normal,31,64
2025-02-08 03:00:00,0,0.0,0.0,0.0,3,5,1,0.7071067811865476,0.7071067811865476,-0.9749279121818236,-0.2225209339563146,0.0,0.0,0.0,55.916666666666664,72.96212040841984,0.0,73139.05794680442,0.0,0.0,18.444586401485203,0.0,False,-2.0321009747291194,18.444586401485203,False,0.0,0.0,6.0,3.5999999999999996,False,False,0.4689991337685481,0.5794999825258483,False,-0.4857706264513528,0.039958601773073664,False,0,False,0.1948031487511365,False,Normal,31,64
2025-02-08 04:00:00,0,0.0,0.0,0.0,4,5,1,0.8660254037844386,0.5000000000000001,-0.9749279121818236,-0.2225209339563146,0.0,0.0,0.0,55.916666666666664,72.96212040841984,0.0,73139.05794680442,0.0,0.0,18.444586401485203,0.0,False,-1.6256807797832957,18.444586401485203,False,0.0,0.0,6.0,3.5999999999999996,False,False,0.46971191788948247,0.5794999825258483,False,-0.5143489972614883,0.039958601773073664,False,0,False,0.163267612633868,False,Normal,31,64
2025-02-08 05:00:00,0,0.0,0.0,0.0,5,5,1,0.9659258262890683,0.25881904510252074,-0.9749279121818236,-0.2225209339563146,0.0,0.0,0.0,55.916666666666664,72.96212040841984,0.0,73139.05794680442,0.0,0.0,18.444586401485203,0.0,False,-1.3005446238266367,18.444586401485203,False,0.0,0.0,6.0,3.5999999999999996,False,False,0.4659520987359149,0.5794999825258483,False,-0.5179180109977287,0.039958601773073664,False,0,False,0.14805322868387344,False,Normal,31,64
2025-02-08 06:00:00,0,0.0,0.0,0.0,6,5,1,1.0,6.123233995736766e-17,-0.9749279121818236,-0.2225209339563146,0.0,0.0,0.0,55.916666666666664,72.96212040841984,0.0,73139.05794680442,0.0,0.0,18.444586401485203,0.0,False,-1.0404356990613095,18.444586401485203,False,0.0,0.0,6.0,3.5999999999999996,False,False,0.4711074624020366,0.5794999825258483,False,-0.5213300437416123,0.039958601773073664,False,0,False,0.15581617845271672,False,Normal,31,64
2025-02-08 07:00:00,0,0.0,0.0,0.0,7,5,1,0.9659258262890683,-0.25881904510252063,-0.9749279121818236,-0.2225209339563146,0.0,0.0,0.0,55.166666666666664,73.45964089607102,0.0,73630.67565599253,0.0,0.0,18.444586401485203,0.0,False,-0.8323485592490476,18.444586401485203,False,0.0,0.0,6.0,3.5999999999999996,False,False,0.4687536355973445,0.5794999825258483,False,-0.5213697222384547,0.039958601773073664,False,0,False,0.14691417871722956,False,Normal,31,64
2025-02-08 08:00:00,0,0.0,0.0,0.0,8,5,1,0.8660254037844387,-0.4999999999999998,-0.9749279121818236,-0.2225209339563146,0.0,0.0,0.0,54.083333333333336,74.09741922787786,0.0,74342.99788977527,0.0,0.0,18.444586401485203,0.0,False,-0.6658788473992381,18.444586401485203,False,0.0,0.0,6.0,3.5999999999999996,False,False,0.46786914691295034,0.5794999825258483,False,-0.5173315210650536,0.039958601773073664,False,0,False,0.14722235420973873,False,Normal,31,64
2025-02-08 09:00:00,0,0.0,0.0,0.0,9,5,1,0.7071067811865476,-0.7071067811865475,-0.9749279121818236,-0.2225209339563146,0.0,0.0,0.0,51.833333333333336,74.91541123547084,0.0,75054.18284083705,0.0,0.0,18.444586401485203,0.0,False,-0.5327030779193905,18.444586401485203,False,0.0,0.0,6.0,3.5999999999999996,False,False,0.46871716836958455,0.5794999825258483,False,-0.5117336787800711,0.039958601773073664,False,0,False,0.1540981080868921,False,Normal,31,64
2025-02-08 10:00:00,0,0.0,0.0,0.0,10,5,1,0.49999999999999994,-0.8660254037844387,-0.9749279121818236,-0.2225209339563146,0.0,0.0,0.0,47.375,74.67309188840323,0.0,75163.75559022804,0.0,0.0,18.444586401485203,0.0,False,-0.42616246233551247,18.444586401485203,False,0.0,0.0,6.0,3.5999999999999996,False,False,0.47401576255248623,0.5794999825258483,False,-0.5101049513091804,0.039958601773073664,False,0,False,0.17193485351071217,False,Normal,31,64
2025-02-08 11:00:00,0,0.0,0.0,0.0,11,5,1,0.258819045102521,-0.9659258262890682,-0.9749279121818236,-0.2225209339563146,0.0,0.0,0.0,41.791666666666664,72.90313953200636,0.0,73741.30579967829,0.0,0.0,18.444586401485203,0.0,False,-0.34092996986841,18.444586401485203,False,0.0,0.0,6.0,3.5999999999999996,False,False,0.47667363524009565,0.5794999825258483,False,-0.5033596891784293,0.039958601773073664,False,0,False,0.18772110378235252,False,Normal,31,64
2025-02-08 12:00:00,0,0.0,0.0,0.0,12,5,1,1.2246467991473532e-16,-1.0,-0.9749279121818236,-0.2225209339563146,0.0,0.0,0.0,37.0,71.65072286415904,0.0,72853.43287306023,0.0,0.0,18.444586401485203,0.0,False,-0.27274397589472804,18.444586401485203,False,0.0,0.0,6.0,3.5999999999999996,False,False,0.4778599616520443,0.5794999825258483,False,-0.5029541769425427,0.039958601773073664,False,0,False,0.19074804407457113,False,Normal,31,64
2025-02-08 13:00:00,0,0.0,0.0,0.0,13,5,1,-0.2588190451025208,-0.9659258262890683,-0.9749279121818236,-0.2225209339563146,0.0,0.0,0.0,33.833333333333336,71.53148693539374,0.0,72913.2685792595,0.0,0.0,18.444586401485203,0.0,False,-0.21819518071578245,18.444586401485203,False,0.0,0.0,6.0,3.5999999999999996,False,False,0.4781803432844552,0.5794999825258483,False,-0.498605170608754,0.039958601773073664,False,0,False,0.19568832290010638,False,Normal,31,64
2025-02-08 14:00:00,0,0.0,0.0,0.0,14,5,1,-0.4999999999999997,-0.8660254037844388,-0.9749279121818236,-0.2225209339563146,0.0,0.0,0.0,31.208333333333332,71.5705666771806,0.0,73022.09872835646,0.0,0.0,18.444586401485203,0.0,False,-0.17455614457262597,18.444586401485203,False,0.0,0.0,6.0,3.5999999999999996,False,False,0.48212511127269286,0.5794999825258483,False,-0.4837480972395458,0.039958601773073664,False,0,False,0.21897575195304386,False,Normal,31,64
2025-02-08 15:00:00,0,0.0,0.0,0.0,15,5,1,-0.7071067811865471,-0.7071067811865479,-0.9749279121818236,-0.2225209339563146,0.0,0.0,0.0,27.083333333333332,70.33578881626192,0.0,72091.63311822095,0.0,0.0,18.444586401485203,0.0,False,-0.13964491565810078,18.444586401485203,False,0.0,0.0,6.0,3.5999999999999996,False,False,0.48686775915904074,0.5794999825258483,False,-0.449942791309327,0.039958601773073664,False,0,False,0.25509165025157365,False,Normal,31,64
2025-02-08 16:00:00,0,0.0,0.0,0.0,16,5,1,-0.8660254037844385,-0.5000000000000004,-0.9749279121818236,-0.2225209339563146,0.0,0.0,0.0,20.5,64.71946149074614,0.0,67884.32042580901,0.0,0.0,18.444586401485203,0.0,False,-0.11171593252648063,18.444586401485203,False,0.0,0.0,6.0,3.5999999999999996,False,False,0.5041441854047212,0.5794999825258483,False,-0.4001125212111818,0.039958601773073664,False,0,False,0.2999956048454537,False,Normal,31,64
2025-02-08 17:00:00,0,0.0,0.0,0.0,17,5,1,-0.9659258262890683,-0.25881904510252063,-0.9749279121818236,-0.2225209339563146,0.0,0.0,0.0,12.333333333333334,52.89749452985681,0.0,53094.559903769776,0.0,0.0,18.444586401485203,0.0,False,-0.0893727460211845,18.444586401485203,False,0.0,0.0,6.0,3.5999999999999996,False,False,0.5363571953198923,0.5794999825258483,False,-0.19773805796404664,0.039958601773073664,False,0,False,0.3582876823782356,False,Normal,31,64
2025-02-08 18:00:00,0,0.0,0.0,0.0,18,5,1,-1.0,-1.8369701987210297e-16,-0.9749279121818236,-0.2225209339563146,0.0,0.0,0.0,1.5833333333333333,7.756717518813306,0.0,7671.393626106234,0.0,0.0,18.444586401485203,0.0,False,-0.0714981968169476,18.444586401485203,False,0.0,0.0,6.0,3.5999999999999996,False,False,0.5596226215002167,0.5794999825258483,False,-0.49221328940970355,0.039958601773073664,False,0,False,0.2745280859774949,False,Normal,31,64
2025-02-08 19:00:00,0,0.0,0.0,0.0,19,5,1,-0.9659258262890684,0.2588190451025203,-0.9749279121818236,-0.2225209339563146,0.0,0.0,0.0,0.0,0.0,0.0,0.0,0.0,0.0,18.444586401485203,0.0,False,-0.05719855745355809,18.444586401485203,False,0.0,0.0,6.0,3.5999999999999996,False,False,0.5130622391188872,0.5794999825258483,False,-0.5022757503028785,0.039958601773073664,False,0,False,0.23658407926888725,False,Normal,31,64
2025-02-08 20:00:00,0,0.0,0.0,0.0,20,5,1,-0.8660254037844386,0.5000000000000001,-0.9749279121818236,-0.2225209339563146,0.0,0.0,0.0,0.0,0.0,0.0,0.0,0.0,0.0,18.444586401485203,0.0,False,-0.045758845962846476,18.444586401485203,False,0.0,0.0,6.0,3.5999999999999996,False,False,0.5031480335792966,0.5794999825258483,False,-0.5109735634273568,0.039958601773073664,False,0,False,0.21767082146754427,False,Normal,31,64
2025-02-08 21:00:00,0,0.0,0.0,0.0,21,5,1,-0.7071067811865477,0.7071067811865474,-0.9749279121818236,-0.2225209339563146,0.0,0.0,0.0,0.0,0.0,0.0,0.0,0.0,0.0,18.444586401485203,0.0,False,-0.036607076770277185,18.444586401485203,False,0.0,0.0,6.0,3.5999999999999996,False,False,0.5044529257444262,0.5794999825258483,False,-0.5108082474721083,0.039958601773073664,False,0,False,0.21979676953358598,False,Normal,31,64
2025-02-08 22:00:00,0,0.0,0.0,0.0,22,5,1,-0.5000000000000004,0.8660254037844384,-0.9749279121818236,-0.2225209339563146,0.0,0.0,0.0,0.0,0.0,0.0,0.0,0.0,0.0,18.444586401485203,0.0,False,-0.02928566141622175,18.444586401485203,False,0.0,0.0,6.0,3.5999999999999996,False,False,0.5096215171093154,0.5794999825258483,False,-0.501226744330323,0.039958601773073664,False,0,False,0.236286853829116,False,Normal,31,64
2025-02-08 23:00:00,0,0.0,0.0,0.0,23,5,1,-0.25881904510252157,0.9659258262890681,-0.9749279121818236,-0.2225209339563146,0.0,0.0,0.0,0.0,0.0,0.0,0.0,0.0,0.0,18.444586401485203,0.0,False,-0.0234285291329774,18.444586401485203,False,0.0,0.0,6.0,3.5999999999999996,False,False,0.5188718500703168,0.5794999825258483,False,-0.4950716054041253,0.039958601773073664,False,0,False,0.24717086883108305,False,Normal,31,64
2025-02-09 00:00:00,0,0.0,0.0,0.0,0,6,1,0.0,1.0,-0.7818314824680299,0.6234898018587334,0.0,0.0,0.0,0.0,0.0,0.0,0.0,0.0,0.0,18.444586401485203,0.0,False,-0.018742823306381922,18.444586401485203,False,0.0,0.0,6.0,3.5999999999999996,False,False,0.4833571278290321,0.5729896298386823,False,-0.506241101728681,0.03996047397775851,False,0,False,0.19767115199370539,False,Normal,31,64
2025-02-09 01:00:00,0,0.0,0.0,0.0,1,6,1,0.25881904510252074,0.9659258262890683,-0.7818314824680299,0.6234898018587334,0.0,0.0,0.0,0.0,0.0,0.0,0.0,0.0,0.0,18.444586401485203,0.0,False,-0.014994258645105538,18.444586401485203,False,0.0,0.0,6.0,3.5999999999999996,False,False,0.4822915490130957,0.5729896298386823,False,-0.49076981658049035,0.03996047397775851,False,0,False,0.21330077927286692,False,Normal,31,64
2025-02-09 02:00:00,0,0.0,0.0,0.0,2,6,1,0.49999999999999994,0.8660254037844387,-0.7818314824680299,0.6234898018587334,0.0,0.0,0.0,0.0,0.0,0.0,0.0,0.0,0.0,18.444586401485203,0.0,False,-0.01199540691608443,18.444586401485203,False,0.0,0.0,6.0,3.5999999999999996,False,False,0.4754627472743923,0.5729896298386823,False,-0.4819443656557474,0.03996047397775851,False,0,False,0.20159567959806884,False,Normal,31,64
2025-02-09 03:00:00,0,0.0,0.0,0.0,3,6,1,0.7071067811865476,0.7071067811865476,-0.7818314824680299,0.6234898018587334,0.0,0.0,0.0,0.0,0.0,0.0,0.0,0.0,0.0,18.444586401485203,0.0,False,-0.009596325532867545,18.444586401485203,False,0.0,0.0,6.0,3.5999999999999996,False,False,0.4708290633008424,0.5729896298386823,False,-0.465642460196094,0.03996047397775851,False,0,False,0.20351905304175094,False,Normal,31,64
2025-02-09 04:00:00,0,0.0,0.0,0.0,4,6,1,0.8660254037844386,0.5000000000000001,-0.7818314824680299,0.6234898018587334,0.0,0.0,0.0,0.0,0.0,0.0,0.0,0.0,0.0,18.444586401485203,0.0,False,-0.007677060426294036,18.444586401485203,False,0.0,0.0,6.0,3.5999999999999996,False,False,0.46744759294688765,0.5729896298386823,False,-0.47023570958065064,0.03996047397775851,False,0,False,0.18629838850081648,False,Normal,31,64
2025-02-09 05:00:00,0,0.0,0.0,0.0,5,6,1,0.9659258262890683,0.25881904510252074,-0.7818314824680299,0.6234898018587334,0.0,0.0,0.0,0.0,0.0,0.0,0.0,0.0,0.0,18.444586401485203,0.0,False,-0.006141648341035229,18.444586401485203,False,0.0,0.0,6.0,3.5999999999999996,False,False,0.47158006124415214,0.5729896298386823,False,-0.47295504087153173,0.03996047397775851,False,0,False,0.19600032128754458,False,Normal,31,64
2025-02-09 06:00:00,0,0.0,0.0,0.0,6,6,1,1.0,6.123233995736766e-17,-0.7818314824680299,0.6234898018587334,0.0,0.0,0.0,0.0,0.0,0.0,0.0,0.0,0.0,18.444586401485203,0.0,False,-0.004913318672828184,18.444586401485203,False,0.0,0.0,6.0,3.5999999999999996,False,False,0.47659520143984646,0.5729896298386823,False,-0.4657769056843757,0.03996047397775851,False,0,False,0.22073284129969858,False,Normal,31,64
2025-02-09 07:00:00,0,0.0,0.0,0.0,7,6,1,0.9659258262890683,-0.25881904510252063,-0.7818314824680299,0.6234898018587334,0.0,0.0,0.0,0.0,0.0,0.0,0.0,0.0,0.0,18.444586401485203,0.0,False,-0.003930654938262547,18.444586401485203,False,0.0,0.0,6.0,3.5999999999999996,False,False,0.471910341889213,0.5729896298386823,False,-0.46769839711717287,0.03996047397775851,False,0,False,0.20094488727196858,False,Normal,31,64
2025-02-09 08:00:00,0,0.0,0.0,0.0,8,6,1,0.8660254037844387,-0.4999999999999998,-0.7818314824680299,0.6234898018587334,0.0,0.0,0.0,0.0,0.0,0.0,0.0,0.0,0.0,18.444586401485203,0.0,False,-0.003144523950610038,18.444586401485203,False,0.0,0.0,6.0,3.5999999999999996,False,False,0.4732229470945593,0.5729896298386823,False,-0.46451035115385597,0.03996047397775851,False,0,False,0.2110274453980992,False,Normal,31,64
2025-02-09 09:00:00,0,0.0,0.0,0.0,9,6,1,0.7071067811865476,-0.7071067811865475,-0.7818314824680299,0.6234898018587334,0.0,0.0,0.0,0.0,0.0,0.0,0.0,0.0,0.0,18.444586401485203,0.0,False,-0.0025156191604880306,18.444586401485203,False,0.0,0.0,6.0,3.5999999999999996,False,False,0.4747175888902996,0.5729896298386823,False,-0.4623057186087156,0.03996047397775851,False,0,False,0.2184427428353333,False,Normal,31,64
2025-02-09 10:00:00,0,0.0,0.0,0.0,10,6,1,0.49999999999999994,-0.8660254037844387,-0.7818314824680299,0.6234898018587334,0.0,0.0,0.0,0.0,0.0,0.0,0.0,0.0,0.0,18.444586401485203,0.0,False,-0.0020124953283904247,18.444586401485203,False,0.0,0.0,6.0,3.5999999999999996,False,False,0.4782048271357515,0.5729896298386823,False,-0.4668761881503034,0.03996047397775851,False,0,False,0.22148172235815428,False,Normal,31,64
2025-02-09 11:00:00,0,0.0,0.0,0.0,11,6,1,0.258819045102521,-0.9659258262890682,-0.7818314824680299,0.6234898018587334,0.0,0.0,0.0,0.0,0.0,0.0,0.0,0.0,0.0,18.444586401485203,0.0,False,-0.0016099962627123398,18.444586401485203,False,0.0,0.0,6.0,3.5999999999999996,False,False,0.4793179825156848,0.5729896298386823,False,-0.4759652355684141,0.03996047397775851,False,0,False,0.21637545279289047,False,Normal,31,64
2025-02-09 12:00:00,0,0.0,0.0,0.0,12,6,1,1.2246467991473532e-16,-1.0,-0.7818314824680299,0.6234898018587334,0.0,0.0,0.0,0.0,0.0,0.0,0.0,0.0,0.0,18.444586401485203,0.0,False,-0.0012879970101698718,18.444586401485203,False,0.0,0.0,6.0,3.5999999999999996,False,False,0.48348461208957877,0.5729896298386823,False,-0.46102325083768814,0.03996047397775851,False,0,False,0.24251983788974307,False,Normal,31,64
2025-02-09 13:00:00,0,0.0,0.0,0.0,13,6,1,-0.2588190451025208,-0.9659258262890683,-0.7818314824680299,0.6234898018587334,0.0,0.0,0.0,0.0,0.0,0.0,0.0,0.0,0.0,18.444586401485203,0.0,False,-0.0010303976081358975,18.444586401485203,False,0.0,0.0,6.0,3.5999999999999996,False,False,0.47725508043443293,0.5729896298386823,False,-0.45666796826767553,0.03996047397775851,False,0,False,0.23071999016198175,False,Normal,31,64
2025-02-09 14:00:00,0,0.0,0.0,0.0,14,6,1,-0.4999999999999997,-0.8660254037844388,-0.7818314824680299,0.6234898018587334,0.0,0.0,0.0,0.0,0.0,0.0,0.0,0.0,0.0,18.444586401485203,0.0,False,-0.000824318086508718,18.444586401485203,False,0.0,0.0,6.0,3.5999999999999996,False,False,0.4768844902626986,0.5729896298386823,False,-0.4667287264656821,0.03996047397775851,False,0,False,0.21945895093108353,False,Normal,31,64
2025-02-09 15:00:00,0,0.0,0.0,0.0,15,6,1,-0.7071067811865471,-0.7071067811865479,-0.7818314824680299,0.6234898018587334,0.0,0.0,0.0,0.0,0.0,0.0,0.0,0.0,0.0,18.444586401485203,0.0,False,-0.0006594544692069745,18.444586401485203,False,0.0,0.0,6.0,3.5999999999999996,False,False,0.4732619470853092,0.5729896298386823,False,-0.48195166464977635,0.03996047397775851,False,0,False,0.19354468883475448,False,Normal,31,64
2025-02-09 16:00:00,0,0.0,0.0,0.0,16,6,1,-0.8660254037844385,-0.5000000000000004,-0.7818314824680299,0.6234898018587334,0.0,0.0,0.0,0.0,0.0,0.0,0.0,0.0,0.0,18.444586401485203,0.0,False,-0.0005275635753655796,18.444586401485203,False,0.0,0.0,6.0,3.5999999999999996,False,False,0.46957955524104805,0.5729896298386823,False,-0.49371751697142896,0.03996047397775851,False,0,False,0.17289754882061256,False,Normal,31,64
2025-02-09 17:00:00,0,0.0,0.0,0.0,17,6,1,-0.9659258262890683,-0.25881904510252063,-0.7818314824680299,0.6234898018587334,0.0,0.0,0.0,0.0,0.0,0.0,0.0,0.0,0.0,18.444586401485203,0.0,False,-0.0004220508602924637,18.444586401485203,False,0.0,0.0,6.0,3.5999999999999996,False,False,0.47201925412264334,0.5729896298386823,False,-0.50489149078505,0.03996047397775851,False,0,False,0.1680980016033065,False,Normal,31,64
2025-02-09 18:00:00,0,0.0,0.0,0.0,18,6,1,-1.0,-1.8369701987210297e-16,-0.7818314824680299,0.6234898018587334,0.0,0.0,0.0,0.0,0.0,0.0,0.0,0.0,0.0,18.444586401485203,0.0,False,-0.000337640688233971,18.444586401485203,False,0.0,0.0,6.0,3.5999999999999996,False,False,0.47545597760166747,0.5729896298386823,False,-0.5193077991421331,0.03996047397775851,False,0,False,0.16247933761223324,False,Normal,31,64
2025-02-09 19:00:00,0,0.0,0.0,0.0,19,6,1,-0.9659258262890684,0.2588190451025203,-0.7818314824680299,0.6234898018587334,0.0,0.0,0.0,0.0,0.0,0.0,0.0,0.0,0.0,18.444586401485203,0.0,False,-0.0002701125505871768,18.444586401485203,False,0.0,0.0,6.0,3.5999999999999996,False,False,0.4708790113361773,0.5729896298386823,False,-0.5326095500724983,0.03996047397775851,False,0,False,0.13581680342311991,False,Normal,31,64
2025-02-09 20:00:00,0,0.0,0.0,0.0,20,6,1,-0.8660254037844386,0.5000000000000001,-0.7818314824680299,0.6234898018587334,0.0,0.0,0.0,0.0,0.0,0.0,0.0,0.0,0.0,18.444586401485203,0.0,False,-0.00021609004046974144,18.444586401485203,False,0.0,0.0,6.0,3.5999999999999996,False,False,0.4686409050219902,0.5729896298386823,False,-0.5302934541093081,0.03996047397775851,False,0,False,0.13197741277594913,False,Normal,31,64
2025-02-09 21:00:00,0,0.0,0.0,0.0,21,6,1,-0.7071067811865477,0.7071067811865474,-0.7818314824680299,0.6234898018587334,0.0,0.0,0.0,0.0,0.0,0.0,0.0,0.0,0.0,18.444586401485203,0.0,False,-0.00017287203237579315,18.444586401485203,False,0.0,0.0,6.0,3.5999999999999996,False,False,0.47198930733748773,0.5729896298386823,False,-0.5295305804461269,0.03996047397775851,False,0,False,0.14269803508967316,False,Normal,31,64
2025-02-09 22:00:00,0,0.0,0.0,0.0,22,6,1,-0.5000000000000004,0.8660254037844384,-0.7818314824680299,0.6234898018587334,0.0,0.0,0.0,0.0,0.0,0.0,0.0,0.0,0.0,18.444586401485203,0.0,False,-0.00013829762590063452,18.444586401485203,False,0.0,0.0,6.0,3.5999999999999996,False,False,0.47451151907125433,0.5729896298386823,False,-0.5322031176642972,0.03996047397775851,False,0,False,0.14726236065600817,False,Normal,31,64
2025-02-09 23:00:00,0,0.0,0.0,0.0,23,6,1,-0.25881904510252157,0.9659258262890681,-0.7818314824680299,0.6234898018587334,0.0,0.0,0.0,0.0,0.0,0.0,0.0,0.0,0.0,18.444586401485203,0.0,False,-0.00011063810072050762,18.444586401485203,False,0.0,0.0,6.0,3.5999999999999996,False,False,0.47668717523078424,0.5729896298386823,False,-0.5213164505461657,0.03996047397775851,False,0,False,0.16465445781319604,False,Normal,31,64
2025-02-10 00:00:00,0,0.0,0.0,0.0,0,0,0,0.0,1.0,0.0,1.0,0.0,0.0,0.0,0.0,0.0,0.0,0.0,0.0,0.0,18.444586401485203,0.0,False,-8.851048057640611e-05,18.444586401485203,False,0.0,0.0,6.0,3.5999999999999996,False,False,0.5001741066208687,0.577686762819185,False,-0.2714742717469596,0.039960473977758544,False,0,False,0.3265222553891336,False,Normal,31,64
2025-02-10 01:00:00,0,0.0,0.0,0.0,1,0,0,0.25881904510252074,0.9659258262890683,0.0,1.0,0.0,0.0,0.0,0.0,0.0,0.0,0.0,0.0,0.0,18.444586401485203,0.0,False,-7.080838446112489e-05,18.444586401485203,False,0.0,0.0,6.0,3.5999999999999996,False,False,0.48948047143234946,0.577686762819185,False,-0.29302002719975984,0.039960473977758544,False,0,False,0.31123653090306724,False,Normal,31,64
2025-02-10 02:00:00,0,0.0,0.0,0.0,2,0,0,0.49999999999999994,0.8660254037844387,0.0,1.0,0.0,0.0,0.0,0.0,0.0,0.0,0.0,0.0,0.0,18.444586401485203,0.0,False,-5.6646707568899915e-05,18.444586401485203,False,0.0,0.0,6.0,3.5999999999999996,False,False,0.48292792837840093,0.577686762819185,False,-0.33883421109173084,0.039960473977758544,False,0,False,0.29152667790597436,False,Normal,31,64
2025-02-10 03:00:00,0,0.0,0.0,0.0,3,0,0,0.7071067811865476,0.7071067811865476,0.0,1.0,0.0,0.0,0.0,0.0,0.0,0.0,0.0,0.0,0.0,18.444586401485203,0.0,False,-4.531736605511993e-05,18.444586401485203,False,0.0,0.0,6.0,3.5999999999999996,False,False,0.47781527692019243,0.577686762819185,False,-0.3606462703704818,0.039960473977758544,False,0,False,0.27371291535848735,False,Normal,31,64
2025-02-10 04:00:00,0,0.0,0.0,0.0,4,0,0,0.8660254037844386,0.5000000000000001,0.0,1.0,0.0,0.0,0.0,0.0,0.0,0.0,0.0,0.0,0.0,18.444586401485203,0.0,False,-3.6253892844095945e-05,18.444586401485203,False,0.0,0.0,6.0,3.5999999999999996,False,False,0.4761010059801913,0.577686762819185,False,-0.3695052964325507,0.039960473977758544,False,0,False,0.26673718621937414,False,Normal,31,64
2025-02-10 05:00:00,0,0.0,0.0,0.0,5,0,0,0.9659258262890683,0.25881904510252074,0.0,1.0,0.0,0.0,0.0,0.0,0.0,0.0,0.0,0.0,0.0,18.444586401485203,0.0,False,-2.9003114275276758e-05,18.444586401485203,False,0.0,0.0,6.0,3.5999999999999996,False,False,0.4808993924951848,0.577686762819185,False,-0.3856269171231699,0.039960473977758544,False,0,False,0.2728232695747502,False,Normal,31,64
2025-02-10 06:00:00,19,9341.0,10381.0,19722.0,6,0,0,1.0,6.123233995736766e-17,0.0,1.0,-0.05273031486082239,0.0,19.0,0.0,0.0,-8.0,0.0,23.5,-4.5,18.444586401485203,-0.24397402587664688,False,-0.9000232024914202,18.444586401485203,False,0.0,0.0,6.0,3.5999999999999996,False,False,0.5421684238782406,0.577686762819185,False,-0.387897447448029,0.039960473977758544,False,0,False,0.342886333927868,False,Normal,31,64
2025-02-10 07:00:00,53,14108.0,19624.0,33732.0,7,0,0,0.9659258262890683,-0.25881904510252063,0.0,1.0,-0.16351940236563603,19.0,34.0,0.7916666666666666,3.8783587594066984,10.0,4025.736392264153,39.5,13.5,18.445155585018085,0.7318994918625277,False,1.979981438006864,18.445155585018085,False,0.23189949186252767,0.0,6.0,3.5999999999999996,False,False,0.5778237704975477,0.577686762819185,True,-0.38534691894791195,0.039960473977758544,False,1,False,0.38958536625126367,False,Normal,31,64
2025-02-10 08:00:00,66,27858.0,31100.0,58958.0,8,0,0,0.8660254037844387,-0.4999999999999998,0.0,1.0,-0.0549873641004766,53.0,13.0,3.0,11.332907067857551,5.0,7823.45883281146,60.0,6.0,18.440717669398165,0.3253669465346691,False,2.7839851504054915,18.440717669398165,False,0.057266438397196806,0.0,6.0,3.5999999999999996,False,False,0.5469414320968135,0.577686762819185,False,-0.4661158111348198,0.039960473977758544,False,0,False,0.32398723825576936,False,Normal,31,64
2025-02-10 09:00:00,105,37221.0,58067.0,95288.0,9,0,0,0.7071067811865476,-0.7071067811865475,0.0,1.0,-0.2187660695358331,66.0,39.0,5.75,17.10898568893983,-4.0,13950.73910981583,101.5,3.5,18.421964135853607,0.18999059894966094,False,2.9271881203243937,18.421964135853607,False,0.0,0.0,6.0,3.5999999999999996,False,False,0.5682017722921441,0.577686762819185,False,-0.40039289292403546,0.039960473977758544,False,0,False,0.3664034703448298,False,Normal,31,64
2025-02-10 10:00:00,158,63539.0,85143.0,148682.0,10,0,0,0.49999999999999994,-0.8660254037844387,0.0,1.0,-0.1453024219312228,105.0,53.0,10.125,26.449808908654667,22.0,23111.434586945627,136.5,21.5,18.421829237178105,1.1670936541203882,False,6.641750496259515,18.421829237178105,False,0.6670936541203882,0.0,6.0,3.5999999999999996,False,False,0.5924413752767314,0.577686762819185,True,-0.41740356064469086,0.039960473977758544,False,1,False,0.43401831150878406,False,Normal,31,64
2025-02-10 11:00:00,105,59773.0,47486.0,107259.0,11,0,0,0.258819045102521,-0.9659258262890682,0.0,1.0,0.11455342159239232,158.0,-53.0,16.708333333333332,40.00812870303784,2.0,36651.70114475381,114.5,-9.5,18.443146950660438,-0.5150964759655515,False,3.413400397007612,18.443146950660438,False,0.0,0.015096475965551526,6.0,3.5999999999999996,False,False,0.5765505236030294,0.577686762819185,False,-0.2740392236255087,0.039960473977758544,False,0,False,0.41836306492843944,False,Normal,31,64
2025-02-10 12:00:00,74,33309.0,37209.0,70518.0,12,0,0,1.2246467991473532e-16,-1.0,0.0,1.0,-0.05530424424623151,105.0,-31.0,21.083333333333332,43.67460377030058,-10.0,41039.05526797667,80.0,-6.0,18.41635001717567,-0.32579745684699796,False,1.5307203176060895,18.41635001717567,False,0.0,0.0,6.0,3.5999999999999996,False,False,0.521396463384903,0.577686762819185,False,-0.4716756506615192,0.039960473977758544,False,0,False,0.2925925161671438,False,Normal,31,64
2025-02-10 13:00:00,71,29504.0,40432.0,69936.0,13,0,0,-0.2588190451025208,-0.9659258262890683,0.0,1.0,-0.15625491513790984,74.0,-3.0,24.166666666666668,44.7210354809988,-1.0,42106.33319689621,68.0,3.0,18.411628678213937,0.1629405009427456,False,1.8245762540848718,18.411628678213937,False,0.0,0.0,6.0,3.5999999999999996,False,False,0.5157472372265587,0.577686762819185,False,-0.4782618277411679,0.039960473977758544,False,0,False,0.2803149450656265,False,Normal,31,64
2025-02-10 14:00:00,104,40907.0,48999.0,89906.0,14,0,0,-0.4999999999999997,-0.8660254037844388,0.0,1.0,-0.09000411536365355,71.0,33.0,27.125,45.39614281641884,11.0,42911.368581634786,96.0,8.0,18.409390894438406,0.43456081984857253,False,3.0596610032678977,18.409390894438406,False,0.0,0.0,6.0,3.5999999999999996,False,False,0.518532373552801,0.577686762819185,False,-0.4792310725489204,0.039960473977758544,False,0,False,0.30044080644872306,False,Normal,31,64
2025-02-10 15:00:00,197,67077.0,90438.0,157515.0,15,0,0,-0.7071067811865471,-0.7071067811865479,0.0,1.0,-0.1483087432387821,104.0,93.0,31.458333333333332,47.604328599921196,40.0,44512.910084778545,157.5,39.5,18.393779689556677,2.1474651032395844,False,10.347728802614318,18.393779689556677,False,1.6474651032395844,0.0,6.0,3.5999999999999996,False,False,0.5729042443796932,0.577686762819185,False,-0.4232601007432091,0.039960473977758544,False,0,False,0.4861169948727067,False,Normal,31,64
2025-02-10 16:00:00,219,121984.0,131728.0,253712.0,16,0,0,-0.8660254037844385,-0.5000000000000004,0.0,1.0,-0.03840560002837852,197.0,22.0,39.666666666666664,57.83008594650114,-35.0,51177.32800564232,214.5,4.5,18.463366469239823,0.2437258669753997,False,9.178183042091455,18.463366469239823,False,1.391190970214984,0.0,6.0,3.5999999999999996,False,False,0.5705415903694724,0.577686762819185,False,-0.40986099089831063,0.039960473977758544,False,0,False,0.41766145965129453,False,Normal,31,64
2025-02-10 17:00:00,288,120001.0,152127.0,272128.0,17,0,0,-0.9659258262890683,-0.25881904510252063,0.0,1.0,-0.11805430512734769,219.0,69.0,48.791666666666664,67.72962820089803,28.0,67219.34265274146,259.0,29.0,18.396715734697928,1.5763683267281934,False,13.142546433673164,18.396715734697928,False,2.467559296943177,0.0,6.0,3.5999999999999996,False,False,0.578629460508702,0.577686762819185,True,-0.3662992525625208,0.039960473977758544,False,1,False,0.5153932645032875,False,Normal,31,64
2025-02-10 18:00:00,47,17814.0,23726.0,41540.0,18,0,0,-1.0,-1.8369701987210297e-16,0.0,1.0,-0.14231722876194602,288.0,-241.0,60.791666666666664,82.59170353463853,-5.0,80711.12647539705,38.5,8.5,18.40110630318813,0.4619287481931079,False,12.214037146938534,18.40110630318813,False,2.429488045136285,0.0,6.0,3.5999999999999996,False,False,0.5792566270623217,0.577686762819185,True,0.15498245559171053,0.039960473977758544,True,2,False,0.5404541666147035,False,Watch,31,64
2025-02-10 19:00:00,0,0.0,0.0,0.0,19,0,0,-0.9659258262890684,0.2588190451025203,0.0,1.0,0.0,47.0,-47.0,62.75,81.6393181063485,0.0,79867.90779001052,0.0,0.0,18.40110630318813,0.0,False,9.771229717550828,18.40110630318813,False,1.929488045136285,0.0,6.0,3.5999999999999996,False,False,0.48882374491166186,0.577686762819185,False,-0.3250358177882475,0.039960473977758544,False,0,False,0.3835143344635421,False,Normal,31,64
2025-02-10 20:00:00,0,0.0,0.0,0.0,20,0,0,-0.8660254037844386,0.5000000000000001,0.0,1.0,0.0,0.0,0.0,62.75,81.6393181063485,0.0,79867.90779001052,0.0,0.0,18.40110630318813,0.0,False,7.816983774040662,18.40110630318813,False,1.429488045136285,0.0,6.0,3.5999999999999996,False,False,0.45050102950207926,0.577686762819185,False,-0.41672964259410805,0.039960473977758544,False,0,False,0.25936764734611456,False,Normal,31,64
2025-02-10 21:00:00,0,0.0,0.0,0.0,21,0,0,-0.7071067811865477,0.7071067811865474,0.0,1.0,0.0,0.0,0.0,62.75,81.6393181063485,0.0,79867.90779001052,0.0,0.0,18.40110630318813,0.0,False,6.25358701923253,18.40110630318813,False,0.929488045136285,0.0,6.0,3.5999999999999996,False,False,0.4474896671937001,0.577686762819185,False,-0.44721025194376685,0.039960473977758544,False,0,False,0.22775629016153587,False,Normal,31,64
2025-02-10 22:00:00,0,0.0,0.0,0.0,22,0,0,-0.5000000000000004,0.8660254037844384,0.0,1.0,0.0,0.0,0.0,62.75,81.6393181063485,0.0,79867.90779001052,0.0,0.0,18.40110630318813,0.0,False,5.002869615386024,18.40110630318813,False,0.429488045136285,0.0,6.0,3.5999999999999996,False,False,0.4495711905953537,0.577686762819185,False,-0.46141929836805695,0.039960473977758544,False,0,False,0.21112357145507138,False,Normal,31,64
2025-02-10 23:00:00,0,0.0,0.0,0.0,23,0,0,-0.25881904510252157,0.9659258262890681,0.0,1.0,0.0,0.0,0.0,62.75,81.6393181063485,0.0,79867.90779001052,0.0,0.0,18.40110630318813,0.0,False,4.002295692308819,18.40110630318813,False,0.0,0.0,6.0,3.5999999999999996,False,False,0.450797371330922,0.577686762819185,False,-0.47688511762067076,0.039960473977758544,False,0,False,0.1883370594112481,False,Normal,31,64
2025-02-11 00:00:00,0,0.0,0.0,0.0,0,1,0,0.0,1.0,0.7818314824680298,0.6234898018587336,0.0,0.0,0.0,62.75,81.6393181063485,0.0,79867.90779001052,0.0,0.0,18.40110630318813,0.0,False,3.2018365538470555,18.40110630318813,False,0.0,0.0,6.0,3.5999999999999996,False,False,0.4306932399366303,0.579950502350661,False,-0.5167405391682879,0.03848968115964048,False,0,False,0.12528107074997227,False,Normal,31,64
2025-02-11 01:00:00,0,0.0,0.0,0.0,1,1,0,0.25881904510252074,0.9659258262890683,0.7818314824680298,0.6234898018587336,0.0,0.0,0.0,62.75,81.6393181063485,0.0,79867.90779001052,0.0,0.0,18.40110630318813,0.0,False,2.5614692430776445,18.40110630318813,False,0.0,0.0,6.0,3.5999999999999996,False,False,0.43388922933982105,0.579950502350661,False,-0.5171712899978598,0.03848968115964048,False,0,False,0.12251886409061452,False,Normal,31,64
2025-02-11 02:00:00,0,0.0,0.0,0.0,2,1,0,0.49999999999999994,0.8660254037844387,0.7818314824680298,0.6234898018587336,0.0,0.0,0.0,62.75,81.6393181063485,0.0,79867.90779001052,0.0,0.0,18.40110630318813,0.0,False,2.049175394462116,18.40110630318813,False,0.0,0.0,6.0,3.5999999999999996,False,False,0.43265794878459296,0.579950502350661,False,-0.5115228922656964,0.03848968115964048,False,0,False,0.12286059689046915,False,Normal,31,64
2025-02-11 03:00:00,0,0.0,0.0,0.0,3,1,0,0.7071067811865476,0.7071067811865476,0.7818314824680298,0.6234898018587336,0.0,0.0,0.0,62.75,81.6393181063485,0.0,79867.90779001052,0.0,0.0,18.40110630318813,0.0,False,1.6393403155696928,18.40110630318813,False,0.0,0.0,6.0,3.5999999999999996,False,False,0.43077873884308254,0.579950502350661,False,-0.5017229233185461,0.03848968115964048,False,0,False,0.13091956365469742,False,Normal,31,64
2025-02-11 04:00:00,0,0.0,0.0,0.0,4,1,0,0.8660254037844386,0.5000000000000001,0.7818314824680298,0.6234898018587336,0.0,0.0,0.0,62.75,81.6393181063485,0.0,79867.90779001052,0.0,0.0,18.40110630318813,0.0,False,1.3114722524557543,18.40110630318813,False,0.0,0.0,6.0,3.5999999999999996,False,False,0.4302799813178486,0.579950502350661,False,-0.49131602118280737,0.03848968115964048,False,0,False,0.13835924642937591,False,Normal,31,64
2025-02-11 05:00:00,0,0.0,0.0,0.0,5,1,0,0.9659258262890683,0.25881904510252074,0.7818314824680298,0.6234898018587336,0.0,0.0,0.0,62.75,81.6393181063485,0.0,79867.90779001052,0.0,0.0,18.40110630318813,0.0,False,1.0491778019646034,18.40110630318813,False,0.0,0.0,6.0,3.5999999999999996,False,False,0.4311730432176685,0.579950502350661,False,-0.47298191376574206,0.03848968115964048,False,0,False,0.15106192897870674,False,Normal,31,64
2025-02-11 06:00:00,19,8615.0,10711.0,19326.0,6,1,0,1.0,6.123233995736766e-17,0.7818314824680298,0.6234898018587336,-0.10844931960469809,0.0,19.0,62.75,81.6393181063485,-5.0,79867.90779001052,23.0,-4.0,18.40110630318813,-0.2173782344438155,False,0.03934224157168276,18.40110630318813,False,0.0,0.0,6.0,3.5999999999999996,False,False,0.47224810844643106,0.579950502350661,False,-0.2898082138584175,0.03848968115964048,False,0,False,0.27900859422661706,False,Normal,31,64
2025-02-11 07:00:00,41,13108.0,17833.0,30941.0,7,1,0,0.9659258262890683,-0.25881904510252063,0.7818314824680298,0.6234898018587336,-0.15270506108202445,19.0,22.0,62.75,81.6393181063485,15.0,79876.44154114129,39.5,1.5,18.40247134040022,0.08151079125481077,False,0.33147379325734627,18.40247134040022,False,0.0,0.0,6.0,3.5999999999999996,False,False,0.48808324876544973,0.579950502350661,False,-0.30269794945152784,0.03848968115964048,False,0,False,0.31202001908752997,False,Normal,31,64
2025-02-11 08:00:00,58,24223.0,29264.0,53487.0,8,1,0,0.8660254037844387,-0.4999999999999998,0.7818314824680298,0.6234898018587336,-0.0942454382291355,41.0,17.0,62.25,81.738315213326,4.0,79917.00818882837,60.0,-2.0,18.400746592165905,-0.10869124195490511,False,-0.13482096539412297,18.400746592165905,False,0.0,0.0,6.0,3.5999999999999996,False,False,0.463533654962641,0.579950502350661,False,-0.37123162907750107,0.03848968115964048,False,0,False,0.2368147773904788,False,Normal,31,64
2025-02-11 09:00:00,97,32956.0,41547.0,74503.0,9,1,0,0.7071067811865476,-0.7071067811865475,0.7818314824680298,0.6234898018587336,-0.11530924514120047,58.0,39.0,61.916666666666664,81.73866982602257,26.0,79924.89956578895,100.5,-3.5,18.40056199101246,-0.19021158167394747,False,-0.8078567723152985,18.40056199101246,False,0.0,0.0,6.0,3.5999999999999996,False,False,0.4818677964372339,0.579950502350661,False,-0.4133318466214362,0.03848968115964048,False,0,False,0.2775327153900364,False,Normal,31,64
2025-02-11 10:00:00,110,50378.0,67192.0,117570.0,10,1,0,0.49999999999999994,-0.8660254037844387,0.7818314824680298,0.6234898018587336,-0.1430114569068903,97.0,13.0,61.583333333333336,81.57147661469324,0.0,79623.9267209421,136.5,-26.5,18.382883791964822,-1.4415583702695862,False,-5.9462854178522395,18.382883791964822,False,0.0,0.9415583702695862,6.0,3.5999999999999996,False,False,0.4853410232824812,0.579950502350661,False,-0.49038957050564735,0.03848968115964048,False,0,False,0.3139177391207071,False,Normal,31,64
2025-02-11 11:00:00,93,55157.0,40913.0,96070.0,11,1,0,0.258819045102521,-0.9659258262890682,0.7818314824680298,0.6234898018587336,0.14826534542161526,110.0,-17.0,59.583333333333336,79.6710174059096,2.0,78324.2224679925,109.5,-16.5,18.422955316402767,-0.8956217781904581,False,-8.057028334281792,18.422955316402767,False,0.0,1.3371801484600443,6.0,3.5999999999999996,False,False,0.5054989707041633,0.579950502350661,False,-0.24272512674601088,0.03848968115964048,False,0,False,0.4314329786350397,False,Normal,31,64
2025-02-11 12:00:00,62,31545.0,36937.0,68482.0,12,1,0,1.2246467991473532e-16,-1.0,0.7818314824680298,0.6234898018587336,-0.07873486850751281,93.0,-31.0,59.083333333333336,79.41082867055931,4.0,78042.35282185575,75.0,-13.0,18.410851597748668,-0.7061053059375959,False,-9.045622667425434,18.410851597748668,False,0.0,1.5432854543976404,6.0,3.5999999999999996,False,False,0.47206815219903814,0.579950502350661,False,-0.49429144032338135,0.03848968115964048,False,0,False,0.2763313104131859,False,Normal,31,64
2025-02-11 13:00:00,56,23957.0,29876.0,53833.0,13,1,0,-0.2588190451025208,-0.9659258262890683,0.7818314824680298,0.6234898018587336,-0.10994910279748858,62.0,-6.0,58.583333333333336,79.3505796623668,-15.0,78027.13943962341,68.0,-12.0,18.410851597748668,-0.6517895131731655,False,-9.636498133940348,18.410851597748668,False,0.0,1.6950749675708057,6.0,3.5999999999999996,False,False,0.4623870385505423,0.579950502350661,False,-0.5068708944685686,0.03848968115964048,False,0,False,0.24279460222374177,False,Normal,31,64
2025-02-11 14:00:00,80,29542.0,40632.0,70174.0,14,1,0,-0.4999999999999997,-0.8660254037844388,0.7818314824680298,0.6234898018587336,-0.15803348770929818,56.0,24.0,57.958333333333336,79.30759005656209,-1.0,77971.7256947945,96.0,-16.0,18.406965301526487,-0.8692361689122716,False,-10.90919850715228,18.406965301526487,False,0.0,2.0643111364830773,6.0,3.5999999999999996,False,False,0.46726729629448704,0.579950502350661,False,-0.4952922509879618,0.03848968115964048,False,0,False,0.282013146207711,False,Normal,31,64
2025-02-11 15:00:00,143,60601.0,68243.0,128844.0,15,1,0,-0.7071067811865471,-0.7071067811865479,0.7818314824680298,0.6234898018587336,-0.05931157592456052,80.0,63.0,56.958333333333336,78.85180330251153,11.0,77695.33280247948,157.5,-14.5,18.421654295678536,-0.7871171485072054,False,-11.627358805721824,18.421654295678536,False,0.0,2.351428284990283,6.0,3.5999999999999996,False,False,0.47984683940748024,0.579950502350661,False,-0.49098044760861836,0.03848968115964048,False,0,False,0.32702361823671516,False,Normal,31,64
2025-02-11 16:00:00,184,95943.0,109271.0,205214.0,16,1,0,-0.8660254037844385,-0.5000000000000004,0.7818314824680298,0.6234898018587336,-0.0649465195039349,143.0,41.0,54.708333333333336,75.37585772338666,10.0,76250.37096146398,207.5,-23.5,18.415090031865002,-1.2761273476988817,False,-14.001887044577462,18.415090031865002,False,0.0,3.1275556326891643,6.0,3.5999999999999996,False,False,0.5053186845787033,0.579950502350661,False,-0.4624850969616323,0.03848968115964048,False,0,False,0.4254569022868928,False,Normal,31,64
2025-02-11 17:00:00,222,105774.0,120816.0,226590.0,17,1,0,-0.9659258262890683,-0.25881904510252063,0.7818314824680298,0.6234898018587336,-0.0663839252220962,184.0,38.0,53.25,72.33632198460788,-23.0,71184.18500591633,259.0,-37.0,18.430081719022244,-2.0075874086771512,False,-18.60150963566197,18.430081719022244,True,0.0,4.635143041366316,6.0,3.5999999999999996,False,True,0.5295541025279108,0.579950502350661,False,-0.4136846741250426,0.03848968115964048,False,1,False,0.527078756319201,True,Building Stress,31,65
2025-02-11 18:00:00,26,13791.0,20713.0,34504.0,18,1,0,-1.0,-1.8369701987210297e-16,0.7818314824680298,0.6234898018587336,-0.20060860744819592,222.0,-196.0,50.5,63.771330617258165,-4.0,65416.3798553853,38.5,-12.5,18.506156981295508,-0.6754508790038886,False,-17.381207708529576,18.506156981295508,False,0.0,4.810593920370205,6.0,3.5999999999999996,False,True,0.5695046646628729,0.579950502350661,False,0.010280434274002603,0.03848968115964048,False,0,False,0.5813977899282232,True,Building Stress,31,66
2025-02-11 19:00:00,0,0.0,0.0,0.0,19,1,0,-0.9659258262890684,0.2588190451025203,0.7818314824680298,0.6234898018587336,0.0,26.0,-26.0,49.625,63.9652164308343,0.0,65469.07099567118,0.0,0.0,18.4975298576591,0.0,False,-13.904966166823662,18.4975298576591,False,0.0,4.310593920370205,6.0,3.5999999999999996,False,True,0.44967234899266684,0.579950502350661,False,-0.44146682807122173,0.03848968115964048,False,0,False,0.2948273128973057,True,Building Stress,31,67
2025-02-11 20:00:00,0,0.0,0.0,0.0,20,1,0,-0.8660254037844386,0.5000000000000001,0.7818314824680298,0.6234898018587336,0.0,0.0,0.0,49.625,63.9652164308343,0.0,65469.07099567118,0.0,0.0,18.4975298576591,0.0,False,-11.12397293345893,18.4975298576591,False,0.0,3.810593920370205,6.0,3.5999999999999996,False,True,0.42196643517148835,0.579950502350661,False,-0.48495930333316517,0.03848968115964048,False,0,False,0.2149255207298296,True,Building Stress,31,68
2025-02-11 21:00:00,0,0.0,0.0,0.0,21,1,0,-0.7071067811865477,0.7071067811865474,0.7818314824680298,0.6234898018587336,0.0,0.0,0.0,49.625,63.9652164308343,0.0,65469.07099567118,0.0,0.0,18.4975298576591,0.0,False,-8.899178346767144,18.4975298576591,False,0.0,3.310593920370205,6.0,3.5999999999999996,False,False,0.4205639039535784,0.579950502350661,False,-0.5044497038212646,0.03848968115964048,False,0,False,0.1762615776325528,False,Normal,31,68
2025-02-11 22:00:00,0,0.0,0.0,0.0,22,1,0,-0.5000000000000004,0.8660254037844384,0.7818314824680298,0.6234898018587336,0.0,0.0,0.0,49.625,63.9652164308343,0.0,65469.07099567118,0.0,0.0,18.4975298576591,0.0,False,-7.119342677413716,18.4975298576591,False,0.0,2.810593920370205,6.0,3.5999999999999996,False,False,0.4207046571333956,0.579950502350661,False,-0.52210780002083,0.03848968115964048,False,0,False,0.14162723963413212,False,Normal,31,68
2025-02-11 23:00:00,0,0.0,0.0,0.0,23,1,0,-0.25881904510252157,0.9659258262890681,0.7818314824680298,0.6234898018587336,0.0,0.0,0.0,49.625,63.9652164308343,0.0,65469.07099567118,0.0,0.0,18.4975298576591,0.0,False,-5.695474141930973,18.4975298576591,False,0.0,2.310593920370205,6.0,3.5999999999999996,False,False,0.42438341429579934,0.579950502350661,False,-0.5292010151428986,0.03848968115964048,False,0,False,0.12956583665112592,False,Normal,31,68
2025-02-12 00:00:00,0,0.0,0.0,0.0,0,2,0,0.0,1.0,0.9749279121818236,-0.22252093395631434,0.0,0.0,0.0,49.625,63.9652164308343,0.0,65469.07099567118,0.0,0.0,18.4975298576591,0.0,False,-4.556379313544778,18.4975298576591,False,0.0,1.8105939203702048,6.0,3.5999999999999996,False,False,0.41634587316918986,0.5786706945321808,False,-0.5511340394310364,0.01713387118264213,False,0,False,0.09867607756060111,False,Normal,31,68
2025-02-12 01:00:00,0,0.0,0.0,0.0,1,2,0,0.25881904510252074,0.9659258262890683,0.9749279121818236,-0.22252093395631434,0.0,0.0,0.0,49.625,63.9652164308343,0.0,65469.07099567118,0.0,0.0,18.4975298576591,0.0,False,-3.6451034508358227,18.4975298576591,False,0.0,1.3105939203702048,6.0,3.5999999999999996,False,False,0.4155207761969184,0.5786706945321808,False,-0.5522437782990985,0.01713387118264213,False,0,False,0.08922644257282546,False,Normal,31,68
2025-02-12 02:00:00,0,0.0,0.0,0.0,2,2,0,0.49999999999999994,0.8660254037844387,0.9749279121818236,-0.22252093395631434,0.0,0.0,0.0,49.625,63.9652164308343,0.0,65469.07099567118,0.0,0.0,18.4975298576591,0.0,False,-2.916082760668658,18.4975298576591,False,0.0,0.8105939203702048,6.0,3.5999999999999996,False,False,0.4130648888018851,0.5786706945321808,False,-0.5435485082404621,0.01713387118264213,False,0,False,0.07917141623054501,False,Normal,31,68
2025-02-12 03:00:00,0,0.0,0.0,0.0,3,2,0,0.7071067811865476,0.7071067811865476,0.9749279121818236,-0.22252093395631434,0.0,0.0,0.0,49.625,63.9652164308343,0.0,65469.07099567118,0.0,0.0,18.4975298576591,0.0,False,-2.3328662085349268,18.4975298576591,False,0.0,0.31059392037020483,6.0,3.5999999999999996,False,False,0.4122441457258027,0.5786706945321808,False,-0.5263295118069103,0.01713387118264213,False,0,False,0.08347758242263827,False,Normal,31,68
2025-02-12 04:00:00,0,0.0,0.0,0.0,4,2,0,0.8660254037844386,0.5000000000000001,0.9749279121818236,-0.22252093395631434,0.0,0.0,0.0,49.625,63.9652164308343,0.0,65469.07099567118,0.0,0.0,18.4975298576591,0.0,False,-1.8662929668279415,18.4975298576591,False,0.0,0.0,6.0,3.5999999999999996,False,False,0.4148027326184423,0.5786706945321808,False,-0.5094486527529171,0.01713387118264213,False,0,False,0.10165097979578852,False,Normal,31,68
2025-02-12 05:00:00,0,0.0,0.0,0.0,5,2,0,0.9659258262890683,0.25881904510252074,0.9749279121818236,-0.22252093395631434,0.0,0.0,0.0,49.625,63.9652164308343,0.0,65469.07099567118,0.0,0.0,18.4975298576591,0.0,False,-1.4930343734623532,18.4975298576591,False,0.0,0.0,6.0,3.5999999999999996,False,False,0.41633451631652907,0.5786706945321808,False,-0.4940308662759689,0.01713387118264213,False,0,False,0.11866160780666826,False,Normal,31,68
2025-02-12 06:00:00,15,7721.0,8315.0,16036.0,6,2,0,1.0,6.123233995736766e-17,0.9749279121818236,-0.22252093395631434,-0.03703934651119287,0.0,15.0,49.625,63.9652164308343,-3.0,65469.07099567118,20.5,-5.5,18.4975298576591,-0.2973369980923516,False,-2.294427498769883,18.4975298576591,False,0.0,0.0,6.0,3.5999999999999996,False,False,0.4435023466830436,0.5786706945321808,False,-0.4613651872313309,0.01713387118264213,False,0,False,0.19366231485110863,False,Normal,31,68
2025-02-12 07:00:00,26,12423.0,17814.0,30237.0,7,2,0,0.9659258262890683,-0.25881904510252063,0.9749279121818236,-0.22252093395631434,-0.17828560089953038,15.0,11.0,49.458333333333336,64.0536318534959,-10.0,65537.63635908937,38.5,-12.5,18.497869054316293,-0.6757535131909288,False,-4.3355419990159065,18.497869054316293,False,0.0,0.1757535131909288,6.0,3.5999999999999996,False,False,0.47271064786594746,0.5786706945321808,False,-0.4160591848121764,0.01713387118264213,False,0,False,0.2938947567719056,False,Normal,31,68
2025-02-12 08:00:00,60,24922.0,30012.0,54934.0,8,2,0,0.8660254037844387,-0.4999999999999998,0.9749279121818236,-0.22252093395631434,-0.09265495585692182,26.0,34.0,48.833333333333336,64.21273520353137,11.0,65546.23244437604,58.5,1.5,18.506081446127546,0.08105443631417064,False,-3.168433599212725,18.506081446127546,False,0.0,0.0,6.0,3.5999999999999996,False,False,0.45536069755365643,0.5786706945321808,False,-0.4234931334562637,0.01713387118264213,False,0,False,0.22758749433229958,False,Normal,31,68
2025-02-12 09:00:00,82,28654.0,46121.0,74775.0,9,2,0,0.7071067811865476,-0.7071067811865475,0.9749279121818236,-0.22252093395631434,-0.2335909917620627,60.0,22.0,48.916666666666664,64.22644495754108,-11.0,65551.22273490913,101.0,-19.0,18.503850901514795,-1.0268132888189554,False,-6.334746879370181,18.503850901514795,False,0.0,0.5268132888189554,6.0,3.5999999999999996,False,False,0.4805946462524399,0.5786706945321808,False,-0.45863958313721964,0.01713387118264213,False,0,False,0.3223535774363899,False,Normal,31,68
2025-02-12 10:00:00,107,53966.0,66437.0,120403.0,10,2,0,0.49999999999999994,-0.8660254037844387,0.9749279121818236,-0.22252093395631434,-0.1035762931464071,82.0,25.0,48.291666666666664,63.8098255802326,-6.0,65555.83962899077,135.0,-28.0,18.52233672881162,-1.5116883150302418,False,-10.667797503496146,18.52233672881162,False,0.0,1.5385016038491974,6.0,3.5999999999999996,False,False,0.4562844703544667,0.5786706945321808,False,-0.5155182425025446,0.01713387118264213,False,0,False,0.261289384787714,False,Normal,31,68
2025-02-12 11:00:00,72,49255.0,46422.0,95677.0,11,2,0,0.258819045102521,-0.9659258262890682,0.9749279121818236,-0.22252093395631434,0.029609732644913147,107.0,-35.0,48.166666666666664,63.6865057488064,-42.0,65686.99740347445,104.0,-32.0,18.560198579621044,-1.7241194841059382,False,-14.934238002796917,18.560198579621044,False,0.0,2.762621087955136,6.0,3.5999999999999996,False,False,0.47466332097577557,0.5786706945321808,False,-0.42790428853862505,0.01713387118264213,False,0,False,0.41604085655961104,False,Normal,31,68
2025-02-12 12:00:00,79,30908.0,31903.0,62811.0,12,2,0,1.2246467991473532e-16,-1.0,0.9749279121818236,-0.22252093395631434,-0.015840922116792968,72.0,7.0,47.291666666666664,63.18604631780152,24.0,65674.84548531446,72.0,7.0,18.616799795453613,0.37600447321292363,False,-10.547390402237534,18.616799795453613,False,0.0,1.8866166147422123,6.0,3.5999999999999996,False,False,0.4542745204557651,0.5786706945321808,False,-0.4808690616047051,0.01713387118264213,False,0,False,0.2555921673934394,False,Normal,31,68
2025-02-12 13:00:00,62,29828.0,31329.0,61157.0,13,2,0,-0.2588190451025208,-0.9659258262890683,0.9749279121818236,-0.22252093395631434,-0.02454298701723405,79.0,-17.0,48.0,63.45282396840359,9.0,65612.45505502615,67.0,-5.0,18.618354846991576,-0.2685521916995754,False,-9.437912321790028,18.618354846991576,False,0.0,1.6551688064417878,6.0,3.5999999999999996,False,False,0.4438789648274518,0.5786706945321808,False,-0.4654731281324078,0.01713387118264213,False,0,False,0.2460375900344502,False,Normal,31,68
2025-02-12 14:00:00,81,36323.0,43167.0,79490.0,14,2,0,-0.4999999999999997,-0.8660254037844388,0.9749279121818236,-0.22252093395631434,-0.0860977972349071,62.0,19.0,48.25,63.49751792478736,5.0,65653.32826999357,87.0,-6.0,18.61802695581051,-0.322268305564326,False,-8.750329857432023,18.61802695581051,False,0.0,1.4774371120061138,6.0,3.5999999999999996,False,False,0.44040563505515723,0.5786706945321808,False,-0.5283649632810671,0.01713387118264213,False,0,False,0.17751921614687338,False,Normal,31,68
2025-02-12 15:00:00,149,58909.0,68059.0,126968.0,15,2,0,-0.7071067811865471,-0.7071067811865479,0.9749279121818236,-0.22252093395631434,-0.07206483472343643,81.0,68.0,48.291666666666664,63.51958216834062,24.0,65809.93595503492,150.0,-1.0,18.61680265587611,-0.053714916491547235,False,-7.200263885945619,18.61680265587611,False,0.0,1.031152028497661,6.0,3.5999999999999996,False,False,0.483943273607717,0.5786706945321808,False,-0.49117654510583075,0.01713387118264213,False,0,False,0.2745285159905213,False,Normal,31,68
2025-02-12 16:00:00,201,85703.0,108307.0,194010.0,16,2,0,-0.8660254037844385,-0.5000000000000004,0.9749279121818236,-0.22252093395631434,-0.1165088577451794,149.0,52.0,48.541666666666664,63.91909231457246,24.0,65712.7769289211,190.0,11.0,18.531664029778366,0.5935786436838159,False,-3.560211108756495,18.531664029778366,False,0.09357864368381585,0.0,6.0,3.5999999999999996,False,False,0.5086363411936228,0.5786706945321808,False,-0.43992860530591016,0.01713387118264213,False,0,False,0.33418373296808074,False,Normal,31,68
2025-02-12 17:00:00,228,88294.0,132127.0,220421.0,17,2,0,-0.9659258262890683,-0.25881904510252063,0.9749279121818236,-0.22252093395631434,-0.19885946048942482,201.0,27.0,49.25,65.55863621681503,-10.0,64588.897717168395,251.5,-23.5,18.536184551977207,-1.2677905711449833,False,-7.548168887005197,18.536184551977207,False,0.0,0.7677905711449833,6.0,3.5999999999999996,False,False,0.5467226353315009,0.5786706945321808,False,-0.3686406916655369,0.01713387118264213,False,0,False,0.44173109675613925,False,Normal,31,68
2025-02-12 18:00:00,36,17346.0,19863.0,37209.0,18,2,0,-1.0,-1.8369701987210297e-16,0.9749279121818236,-0.22252093395631434,-0.06764310669174953,228.0,-192.0,49.5,66.25379398488286,0.0,63859.858509272286,38.0,-2.0,18.537483971486537,-0.10788950663834981,False,-6.4385351096041585,18.537483971486537,False,0.0,0.3756800777833331,6.0,3.5999999999999996,False,False,0.5429854870290667,0.5786706945321808,False,0.1574688752750668,0.01713387118264213,True,1,False,0.46215576927891483,False,Normal,31,68
2025-02-12 19:00:00,0,0.0,0.0,0.0,19,2,0,-0.9659258262890684,0.2588190451025203,0.9749279121818236,-0.22252093395631434,0.0,36.0,-36.0,49.916666666666664,66.13090882068136,0.0,63835.895478000944,0.0,0.0,18.53685955606813,0.0,False,-5.150828087683327,18.53685955606813,False,0.0,0.0,6.0,3.5999999999999996,False,False,0.44821228771944377,0.5786706945321808,False,-0.4225574063110289,0.01713387118264213,False,0,False,0.23234053890729212,False,Normal,31,68
2025-02-12 20:00:00,0,0.0,0.0,0.0,20,2,0,-0.8660254037844386,0.5000000000000001,0.9749279121818236,-0.22252093395631434,0.0,0.0,0.0,49.916666666666664,66.13090882068136,0.0,63835.895478000944,0.0,0.0,18.53685955606813,0.0,False,-4.120662470146661,18.53685955606813,False,0.0,0.0,6.0,3.5999999999999996,False,False,0.4194509913535077,0.5786706945321808,False,-0.4928419060136737,0.01713387118264213,False,0,False,0.14785744985242544,False,Normal,31,68
2025-02-12 21:00:00,0,0.0,0.0,0.0,21,2,0,-0.7071067811865477,0.7071067811865474,0.9749279121818236,-0.22252093395631434,0.0,0.0,0.0,49.916666666666664,66.13090882068136,0.0,63835.895478000944,0.0,0.0,18.53685955606813,0.0,False,-3.2965299761173292,18.53685955606813,False,0.0,0.0,6.0,3.5999999999999996,False,False,0.41449016025068247,0.5786706945321808,False,-0.5139640323048446,0.01713387118264213,False,0,False,0.10659120332763325,False,Normal,31,68
2025-02-12 22:00:00,0,0.0,0.0,0.0,22,2,0,-0.5000000000000004,0.8660254037844384,0.9749279121818236,-0.22252093395631434,0.0,0.0,0.0,49.916666666666664,66.13090882068136,0.0,63835.895478000944,0.0,0.0,18.53685955606813,0.0,False,-2.6372239808938636,18.53685955606813,False,0.0,0.0,6.0,3.5999999999999996,False,False,0.4146829060260449,0.5786706945321808,False,-0.5287839754894537,0.01713387118264213,False,0,False,0.08800704505911035,False,Normal,31,68
2025-02-12 23:00:00,0,0.0,0.0,0.0,23,2,0,-0.25881904510252157,0.9659258262890681,0.9749279121818236,-0.22252093395631434,0.0,0.0,0.0,49.916666666666664,66.13090882068136,0.0,63835.895478000944,0.0,0.0,18.53685955606813,0.0,False,-2.109779184715091,18.53685955606813,False,0.0,0.0,6.0,3.5999999999999996,False,False,0.41674624805828087,0.5786706945321808,False,-0.5447426061227475,0.01713387118264213,False,0,False,0.08008728398736319,False,Normal,31,68
2025-02-13 00:00:00,0,0.0,0.0,0.0,0,3,0,0.0,1.0,0.43388373911755823,-0.900968867902419,0.0,0.0,0.0,49.916666666666664,66.13090882068136,0.0,63835.895478000944,0.0,0.0,18.53685955606813,0.0,False,-1.6878233477720728,18.53685955606813,False,0.0,0.0,6.0,3.5999999999999996,False,False,0.4189839342517879,0.5777589100238759,False,-0.5445971668716908,0.024744372002515874,False,0,False,0.08133106314494673,False,Normal,31,68
2025-02-13 01:00:00,0,0.0,0.0,0.0,1,3,0,0.25881904510252074,0.9659258262890683,0.43388373911755823,-0.900968867902419,0.0,0.0,0.0,49.916666666666664,66.13090882068136,0.0,63835.895478000944,0.0,0.0,18.53685955606813,0.0,False,-1.3502586782176582,18.53685955606813,False,0.0,0.0,6.0,3.5999999999999996,False,False,0.4201491264612751,0.5777589100238759,False,-0.5348289243178274,0.024744372002515874,False,0,False,0.0826725284185791,False,Normal,31,68
2025-02-13 02:00:00,0,0.0,0.0,0.0,2,3,0,0.49999999999999994,0.8660254037844387,0.43388373911755823,-0.900968867902419,0.0,0.0,0.0,49.916666666666664,66.13090882068136,0.0,63835.895478000944,0.0,0.0,18.53685955606813,0.0,False,-1.0802069425741265,18.53685955606813,False,0.0,0.0,6.0,3.5999999999999996,False,False,0.41776641972634193,0.5777589100238759,False,-0.5340655137742758,0.024744372002515874,False,0,False,0.0764142399633277,False,Normal,31,68
2025-02-13 03:00:00,0,0.0,0.0,0.0,3,3,0,0.7071067811865476,0.7071067811865476,0.43388373911755823,-0.900968867902419,0.0,0.0,0.0,49.916666666666664,66.13090882068136,0.0,63835.895478000944,0.0,0.0,18.53685955606813,0.0,False,-0.8641655540593013,18.53685955606813,False,0.0,0.0,6.0,3.5999999999999996,False,False,0.4165167724324518,0.5777589100238759,False,-0.5108556004513785,0.024744372002515874,False,0,False,0.09479712230774082,False,Normal,31,68
2025-02-13 04:00:00,0,0.0,0.0,0.0,4,3,0,0.8660254037844386,0.5000000000000001,0.43388373911755823,-0.900968867902419,0.0,0.0,0.0,49.916666666666664,66.13090882068136,0.0,63835.895478000944,0.0,0.0,18.53685955606813,0.0,False,-0.691332443247441,18.53685955606813,False,0.0,0.0,6.0,3.5999999999999996,False,False,0.41706572737332853,0.5777589100238759,False,-0.4957103033898007,0.024744372002515874,False,0,False,0.1113526791196009,False,Normal,31,68
2025-02-13 05:00:00,0,0.0,0.0,0.0,5,3,0,0.9659258262890683,0.25881904510252074,0.43388373911755823,-0.900968867902419,0.0,0.0,0.0,49.916666666666664,66.13090882068136,0.0,63835.895478000944,0.0,0.0,18.53685955606813,0.0,False,-0.5530659545979528,18.53685955606813,False,0.0,0.0,6.0,3.5999999999999996,False,False,0.4170760725009025,0.5777589100238759,False,-0.47985052690551533,0.024744372002515874,False,0,False,0.1256130421720852,False,Normal,31,68
2025-02-13 06:00:00,21,8333.0,10385.0,18718.0,6,3,0,1.0,6.123233995736766e-17,0.43388373911755823,-0.900968867902419,-0.10962124045087879,0.0,21.0,49.916666666666664,66.13090882068136,-1.0,63835.895478000944,19.0,2.0,18.53685955606813,0.10789314090397208,False,-0.04245276367836226,18.53685955606813,False,0.0,0.0,6.0,3.5999999999999996,False,False,0.4516407569201665,0.5777589100238759,False,-0.34327225700424946,0.024744372002515874,False,0,False,0.227324796641805,False,Normal,31,68
2025-02-13 07:00:00,27,14121.0,14911.0,29032.0,7,3,0,0.9659258262890683,-0.25881904510252063,0.43388373911755823,-0.900968867902419,-0.027210415733820135,21.0,6.0,50.166666666666664,66.00439159741512,3.0,63778.14420197429,31.0,-4.0,18.53559039184412,-0.215801057071268,False,-0.8339622109426899,18.53559039184412,False,0.0,0.0,6.0,3.5999999999999996,False,False,0.443302733374625,0.5777589100238759,False,-0.4226142176063923,0.024744372002515874,False,0,False,0.1998270722801761,False,Normal,31,68
2025-02-13 08:00:00,47,25081.0,30470.0,55551.0,8,3,0,0.8660254037844387,-0.4999999999999998,0.43388373911755823,-0.900968867902419,-0.09700820852534563,27.0,20.0,50.208333333333336,65.98878637720372,-12.0,63794.057336005,58.5,-11.5,18.53259461533911,-0.6205283306894139,False,-2.967169768754152,18.53259461533911,False,0.0,0.12052833068941393,6.0,3.5999999999999996,False,False,0.45114747470488786,0.5777589100238759,False,-0.47054019449229245,0.024744372002515874,False,0,False,0.20607650266416538,False,Normal,31,68
2025-02-13 09:00:00,88,33309.0,46831.0,80140.0,9,3,0,0.7071067811865476,-0.7071067811865475,0.43388373911755823,-0.900968867902419,-0.16872761757402577,47.0,41.0,49.666666666666664,65.95826524115976,11.0,63796.6838358901,95.0,-7.0,18.54006216551441,-0.37756076206801537,False,-3.773735815003322,18.54006216551441,False,0.0,0.0,6.0,3.5999999999999996,False,False,0.46640430510237146,0.5777589100238759,False,-0.4695171280218551,0.024744372002515874,False,0,False,0.22815923435611873,False,Normal,31,68
2025-02-13 10:00:00,121,48049.0,59349.0,107398.0,10,3,0,0.49999999999999994,-0.8660254037844387,0.43388373911755823,-0.900968867902419,-0.10521513235691207,88.0,33.0,49.916666666666664,66.09736998429344,-16.0,63900.20697930632,123.5,-2.5,18.53687240367717,-0.13486633265620762,False,-3.518988652002658,18.53687240367717,False,0.0,0.0,6.0,3.5999999999999996,False,False,0.45355951248777754,0.5777589100238759,False,-0.5090797000445852,0.024744372002515874,False,0,False,0.161458957786494,False,Normal,31,68
2025-02-13 11:00:00,74,43426.0,49974.0,93400.0,11,3,0,0.258819045102521,-0.9659258262890682,0.43388373911755823,-0.900968867902419,-0.07010631577820366,121.0,-47.0,50.5,66.68224455678161,-29.0,63322.97619204928,103.0,-29.0,18.537390130972366,-1.5644057655962396,False,-8.615190921602128,18.537390130972366,False,0.0,1.0644057655962396,6.0,3.5999999999999996,False,False,0.47361829340136474,0.5777589100238759,False,-0.5027517839654255,0.024744372002515874,False,0,False,0.2975845195397821,False,Normal,31,68
2025-02-13 12:00:00,85,28366.0,33327.0,61693.0,12,3,0,1.2246467991473532e-16,-1.0,0.43388373911755823,-0.900968867902419,-0.08041300612701398,74.0,11.0,50.583333333333336,66.71152476320624,15.0,63251.182595219834,72.0,13.0,18.582842411567583,0.6995700502689333,False,-4.292152737281702,18.582842411567583,False,0.19957005026893326,0.0,6.0,3.5999999999999996,False,False,0.4558351722864725,0.5777589100238759,False,-0.5137521108220966,0.024744372002515874,False,0,False,0.18380779260694577,False,Normal,31,68
2025-02-13 13:00:00,50,24566.0,28993.0,53559.0,13,3,0,-0.2588190451025208,-0.9659258262890683,0.43388373911755823,-0.900968867902419,-0.08265496639283047,85.0,-35.0,50.833333333333336,66.83377606561223,12.0,63240.66918284341,62.5,-12.5,18.585522768233474,-0.6725665000591268,False,-5.933722189825362,18.585522768233474,False,0.0,0.17256650005912677,6.0,3.5999999999999996,False,False,0.4592840498721833,0.5777589100238759,False,-0.48851669388034114,0.024744372002515874,False,0,False,0.22779939322583234,False,Normal,31,68
2025-02-13 14:00:00,72,29950.0,46261.0,76211.0,14,3,0,-0.4999999999999997,-0.8660254037844388,0.43388373911755823,-0.900968867902419,-0.21402141395055896,50.0,22.0,50.333333333333336,66.7914773700609,-3.0,63193.81212505492,81.0,-9.0,18.5940639856016,-0.48402543989141866,False,-6.54697775186029,18.5940639856016,False,0.0,0.15659193995054543,6.0,3.5999999999999996,False,False,0.46779296427980094,0.5777589100238759,False,-0.47829798717471195,0.024744372002515874,False,0,False,0.25033969387297467,False,Normal,31,68
2025-02-13 15:00:00,156,64528.0,64073.0,128601.0,15,3,0,-0.7071067811865471,-0.7071067811865479,0.43388373911755823,-0.900968867902419,0.0035380476197881838,72.0,84.0,49.958333333333336,66.63690005751587,45.0,63126.80513561917,146.0,10.0,18.57484008641405,0.5383626428802565,False,-3.237582201488232,18.57484008641405,False,0.03836264288025648,0.0,6.0,3.5999999999999996,False,False,0.4922997028251011,0.5777589100238759,False,-0.4029970123437425,0.024744372002515874,False,0,False,0.3285940664057232,False,Normal,31,68
2025-02-13 16:00:00,173,91118.0,115545.0,206663.0,16,3,0,-0.8660254037844385,-0.5000000000000004,0.43388373911755823,-0.900968867902419,-0.11819668640885689,156.0,17.0,50.25,67.10293844405089,-11.0,63216.33038362874,190.0,-17.0,18.55693798712783,-0.9160994131570729,False,-5.990065761190586,18.55693798712783,False,0.0,0.4160994131570729,6.0,3.5999999999999996,False,False,0.4889950375296213,0.5777589100238759,False,-0.4444966003294393,0.024744372002515874,False,0,False,0.3392319442919264,False,Normal,31,68
2025-02-13 17:00:00,231,116758.0,113324.0,230082.0,17,3,0,-0.9659258262890683,-0.25881904510252063,0.43388373911755823,-0.900968867902419,0.014925048786742176,173.0,58.0,49.083333333333336,64.56336063303924,-3.0,64524.751220651415,241.5,-10.5,18.572855061161512,-0.5653411909705254,False,-6.8920526089524685,18.572855061161512,False,0.0,0.48144060412759826,6.0,3.5999999999999996,False,False,0.5258412486386269,0.5777589100238759,False,-0.3917794459680901,0.024744372002515874,False,0,False,0.3915482081557955,False,Normal,31,68
2025-02-13 18:00:00,24,16795.0,21217.0,38012.0,18,3,0,-1.0,-1.8369701987210297e-16,0.43388373911755823,-0.900968867902419,-0.11632862441796228,231.0,-207.0,49.208333333333336,64.92670058824304,-14.0,65662.77627490803,37.0,-13.0,18.53653908115019,-0.7013175406200667,False,-8.113642087161976,18.53653908115019,False,0.0,0.6827581447476649,6.0,3.5999999999999996,False,False,0.535561610001216,0.5777589100238759,False,0.15643242493001464,0.024744372002515874,True,1,False,0.49074266262951305,False,Normal,31,68
2025-02-13 19:00:00,0,0.0,0.0,0.0,19,3,0,-0.9659258262890684,0.2588190451025203,0.43388373911755823,-0.900968867902419,0.0,24.0,-24.0,48.708333333333336,65.0788679831711,0.0,65656.66127071489,0.0,0.0,18.543583144671693,0.0,False,-6.490913669729581,18.543583144671693,False,0.0,0.18275814474766494,6.0,3.5999999999999996,False,False,0.43520788313560566,0.5777589100238759,False,-0.4345865393841397,0.024744372002515874,False,0,False,0.22741170232960536,False,Normal,31,68
2025-02-13 20:00:00,0,0.0,0.0,0.0,20,3,0,-0.8660254037844386,0.5000000000000001,0.43388373911755823,-0.900968867902419,0.0,0.0,0.0,48.708333333333336,65.0788679831711,0.0,65656.66127071489,0.0,0.0,18.543583144671693,0.0,False,-5.192730935783665,18.543583144671693,False,0.0,0.0,6.0,3.5999999999999996,False,False,0.41658270568282874,0.5777589100238759,False,-0.48143862714427343,0.024744372002515874,False,0,False,0.16044996111462062,False,Normal,31,68
2025-02-13 21:00:00,0,0.0,0.0,0.0,21,3,0,-0.7071067811865477,0.7071067811865474,0.43388373911755823,-0.900968867902419,0.0,0.0,0.0,48.708333333333336,65.0788679831711,0.0,65656.66127071489,0.0,0.0,18.543583144671693,0.0,False,-4.154184748626932,18.543583144671693,False,0.0,0.0,6.0,3.5999999999999996,False,False,0.41447045604153054,0.5777589100238759,False,-0.5102812415782326,0.024744372002515874,False,0,False,0.11836465053963655,False,Normal,31,68
2025-02-13 22:00:00,0,0.0,0.0,0.0,22,3,0,-0.5000000000000004,0.8660254037844384,0.43388373911755823,-0.900968867902419,0.0,0.0,0.0,48.708333333333336,65.0788679831711,0.0,65656.66127071489,0.0,0.0,18.543583144671693,0.0,False,-3.323347798901546,18.543583144671693,False,0.0,0.0,6.0,3.5999999999999996,False,False,0.41539317261853426,0.5777589100238759,False,-0.5270200858930124,0.024744372002515874,False,0,False,0.0971074507687879,False,Normal,31,68
2025-02-13 23:00:00,0,0.0,0.0,0.0,23,3,0,-0.25881904510252157,0.9659258262890681,0.43388373911755823,-0.900968867902419,0.0,0.0,0.0,48.708333333333336,65.0788679831711,0.0,65656.66127071489,0.0,0.0,18.543583144671693,0.0,False,-2.6586782391212367,18.543583144671693,False,0.0,0.0,6.0,3.5999999999999996,False,False,0.41856744625449516,0.5777589100238759,False,-0.5442646754751895,0.024744372002515874,False,0,False,0.08833670967870075,False,Normal,31,68
2025-02-14 00:00:00,0,0.0,0.0,0.0,0,4,0,0.0,1.0,-0.433883739117558,-0.9009688679024191,0.0,0.0,0.0,48.708333333333336,65.0788679831711,0.0,65656.66127071489,0.0,0.0,18.543583144671693,0.0,False,-2.1269425912969893,18.543583144671693,False,0.0,0.0,6.0,3.5999999999999996,False,False,0.4171603543967895,0.5777195471338997,False,-0.5066395990309677,0.0020168799122263713,False,0,False,0.11198491081412164,False,Normal,31,68
2025-02-14 01:00:00,0,0.0,0.0,0.0,1,4,0,0.25881904510252074,0.9659258262890683,-0.433883739117558,-0.9009688679024191,0.0,0.0,0.0,48.708333333333336,65.0788679831711,0.0,65656.66127071489,0.0,0.0,18.543583144671693,0.0,False,-1.7015540730375915,18.543583144671693,False,0.0,0.0,6.0,3.5999999999999996,False,False,0.4139797790181695,0.5777195471338997,False,-0.5037717411107115,0.0020168799122263713,False,0,False,0.1055242582393123,False,Normal,31,68
2025-02-14 02:00:00,0,0.0,0.0,0.0,2,4,0,0.49999999999999994,0.8660254037844387,-0.433883739117558,-0.9009688679024191,0.0,0.0,0.0,48.708333333333336,65.0788679831711,0.0,65656.66127071489,0.0,0.0,18.543583144671693,0.0,False,-1.3612432584300733,18.543583144671693,False,0.0,0.0,6.0,3.5999999999999996,False,False,0.4105049326361549,0.5777195471338997,False,-0.4985853899460648,0.0020168799122263713,False,0,False,0.1041291444191652,False,Normal,31,68
2025-02-14 03:00:00,0,0.0,0.0,0.0,3,4,0,0.7071067811865476,0.7071067811865476,-0.433883739117558,-0.9009688679024191,0.0,0.0,0.0,48.708333333333336,65.0788679831711,0.0,65656.66127071489,0.0,0.0,18.543583144671693,0.0,False,-1.0889946067440588,18.543583144671693,False,0.0,0.0,6.0,3.5999999999999996,False,False,0.4098889874875227,0.5777195471338997,False,-0.48853310420012996,0.0020168799122263713,False,0,False,0.11016661141548197,False,Normal,31,68
2025-02-14 04:00:00,0,0.0,0.0,0.0,4,4,0,0.8660254037844386,0.5000000000000001,-0.433883739117558,-0.9009688679024191,0.0,0.0,0.0,48.708333333333336,65.0788679831711,0.0,65656.66127071489,0.0,0.0,18.543583144671693,0.0,False,-0.871195685395247,18.543583144671693,False,0.0,0.0,6.0,3.5999999999999996,False,False,0.4111950526335081,0.5777195471338997,False,-0.46687043698512687,0.0020168799122263713,False,0,False,0.12874658501253539,False,Normal,31,68
2025-02-14 05:00:00,0,0.0,0.0,0.0,5,4,0,0.9659258262890683,0.25881904510252074,-0.433883739117558,-0.9009688679024191,0.0,0.0,0.0,48.708333333333336,65.0788679831711,0.0,65656.66127071489,0.0,0.0,18.543583144671693,0.0,False,-0.6969565483161977,18.543583144671693,False,0.0,0.0,6.0,3.5999999999999996,False,False,0.41207992080938216,0.5777195471338997,False,-0.4479978475355153,0.0020168799122263713,False,0,False,0.14367610696133917,False,Normal,31,68
2025-02-14 06:00:00,23,8926.0,9199.0,18125.0,6,4,0,1.0,6.123233995736766e-17,-0.433883739117558,-0.9009688679024191,-0.015061238000662032,0.0,23.0,48.708333333333336,65.0788679831711,5.0,65656.66127071489,19.0,4.0,18.543583144671693,0.21570804136358937,False,0.2424347613470419,18.543583144671693,False,0.0,0.0,6.0,3.5999999999999996,False,False,0.4465867926227155,0.5777195471338997,False,-0.4084352812243557,0.0020168799122263713,False,0,False,0.20425901323039797,False,Normal,31,68
2025-02-14 07:00:00,25,14881.0,20171.0,35052.0,7,4,0,0.9659258262890683,-0.25881904510252063,-0.433883739117558,-0.9009688679024191,-0.1509143297292671,23.0,2.0,48.791666666666664,65.04311557773019,-1.0,65668.71320299583,26.5,-1.5,18.544066942851686,-0.08088840514988627,False,-0.10605219092236651,18.544066942851686,False,0.0,0.0,6.0,3.5999999999999996,False,False,0.46378136601446196,0.5777195471338997,False,-0.38589186829602173,0.0020168799122263713,False,0,False,0.23068426924303312,False,Normal,31,68
2025-02-14 08:00:00,65,25209.0,33158.0,58367.0,8,4,0,0.8660254037844387,-0.4999999999999998,-0.433883739117558,-0.9009688679024191,-0.13618763706140352,25.0,40.0,48.708333333333336,65.07352307810834,11.0,65600.17749433337,56.0,9.0,18.543922323217917,0.48533421587576164,False,1.7151582472621067,18.543922323217917,False,0.0,0.0,6.0,3.5999999999999996,False,False,0.4649162727162504,0.5777195471338997,False,-0.4608802319465435,0.0020168799122263713,False,0,False,0.223965414591058,False,Normal,31,68
2025-02-14 09:00:00,106,31117.0,50922.0,82039.0,9,4,0,0.7071067811865476,-0.7071067811865475,-0.433883739117558,-0.9009688679024191,-0.24140663091175035,65.0,41.0,49.458333333333336,65.15665348031327,-1.0,65614.26099924048,90.5,15.5,18.529913946847977,0.8364852661734363,False,4.472126597809686,18.529913946847977,False,0.3364852661734363,0.0,6.0,3.5999999999999996,False,False,0.4905195968704272,0.5777195471338997,False,-0.38343217275088404,0.0020168799122263713,False,0,False,0.3542065135121923,False,Normal,31,68
2025-02-14 10:00:00,116,58472.0,65155.0,123627.0,10,4,0,0.49999999999999994,-0.8660254037844387,-0.433883739117558,-0.9009688679024191,-0.05405733329019316,106.0,10.0,50.208333333333336,65.72073934238827,-18.0,65653.98614734852,117.0,-1.0,18.540400238314046,-0.05393626821137784,False,3.3777012782477485,18.540400238314046,False,0.0,0.0,6.0,3.5999999999999996,False,False,0.4654456458635166,0.5777195471338997,False,-0.48077053457603647,0.0020168799122263713,False,0,False,0.20426541535747084,False,Normal,31,68
2025-02-14 11:00:00,111,57191.0,52837.0,110028.0,11,4,0,0.258819045102521,-0.9659258262890682,-0.433883739117558,-0.9009688679024191,0.039571385725581436,116.0,-5.0,50.0,65.49410859664832,-4.0,66355.52778878805,98.0,13.0,18.53792997342251,0.7012649210908586,False,5.302161022598199,18.53792997342251,False,0.20126492109085858,0.0,6.0,3.5999999999999996,False,False,0.47809335472608955,0.5777195471338997,False,-0.42755948334576854,0.0020168799122263713,False,0,False,0.31438196300538823,False,Normal,31,68
2025-02-14 12:00:00,66,37611.0,39721.0,77332.0,12,4,0,1.2246467991473532e-16,-1.0,-0.433883739117558,-0.9009688679024191,-0.027284600364656745,111.0,-45.0,51.541666666666664,66.51118190831205,-10.0,66910.40224665955,72.0,-6.0,18.54570681709319,-0.3235250108920047,False,3.0417288180785587,18.54570681709319,False,0.0,0.0,6.0,3.5999999999999996,False,False,0.4711906208869951,0.5777195471338997,False,-0.4343068553784195,0.0020168799122263713,False,0,False,0.25982425300190926,False,Normal,31,68
2025-02-14 13:00:00,65,31876.0,33391.0,65267.0,13,4,0,-0.2588190451025208,-0.9659258262890683,-0.433883739117558,-0.9009688679024191,-0.023211987497701782,66.0,-1.0,50.75,66.20800555824043,2.0,67095.7839608875,59.0,6.0,18.53767635901457,0.32366516082164193,False,3.6333830544628474,18.53767635901457,False,0.0,0.0,6.0,3.5999999999999996,False,False,0.44755925242840194,0.5777195471338997,False,-0.447765620792165,0.0020168799122263713,False,0,False,0.2169210361981161,False,Normal,31,68
2025-02-14 14:00:00,87,38610.0,48466.0,87076.0,14,4,0,-0.4999999999999997,-0.8660254037844388,-0.433883739117558,-0.9009688679024191,-0.11318717916326929,65.0,22.0,51.375,66.27138703188905,-12.0,67153.4063870483,80.5,6.5,18.538168210875742,0.35062795450235806,False,4.206706443570278,18.538168210875742,False,0.0,0.0,6.0,3.5999999999999996,False,False,0.45793988981203454,0.5777195471338997,False,-0.4953063057069669,0.0020168799122263713,False,0,False,0.19361906172963061,False,Normal,31,68
2025-02-14 15:00:00,137,66617.0,94948.0,161565.0,15,4,0,-0.7071067811865471,-0.7071067811865479,-0.433883739117558,-0.9009688679024191,-0.17535248752831661,87.0,50.0,52.0,66.54452579321213,-21.0,67359.61288970092,146.0,-9.0,18.537148824611734,-0.4855115576377484,False,1.5653651548562226,18.537148824611734,False,0.0,0.0,6.0,3.5999999999999996,False,False,0.4993979170530082,0.5777195471338997,False,-0.44310965341226294,0.0020168799122263713,False,0,False,0.3022820811047682,False,Normal,31,68
2025-02-14 16:00:00,214,98406.0,109649.0,208055.0,16,4,0,-0.8660254037844385,-0.5000000000000004,-0.433883739117558,-0.9009688679024191,-0.05403833583266044,137.0,77.0,51.208333333333336,65.35586808201403,18.0,69287.08169071331,184.0,30.0,18.409741115978107,1.6295720733390717,False,7.2522921238849785,18.409741115978107,False,1.1295720733390717,0.0,6.0,3.5999999999999996,False,False,0.5164518036887078,0.5777195471338997,False,-0.43740917401825086,0.0020168799122263713,False,0,False,0.40509980758156877,False,Normal,31,68
2025-02-14 17:00:00,276,109887.0,151033.0,260920.0,17,4,0,-0.9659258262890683,-0.25881904510252063,-0.433883739117558,-0.9009688679024191,-0.15769524108829877,214.0,62.0,52.916666666666664,69.10604117974222,18.0,69420.98552278489,236.0,40.0,18.455552497610235,2.1673694139029163,False,13.801833699107984,18.455552497610235,False,2.796941487241988,0.0,6.0,3.5999999999999996,False,False,0.5703225913771687,0.5777195471338997,False,-0.38331557278630335,0.0020168799122263713,False,0,False,0.5301148018323077,False,Normal,31,68
2025-02-14 18:00:00,30,20301.0,18754.0,39055.0,18,4,0,-1.0,-1.8369701987210297e-16,-0.433883739117558,-0.9009688679024191,0.03960979106923392,276.0,-246.0,54.791666666666664,74.54440122251425,-8.0,73015.24680234179,36.0,-6.0,18.537725193689433,-0.3236643081774945,False,9.84146695928639,18.537725193689433,False,1.9732771790644934,0.0,6.0,3.5999999999999996,False,False,0.5743475172885462,0.5777195471338997,False,0.3764587500648786,0.0020168799122263713,True,1,False,0.5176692911545466,False,Normal,31,68
2025-02-14 19:00:00,0,0.0,0.0,0.0,19,4,0,-0.9659258262890684,0.2588190451025203,-0.433883739117558,-0.9009688679024191,0.0,30.0,-30.0,55.041666666666664,74.44664220924864,0.0,73004.86424036157,0.0,0.0,18.538414717055165,0.0,False,7.873173567429112,18.538414717055165,False,1.4732771790644934,0.0,6.0,3.5999999999999996,False,False,0.4497749901569066,0.5777195471338997,False,-0.3727446772273917,0.0020168799122263713,False,0,False,0.2761340376538773,False,Normal,31,68
2025-02-14 20:00:00,0,0.0,0.0,0.0,20,4,0,-0.8660254037844386,0.5000000000000001,-0.433883739117558,-0.9009688679024191,0.0,0.0,0.0,55.041666666666664,74.44664220924864,0.0,73004.86424036157,0.0,0.0,18.538414717055165,0.0,False,6.29853885394329,18.538414717055165,False,0.9732771790644934,0.0,6.0,3.5999999999999996,False,False,0.42080538808996293,0.5777195471338997,False,-0.44195859872586496,0.0020168799122263713,False,0,False,0.20887539491710932,False,Normal,31,68
2025-02-14 21:00:00,0,0.0,0.0,0.0,21,4,0,-0.7071067811865477,0.7071067811865474,-0.433883739117558,-0.9009688679024191,0.0,0.0,0.0,55.041666666666664,74.44664220924864,0.0,73004.86424036157,0.0,0.0,18.538414717055165,0.0,False,5.038831083154633,18.538414717055165,False,0.4732771790644934,0.0,6.0,3.5999999999999996,False,False,0.4205185856924278,0.5777195471338997,False,-0.4756937953949498,0.0020168799122263713,False,0,False,0.17124825600859384,False,Normal,31,68
2025-02-14 22:00:00,0,0.0,0.0,0.0,22,4,0,-0.5000000000000004,0.8660254037844384,-0.433883739117558,-0.9009688679024191,0.0,0.0,0.0,55.041666666666664,74.44664220924864,0.0,73004.86424036157,0.0,0.0,18.538414717055165,0.0,False,4.031064866523706,18.538414717055165,False,0.0,0.0,6.0,3.5999999999999996,False,False,0.4198363188123867,0.5777195471338997,False,-0.4969528585951577,0.0020168799122263713,False,0,False,0.14340778083683764,False,Normal,31,68
2025-02-14 23:00:00,0,0.0,0.0,0.0,23,4,0,-0.25881904510252157,0.9659258262890681,-0.433883739117558,-0.9009688679024191,0.0,0.0,0.0,55.041666666666664,74.44664220924864,0.0,73004.86424036157,0.0,0.0,18.538414717055165,0.0,False,3.2248518932189647,18.538414717055165,False,0.0,0.0,6.0,3.5999999999999996,False,False,0.42250137052216996,0.5777195471338997,False,-0.5026394150708541,0.0020168799122263713,False,0,False,0.13517566287171728,False,Normal,31,68
2025-02-15 00:00:00,0,0.0,0.0,0.0,0,5,1,0.0,1.0,-0.9749279121818236,-0.2225209339563146,0.0,0.0,0.0,55.041666666666664,74.44664220924864,0.0,73004.86424036157,0.0,0.0,18.538414717055165,0.0,False,2.579881514575172,18.538414717055165,False,0.0,0.0,6.0,3.5999999999999996,False,False,0.4891849769702533,0.579530744893087,False,-0.36918083138744073,0.0009389177259951902,False,0,False,0.3141564479003701,False,Normal,31,68
2025-02-15 01:00:00,0,0.0,0.0,0.0,1,5,1,0.25881904510252074,0.9659258262890683,-0.9749279121818236,-0.2225209339563146,0.0,0.0,0.0,55.041666666666664,74.44664220924864,0.0,73004.86424036157,0.0,0.0,18.538414717055165,0.0,False,2.063905211660138,18.538414717055165,False,0.0,0.0,6.0,3.5999999999999996,False,False,0.480439068345457,0.579530744893087,False,-0.39313704636877245,0.0009389177259951902,False,0,False,0.2846069935262886,False,Normal,31,68
2025-02-15 02:00:00,0,0.0,0.0,0.0,2,5,1,0.49999999999999994,0.8660254037844387,-0.9749279121818236,-0.2225209339563146,0.0,0.0,0.0,55.041666666666664,74.44664220924864,0.0,73004.86424036157,0.0,0.0,18.538414717055165,0.0,False,1.6511241693281105,18.538414717055165,False,0.0,0.0,6.0,3.5999999999999996,False,False,0.4745752287952855,0.579530744893087,False,-0.43536440157904654,0.0009389177259951902,False,0,False,0.24671649369743537,False,Normal,31,68
2025-02-15 03:00:00,0,0.0,0.0,0.0,3,5,1,0.7071067811865476,0.7071067811865476,-0.9749279121818236,-0.2225209339563146,0.0,0.0,0.0,55.041666666666664,74.44664220924864,0.0,73004.86424036157,0.0,0.0,18.538414717055165,0.0,False,1.3208993354624885,18.538414717055165,False,0.0,0.0,6.0,3.5999999999999996,False,False,0.471896266055228,0.579530744893087,False,-0.4853762995462012,0.0009389177259951902,False,0,False,0.19743873802910936,False,Normal,31,68
2025-02-15 04:00:00,0,0.0,0.0,0.0,4,5,1,0.8660254037844386,0.5000000000000001,-0.9749279121818236,-0.2225209339563146,0.0,0.0,0.0,55.041666666666664,74.44664220924864,0.0,73004.86424036157,0.0,0.0,18.538414717055165,0.0,False,1.0567194683699908,18.538414717055165,False,0.0,0.0,6.0,3.5999999999999996,False,False,0.46764749124536176,0.579530744893087,False,-0.5145617147836077,0.0009389177259951902,False,0,False,0.15241728255811893,False,Normal,31,68
2025-02-15 05:00:00,0,0.0,0.0,0.0,5,5,1,0.9659258262890683,0.25881904510252074,-0.9749279121818236,-0.2225209339563146,0.0,0.0,0.0,55.041666666666664,74.44664220924864,0.0,73004.86424036157,0.0,0.0,18.538414717055165,0.0,False,0.8453755746959927,18.538414717055165,False,0.0,0.0,6.0,3.5999999999999996,False,False,0.46866674244326817,0.579530744893087,False,-0.5179868941966466,0.0009389177259951902,False,0,False,0.1499815788554839,False,Normal,31,68
2025-02-15 06:00:00,0,0.0,0.0,0.0,6,5,1,1.0,6.123233995736766e-17,-0.9749279121818236,-0.2225209339563146,0.0,0.0,0.0,55.041666666666664,74.44664220924864,0.0,73004.86424036157,0.0,0.0,18.538414717055165,0.0,False,0.6763004597567942,18.538414717055165,False,0.0,0.0,6.0,3.5999999999999996,False,False,0.47061504922875946,0.579530744893087,False,-0.5214188897461705,0.0009389177259951902,False,0,False,0.15116503836528603,False,Normal,31,68
2025-02-15 07:00:00,0,0.0,0.0,0.0,7,5,1,0.9659258262890683,-0.25881904510252063,-0.9749279121818236,-0.2225209339563146,0.0,0.0,0.0,54.083333333333336,75.02284676171573,0.0,73497.91794713239,0.0,0.0,18.538414717055165,0.0,False,0.5410403678054354,18.538414717055165,False,0.0,0.0,6.0,3.5999999999999996,False,False,0.46732304915474376,0.579530744893087,False,-0.521380894983479,0.0009389177259951902,False,0,False,0.1404498209544011,False,Normal,31,68
2025-02-15 08:00:00,0,0.0,0.0,0.0,8,5,1,0.8660254037844387,-0.4999999999999998,-0.9749279121818236,-0.2225209339563146,0.0,0.0,0.0,53.041666666666664,75.61543387814227,0.0,74245.96644642323,0.0,0.0,18.538414717055165,0.0,False,0.4328322942443483,18.538414717055165,False,0.0,0.0,6.0,3.5999999999999996,False,False,0.46737184778973967,0.579530744893087,False,-0.5173899448961413,0.0009389177259951902,False,0,False,0.14381116762494411,False,Normal,31,68
2025-02-15 09:00:00,0,0.0,0.0,0.0,9,5,1,0.7071067811865476,-0.7071067811865475,-0.9749279121818236,-0.2225209339563146,0.0,0.0,0.0,50.333333333333336,76.32918791351202,0.0,75016.34150781676,0.0,0.0,18.538414717055165,0.0,False,0.34626583539547867,18.538414717055165,False,0.0,0.0,6.0,3.5999999999999996,False,False,0.470062627545323,0.579530744893087,False,-0.5118615953671192,0.0009389177259951902,False,0,False,0.15692159327598523,False,Normal,31,68
2025-02-15 10:00:00,0,0.0,0.0,0.0,10,5,1,0.49999999999999994,-0.8660254037844387,-0.9749279121818236,-0.2225209339563146,0.0,0.0,0.0,45.916666666666664,76.03426954293396,0.0,75390.79525926406,0.0,0.0,18.538414717055165,0.0,False,0.27701266831638294,18.538414717055165,False,0.0,0.0,6.0,3.5999999999999996,False,False,0.47464021270248974,0.579530744893087,False,-0.5081365144916384,0.0009389177259951902,False,0,False,0.17440899746723015,False,Normal,31,68
2025-02-15 11:00:00,0,0.0,0.0,0.0,11,5,1,0.258819045102521,-0.9659258262890682,-0.9749279121818236,-0.2225209339563146,0.0,0.0,0.0,41.083333333333336,75.06629919852394,0.0,74155.52972662411,0.0,0.0,18.538414717055165,0.0,False,0.22161013465310636,18.538414717055165,False,0.0,0.0,6.0,3.5999999999999996,False,False,0.47898121055711834,0.579530744893087,False,-0.5033453079162519,0.0009389177259951902,False,0,False,0.19245322793633093,False,Normal,31,68
2025-02-15 12:00:00,0,0.0,0.0,0.0,12,5,1,1.2246467991473532e-16,-1.0,-0.9749279121818236,-0.2225209339563146,0.0,0.0,0.0,36.458333333333336,73.98294701669676,0.0,73164.98591178034,0.0,0.0,18.538414717055165,0.0,False,0.1772881077224851,18.538414717055165,False,0.0,0.0,6.0,3.5999999999999996,False,False,0.48132488277341867,0.579530744893087,False,-0.5030737224077569,0.0009389177259951902,False,0,False,0.19855527897827824,False,Normal,31,68
2025-02-15 13:00:00,0,0.0,0.0,0.0,13,5,1,-0.2588190451025208,-0.9659258262890683,-0.9749279121818236,-0.2225209339563146,0.0,0.0,0.0,33.708333333333336,74.06370886618149,0.0,73035.85467897536,0.0,0.0,18.538414717055165,0.0,False,0.14183048617798807,18.538414717055165,False,0.0,0.0,6.0,3.5999999999999996,False,False,0.4810512381139262,0.579530744893087,False,-0.49853309304265525,0.0009389177259951902,False,0,False,0.2027393542687649,False,Normal,31,68
2025-02-15 14:00:00,0,0.0,0.0,0.0,14,5,1,-0.4999999999999997,-0.8660254037844388,-0.9749279121818236,-0.2225209339563146,0.0,0.0,0.0,31.0,74.05814401976444,0.0,73045.73007517676,0.0,0.0,18.538414717055165,0.0,False,0.11346438894239047,18.538414717055165,False,0.0,0.0,6.0,3.5999999999999996,False,False,0.48607137609458917,0.579530744893087,False,-0.4831729443253625,0.0009389177259951902,False,0,False,0.2245369890329894,False,Normal,31,68
2025-02-15 15:00:00,0,0.0,0.0,0.0,15,5,1,-0.7071067811865471,-0.7071067811865479,-0.9749279121818236,-0.2225209339563146,0.0,0.0,0.0,27.375,73.32347183364361,0.0,72325.6856995579,0.0,0.0,18.538414717055165,0.0,False,0.09077151115391238,18.538414717055165,False,0.0,0.0,6.0,3.5999999999999996,False,False,0.48816789287008716,0.579530744893087,False,-0.44999898877136424,0.0009389177259951902,False,0,False,0.2561417635110358,False,Normal,31,68
2025-02-15 16:00:00,0,0.0,0.0,0.0,16,5,1,-0.8660254037844385,-0.5000000000000004,-0.9749279121818236,-0.2225209339563146,0.0,0.0,0.0,21.666666666666668,69.65921186104138,0.0,66639.02947836832,0.0,0.0,18.538414717055165,0.0,False,0.07261720892312991,18.538414717055165,False,0.0,0.0,6.0,3.5999999999999996,False,False,0.5000485697739722,0.579530744893087,False,-0.4006587891399316,0.0009389177259951902,False,0,False,0.29412689395489605,False,Normal,31,68
2025-02-15 17:00:00,0,0.0,0.0,0.0,17,5,1,-0.9659258262890683,-0.25881904510252063,-0.9749279121818236,-0.2225209339563146,0.0,0.0,0.0,12.75,56.404787030889494,0.0,53509.5133349764,0.0,0.0,18.538414717055165,0.0,False,0.05809376713850393,18.538414717055165,False,0.0,0.0,6.0,3.5999999999999996,False,False,0.5343568516861235,0.579530744893087,False,-0.1795366221367578,0.0009389177259951902,False,0,False,0.35763297583807413,False,Normal,31,68
2025-02-15 18:00:00,0,0.0,0.0,0.0,18,5,1,-1.0,-1.8369701987210297e-16,-0.9749279121818236,-0.2225209339563146,0.0,0.0,0.0,1.25,6.123724356957999,0.0,7972.06849203331,0.0,0.0,18.538414717055165,0.0,False,0.04647501371080315,18.538414717055165,False,0.0,0.0,6.0,3.5999999999999996,False,False,0.5512139907123547,0.579530744893087,False,-0.49280374436382823,0.0009389177259951902,False,0,False,0.268774919996302,False,Normal,31,68
2025-02-15 19:00:00,0,0.0,0.0,0.0,19,5,1,-0.9659258262890684,0.2588190451025203,-0.9749279121818236,-0.2225209339563146,0.0,0.0,0.0,0.0,0.0,0.0,0.0,0.0,0.0,18.538414717055165,0.0,False,0.03718001096864252,18.538414717055165,False,0.0,0.0,6.0,3.5999999999999996,False,False,0.5040077505121574,0.579530744893087,False,-0.5022737911403575,0.0009389177259951902,False,0,False,0.2300761157723225,False,Normal,31,68
2025-02-15 20:00:00,0,0.0,0.0,0.0,20,5,1,-0.8660254037844386,0.5000000000000001,-0.9749279121818236,-0.2225209339563146,0.0,0.0,0.0,0.0,0.0,0.0,0.0,0.0,0.0,18.538414717055165,0.0,False,0.029744008774914017,18.538414717055165,False,0.0,0.0,6.0,3.5999999999999996,False,False,0.5015205265874119,0.579530744893087,False,-0.5109738435420466,0.0009389177259951902,False,0,False,0.21569010610100406,False,Normal,31,68
2025-02-15 21:00:00,0,0.0,0.0,0.0,21,5,1,-0.7071067811865477,0.7071067811865474,-0.9749279121818236,-0.2225209339563146,0.0,0.0,0.0,0.0,0.0,0.0,0.0,0.0,0.0,18.538414717055165,0.0,False,0.023795207019931215,18.538414717055165,False,0.0,0.0,6.0,3.5999999999999996,False,False,0.5011603153046649,0.579530744893087,False,-0.5108092421119285,0.0009389177259951902,False,0,False,0.21573560548005416,False,Normal,31,68
2025-02-15 22:00:00,0,0.0,0.0,0.0,22,5,1,-0.5000000000000004,0.8660254037844384,-0.9749279121818236,-0.2225209339563146,0.0,0.0,0.0,0.0,0.0,0.0,0.0,0.0,0.0,18.538414717055165,0.0,False,0.019036165615944973,18.538414717055165,False,0.0,0.0,6.0,3.5999999999999996,False,False,0.5094640811858681,0.579530744893087,False,-0.5012293697958811,0.0009389177259951902,False,0,False,0.23587500123797595,False,Normal,31,68
2025-02-15 23:00:00,0,0.0,0.0,0.0,23,5,1,-0.25881904510252157,0.9659258262890681,-0.9749279121818236,-0.2225209339563146,0.0,0.0,0.0,0.0,0.0,0.0,0.0,0.0,0.0,18.538414717055165,0.0,False,0.015228932492755979,18.538414717055165,False,0.0,0.0,6.0,3.5999999999999996,False,False,0.5240168924670547,0.579530744893087,False,-0.49468910133577104,0.0009389177259951902,False,0,False,0.25115318451098,False,Normal,31,68
2025-02-16 00:00:00,0,0.0,0.0,0.0,0,6,1,0.0,1.0,-0.7818314824680299,0.6234898018587334,0.0,0.0,0.0,0.0,0.0,0.0,0.0,0.0,0.0,18.538414717055165,0.0,False,0.012183145994204784,18.538414717055165,False,0.0,0.0,6.0,3.5999999999999996,False,False,0.4775541873196903,0.580116150144808,False,-0.5066227462537158,0.0010165896038473949,False,0,False,0.18308078730915853,False,Normal,31,68
2025-02-16 01:00:00,0,0.0,0.0,0.0,1,6,1,0.25881904510252074,0.9659258262890683,-0.7818314824680299,0.6234898018587334,0.0,0.0,0.0,0.0,0.0,0.0,0.0,0.0,0.0,18.538414717055165,0.0,False,0.009746516795363827,18.538414717055165,False,0.0,0.0,6.0,3.5999999999999996,False,False,0.47552799507943777,0.580116150144808,False,-0.49292036659826244,0.0010165896038473949,False,0,False,0.1924945923941433,False,Normal,31,68
2025-02-16 02:00:00,0,0.0,0.0,0.0,2,6,1,0.49999999999999994,0.8660254037844387,-0.7818314824680299,0.6234898018587334,0.0,0.0,0.0,0.0,0.0,0.0,0.0,0.0,0.0,18.538414717055165,0.0,False,0.007797213436291062,18.538414717055165,False,0.0,0.0,6.0,3.5999999999999996,False,False,0.4698206789700197,0.580116150144808,False,-0.48236285476103236,0.0010165896038473949,False,0,False,0.1838879960126929,False,Normal,31,68
2025-02-16 03:00:00,0,0.0,0.0,0.0,3,6,1,0.7071067811865476,0.7071067811865476,-0.7818314824680299,0.6234898018587334,0.0,0.0,0.0,0.0,0.0,0.0,0.0,0.0,0.0,18.538414717055165,0.0,False,0.00623777074903285,18.538414717055165,False,0.0,0.0,6.0,3.5999999999999996,False,False,0.46898598818296067,0.580116150144808,False,-0.46607664143351424,0.0010165896038473949,False,0,False,0.19658605224086595,False,Normal,31,68
2025-02-16 04:00:00,0,0.0,0.0,0.0,4,6,1,0.8660254037844386,0.5000000000000001,-0.7818314824680299,0.6234898018587334,0.0,0.0,0.0,0.0,0.0,0.0,0.0,0.0,0.0,18.538414717055165,0.0,False,0.00499021659922628,18.538414717055165,False,0.0,0.0,6.0,3.5999999999999996,False,False,0.46807678403565756,0.580116150144808,False,-0.470680668681722,0.0010165896038473949,False,0,False,0.18765741857171897,False,Normal,31,68
2025-02-16 05:00:00,0,0.0,0.0,0.0,5,6,1,0.9659258262890683,0.25881904510252074,-0.7818314824680299,0.6234898018587334,0.0,0.0,0.0,0.0,0.0,0.0,0.0,0.0,0.0,18.538414717055165,0.0,False,0.003992173279381024,18.538414717055165,False,0.0,0.0,6.0,3.5999999999999996,False,False,0.4727629009027059,0.580116150144808,False,-0.47340574049037776,0.0010165896038473949,False,0,False,0.19827668392104558,False,Normal,31,68
2025-02-16 06:00:00,0,0.0,0.0,0.0,6,6,1,1.0,6.123233995736766e-17,-0.7818314824680299,0.6234898018587334,0.0,0.0,0.0,0.0,0.0,0.0,0.0,0.0,0.0,18.538414717055165,0.0,False,0.0031937386235048196,18.538414717055165,False,0.0,0.0,6.0,3.5999999999999996,False,False,0.4732412466888784,0.580116150144808,False,-0.46623266082703174,0.0010165896038473949,False,0,False,0.20833576661249192,False,Normal,31,68
2025-02-16 07:00:00,0,0.0,0.0,0.0,7,6,1,0.9659258262890683,-0.25881904510252063,-0.7818314824680299,0.6234898018587334,0.0,0.0,0.0,0.0,0.0,0.0,0.0,0.0,0.0,18.538414717055165,0.0,False,0.002554990898803856,18.538414717055165,False,0.0,0.0,6.0,3.5999999999999996,False,False,0.47357783723822616,0.580116150144808,False,-0.4680026323562876,0.0010165896038473949,False,0,False,0.20545138482557407,False,Normal,31,68
2025-02-16 08:00:00,0,0.0,0.0,0.0,8,6,1,0.8660254037844387,-0.4999999999999998,-0.7818314824680299,0.6234898018587334,0.0,0.0,0.0,0.0,0.0,0.0,0.0,0.0,0.0,18.538414717055165,0.0,False,0.0020439927190430847,18.538414717055165,False,0.0,0.0,6.0,3.5999999999999996,False,False,0.474661437885626,0.580116150144808,False,-0.4645019012047926,0.0010165896038473949,False,0,False,0.2162384486844293,False,Normal,31,68
2025-02-16 09:00:00,0,0.0,0.0,0.0,9,6,1,0.7071067811865476,-0.7071067811865475,-0.7818314824680299,0.6234898018587334,0.0,0.0,0.0,0.0,0.0,0.0,0.0,0.0,0.0,18.538414717055165,0.0,False,0.001635194175234468,18.538414717055165,False,0.0,0.0,6.0,3.5999999999999996,False,False,0.4733243241765146,0.580116150144808,False,-0.46231034869960697,0.0010165896038473949,False,0,False,0.2133325192471689,False,Normal,31,68
2025-02-16 10:00:00,0,0.0,0.0,0.0,10,6,1,0.49999999999999994,-0.8660254037844387,-0.7818314824680299,0.6234898018587334,0.0,0.0,0.0,0.0,0.0,0.0,0.0,0.0,0.0,18.538414717055165,0.0,False,0.0013081553401875744,18.538414717055165,False,0.0,0.0,6.0,3.5999999999999996,False,False,0.4760825454225231,0.580116150144808,False,-0.46687641863318086,0.0010165896038473949,False,0,False,0.2163495359969861,False,Normal,31,68
2025-02-16 11:00:00,0,0.0,0.0,0.0,11,6,1,0.258819045102521,-0.9659258262890682,-0.7818314824680299,0.6234898018587334,0.0,0.0,0.0,0.0,0.0,0.0,0.0,0.0,0.0,18.538414717055165,0.0,False,0.0010465242721500595,18.538414717055165,False,0.0,0.0,6.0,3.5999999999999996,False,False,0.48167706964589035,0.580116150144808,False,-0.47596417637553823,0.0010165896038473949,False,0,False,0.22278468497736412,False,Normal,31,68
2025-02-16 12:00:00,0,0.0,0.0,0.0,12,6,1,1.2246467991473532e-16,-1.0,-0.7818314824680299,0.6234898018587334,0.0,0.0,0.0,0.0,0.0,0.0,0.0,0.0,0.0,18.538414717055165,0.0,False,0.0008372194177200476,18.538414717055165,False,0.0,0.0,6.0,3.5999999999999996,False,False,0.48748577723644954,0.580116150144808,False,-0.4672130936725236,0.0010165896038473949,False,0,False,0.23937943337514972,False,Normal,31,68
2025-02-16 13:00:00,0,0.0,0.0,0.0,13,6,1,-0.2588190451025208,-0.9659258262890683,-0.7818314824680299,0.6234898018587334,0.0,0.0,0.0,0.0,0.0,0.0,0.0,0.0,0.0,18.538414717055165,0.0,False,0.0006697755341760381,18.538414717055165,False,0.0,0.0,6.0,3.5999999999999996,False,False,0.47853082288167403,0.580116150144808,False,-0.45665587458245827,0.0010165896038473949,False,0,False,0.23394736692483886,False,Normal,31,68
2025-02-16 14:00:00,0,0.0,0.0,0.0,14,6,1,-0.4999999999999997,-0.8660254037844388,-0.7818314824680299,0.6234898018587334,0.0,0.0,0.0,0.0,0.0,0.0,0.0,0.0,0.0,18.538414717055165,0.0,False,0.0005358204273408305,18.538414717055165,False,0.0,0.0,6.0,3.5999999999999996,False,False,0.4741566936698958,0.580116150144808,False,-0.46672752870045375,0.0010165896038473949,False,0,False,0.2105146351129048,False,Normal,31,68
2025-02-16 15:00:00,0,0.0,0.0,0.0,15,6,1,-0.7071067811865471,-0.7071067811865479,-0.7818314824680299,0.6234898018587334,0.0,0.0,0.0,0.0,0.0,0.0,0.0,0.0,0.0,18.538414717055165,0.0,False,0.0004286563418726644,18.538414717055165,False,0.0,0.0,6.0,3.5999999999999996,False,False,0.4735718143725442,0.580116150144808,False,-0.4815201523697945,0.0010165896038473949,False,0,False,0.19501751333376957,False,Normal,31,68
2025-02-16 16:00:00,0,0.0,0.0,0.0,16,6,1,-0.8660254037844385,-0.5000000000000004,-0.7818314824680299,0.6234898018587334,0.0,0.0,0.0,0.0,0.0,0.0,0.0,0.0,0.0,18.538414717055165,0.0,False,0.00034292507349813157,18.538414717055165,False,0.0,0.0,6.0,3.5999999999999996,False,False,0.47105899743469576,0.580116150144808,False,-0.49330410684130643,0.0010165896038473949,False,0,False,0.17776494699660364,False,Normal,31,68
2025-02-16 17:00:00,0,0.0,0.0,0.0,17,6,1,-0.9659258262890683,-0.25881904510252063,-0.7818314824680299,0.6234898018587334,0.0,0.0,0.0,0.0,0.0,0.0,0.0,0.0,0.0,18.538414717055165,0.0,False,0.00027434005879850527,18.538414717055165,False,0.0,0.0,6.0,3.5999999999999996,False,False,0.4734807846040766,0.580116150144808,False,-0.5044994255550204,0.0010165896038473949,False,0,False,0.17259117108042898,False,Normal,31,68
2025-02-16 18:00:00,0,0.0,0.0,0.0,18,6,1,-1.0,-1.8369701987210297e-16,-0.7818314824680299,0.6234898018587334,0.0,0.0,0.0,0.0,0.0,0.0,0.0,0.0,0.0,18.538414717055165,0.0,False,0.00021947204703880424,18.538414717055165,False,0.0,0.0,6.0,3.5999999999999996,False,False,0.4758943243426841,0.580116150144808,False,-0.5189316082634613,0.0010165896038473949,False,0,False,0.16437443499168403,False,Normal,31,68
2025-02-16 19:00:00,0,0.0,0.0,0.0,19,6,1,-0.9659258262890684,0.2588190451025203,-0.7818314824680299,0.6234898018587334,0.0,0.0,0.0,0.0,0.0,0.0,0.0,0.0,0.0,18.538414717055165,0.0,False,0.0001755776376310434,18.538414717055165,False,0.0,0.0,6.0,3.5999999999999996,False,False,0.4731106534229386,0.580116150144808,False,-0.5322259728218153,0.0010165896038473949,False,0,False,0.14227670155139963,False,Normal,31,68
2025-02-16 20:00:00,0,0.0,0.0,0.0,20,6,1,-0.8660254037844386,0.5000000000000001,-0.7818314824680299,0.6234898018587334,0.0,0.0,0.0,0.0,0.0,0.0,0.0,0.0,0.0,18.538414717055165,0.0,False,0.00014046211010483473,18.538414717055165,False,0.0,0.0,6.0,3.5999999999999996,False,False,0.46949765893099105,0.580116150144808,False,-0.5302723324533137,0.0010165896038473949,False,0,False,0.13450488184037063,False,Normal,31,68
2025-02-16 21:00:00,0,0.0,0.0,0.0,21,6,1,-0.7071067811865477,0.7071067811865474,-0.7818314824680299,0.6234898018587334,0.0,0.0,0.0,0.0,0.0,0.0,0.0,0.0,0.0,18.538414717055165,0.0,False,0.00011236968808386779,18.538414717055165,False,0.0,0.0,6.0,3.5999999999999996,False,False,0.46683193257753,0.580116150144808,False,-0.529753866219734,0.0010165896038473949,False,0,False,0.12872281932997442,False,Normal,31,68
2025-02-16 22:00:00,0,0.0,0.0,0.0,22,6,1,-0.5000000000000004,0.8660254037844384,-0.7818314824680299,0.6234898018587334,0.0,0.0,0.0,0.0,0.0,0.0,0.0,0.0,0.0,18.538414717055165,0.0,False,8.989575046709424e-05,18.538414717055165,False,0.0,0.0,6.0,3.5999999999999996,False,False,0.46795196179559323,0.580116150144808,False,-0.5325557129616652,0.0010165896038473949,False,0,False,0.12776289965873608,False,Normal,31,68
2025-02-16 23:00:00,0,0.0,0.0,0.0,23,6,1,-0.25881904510252157,0.9659258262890681,-0.7818314824680299,0.6234898018587334,0.0,0.0,0.0,0.0,0.0,0.0,0.0,0.0,0.0,18.538414717055165,0.0,False,7.19166003736754e-05,18.538414717055165,False,0.0,0.0,6.0,3.5999999999999996,False,False,0.4726587946729201,0.580116150144808,False,-0.5216836920477042,0.0010165896038473949,False,0,False,0.15021125605657687,False,Normal,31,68
2025-02-17 00:00:00,0,0.0,0.0,0.0,0,0,0,0.0,1.0,0.0,1.0,0.0,0.0,0.0,0.0,0.0,0.0,0.0,0.0,0.0,18.538414717055165,0.0,False,5.753328029894032e-05,18.538414717055165,False,0.0,0.0,6.0,3.5999999999999996,False,False,0.49465865029622497,0.5823048704010444,False,-0.26987389770827463,0.0010165896038473949,False,0,False,0.321887169639269,False,Normal,31,68
2025-02-17 01:00:00,0,0.0,0.0,0.0,1,0,0,0.25881904510252074,0.9659258262890683,0.0,1.0,0.0,0.0,0.0,0.0,0.0,0.0,0.0,0.0,0.0,18.538414717055165,0.0,False,4.602662423915226e-05,18.538414717055165,False,0.0,0.0,6.0,3.5999999999999996,False,False,0.4883098746787167,0.5823048704010444,False,-0.2913990491174907,0.0010165896038473949,False,0,False,0.30882527878257626,False,Normal,31,68
2025-02-17 02:00:00,0,0.0,0.0,0.0,2,0,0,0.49999999999999994,0.8660254037844387,0.0,1.0,0.0,0.0,0.0,0.0,0.0,0.0,0.0,0.0,0.0,18.538414717055165,0.0,False,3.682129939132181e-05,18.538414717055165,False,0.0,0.0,6.0,3.5999999999999996,False,False,0.4810368599378877,0.5823048704010444,False,-0.3227592968156383,0.0010165896038473949,False,0,False,0.29117539156538685,False,Normal,31,68
2025-02-17 03:00:00,0,0.0,0.0,0.0,3,0,0,0.7071067811865476,0.7071067811865476,0.0,1.0,0.0,0.0,0.0,0.0,0.0,0.0,0.0,0.0,0.0,18.538414717055165,0.0,False,2.945703951305745e-05,18.538414717055165,False,0.0,0.0,6.0,3.5999999999999996,False,False,0.47791023733984456,0.5823048704010444,False,-0.36347498957995494,0.0010165896038473949,False,0,False,0.2729403132523095,False,Normal,31,68
2025-02-17 04:00:00,0,0.0,0.0,0.0,4,0,0,0.8660254037844386,0.5000000000000001,0.0,1.0,0.0,0.0,0.0,0.0,0.0,0.0,0.0,0.0,0.0,18.538414717055165,0.0,False,2.356563161044596e-05,18.538414717055165,False,0.0,0.0,6.0,3.5999999999999996,False,False,0.4757374212528991,0.5823048704010444,False,-0.3722906760648568,0.0010165896038473949,False,0,False,0.2644664828115854,False,Normal,31,68
2025-02-17 05:00:00,0,0.0,0.0,0.0,5,0,0,0.9659258262890683,0.25881904510252074,0.0,1.0,0.0,0.0,0.0,0.0,0.0,0.0,0.0,0.0,0.0,18.538414717055165,0.0,False,1.885250528835677e-05,18.538414717055165,False,0.0,0.0,6.0,3.5999999999999996,False,False,0.4797193602833863,0.5823048704010444,False,-0.3883334275638639,0.0010165896038473949,False,0,False,0.26793086415189005,False,Normal,31,68
2025-02-17 06:00:00,27,9467.0,10332.0,19799.0,6,0,0,1.0,6.123233995736766e-17,0.0,1.0,-0.043686868686868684,0.0,27.0,0.0,0.0,8.0,0.0,19.0,8.0,18.538414717055165,0.431536359613321,False,1.6000150820042307,18.538414717055165,False,0.0,0.0,6.0,3.5999999999999996,False,False,0.5531557901948844,0.5823048704010444,False,-0.392110641555079,0.0010165896038473949,False,0,False,0.35942345477117965,False,Normal,31,68
2025-02-17 07:00:00,42,14984.0,18872.0,33856.0,7,0,0,0.9659258262890683,-0.25881904510252063,0.0,1.0,-0.11483592757775349,27.0,15.0,1.125,5.5113519212621505,-11.0,4041.453951447012,26.5,15.5,18.53811466955562,0.8361152294227099,False,4.380012065603385,18.53811466955562,False,0.3361152294227099,0.0,6.0,3.5999999999999996,False,False,0.5677898051695459,0.5823048704010444,False,-0.44440548292743265,0.0010165896038473949,False,0,False,0.3792521136553743,False,Normal,31,68
2025-02-17 08:00:00,78,29158.0,38658.0,67816.0,8,0,0,0.8660254037844387,-0.4999999999999998,0.0,1.0,-0.1400828700768244,42.0,36.0,2.875,9.988308382695545,12.0,7852.655816664831,58.5,19.5,18.541677503195924,1.0516847786096428,False,7.404009652482708,18.541677503195924,False,0.8878000080323527,0.0,6.0,3.5999999999999996,False,False,0.5669330125932915,0.5823048704010444,False,-0.41598594486772167,0.0010165896038473949,False,0,False,0.4246353783977933,False,Normal,31,68
2025-02-17 09:00:00,96,36387.0,64009.0,100396.0,9,0,0,0.7071067811865476,-0.7071067811865475,0.0,1.0,-0.27512774286084246,78.0,18.0,6.125,18.269272135140636,-9.0,15495.35531104659,95.0,1.0,18.559397326775922,0.05388105995000629,False,6.123207721986167,18.559397326775922,False,0.44168106798235895,0.0,6.0,3.5999999999999996,False,False,0.5688034606715444,0.5823048704010444,False,-0.3034722264167471,0.0010165896038473949,False,0,False,0.4162192306137075,False,Normal,31,68
2025-02-17 10:00:00,134,64638.0,64687.0,129325.0,10,0,0,0.49999999999999994,-0.8660254037844387,0.0,1.0,-0.0003788874626911835,96.0,38.0,10.125,25.81929258452325,-24.0,24817.206138482383,118.5,15.5,18.555512327443655,0.8353312873541873,False,7.998566177588934,18.555512327443655,False,0.7770123553365462,0.0,6.0,3.5999999999999996,False,False,0.5549952520657897,0.5823048704010444,False,-0.41171113495963074,0.0010165896038473949,False,0,False,0.4186271902873352,False,Normal,31,68
2025-02-17 11:00:00,100,52949.0,46723.0,99672.0,11,0,0,0.258819045102521,-0.9659258262890682,0.0,1.0,0.0624642581240657,134.0,-34.0,15.708333333333334,36.01144644918222,-5.0,34767.90054933855,104.0,-4.0,18.56377380204992,-0.21547342919887857,False,5.598852942071148,18.56377380204992,False,0.06153892613766765,0.0,6.0,3.5999999999999996,False,False,0.5522083191936256,0.5823048704010444,False,-0.352723135844323,0.0010165896038473949,False,0,False,0.398302749065508,False,Normal,31,68
2025-02-17 12:00:00,68,35113.0,44286.0,79399.0,12,0,0,1.2246467991473532e-16,-1.0,0.0,1.0,-0.11552896725440806,100.0,-32.0,19.875,39.71015914259769,-6.0,38677.10698793954,72.0,-4.0,18.53787371840232,-0.21577447666121757,False,3.679082353656919,18.53787371840232,False,0.0,0.0,6.0,3.5999999999999996,False,False,0.5210983106785919,0.5823048704010444,False,-0.46023612154217264,0.0010165896038473949,False,0,False,0.319522796583114,False,Normal,31,68
2025-02-17 13:00:00,69,32166.0,44380.0,76546.0,13,0,0,-0.2588190451025208,-0.9659258262890683,0.0,1.0,-0.15956209910251218,68.0,1.0,22.708333333333332,40.645315433228795,-2.0,40359.5120176463,59.0,10.0,18.525288410904295,0.5398026620796809,False,4.943265882925536,18.525288410904295,False,0.03980266207968086,0.0,6.0,3.5999999999999996,False,False,0.5140260911087674,0.5823048704010444,False,-0.4630093896573524,0.0010165896038473949,False,0,False,0.3319190560479682,False,Normal,31,68
2025-02-17 14:00:00,96,42901.0,53687.0,96588.0,14,0,0,-0.4999999999999997,-0.8660254037844388,0.0,1.0,-0.11166903063495844,69.0,27.0,25.583333333333332,41.402495898999454,-8.0,41544.721092460866,80.5,15.5,18.512132661203665,0.8372887275426528,False,7.0546127063404285,18.512132661203665,False,0.3770913896223337,0.0,6.0,3.5999999999999996,False,False,0.5072761474903211,0.5823048704010444,False,-0.4722758814420882,0.0010165896038473949,False,0,False,0.3438263803786974,False,Normal,31,68
2025-02-17 15:00:00,167,79667.0,94857.0,174524.0,15,0,0,-0.7071067811865471,-0.7071067811865479,0.0,1.0,-0.08703624122618536,96.0,71.0,29.583333333333332,43.41199660549331,-30.0,43615.6564739127,146.0,21.0,18.52006682198326,1.1339051960154414,False,9.843690165072342,18.52006682198326,False,1.0109965856377752,0.0,6.0,3.5999999999999996,False,False,0.5461385475982992,0.5823048704010444,False,-0.467410386442797,0.0010165896038473949,False,0,False,0.4035259369987976,False,Normal,31,68
2025-02-17 16:00:00,224,103770.0,113169.0,216939.0,16,0,0,-0.8660254037844385,-0.5000000000000004,0.0,1.0,-0.04332534341292523,167.0,57.0,36.541666666666664,51.157029494163034,5.0,52217.36838112739,190.0,34.0,18.511849793820712,1.8366614022197425,False,14.674952132057875,18.511849793820712,False,2.3476579878575174,0.0,6.0,3.5999999999999996,False,False,0.5540334537432782,0.5823048704010444,False,-0.43220795807553447,0.0010165896038473949,False,0,False,0.49623684871498497,False,Normal,31,68
2025-02-17 17:00:00,296,140003.0,152456.0,292459.0,17,0,0,-0.9659258262890683,-0.25881904510252063,0.0,1.0,-0.042580181905217805,224.0,72.0,45.875,63.2134496558391,8.0,63226.07729731299,236.0,60.0,18.545606717052458,3.2352675712049224,True,23.7399617056463,18.545606717052458,True,5.08292555906244,0.0,6.0,3.5999999999999996,False,True,0.5755885835068413,0.5823048704010444,False,-0.3599922115897545,0.0010165896038473949,False,2,False,0.6141390688528982,True,Building Stress,31,69
2025-02-17 18:00:00,35,18334.0,23825.0,42159.0,18,0,0,-1.0,-1.8369701987210297e-16,0.0,1.0,-0.13024193548387097,296.0,-261.0,58.208333333333336,80.41034930506345,-12.0,80007.68932257274,36.0,-1.0,18.718748662363677,-0.05342237443524319,False,18.791969364517044,18.718748662363677,True,4.529503184627197,0.0,6.0,3.5999999999999996,False,True,0.6044192335240871,0.5823048704010444,True,0.266694618682908,0.0010165896038473949,True,3,True,0.5870803712826729,False,Confirmed Anomaly,32,69
2025-02-17 19:00:00,0,0.0,0.0,0.0,19,0,0,-0.9659258262890684,0.2588190451025203,0.0,1.0,0.0,35.0,-35.0,59.666666666666664,79.62229678254411,0.0,79141.48676176307,0.0,0.0,18.71810129114585,0.0,False,15.033575491613636,18.71810129114585,False,4.029503184627197,0.0,6.0,3.5999999999999996,False,True,0.4747276119276606,0.5823048704010444,False,-0.35708004855041375,0.0010165896038473949,False,0,False,0.3860166324836779,True,Building Stress,32,70
2025-02-17 20:00:00,0,0.0,0.0,0.0,20,0,0,-0.8660254037844386,0.5000000000000001,0.0,1.0,0.0,0.0,0.0,59.666666666666664,79.62229678254411,0.0,79141.48676176307,0.0,0.0,18.71810129114585,0.0,False,12.02686039329091,18.71810129114585,False,3.529503184627197,0.0,6.0,3.5999999999999996,False,False,0.4432660527054599,0.5823048704010444,False,-0.42509054141877467,0.0010165896038473949,False,0,False,0.2809294108558562,False,Normal,32,70
2025-02-17 21:00:00,0,0.0,0.0,0.0,21,0,0,-0.7071067811865477,0.7071067811865474,0.0,1.0,0.0,0.0,0.0,59.666666666666664,79.62229678254411,0.0,79141.48676176307,0.0,0.0,18.71810129114585,0.0,False,9.621488314632728,18.71810129114585,False,3.029503184627197,0.0,6.0,3.5999999999999996,False,False,0.4423556329293574,0.5823048704010444,False,-0.4562599794469899,0.0010165896038473949,False,0,False,0.24463585078206326,False,Normal,32,70
2025-02-17 22:00:00,0,0.0,0.0,0.0,22,0,0,-0.5000000000000004,0.8660254037844384,0.0,1.0,0.0,0.0,0.0,59.666666666666664,79.62229678254411,0.0,79141.48676176307,0.0,0.0,18.71810129114585,0.0,False,7.697190651706183,18.71810129114585,False,2.529503184627197,0.0,6.0,3.5999999999999996,False,False,0.443231182163655,0.5823048704010444,False,-0.4686479141828632,0.0010165896038473949,False,0,False,0.21577890534475175,False,Normal,32,70
2025-02-17 23:00:00,0,0.0,0.0,0.0,23,0,0,-0.25881904510252157,0.9659258262890681,0.0,1.0,0.0,0.0,0.0,59.666666666666664,79.62229678254411,0.0,79141.48676176307,0.0,0.0,18.71810129114585,0.0,False,6.157752521364947,18.71810129114585,False,2.029503184627197,0.0,6.0,3.5999999999999996,False,False,0.44643274609546446,0.5823048704010444,False,-0.4846137557026078,0.0010165896038473949,False,0,False,0.1942429744630673,False,Normal,32,70
2025-02-18 00:00:00,0,0.0,0.0,0.0,0,1,0,0.0,1.0,0.7818314824680298,0.6234898018587336,0.0,0.0,0.0,59.666666666666664,79.62229678254411,0.0,79141.48676176307,0.0,0.0,18.71810129114585,0.0,False,4.926202017091958,18.71810129114585,False,1.5295031846271971,0.0,6.0,3.5999999999999996,False,False,0.42865122408509376,0.5747459387204343,False,-0.5129424648490497,5.407875470034046e-05,False,0,False,0.14148988518843136,False,Normal,32,70
2025-02-18 01:00:00,0,0.0,0.0,0.0,1,1,0,0.25881904510252074,0.9659258262890683,0.7818314824680298,0.6234898018587336,0.0,0.0,0.0,59.666666666666664,79.62229678254411,0.0,79141.48676176307,0.0,0.0,18.71810129114585,0.0,False,3.940961613673567,18.71810129114585,False,1.0295031846271971,0.0,6.0,3.5999999999999996,False,False,0.4282862405904277,0.5747459387204343,False,-0.5134316208806999,5.407875470034046e-05,False,0,False,0.13284546620317955,False,Normal,32,70
2025-02-18 02:00:00,0,0.0,0.0,0.0,2,1,0,0.49999999999999994,0.8660254037844387,0.7818314824680298,0.6234898018587336,0.0,0.0,0.0,59.666666666666664,79.62229678254411,0.0,79141.48676176307,0.0,0.0,18.71810129114585,0.0,False,3.1527692909388536,18.71810129114585,False,0.5295031846271971,0.0,6.0,3.5999999999999996,False,False,0.4270301038288683,0.5747459387204343,False,-0.5180922413641945,5.407875470034046e-05,False,0,False,0.12044303962921032,False,Normal,32,70
2025-02-18 03:00:00,0,0.0,0.0,0.0,3,1,0,0.7071067811865476,0.7071067811865476,0.7818314824680298,0.6234898018587336,0.0,0.0,0.0,59.666666666666664,79.62229678254411,0.0,79141.48676176307,0.0,0.0,18.71810129114585,0.0,False,2.522215432751083,18.71810129114585,False,0.029503184627197143,0.0,6.0,3.5999999999999996,False,False,0.4230340910778408,0.5747459387204343,False,-0.5066478744443845,5.407875470034046e-05,False,0,False,0.12461285866966038,False,Normal,32,70
2025-02-18 04:00:00,0,0.0,0.0,0.0,4,1,0,0.8660254037844386,0.5000000000000001,0.7818314824680298,0.6234898018587336,0.0,0.0,0.0,59.666666666666664,79.62229678254411,0.0,79141.48676176307,0.0,0.0,18.71810129114585,0.0,False,2.0177723462008665,18.71810129114585,False,0.0,0.0,6.0,3.5999999999999996,False,False,0.4232500581637831,0.5747459387204343,False,-0.4900087294137687,5.407875470034046e-05,False,0,False,0.13955451914546615,False,Normal,32,70
2025-02-18 05:00:00,0,0.0,0.0,0.0,5,1,0,0.9659258262890683,0.25881904510252074,0.7818314824680298,0.6234898018587336,0.0,0.0,0.0,59.666666666666664,79.62229678254411,0.0,79141.48676176307,0.0,0.0,18.71810129114585,0.0,False,1.6142178769606934,18.71810129114585,False,0.0,0.0,6.0,3.5999999999999996,False,False,0.4277335261384284,0.5747459387204343,False,-0.4689617047088783,5.407875470034046e-05,False,0,False,0.15586646175832047,False,Normal,32,70
2025-02-18 06:00:00,17,8816.0,10356.0,19172.0,6,1,0,1.0,6.123233995736766e-17,0.7818314824680298,0.6234898018587336,-0.08032128514056225,0.0,17.0,59.666666666666664,79.62229678254411,-2.0,79141.48676176307,20.0,-3.0,18.71810129114585,-0.16027266619286212,False,0.6913743015685547,18.71810129114585,False,0.0,0.0,6.0,3.5999999999999996,False,False,0.47151849388578726,0.5747459387204343,False,-0.3728518076915772,5.407875470034046e-05,False,0,False,0.261397823612318,False,Normal,32,70
2025-02-18 07:00:00,21,14403.0,17790.0,32193.0,7,1,0,0.9659258262890683,-0.25881904510252063,0.7818314824680298,0.6234898018587336,-0.10520593899484376,17.0,4.0,59.25,79.8265783351363,-20.0,79155.28556219711,26.5,-5.5,18.715509053160613,-0.29387391945244357,False,-0.5469005587451563,18.715509053160613,False,0.0,0.0,6.0,3.5999999999999996,False,False,0.4739060034358621,0.5747459387204343,False,-0.3472634044002021,5.407875470034046e-05,False,0,False,0.2794880536450129,False,Normal,32,70
2025-02-18 08:00:00,50,20685.0,25722.0,46407.0,8,1,0,0.8660254037844387,-0.4999999999999998,0.7818314824680298,0.6234898018587336,-0.1085373211515256,21.0,29.0,58.375,80.13836539820146,-8.0,79179.46664034354,59.5,-9.5,18.70564712749412,-0.5078680216327087,False,-2.337520446996125,18.70564712749412,False,0.0,0.007868021632708722,6.0,3.5999999999999996,False,False,0.4693627734913457,0.5747459387204343,False,-0.4017140151413543,5.407875470034046e-05,False,0,False,0.26807044124619345,False,Normal,32,70
2025-02-18 09:00:00,80,27007.0,51924.0,78931.0,9,1,0,0.7071067811865476,-0.7071067811865475,0.7818314824680298,0.6234898018587336,-0.3156767850808291,50.0,30.0,57.208333333333336,80.04399831759197,-17.0,79201.90131628237,96.5,-16.5,18.701534578392124,-0.8822805385748509,False,-5.1700163575969,18.701534578392124,False,0.0,0.3901485602075596,6.0,3.5999999999999996,False,False,0.5080374180573279,0.5747459387204343,False,-0.30107109557562395,5.407875470034046e-05,False,0,False,0.401190338210735,False,Normal,32,70
2025-02-18 10:00:00,112,44784.0,60547.0,105331.0,10,1,0,0.49999999999999994,-0.8660254037844387,0.7818314824680298,0.6234898018587336,-0.1496506284889682,80.0,32.0,56.541666666666664,79.77303628946676,2.0,78829.42022259478,127.5,-15.5,18.67061890879291,-0.8301813708328806,False,-7.23601308607752,18.67061890879291,False,0.0,0.7203299310404403,6.0,3.5999999999999996,False,False,0.47572293009055666,0.5747459387204343,False,-0.4900221962644207,5.407875470034046e-05,False,0,False,0.28189776145853185,False,Normal,32,70
2025-02-18 11:00:00,102,48307.0,47374.0,95681.0,11,1,0,0.258819045102521,-0.9659258262890682,0.7818314824680298,0.6234898018587336,0.009751050354298614,112.0,-10.0,55.625,78.9665931016842,9.0,78029.36852571434,101.5,0.5,18.653277460311365,0.026804940904559614,False,-5.688810468862017,18.653277460311365,False,0.0,0.19352499013588065,6.0,3.5999999999999996,False,False,0.4704488231305968,0.5747459387204343,False,-0.45526168506276177,5.407875470034046e-05,False,0,False,0.2576184309801536,False,Normal,32,70
2025-02-18 12:00:00,60,26382.0,35560.0,61942.0,12,1,0,1.2246467991473532e-16,-1.0,0.7818314824680298,0.6234898018587336,-0.14816847747122355,102.0,-42.0,55.708333333333336,79.01649754360143,-2.0,77937.96205538104,72.0,-12.0,18.604160461561687,-0.6450170124469398,False,-6.951048375089614,18.604160461561687,False,0.0,0.3385420025828204,6.0,3.5999999999999996,False,False,0.4807105582018421,0.5747459387204343,False,-0.4929487213861643,5.407875470034046e-05,False,0,False,0.2832330750321864,False,Normal,32,70
2025-02-18 13:00:00,70,27620.0,35021.0,62641.0,13,1,0,-0.2588190451025208,-0.9659258262890683,0.7818314824680298,0.6234898018587336,-0.1181475687238594,60.0,10.0,55.375,78.97925566936522,14.0,77796.42563749966,62.5,7.5,18.5647783403062,0.4039908186631383,False,-4.060838700071692,18.5647783403062,False,0.0,0.0,6.0,3.5999999999999996,False,False,0.46179397580987924,0.5747459387204343,False,-0.5043550903686843,5.407875470034046e-05,False,0,False,0.19166576841914917,False,Normal,32,70
2025-02-18 14:00:00,77,36548.0,42170.0,78718.0,14,1,0,-0.4999999999999997,-0.8660254037844388,0.7818314824680298,0.6234898018587336,-0.07141859017518007,70.0,7.0,55.416666666666664,78.98701966375438,-3.0,77686.80007931466,84.0,-7.0,18.52392175024965,-0.3778897414045522,False,-4.648670960057354,18.52392175024965,False,0.0,0.0,6.0,3.5999999999999996,False,False,0.45201984790977706,0.5747459387204343,False,-0.5056541350905022,5.407875470034046e-05,False,0,False,0.1811384525530707,False,Normal,32,70
2025-02-18 15:00:00,122,60383.0,68930.0,129313.0,15,1,0,-0.7071067811865471,-0.7071067811865479,0.7818314824680298,0.6234898018587336,-0.0660949317165968,77.0,45.0,54.625,78.65710532044328,-21.0,77357.88305228835,152.5,-30.5,18.52348523337537,-1.6465583887553463,False,-9.818936768045884,18.52348523337537,False,0.0,1.1465583887553463,6.0,3.5999999999999996,False,False,0.47135565417506275,0.5747459387204343,False,-0.5036425971763974,5.407875470034046e-05,False,0,False,0.302328053714768,False,Normal,32,70
2025-02-18 16:00:00,186,82783.0,91906.0,174689.0,16,1,0,-0.8660254037844385,-0.5000000000000004,0.7818314824680298,0.6234898018587336,-0.052223939550060106,122.0,64.0,52.75,76.36482800688901,2.0,74815.78006585455,198.5,-12.5,18.39919919722375,-0.6793773938751704,False,-10.355149414436706,18.39919919722375,False,0.0,1.3259357826305167,6.0,3.5999999999999996,False,False,0.4935555747699586,0.5747459387204343,False,-0.4611726573598427,5.407875470034046e-05,False,0,False,0.3651892253736184,False,Normal,32,70
2025-02-18 17:00:00,229,95672.0,132493.0,228165.0,17,1,0,-0.9659258262890683,-0.25881904510252063,0.7818314824680298,0.6234898018587336,-0.16137811943935557,186.0,43.0,51.166666666666664,72.9786548106432,7.0,71189.41404735537,246.0,-17.0,18.146867443325217,-0.9368008033944691,False,-11.684119531549365,18.146867443325217,False,0.0,1.7627365860249857,6.0,3.5999999999999996,False,False,0.5315285305707351,0.5747459387204343,False,-0.384449131734244,5.407875470034046e-05,False,0,False,0.4514954722948418,False,Normal,32,70
2025-02-18 18:00:00,40,16764.0,17734.0,34498.0,18,1,0,-1.0,-1.8369701987210297e-16,0.7818314824680298,0.6234898018587336,-0.02811675700744949,229.0,-189.0,48.375,63.92578067401766,14.0,62363.52757839906,35.5,4.5,17.698883810641078,0.25425332174306214,False,-8.447295625239493,17.698883810641078,False,0.0,1.0084832642819235,6.0,3.5999999999999996,False,False,0.543425545773421,0.5747459387204343,False,0.1318046372184991,5.407875470034046e-05,True,1,False,0.48629346823382763,False,Normal,32,70
2025-02-18 19:00:00,0,0.0,0.0,0.0,19,1,0,-0.9659258262890684,0.2588190451025203,0.7818314824680298,0.6234898018587336,0.0,40.0,-40.0,48.583333333333336,63.88843310066363,0.0,62415.05358170322,0.0,0.0,17.700059449497964,0.0,False,-6.757836500191594,17.700059449497964,False,0.0,0.5084832642819235,6.0,3.5999999999999996,False,False,0.4616050601640972,0.5747459387204343,False,-0.4104696565076904,5.407875470034046e-05,False,0,False,0.2710804699192247,False,Normal,32,70
2025-02-18 20:00:00,0,0.0,0.0,0.0,20,1,0,-0.8660254037844386,0.5000000000000001,0.7818314824680298,0.6234898018587336,0.0,0.0,0.0,48.583333333333336,63.88843310066363,0.0,62415.05358170322,0.0,0.0,17.700059449497964,0.0,False,-5.406269200153275,17.700059449497964,False,0.0,0.008483264281923475,6.0,3.5999999999999996,False,False,0.43528539212646716,0.5747459387204343,False,-0.4852228437269581,5.407875470034046e-05,False,0,False,0.1820750500926831,False,Normal,32,70
2025-02-18 21:00:00,0,0.0,0.0,0.0,21,1,0,-0.7071067811865477,0.7071067811865474,0.7818314824680298,0.6234898018587336,0.0,0.0,0.0,48.583333333333336,63.88843310066363,0.0,62415.05358170322,0.0,0.0,17.700059449497964,0.0,False,-4.32501536012262,17.700059449497964,False,0.0,0.0,6.0,3.5999999999999996,False,False,0.434490330004569,0.5747459387204343,False,-0.5096910962499347,5.407875470034046e-05,False,0,False,0.14779487153482065,False,Normal,32,70
2025-02-18 22:00:00,0,0.0,0.0,0.0,22,1,0,-0.5000000000000004,0.8660254037844384,0.7818314824680298,0.6234898018587336,0.0,0.0,0.0,48.583333333333336,63.88843310066363,0.0,62415.05358170322,0.0,0.0,17.700059449497964,0.0,False,-3.4600122880980964,17.700059449497964,False,0.0,0.0,6.0,3.5999999999999996,False,False,0.43593396183776,0.5747459387204343,False,-0.5245477743748008,5.407875470034046e-05,False,0,False,0.12464039160987898,False,Normal,32,70
2025-02-18 23:00:00,0,0.0,0.0,0.0,23,1,0,-0.25881904510252157,0.9659258262890681,0.7818314824680298,0.6234898018587336,0.0,0.0,0.0,48.583333333333336,63.88843310066363,0.0,62415.05358170322,0.0,0.0,17.700059449497964,0.0,False,-2.7680098304784773,17.700059449497964,False,0.0,0.0,6.0,3.5999999999999996,False,False,0.4379704977182317,0.5747459387204343,False,-0.5313977894298351,5.407875470034046e-05,False,0,False,0.11496044062872716,False,Normal,32,70
2025-02-19 00:00:00,0,0.0,0.0,0.0,0,2,0,0.0,1.0,0.9749279121818236,-0.22252093395631434,0.0,0.0,0.0,48.583333333333336,63.88843310066363,0.0,62415.05358170322,0.0,0.0,17.700059449497964,0.0,False,-2.214407864382782,17.700059449497964,False,0.0,0.0,6.0,3.5999999999999996,False,False,0.42454883849663605,0.584666408152749,False,-0.5515291391944138,0.03740229991578742,False,0,False,0.09350861467526637,False,Normal,32,70
2025-02-19 01:00:00,0,0.0,0.0,0.0,1,2,0,0.25881904510252074,0.9659258262890683,0.9749279121818236,-0.22252093395631434,0.0,0.0,0.0,48.583333333333336,63.88843310066363,0.0,62415.05358170322,0.0,0.0,17.700059449497964,0.0,False,-1.7715262915062255,17.700059449497964,False,0.0,0.0,6.0,3.5999999999999996,False,False,0.42251309017476285,0.584666408152749,False,-0.5537354747694955,0.03740229991578742,False,0,False,0.0872507119649322,False,Normal,32,70
2025-02-19 02:00:00,0,0.0,0.0,0.0,2,2,0,0.49999999999999994,0.8660254037844387,0.9749279121818236,-0.22252093395631434,0.0,0.0,0.0,48.583333333333336,63.88843310066363,0.0,62415.05358170322,0.0,0.0,17.700059449497964,0.0,False,-1.4172210332049806,17.700059449497964,False,0.0,0.0,6.0,3.5999999999999996,False,False,0.42202333966386535,0.584666408152749,False,-0.5440024454409448,0.03740229991578742,False,0,False,0.08431835983411805,False,Normal,32,70
2025-02-19 03:00:00,0,0.0,0.0,0.0,3,2,0,0.7071067811865476,0.7071067811865476,0.9749279121818236,-0.22252093395631434,0.0,0.0,0.0,48.583333333333336,63.88843310066363,0.0,62415.05358170322,0.0,0.0,17.700059449497964,0.0,False,-1.1337768265639845,17.700059449497964,False,0.0,0.0,6.0,3.5999999999999996,False,False,0.42008316775882754,0.584666408152749,False,-0.5244004646638771,0.03740229991578742,False,0,False,0.09060075528302478,False,Normal,32,70
2025-02-19 04:00:00,0,0.0,0.0,0.0,4,2,0,0.8660254037844386,0.5000000000000001,0.9749279121818236,-0.22252093395631434,0.0,0.0,0.0,48.583333333333336,63.88843310066363,0.0,62415.05358170322,0.0,0.0,17.700059449497964,0.0,False,-0.9070214612511877,17.700059449497964,False,0.0,0.0,6.0,3.5999999999999996,False,False,0.41870764022899715,0.584666408152749,False,-0.5049439390056945,0.03740229991578742,False,0,False,0.10794408737248724,False,Normal,32,70
2025-02-19 05:00:00,0,0.0,0.0,0.0,5,2,0,0.9659258262890683,0.25881904510252074,0.9749279121818236,-0.22252093395631434,0.0,0.0,0.0,48.583333333333336,63.88843310066363,0.0,62415.05358170322,0.0,0.0,17.700059449497964,0.0,False,-0.7256171690009502,17.700059449497964,False,0.0,0.0,6.0,3.5999999999999996,False,False,0.4226673101166996,0.584666408152749,False,-0.4882509781956339,0.03740229991578742,False,0,False,0.12974478300660403,False,Normal,32,70
2025-02-19 06:00:00,12,8820.0,9170.0,17990.0,6,2,0,1.0,6.123233995736766e-17,0.9749279121818236,-0.22252093395631434,-0.01945417153020955,0.0,12.0,48.583333333333336,63.88843310066363,-3.0,62415.05358170322,19.0,-7.0,17.700059449497964,-0.39547889768237726,False,-1.9804937352007603,17.700059449497964,False,0.0,0.0,6.0,3.5999999999999996,False,False,0.4484521285157959,0.584666408152749,False,-0.4603253718084339,0.03740229991578742,False,0,False,0.20042522026224577,False,Normal,32,70
2025-02-19 07:00:00,27,14775.0,13442.0,28217.0,7,2,0,0.9659258262890683,-0.25881904510252063,0.9749279121818236,-0.22252093395631434,0.047239350769012686,12.0,15.0,48.375,64.00394858743178,1.0,62439.10351345066,26.5,0.5,17.700666390793117,0.028247524074012924,False,-1.4843949881606082,17.700666390793117,False,0.0,0.0,6.0,3.5999999999999996,False,False,0.4679275862136137,0.584666408152749,False,-0.332350389745238,0.03740229991578742,False,0,False,0.2638016279612282,False,Normal,32,70
2025-02-19 08:00:00,65,24306.0,31457.0,55763.0,8,2,0,0.8660254037844387,-0.4999999999999998,0.9749279121818236,-0.22252093395631434,-0.1282368553188437,27.0,38.0,48.625,63.90401259769967,5.0,62487.48827065303,59.0,6.0,17.680155324236324,0.33936353442410516,False,0.012484009471513513,17.680155324236324,False,0.0,0.0,6.0,3.5999999999999996,False,False,0.470090217785226,0.584666408152749,False,-0.4888177255231163,0.03740229991578742,False,0,False,0.1912401306318649,False,Normal,32,70
2025-02-19 09:00:00,64,34594.0,55956.0,90550.0,9,2,0,0.7071067811865476,-0.7071067811865475,0.9749279121818236,-0.22252093395631434,-0.2359112544312045,65.0,-1.0,49.25,63.99133772900694,-18.0,62508.86911643483,96.5,-32.5,17.682244636342663,-1.8380019431018455,False,-6.490012792422789,17.682244636342663,False,0.0,1.3380019431018455,6.0,3.5999999999999996,False,False,0.4946904827019214,0.584666408152749,False,-0.4628113751835139,0.03740229991578742,False,0,False,0.37353180521780777,False,Normal,32,70
2025-02-19 10:00:00,96,49324.0,59219.0,108543.0,10,2,0,0.49999999999999994,-0.8660254037844387,0.9749279121818236,-0.22252093395631434,-0.09116118808962265,64.0,32.0,48.583333333333336,63.739904003056374,-11.0,62803.1840676588,118.5,-22.5,17.714535684782657,-1.2701433670275766,False,-9.69201023393823,17.714535684782657,False,0.0,2.108145310129422,6.0,3.5999999999999996,False,False,0.46572614691209613,0.584666408152749,False,-0.5202885992525268,0.03740229991578742,False,0,False,0.2588867327249045,False,Normal,32,70
2025-02-19 11:00:00,101,41048.0,41226.0,82274.0,11,2,0,0.258819045102521,-0.9659258262890682,0.9749279121818236,-0.22252093395631434,-0.0021634761470677604,96.0,5.0,47.916666666666664,63.12852085173181,29.0,62932.89115565998,101.0,0.0,17.689043196374225,0.0,False,-7.753608187150585,17.689043196374225,False,0.0,1.608145310129422,6.0,3.5999999999999996,False,False,0.4713778617310025,0.584666408152749,False,-0.4612261949943688,0.03740229991578742,False,0,False,0.2750891322525593,False,Normal,32,70
2025-02-19 12:00:00,70,30125.0,37020.0,67145.0,12,2,0,1.2246467991473532e-16,-1.0,0.9749279121818236,-0.22252093395631434,-0.10268668275102016,101.0,-31.0,47.875,63.09159146069689,-9.0,62555.29614007196,71.0,-1.0,17.63367773039625,-0.05670966744936246,False,-6.402886549720468,17.63367773039625,False,0.0,1.1648549775787846,6.0,3.5999999999999996,False,False,0.4653828522660869,0.584666408152749,False,-0.520320759833103,0.03740229991578742,False,0,False,0.19015765541824942,False,Normal,32,70
2025-02-19 13:00:00,63,25522.0,31957.0,57479.0,13,2,0,-0.2588190451025208,-0.9659258262890683,0.9749279121818236,-0.22252093395631434,-0.11195198329853862,70.0,-7.0,48.291666666666664,63.20806165332882,1.0,62614.50570366657,64.0,-1.0,17.613514503718715,-0.05677458634328041,False,-5.3223092397763745,17.613514503718715,False,0.0,0.7216295639220651,6.0,3.5999999999999996,False,False,0.4546703627425545,0.584666408152749,False,-0.5253723635020224,0.03740229991578742,False,0,False,0.1595544143554385,False,Normal,32,70
2025-02-19 14:00:00,80,34604.0,45770.0,80374.0,14,2,0,-0.4999999999999997,-0.8660254037844388,0.9749279121818236,-0.22252093395631434,-0.13892379471228616,63.0,17.0,48.0,63.11962417918647,-1.0,62571.84963252072,84.0,-4.0,17.5910420388151,-0.2273884623306507,False,-5.0578473918211,17.5910420388151,False,0.0,0.4490180262527158,6.0,3.5999999999999996,False,False,0.4615787595798643,0.584666408152749,False,-0.5242855861509469,0.03740229991578742,False,0,False,0.17355466265093566,False,Normal,32,70
2025-02-19 15:00:00,126,65015.0,75048.0,140063.0,15,2,0,-0.7071067811865471,-0.7071067811865479,0.9749279121818236,-0.22252093395631434,-0.07163153986748914,80.0,46.0,48.125,63.18249103915613,-23.0,62608.03429620501,152.5,-26.5,17.550470868295406,-1.5099309983683542,False,-9.34627791345688,17.550470868295406,False,0.0,1.4589490246210701,6.0,3.5999999999999996,False,False,0.47623267373020745,0.584666408152749,False,-0.5121785712175961,0.03740229991578742,False,0,False,0.30258988443756385,False,Normal,32,70
2025-02-19 16:00:00,182,90713.0,114836.0,205549.0,16,2,0,-0.8660254037844385,-0.5000000000000004,0.9749279121818236,-0.22252093395631434,-0.11735830698126977,126.0,56.0,48.291666666666664,63.39076819816609,-19.0,63249.30191738271,198.5,-16.5,17.50834272767979,-0.9424078713009398,False,-10.777022330765504,17.50834272767979,False,0.0,1.9013568959220102,6.0,3.5999999999999996,False,False,0.5079426473419653,0.584666408152749,False,-0.4392623659503103,0.03740229991578742,False,0,False,0.40909049832759153,False,Normal,32,70
2025-02-19 17:00:00,219,106027.0,113477.0,219504.0,17,2,0,-0.9659258262890683,-0.25881904510252063,0.9749279121818236,-0.22252093395631434,-0.033940001366711464,182.0,37.0,48.125,63.01712155196915,-9.0,66170.87560002448,244.5,-25.5,16.95984840844661,-1.503551174861922,False,-13.721617864612405,16.95984840844661,False,0.0,2.9049080707839323,6.0,3.5999999999999996,False,False,0.5202993476650163,0.584666408152749,False,-0.4024710516208878,0.03740229991578742,False,0,False,0.48130956647158013,False,Normal,32,70
2025-02-19 18:00:00,25,17166.0,18468.0,35634.0,18,2,0,-1.0,-1.8369701987210297e-16,0.9749279121818236,-0.22252093395631434,-0.0365371123895047,219.0,-194.0,47.708333333333336,61.790303985873614,-11.0,65172.25216656209,35.5,-10.5,16.626042984155642,-0.6315393271872528,False,-13.077294291689924,16.626042984155642,False,0.0,3.0364473979711852,6.0,3.5999999999999996,False,False,0.5368923389314184,0.584666408152749,False,0.15682406004011673,0.03740229991578742,True,1,False,0.5416562571584489,False,Normal,32,70
2025-02-19 19:00:00,0,0.0,0.0,0.0,19,2,0,-0.9659258262890684,0.2588190451025203,0.9749279121818236,-0.22252093395631434,0.0,25.0,-25.0,47.083333333333336,61.947324514403,0.0,65161.29599958871,0.0,0.0,16.62828888144178,0.0,False,-10.46183543335194,16.62828888144178,False,0.0,2.5364473979711852,6.0,3.5999999999999996,False,False,0.44583309805821153,0.584666408152749,False,-0.4542252177976378,0.03740229991578742,False,0,False,0.265909410940185,False,Normal,32,70
2025-02-19 20:00:00,0,0.0,0.0,0.0,20,2,0,-0.8660254037844386,0.5000000000000001,0.9749279121818236,-0.22252093395631434,0.0,0.0,0.0,47.083333333333336,61.947324514403,0.0,65161.29599958871,0.0,0.0,16.62828888144178,0.0,False,-8.369468346681552,16.62828888144178,False,0.0,2.0364473979711852,6.0,3.5999999999999996,False,False,0.41880449219592625,0.584666408152749,False,-0.5030828229671698,0.03740229991578742,False,0,False,0.17830805309671727,False,Normal,32,70
2025-02-19 21:00:00,0,0.0,0.0,0.0,21,2,0,-0.7071067811865477,0.7071067811865474,0.9749279121818236,-0.22252093395631434,0.0,0.0,0.0,47.083333333333336,61.947324514403,0.0,65161.29599958871,0.0,0.0,16.62828888144178,0.0,False,-6.695574677345242,16.62828888144178,False,0.0,1.5364473979711852,6.0,3.5999999999999996,False,False,0.41810315466283493,0.584666408152749,False,-0.5318563667789497,0.03740229991578742,False,0,False,0.1317709743125798,False,Normal,32,70
2025-02-19 22:00:00,0,0.0,0.0,0.0,22,2,0,-0.5000000000000004,0.8660254037844384,0.9749279121818236,-0.22252093395631434,0.0,0.0,0.0,47.083333333333336,61.947324514403,0.0,65161.29599958871,0.0,0.0,16.62828888144178,0.0,False,-5.3564597418761934,16.62828888144178,False,0.0,1.0364473979711852,6.0,3.5999999999999996,False,False,0.4196814544138275,0.584666408152749,False,-0.5356723565960936,0.03740229991578742,False,0,False,0.11894206034894025,False,Normal,32,70
2025-02-19 23:00:00,0,0.0,0.0,0.0,23,2,0,-0.25881904510252157,0.9659258262890681,0.9749279121818236,-0.22252093395631434,0.0,0.0,0.0,47.083333333333336,61.947324514403,0.0,65161.29599958871,0.0,0.0,16.62828888144178,0.0,False,-4.285167793500955,16.62828888144178,False,0.0,0.5364473979711852,6.0,3.5999999999999996,False,False,0.4189716461278354,0.584666408152749,False,-0.5509235902618714,0.03740229991578742,False,0,False,0.10574353591960163,False,Normal,32,70
2025-02-20 00:00:00,0,0.0,0.0,0.0,0,3,0,0.0,1.0,0.43388373911755823,-0.900968867902419,0.0,0.0,0.0,47.083333333333336,61.947324514403,0.0,65161.29599958871,0.0,0.0,16.62828888144178,0.0,False,-3.428134234800764,16.62828888144178,False,0.0,0.036447397971185236,6.0,3.5999999999999996,False,False,0.4196825869560065,0.5805702220647055,False,-0.535914477954097,0.11308711818334469,False,0,False,0.10157048416639292,False,Normal,32,70
2025-02-20 01:00:00,0,0.0,0.0,0.0,1,3,0,0.25881904510252074,0.9659258262890683,0.43388373911755823,-0.900968867902419,0.0,0.0,0.0,47.083333333333336,61.947324514403,0.0,65161.29599958871,0.0,0.0,16.62828888144178,0.0,False,-2.7425073878406114,16.62828888144178,False,0.0,0.0,6.0,3.5999999999999996,False,False,0.42026856463323065,0.5805702220647055,False,-0.5383173684532119,0.11308711818334469,False,0,False,0.09606443976757127,False,Normal,32,70
2025-02-20 02:00:00,0,0.0,0.0,0.0,2,3,0,0.49999999999999994,0.8660254037844387,0.43388373911755823,-0.900968867902419,0.0,0.0,0.0,47.083333333333336,61.947324514403,0.0,65161.29599958871,0.0,0.0,16.62828888144178,0.0,False,-2.194005910272489,16.62828888144178,False,0.0,0.0,6.0,3.5999999999999996,False,False,0.4184148915395937,0.5805702220647055,False,-0.5324428623432573,0.11308711818334469,False,0,False,0.09041428589645402,False,Normal,32,70
2025-02-20 03:00:00,0,0.0,0.0,0.0,3,3,0,0.7071067811865476,0.7071067811865476,0.43388373911755823,-0.900968867902419,0.0,0.0,0.0,47.083333333333336,61.947324514403,0.0,65161.29599958871,0.0,0.0,16.62828888144178,0.0,False,-1.7552047282179915,16.62828888144178,False,0.0,0.0,6.0,3.5999999999999996,False,False,0.41762234954330063,0.5805702220647055,False,-0.5200982371700148,0.11308711818334469,False,0,False,0.09668536130143288,False,Normal,32,70
2025-02-20 04:00:00,0,0.0,0.0,0.0,4,3,0,0.8660254037844386,0.5000000000000001,0.43388373911755823,-0.900968867902419,0.0,0.0,0.0,47.083333333333336,61.947324514403,0.0,65161.29599958871,0.0,0.0,16.62828888144178,0.0,False,-1.4041637825743933,16.62828888144178,False,0.0,0.0,6.0,3.5999999999999996,False,False,0.4224273966263033,0.5805702220647055,False,-0.5066536489102849,0.11308711818334469,False,0,False,0.11592038641942345,False,Normal,32,70
2025-02-20 05:00:00,0,0.0,0.0,0.0,5,3,0,0.9659258262890683,0.25881904510252074,0.43388373911755823,-0.900968867902419,0.0,0.0,0.0,47.083333333333336,61.947324514403,0.0,65161.29599958871,0.0,0.0,16.62828888144178,0.0,False,-1.1233310260595146,16.62828888144178,False,0.0,0.0,6.0,3.5999999999999996,False,False,0.42376019165431905,0.5805702220647055,False,-0.48671987413652773,0.11308711818334469,False,0,False,0.13592919303066986,False,Normal,32,70
2025-02-20 06:00:00,20,7233.0,8101.0,15334.0,6,3,0,1.0,6.123233995736766e-17,0.43388373911755823,-0.900968867902419,-0.05660254320182589,0.0,20.0,47.083333333333336,61.947324514403,-1.0,65161.29599958871,19.0,1.0,16.62828888144178,0.06013847889761304,False,-0.6986648208476118,16.62828888144178,False,0.0,0.0,6.0,3.5999999999999996,False,False,0.44991300467049516,0.5805702220647055,False,-0.43300984085301586,0.11308711818334469,False,0,False,0.1958773366201122,False,Normal,32,70
2025-02-20 07:00:00,25,11467.0,14600.0,26067.0,7,3,0,0.9659258262890683,-0.25881904510252063,0.43388373911755823,-0.900968867902419,-0.12018566825226332,20.0,5.0,47.416666666666664,61.77161066426852,-2.0,65219.44731575163,27.0,-2.0,16.618239517241374,-0.12034969154975808,False,-0.9589318566780896,16.618239517241374,False,0.0,0.0,6.0,3.5999999999999996,False,False,0.45411400778584393,0.5805702220647055,False,-0.3314784013179528,0.11308711818334469,False,0,False,0.24122524530708223,False,Normal,32,70
2025-02-20 08:00:00,58,22944.0,32084.0,55028.0,8,3,0,0.8660254037844387,-0.4999999999999998,0.43388373911755823,-0.900968867902419,-0.16609424121826674,25.0,33.0,47.333333333333336,61.80169314316817,11.0,65251.3269606728,62.5,-4.5,16.60710934084868,-0.27096828879974333,False,-1.6671454853424716,16.60710934084868,False,0.0,0.0,6.0,3.5999999999999996,False,False,0.4695556598468261,0.5805702220647055,False,-0.45814719152886285,0.11308711818334469,False,0,False,0.22991904662350027,False,Normal,32,70
2025-02-20 09:00:00,67,27887.0,44720.0,72607.0,9,3,0,0.7071067811865476,-0.7071067811865475,0.43388373911755823,-0.900968867902419,-0.2318339576906126,58.0,9.0,47.041666666666664,61.73116975111181,-21.0,65248.356170309286,92.0,-25.0,16.598115198107124,-1.5061951132168936,False,-6.333716388273977,16.598115198107124,False,0.0,1.0061951132168936,6.0,3.5999999999999996,False,False,0.4792485056571893,0.5805702220647055,False,-0.45163776994023497,0.11308711818334469,False,0,False,0.34567103523972814,False,Normal,32,70
2025-02-20 10:00:00,102,56086.0,69474.0,125560.0,10,3,0,0.49999999999999994,-0.8660254037844387,0.43388373911755823,-0.900968867902419,-0.10662546491346836,67.0,35.0,47.166666666666664,61.77002697007716,-19.0,64856.9519879874,114.0,-12.0,16.631277840033277,-0.7215320503584342,False,-7.466973110619183,16.631277840033277,False,0.0,1.2277271635753277,6.0,3.5999999999999996,False,False,0.4615188152764363,0.5805702220647055,False,-0.5120227212952279,0.11308711818334469,False,0,False,0.2263921419282955,False,Normal,32,70
2025-02-20 11:00:00,79,45962.0,40174.0,86136.0,11,3,0,0.258819045102521,-0.9659258262890682,0.43388373911755823,-0.900968867902419,0.06719528193459257,102.0,-23.0,47.416666666666664,61.98801894522541,5.0,65629.56078545174,100.5,-21.5,16.609767377582504,-1.2944190915652218,False,-10.273578488495346,16.609767377582504,False,0.0,2.02214625514055,6.0,3.5999999999999996,False,False,0.4716776563606108,0.5805702220647055,False,-0.35467461266665823,0.11308711818334469,False,0,False,0.3923869269829808,False,Normal,32,70
2025-02-20 12:00:00,71,27669.0,31339.0,59008.0,12,3,0,1.2246467991473532e-16,-1.0,0.43388373911755823,-0.900968867902419,-0.0621939026250233,79.0,-8.0,46.5,61.32025695513253,-14.0,65718.66083717687,69.0,2.0,16.523747251517623,0.12103792012530996,False,-7.8188627907962776,16.523747251517623,False,0.0,1.4011083350152398,6.0,3.5999999999999996,False,False,0.4523212994094145,0.5805702220647055,False,-0.4989748359829147,0.11308711818334469,False,0,False,0.21436226501957675,False,Normal,32,70
2025-02-20 13:00:00,64,26902.0,27294.0,54196.0,13,3,0,-0.2588190451025208,-0.9659258262890683,0.43388373911755823,-0.900968867902419,-0.0072328726682288685,71.0,-7.0,46.541666666666664,61.33725668768547,14.0,65644.27898567333,64.0,0.0,16.479032317045185,0.0,False,-6.255090232637023,16.479032317045185,False,0.0,0.9011083350152398,6.0,3.5999999999999996,False,False,0.4555328276095098,0.5805702220647055,False,-0.4482015891549178,0.11308711818334469,False,0,False,0.2435004805865154,False,Normal,32,70
2025-02-20 14:00:00,81,35596.0,41541.0,77137.0,14,3,0,-0.4999999999999997,-0.8660254037844388,0.43388373911755823,-0.900968867902419,-0.0770696673494257,64.0,17.0,46.583333333333336,61.34926147931996,9.0,65629.47318264778,80.5,0.5,16.475311338657672,0.03034844014308852,False,-4.904072186109619,16.475311338657672,False,0.0,0.3707598948721512,6.0,3.5999999999999996,False,False,0.4518817655740993,0.5805702220647055,False,-0.5153124494013166,0.11308711818334469,False,0,False,0.16508973598200707,False,Normal,32,70
2025-02-20 15:00:00,128,67750.0,63858.0,131608.0,15,3,0,-0.7071067811865471,-0.7071067811865479,0.43388373911755823,-0.900968867902419,0.02957244565341276,81.0,47.0,46.625,61.37327877689189,-28.0,65565.4041174547,146.0,-18.0,16.436204591010927,-1.0951433404427395,False,-7.523257748887695,16.436204591010927,False,0.0,0.9659032353148906,6.0,3.5999999999999996,False,False,0.48525470444618385,0.5805702220647055,False,-0.4463346909954977,0.11308711818334469,False,0,False,0.3581597462141442,False,Normal,32,70
2025-02-20 16:00:00,172,90104.0,100135.0,190239.0,16,3,0,-0.8660254037844385,-0.5000000000000004,0.43388373911755823,-0.900968867902419,-0.052728132884777124,128.0,44.0,46.708333333333336,61.48699344022963,-1.0,65074.73997921406,193.5,-21.5,16.384127442405216,-1.3122456521153478,False,-10.318606199110157,16.384127442405216,False,0.0,1.7781488874302385,6.0,3.5999999999999996,False,False,0.4926818823265755,0.5805702220647055,False,-0.44082278048153123,0.11308711818334469,False,0,False,0.40635183392826696,False,Normal,32,70
2025-02-20 17:00:00,235,118078.0,114885.0,232963.0,17,3,0,-0.9659258262890683,-0.25881904510252063,0.43388373911755823,-0.900968867902419,0.013705980323140056,172.0,63.0,46.291666666666664,60.557180428494824,4.0,63524.58747072733,230.0,5.0,16.367876710593542,0.3054763967499781,False,-7.254884959288125,16.367876710593542,False,0.0,0.9726724906802604,6.0,3.5999999999999996,False,False,0.532044650297021,0.5805702220647055,False,-0.3761082434744465,0.11308711818334469,False,0,False,0.4035176809806306,False,Normal,32,70
2025-02-20 18:00:00,41,15804.0,17008.0,32812.0,18,3,0,-1.0,-1.8369701987210297e-16,0.43388373911755823,-0.900968867902419,-0.03669277420534544,235.0,-194.0,46.958333333333336,62.59495685107873,17.0,65144.704094526416,32.5,8.5,16.04562801260751,0.5297393154896342,False,-4.103907967430501,16.04562801260751,False,0.029739315489634155,0.0,6.0,3.5999999999999996,False,False,0.5442577808044234,0.5805702220647055,False,0.213847083106377,0.11308711818334469,True,1,False,0.4644730822589246,False,Normal,32,70
2025-02-20 19:00:00,0,0.0,0.0,0.0,19,3,0,-0.9659258262890684,0.2588190451025203,0.43388373911755823,-0.900968867902419,0.0,41.0,-41.0,47.625,62.43592367553629,0.0,65171.28285124093,0.0,0.0,16.05227148113307,0.0,False,-3.2831263739444005,16.05227148113307,False,0.0,0.0,6.0,3.5999999999999996,False,False,0.4522674376441783,0.5805702220647055,False,-0.3775068998593403,0.11308711818334469,False,0,False,0.2450985578445452,False,Normal,32,70
2025-02-20 20:00:00,0,0.0,0.0,0.0,20,3,0,-0.8660254037844386,0.5000000000000001,0.43388373911755823,-0.900968867902419,0.0,0.0,0.0,47.625,62.43592367553629,0.0,65171.28285124093,0.0,0.0,16.05227148113307,0.0,False,-2.6265010991555204,16.05227148113307,False,0.0,0.0,6.0,3.5999999999999996,False,False,0.41495549522122877,0.5805702220647055,False,-0.4866833085853477,0.11308711818334469,False,0,False,0.13472585002095452,False,Normal,32,70
2025-02-20 21:00:00,0,0.0,0.0,0.0,21,3,0,-0.7071067811865477,0.7071067811865474,0.43388373911755823,-0.900968867902419,0.0,0.0,0.0,47.625,62.43592367553629,0.0,65171.28285124093,0.0,0.0,16.05227148113307,0.0,False,-2.1012008793244163,16.05227148113307,False,0.0,0.0,6.0,3.5999999999999996,False,False,0.4112074550773352,0.5805702220647055,False,-0.5090758857855393,0.11308711818334469,False,0,False,0.10175071746994714,False,Normal,32,70
2025-02-20 22:00:00,0,0.0,0.0,0.0,22,3,0,-0.5000000000000004,0.8660254037844384,0.43388373911755823,-0.900968867902419,0.0,0.0,0.0,47.625,62.43592367553629,0.0,65171.28285124093,0.0,0.0,16.05227148113307,0.0,False,-1.680960703459533,16.05227148113307,False,0.0,0.0,6.0,3.5999999999999996,False,False,0.4104943753464468,0.5805702220647055,False,-0.5223340409105651,0.11308711818334469,False,0,False,0.08127416948157569,False,Normal,32,70
2025-02-20 23:00:00,0,0.0,0.0,0.0,23,3,0,-0.25881904510252157,0.9659258262890681,0.43388373911755823,-0.900968867902419,0.0,0.0,0.0,47.625,62.43592367553629,0.0,65171.28285124093,0.0,0.0,16.05227148113307,0.0,False,-1.3447685627676265,16.05227148113307,False,0.0,0.0,6.0,3.5999999999999996,False,False,0.41241886158411045,0.5805702220647055,False,-0.529215000394239,0.11308711818334469,False,0,False,0.07560454157776991,False,Normal,32,70
2025-02-21 00:00:00,0,0.0,0.0,0.0,0,4,0,0.0,1.0,-0.433883739117558,-0.9009688679024191,0.0,0.0,0.0,47.625,62.43592367553629,0.0,65171.28285124093,0.0,0.0,16.05227148113307,0.0,False,-1.0758148502141012,16.05227148113307,False,0.0,0.0,6.0,3.5999999999999996,False,False,0.41973321615069603,0.5855277001275685,False,-0.48985236432545176,0.1585377553613496,False,0,False,0.12849861453562417,False,Normal,32,70
2025-02-21 01:00:00,0,0.0,0.0,0.0,1,4,0,0.25881904510252074,0.9659258262890683,-0.433883739117558,-0.9009688679024191,0.0,0.0,0.0,47.625,62.43592367553629,0.0,65171.28285124093,0.0,0.0,16.05227148113307,0.0,False,-0.860651880171281,16.05227148113307,False,0.0,0.0,6.0,3.5999999999999996,False,False,0.4184698960117327,0.5855277001275685,False,-0.4916714563138762,0.1585377553613496,False,0,False,0.1224149964974132,False,Normal,32,70
2025-02-21 02:00:00,0,0.0,0.0,0.0,2,4,0,0.49999999999999994,0.8660254037844387,-0.433883739117558,-0.9009688679024191,0.0,0.0,0.0,47.625,62.43592367553629,0.0,65171.28285124093,0.0,0.0,16.05227148113307,0.0,False,-0.6885215041370248,16.05227148113307,False,0.0,0.0,6.0,3.5999999999999996,False,False,0.41520302456495534,0.5855277001275685,False,-0.49276775575222675,0.1585377553613496,False,0,False,0.11280091105560845,False,Normal,32,70
2025-02-21 03:00:00,0,0.0,0.0,0.0,3,4,0,0.7071067811865476,0.7071067811865476,-0.433883739117558,-0.9009688679024191,0.0,0.0,0.0,47.625,62.43592367553629,0.0,65171.28285124093,0.0,0.0,16.05227148113307,0.0,False,-0.5508172033096199,16.05227148113307,False,0.0,0.0,6.0,3.5999999999999996,False,False,0.41756196916893057,0.5855277001275685,False,-0.47994439048958415,0.1585377553613496,False,0,False,0.12703380000553546,False,Normal,32,70
2025-02-21 04:00:00,0,0.0,0.0,0.0,4,4,0,0.8660254037844386,0.5000000000000001,-0.433883739117558,-0.9009688679024191,0.0,0.0,0.0,47.625,62.43592367553629,0.0,65171.28285124093,0.0,0.0,16.05227148113307,0.0,False,-0.44065376264769596,16.05227148113307,False,0.0,0.0,6.0,3.5999999999999996,False,False,0.41611980176086727,0.5855277001275685,False,-0.46131627379027274,0.1585377553613496,False,0,False,0.1420858415025557,False,Normal,32,70
2025-02-21 05:00:00,0,0.0,0.0,0.0,5,4,0,0.9659258262890683,0.25881904510252074,-0.433883739117558,-0.9009688679024191,0.0,0.0,0.0,47.625,62.43592367553629,0.0,65171.28285124093,0.0,0.0,16.05227148113307,0.0,False,-0.3525230101181568,16.05227148113307,False,0.0,0.0,6.0,3.5999999999999996,False,False,0.4180235735380648,0.5855277001275685,False,-0.4319375023402079,0.1585377553613496,False,0,False,0.16148702526196967,False,Normal,32,70
2025-02-21 06:00:00,20,9324.0,10316.0,19640.0,6,4,0,1.0,6.123233995736766e-17,-0.433883739117558,-0.9009688679024191,-0.05050659335064406,0.0,20.0,47.625,62.43592367553629,-3.0,65171.28285124093,19.5,0.5,16.05227148113307,0.031148239710976213,False,-0.18201840809452544,16.05227148113307,False,0.0,0.0,6.0,3.5999999999999996,False,False,0.459037275739649,0.5855277001275685,False,-0.37042850756094947,0.1585377553613496,False,0,False,0.22741142520336888,False,Normal,32,70
2025-02-21 07:00:00,34,15916.0,16485.0,32401.0,7,4,0,0.9659258262890683,-0.25881904510252063,-0.433883739117558,-0.9009688679024191,-0.017560644404666377,20.0,14.0,47.625,62.43592367553629,9.0,65082.50869727997,26.5,7.5,16.048293048580188,0.4673394221613827,False,1.3543852735243798,16.048293048580188,False,0.0,0.0,6.0,3.5999999999999996,False,False,0.4619724344375665,0.5855277001275685,False,-0.32459698306348805,0.1585377553613496,False,0,False,0.26988039178793444,False,Normal,32,70
2025-02-21 08:00:00,49,24724.0,29243.0,53967.0,8,4,0,0.8660254037844387,-0.4999999999999998,-0.433883739117558,-0.9009688679024191,-0.08373480581085087,34.0,15.0,48.0,62.32104815773129,-16.0,65000.552355833155,59.0,-10.0,16.025426693343114,-0.6240083456969013,False,-0.9164917811804962,16.025426693343114,False,0.0,0.12400834569690133,6.0,3.5999999999999996,False,False,0.458766945663352,0.5855277001275685,False,-0.3978473078522329,0.1585377553613496,False,0,False,0.24215965486958996,False,Normal,32,70
2025-02-21 09:00:00,93,39686.0,63144.0,102830.0,9,4,0,0.7071067811865476,-0.7071067811865475,-0.433883739117558,-0.9009688679024191,-0.22812186986414604,49.0,44.0,47.625,62.28532697611646,-13.0,64996.437913711976,85.0,8.0,15.992471927240922,0.5002353630130891,False,0.8668065750556031,15.992471927240922,False,0.00023536301308912932,0.0,6.0,3.5999999999999996,False,False,0.4942265453254038,0.5855277001275685,False,-0.3931557797412981,0.1585377553613496,False,0,False,0.31602655912032845,False,Normal,32,70
2025-02-21 10:00:00,135,53431.0,71157.0,124588.0,10,4,0,0.49999999999999994,-0.8660254037844387,-0.433883739117558,-0.9009688679024191,-0.14227580283973706,93.0,42.0,48.708333333333336,62.860424521430765,19.0,65768.41025361678,111.0,24.0,15.88076238322082,1.5112624583664664,False,5.493445260044483,15.88076238322082,False,1.0114978213795556,0.0,6.0,3.5999999999999996,False,False,0.48727550046248036,0.5855277001275685,False,-0.4114399970988145,0.1585377553613496,False,0,False,0.376139554701992,False,Normal,32,70
2025-02-21 11:00:00,119,51330.0,45985.0,97315.0,11,4,0,0.258819045102521,-0.9659258262890682,-0.433883739117558,-0.9009688679024191,0.054924164577253486,135.0,-16.0,50.083333333333336,64.41841261671986,8.0,65720.09888538998,96.5,22.5,15.562700487463434,1.4457645071383929,False,8.894756208035588,15.562700487463434,False,1.9572623285179485,0.0,6.0,3.5999999999999996,False,False,0.49460023035426004,0.5855277001275685,False,-0.38460384872795683,0.1585377553613496,False,0,False,0.4301315009079973,False,Normal,32,70
2025-02-21 12:00:00,71,31905.0,42431.0,74336.0,12,4,0,1.2246467991473532e-16,-1.0,-0.433883739117558,-0.9009688679024191,-0.14159839649165287,119.0,-48.0,51.75,65.70371573107236,5.0,66027.01010401246,69.0,2.0,15.29820931980282,0.13073425511383827,False,7.515804966428471,15.29820931980282,False,1.5879965836317869,0.0,6.0,3.5999999999999996,False,False,0.47903441795785523,0.5855277001275685,False,-0.43975440676867916,0.1585377553613496,False,0,False,0.3226200841833261,False,Normal,32,70
2025-02-21 13:00:00,51,34080.0,40408.0,74488.0,13,4,0,-0.2588190451025208,-0.9659258262890683,-0.433883739117558,-0.9009688679024191,-0.08495214058451583,71.0,-20.0,51.75,65.70371573107236,-14.0,66188.20625778576,63.5,-12.5,15.268691769162663,-0.8186686972911171,False,3.5126439731427768,15.268691769162663,False,0.26932788634066973,0.31866869729111713,6.0,3.5999999999999996,False,False,0.4550132666875321,0.5855277001275685,False,-0.4812107212551755,0.1585377553613496,False,0,False,0.22038808053289152,False,Normal,32,70
2025-02-21 14:00:00,78,38638.0,50290.0,88928.0,14,4,0,-0.4999999999999997,-0.8660254037844388,-0.433883739117558,-0.9009688679024191,-0.13102587457409845,51.0,27.0,51.208333333333336,65.65190097361445,-9.0,66360.17323972112,80.5,-2.5,15.141415779120745,-0.16511005552382854,False,2.3101151785142218,15.141415779120745,False,0.0,0.0,6.0,3.5999999999999996,False,False,0.4584619750308364,0.5855277001275685,False,-0.4868721049182698,0.1585377553613496,False,0,False,0.18513063627462414,False,Normal,32,70
2025-02-21 15:00:00,154,64743.0,92209.0,156952.0,15,4,0,-0.7071067811865471,-0.7071067811865479,-0.433883739117558,-0.9009688679024191,-0.1749950622160774,78.0,76.0,51.083333333333336,65.59554376875644,17.0,66598.76523095639,140.0,14.0,14.9530584197562,0.9362633119591772,False,4.648092142811378,14.9530584197562,False,0.4362633119591772,0.0,6.0,3.5999999999999996,False,False,0.5028473065198301,0.5855277001275685,False,-0.37423983657489734,0.1585377553613496,False,0,False,0.38607531469612355,False,Normal,32,70
2025-02-21 16:00:00,226,98707.0,120637.0,219344.0,16,4,0,-0.8660254037844385,-0.5000000000000004,-0.433883739117558,-0.9009688679024191,-0.09997948437393148,154.0,72.0,52.166666666666664,67.11810917859759,12.0,68094.46242333385,185.0,41.0,14.7689890836979,2.7760870949018472,False,11.918473714249103,14.7689890836979,False,2.7123504068610247,0.0,6.0,3.5999999999999996,False,False,0.5176697385149859,0.5855277001275685,False,-0.38609043860088677,0.1585377553613496,False,0,False,0.5286601223846981,False,Normal,32,70
2025-02-21 17:00:00,229,106350.0,142079.0,248429.0,17,4,0,-0.9659258262890683,-0.25881904510252063,-0.433883739117558,-0.9009688679024191,-0.14381918447852512,226.0,3.0,54.416666666666664,72.03496534242284,-47.0,70841.28893560571,230.0,-1.0,14.02488171886166,-0.07130184910259377,False,9.334778971399283,14.02488171886166,False,2.141048557758431,0.0,6.0,3.5999999999999996,False,False,0.5735243661665977,0.5855277001275685,False,-0.3366366127129532,0.1585377553613496,False,0,False,0.46258462873440226,False,Normal,32,70
2025-02-21 18:00:00,30,17019.0,22978.0,39997.0,18,4,0,-1.0,-1.8369701987210297e-16,-0.433883739117558,-0.9009688679024191,-0.14898244912245612,229.0,-199.0,54.166666666666664,71.38850636187671,0.0,72583.19741195947,32.5,-2.5,12.755188047951185,-0.1959986783888745,False,6.967823177119427,12.755188047951185,False,1.4450498793695565,0.0,6.0,3.5999999999999996,False,False,0.5615655864387781,0.5855277001275685,False,0.16090498079274274,0.1585377553613496,True,1,False,0.5045089815121523,False,Normal,32,70
2025-02-21 19:00:00,0,0.0,0.0,0.0,19,4,0,-0.9659258262890684,0.2588190451025203,-0.433883739117558,-0.9009688679024191,0.0,30.0,-30.0,53.708333333333336,71.51192005634395,0.0,72501.39241949983,0.0,0.0,12.732830184162584,0.0,False,5.574258541695542,12.732830184162584,False,0.9450498793695565,0.0,6.0,3.5999999999999996,False,False,0.4506265161580113,0.5855277001275685,False,-0.2987258747833692,0.1585377553613496,False,0,False,0.29633273814565575,False,Normal,32,70
2025-02-21 20:00:00,0,0.0,0.0,0.0,20,4,0,-0.8660254037844386,0.5000000000000001,-0.433883739117558,-0.9009688679024191,0.0,0.0,0.0,53.708333333333336,71.51192005634395,0.0,72501.39241949983,0.0,0.0,12.732830184162584,0.0,False,4.459406833356434,12.732830184162584,False,0.44504987936955653,0.0,6.0,3.5999999999999996,False,False,0.4254184888637342,0.5855277001275685,False,-0.39686261030127157,0.1585377553613496,False,0,False,0.23535270737045721,False,Normal,32,70
2025-02-21 21:00:00,0,0.0,0.0,0.0,21,4,0,-0.7071067811865477,0.7071067811865474,-0.433883739117558,-0.9009688679024191,0.0,0.0,0.0,53.708333333333336,71.51192005634395,0.0,72501.39241949983,0.0,0.0,12.732830184162584,0.0,False,3.5675254666851473,12.732830184162584,False,0.0,0.0,6.0,3.5999999999999996,False,False,0.4241744928955111,0.5855277001275685,False,-0.4434628782562444,0.1585377553613496,False,0,False,0.20288890746939947,False,Normal,32,70
2025-02-21 22:00:00,0,0.0,0.0,0.0,22,4,0,-0.5000000000000004,0.8660254037844384,-0.433883739117558,-0.9009688679024191,0.0,0.0,0.0,53.708333333333336,71.51192005634395,0.0,72501.39241949983,0.0,0.0,12.732830184162584,0.0,False,2.854020373348118,12.732830184162584,False,0.0,0.0,6.0,3.5999999999999996,False,False,0.42211759843326546,0.5855277001275685,False,-0.46375350261539094,0.1585377553613496,False,0,False,0.1790807888968679,False,Normal,32,70
2025-02-21 23:00:00,0,0.0,0.0,0.0,23,4,0,-0.25881904510252157,0.9659258262890681,-0.433883739117558,-0.9009688679024191,0.0,0.0,0.0,53.708333333333336,71.51192005634395,0.0,72501.39241949983,0.0,0.0,12.732830184162584,0.0,False,2.2832162986784943,12.732830184162584,False,0.0,0.0,6.0,3.5999999999999996,False,False,0.42361592400996273,0.5855277001275685,False,-0.47907920585535746,0.1585377553613496,False,0,False,0.15931800190401116,False,Normal,32,70
2025-02-22 00:00:00,0,0.0,0.0,0.0,0,5,1,0.0,1.0,-0.9749279121818236,-0.2225209339563146,0.0,0.0,0.0,53.708333333333336,71.51192005634395,0.0,72501.39241949983,0.0,0.0,12.732830184162584,0.0,False,1.8265730389427954,12.732830184162584,False,0.0,0.0,6.0,3.5999999999999996,False,False,0.4770698327657881,0.591288879170415,False,-0.27684971501696976,0.160836100948724,False,0,False,0.31032893335841494,False,Normal,32,70
2025-02-22 01:00:00,0,0.0,0.0,0.0,1,5,1,0.25881904510252074,0.9659258262890683,-0.9749279121818236,-0.2225209339563146,0.0,0.0,0.0,53.708333333333336,71.51192005634395,0.0,72501.39241949983,0.0,0.0,12.732830184162584,0.0,False,1.4612584311542365,12.732830184162584,False,0.0,0.0,6.0,3.5999999999999996,False,False,0.4700327467652689,0.591288879170415,False,-0.29867926772557163,0.160836100948724,False,0,False,0.2814232590462825,False,Normal,32,70
2025-02-22 02:00:00,0,0.0,0.0,0.0,2,5,1,0.49999999999999994,0.8660254037844387,-0.9749279121818236,-0.2225209339563146,0.0,0.0,0.0,53.708333333333336,71.51192005634395,0.0,72501.39241949983,0.0,0.0,12.732830184162584,0.0,False,1.1690067449233892,12.732830184162584,False,0.0,0.0,6.0,3.5999999999999996,False,False,0.4642558548272207,0.591288879170415,False,-0.37385862272263304,0.160836100948724,False,0,False,0.2459110791471384,False,Normal,32,70
2025-02-22 03:00:00,0,0.0,0.0,0.0,3,5,1,0.7071067811865476,0.7071067811865476,-0.9749279121818236,-0.2225209339563146,0.0,0.0,0.0,53.708333333333336,71.51192005634395,0.0,72501.39241949983,0.0,0.0,12.732830184162584,0.0,False,0.9352053959387114,12.732830184162584,False,0.0,0.0,6.0,3.5999999999999996,False,False,0.4605229121262675,0.591288879170415,False,-0.44908636827681625,0.160836100948724,False,0,False,0.20343298316789796,False,Normal,32,70
2025-02-22 04:00:00,0,0.0,0.0,0.0,4,5,1,0.8660254037844386,0.5000000000000001,-0.9749279121818236,-0.2225209339563146,0.0,0.0,0.0,53.708333333333336,71.51192005634395,0.0,72501.39241949983,0.0,0.0,12.732830184162584,0.0,False,0.7481643167509692,12.732830184162584,False,0.0,0.0,6.0,3.5999999999999996,False,False,0.45893659803546033,0.591288879170415,False,-0.4928489271661185,0.160836100948724,False,0,False,0.16173983222720226,False,Normal,32,70
2025-02-22 05:00:00,0,0.0,0.0,0.0,5,5,1,0.9659258262890683,0.25881904510252074,-0.9749279121818236,-0.2225209339563146,0.0,0.0,0.0,53.708333333333336,71.51192005634395,0.0,72501.39241949983,0.0,0.0,12.732830184162584,0.0,False,0.5985314534007754,12.732830184162584,False,0.0,0.0,6.0,3.5999999999999996,False,False,0.4606429900176866,0.591288879170415,False,-0.5156519037961593,0.160836100948724,False,0,False,0.1374349369428105,False,Normal,32,70
2025-02-22 06:00:00,0,0.0,0.0,0.0,6,5,1,1.0,6.123233995736766e-17,-0.9749279121818236,-0.2225209339563146,0.0,0.0,0.0,53.708333333333336,71.51192005634395,0.0,72501.39241949983,0.0,0.0,12.732830184162584,0.0,False,0.47882516272062037,12.732830184162584,False,0.0,0.0,6.0,3.5999999999999996,False,False,0.46298648727903957,0.591288879170415,False,-0.5244944698813019,0.160836100948724,False,0,False,0.13066424168907986,False,Normal,32,70
2025-02-22 07:00:00,0,0.0,0.0,0.0,7,5,1,0.9659258262890683,-0.25881904510252063,-0.9749279121818236,-0.2225209339563146,0.0,0.0,0.0,52.875,72.03641138491972,0.0,73033.23265203921,0.0,0.0,12.732830184162584,0.0,False,0.3830601301764963,12.732830184162584,False,0.0,0.0,6.0,3.5999999999999996,False,False,0.45866738901303367,0.591288879170415,False,-0.5306652807087076,0.160836100948724,False,0,False,0.11715311619770584,False,Normal,32,70
2025-02-22 08:00:00,0,0.0,0.0,0.0,8,5,1,0.8660254037844387,-0.4999999999999998,-0.9749279121818236,-0.2225209339563146,0.0,0.0,0.0,51.458333333333336,72.7544883818871,0.0,73759.83799098615,0.0,0.0,12.732830184162584,0.0,False,0.30644810414119705,12.732830184162584,False,0.0,0.0,6.0,3.5999999999999996,False,False,0.45737752427232936,0.591288879170415,False,-0.527171936559878,0.160836100948724,False,0,False,0.11833391617913845,False,Normal,32,70
2025-02-22 09:00:00,0,0.0,0.0,0.0,9,5,1,0.7071067811865476,-0.7071067811865475,-0.9749279121818236,-0.2225209339563146,0.0,0.0,0.0,49.416666666666664,73.51008015271083,0.0,74559.51408908919,0.0,0.0,12.732830184162584,0.0,False,0.24515848331295764,12.732830184162584,False,0.0,0.0,6.0,3.5999999999999996,False,False,0.4597538939206603,0.591288879170415,False,-0.5219144564742921,0.160836100948724,False,0,False,0.12454072844892874,False,Normal,32,70
2025-02-22 10:00:00,0,0.0,0.0,0.0,10,5,1,0.49999999999999994,-0.8660254037844387,-0.9749279121818236,-0.2225209339563146,0.0,0.0,0.0,45.541666666666664,73.56392024844,0.0,74414.03997988973,0.0,0.0,12.732830184162584,0.0,False,0.19612678665036612,12.732830184162584,False,0.0,0.0,6.0,3.5999999999999996,False,False,0.46429938780331587,0.591288879170415,False,-0.5137405855510303,0.160836100948724,False,0,False,0.14065318201007931,False,Normal,32,70
2025-02-22 11:00:00,0,0.0,0.0,0.0,11,5,1,0.258819045102521,-0.9659258262890682,-0.9749279121818236,-0.2225209339563146,0.0,0.0,0.0,39.916666666666664,71.56020066238342,0.0,73089.00617699094,0.0,0.0,12.732830184162584,0.0,False,0.1569014293202929,12.732830184162584,False,0.0,0.0,6.0,3.5999999999999996,False,False,0.46698663283423003,0.591288879170415,False,-0.5074803841227387,0.160836100948724,False,0,False,0.1526442684545054,False,Normal,32,70
2025-02-22 12:00:00,0,0.0,0.0,0.0,12,5,1,1.2246467991473532e-16,-1.0,-0.9749279121818236,-0.2225209339563146,0.0,0.0,0.0,34.958333333333336,69.94686130054087,0.0,72564.55473391873,0.0,0.0,12.732830184162584,0.0,False,0.12552114345623433,12.732830184162584,False,0.0,0.0,6.0,3.5999999999999996,False,False,0.47641086997218896,0.591288879170415,False,-0.5057680505178782,0.160836100948724,False,0,False,0.18263507768495263,False,Normal,32,70
2025-02-22 13:00:00,0,0.0,0.0,0.0,13,5,1,-0.2588190451025208,-0.9659258262890683,-0.9749279121818236,-0.2225209339563146,0.0,0.0,0.0,32.0,69.85761917301318,0.0,72514.93915783988,0.0,0.0,12.732830184162584,0.0,False,0.10041691476498747,12.732830184162584,False,0.0,0.0,6.0,3.5999999999999996,False,False,0.47583547062001874,0.591288879170415,False,-0.4999663155981551,0.160836100948724,False,0,False,0.18798072132399207,False,Normal,32,70
2025-02-22 14:00:00,0,0.0,0.0,0.0,14,5,1,-0.4999999999999997,-0.8660254037844388,-0.9749279121818236,-0.2225209339563146,0.0,0.0,0.0,29.875,70.03000133483164,0.0,72323.08482558254,0.0,0.0,12.732830184162584,0.0,False,0.08033353181198999,12.732830184162584,False,0.0,0.0,6.0,3.5999999999999996,False,False,0.47604798292523587,0.591288879170415,False,-0.4830653940793259,0.160836100948724,False,0,False,0.2031935658232386,False,Normal,32,70
2025-02-22 15:00:00,0,0.0,0.0,0.0,15,5,1,-0.7071067811865471,-0.7071067811865479,-0.9749279121818236,-0.2225209339563146,0.0,0.0,0.0,26.625,69.50746753751183,0.0,71521.29802479941,0.0,0.0,12.732830184162584,0.0,False,0.06426682544959199,12.732830184162584,False,0.0,0.0,6.0,3.5999999999999996,False,False,0.487654131776904,0.591288879170415,False,-0.46458044662758846,0.160836100948724,False,0,False,0.24584136951252344,False,Normal,32,70
2025-02-22 16:00:00,0,0.0,0.0,0.0,16,5,1,-0.8660254037844385,-0.5000000000000004,-0.9749279121818236,-0.2225209339563146,0.0,0.0,0.0,20.208333333333332,64.1384231084658,0.0,66163.69232304711,0.0,0.0,12.732830184162584,0.0,False,0.05141346035967359,12.732830184162584,False,0.0,0.0,6.0,3.5999999999999996,False,False,0.5034206417892897,0.591288879170415,False,-0.3841017879617068,0.160836100948724,False,0,False,0.30643433156507494,False,Normal,32,70
2025-02-22 17:00:00,0,0.0,0.0,0.0,17,5,1,-0.9659258262890683,-0.25881904510252063,-0.9749279121818236,-0.2225209339563146,0.0,0.0,0.0,10.791666666666666,46.879103685105164,0.0,51011.719236857745,0.0,0.0,12.732830184162584,0.0,False,0.04113076828773887,12.732830184162584,False,0.0,0.0,6.0,3.5999999999999996,False,False,0.54364386444955,0.591288879170415,False,-0.16405373516212585,0.160836100948724,False,0,False,0.36422518060786524,False,Normal,32,70
2025-02-22 18:00:00,0,0.0,0.0,0.0,18,5,1,-1.0,-1.8369701987210297e-16,-0.9749279121818236,-0.2225209339563146,0.0,0.0,0.0,1.25,6.123724356957948,0.0,8164.353436841768,0.0,0.0,12.732830184162584,0.0,False,0.0329046146301911,12.732830184162584,False,0.0,0.0,6.0,3.5999999999999996,False,False,0.5571562121059671,0.591288879170415,False,-0.49178870873818914,0.160836100948724,False,0,False,0.272555238119251,False,Normal,32,70
2025-02-22 19:00:00,0,0.0,0.0,0.0,19,5,1,-0.9659258262890684,0.2588190451025203,-0.9749279121818236,-0.2225209339563146,0.0,0.0,0.0,0.0,0.0,0.0,0.0,0.0,0.0,12.732830184162584,0.0,False,0.02632369170415288,12.732830184162584,False,0.0,0.0,6.0,3.5999999999999996,False,False,0.5159223500070111,0.591288879170415,False,-0.5019890169380649,0.160836100948724,False,0,False,0.239120969521618,False,Normal,32,70
2025-02-22 20:00:00,0,0.0,0.0,0.0,20,5,1,-0.8660254037844386,0.5000000000000001,-0.9749279121818236,-0.2225209339563146,0.0,0.0,0.0,0.0,0.0,0.0,0.0,0.0,0.0,12.732830184162584,0.0,False,0.021058953363322308,12.732830184162584,False,0.0,0.0,6.0,3.5999999999999996,False,False,0.5084450046220669,0.591288879170415,False,-0.5105716819513781,0.160836100948724,False,0,False,0.22297748722778132,False,Normal,32,70
2025-02-22 21:00:00,0,0.0,0.0,0.0,21,5,1,-0.7071067811865477,0.7071067811865474,-0.9749279121818236,-0.2225209339563146,0.0,0.0,0.0,0.0,0.0,0.0,0.0,0.0,0.0,12.732830184162584,0.0,False,0.016847162690657846,12.732830184162584,False,0.0,0.0,6.0,3.5999999999999996,False,False,0.504721665110698,0.591288879170415,False,-0.5103671835674248,0.160836100948724,False,0,False,0.22126588491331117,False,Normal,32,70
2025-02-22 22:00:00,0,0.0,0.0,0.0,22,5,1,-0.5000000000000004,0.8660254037844384,-0.9749279121818236,-0.2225209339563146,0.0,0.0,0.0,0.0,0.0,0.0,0.0,0.0,0.0,12.732830184162584,0.0,False,0.013477730152526277,12.732830184162584,False,0.0,0.0,6.0,3.5999999999999996,False,False,0.5088863700108763,0.591288879170415,False,-0.50068792635607,0.160836100948724,False,0,False,0.23594997384825195,False,Normal,32,70
2025-02-22 23:00:00,0,0.0,0.0,0.0,23,5,1,-0.25881904510252157,0.9659258262890681,-0.9749279121818236,-0.2225209339563146,0.0,0.0,0.0,0.0,0.0,0.0,0.0,0.0,0.0,12.732830184162584,0.0,False,0.010782184122021022,12.732830184162584,False,0.0,0.0,6.0,3.5999999999999996,False,False,0.5206457325785651,0.591288879170415,False,-0.4952433470474378,0.160836100948724,False,0,False,0.2480436869437701,False,Normal,32,70
2025-02-23 00:00:00,0,0.0,0.0,0.0,0,6,1,0.0,1.0,-0.7818314824680299,0.6234898018587334,0.0,0.0,0.0,0.0,0.0,0.0,0.0,0.0,0.0,12.732830184162584,0.0,False,0.008625747297616818,12.732830184162584,False,0.0,0.0,6.0,3.5999999999999996,False,False,0.4817928240074709,0.5934418516568021,False,-0.5061913702234222,0.15710153857035417,False,0,False,0.19490498700819958,False,Normal,32,70
2025-02-23 01:00:00,0,0.0,0.0,0.0,1,6,1,0.25881904510252074,0.9659258262890683,-0.7818314824680299,0.6234898018587334,0.0,0.0,0.0,0.0,0.0,0.0,0.0,0.0,0.0,12.732830184162584,0.0,False,0.0069005978380934545,12.732830184162584,False,0.0,0.0,6.0,3.5999999999999996,False,False,0.47796446232840206,0.5934418516568021,False,-0.4924913647187741,0.15710153857035417,False,0,False,0.20031537537434993,False,Normal,32,70
2025-02-23 02:00:00,0,0.0,0.0,0.0,2,6,1,0.49999999999999994,0.8660254037844387,-0.7818314824680299,0.6234898018587334,0.0,0.0,0.0,0.0,0.0,0.0,0.0,0.0,0.0,12.732830184162584,0.0,False,0.005520478270474764,12.732830184162584,False,0.0,0.0,6.0,3.5999999999999996,False,False,0.47316117258395185,0.5934418516568021,False,-0.48194436565574716,0.15710153857035417,False,0,False,0.19367458494367473,False,Normal,32,70
2025-02-23 03:00:00,0,0.0,0.0,0.0,3,6,1,0.7071067811865476,0.7071067811865476,-0.7818314824680299,0.6234898018587334,0.0,0.0,0.0,0.0,0.0,0.0,0.0,0.0,0.0,12.732830184162584,0.0,False,0.004416382616379811,12.732830184162584,False,0.0,0.0,6.0,3.5999999999999996,False,False,0.47463953924642976,0.5934418516568021,False,-0.465642460196094,0.15710153857035417,False,0,False,0.21437787020213078,False,Normal,32,70
2025-02-23 04:00:00,0,0.0,0.0,0.0,4,6,1,0.8660254037844386,0.5000000000000001,-0.7818314824680299,0.6234898018587334,0.0,0.0,0.0,0.0,0.0,0.0,0.0,0.0,0.0,12.732830184162584,0.0,False,0.0035331060931038487,12.732830184162584,False,0.0,0.0,6.0,3.5999999999999996,False,False,0.4741454599790559,0.5934418516568021,False,-0.47007375337602686,0.15710153857035417,False,0,False,0.20575323249129265,False,Normal,32,70
2025-02-23 05:00:00,0,0.0,0.0,0.0,5,6,1,0.9659258262890683,0.25881904510252074,-0.7818314824680299,0.6234898018587334,0.0,0.0,0.0,0.0,0.0,0.0,0.0,0.0,0.0,12.732830184162584,0.0,False,0.002826484874483079,12.732830184162584,False,0.0,0.0,6.0,3.5999999999999996,False,False,0.4756292124886918,0.5934418516568021,False,-0.47268855215775085,0.15710153857035417,False,0,False,0.20946681820277194,False,Normal,32,70
2025-02-23 06:00:00,0,0.0,0.0,0.0,6,6,1,1.0,6.123233995736766e-17,-0.7818314824680299,0.6234898018587334,0.0,0.0,0.0,0.0,0.0,0.0,0.0,0.0,0.0,12.732830184162584,0.0,False,0.0022611878995864635,12.732830184162584,False,0.0,0.0,6.0,3.5999999999999996,False,False,0.48254617853719234,0.5934418516568021,False,-0.4654724512583963,0.15710153857035417,False,0,False,0.23677757441240482,False,Normal,32,70
2025-02-23 07:00:00,0,0.0,0.0,0.0,7,6,1,0.9659258262890683,-0.25881904510252063,-0.7818314824680299,0.6234898018587334,0.0,0.0,0.0,0.0,0.0,0.0,0.0,0.0,0.0,12.732830184162584,0.0,False,0.0018089503196691708,12.732830184162584,False,0.0,0.0,6.0,3.5999999999999996,False,False,0.48102605212555793,0.5934418516568021,False,-0.467282343141709,0.15710153857035417,False,0,False,0.2276898497920961,False,Normal,32,70
2025-02-23 08:00:00,0,0.0,0.0,0.0,8,6,1,0.8660254037844387,-0.4999999999999998,-0.7818314824680299,0.6234898018587334,0.0,0.0,0.0,0.0,0.0,0.0,0.0,0.0,0.0,12.732830184162584,0.0,False,0.0014471602557353368,12.732830184162584,False,0.0,0.0,6.0,3.5999999999999996,False,False,0.4822906072630471,0.5934418516568021,False,-0.4639764513267193,0.15710153857035417,False,0,False,0.23761068133180424,False,Normal,32,70
2025-02-23 09:00:00,0,0.0,0.0,0.0,9,6,1,0.7071067811865476,-0.7071067811865475,-0.7818314824680299,0.6234898018587334,0.0,0.0,0.0,0.0,0.0,0.0,0.0,0.0,0.0,12.732830184162584,0.0,False,0.0011577282045882695,12.732830184162584,False,0.0,0.0,6.0,3.5999999999999996,False,False,0.48301327130704774,0.5934418516568021,False,-0.4627937450565165,0.15710153857035417,False,0,False,0.23940970611413254,False,Normal,32,70
2025-02-23 10:00:00,0,0.0,0.0,0.0,10,6,1,0.49999999999999994,-0.8660254037844387,-0.7818314824680299,0.6234898018587334,0.0,0.0,0.0,0.0,0.0,0.0,0.0,0.0,0.0,12.732830184162584,0.0,False,0.0009261825636706156,12.732830184162584,False,0.0,0.0,6.0,3.5999999999999996,False,False,0.4870045259350705,0.5934418516568021,False,-0.4672204277310432,0.15710153857035417,False,0,False,0.23882177238194274,False,Normal,32,70
2025-02-23 11:00:00,0,0.0,0.0,0.0,11,6,1,0.258819045102521,-0.9659258262890682,-0.7818314824680299,0.6234898018587334,0.0,0.0,0.0,0.0,0.0,0.0,0.0,0.0,0.0,12.732830184162584,0.0,False,0.0007409460509364926,12.732830184162584,False,0.0,0.0,6.0,3.5999999999999996,False,False,0.4853430555130372,0.5934418516568021,False,-0.4762699342494565,0.15710153857035417,False,0,False,0.2280517999280261,False,Normal,32,70
2025-02-23 12:00:00,0,0.0,0.0,0.0,12,6,1,1.2246467991473532e-16,-1.0,-0.7818314824680299,0.6234898018587334,0.0,0.0,0.0,0.0,0.0,0.0,0.0,0.0,0.0,12.732830184162584,0.0,False,0.0005927568407491941,12.732830184162584,False,0.0,0.0,6.0,3.5999999999999996,False,False,0.49142384833967556,0.5934418516568021,False,-0.4673227875075563,0.15710153857035417,False,0,False,0.24513806915590403,False,Normal,32,70
2025-02-23 13:00:00,0,0.0,0.0,0.0,13,6,1,-0.2588190451025208,-0.9659258262890683,-0.7818314824680299,0.6234898018587334,0.0,0.0,0.0,0.0,0.0,0.0,0.0,0.0,0.0,12.732830184162584,0.0,False,0.00047420547259935527,12.732830184162584,False,0.0,0.0,6.0,3.5999999999999996,False,False,0.48788347277764654,0.5934418516568021,False,-0.45667694114900126,0.15710153857035417,False,0,False,0.2515739384707906,False,Normal,32,70
2025-02-23 14:00:00,0,0.0,0.0,0.0,14,6,1,-0.4999999999999997,-0.8660254037844388,-0.7818314824680299,0.6234898018587334,0.0,0.0,0.0,0.0,0.0,0.0,0.0,0.0,0.0,12.732830184162584,0.0,False,0.00037936437807948426,12.732830184162584,False,0.0,0.0,6.0,3.5999999999999996,False,False,0.48334281433672593,0.5934418516568021,False,-0.4666244315688921,0.15710153857035417,False,0,False,0.2350466039601531,False,Normal,32,70
2025-02-23 15:00:00,0,0.0,0.0,0.0,15,6,1,-0.7071067811865471,-0.7071067811865479,-0.7818314824680299,0.6234898018587334,0.0,0.0,0.0,0.0,0.0,0.0,0.0,0.0,0.0,12.732830184162584,0.0,False,0.0003034915024635874,12.732830184162584,False,0.0,0.0,6.0,3.5999999999999996,False,False,0.4802172964113158,0.5934418516568021,False,-0.48194714536534855,0.15710153857035417,False,0,False,0.2136505790482723,False,Normal,32,70
2025-02-23 16:00:00,0,0.0,0.0,0.0,16,6,1,-0.8660254037844385,-0.5000000000000004,-0.7818314824680299,0.6234898018587334,0.0,0.0,0.0,0.0,0.0,0.0,0.0,0.0,0.0,12.732830184162584,0.0,False,0.00024279320197086995,12.732830184162584,False,0.0,0.0,6.0,3.5999999999999996,False,False,0.47793945059414045,0.5934418516568021,False,-0.4939066266362413,0.15710153857035417,False,0,False,0.19768544451202608,False,Normal,32,70
2025-02-23 17:00:00,0,0.0,0.0,0.0,17,6,1,-0.9659258262890683,-0.25881904510252063,-0.7818314824680299,0.6234898018587334,0.0,0.0,0.0,0.0,0.0,0.0,0.0,0.0,0.0,12.732830184162584,0.0,False,0.00019423456157669598,12.732830184162584,False,0.0,0.0,6.0,3.5999999999999996,False,False,0.4814831506884027,0.5934418516568021,False,-0.5053252671300159,0.15710153857035417,False,0,False,0.19473543426130627,False,Normal,32,70
2025-02-23 18:00:00,0,0.0,0.0,0.0,18,6,1,-1.0,-1.8369701987210297e-16,-0.7818314824680299,0.6234898018587334,0.0,0.0,0.0,0.0,0.0,0.0,0.0,0.0,0.0,12.732830184162584,0.0,False,0.0001553876492613568,12.732830184162584,False,0.0,0.0,6.0,3.5999999999999996,False,False,0.4844268063338024,0.5934418516568021,False,-0.5199012369249232,0.15710153857035417,False,0,False,0.18354583804574912,False,Normal,32,70
2025-02-23 19:00:00,0,0.0,0.0,0.0,19,6,1,-0.9659258262890684,0.2588190451025203,-0.7818314824680299,0.6234898018587334,0.0,0.0,0.0,0.0,0.0,0.0,0.0,0.0,0.0,12.732830184162584,0.0,False,0.00012431011940908544,12.732830184162584,False,0.0,0.0,6.0,3.5999999999999996,False,False,0.4751123067451044,0.5934418516568021,False,-0.5318896201370984,0.15710153857035417,False,0,False,0.15004828092349068,False,Normal,32,70
2025-02-23 20:00:00,0,0.0,0.0,0.0,20,6,1,-0.8660254037844386,0.5000000000000001,-0.7818314824680299,0.6234898018587334,0.0,0.0,0.0,0.0,0.0,0.0,0.0,0.0,0.0,12.732830184162584,0.0,False,9.944809552726836e-05,12.732830184162584,False,0.0,0.0,6.0,3.5999999999999996,False,False,0.4723669527712991,0.5934418516568021,False,-0.5298038414136974,0.15710153857035417,False,0,False,0.14328300676126446,False,Normal,32,70
2025-02-23 21:00:00,0,0.0,0.0,0.0,21,6,1,-0.7071067811865477,0.7071067811865474,-0.7818314824680299,0.6234898018587334,0.0,0.0,0.0,0.0,0.0,0.0,0.0,0.0,0.0,12.732830184162584,0.0,False,7.955847642181469e-05,12.732830184162584,False,0.0,0.0,6.0,3.5999999999999996,False,False,0.47380992436665054,0.5934418516568021,False,-0.5291267505945104,0.15710153857035417,False,0,False,0.1488773417385996,False,Normal,32,70
2025-02-23 22:00:00,0,0.0,0.0,0.0,22,6,1,-0.5000000000000004,0.8660254037844384,-0.7818314824680299,0.6234898018587334,0.0,0.0,0.0,0.0,0.0,0.0,0.0,0.0,0.0,12.732830184162584,0.0,False,6.364678113745175e-05,12.732830184162584,False,0.0,0.0,6.0,3.5999999999999996,False,False,0.4740176643541416,0.5934418516568021,False,-0.5319680167397514,0.15710153857035417,False,0,False,0.14611498200511186,False,Normal,32,70
2025-02-23 23:00:00,0,0.0,0.0,0.0,23,6,1,-0.25881904510252157,0.9659258262890681,-0.7818314824680299,0.6234898018587334,0.0,0.0,0.0,0.0,0.0,0.0,0.0,0.0,0.0,12.732830184162584,0.0,False,5.0917424909961404e-05,12.732830184162584,False,0.0,0.0,6.0,3.5999999999999996,False,False,0.4788870051632656,0.5934418516568021,False,-0.5212389838536098,0.15710153857035417,False,0,False,0.17022531893742282,False,Normal,32,70
2025-02-24 00:00:00,0,0.0,0.0,0.0,0,0,0,0.0,1.0,0.0,1.0,0.0,0.0,0.0,0.0,0.0,0.0,0.0,0.0,0.0,12.732830184162584,0.0,False,4.073393992796913e-05,12.732830184162584,False,0.0,0.0,6.0,3.5999999999999996,False,False,0.5141848439106921,0.593618840552781,False,-0.2896709012716405,0.15710153857035417,False,0,False,0.33649392556192326,False,Normal,32,70
2025-02-24 01:00:00,0,0.0,0.0,0.0,1,0,0,0.25881904510252074,0.9659258262890683,0.0,1.0,0.0,0.0,0.0,0.0,0.0,0.0,0.0,0.0,0.0,12.732830184162584,0.0,False,3.2587151942375306e-05,12.732830184162584,False,0.0,0.0,6.0,3.5999999999999996,False,False,0.5038123161692186,0.593618840552781,False,-0.31011660065041124,0.15710153857035417,False,0,False,0.32551536516863977,False,Normal,32,70
2025-02-24 02:00:00,0,0.0,0.0,0.0,2,0,0,0.49999999999999994,0.8660254037844387,0.0,1.0,0.0,0.0,0.0,0.0,0.0,0.0,0.0,0.0,0.0,12.732830184162584,0.0,False,2.6069721553900245e-05,12.732830184162584,False,0.0,0.0,6.0,3.5999999999999996,False,False,0.4930121105949771,0.593618840552781,False,-0.32413565042996173,0.15710153857035417,False,0,False,0.31074468913865716,False,Normal,32,70
2025-02-24 03:00:00,0,0.0,0.0,0.0,3,0,0,0.7071067811865476,0.7071067811865476,0.0,1.0,0.0,0.0,0.0,0.0,0.0,0.0,0.0,0.0,0.0,12.732830184162584,0.0,False,2.0855777243120196e-05,12.732830184162584,False,0.0,0.0,6.0,3.5999999999999996,False,False,0.4922600581467022,0.593618840552781,False,-0.3591269172709346,0.15710153857035417,False,0,False,0.3011004329588658,False,Normal,32,70
2025-02-24 04:00:00,0,0.0,0.0,0.0,4,0,0,0.8660254037844386,0.5000000000000001,0.0,1.0,0.0,0.0,0.0,0.0,0.0,0.0,0.0,0.0,0.0,12.732830184162584,0.0,False,1.6684621794496156e-05,12.732830184162584,False,0.0,0.0,6.0,3.5999999999999996,False,False,0.49327101497813014,0.593618840552781,False,-0.37286689372158666,0.15710153857035417,False,0,False,0.29817435385772934,False,Normal,32,70
2025-02-24 05:00:00,0,0.0,0.0,0.0,5,0,0,0.9659258262890683,0.25881904510252074,0.0,1.0,0.0,0.0,0.0,0.0,0.0,0.0,0.0,0.0,0.0,12.732830184162584,0.0,False,1.3347697435596925e-05,12.732830184162584,False,0.0,0.0,6.0,3.5999999999999996,False,False,0.5021122495986308,0.593618840552781,False,-0.3889082751840398,0.15710153857035417,False,0,False,0.3013344269064082,False,Normal,32,70
2025-02-24 06:00:00,18,10870.0,12758.0,23628.0,6,0,0,1.0,6.123233995736766e-17,0.0,1.0,-0.07990181556561853,0.0,18.0,0.0,0.0,-9.0,0.0,20.0,-2.0,12.732830184162584,-0.15707426951218204,False,-0.39998932184205155,12.732830184162584,False,0.0,0.0,6.0,3.5999999999999996,False,False,0.5729434675934585,0.593618840552781,False,-0.3736780402955828,0.15710153857035417,False,0,False,0.3601585854316188,False,Normal,32,70
2025-02-24 07:00:00,34,18784.0,17946.0,36730.0,7,0,0,0.9659258262890683,-0.25881904510252063,0.0,1.0,0.022814516348588387,18.0,16.0,0.75,3.6742346141747673,-8.0,4823.045303540078,26.5,7.5,12.725912678701997,0.5893486926522724,False,1.1800085425263587,12.725912678701997,False,0.08934869265227241,0.0,6.0,3.5999999999999996,False,False,0.574185980074752,0.593618840552781,False,-0.36769949685043013,0.15710153857035417,False,0,False,0.3867137986184214,False,Normal,32,70
2025-02-24 08:00:00,58,33684.0,36979.0,70663.0,8,0,0,0.8660254037844387,-0.4999999999999998,0.0,1.0,-0.04662911807992755,34.0,24.0,2.1666666666666665,7.710335619304704,-20.0,8736.679161750322,59.0,-1.0,12.731686364043776,-0.07854419056568598,False,0.744006834021087,12.731686364043776,False,0.0,0.0,6.0,3.5999999999999996,False,False,0.5797748681581435,0.593618840552781,False,-0.4280501448740732,0.15710153857035417,False,0,False,0.3429146507449561,False,Normal,32,70
2025-02-24 09:00:00,116,45422.0,56778.0,102200.0,9,0,0,0.7071067811865476,-0.7071067811865475,0.0,1.0,-0.11111437265780179,58.0,58.0,4.583333333333333,13.736389838567534,20.0,16399.050765156757,85.0,31.0,12.722441411873628,2.436639242140133,False,6.79520546721687,12.722441411873628,False,1.9366392421401328,0.0,6.0,3.5999999999999996,False,False,0.6015702933509584,0.593618840552781,True,-0.3394425979277027,0.15710153857035417,False,1,False,0.5314223404753516,False,Normal,32,70
2025-02-24 10:00:00,134,61326.0,66443.0,127769.0,10,0,0,0.49999999999999994,-0.8660254037844387,0.0,1.0,-0.04004852469280739,116.0,18.0,9.416666666666666,26.516470134725644,0.0,25604.97579696973,114.0,20.0,12.807109517093982,1.5616326207959321,False,9.436164373773497,12.807109517093982,False,2.9982718629360647,0.0,6.0,3.5999999999999996,False,False,0.5877445594532229,0.593618840552781,False,-0.3895364872229998,0.15710153857035417,False,0,False,0.5132051089246862,False,Normal,32,70
2025-02-24 11:00:00,92,53984.0,61620.0,115604.0,11,0,0,0.258819045102521,-0.9659258262890682,0.0,1.0,-0.06605250637948186,134.0,-42.0,15.0,36.6273834363213,-8.0,35040.753526057524,100.5,-8.5,12.844662615074755,-0.661753465600897,False,5.848931499018798,12.844662615074755,False,1.8365183973351678,0.16175346560089698,6.0,3.5999999999999996,False,False,0.5737800663595929,0.593618840552781,False,-0.377063025146138,0.15710153857035417,False,0,False,0.440011160955586,False,Normal,32,70
2025-02-24 12:00:00,80,33541.0,48924.0,82465.0,12,0,0,1.2246467991473532e-16,-1.0,0.0,1.0,-0.18653748211384086,92.0,-12.0,18.833333333333332,39.67659113454646,12.0,40416.54507416343,70.5,9.5,12.83471104707716,0.7401802787109436,False,6.579145199215039,12.83471104707716,False,2.0766986760461115,0.0,6.0,3.5999999999999996,False,False,0.5503602527747811,0.593618840552781,False,-0.39353486702528184,0.15710153857035417,False,0,False,0.4314558432212743,False,Normal,32,70
2025-02-24 13:00:00,76,37003.0,41938.0,78941.0,13,0,0,-0.2588190451025208,-0.9659258262890683,0.0,1.0,-0.06251425096906589,80.0,-4.0,22.166666666666668,41.350744346033416,7.0,42124.22778372323,63.5,12.5,12.845352802130028,0.9731145724488968,False,7.763316159372032,12.845352802130028,False,2.549813248495008,0.0,6.0,3.5999999999999996,False,False,0.5283930241342647,0.593618840552781,False,-0.4444502683735263,0.15710153857035417,False,0,False,0.4171700207933236,False,Normal,32,70
2025-02-24 14:00:00,104,41643.0,43940.0,85583.0,14,0,0,-0.4999999999999997,-0.8660254037844388,0.0,1.0,-0.0268391288091232,76.0,28.0,25.333333333333332,42.47420359482321,8.0,43292.06578042023,80.5,23.5,12.861624753315049,1.8271408512321072,False,10.910652927497626,12.861624753315049,False,3.876954099727115,0.0,6.0,3.5999999999999996,False,True,0.531257681793414,0.593618840552781,False,-0.4350449548369848,0.15710153857035417,False,0,False,0.4891110265546117,True,Building Stress,32,71
2025-02-24 15:00:00,178,69914.0,96490.0,166404.0,15,0,0,-0.7071067811865471,-0.7071067811865479,0.0,1.0,-0.1597067395811424,104.0,74.0,29.666666666666668,45.006923782966965,11.0,44514.66280801453,143.0,35.0,12.913908304571697,2.7102561962291096,False,15.7285223419981,12.913908304571697,True,0.0,0.0,6.0,3.5999999999999996,True,False,0.5660126117526514,0.593618840552781,False,-0.4173908516541329,0.15710153857035417,False,2,False,0.7688297009229927,False,Watch,32,71
2025-02-24 16:00:00,214,108262.0,139334.0,247596.0,16,0,0,-0.8660254037844385,-0.5000000000000004,0.0,1.0,-0.12549425073809456,178.0,36.0,37.083333333333336,53.72710162734784,-10.0,51952.4754960926,193.5,20.5,12.96741069978395,1.5808861518006483,False,16.68281787359848,12.96741069978395,True,1.0808861518006483,0.0,6.0,3.5999999999999996,False,False,0.5768512661593596,0.593618840552781,False,-0.4073450494937352,0.15710153857035417,False,1,False,0.5418347818390479,False,Normal,32,71
2025-02-24 17:00:00,276,115742.0,142971.0,258713.0,17,0,0,-0.9659258262890683,-0.25881904510252063,0.0,1.0,-0.10524749337105839,214.0,62.0,46.0,64.06789876509073,-20.0,66745.69735195063,230.0,46.0,12.929279647684226,3.5578161547645926,True,22.546254298878786,12.929279647684226,True,4.138702306565241,0.0,6.0,3.5999999999999996,False,True,0.583061812168869,0.593618840552781,False,-0.38129989959564714,0.15710153857035417,False,2,False,0.6214964935483328,True,Building Stress,32,72
2025-02-24 18:00:00,35,20742.0,26224.0,46966.0,18,0,0,-1.0,-1.8369701987210297e-16,0.0,1.0,-0.1167202503885707,276.0,-241.0,57.5,78.57923168480278,0.0,78597.11977298338,32.5,2.5,13.067283166834606,0.19131750403520148,False,18.537003439103028,13.067283166834606,True,3.830019810600443,0.0,6.0,3.5999999999999996,False,True,0.5996725235202642,0.593618840552781,True,0.3464681694981606,0.15710153857035417,True,3,True,0.5924259392730835,False,Confirmed Anomaly,33,72
2025-02-24 19:00:00,0,0.0,0.0,0.0,19,0,0,-0.9659258262890684,0.2588190451025203,0.0,1.0,0.0,35.0,-35.0,58.958333333333336,77.78648545114106,0.0,77664.74585534522,0.0,0.0,13.055356037687664,0.0,False,14.829602751282422,13.055356037687664,True,3.330019810600443,0.0,6.0,3.5999999999999996,False,False,0.4915037743525469,0.593618840552781,False,-0.2985309755988068,0.15710153857035417,False,1,False,0.46299157303370786,False,Normal,33,72
2025-02-24 20:00:00,0,0.0,0.0,0.0,20,0,0,-0.8660254037844386,0.5000000000000001,0.0,1.0,0.0,0.0,0.0,58.958333333333336,77.78648545114106,0.0,77664.74585534522,0.0,0.0,13.055356037687664,0.0,False,11.863682201025938,13.055356037687664,False,2.830019810600443,0.0,6.0,3.5999999999999996,False,False,0.46096760532721986,0.593618840552781,False,-0.3936226347290406,0.15710153857035417,False,0,False,0.3549177695806244,False,Normal,33,72
2025-02-24 21:00:00,0,0.0,0.0,0.0,21,0,0,-0.7071067811865477,0.7071067811865474,0.0,1.0,0.0,0.0,0.0,58.958333333333336,77.78648545114106,0.0,77664.74585534522,0.0,0.0,13.055356037687664,0.0,False,9.49094576082075,13.055356037687664,False,2.330019810600443,0.0,6.0,3.5999999999999996,False,False,0.46306031138252357,0.593618840552781,False,-0.4288077302987665,0.15710153857035417,False,0,False,0.31691174375438713,False,Normal,33,72
2025-02-24 22:00:00,0,0.0,0.0,0.0,22,0,0,-0.5000000000000004,0.8660254037844384,0.0,1.0,0.0,0.0,0.0,58.958333333333336,77.78648545114106,0.0,77664.74585534522,0.0,0.0,13.055356037687664,0.0,False,7.5927566086566,13.055356037687664,False,1.8300198106004428,0.0,6.0,3.5999999999999996,False,False,0.46287358365642295,0.593618840552781,False,-0.4463743506345046,0.15710153857035417,False,0,False,0.2852475597975172,False,Normal,33,72
2025-02-24 23:00:00,0,0.0,0.0,0.0,23,0,0,-0.25881904510252157,0.9659258262890681,0.0,1.0,0.0,0.0,0.0,58.958333333333336,77.78648545114106,0.0,77664.74585534522,0.0,0.0,13.055356037687664,0.0,False,6.074205286925281,13.055356037687664,False,1.3300198106004428,0.0,6.0,3.5999999999999996,False,False,0.4695452756304515,0.593618840552781,False,-0.45581391379062586,0.15710153857035417,False,0,False,0.2771868118829576,False,Normal,33,72
2025-02-25 00:00:00,0,0.0,0.0,0.0,0,1,0,0.0,1.0,0.7818314824680298,0.6234898018587336,0.0,0.0,0.0,58.958333333333336,77.78648545114106,0.0,77664.74585534522,0.0,0.0,13.055356037687664,0.0,False,4.859364229540225,13.055356037687664,False,0.8300198106004428,0.0,6.0,3.5999999999999996,False,False,0.4566340922847898,0.590672321505252,False,-0.47992351819877577,0.11381611257540075,False,0,False,0.21702098508689044,False,Normal,33,72
2025-02-25 01:00:00,0,0.0,0.0,0.0,1,1,0,0.25881904510252074,0.9659258262890683,0.7818314824680298,0.6234898018587336,0.0,0.0,0.0,58.958333333333336,77.78648545114106,0.0,77664.74585534522,0.0,0.0,13.055356037687664,0.0,False,3.8874913836321805,13.055356037687664,False,0.33001981060044283,0.0,6.0,3.5999999999999996,False,False,0.4539655529081907,0.590672321505252,False,-0.4685844470968892,0.11381611257540075,False,0,False,0.21114487795715278,False,Normal,33,72
2025-02-25 02:00:00,0,0.0,0.0,0.0,2,1,0,0.49999999999999994,0.8660254037844387,0.7818314824680298,0.6234898018587336,0.0,0.0,0.0,58.958333333333336,77.78648545114106,0.0,77664.74585534522,0.0,0.0,13.055356037687664,0.0,False,3.1099931069057445,13.055356037687664,False,0.0,0.0,6.0,3.5999999999999996,False,False,0.45171735888290027,0.590672321505252,False,-0.46465874478324753,0.11381611257540075,False,0,False,0.20663593981890577,False,Normal,33,72
2025-02-25 03:00:00,0,0.0,0.0,0.0,3,1,0,0.7071067811865476,0.7071067811865476,0.7818314824680298,0.6234898018587336,0.0,0.0,0.0,58.958333333333336,77.78648545114106,0.0,77664.74585534522,0.0,0.0,13.055356037687664,0.0,False,2.4879944855245957,13.055356037687664,False,0.0,0.0,6.0,3.5999999999999996,False,False,0.4540873836221361,0.590672321505252,False,-0.46183905316116536,0.11381611257540075,False,0,False,0.20543515634950665,False,Normal,33,72
2025-02-25 04:00:00,0,0.0,0.0,0.0,4,1,0,0.8660254037844386,0.5000000000000001,0.7818314824680298,0.6234898018587336,0.0,0.0,0.0,58.958333333333336,77.78648545114106,0.0,77664.74585534522,0.0,0.0,13.055356037687664,0.0,False,1.9903955884196767,13.055356037687664,False,0.0,0.0,6.0,3.5999999999999996,False,False,0.45159559729700244,0.590672321505252,False,-0.4599333124409677,0.11381611257540075,False,0,False,0.19772827489233938,False,Normal,33,72
2025-02-25 05:00:00,0,0.0,0.0,0.0,5,1,0,0.9659258262890683,0.25881904510252074,0.7818314824680298,0.6234898018587336,0.0,0.0,0.0,58.958333333333336,77.78648545114106,0.0,77664.74585534522,0.0,0.0,13.055356037687664,0.0,False,1.5923164707357413,13.055356037687664,False,0.0,0.0,6.0,3.5999999999999996,False,False,0.4523770042073571,0.590672321505252,False,-0.43811787358943843,0.11381611257540075,False,0,False,0.2069185749700513,False,Normal,33,72
2025-02-25 06:00:00,16,6809.0,9575.0,16384.0,6,1,0,1.0,6.123233995736766e-17,0.7818314824680298,0.6234898018587336,-0.16881293866341165,0.0,16.0,58.958333333333336,77.78648545114106,-1.0,77664.74585534522,20.0,-4.0,13.055356037687664,-0.3063876610069434,False,0.47385317658859316,13.055356037687664,False,0.0,0.0,6.0,3.5999999999999996,False,False,0.5021812785456856,0.590672321505252,False,-0.26589572209918444,0.11381611257540075,False,0,False,0.34615821210449116,False,Normal,33,72
2025-02-25 07:00:00,26,12393.0,13743.0,26136.0,7,1,0,0.9659258262890683,-0.25881904510252063,0.7818314824680298,0.6234898018587336,-0.05165091632551555,16.0,10.0,58.875,77.83332945411652,5.0,77826.70520033968,27.0,-1.0,13.055062955538576,-0.07659863482893069,False,0.17908254127087453,13.055062955538576,False,0.0,0.0,6.0,3.5999999999999996,False,False,0.4787161438209125,0.590672321505252,False,-0.35194560175776357,0.11381611257540075,False,0,False,0.28288806311314013,False,Normal,33,72
2025-02-25 08:00:00,53,21810.0,24312.0,46122.0,8,1,0,0.8660254037844387,-0.4999999999999998,0.7818314824680298,0.6234898018587336,-0.0542462545801444,26.0,27.0,58.541666666666664,77.96151735571722,3.0,77993.30928922082,58.0,-5.0,13.040230638414045,-0.3834288011188199,False,-0.8567339669833004,13.040230638414045,False,0.0,0.0,6.0,3.5999999999999996,False,False,0.4798468803670166,0.590672321505252,False,-0.3527400034606172,0.11381611257540075,False,0,False,0.30358154725633446,False,Normal,33,72
2025-02-25 09:00:00,80,34727.0,49805.0,84532.0,9,1,0,0.7071067811865476,-0.7071067811865475,0.7818314824680298,0.6234898018587336,-0.17836821123111685,53.0,27.0,58.333333333333336,77.969707978925,0.0,77999.99742046402,90.5,-10.5,13.014442363219436,-0.8067959968591826,False,-2.7853871735866402,13.014442363219436,False,0.0,0.3067959968591826,6.0,3.5999999999999996,False,False,0.4995968734014976,0.590672321505252,False,-0.47639035275409536,0.11381611257540075,False,0,False,0.30560242258664627,False,Normal,33,72
2025-02-25 10:00:00,119,46986.0,58331.0,105317.0,10,1,0,0.49999999999999994,-0.8660254037844387,0.7818314824680298,0.6234898018587336,-0.10772137716249834,80.0,39.0,56.833333333333336,77.15409012611325,7.0,77650.93854606747,118.5,0.5,12.935523930464205,0.03865324687950672,False,-2.128309738869312,12.935523930464205,False,0.0,0.0,6.0,3.5999999999999996,False,False,0.4987917961057746,0.590672321505252,False,-0.49471780490054074,0.11381611257540075,False,0,False,0.2561883035476059,False,Normal,33,72
2025-02-25 11:00:00,89,46332.0,43445.0,89777.0,11,1,0,0.258819045102521,-0.9659258262890682,0.7818314824680298,0.6234898018587336,0.03215709862104302,119.0,-30.0,56.208333333333336,76.56027984062861,-13.0,76900.87195184923,100.5,-11.5,12.85390508901579,-0.894669745914589,False,-4.00264779109545,12.85390508901579,False,0.0,0.39466974591458903,6.0,3.5999999999999996,False,False,0.5147423486744958,0.590672321505252,False,-0.42270092135292603,0.11381611257540075,False,0,False,0.37433127053517956,False,Normal,33,72
2025-02-25 12:00:00,71,32818.0,32294.0,65112.0,12,1,0,1.2246467991473532e-16,-1.0,0.7818314824680298,0.6234898018587336,0.008047548108672616,89.0,-18.0,56.083333333333336,76.50172869127614,11.0,76218.40712838604,70.5,0.5,12.811237088027287,0.03902823720804245,False,-3.1021182328763603,12.811237088027287,False,0.0,0.0,6.0,3.5999999999999996,False,False,0.4783762851712213,0.590672321505252,False,-0.44401146650483314,0.11381611257540075,False,0,False,0.2775330518014343,False,Normal,33,72
2025-02-25 13:00:00,60,23716.0,26825.0,50541.0,13,1,0,-0.2588190451025208,-0.9659258262890683,0.7818314824680298,0.6234898018587336,-0.06151319694511495,71.0,-11.0,55.708333333333336,76.4013880858802,-10.0,76034.78224012046,64.5,-4.5,12.74056744101744,-0.35320247868337,False,-3.3816945863010885,12.74056744101744,False,0.0,0.0,6.0,3.5999999999999996,False,False,0.4731567355083862,0.590672321505252,False,-0.4922750827686737,0.11381611257540075,False,0,False,0.23688713842533307,False,Normal,33,72
2025-02-25 14:00:00,75,35481.0,35308.0,70789.0,14,1,0,-0.4999999999999997,-0.8660254037844388,0.7818314824680298,0.6234898018587336,0.002443848001130103,60.0,15.0,55.041666666666664,76.2863479533394,-2.0,75865.15807867626,80.5,-5.5,12.740970854350197,-0.4316782498660308,False,-3.805355669040871,12.740970854350197,False,0.0,0.0,6.0,3.5999999999999996,False,False,0.4687106065697392,0.590672321505252,False,-0.42068696511335313,0.11381611257540075,False,0,False,0.2827151724943019,False,Normal,33,72
2025-02-25 15:00:00,148,59982.0,63738.0,123720.0,15,1,0,-0.7071067811865471,-0.7071067811865479,0.7818314824680298,0.6234898018587336,-0.030358629497013442,75.0,73.0,53.833333333333336,75.70461284358505,26.0,75654.78575510187,145.5,2.5,12.733543896611607,0.19633183191564207,False,-2.544284535232697,12.733543896611607,False,0.0,0.0,6.0,3.5999999999999996,False,False,0.5210649258588631,0.590672321505252,False,-0.40892470395197145,0.11381611257540075,False,0,False,0.3451768857093391,False,Normal,33,72
2025-02-25 16:00:00,177,83565.0,93957.0,177522.0,16,1,0,-0.8660254037844385,-0.5000000000000004,0.7818314824680298,0.6234898018587336,-0.05853889355182145,148.0,29.0,52.583333333333336,73.78872110504993,-9.0,73341.75729121445,200.0,-23.0,12.519395119162297,-1.8371494613822035,False,-6.635427628186158,12.519395119162297,False,0.0,1.3371494613822035,6.0,3.5999999999999996,False,False,0.5197798885447134,0.590672321505252,False,-0.4426459123228208,0.11381611257540075,False,0,False,0.43214926723434405,False,Normal,33,72
2025-02-25 17:00:00,227,92359.0,105987.0,198346.0,17,1,0,-0.9659258262890683,-0.25881904510252063,0.7818314824680298,0.6234898018587336,-0.06870787055009654,177.0,50.0,51.041666666666664,70.58665914516257,-2.0,66239.20138176366,233.0,-6.0,12.188541240371677,-0.49226563554024094,False,-6.508342102548927,12.188541240371677,False,0.0,1.3294150969224443,6.0,3.5999999999999996,False,False,0.5342880954262981,0.590672321505252,False,-0.39637943809069953,0.11381611257540075,False,0,False,0.41600374722403394,False,Normal,33,72
2025-02-25 18:00:00,39,15851.0,18266.0,34117.0,18,1,0,-1.0,-1.8369701987210297e-16,0.7818314824680298,0.6234898018587336,-0.07078375051292572,227.0,-188.0,49.0,64.21837743200929,-1.0,58612.987014676284,32.5,6.5,12.044840951095592,0.5396501312380354,False,-3.906673682039142,12.044840951095592,False,0.0396501312380354,0.2897649656844089,6.0,3.5999999999999996,False,False,0.5572268192500748,0.590672321505252,False,0.18782136618868472,0.11381611257540075,True,1,False,0.4806849038023885,False,Normal,33,72
2025-02-25 19:00:00,0,0.0,0.0,0.0,19,1,0,-0.9659258262890684,0.2588190451025203,0.7818314824680298,0.6234898018587336,0.0,39.0,-39.0,49.166666666666664,64.18564560280808,0.0,58661.35517921452,0.0,0.0,12.043822203882788,0.0,False,-3.125338945631314,12.043822203882788,False,0.0,0.0,6.0,3.5999999999999996,False,False,0.47908413045816606,0.590672321505252,False,-0.3561362704371269,0.11381611257540075,False,0,False,0.3172251518413987,False,Normal,33,72
2025-02-25 20:00:00,0,0.0,0.0,0.0,20,1,0,-0.8660254037844386,0.5000000000000001,0.7818314824680298,0.6234898018587336,0.0,0.0,0.0,49.166666666666664,64.18564560280808,0.0,58661.35517921452,0.0,0.0,12.043822203882788,0.0,False,-2.5002711565050513,12.043822203882788,False,0.0,0.0,6.0,3.5999999999999996,False,False,0.44294393677137206,0.590672321505252,False,-0.4538795417667012,0.11381611257540075,False,0,False,0.2003812450686246,False,Normal,33,72
2025-02-25 21:00:00,0,0.0,0.0,0.0,21,1,0,-0.7071067811865477,0.7071067811865474,0.7818314824680298,0.6234898018587336,0.0,0.0,0.0,49.166666666666664,64.18564560280808,0.0,58661.35517921452,0.0,0.0,12.043822203882788,0.0,False,-2.000216925204041,12.043822203882788,False,0.0,0.0,6.0,3.5999999999999996,False,False,0.4379396407501333,0.590672321505252,False,-0.49382705655745096,0.11381611257540075,False,0,False,0.15524881627961876,False,Normal,33,72
2025-02-25 22:00:00,0,0.0,0.0,0.0,22,1,0,-0.5000000000000004,0.8660254037844384,0.7818314824680298,0.6234898018587336,0.0,0.0,0.0,49.166666666666664,64.18564560280808,0.0,58661.35517921452,0.0,0.0,12.043822203882788,0.0,False,-1.6001735401632329,12.043822203882788,False,0.0,0.0,6.0,3.5999999999999996,False,False,0.4357813362850988,0.590672321505252,False,-0.5199645304823164,0.11381611257540075,False,0,False,0.11971871594504332,False,Normal,33,72
2025-02-25 23:00:00,0,0.0,0.0,0.0,23,1,0,-0.25881904510252157,0.9659258262890681,0.7818314824680298,0.6234898018587336,0.0,0.0,0.0,49.166666666666664,64.18564560280808,0.0,58661.35517921452,0.0,0.0,12.043822203882788,0.0,False,-1.2801388321305864,12.043822203882788,False,0.0,0.0,6.0,3.5999999999999996,False,False,0.43703263561352923,0.590672321505252,False,-0.5163754600852254,0.11381611257540075,False,0,False,0.12032085290584739,False,Normal,33,72
2025-02-26 00:00:00,0,0.0,0.0,0.0,0,2,0,0.0,1.0,0.9749279121818236,-0.22252093395631434,0.0,0.0,0.0,49.166666666666664,64.18564560280808,0.0,58661.35517921452,0.0,0.0,12.043822203882788,0.0,False,-1.0241110657044692,12.043822203882788,False,0.0,0.0,6.0,3.5999999999999996,False,False,0.43664593703926396,0.5967228324897947,False,-0.5293505452150801,0.19738607151007428,False,0,False,0.10554507183778652,False,Normal,33,72
2025-02-26 01:00:00,0,0.0,0.0,0.0,1,2,0,0.25881904510252074,0.9659258262890683,0.9749279121818236,-0.22252093395631434,0.0,0.0,0.0,49.166666666666664,64.18564560280808,0.0,58661.35517921452,0.0,0.0,12.043822203882788,0.0,False,-0.8192888525635754,12.043822203882788,False,0.0,0.0,6.0,3.5999999999999996,False,False,0.43380885617867454,0.5967228324897947,False,-0.5188259857441151,0.19738607151007428,False,0,False,0.10992294885599702,False,Normal,33,72
2025-02-26 02:00:00,0,0.0,0.0,0.0,2,2,0,0.49999999999999994,0.8660254037844387,0.9749279121818236,-0.22252093395631434,0.0,0.0,0.0,49.166666666666664,64.18564560280808,0.0,58661.35517921452,0.0,0.0,12.043822203882788,0.0,False,-0.6554310820508604,12.043822203882788,False,0.0,0.0,6.0,3.5999999999999996,False,False,0.4317793520569133,0.5967228324897947,False,-0.5138856687204586,0.19738607151007428,False,0,False,0.11134659878517215,False,Normal,33,72
2025-02-26 03:00:00,0,0.0,0.0,0.0,3,2,0,0.7071067811865476,0.7071067811865476,0.9749279121818236,-0.22252093395631434,0.0,0.0,0.0,49.166666666666664,64.18564560280808,0.0,58661.35517921452,0.0,0.0,12.043822203882788,0.0,False,-0.5243448656406884,12.043822203882788,False,0.0,0.0,6.0,3.5999999999999996,False,False,0.42894987780738064,0.5967228324897947,False,-0.49810046025406485,0.19738607151007428,False,0,False,0.12659132397195794,False,Normal,33,72
2025-02-26 04:00:00,0,0.0,0.0,0.0,4,2,0,0.8660254037844386,0.5000000000000001,0.9749279121818236,-0.22252093395631434,0.0,0.0,0.0,49.166666666666664,64.18564560280808,0.0,58661.35517921452,0.0,0.0,12.043822203882788,0.0,False,-0.41947589251255074,12.043822203882788,False,0.0,0.0,6.0,3.5999999999999996,False,False,0.42793203592572826,0.5967228324897947,False,-0.48437451082259386,0.19738607151007428,False,0,False,0.13652118651839032,False,Normal,33,72
2025-02-26 05:00:00,0,0.0,0.0,0.0,5,2,0,0.9659258262890683,0.25881904510252074,0.9749279121818236,-0.22252093395631434,0.0,0.0,0.0,49.166666666666664,64.18564560280808,0.0,58661.35517921452,0.0,0.0,12.043822203882788,0.0,False,-0.33558071401004064,12.043822203882788,False,0.0,0.0,6.0,3.5999999999999996,False,False,0.43036355493575806,0.5967228324897947,False,-0.46054273521231237,0.19738607151007428,False,0,False,0.16061676194879468,False,Normal,33,72
2025-02-26 06:00:00,27,7378.0,9167.0,16545.0,6,2,0,1.0,6.123233995736766e-17,0.9749279121818236,-0.22252093395631434,-0.10812280913816028,0.0,27.0,49.166666666666664,64.18564560280808,15.0,58661.35517921452,19.0,8.0,12.043822203882788,0.6642409581088712,False,1.3315354287919676,12.043822203882788,False,0.16424095810887118,0.0,6.0,3.5999999999999996,False,False,0.485178730566912,0.5967228324897947,False,-0.27873783548420117,0.19738607151007428,False,0,False,0.34410889231969466,False,Normal,33,72
2025-02-26 07:00:00,37,14409.0,16668.0,31077.0,7,2,0,0.9659258262890683,-0.25881904510252063,0.9749279121818236,-0.22252093395631434,-0.07268807516571207,27.0,10.0,49.625,63.97745017140635,10.0,58657.90772567349,26.5,10.5,12.050080989780392,0.8713634380470133,False,3.165228343033574,12.050080989780392,False,0.5356043961558845,0.0,6.0,3.5999999999999996,False,False,0.47078772998534424,0.5967228324897947,False,-0.3482877093298107,0.19738607151007428,False,0,False,0.32478999876783887,False,Normal,33,72
2025-02-26 08:00:00,65,21054.0,30466.0,51520.0,8,2,0,0.8660254037844387,-0.4999999999999998,0.9749279121818236,-0.22252093395631434,-0.18268278954212847,37.0,28.0,50.083333333333336,63.840096890704146,0.0,58596.150722350794,58.0,7.0,12.060830440435472,0.580391212244524,False,3.9321826744268593,12.060830440435472,False,0.6159956084004086,0.0,6.0,3.5999999999999996,False,False,0.49292926921697466,0.5967228324897947,False,-0.4741019521517664,0.19738607151007428,False,0,False,0.3099642340842127,False,Normal,33,72
2025-02-26 09:00:00,89,32121.0,50464.0,82585.0,9,2,0,0.7071067811865476,-0.7071067811865475,0.9749279121818236,-0.22252093395631434,-0.22210786331823795,65.0,24.0,50.583333333333336,63.9108867821075,25.0,58608.74739825442,86.5,2.5,12.018788969856082,0.20800764588430376,False,3.6457461395414876,12.018788969856082,False,0.3240032542847123,0.0,6.0,3.5999999999999996,False,False,0.5146273384191444,0.5967228324897947,False,-0.4206329405896625,0.19738607151007428,False,0,False,0.3515212511664977,False,Normal,33,72
2025-02-26 10:00:00,109,57626.0,54833.0,112459.0,10,2,0,0.49999999999999994,-0.8660254037844387,0.9749279121818236,-0.22252093395631434,0.02483549706562333,89.0,20.0,50.958333333333336,64.11706628040461,13.0,58554.10929625916,117.5,-8.5,12.008823261506532,-0.7078128984749217,False,1.2165969116331903,12.008823261506532,False,0.0,0.20781289847492168,6.0,3.5999999999999996,False,False,0.49776210085682215,0.5967228324897947,False,-0.4347926011126646,0.19738607151007428,False,0,False,0.31580315989023655,False,Normal,33,72
2025-02-26 11:00:00,83,44211.0,38441.0,82652.0,11,2,0,0.258819045102521,-0.9659258262890682,0.9749279121818236,-0.22252093395631434,0.06980992825426784,109.0,-26.0,50.541666666666664,63.686719089664194,-18.0,58887.4303853043,100.5,-17.5,11.93642528415314,-1.4661005773003992,False,-2.5267224706934477,11.93642528415314,False,0.0,1.173913475775321,6.0,3.5999999999999996,False,False,0.509186787844279,0.5967228324897947,False,-0.3857219953707314,0.19738607151007428,False,0,False,0.390453730828603,False,Normal,33,72
2025-02-26 12:00:00,82,25027.0,31555.0,56582.0,12,2,0,1.2246467991473532e-16,-1.0,0.9749279121818236,-0.22252093395631434,-0.11537034091511585,83.0,-1.0,50.291666666666664,63.540797689472654,12.0,58674.73753593819,70.5,11.5,11.956573993950776,0.9618139783033357,False,0.2786220234452421,11.956573993950776,False,0.4618139783033357,0.0,6.0,3.5999999999999996,False,False,0.4720390920268933,0.5967228324897947,False,-0.5110720516188957,0.19738607151007428,False,0,False,0.19534053479228103,False,Normal,33,72
2025-02-26 13:00:00,60,28675.0,26788.0,55463.0,13,2,0,-0.2588190451025208,-0.9659258262890683,0.9749279121818236,-0.22252093395631434,0.03402206836867157,82.0,-22.0,50.75,63.736038539398194,-3.0,58577.84228401013,64.5,-4.5,11.875436242487384,-0.3789334478425398,False,-0.6771023812438063,11.875436242487384,False,0.0,0.0,6.0,3.5999999999999996,False,False,0.48076294585978946,0.5967228324897947,False,-0.39192720088275634,0.19738607151007428,False,0,False,0.2904018377176625,False,Normal,33,72
2025-02-26 14:00:00,72,36476.0,41635.0,78111.0,14,2,0,-0.4999999999999997,-0.8660254037844388,0.9749279121818236,-0.22252093395631434,-0.06604619008603031,60.0,12.0,50.75,63.736038539398194,-8.0,58605.40754899413,80.5,-8.5,11.846177783336298,-0.7175310176381722,False,-2.2416819049950454,11.846177783336298,False,0.0,0.21753101763817217,6.0,3.5999999999999996,False,False,0.46778815121249184,0.5967228324897947,False,-0.5227990827247803,0.19738607151007428,False,0,False,0.18767242663130212,False,Normal,33,72
2025-02-26 15:00:00,130,60406.0,70264.0,130670.0,15,2,0,-0.7071067811865471,-0.7071067811865479,0.9749279121818236,-0.22252093395631434,-0.07544137566866405,72.0,58.0,50.625,63.689336012704125,4.0,58761.317889281105,142.5,-12.5,11.82889429928479,-1.0567344405770696,False,-4.293345523996036,11.82889429928479,False,0.0,0.7742654582152417,6.0,3.5999999999999996,False,False,0.48877743324242373,0.5967228324897947,False,-0.5137530650309697,0.19738607151007428,False,0,False,0.28646066547966587,False,Normal,33,72
2025-02-26 16:00:00,190,96878.0,93013.0,189891.0,16,2,0,-0.8660254037844385,-0.5000000000000004,0.9749279121818236,-0.22252093395631434,0.020353674720367365,130.0,60.0,49.875,62.58928405295006,8.0,59177.3446540358,200.0,-10.0,11.532900139492437,-0.8670845909570236,False,-5.43467641919683,11.532900139492437,False,0.0,1.1413500491722655,6.0,3.5999999999999996,False,False,0.5262129395016978,0.5967228324897947,False,-0.4231902705935944,0.19738607151007428,False,0,False,0.4043161468168891,False,Normal,33,72
2025-02-26 17:00:00,220,94037.0,115746.0,209783.0,17,2,0,-0.9659258262890683,-0.25881904510252063,0.9749279121818236,-0.22252093395631434,-0.10348262975250734,190.0,30.0,50.416666666666664,63.78218141978735,1.0,60412.16559163408,232.0,-12.0,11.168262697133736,-1.0744732932436953,False,-6.747741135357464,11.168262697133736,False,0.0,1.7158233424159608,6.0,3.5999999999999996,False,False,0.5422838729440719,0.5967228324897947,False,-0.4170024339185794,0.19738607151007428,False,0,False,0.4425958073305085,False,Normal,33,72
2025-02-26 18:00:00,37,15339.0,18678.0,34017.0,18,2,0,-1.0,-1.8369701987210297e-16,0.9749279121818236,-0.22252093395631434,-0.09815391851372803,220.0,-183.0,50.125,62.95016144607539,12.0,61692.20053619575,35.0,2.0,10.95665611830699,0.18253744376062775,False,-4.998192908285971,10.95665611830699,False,0.0,1.033285898655333,6.0,3.5999999999999996,False,False,0.549359376232207,0.5967228324897947,False,0.26371760629210805,0.19738607151007428,True,1,False,0.486075053638249,False,Normal,33,72
2025-02-26 19:00:00,0,0.0,0.0,0.0,19,2,0,-0.9659258262890684,0.2588190451025203,0.9749279121818236,-0.22252093395631434,0.0,37.0,-37.0,50.041666666666664,62.96685060698462,0.0,61693.12199559533,0.0,0.0,10.956354959643463,0.0,False,-3.9985543266287773,10.956354959643463,False,0.0,0.533285898655333,6.0,3.5999999999999996,False,False,0.46504847399906457,0.5967228324897947,False,-0.40116474062472496,0.19738607151007428,False,0,False,0.27763620452569643,False,Normal,33,72
2025-02-26 20:00:00,0,0.0,0.0,0.0,20,2,0,-0.8660254037844386,0.5000000000000001,0.9749279121818236,-0.22252093395631434,0.0,0.0,0.0,50.041666666666664,62.96685060698462,0.0,61693.12199559532,0.0,0.0,10.956354959643463,0.0,False,-3.198843461303022,10.956354959643463,False,0.0,0.033285898655333046,6.0,3.5999999999999996,False,False,0.4259715151552922,0.5967228324897947,False,-0.5125207511915956,0.19738607151007428,False,0,False,0.14365390744078188,False,Normal,33,72
2025-02-26 21:00:00,0,0.0,0.0,0.0,21,2,0,-0.7071067811865477,0.7071067811865474,0.9749279121818236,-0.22252093395631434,0.0,0.0,0.0,50.041666666666664,62.96685060698462,0.0,61693.12199559532,0.0,0.0,10.956354959643463,0.0,False,-2.559074769042418,10.956354959643463,False,0.0,0.0,6.0,3.5999999999999996,False,False,0.4243962266060914,0.5967228324897947,False,-0.5137243633805726,0.19738607151007428,False,0,False,0.13285851921105246,False,Normal,33,72
2025-02-26 22:00:00,0,0.0,0.0,0.0,22,2,0,-0.5000000000000004,0.8660254037844384,0.9749279121818236,-0.22252093395631434,0.0,0.0,0.0,50.041666666666664,62.96685060698462,0.0,61693.12199559532,0.0,0.0,10.956354959643463,0.0,False,-2.0472598152339345,10.956354959643463,False,0.0,0.0,6.0,3.5999999999999996,False,False,0.4225833008110263,0.5967228324897947,False,-0.5265636852326318,0.19738607151007428,False,0,False,0.11133831349618278,False,Normal,33,72
2025-02-26 23:00:00,0,0.0,0.0,0.0,23,2,0,-0.25881904510252157,0.9659258262890681,0.9749279121818236,-0.22252093395631434,0.0,0.0,0.0,50.041666666666664,62.96685060698462,0.0,61693.12199559532,0.0,0.0,10.956354959643463,0.0,False,-1.6378078521871478,10.956354959643463,False,0.0,0.0,6.0,3.5999999999999996,False,False,0.42601149762841073,0.5967228324897947,False,-0.5232777255488921,0.19738607151007428,False,0,False,0.11088244854975522,False,Normal,33,72
2025-02-27 00:00:00,0,0.0,0.0,0.0,0,3,0,0.0,1.0,0.43388373911755823,-0.900968867902419,0.0,0.0,0.0,50.041666666666664,62.96685060698462,0.0,61693.12199559532,0.0,0.0,10.956354959643463,0.0,False,-1.3102462817497182,10.956354959643463,False,0.0,0.0,6.0,3.5999999999999996,False,False,0.41939312614245583,0.5940927642024922,False,-0.5337472145086108,0.21221739863093084,False,0,False,0.08860764423306261,False,Normal,33,72
2025-02-27 01:00:00,0,0.0,0.0,0.0,1,3,0,0.25881904510252074,0.9659258262890683,0.43388373911755823,-0.900968867902419,0.0,0.0,0.0,50.041666666666664,62.96685060698462,0.0,61693.12199559532,0.0,0.0,10.956354959643463,0.0,False,-1.0481970253997746,10.956354959643463,False,0.0,0.0,6.0,3.5999999999999996,False,False,0.4191633299593555,0.5940927642024922,False,-0.5262448262493499,0.21221739863093084,False,0,False,0.09234678954375344,False,Normal,33,72
2025-02-27 02:00:00,0,0.0,0.0,0.0,2,3,0,0.49999999999999994,0.8660254037844387,0.43388373911755823,-0.900968867902419,0.0,0.0,0.0,50.041666666666664,62.96685060698462,0.0,61693.12199559532,0.0,0.0,10.956354959643463,0.0,False,-0.8385576203198197,10.956354959643463,False,0.0,0.0,6.0,3.5999999999999996,False,False,0.41807254863709464,0.5940927642024922,False,-0.5308643803012267,0.21221739863093084,False,0,False,0.08348417320803647,False,Normal,33,72
2025-02-27 03:00:00,0,0.0,0.0,0.0,3,3,0,0.7071067811865476,0.7071067811865476,0.43388373911755823,-0.900968867902419,0.0,0.0,0.0,50.041666666666664,62.96685060698462,0.0,61693.12199559532,0.0,0.0,10.956354959643463,0.0,False,-0.6708460962558558,10.956354959643463,False,0.0,0.0,6.0,3.5999999999999996,False,False,0.4160291353074706,0.5940927642024922,False,-0.5227787582928954,0.21221739863093084,False,0,False,0.08343527864133556,False,Normal,33,72
2025-02-27 04:00:00,0,0.0,0.0,0.0,4,3,0,0.8660254037844386,0.5000000000000001,0.43388373911755823,-0.900968867902419,0.0,0.0,0.0,50.041666666666664,62.96685060698462,0.0,61693.12199559532,0.0,0.0,10.956354959643463,0.0,False,-0.5366768770046847,10.956354959643463,False,0.0,0.0,6.0,3.5999999999999996,False,False,0.41660204830249176,0.5940927642024922,False,-0.5070896367119632,0.21221739863093084,False,0,False,0.09997387834378005,False,Normal,33,72
2025-02-27 05:00:00,0,0.0,0.0,0.0,5,3,0,0.9659258262890683,0.25881904510252074,0.43388373911755823,-0.900968867902419,0.0,0.0,0.0,50.041666666666664,62.96685060698462,0.0,61693.12199559532,0.0,0.0,10.956354959643463,0.0,False,-0.4293415016037478,10.956354959643463,False,0.0,0.0,6.0,3.5999999999999996,False,False,0.4218440247495269,0.5940927642024922,False,-0.4976683996842781,0.21221739863093084,False,0,False,0.11886955211322629,False,Normal,33,72
2025-02-27 06:00:00,13,8256.0,9102.0,17358.0,6,3,0,1.0,6.123233995736766e-17,0.43388373911755823,-0.900968867902419,-0.048735526239990785,0.0,13.0,50.041666666666664,62.96685060698462,-7.0,61693.12199559532,19.0,-6.0,10.956354959643463,-0.5476273835687457,False,-1.5434732012829984,10.956354959643463,False,0.0,0.04762738356874574,6.0,3.5999999999999996,False,False,0.4550024706910577,0.5940927642024922,False,-0.4156048754529995,0.21221739863093084,False,0,False,0.241679458380272,False,Normal,33,72
2025-02-27 07:00:00,24,12848.0,17451.0,30299.0,7,3,0,0.9659258262890683,-0.25881904510252063,0.43388373911755823,-0.900968867902419,-0.15191419141914192,13.0,11.0,49.458333333333336,63.25378776537155,-1.0,61675.81311331377,30.5,-6.5,10.958254073856224,-0.5931601837474682,False,-2.534778561026399,10.958254073856224,False,0.0,0.1407875673162139,6.0,3.5999999999999996,False,False,0.4594431178597917,0.5940927642024922,False,-0.35877030337068416,0.21221739863093084,False,0,False,0.2841270854487723,False,Normal,33,72
2025-02-27 08:00:00,50,23025.0,30826.0,53851.0,8,3,0,0.8660254037844387,-0.4999999999999998,0.43388373911755823,-0.900968867902419,-0.14485998663002303,24.0,26.0,48.916666666666664,63.4205539763464,-8.0,61684.84512299457,58.0,-8.0,10.933736797553172,-0.7316803164486543,False,-3.6278228488211193,10.933736797553172,False,0.0,0.37246788376486817,6.0,3.5999999999999996,False,False,0.4611136355758587,0.5940927642024922,False,-0.4506119657818519,0.21221739863093084,False,0,False,0.26676246332464904,False,Normal,33,72
2025-02-27 09:00:00,75,27700.0,46634.0,74334.0,9,3,0,0.7071067811865476,-0.7071067811865475,0.43388373911755823,-0.900968867902419,-0.25471177776283044,50.0,25.0,48.291666666666664,63.329009196395155,8.0,61693.8738434359,84.5,-9.5,10.930093520439454,-0.8691599922941962,False,-4.802258279056896,10.930093520439454,False,0.0,0.7416278760590642,6.0,3.5999999999999996,False,False,0.48752072958737125,0.5940927642024922,False,-0.3996614901461646,0.21221739863093084,False,0,False,0.37305969037638814,False,Normal,33,72
2025-02-27 10:00:00,129,50980.0,62260.0,113240.0,10,3,0,0.49999999999999994,-0.8660254037844387,0.43388373911755823,-0.900968867902419,-0.09961056507801945,75.0,54.0,47.708333333333336,63.00136586971171,27.0,61511.05802877107,115.5,13.5,10.863370196066597,1.2427082715903461,False,-1.1418066232455168,10.863370196066597,False,0.7427082715903461,0.0,6.0,3.5999999999999996,False,False,0.505667056254139,0.5940927642024922,False,-0.4287914849996688,0.21221739863093084,False,0,False,0.346140836972922,False,Normal,33,72
2025-02-27 11:00:00,90,53101.0,42729.0,95830.0,11,3,0,0.258819045102521,-0.9659258262890682,0.43388373911755823,-0.900968867902419,0.10823220043618453,129.0,-39.0,48.541666666666664,63.972126516276546,11.0,61547.44798885018,96.0,-6.0,10.87879532208211,-0.5515316560668273,False,-2.113445298596414,10.87879532208211,False,0.0,0.0515316560668273,6.0,3.5999999999999996,False,False,0.5186300377601892,0.5940927642024922,False,-0.2845328232463833,0.21221739863093084,False,0,False,0.3876937274999419,False,Normal,33,72
2025-02-27 12:00:00,64,31475.0,36266.0,67741.0,12,3,0,1.2246467991473532e-16,-1.0,0.43388373911755823,-0.900968867902419,-0.07072421835788728,90.0,-26.0,48.833333333333336,64.15176751549656,-7.0,61937.5635163833,71.0,-7.0,10.860764894990737,-0.6445218239857654,False,-3.0907562388771312,10.860764894990737,False,0.0,0.1960534800525927,6.0,3.5999999999999996,False,False,0.4530118248309469,0.5940927642024922,False,-0.510465247640664,0.21221739863093084,False,0,False,0.190318061300054,False,Normal,33,72
2025-02-27 13:00:00,59,23437.0,28888.0,52325.0,13,3,0,-0.2588190451025208,-0.9659258262890683,0.43388373911755823,-0.900968867902419,-0.10417383327600045,64.0,-5.0,48.083333333333336,63.85167368114996,-5.0,62050.673078833184,63.5,-4.5,10.829505255097388,-0.41553144802084796,False,-3.372604991101705,10.829505255097388,False,0.0,0.11158492807344067,6.0,3.5999999999999996,False,False,0.4497615285531249,0.5940927642024922,False,-0.5149224443700902,0.21221739863093084,False,0,False,0.17688070585701698,False,Normal,33,72
2025-02-27 14:00:00,84,36199.0,42707.0,78906.0,14,3,0,-0.4999999999999997,-0.8660254037844388,0.43388373911755823,-0.900968867902419,-0.08247683982409672,59.0,25.0,48.041666666666664,63.84388511569974,3.0,62037.439048085536,79.0,5.0,10.72125957728559,0.4663631137700614,False,-1.6980839928813642,10.72125957728559,False,0.0,0.0,6.0,3.5999999999999996,False,False,0.4500563354132163,0.5940927642024922,False,-0.5229645410307673,0.21221739863093084,False,0,False,0.14733217549379474,False,Normal,33,72
2025-02-27 15:00:00,143,65340.0,68100.0,133440.0,15,3,0,-0.7071067811865471,-0.7071067811865479,0.43388373911755823,-0.900968867902419,-0.020683298236673885,84.0,59.0,48.541666666666664,64.08620496383497,15.0,62054.53142615718,139.0,4.0,10.696262472757097,0.3739624013703685,False,-0.5584671943050914,10.696262472757097,False,0.0,0.0,6.0,3.5999999999999996,False,False,0.4887345614284476,0.5940927642024922,False,-0.4580135038860258,0.21221739863093084,False,0,False,0.27256772762003256,False,Normal,33,72
2025-02-27 16:00:00,170,76301.0,108916.0,185217.0,16,3,0,-0.8660254037844385,-0.5000000000000004,0.43388373911755823,-0.900968867902419,-0.17608979688799145,143.0,27.0,49.083333333333336,64.8549663993951,-2.0,62217.64177220028,188.0,-18.0,10.258898828208029,-1.754574277553739,False,-4.0467737554440735,10.258898828208029,False,0.0,1.254574277553739,6.0,3.5999999999999996,False,False,0.5103857835712178,0.5940927642024922,False,-0.4511550212849804,0.21221739863093084,False,0,False,0.3985543951428,False,Normal,33,72
2025-02-27 17:00:00,235,102296.0,105070.0,207366.0,17,3,0,-0.9659258262890683,-0.25881904510252063,0.43388373911755823,-0.900968867902419,-0.01337724903190961,170.0,65.0,48.25,63.069492383919005,0.0,61759.68823345728,229.0,6.0,9.949105236380584,0.6030693069824999,False,-2.0374190043552587,9.949105236380584,False,0.10306930698249994,0.15150497057123902,6.0,3.5999999999999996,False,False,0.5407008836699903,0.5940927642024922,False,-0.4359058516231593,0.21221739863093084,False,0,False,0.35692948246928524,False,Normal,33,72
2025-02-27 18:00:00,40,16464.0,18525.0,34989.0,18,3,0,-1.0,-1.8369701987210297e-16,0.43388373911755823,-0.900968867902419,-0.05890254358388111,235.0,-195.0,48.875,64.89343270852338,-1.0,61485.367196629384,36.0,4.0,9.654760080816077,0.4143034074920168,False,-0.8299352034842069,9.654760080816077,False,0.017372714474516715,0.0,6.0,3.5999999999999996,False,False,0.5520961854175672,0.5940927642024922,False,0.2945630024621104,0.21221739863093084,True,1,False,0.440515161861329,False,Normal,33,72
2025-02-27 19:00:00,0,0.0,0.0,0.0,19,3,0,-0.9659258262890684,0.2588190451025203,0.43388373911755823,-0.900968867902419,0.0,40.0,-40.0,49.0,64.87245010486883,0.0,61476.306975869215,0.0,0.0,9.656405840225634,0.0,False,-0.6639481627873656,9.656405840225634,False,0.0,0.0,6.0,3.5999999999999996,False,False,0.4594023429665364,0.5940927642024922,False,-0.346710057385766,0.21221739863093084,False,0,False,0.24282763636343874,False,Normal,33,72
2025-02-27 20:00:00,0,0.0,0.0,0.0,20,3,0,-0.8660254037844386,0.5000000000000001,0.43388373911755823,-0.900968867902419,0.0,0.0,0.0,49.0,64.87245010486883,0.0,61476.306975869215,0.0,0.0,9.656405840225634,0.0,False,-0.5311585302298925,9.656405840225634,False,0.0,0.0,6.0,3.5999999999999996,False,False,0.41372555623503626,0.5940927642024922,False,-0.4868204296079244,0.21221739863093084,False,0,False,0.11569469336041388,False,Normal,33,72
2025-02-27 21:00:00,0,0.0,0.0,0.0,21,3,0,-0.7071067811865477,0.7071067811865474,0.43388373911755823,-0.900968867902419,0.0,0.0,0.0,49.0,64.87245010486883,0.0,61476.306975869215,0.0,0.0,9.656405840225634,0.0,False,-0.424926824183914,9.656405840225634,False,0.0,0.0,6.0,3.5999999999999996,False,False,0.4131454467574738,0.5940927642024922,False,-0.505319422508886,0.21221739863093084,False,0,False,0.09456886330256331,False,Normal,33,72
2025-02-27 22:00:00,0,0.0,0.0,0.0,22,3,0,-0.5000000000000004,0.8660254037844384,0.43388373911755823,-0.900968867902419,0.0,0.0,0.0,49.0,64.87245010486883,0.0,61476.306975869215,0.0,0.0,9.656405840225634,0.0,False,-0.3399414593471312,9.656405840225634,False,0.0,0.0,6.0,3.5999999999999996,False,False,0.4131755422624591,0.5940927642024922,False,-0.5341261750276075,0.21221739863093084,False,0,False,0.06302868614766863,False,Normal,33,72
2025-02-27 23:00:00,0,0.0,0.0,0.0,23,3,0,-0.25881904510252157,0.9659258262890681,0.43388373911755823,-0.900968867902419,0.0,0.0,0.0,49.0,64.87245010486883,0.0,61476.306975869215,0.0,0.0,9.656405840225634,0.0,False,-0.271953167477705,9.656405840225634,False,0.0,0.0,6.0,3.5999999999999996,False,False,0.41479365864348605,0.5940927642024922,False,-0.5333204423892012,0.21221739863093084,False,0,False,0.06534336090315362,False,Normal,33,72
2025-02-28 00:00:00,0,0.0,0.0,0.0,0,4,0,0.0,1.0,-0.433883739117558,-0.9009688679024191,0.0,0.0,0.0,49.0,64.87245010486883,0.0,61476.306975869215,0.0,0.0,9.656405840225634,0.0,False,-0.217562533982164,9.656405840225634,False,0.0,0.0,6.0,3.5999999999999996,False,False,0.42594973571557565,0.5896878779809769,False,-0.49966637775736045,0.22195302629068886,False,0,False,0.11932056887233564,False,Normal,33,72
2025-02-28 01:00:00,0,0.0,0.0,0.0,1,4,0,0.25881904510252074,0.9659258262890683,-0.433883739117558,-0.9009688679024191,0.0,0.0,0.0,49.0,64.87245010486883,0.0,61476.306975869215,0.0,0.0,9.656405840225634,0.0,False,-0.1740500271857312,9.656405840225634,False,0.0,0.0,6.0,3.5999999999999996,False,False,0.4250023552689095,0.5896878779809769,False,-0.5039590500026935,0.22195302629068886,False,0,False,0.11279259741996589,False,Normal,33,72
2025-02-28 02:00:00,0,0.0,0.0,0.0,2,4,0,0.49999999999999994,0.8660254037844387,-0.433883739117558,-0.9009688679024191,0.0,0.0,0.0,49.0,64.87245010486883,0.0,61476.306975869215,0.0,0.0,9.656405840225634,0.0,False,-0.13924002174858496,9.656405840225634,False,0.0,0.0,6.0,3.5999999999999996,False,False,0.42119871506516615,0.5896878779809769,False,-0.5083694151857393,0.22195302629068886,False,0,False,0.10260767344159069,False,Normal,33,72
2025-02-28 03:00:00,0,0.0,0.0,0.0,3,4,0,0.7071067811865476,0.7071067811865476,-0.433883739117558,-0.9009688679024191,0.0,0.0,0.0,49.0,64.87245010486883,0.0,61476.306975869215,0.0,0.0,9.656405840225634,0.0,False,-0.11139201739886798,9.656405840225634,False,0.0,0.0,6.0,3.5999999999999996,False,False,0.4186235044874129,0.5896878779809769,False,-0.5029734589033515,0.22195302629068886,False,0,False,0.1042584233974673,False,Normal,33,72
2025-02-28 04:00:00,0,0.0,0.0,0.0,4,4,0,0.8660254037844386,0.5000000000000001,-0.433883739117558,-0.9009688679024191,0.0,0.0,0.0,49.0,64.87245010486883,0.0,61476.306975869215,0.0,0.0,9.656405840225634,0.0,False,-0.08911361391909439,9.656405840225634,False,0.0,0.0,6.0,3.5999999999999996,False,False,0.41955239968826646,0.5896878779809769,False,-0.478070163870824,0.22195302629068886,False,0,False,0.12830374246329218,False,Normal,33,72
2025-02-28 05:00:00,0,0.0,0.0,0.0,5,4,0,0.9659258262890683,0.25881904510252074,-0.433883739117558,-0.9009688679024191,0.0,0.0,0.0,49.0,64.87245010486883,0.0,61476.306975869215,0.0,0.0,9.656405840225634,0.0,False,-0.07129089113527552,9.656405840225634,False,0.0,0.0,6.0,3.5999999999999996,False,False,0.42076127293940974,0.5896878779809769,False,-0.45485286960474514,0.22195302629068886,False,0,False,0.15197351831520306,False,Normal,33,72
2025-02-28 06:00:00,26,15050.0,14084.0,29134.0,6,4,0,1.0,6.123233995736766e-17,-0.433883739117558,-0.9009688679024191,0.03315599794062125,0.0,26.0,49.0,64.87245010486883,6.0,61476.306975869215,17.5,8.5,9.656405840225634,0.8802446935889541,False,1.6429672870917797,9.656405840225634,False,0.3802446935889541,0.0,6.0,3.5999999999999996,False,False,0.47594402883958115,0.5896878779809769,False,-0.2792468880601142,0.22195302629068886,False,0,False,0.33967095227139266,False,Normal,33,72
2025-02-28 07:00:00,40,22677.0,26015.0,48692.0,7,4,0,0.9659258262890683,-0.25881904510252063,-0.433883739117558,-0.9009688679024191,-0.068551947918592,26.0,14.0,49.541666666666664,64.61254365137971,6.0,61270.22201737131,26.5,13.5,9.661407578413492,1.3973119227640376,False,4.014373829673424,9.661407578413492,False,1.2775566163529917,0.0,6.0,3.5999999999999996,False,False,0.4654140235794478,0.5896878779809769,False,-0.28574128624672923,0.22195302629068886,False,0,False,0.3637016689488737,False,Normal,33,72
2025-02-28 08:00:00,75,37163.0,45511.0,82674.0,8,4,0,0.8660254037844387,-0.4999999999999998,-0.433883739117558,-0.9009688679024191,-0.10097369216812821,40.0,35.0,50.208333333333336,64.41980465574277,26.0,61151.56472062509,55.5,19.5,9.655698097967647,2.019532901935325,False,7.11149906373874,9.655698097967647,False,2.797089518288317,0.0,6.0,3.5999999999999996,False,False,0.49145784408236315,0.5896878779809769,False,-0.32448750111606417,0.22195302629068886,False,0,False,0.4857761757610768,False,Normal,33,72
2025-02-28 09:00:00,142,55673.0,90906.0,146579.0,9,4,0,0.7071067811865476,-0.7071067811865475,-0.433883739117558,-0.9009688679024191,-0.24036703506617546,75.0,67.0,51.25,64.61810891692824,49.0,61533.60891627332,80.0,62.0,9.685577644101286,6.4012702471864715,True,18.089199250990994,9.685577644101286,True,0.0,0.0,6.0,3.5999999999999996,True,False,0.5577981613282136,0.5896878779809769,False,-0.012942671112981197,0.22195302629068886,False,3,True,0.9230571161048691,False,Confirmed Anomaly,34,72
2025-02-28 10:00:00,202,90010.0,86266.0,176276.0,10,4,0,0.49999999999999994,-0.8660254037844387,-0.433883739117558,-0.9009688679024191,0.021239299511564187,142.0,60.0,54.041666666666664,67.0888309026477,67.0,64464.79841842852,115.5,86.5,10.0752257090575,8.585415602375795,True,31.771359400792797,10.0752257090575,True,0.0,0.0,6.0,3.5999999999999996,True,False,0.5751290225066009,0.5896878779809769,False,0.10272934872603323,0.22195302629068886,False,3,True,0.9720739700374533,False,Confirmed Anomaly,35,72
2025-02-28 11:00:00,162,84087.0,62265.0,146352.0,11,4,0,0.258819045102521,-0.9659258262890682,-0.433883739117558,-0.9009688679024191,0.1491052455364769,202.0,-40.0,57.083333333333336,72.10253367475265,43.0,68194.78983061439,91.0,71.0,10.780964349559756,6.585681734760518,True,39.61708752063424,10.780964349559756,True,0.0,0.0,6.0,3.5999999999999996,True,False,0.6005273972646293,0.5896878779809769,True,0.12286884110689789,0.22195302629068886,False,4,True,0.9815777153558053,False,Confirmed Anomaly,36,72
2025-02-28 12:00:00,118,42663.0,50954.0,93617.0,12,4,0,1.2246467991473532e-16,-1.0,-0.433883739117558,-0.9009688679024191,-0.08856202866970027,162.0,-44.0,60.083333333333336,74.97241038435791,47.0,70233.52865230902,71.0,47.0,11.236090239889869,4.182949673467617,True,41.093670016507396,11.236090239889869,True,3.6829496734676166,0.0,6.0,3.5999999999999996,False,True,0.568306804825909,0.5896878779809769,False,-0.09250691807368927,0.22195302629068886,False,2,False,0.6667958879919917,True,Building Stress,36,73
2025-02-28 13:00:00,85,46823.0,56393.0,103216.0,13,4,0,-0.2588190451025208,-0.9659258262890683,-0.433883739117558,-0.9009688679024191,-0.09271728494337172,118.0,-33.0,62.333333333333336,75.89962861034569,34.0,70588.82179056964,61.5,23.5,11.411189907122111,2.0593820794563107,False,37.57493601320592,11.411189907122111,True,5.242331752923928,0.0,6.0,3.5999999999999996,False,True,0.5491642243029341,0.5896878779809769,False,-0.300875892571411,0.22195302629068886,False,1,False,0.5736320243713902,True,Building Stress,36,74
2025-02-28 14:00:00,122,65085.0,57750.0,122835.0,14,4,0,-0.4999999999999997,-0.8660254037844388,-0.433883739117558,-0.9009688679024191,0.059713764694389264,85.0,37.0,63.416666666666664,76.03541318340432,44.0,71142.35686401364,79.0,43.0,11.452226798791196,3.754728294809768,True,38.659948810564735,11.452226798791196,True,0.0,0.0,6.0,3.5999999999999996,True,False,0.5647863937277209,0.5896878779809769,False,-0.16973266953505073,0.22195302629068886,False,3,True,0.848706298965569,False,Confirmed Anomaly,37,74
2025-02-28 15:00:00,228,106322.0,106586.0,212908.0,15,4,0,-0.7071067811865471,-0.7071067811865479,-0.433883739117558,-0.9009688679024191,-0.0012399663706090394,122.0,106.0,65.0,76.87369652482768,74.0,72177.90260001547,136.5,91.5,11.607766242845226,7.8826535688034385,True,49.227959048451794,11.607766242845226,True,0.0,0.0,6.0,3.5999999999999996,True,False,0.6033626038001186,0.5896878779809769,True,0.21538785679426842,0.22195302629068886,False,4,True,0.984058988764045,False,Confirmed Anomaly,38,74
2025-02-28 16:00:00,301,129203.0,148538.0,277741.0,16,4,0,-0.8660254037844385,-0.5000000000000004,-0.433883739117558,-0.9009688679024191,-0.06961496640767331,228.0,73.0,68.54166666666667,82.384031360382,75.0,77201.06617898552,184.0,117.0,12.271608103673946,9.534202772085905,True,62.78236723876144,12.271608103673946,True,0.0,0.0,6.0,3.5999999999999996,True,False,0.6374034682946433,0.5896878779809769,True,0.29041287467278454,0.22195302629068886,True,5,True,0.9897237827715356,False,Confirmed Anomaly,39,74
2025-02-28 17:00:00,379,162772.0,233066.0,395838.0,17,4,0,-0.9659258262890683,-0.25881904510252063,-0.433883739117558,-0.9009688679024191,-0.1775822998744439,301.0,78.0,74.0,93.04790724932109,150.0,85287.19379648594,229.0,150.0,13.149935533600615,11.406900027511249,True,80.22589379100916,13.149935533600615,True,0.0,0.0,6.0,3.5999999999999996,True,False,0.6685604027504569,0.5896878779809769,True,1.9566308869251499,0.22195302629068886,True,5,True,0.997308052434457,False,Confirmed Anomaly,40,74
2025-02-28 18:00:00,57,23506.0,32831.0,56337.0,18,4,0,-1.0,-1.8369701987210297e-16,-0.433883739117558,-0.9009688679024191,-0.16551883275941637,379.0,-322.0,80.0,107.41467797036987,27.0,104898.16467259734,38.0,19.0,14.664730643437784,1.2956255700817918,False,67.98071503280732,14.664730643437784,True,0.7956255700817918,0.0,6.0,3.5999999999999996,False,False,0.6428380899513415,0.5896878779809769,True,0.9122497164105687,0.22195302629068886,True,3,True,0.6375929497143369,False,Confirmed Anomaly,41,74
2025-02-28 19:00:00,0,0.0,0.0,0.0,19,4,0,-0.9659258262890684,0.2588190451025203,-0.433883739117558,-0.9009688679024191,0.0,57.0,-57.0,80.70833333333333,107.19526237368105,0.0,104608.12346076999,0.0,0.0,14.685986539468331,0.0,False,54.38457202624586,14.685986539468331,True,0.2956255700817918,0.0,6.0,3.5999999999999996,False,False,0.5307502346511891,0.5896878779809769,False,0.33344329149531116,0.22195302629068886,True,2,False,0.5516619850187265,False,Watch,41,74
2025-02-28 20:00:00,0,0.0,0.0,0.0,20,4,0,-0.8660254037844386,0.5000000000000001,-0.433883739117558,-0.9009688679024191,0.0,0.0,0.0,80.70833333333333,107.19526237368105,0.0,104608.12346076999,0.0,0.0,14.685986539468331,0.0,False,43.507657620996696,14.685986539468331,True,0.0,0.0,6.0,3.5999999999999996,False,False,0.4814494473713572,0.5896878779809769,False,0.15192815972222284,0.22195302629068886,False,1,False,0.500374531835206,False,Normal,41,74
2025-02-28 21:00:00,0,0.0,0.0,0.0,21,4,0,-0.7071067811865477,0.7071067811865474,-0.433883739117558,-0.9009688679024191,0.0,0.0,0.0,80.70833333333333,107.19526237368105,0.0,104608.12346076999,0.0,0.0,14.685986539468331,0.0,False,34.80612609679736,14.685986539468331,True,0.0,0.0,6.0,3.5999999999999996,False,False,0.4792550897459996,0.5896878779809769,False,0.12478791195479544,0.22195302629068886,False,1,False,0.49424157303370786,False,Normal,41,74
2025-02-28 22:00:00,0,0.0,0.0,0.0,22,4,0,-0.5000000000000004,0.8660254037844384,-0.433883739117558,-0.9009688679024191,0.0,0.0,0.0,80.70833333333333,107.19526237368105,0.0,104608.12346076999,0.0,0.0,14.685986539468331,0.0,False,27.844900877437887,14.685986539468331,True,0.0,0.0,6.0,3.5999999999999996,False,False,0.48367618889548075,0.5896878779809769,False,0.1222815438182665,0.22195302629068886,False,1,False,0.5038857677902622,False,Normal,41,74
2025-02-28 23:00:00,0,0.0,0.0,0.0,23,4,0,-0.25881904510252157,0.9659258262890681,-0.433883739117558,-0.9009688679024191,0.0,0.0,0.0,80.70833333333333,107.19526237368105,0.0,104608.12346076999,0.0,0.0,14.685986539468331,0.0,False,22.275920701950312,14.685986539468331,True,0.0,0.0,6.0,3.5999999999999996,False,False,0.48711770077086136,0.5896878779809769,False,0.13846562203881052,0.22195302629068886,False,1,False,0.5099016853932584,False,Normal,41,74
2025-03-01 00:00:00,0,0.0,0.0,0.0,0,5,1,0.0,1.0,-0.9749279121818236,-0.2225209339563146,0.0,0.0,0.0,80.70833333333333,107.19526237368105,0.0,104608.12346076999,0.0,0.0,14.685986539468331,0.0,False,17.82073656156025,14.685986539468331,True,0.0,0.0,6.0,3.5999999999999996,False,False,0.5744474414826681,0.583543116300634,False,-0.25831500843673605,0.20231209286084081,False,1,False,0.5244616104868913,False,Normal,41,74
2025-03-01 01:00:00,0,0.0,0.0,0.0,1,5,1,0.25881904510252074,0.9659258262890683,-0.9749279121818236,-0.2225209339563146,0.0,0.0,0.0,80.70833333333333,107.19526237368105,0.0,104608.12346076999,0.0,0.0,14.685986539468331,0.0,False,14.2565892492482,14.685986539468331,False,0.0,0.0,6.0,3.5999999999999996,False,False,0.5678959600489542,0.583543116300634,False,-0.3192686639735196,0.20231209286084081,False,0,False,0.5073885586120481,False,Normal,41,74
2025-03-01 02:00:00,0,0.0,0.0,0.0,2,5,1,0.49999999999999994,0.8660254037844387,-0.9749279121818236,-0.2225209339563146,0.0,0.0,0.0,80.70833333333333,107.19526237368105,0.0,104608.12346076999,0.0,0.0,14.685986539468331,0.0,False,11.405271399398561,14.685986539468331,False,0.0,0.0,6.0,3.5999999999999996,False,False,0.5631552158085359,0.583543116300634,False,-0.3593514190879006,0.20231209286084081,False,0,False,0.4660700229196011,False,Normal,41,74
2025-03-01 03:00:00,0,0.0,0.0,0.0,3,5,1,0.7071067811865476,0.7071067811865476,-0.9749279121818236,-0.2225209339563146,0.0,0.0,0.0,80.70833333333333,107.19526237368105,0.0,104608.12346076999,0.0,0.0,14.685986539468331,0.0,False,9.12421711951885,14.685986539468331,False,0.0,0.0,6.0,3.5999999999999996,False,False,0.5604511065084005,0.583543116300634,False,-0.3862026038671309,0.20231209286084081,False,0,False,0.43160601833568085,False,Normal,41,74
2025-03-01 04:00:00,0,0.0,0.0,0.0,4,5,1,0.8660254037844386,0.5000000000000001,-0.9749279121818236,-0.2225209339563146,0.0,0.0,0.0,80.70833333333333,107.19526237368105,0.0,104608.12346076999,0.0,0.0,14.685986539468331,0.0,False,7.29937369561508,14.685986539468331,False,0.0,0.0,6.0,3.5999999999999996,False,False,0.5574073524513373,0.583543116300634,False,-0.412878594824031,0.20231209286084081,False,0,False,0.4007014813352114,False,Normal,41,74
2025-03-01 05:00:00,0,0.0,0.0,0.0,5,5,1,0.9659258262890683,0.25881904510252074,-0.9749279121818236,-0.2225209339563146,0.0,0.0,0.0,80.70833333333333,107.19526237368105,0.0,104608.12346076999,0.0,0.0,14.685986539468331,0.0,False,5.839498956492065,14.685986539468331,False,0.0,0.0,6.0,3.5999999999999996,False,False,0.5542087054768426,0.583543116300634,False,-0.44022640905024013,0.20231209286084081,False,0,False,0.37155837607940506,False,Normal,41,74
2025-03-01 06:00:00,0,0.0,0.0,0.0,6,5,1,1.0,6.123233995736766e-17,-0.9749279121818236,-0.2225209339563146,0.0,0.0,0.0,80.70833333333333,107.19526237368105,0.0,104608.12346076999,0.0,0.0,14.685986539468331,0.0,False,4.671599165193652,14.685986539468331,False,0.0,0.0,6.0,3.5999999999999996,False,False,0.558470847757917,0.583543116300634,False,-0.4598400277793533,0.20231209286084081,False,0,False,0.3505940791406776,False,Normal,41,74
2025-03-01 07:00:00,0,0.0,0.0,0.0,7,5,1,0.9659258262890683,-0.25881904510252063,-0.9749279121818236,-0.2225209339563146,0.0,0.0,0.0,79.625,107.90124812913929,0.0,105376.25257658931,0.0,0.0,14.685986539468331,0.0,False,3.737279332154922,14.685986539468331,False,0.0,0.0,6.0,3.5999999999999996,False,False,0.5517881032139782,0.583543116300634,False,-0.46638482791863267,0.20231209286084081,False,0,False,0.3298385591926919,False,Normal,41,74
2025-03-01 08:00:00,0,0.0,0.0,0.0,8,5,1,0.8660254037844387,-0.4999999999999998,-0.9749279121818236,-0.2225209339563146,0.0,0.0,0.0,77.95833333333333,108.84471554213954,0.0,106421.13918288836,0.0,0.0,14.685986539468331,0.0,False,2.9898234657239375,14.685986539468331,False,0.0,0.0,6.0,3.5999999999999996,False,False,0.5506860873931614,0.583543116300634,False,-0.4616702148537175,0.20231209286084081,False,0,False,0.3277987499758764,False,Normal,41,74
2025-03-01 09:00:00,0,0.0,0.0,0.0,9,5,1,0.7071067811865476,-0.7071067811865475,-0.9749279121818236,-0.2225209339563146,0.0,0.0,0.0,74.83333333333333,110.00382075050913,0.0,107514.5885228817,0.0,0.0,14.685986539468331,0.0,False,2.39185877257915,14.685986539468331,False,0.0,0.0,6.0,3.5999999999999996,False,False,0.5481885100884245,0.583543116300634,False,-0.4541345257726679,0.20231209286084081,False,0,False,0.32571746440017674,False,Normal,41,74
2025-03-01 10:00:00,0,0.0,0.0,0.0,10,5,1,0.49999999999999994,-0.8660254037844387,-0.9749279121818236,-0.2225209339563146,0.0,0.0,0.0,68.91666666666667,110.05291875973226,0.0,107265.98912766449,0.0,0.0,14.685986539468331,0.0,False,1.91348701806332,14.685986539468331,False,0.0,0.0,6.0,3.5999999999999996,False,False,0.5398203388329709,0.583543116300634,False,-0.476927409594887,0.20231209286084081,False,0,False,0.29360767938530996,False,Normal,41,74
2025-03-01 11:00:00,0,0.0,0.0,0.0,11,5,1,0.258819045102521,-0.9659258262890682,-0.9749279121818236,-0.2225209339563146,0.0,0.0,0.0,60.5,107.11757051503491,0.0,105409.0921231745,0.0,0.0,14.685986539468331,0.0,False,1.530789614450656,14.685986539468331,False,0.0,0.0,6.0,3.5999999999999996,False,False,0.5416841265331086,0.583543116300634,False,-0.48583142442446836,0.20231209286084081,False,0,False,0.2838468176655513,False,Normal,41,74
2025-03-01 12:00:00,0,0.0,0.0,0.0,12,5,1,1.2246467991473532e-16,-1.0,-0.9749279121818236,-0.2225209339563146,0.0,0.0,0.0,53.75,105.53600251140345,0.0,104345.92618770998,0.0,0.0,14.685986539468331,0.0,False,1.2246316915605249,14.685986539468331,False,0.0,0.0,6.0,3.5999999999999996,False,False,0.5404743357572295,0.583543116300634,False,-0.47004265453661165,0.20231209286084081,False,0,False,0.29275161143581185,False,Normal,41,74
2025-03-01 13:00:00,0,0.0,0.0,0.0,13,5,1,-0.2588190451025208,-0.9659258262890683,-0.9749279121818236,-0.2225209339563146,0.0,0.0,0.0,48.833333333333336,105.16060870491577,0.0,104495.80270427032,0.0,0.0,14.685986539468331,0.0,False,0.9797053532484199,14.685986539468331,False,0.0,0.0,6.0,3.5999999999999996,False,False,0.5408766254948294,0.583543116300634,False,-0.4431183354720756,0.20231209286084081,False,0,False,0.3124878060025821,False,Normal,41,74
2025-03-01 14:00:00,0,0.0,0.0,0.0,14,5,1,-0.4999999999999997,-0.8660254037844388,-0.9749279121818236,-0.2225209339563146,0.0,0.0,0.0,45.291666666666664,105.32082628462123,0.0,104278.4769234594,0.0,0.0,14.685986539468331,0.0,False,0.783764282598736,14.685986539468331,False,0.0,0.0,6.0,3.5999999999999996,False,False,0.5390417634580449,0.583543116300634,False,-0.41426906243472805,0.20231209286084081,False,0,False,0.3237589713938259,False,Normal,41,74
2025-03-01 15:00:00,0,0.0,0.0,0.0,15,5,1,-0.7071067811865471,-0.7071067811865479,-0.9749279121818236,-0.2225209339563146,0.0,0.0,0.0,40.208333333333336,104.39764247157686,0.0,103271.11786717639,0.0,0.0,14.685986539468331,0.0,False,0.6270114260789889,14.685986539468331,False,0.0,0.0,6.0,3.5999999999999996,False,False,0.5414080952161728,0.583543116300634,False,-0.39547898979696794,0.20231209286084081,False,0,False,0.3302805853547611,False,Normal,41,74
2025-03-01 16:00:00,0,0.0,0.0,0.0,16,5,1,-0.8660254037844385,-0.5000000000000004,-0.9749279121818236,-0.2225209339563146,0.0,0.0,0.0,30.708333333333332,96.65243835816926,0.0,96639.75820885871,0.0,0.0,14.685986539468331,0.0,False,0.5016091408631911,14.685986539468331,False,0.0,0.0,6.0,3.5999999999999996,False,False,0.5337540998924826,0.583543116300634,False,-0.39063268132820905,0.20231209286084081,False,0,False,0.3267525581714493,False,Normal,41,74
2025-03-01 17:00:00,0,0.0,0.0,0.0,17,5,1,-0.9659258262890683,-0.25881904510252063,-0.9749279121818236,-0.2225209339563146,0.0,0.0,0.0,18.166666666666668,77.73123521169744,0.0,81117.82096690273,0.0,0.0,14.685986539468331,0.0,False,0.4012873126905529,14.685986539468331,False,0.0,0.0,6.0,3.5999999999999996,False,False,0.5235619622893745,0.583543116300634,False,-0.37715034816570037,0.20231209286084081,False,0,False,0.32661740234240294,False,Normal,41,74
2025-03-01 18:00:00,0,0.0,0.0,0.0,18,5,1,-1.0,-1.8369701987210297e-16,-0.9749279121818236,-0.2225209339563146,0.0,0.0,0.0,2.375,11.635076278220044,0.0,11499.741969931647,0.0,0.0,14.685986539468331,0.0,False,0.32102985015244234,14.685986539468331,False,0.0,0.0,6.0,3.5999999999999996,False,False,0.569179035056628,0.583543116300634,False,-0.4842013099382765,0.20231209286084081,False,0,False,0.2881104012746714,False,Normal,41,74
2025-03-01 19:00:00,0,0.0,0.0,0.0,19,5,1,-0.9659258262890684,0.2588190451025203,-0.9749279121818236,-0.2225209339563146,0.0,0.0,0.0,0.0,0.0,0.0,0.0,0.0,0.0,14.685986539468331,0.0,False,0.2568238801219539,14.685986539468331,False,0.0,0.0,6.0,3.5999999999999996,False,False,0.5099310873129242,0.583543116300634,False,-0.5016996328170397,0.20231209286084081,False,0,False,0.23832071802348245,False,Normal,41,74
2025-03-01 20:00:00,0,0.0,0.0,0.0,20,5,1,-0.8660254037844386,0.5000000000000001,-0.9749279121818236,-0.2225209339563146,0.0,0.0,0.0,0.0,0.0,0.0,0.0,0.0,0.0,14.685986539468331,0.0,False,0.20545910409756313,14.685986539468331,False,0.0,0.0,6.0,3.5999999999999996,False,False,0.5004071592160102,0.583543116300634,False,-0.5105618358164894,0.20231209286084081,False,0,False,0.21658822235886085,False,Normal,41,74
2025-03-01 21:00:00,0,0.0,0.0,0.0,21,5,1,-0.7071067811865477,0.7071067811865474,-0.9749279121818236,-0.2225209339563146,0.0,0.0,0.0,0.0,0.0,0.0,0.0,0.0,0.0,14.685986539468331,0.0,False,0.1643672832780505,14.685986539468331,False,0.0,0.0,6.0,3.5999999999999996,False,False,0.5007145498717478,0.583543116300634,False,-0.5104498931956962,0.20231209286084081,False,0,False,0.21740915466611488,False,Normal,41,74
2025-03-01 22:00:00,0,0.0,0.0,0.0,22,5,1,-0.5000000000000004,0.8660254037844384,-0.9749279121818236,-0.2225209339563146,0.0,0.0,0.0,0.0,0.0,0.0,0.0,0.0,0.0,14.685986539468331,0.0,False,0.1314938266224404,14.685986539468331,False,0.0,0.0,6.0,3.5999999999999996,False,False,0.5102920034288331,0.583543116300634,False,-0.5009774078230391,0.20231209286084081,False,0,False,0.23858556343326642,False,Normal,41,74
2025-03-01 23:00:00,0,0.0,0.0,0.0,23,5,1,-0.25881904510252157,0.9659258262890681,-0.9749279121818236,-0.2225209339563146,0.0,0.0,0.0,0.0,0.0,0.0,0.0,0.0,0.0,14.685986539468331,0.0,False,0.10519506129795234,14.685986539468331,False,0.0,0.0,6.0,3.5999999999999996,False,False,0.520284607734212,0.583543116300634,False,-0.4949356740381947,0.20231209286084081,False,0,False,0.24917837584024613,False,Normal,41,74
2025-03-02 00:00:00,0,0.0,0.0,0.0,0,6,1,0.0,1.0,-0.7818314824680299,0.6234898018587334,0.0,0.0,0.0,0.0,0.0,0.0,0.0,0.0,0.0,14.685986539468331,0.0,False,0.08415604903836188,14.685986539468331,False,0.0,0.0,6.0,3.5999999999999996,False,False,0.47365449618875133,0.582296759747996,False,-0.5066717128009485,0.19935377009153407,False,0,False,0.17120131490440665,False,Normal,41,74
2025-03-02 01:00:00,0,0.0,0.0,0.0,1,6,1,0.25881904510252074,0.9659258262890683,-0.7818314824680299,0.6234898018587334,0.0,0.0,0.0,0.0,0.0,0.0,0.0,0.0,0.0,14.685986539468331,0.0,False,0.0673248392306895,14.685986539468331,False,0.0,0.0,6.0,3.5999999999999996,False,False,0.47067280469211,0.582296759747996,False,-0.4929505853638827,0.19935377009153407,False,0,False,0.17807528413326312,False,Normal,41,74
2025-03-02 02:00:00,0,0.0,0.0,0.0,2,6,1,0.49999999999999994,0.8660254037844387,-0.7818314824680299,0.6234898018587334,0.0,0.0,0.0,0.0,0.0,0.0,0.0,0.0,0.0,14.685986539468331,0.0,False,0.05385987138455161,14.685986539468331,False,0.0,0.0,6.0,3.5999999999999996,False,False,0.4661069718426101,0.582296759747996,False,-0.48236285476103236,0.19935377009153407,False,0,False,0.17454356063994386,False,Normal,41,74
2025-03-02 03:00:00,0,0.0,0.0,0.0,3,6,1,0.7071067811865476,0.7071067811865476,-0.7818314824680299,0.6234898018587334,0.0,0.0,0.0,0.0,0.0,0.0,0.0,0.0,0.0,14.685986539468331,0.0,False,0.04308789710764129,14.685986539468331,False,0.0,0.0,6.0,3.5999999999999996,False,False,0.46335919511995427,0.582296759747996,False,-0.466076641433514,0.19935377009153407,False,0,False,0.1853417773509064,False,Normal,41,74
2025-03-02 04:00:00,0,0.0,0.0,0.0,4,6,1,0.8660254037844386,0.5000000000000001,-0.7818314824680299,0.6234898018587334,0.0,0.0,0.0,0.0,0.0,0.0,0.0,0.0,0.0,14.685986539468331,0.0,False,0.034470317686113035,14.685986539468331,False,0.0,0.0,6.0,3.5999999999999996,False,False,0.46519080925924233,0.582296759747996,False,-0.4707386254463266,0.19935377009153407,False,0,False,0.18160207356611838,False,Normal,41,74
2025-03-02 05:00:00,0,0.0,0.0,0.0,5,6,1,0.9659258262890683,0.25881904510252074,-0.7818314824680299,0.6234898018587334,0.0,0.0,0.0,0.0,0.0,0.0,0.0,0.0,0.0,14.685986539468331,0.0,False,0.02757625414889043,14.685986539468331,False,0.0,0.0,6.0,3.5999999999999996,False,False,0.46926619738873865,0.582296759747996,False,-0.47350110379835275,0.19935377009153407,False,0,False,0.18820300716750143,False,Normal,41,74
2025-03-02 06:00:00,0,0.0,0.0,0.0,6,6,1,1.0,6.123233995736766e-17,-0.7818314824680299,0.6234898018587334,0.0,0.0,0.0,0.0,0.0,0.0,0.0,0.0,0.0,14.685986539468331,0.0,False,0.022061003319112343,14.685986539468331,False,0.0,0.0,6.0,3.5999999999999996,False,False,0.4728638237253665,0.582296759747996,False,-0.4663416099444224,0.19935377009153407,False,0,False,0.20677963419842063,False,Normal,41,74
2025-03-02 07:00:00,0,0.0,0.0,0.0,7,6,1,0.9659258262890683,-0.25881904510252063,-0.7818314824680299,0.6234898018587334,0.0,0.0,0.0,0.0,0.0,0.0,0.0,0.0,0.0,14.685986539468331,0.0,False,0.017648802655289876,14.685986539468331,False,0.0,0.0,6.0,3.5999999999999996,False,False,0.4751322870694228,0.582296759747996,False,-0.4681515159024223,0.19935377009153407,False,0,False,0.21064374481192003,False,Normal,41,74
2025-03-02 08:00:00,0,0.0,0.0,0.0,8,6,1,0.8660254037844387,-0.4999999999999998,-0.7818314824680299,0.6234898018587334,0.0,0.0,0.0,0.0,0.0,0.0,0.0,0.0,0.0,14.685986539468331,0.0,False,0.0141190421242319,14.685986539468331,False,0.0,0.0,6.0,3.5999999999999996,False,False,0.47652132325116114,0.582296759747996,False,-0.4646929532477104,0.19935377009153407,False,0,False,0.22200750521283188,False,Normal,41,74
2025-03-02 09:00:00,0,0.0,0.0,0.0,9,6,1,0.7071067811865476,-0.7071067811865475,-0.7818314824680299,0.6234898018587334,0.0,0.0,0.0,0.0,0.0,0.0,0.0,0.0,0.0,14.685986539468331,0.0,False,0.011295233699385522,14.685986539468331,False,0.0,0.0,6.0,3.5999999999999996,False,False,0.47181855152589336,0.582296759747996,False,-0.4621617104797695,0.19935377009153407,False,0,False,0.2094552551065951,False,Normal,41,74
2025-03-02 10:00:00,0,0.0,0.0,0.0,10,6,1,0.49999999999999994,-0.8660254037844387,-0.7818314824680299,0.6234898018587334,0.0,0.0,0.0,0.0,0.0,0.0,0.0,0.0,0.0,14.685986539468331,0.0,False,0.009036186959508417,14.685986539468331,False,0.0,0.0,6.0,3.5999999999999996,False,False,0.4733329480367222,0.582296759747996,False,-0.4667972460202592,0.19935377009153407,False,0,False,0.20727862356093155,False,Normal,41,74
2025-03-02 11:00:00,0,0.0,0.0,0.0,11,6,1,0.258819045102521,-0.9659258262890682,-0.7818314824680299,0.6234898018587334,0.0,0.0,0.0,0.0,0.0,0.0,0.0,0.0,0.0,14.685986539468331,0.0,False,0.007228949567606734,14.685986539468331,False,0.0,0.0,6.0,3.5999999999999996,False,False,0.4752373552843063,0.582296759747996,False,-0.47590478396667346,0.19935377009153407,False,0,False,0.2053640973506179,False,Normal,41,74
2025-03-02 12:00:00,0,0.0,0.0,0.0,12,6,1,1.2246467991473532e-16,-1.0,-0.7818314824680299,0.6234898018587334,0.0,0.0,0.0,0.0,0.0,0.0,0.0,0.0,0.0,14.685986539468331,0.0,False,0.005783159654085388,14.685986539468331,False,0.0,0.0,6.0,3.5999999999999996,False,False,0.48339052711978214,0.582296759747996,False,-0.4672526454844059,0.19935377009153407,False,0,False,0.23308809435989503,False,Normal,41,74
2025-03-02 13:00:00,0,0.0,0.0,0.0,13,6,1,-0.2588190451025208,-0.9659258262890683,-0.7818314824680299,0.6234898018587334,0.0,0.0,0.0,0.0,0.0,0.0,0.0,0.0,0.0,14.685986539468331,0.0,False,0.004626527723268311,14.685986539468331,False,0.0,0.0,6.0,3.5999999999999996,False,False,0.4747701605162674,0.582296759747996,False,-0.4567561660035355,0.19935377009153407,False,0,False,0.2227298387837962,False,Normal,41,74
2025-03-02 14:00:00,0,0.0,0.0,0.0,14,6,1,-0.4999999999999997,-0.8660254037844388,-0.7818314824680299,0.6234898018587334,0.0,0.0,0.0,0.0,0.0,0.0,0.0,0.0,0.0,14.685986539468331,0.0,False,0.003701222178614649,14.685986539468331,False,0.0,0.0,6.0,3.5999999999999996,False,False,0.4698957830134522,0.582296759747996,False,-0.46676063148344893,0.19935377009153407,False,0,False,0.19816514443527666,False,Normal,41,74
2025-03-02 15:00:00,0,0.0,0.0,0.0,15,6,1,-0.7071067811865471,-0.7071067811865479,-0.7818314824680299,0.6234898018587334,0.0,0.0,0.0,0.0,0.0,0.0,0.0,0.0,0.0,14.685986539468331,0.0,False,0.002960977742891719,14.685986539468331,False,0.0,0.0,6.0,3.5999999999999996,False,False,0.4694595647118523,0.582296759747996,False,-0.4813342401156755,0.19935377009153407,False,0,False,0.1832933515032775,False,Normal,41,74
2025-03-02 16:00:00,0,0.0,0.0,0.0,16,6,1,-0.8660254037844385,-0.5000000000000004,-0.7818314824680299,0.6234898018587334,0.0,0.0,0.0,0.0,0.0,0.0,0.0,0.0,0.0,14.685986539468331,0.0,False,0.0023687821943133756,14.685986539468331,False,0.0,0.0,6.0,3.5999999999999996,False,False,0.4709858820176629,0.582296759747996,False,-0.4930633490653815,0.19935377009153407,False,0,False,0.17795022427378307,False,Normal,41,74
2025-03-02 17:00:00,0,0.0,0.0,0.0,17,6,1,-0.9659258262890683,-0.25881904510252063,-0.7818314824680299,0.6234898018587334,0.0,0.0,0.0,0.0,0.0,0.0,0.0,0.0,0.0,14.685986539468331,0.0,False,0.0018950257554507005,14.685986539468331,False,0.0,0.0,6.0,3.5999999999999996,False,False,0.47218407842611676,0.582296759747996,False,-0.5041768229231853,0.19935377009153407,False,0,False,0.1695652355988017,False,Normal,41,74
2025-03-02 18:00:00,0,0.0,0.0,0.0,18,6,1,-1.0,-1.8369701987210297e-16,-0.7818314824680299,0.6234898018587334,0.0,0.0,0.0,0.0,0.0,0.0,0.0,0.0,0.0,14.685986539468331,0.0,False,0.0015160206043605606,14.685986539468331,False,0.0,0.0,6.0,3.5999999999999996,False,False,0.4736361326308043,0.582296759747996,False,-0.5185475237172925,0.19935377009153407,False,0,False,0.15722522218690654,False,Normal,41,74
2025-03-02 19:00:00,0,0.0,0.0,0.0,19,6,1,-0.9659258262890684,0.2588190451025203,-0.7818314824680299,0.6234898018587334,0.0,0.0,0.0,0.0,0.0,0.0,0.0,0.0,0.0,14.685986539468331,0.0,False,0.0012128164834884485,14.685986539468331,False,0.0,0.0,6.0,3.5999999999999996,False,False,0.46391046770305927,0.582296759747996,False,-0.5322982068285719,0.19935377009153407,False,0,False,0.11962849235626681,False,Normal,41,74
2025-03-02 20:00:00,0,0.0,0.0,0.0,20,6,1,-0.8660254037844386,0.5000000000000001,-0.7818314824680299,0.6234898018587334,0.0,0.0,0.0,0.0,0.0,0.0,0.0,0.0,0.0,14.685986539468331,0.0,False,0.0009702531867907589,14.685986539468331,False,0.0,0.0,6.0,3.5999999999999996,False,False,0.4636137891169517,0.582296759747996,False,-0.5305606856503615,0.19935377009153407,False,0,False,0.12147526579512581,False,Normal,41,74
2025-03-02 21:00:00,0,0.0,0.0,0.0,21,6,1,-0.7071067811865477,0.7071067811865474,-0.7818314824680299,0.6234898018587334,0.0,0.0,0.0,0.0,0.0,0.0,0.0,0.0,0.0,14.685986539468331,0.0,False,0.0007762025494326072,14.685986539468331,False,0.0,0.0,6.0,3.5999999999999996,False,False,0.4658820631650858,0.582296759747996,False,-0.5300018847418386,0.19935377009153407,False,0,False,0.12648264709302948,False,Normal,41,74
2025-03-02 22:00:00,0,0.0,0.0,0.0,22,6,1,-0.5000000000000004,0.8660254037844384,-0.7818314824680299,0.6234898018587334,0.0,0.0,0.0,0.0,0.0,0.0,0.0,0.0,0.0,14.685986539468331,0.0,False,0.0006209620395460858,14.685986539468331,False,0.0,0.0,6.0,3.5999999999999996,False,False,0.4681885896022929,0.582296759747996,False,-0.5327099743513829,0.19935377009153407,False,0,False,0.12755784052086552,False,Normal,41,74
2025-03-02 23:00:00,0,0.0,0.0,0.0,23,6,1,-0.25881904510252157,0.9659258262890681,-0.7818314824680299,0.6234898018587334,0.0,0.0,0.0,0.0,0.0,0.0,0.0,0.0,0.0,14.685986539468331,0.0,False,0.0004967696316368687,14.685986539468331,False,0.0,0.0,6.0,3.5999999999999996,False,False,0.46829527713048136,0.582296759747996,False,-0.5217599670622478,0.19935377009153407,False,0,False,0.13844140350283474,False,Normal,41,74
2025-03-03 00:00:00,0,0.0,0.0,0.0,0,0,0,0.0,1.0,0.0,1.0,0.0,0.0,0.0,0.0,0.0,0.0,0.0,0.0,0.0,14.685986539468331,0.0,False,0.000397415705309495,14.685986539468331,False,0.0,0.0,6.0,3.5999999999999996,False,False,0.5009298101486582,0.5847021470439575,False,-0.288620450366744,0.19935377009153407,False,0,False,0.32542540744646253,False,Normal,41,74
2025-03-03 01:00:00,0,0.0,0.0,0.0,1,0,0,0.25881904510252074,0.9659258262890683,0.0,1.0,0.0,0.0,0.0,0.0,0.0,0.0,0.0,0.0,0.0,14.685986539468331,0.0,False,0.000317932564247596,14.685986539468331,False,0.0,0.0,6.0,3.5999999999999996,False,False,0.49306924546562,0.5847021470439575,False,-0.3090704563445479,0.19935377009153407,False,0,False,0.3137672922493049,False,Normal,41,74
2025-03-03 02:00:00,0,0.0,0.0,0.0,2,0,0,0.49999999999999994,0.8660254037844387,0.0,1.0,0.0,0.0,0.0,0.0,0.0,0.0,0.0,0.0,0.0,14.685986539468331,0.0,False,0.00025434605139807684,14.685986539468331,False,0.0,0.0,6.0,3.5999999999999996,False,False,0.48606807004080294,0.5847021470439575,False,-0.3167299189701014,0.19935377009153407,False,0,False,0.30121982630880717,False,Normal,41,74
2025-03-03 03:00:00,0,0.0,0.0,0.0,3,0,0,0.7071067811865476,0.7071067811865476,0.0,1.0,0.0,0.0,0.0,0.0,0.0,0.0,0.0,0.0,0.0,14.685986539468331,0.0,False,0.0002034768411184615,14.685986539468331,False,0.0,0.0,6.0,3.5999999999999996,False,False,0.4812896358190514,0.5847021470439575,False,-0.3564040013004981,0.19935377009153407,False,0,False,0.28352267752644655,False,Normal,41,74
2025-03-03 04:00:00,0,0.0,0.0,0.0,4,0,0,0.8660254037844386,0.5000000000000001,0.0,1.0,0.0,0.0,0.0,0.0,0.0,0.0,0.0,0.0,0.0,14.685986539468331,0.0,False,0.00016278147289476921,14.685986539468331,False,0.0,0.0,6.0,3.5999999999999996,False,False,0.4827795655047724,0.5847021470439575,False,-0.37205635801006887,0.19935377009153407,False,0,False,0.2825859322833295,False,Normal,41,74
2025-03-03 05:00:00,0,0.0,0.0,0.0,5,0,0,0.9659258262890683,0.25881904510252074,0.0,1.0,0.0,0.0,0.0,0.0,0.0,0.0,0.0,0.0,0.0,14.685986539468331,0.0,False,0.00013022517831581538,14.685986539468331,False,0.0,0.0,6.0,3.5999999999999996,False,False,0.4920217883762801,0.5847021470439575,False,-0.3940095451799628,0.19935377009153407,False,0,False,0.28747792185662613,False,Normal,41,74
2025-03-03 06:00:00,23,10247.0,11975.0,22222.0,6,0,0,1.0,6.123233995736766e-17,0.0,1.0,-0.07775727849525267,0.0,23.0,0.0,0.0,5.0,0.0,19.0,4.0,14.685986539468331,0.2723684915037931,False,0.8001041801426527,14.685986539468331,False,0.0,0.0,6.0,3.5999999999999996,False,False,0.5667823650359809,0.5847021470439575,False,-0.3799259683487801,0.19935377009153407,False,0,False,0.36158627453147746,False,Normal,41,74
2025-03-03 07:00:00,52,16393.0,17309.0,33702.0,7,0,0,0.9659258262890683,-0.25881904510252063,0.0,1.0,-0.027178589443076284,23.0,29.0,0.9583333333333334,4.694855340334425,18.0,4536.046755343982,30.5,21.5,14.684337506979018,1.4641450450033382,False,4.940083344114122,14.684337506979018,False,0.9641450450033382,0.0,6.0,3.5999999999999996,False,False,0.5701919532621237,0.5847021470439575,False,-0.36188994841362154,0.19935377009153407,False,0,False,0.4519595629816961,False,Normal,41,74
2025-03-03 08:00:00,55,30462.0,30740.0,61202.0,8,0,0,0.8660254037844387,-0.4999999999999998,0.0,1.0,-0.0045422610002777645,52.0,3.0,3.125,11.418187246669236,-3.0,8073.924338999224,58.0,-3.0,14.701982043877353,-0.2040541194409465,False,3.3520666752912973,14.701982043877353,False,0.26009092556239166,0.0,6.0,3.5999999999999996,False,False,0.5432523668207254,0.5847021470439575,False,-0.4399470644980994,0.19935377009153407,False,0,False,0.3474626288253636,False,Normal,41,74
2025-03-03 09:00:00,108,39577.0,63354.0,102931.0,9,0,0,0.7071067811865476,-0.7071067811865475,0.0,1.0,-0.2309971631756888,55.0,53.0,5.416666666666667,15.539337646526432,-8.0,14451.90333560736,84.5,23.5,14.70161500073941,1.5984638421573465,False,7.381653340233038,14.70161500073941,False,1.3585547677197383,0.0,6.0,3.5999999999999996,False,False,0.5854706033305255,0.5847021470439575,True,-0.3108478844289313,0.19935377009153407,False,1,False,0.5003899181246785,False,Normal,41,74
2025-03-03 10:00:00,148,70333.0,71664.0,141997.0,10,0,0,0.49999999999999994,-0.8660254037844387,0.0,1.0,-0.009373371455936,108.0,40.0,9.916666666666666,26.011563760669258,14.0,24629.7856536758,124.0,24.0,14.734818399302966,1.6287950994452245,False,10.705322672186432,14.734818399302966,False,2.487349867164963,0.0,6.0,3.5999999999999996,False,False,0.5773720627568765,0.5847021470439575,False,-0.3634376461749367,0.19935377009153407,False,0,False,0.5195230268967395,False,Normal,41,74
2025-03-03 11:00:00,119,54473.0,52385.0,106858.0,11,0,0,0.258819045102521,-0.9659258262890682,0.0,1.0,0.019539767356984438,148.0,-29.0,16.083333333333332,38.23146515026898,27.0,36517.69664734533,91.0,28.0,14.74207493507605,1.8993255782046774,False,14.164258137749147,14.74207493507605,False,3.88667544536964,0.0,6.0,3.5999999999999996,False,True,0.5757087083095589,0.5847021470439575,False,-0.30983283316435317,0.19935377009153407,False,0,False,0.575175036392496,True,Building Stress,41,75
2025-03-03 12:00:00,93,34293.0,41080.0,75373.0,12,0,0,1.2246467991473532e-16,-1.0,0.0,1.0,-0.09004431236235307,119.0,-26.0,21.041666666666668,43.419569988324554,13.0,40855.149837699406,71.0,22.0,14.782369093312427,1.4882594164120042,False,15.731406510199319,14.782369093312427,True,4.874934861781645,0.0,6.0,3.5999999999999996,False,True,0.5323677158403135,0.5847021470439575,False,-0.40288560585899935,0.19935377009153407,False,1,False,0.5155730666893888,True,Building Stress,41,76
2025-03-03 13:00:00,74,32546.0,41055.0,73601.0,13,0,0,-0.2588190451025208,-0.9659258262890683,0.0,1.0,-0.11560827151436102,93.0,-19.0,24.916666666666668,45.557337658084826,-2.0,42163.96406161893,61.5,12.5,14.807441306721607,0.844170153443446,False,15.085125208159456,14.807441306721607,True,5.219105015225091,0.0,6.0,3.5999999999999996,False,True,0.5102219814199894,0.5847021470439575,False,-0.4366567826101644,0.19935377009153407,False,1,False,0.46634125230579276,True,Building Stress,41,77
2025-03-03 14:00:00,83,48940.0,46910.0,95850.0,14,0,0,-0.4999999999999997,-0.8660254037844388,0.0,1.0,0.021178704447527934,74.0,9.0,28.0,46.29583510237273,-21.0,43108.79291649664,80.5,2.5,14.815572193855635,0.16874137342038054,False,12.568100166527564,14.815572193855635,False,4.887846388645472,0.0,6.0,3.5999999999999996,False,True,0.5296697717461233,0.5847021470439575,False,-0.39427838839457174,0.19935377009153407,False,0,False,0.4501220941096085,True,Building Stress,41,78
2025-03-03 15:00:00,165,80882.0,86860.0,167742.0,15,0,0,-0.7071067811865471,-0.7071067811865479,0.0,1.0,-0.035637850759793255,83.0,82.0,31.458333333333332,47.204438964688634,-13.0,45017.63990105289,145.5,19.5,14.812713867442257,1.3164366890837071,False,13.954480133222052,14.812713867442257,False,5.704283077729179,0.0,6.0,3.5999999999999996,False,True,0.5634722115507931,0.5847021470439575,False,-0.42368163172854767,0.19935377009153407,False,0,False,0.5096988008931583,True,Building Stress,41,79
2025-03-03 16:00:00,244,103623.0,112115.0,215738.0,16,0,0,-0.8660254037844385,-0.5000000000000004,0.0,1.0,-0.039362377687854305,165.0,79.0,38.333333333333336,53.95623562035106,30.0,52585.14869961736,186.0,58.0,14.736963632039359,3.935681830272233,True,22.763584106577646,14.736963632039359,True,0.0,0.0,6.0,3.5999999999999996,True,False,0.5829662298518076,0.5847021470439575,False,-0.39771685150244873,0.19935377009153407,False,3,True,0.826203439286228,False,Confirmed Anomaly,42,79
2025-03-03 17:00:00,264,145707.0,158863.0,304570.0,17,0,0,-0.9659258262890683,-0.25881904510252063,0.0,1.0,-0.04319518273243349,244.0,20.0,48.5,67.66541727982008,-12.0,63367.72949577155,232.0,32.0,14.95095316375872,2.140331766777811,False,24.610867285262117,14.95095316375872,True,1.6403317667778108,0.0,6.0,3.5999999999999996,False,False,0.5794734802664256,0.5847021470439575,False,-0.32716283600234375,0.19935377009153407,False,1,False,0.5866533809899719,False,Normal,42,79
2025-03-03 18:00:00,39,18838.0,24114.0,42952.0,18,0,0,-1.0,-1.8369701987210297e-16,0.0,1.0,-0.1228319325774684,264.0,-225.0,59.5,79.80737679753888,4.0,81668.81649647425,38.0,1.0,14.962540664940189,0.0668335694046381,False,19.888693828209693,14.962540664940189,True,1.2071653361824488,0.0,6.0,3.5999999999999996,False,False,0.5886645139588341,0.5847021470439575,True,0.3372983118948558,0.19935377009153407,True,3,True,0.5847184223509412,False,Confirmed Anomaly,43,79
2025-03-03 19:00:00,0,0.0,0.0,0.0,19,0,0,-0.9659258262890684,0.2588190451025203,0.0,1.0,0.0,39.0,-39.0,61.125,78.93547860505247,0.0,80799.22613378696,0.0,0.0,14.95923881925904,0.0,False,15.910955062567755,14.95923881925904,True,0.7071653361824488,0.0,6.0,3.5999999999999996,False,False,0.48408986349143646,0.5847021470439575,False,-0.274982261985542,0.19935377009153407,False,1,False,0.45465823970037456,False,Normal,43,79
2025-03-03 20:00:00,0,0.0,0.0,0.0,20,0,0,-0.8660254037844386,0.5000000000000001,0.0,1.0,0.0,0.0,0.0,61.125,78.93547860505247,0.0,80799.22613378696,0.0,0.0,14.95923881925904,0.0,False,12.728764050054204,14.95923881925904,False,0.2071653361824488,0.0,6.0,3.5999999999999996,False,False,0.4508470442142803,0.5847021470439575,False,-0.3864563322097676,0.19935377009153407,False,0,False,0.3361784834540803,False,Normal,43,79
2025-03-03 21:00:00,0,0.0,0.0,0.0,21,0,0,-0.7071067811865477,0.7071067811865474,0.0,1.0,0.0,0.0,0.0,61.125,78.93547860505247,0.0,80799.22613378696,0.0,0.0,14.95923881925904,0.0,False,10.183011240043363,14.95923881925904,False,0.0,0.0,6.0,3.5999999999999996,False,False,0.447556940506981,0.5847021470439575,False,-0.42197809999157765,0.19935377009153407,False,0,False,0.29220589537749647,False,Normal,43,79
2025-03-03 22:00:00,0,0.0,0.0,0.0,22,0,0,-0.5000000000000004,0.8660254037844384,0.0,1.0,0.0,0.0,0.0,61.125,78.93547860505247,0.0,80799.22613378696,0.0,0.0,14.95923881925904,0.0,False,8.146408992034692,14.95923881925904,False,0.0,0.0,6.0,3.5999999999999996,False,False,0.45061635630261554,0.5847021470439575,False,-0.4384235187319354,0.19935377009153407,False,0,False,0.2672899972008736,False,Normal,43,79
2025-03-03 23:00:00,0,0.0,0.0,0.0,23,0,0,-0.25881904510252157,0.9659258262890681,0.0,1.0,0.0,0.0,0.0,61.125,78.93547860505247,0.0,80799.22613378696,0.0,0.0,14.95923881925904,0.0,False,6.517127193627754,14.95923881925904,False,0.0,0.0,6.0,3.5999999999999996,False,False,0.4520991169647074,0.5847021470439575,False,-0.44071088315542495,0.19935377009153407,False,0,False,0.2519827468243693,False,Normal,43,79
2025-03-04 00:00:00,0,0.0,0.0,0.0,0,1,0,0.0,1.0,0.7818314824680298,0.6234898018587336,0.0,0.0,0.0,61.125,78.93547860505247,0.0,80799.22613378696,0.0,0.0,14.95923881925904,0.0,False,5.213701754902203,14.95923881925904,False,0.0,0.0,6.0,3.5999999999999996,False,False,0.44746045011135116,0.5764406561659027,False,-0.47256131255923006,0.1766553538359637,False,0,False,0.20749911880781002,False,Normal,43,79
2025-03-04 01:00:00,0,0.0,0.0,0.0,1,1,0,0.25881904510252074,0.9659258262890683,0.7818314824680298,0.6234898018587336,0.0,0.0,0.0,61.125,78.93547860505247,0.0,80799.22613378696,0.0,0.0,14.95923881925904,0.0,False,4.170961403921763,14.95923881925904,False,0.0,0.0,6.0,3.5999999999999996,False,False,0.44483546010069086,0.5764406561659027,False,-0.4551267756463562,0.1766553538359637,False,0,False,0.21228206658182858,False,Normal,43,79
2025-03-04 02:00:00,0,0.0,0.0,0.0,2,1,0,0.49999999999999994,0.8660254037844387,0.7818314824680298,0.6234898018587336,0.0,0.0,0.0,61.125,78.93547860505247,0.0,80799.22613378696,0.0,0.0,14.95923881925904,0.0,False,3.3367691231374104,14.95923881925904,False,0.0,0.0,6.0,3.5999999999999996,False,False,0.44270153284447306,0.5764406561659027,False,-0.44802829447383075,0.1766553538359637,False,0,False,0.20534531618681118,False,Normal,43,79
2025-03-04 03:00:00,0,0.0,0.0,0.0,3,1,0,0.7071067811865476,0.7071067811865476,0.7818314824680298,0.6234898018587336,0.0,0.0,0.0,61.125,78.93547860505247,0.0,80799.22613378696,0.0,0.0,14.95923881925904,0.0,False,2.6694152985099286,14.95923881925904,False,0.0,0.0,6.0,3.5999999999999996,False,False,0.4408281358877292,0.5764406561659027,False,-0.43524802671337404,0.1766553538359637,False,0,False,0.2049738184925201,False,Normal,43,79
2025-03-04 04:00:00,0,0.0,0.0,0.0,4,1,0,0.8660254037844386,0.5000000000000001,0.7818314824680298,0.6234898018587336,0.0,0.0,0.0,61.125,78.93547860505247,0.0,80799.22613378696,0.0,0.0,14.95923881925904,0.0,False,2.135532238807943,14.95923881925904,False,0.0,0.0,6.0,3.5999999999999996,False,False,0.4400681218629976,0.5764406561659027,False,-0.4395602977882451,0.1766553538359637,False,0,False,0.19678804355806104,False,Normal,43,79
2025-03-04 05:00:00,0,0.0,0.0,0.0,5,1,0,0.9659258262890683,0.25881904510252074,0.7818314824680298,0.6234898018587336,0.0,0.0,0.0,61.125,78.93547860505247,0.0,80799.22613378696,0.0,0.0,14.95923881925904,0.0,False,1.7084257910463547,14.95923881925904,False,0.0,0.0,6.0,3.5999999999999996,False,False,0.4403031716769205,0.5764406561659027,False,-0.41601005780204736,0.1766553538359637,False,0,False,0.2039285621872728,False,Normal,43,79
2025-03-04 06:00:00,15,7072.0,9507.0,16579.0,6,1,0,1.0,6.123233995736766e-17,0.7818314824680298,0.6234898018587336,-0.1468636911942099,0.0,15.0,61.125,78.93547860505247,-1.0,80799.22613378696,20.0,-5.0,14.95923881925904,-0.33424160549952764,False,0.3667406328370839,14.95923881925904,False,0.0,0.0,6.0,3.5999999999999996,False,False,0.4855633887827719,0.5764406561659027,False,-0.26735504709781255,0.1766553538359637,False,0,False,0.32268395472695144,False,Normal,43,79
2025-03-04 07:00:00,27,14500.0,16047.0,30547.0,7,1,0,0.9659258262890683,-0.25881904510252063,0.7818314824680298,0.6234898018587336,-0.05064161319890009,15.0,12.0,60.791666666666664,79.12015033103638,1.0,80922.65520879593,34.0,-7.0,14.960026701187708,-0.4679136033523426,False,-1.106607493730333,14.960026701187708,False,0.0,0.0,6.0,3.5999999999999996,False,False,0.46821434928068656,0.5764406561659027,False,-0.34585754075267094,0.1766553538359637,False,0,False,0.275896883530962,False,Normal,43,79
2025-03-04 08:00:00,58,25342.0,29175.0,54517.0,8,1,0,0.8660254037844387,-0.4999999999999998,0.7818314824680298,0.6234898018587336,-0.07030705455079056,27.0,31.0,59.75,79.40498834401428,5.0,80969.71860525695,56.5,1.5,14.964735362142571,0.10023565159693128,False,-0.5852859949842664,14.964735362142571,False,0.0,0.0,6.0,3.5999999999999996,False,False,0.48152993974805597,0.5764406561659027,False,-0.40950731260704654,0.1766553538359637,False,0,False,0.27461046241719145,False,Normal,43,79
2025-03-04 09:00:00,84,34623.0,55037.0,89660.0,9,1,0,0.7071067811865476,-0.7071067811865475,0.7818314824680298,0.6234898018587336,-0.2276798161965626,58.0,26.0,59.875,79.39954687199582,4.0,80976.29478378985,91.0,-7.0,14.963961534492409,-0.4677905636060863,False,-1.8682287959874133,14.963961534492409,False,0.0,0.0,6.0,3.5999999999999996,False,False,0.5017994603632466,0.5764406561659027,False,-0.43281258202272865,0.1766553538359637,False,0,False,0.31725569350429805,False,Normal,43,79
2025-03-04 10:00:00,118,48087.0,69646.0,117733.0,10,1,0,0.49999999999999994,-0.8660254037844387,0.7818314824680298,0.6234898018587336,-0.1831161771450898,84.0,34.0,58.875,78.91674892486111,-1.0,80712.07838691946,131.5,-13.5,14.967060064151896,-0.9019807458603243,False,-4.194583036789931,14.967060064151896,False,0.0,0.4019807458603243,6.0,3.5999999999999996,False,False,0.5055467283070704,0.5764406561659027,False,-0.4662233401889264,0.1766553538359637,False,0,False,0.33703862774748133,False,Normal,43,79
2025-03-04 11:00:00,81,49481.0,45566.0,95047.0,11,1,0,0.258819045102521,-0.9659258262890682,0.7818314824680298,0.6234898018587336,0.04118971467048228,118.0,-37.0,57.625,77.67144430786367,-8.0,79773.75910697684,91.0,-10.0,14.930020210536028,-0.6697914576795454,False,-5.355666429431945,14.930020210536028,False,0.0,0.5717722035398696,6.0,3.5999999999999996,False,False,0.4936681930634109,0.5764406561659027,False,-0.37821525399460865,0.1766553538359637,False,0,False,0.3734421287263278,False,Normal,43,79
2025-03-04 12:00:00,71,31832.0,31399.0,63231.0,12,1,0,1.2246467991473532e-16,-1.0,0.7818314824680298,0.6234898018587336,0.006847798582995951,81.0,-10.0,56.041666666666664,76.7477398996879,0.0,79495.11845389118,75.5,-4.5,14.91729751169902,-0.30166321992779427,False,-5.184533143545557,14.91729751169902,False,0.0,0.3734354234676638,6.0,3.5999999999999996,False,False,0.46418434833081396,0.5764406561659027,False,-0.46808989103935006,0.1766553538359637,False,0,False,0.2435552472595724,False,Normal,43,79
2025-03-04 13:00:00,68,28981.0,29825.0,58806.0,13,1,0,-0.2588190451025208,-0.9659258262890683,0.7818314824680298,0.6234898018587336,-0.014352032921250871,71.0,-3.0,55.125,76.41779470663943,8.0,79414.99804931121,62.0,6.0,14.905729387159278,0.40252978194872996,False,-2.947626514836445,14.905729387159278,False,0.0,0.0,6.0,3.5999999999999996,False,False,0.46256399475902277,0.5764406561659027,False,-0.5023950934885923,0.1766553538359637,False,0,False,0.19205038330855975,False,Normal,43,79
2025-03-04 14:00:00,76,34743.0,41759.0,76502.0,14,1,0,-0.4999999999999997,-0.8660254037844388,0.7818314824680298,0.6234898018587336,-0.09170882187626629,68.0,8.0,54.875,76.36315552502484,1.0,79337.83699371052,82.0,-6.0,14.89496012111774,-0.4028208166528311,False,-3.558101211869156,14.89496012111774,False,0.0,0.0,6.0,3.5999999999999996,False,False,0.4588254075700713,0.5764406561659027,False,-0.5140417846929404,0.1766553538359637,False,0,False,0.17781734388701534,False,Normal,43,79
2025-03-04 15:00:00,139,53613.0,75760.0,129373.0,15,1,0,-0.7071067811865471,-0.7071067811865479,0.7818314824680298,0.6234898018587336,-0.17118586423856416,76.0,63.0,54.583333333333336,76.26436666745754,-9.0,79016.92233707404,151.0,-12.0,14.878250762998643,-0.8065464274767644,False,-5.246480969495325,14.878250762998643,False,0.0,0.3065464274767644,6.0,3.5999999999999996,False,False,0.5049223659600865,0.5764406561659027,False,-0.4703638603800009,0.1766553538359637,False,0,False,0.3380421205647654,False,Normal,43,79
2025-03-04 16:00:00,182,74991.0,102111.0,177102.0,16,1,0,-0.8660254037844385,-0.5000000000000004,0.7818314824680298,0.6234898018587336,-0.1531312287200104,139.0,43.0,53.5,74.79827945010268,5.0,77011.3790826757,202.0,-20.0,14.873314488788962,-1.3446901842272865,False,-8.19718477559626,14.873314488788962,False,0.0,1.151236611704051,6.0,3.5999999999999996,False,False,0.5257883909158525,0.5764406561659027,False,-0.462552552204903,0.1766553538359637,False,0,False,0.40939849114783233,False,Normal,43,79
2025-03-04 17:00:00,213,89095.0,110161.0,199256.0,17,1,0,-0.9659258262890683,-0.25881904510252063,0.7818314824680298,0.6234898018587336,-0.10572276005359912,182.0,31.0,50.916666666666664,68.75976873944131,-14.0,73820.47355832256,235.0,-22.0,14.862419189005028,-1.4802435404510215,False,-10.957747820477008,14.862419189005028,False,0.0,2.1314801521550724,6.0,3.5999999999999996,False,False,0.5297322780492039,0.5764406561659027,False,-0.4355533040155237,0.1766553538359637,False,0,False,0.4597928343816584,False,Normal,43,79
2025-03-04 18:00:00,31,14154.0,18626.0,32780.0,18,1,0,-1.0,-1.8369701987210297e-16,0.7818314824680298,0.6234898018587336,-0.1364204874775022,213.0,-182.0,48.791666666666664,62.38030567600551,-8.0,60015.89394013032,39.0,-8.0,14.799989808037985,-0.5405409127819223,False,-10.366198256381606,14.799989808037985,False,0.0,2.1720210649369944,6.0,3.5999999999999996,False,False,0.551276390722602,0.5764406561659027,False,0.16788697852328593,0.1766553538359637,False,0,False,0.5343871027185241,False,Normal,43,79
2025-03-04 19:00:00,0,0.0,0.0,0.0,19,1,0,-0.9659258262890684,0.2588190451025203,0.7818314824680298,0.6234898018587336,0.0,31.0,-31.0,48.458333333333336,62.45623105104446,0.0,60088.752770908846,0.0,0.0,14.792844345516066,0.0,False,-8.292958605105285,14.792844345516066,False,0.0,1.6720210649369944,6.0,3.5999999999999996,False,False,0.459420817022577,0.5764406561659027,False,-0.39550886175989475,0.1766553538359637,False,0,False,0.2994935349854369,False,Normal,43,79
2025-03-04 20:00:00,0,0.0,0.0,0.0,20,1,0,-0.8660254037844386,0.5000000000000001,0.7818314824680298,0.6234898018587336,0.0,0.0,0.0,48.458333333333336,62.45623105104446,0.0,60088.752770908846,0.0,0.0,14.792844345516066,0.0,False,-6.634366884084229,14.792844345516066,False,0.0,1.1720210649369944,6.0,3.5999999999999996,False,False,0.42621274570461704,0.5764406561659027,False,-0.4590886253358486,0.1766553538359637,False,0,False,0.22101804896213229,False,Normal,43,79
2025-03-04 21:00:00,0,0.0,0.0,0.0,21,1,0,-0.7071067811865477,0.7071067811865474,0.7818314824680298,0.6234898018587336,0.0,0.0,0.0,48.458333333333336,62.45623105104446,0.0,60088.752770908846,0.0,0.0,14.792844345516066,0.0,False,-5.307493507267384,14.792844345516066,False,0.0,0.6720210649369944,6.0,3.5999999999999996,False,False,0.4263622697140863,0.5764406561659027,False,-0.49512807215071586,0.1766553538359637,False,0,False,0.17383222943187812,False,Normal,43,79
2025-03-04 22:00:00,0,0.0,0.0,0.0,22,1,0,-0.5000000000000004,0.8660254037844384,0.7818314824680298,0.6234898018587336,0.0,0.0,0.0,48.458333333333336,62.45623105104446,0.0,60088.752770908846,0.0,0.0,14.792844345516066,0.0,False,-4.245994805813907,14.792844345516066,False,0.0,0.17202106493699443,6.0,3.5999999999999996,False,False,0.4265427707361615,0.5764406561659027,False,-0.5222645181410107,0.1766553538359637,False,0,False,0.13341035283389202,False,Normal,43,79
2025-03-04 23:00:00,0,0.0,0.0,0.0,23,1,0,-0.25881904510252157,0.9659258262890681,0.7818314824680298,0.6234898018587336,0.0,0.0,0.0,48.458333333333336,62.45623105104446,0.0,60088.752770908846,0.0,0.0,14.792844345516066,0.0,False,-3.3967958446511255,14.792844345516066,False,0.0,0.0,6.0,3.5999999999999996,False,False,0.4283846671356308,0.5764406561659027,False,-0.5185232646947492,0.1766553538359637,False,0,False,0.1304174208438926,False,Normal,43,79
2025-03-05 00:00:00,0,0.0,0.0,0.0,0,2,0,0.0,1.0,0.9749279121818236,-0.22252093395631434,0.0,0.0,0.0,48.458333333333336,62.45623105104446,0.0,60088.752770908846,0.0,0.0,14.792844345516066,0.0,False,-2.7174366757209008,14.792844345516066,False,0.0,0.0,6.0,3.5999999999999996,False,False,0.41882749394502855,0.5791764170613948,False,-0.5332478424290752,0.18100146991787866,False,0,False,0.0980839366751141,False,Normal,43,79
2025-03-05 01:00:00,0,0.0,0.0,0.0,1,2,0,0.25881904510252074,0.9659258262890683,0.9749279121818236,-0.22252093395631434,0.0,0.0,0.0,48.458333333333336,62.45623105104446,0.0,60088.752770908846,0.0,0.0,14.792844345516066,0.0,False,-2.1739493405767205,14.792844345516066,False,0.0,0.0,6.0,3.5999999999999996,False,False,0.41740351279750837,0.5791764170613948,False,-0.5231395392681587,0.18100146991787866,False,0,False,0.09886977106293772,False,Normal,43,79
2025-03-05 02:00:00,0,0.0,0.0,0.0,2,2,0,0.49999999999999994,0.8660254037844387,0.9749279121818236,-0.22252093395631434,0.0,0.0,0.0,48.458333333333336,62.45623105104446,0.0,60088.752770908846,0.0,0.0,14.792844345516066,0.0,False,-1.7391594724613766,14.792844345516066,False,0.0,0.0,6.0,3.5999999999999996,False,False,0.4153028187603604,0.5791764170613948,False,-0.5136488333454989,0.18100146991787866,False,0,False,0.1005471277117734,False,Normal,43,79
2025-03-05 03:00:00,0,0.0,0.0,0.0,3,2,0,0.7071067811865476,0.7071067811865476,0.9749279121818236,-0.22252093395631434,0.0,0.0,0.0,48.458333333333336,62.45623105104446,0.0,60088.752770908846,0.0,0.0,14.792844345516066,0.0,False,-1.3913275779691014,14.792844345516066,False,0.0,0.0,6.0,3.5999999999999996,False,False,0.41437425884115975,0.5791764170613948,False,-0.5021535387428818,0.18100146991787866,False,0,False,0.10830287070874457,False,Normal,43,79
2025-03-05 04:00:00,0,0.0,0.0,0.0,4,2,0,0.8660254037844386,0.5000000000000001,0.9749279121818236,-0.22252093395631434,0.0,0.0,0.0,48.458333333333336,62.45623105104446,0.0,60088.752770908846,0.0,0.0,14.792844345516066,0.0,False,-1.1130620623752812,14.792844345516066,False,0.0,0.0,6.0,3.5999999999999996,False,False,0.4139425322027003,0.5791764170613948,False,-0.4910683743890507,0.18100146991787866,False,0,False,0.11631926285913047,False,Normal,43,79
2025-03-05 05:00:00,0,0.0,0.0,0.0,5,2,0,0.9659258262890683,0.25881904510252074,0.9749279121818236,-0.22252093395631434,0.0,0.0,0.0,48.458333333333336,62.45623105104446,0.0,60088.752770908846,0.0,0.0,14.792844345516066,0.0,False,-0.890449649900225,14.792844345516066,False,0.0,0.0,6.0,3.5999999999999996,False,False,0.4156132781577482,0.5791764170613948,False,-0.46564258459106833,0.18100146991787866,False,0,False,0.14095803201015084,False,Normal,43,79
2025-03-05 06:00:00,12,8979.0,8231.0,17210.0,6,2,0,1.0,6.123233995736766e-17,0.9749279121818236,-0.22252093395631434,0.04346057753762129,0.0,12.0,48.458333333333336,62.45623105104446,-15.0,60088.752770908846,19.0,-7.0,14.792844345516066,-0.47320176137199776,False,-2.11235971992018,14.792844345516066,False,0.0,0.0,6.0,3.5999999999999996,False,False,0.4794305269297993,0.5791764170613948,False,-0.2216710844321257,0.18100146991787866,False,0,False,0.3365607768620551,False,Normal,43,79
2025-03-05 07:00:00,29,11708.0,13621.0,25329.0,7,2,0,0.9659258262890683,-0.25881904510252063,0.9749279121818236,-0.22252093395631434,-0.07552309514409791,12.0,17.0,48.333333333333336,62.52906570524636,-8.0,60074.74999929888,34.0,-5.0,14.794420892741266,-0.3379652394811344,False,-2.6898877759361444,14.794420892741266,False,0.0,0.0,6.0,3.5999999999999996,False,False,0.45854372934617577,0.5791764170613948,False,-0.3758020686983907,0.18100146991787866,False,0,False,0.26049509381280483,False,Normal,43,79
2025-03-05 08:00:00,62,22919.0,26884.0,49803.0,8,2,0,0.8660254037844387,-0.4999999999999998,0.9749279121818236,-0.22252093395631434,-0.07961207935105614,29.0,33.0,48.416666666666664,62.500724633480424,-3.0,60148.44683738122,56.5,5.5,14.784009292364821,0.3720235756913699,False,-1.0519102207489155,14.784009292364821,False,0.0,0.0,6.0,3.5999999999999996,False,False,0.45400368152001286,0.5791764170613948,False,-0.4440870328323103,0.18100146991787866,False,0,False,0.2098947305858675,False,Normal,43,79
2025-03-05 09:00:00,85,30832.0,41432.0,72264.0,9,2,0,0.7071067811865476,-0.7071067811865475,0.9749279121818236,-0.22252093395631434,-0.14668234968518645,62.0,23.0,48.583333333333336,62.532716074948695,-4.0,60131.7404701628,91.0,-6.0,14.78503755927196,-0.40581567520180517,False,-2.0415281765991327,14.78503755927196,False,0.0,0.0,6.0,3.5999999999999996,False,False,0.45671309583534137,0.5791764170613948,False,-0.49931421196682213,0.18100146991787866,False,0,False,0.17831700791495092,False,Normal,43,79
2025-03-05 10:00:00,109,45278.0,52152.0,97430.0,10,2,0,0.49999999999999994,-0.8660254037844387,0.9749279121818236,-0.22252093395631434,-0.07055249355954471,85.0,24.0,48.625,62.5576690464226,0.0,59700.46350899133,131.5,-22.5,14.76036049482753,-1.5243530134568644,False,-6.133222541279306,14.76036049482753,False,0.0,1.0243530134568644,6.0,3.5999999999999996,False,False,0.45731646377808577,0.5791764170613948,False,-0.528944374083398,0.18100146991787866,False,0,False,0.2265292553105142,False,Normal,43,79
2025-03-05 11:00:00,104,44255.0,46676.0,90931.0,11,2,0,0.258819045102521,-0.9659258262890682,0.9749279121818236,-0.22252093395631434,-0.026624290678748955,109.0,-5.0,48.25,62.14936426272493,21.0,58783.037280666416,91.0,13.0,14.740439302207099,0.8819275825825285,False,-2.306578033023445,14.740439302207099,False,0.38192758258252846,0.0,6.0,3.5999999999999996,False,False,0.4657412552384136,0.5791764170613948,False,-0.4857568359656601,0.18100146991787866,False,0,False,0.22398375816546437,False,Normal,43,79
2025-03-05 12:00:00,57,28822.0,37383.0,66205.0,12,2,0,1.2246467991473532e-16,-1.0,0.9749279121818236,-0.22252093395631434,-0.12930852188623387,104.0,-47.0,49.208333333333336,62.84970282290551,-25.0,58638.295148279496,75.5,-18.5,14.672467289072097,-1.260864968073816,False,-5.545262426418756,14.672467289072097,False,0.0,0.760864968073816,6.0,3.5999999999999996,False,False,0.499436437534526,0.5791764170613948,False,-0.44404524701275183,0.18100146991787866,False,0,False,0.3715423562384579,False,Normal,43,79
2025-03-05 13:00:00,65,30300.0,29146.0,59446.0,13,2,0,-0.2588190451025208,-0.9659258262890683,0.9749279121818236,-0.22252093395631434,0.019412249566841053,57.0,8.0,48.625,62.70345146869475,5.0,58680.70333925363,64.0,1.0,14.698161448791971,0.06803572021466597,False,-4.236209941135005,14.698161448791971,False,0.0,0.19282924785915,6.0,3.5999999999999996,False,False,0.4513939444708235,0.5791764170613948,False,-0.4780379371568808,0.18100146991787866,False,0,False,0.2018903459275383,False,Normal,43,79
2025-03-05 14:00:00,81,31034.0,39335.0,70369.0,14,2,0,-0.4999999999999997,-0.8660254037844388,0.9749279121818236,-0.22252093395631434,-0.11796219980105159,65.0,16.0,48.5,62.666127040538186,9.0,58687.13846245386,80.5,0.5,14.695179793150484,0.03402476233962467,False,-3.288967952908004,14.695179793150484,False,0.0,0.0,6.0,3.5999999999999996,False,False,0.4512270117243612,0.5791764170613948,False,-0.5226414300696792,0.18100146991787866,False,0,False,0.14528658897132446,False,Normal,43,79
2025-03-05 15:00:00,141,67940.0,78064.0,146004.0,15,2,0,-0.7071067811865471,-0.7071067811865479,0.9749279121818236,-0.22252093395631434,-0.0693400910927708,81.0,60.0,48.708333333333336,62.76975120762124,11.0,58559.800196348275,151.0,-10.0,14.691278390051988,-0.6806759585177674,False,-4.631174362326403,14.691278390051988,False,0.0,0.1806759585177674,6.0,3.5999999999999996,False,False,0.4767997880812467,0.5791764170613948,False,-0.509087561623689,0.18100146991787866,False,0,False,0.24846196205470622,False,Normal,43,79
2025-03-05 16:00:00,202,83633.0,88003.0,171636.0,16,2,0,-0.8660254037844385,-0.5000000000000004,0.9749279121818236,-0.22252093395631434,-0.025460710685924363,141.0,61.0,48.791666666666664,62.896035104639616,12.0,59685.35006020977,202.0,0.0,14.700024676453427,0.0,False,-3.7049394898611228,14.700024676453427,False,0.0,0.0,6.0,3.5999999999999996,False,False,0.5000144121159225,0.5791764170613948,False,-0.4623115964215363,0.18100146991787866,False,0,False,0.30042248273421285,False,Normal,43,79
2025-03-05 17:00:00,231,91624.0,122395.0,214019.0,17,2,0,-0.9659258262890683,-0.25881904510252063,0.9749279121818236,-0.22252093395631434,-0.1437762825904121,202.0,29.0,49.625,64.84014624611355,11.0,59171.57339011662,232.0,-1.0,14.694316405145727,-0.06805352303764299,False,-3.1639515918888987,14.694316405145727,False,0.0,0.0,6.0,3.5999999999999996,False,False,0.544754127696255,0.5791764170613948,False,-0.4341475837669717,0.18100146991787866,False,0,False,0.3450998665153797,False,Normal,43,79
2025-03-05 18:00:00,32,16285.0,18629.0,34914.0,18,2,0,-1.0,-1.8369701987210297e-16,0.9749279121818236,-0.22252093395631434,-0.06713446942574824,231.0,-199.0,50.375,66.88394393665598,-5.0,60888.277882528426,38.0,-6.0,14.651865082347122,-0.4095041802718295,False,-3.7311612735111193,14.651865082347122,False,0.0,0.0,6.0,3.5999999999999996,False,False,0.5467852022214553,0.5791764170613948,False,0.30922116252765197,0.18100146991787866,True,1,False,0.46348218794275964,False,Normal,43,79
2025-03-05 19:00:00,0,0.0,0.0,0.0,19,2,0,-0.9659258262890684,0.2588190451025203,0.9749279121818236,-0.22252093395631434,0.0,32.0,-32.0,50.416666666666664,66.87165947230345,0.0,60869.08968231431,0.0,0.0,14.654954872596464,0.0,False,-2.9849290188088955,14.654954872596464,False,0.0,0.0,6.0,3.5999999999999996,False,False,0.4404313006197225,0.5791764170613948,False,-0.4344688818400022,0.18100146991787866,False,0,False,0.2092505818151617,False,Normal,43,79
2025-03-05 20:00:00,0,0.0,0.0,0.0,20,2,0,-0.8660254037844386,0.5000000000000001,0.9749279121818236,-0.22252093395631434,0.0,0.0,0.0,50.416666666666664,66.87165947230345,0.0,60869.08968231431,0.0,0.0,14.654954872596464,0.0,False,-2.3879432150471165,14.654954872596464,False,0.0,0.0,6.0,3.5999999999999996,False,False,0.41530266616583933,0.5791764170613948,False,-0.5151589804537225,0.18100146991787866,False,0,False,0.10545758155699829,False,Normal,43,79
2025-03-05 21:00:00,0,0.0,0.0,0.0,21,2,0,-0.7071067811865477,0.7071067811865474,0.9749279121818236,-0.22252093395631434,0.0,0.0,0.0,50.416666666666664,66.87165947230345,0.0,60869.08968231431,0.0,0.0,14.654954872596464,0.0,False,-1.9103545720376933,14.654954872596464,False,0.0,0.0,6.0,3.5999999999999996,False,False,0.41498474981383937,0.5791764170613948,False,-0.5160053868868038,0.18100146991787866,False,0,False,0.09876681430926905,False,Normal,43,79
2025-03-05 22:00:00,0,0.0,0.0,0.0,22,2,0,-0.5000000000000004,0.8660254037844384,0.9749279121818236,-0.22252093395631434,0.0,0.0,0.0,50.416666666666664,66.87165947230345,0.0,60869.08968231431,0.0,0.0,14.654954872596464,0.0,False,-1.5282836576301548,14.654954872596464,False,0.0,0.0,6.0,3.5999999999999996,False,False,0.41511689745717145,0.5791764170613948,False,-0.5321364774576348,0.18100146991787866,False,0,False,0.07999191586689089,False,Normal,43,79
2025-03-05 23:00:00,0,0.0,0.0,0.0,23,2,0,-0.25881904510252157,0.9659258262890681,0.9749279121818236,-0.22252093395631434,0.0,0.0,0.0,50.416666666666664,66.87165947230345,0.0,60869.08968231431,0.0,0.0,14.654954872596464,0.0,False,-1.222626926104124,14.654954872596464,False,0.0,0.0,6.0,3.5999999999999996,False,False,0.419545196269635,0.5791764170613948,False,-0.528507315138735,0.18100146991787866,False,0,False,0.08997199711298838,False,Normal,43,79
2025-03-06 00:00:00,0,0.0,0.0,0.0,0,3,0,0.0,1.0,0.43388373911755823,-0.900968867902419,0.0,0.0,0.0,50.416666666666664,66.87165947230345,0.0,60869.08968231431,0.0,0.0,14.654954872596464,0.0,False,-0.9781015408832993,14.654954872596464,False,0.0,0.0,6.0,3.5999999999999996,False,False,0.41720625597850675,0.5786904548170986,False,-0.5369820058180527,0.18289906901127576,False,0,False,0.07578845911361168,False,Normal,43,79
2025-03-06 01:00:00,0,0.0,0.0,0.0,1,3,0,0.25881904510252074,0.9659258262890683,0.43388373911755823,-0.900968867902419,0.0,0.0,0.0,50.416666666666664,66.87165947230345,0.0,60869.08968231431,0.0,0.0,14.654954872596464,0.0,False,-0.7824812327066395,14.654954872596464,False,0.0,0.0,6.0,3.5999999999999996,False,False,0.41701370416160777,0.5786904548170986,False,-0.5307769090873833,0.18289906901127576,False,0,False,0.07785923171036499,False,Normal,43,79
2025-03-06 02:00:00,0,0.0,0.0,0.0,2,3,0,0.49999999999999994,0.8660254037844387,0.43388373911755823,-0.900968867902419,0.0,0.0,0.0,50.416666666666664,66.87165947230345,0.0,60869.08968231431,0.0,0.0,14.654954872596464,0.0,False,-0.6259849861653116,14.654954872596464,False,0.0,0.0,6.0,3.5999999999999996,False,False,0.4150070772323435,0.5786904548170986,False,-0.533265389698738,0.18289906901127576,False,0,False,0.06832202956304854,False,Normal,43,79
2025-03-06 03:00:00,0,0.0,0.0,0.0,3,3,0,0.7071067811865476,0.7071067811865476,0.43388373911755823,-0.900968867902419,0.0,0.0,0.0,50.416666666666664,66.87165947230345,0.0,60869.08968231431,0.0,0.0,14.654954872596464,0.0,False,-0.5007879889322493,14.654954872596464,False,0.0,0.0,6.0,3.5999999999999996,False,False,0.4122616876180194,0.5786904548170986,False,-0.5242365498569576,0.18289906901127576,False,0,False,0.07130088207740513,False,Normal,43,79
2025-03-06 04:00:00,0,0.0,0.0,0.0,4,3,0,0.8660254037844386,0.5000000000000001,0.43388373911755823,-0.900968867902419,0.0,0.0,0.0,50.416666666666664,66.87165947230345,0.0,60869.08968231431,0.0,0.0,14.654954872596464,0.0,False,-0.40063039114579946,14.654954872596464,False,0.0,0.0,6.0,3.5999999999999996,False,False,0.4120313084449083,0.5786904548170986,False,-0.5108278915598058,0.18289906901127576,False,0,False,0.08378227869563197,False,Normal,43,79
2025-03-06 05:00:00,0,0.0,0.0,0.0,5,3,0,0.9659258262890683,0.25881904510252074,0.43388373911755823,-0.900968867902419,0.0,0.0,0.0,50.416666666666664,66.87165947230345,0.0,60869.08968231431,0.0,0.0,14.654954872596464,0.0,False,-0.3205043129166396,14.654954872596464,False,0.0,0.0,6.0,3.5999999999999996,False,False,0.41505364765158304,0.5786904548170986,False,-0.502124531083032,0.18289906901127576,False,0,False,0.09932451209508236,False,Normal,43,79
2025-03-06 06:00:00,17,7727.0,8952.0,16679.0,6,3,0,1.0,6.123233995736766e-17,0.43388373911755823,-0.900968867902419,-0.07344124700239808,0.0,17.0,50.416666666666664,66.87165947230345,4.0,60869.08968231431,17.0,0.0,14.654954872596464,0.0,False,-0.2564034503333117,14.654954872596464,False,0.0,0.0,6.0,3.5999999999999996,False,False,0.45650095454731643,0.5786904548170986,False,-0.38585444659724244,0.18289906901127576,False,0,False,0.21884631379591607,False,Normal,43,79
2025-03-06 07:00:00,28,11314.0,14608.0,25922.0,7,3,0,0.9659258262890683,-0.25881904510252063,0.43388373911755823,-0.900968867902419,-0.12706862631639856,17.0,11.0,50.625,66.75445759419856,4.0,60880.28756929395,31.5,-3.5,14.655141402069717,-0.23882403478588762,False,-0.9051227602666494,14.655141402069717,False,0.0,0.0,6.0,3.5999999999999996,False,False,0.4536128922995713,0.5786904548170986,False,-0.36446130807014687,0.18289906901127576,False,0,False,0.2374497375285141,False,Normal,43,79
2025-03-06 08:00:00,52,24655.0,25337.0,49992.0,8,3,0,0.8660254037844387,-0.4999999999999998,0.43388373911755823,-0.900968867902419,-0.013641909867381433,28.0,24.0,50.583333333333336,66.76885284430854,2.0,60871.45854657137,58.0,-6.0,14.654772681073316,-0.40942293207652536,False,-1.9240982082133198,14.654772681073316,False,0.0,0.0,6.0,3.5999999999999996,False,False,0.4462802320237417,0.5786904548170986,False,-0.3273749359587297,0.18289906901127576,False,0,False,0.2530982336265808,False,Normal,43,79
2025-03-06 09:00:00,90,27142.0,48984.0,76126.0,9,3,0,0.7071067811865476,-0.7071067811865475,0.43388373911755823,-0.900968867902419,-0.2869152862978969,52.0,38.0,50.166666666666664,66.72569850199929,15.0,60871.918787703245,87.0,3.0,14.646979526107808,0.20482038598146388,False,-0.9392785665706558,14.646979526107808,False,0.0,0.0,6.0,3.5999999999999996,False,False,0.49810741849385337,0.5786904548170986,False,-0.31334001399175304,0.18289906901127576,False,0,False,0.33421337005942225,False,Normal,43,79
2025-03-06 10:00:00,124,50393.0,67970.0,118363.0,10,3,0,0.49999999999999994,-0.8660254037844387,0.43388373911755823,-0.900968867902419,-0.14849954378020344,90.0,34.0,50.375,66.84688051646546,-5.0,60948.06662231533,124.0,0.0,14.641946593352996,0.0,False,-0.7514228532565247,14.641946593352996,False,0.0,0.0,6.0,3.5999999999999996,False,False,0.4721570821206961,0.5786904548170986,False,-0.5023380981215703,0.18289906901127576,False,0,False,0.17935060281230397,False,Normal,43,79
2025-03-06 11:00:00,86,45257.0,40650.0,85907.0,11,3,0,0.258819045102521,-0.9659258262890682,0.43388373911755823,-0.900968867902419,0.05362713600595986,124.0,-38.0,51.0,67.48590835194379,-4.0,61849.43065517714,91.0,-5.0,14.640938485758335,-0.3415081625309501,False,-1.6011382826052198,14.640938485758335,False,0.0,0.0,6.0,3.5999999999999996,False,False,0.480137319298416,0.5786904548170986,False,-0.4103270060297308,0.18289906901127576,False,0,False,0.28815750939047835,False,Normal,43,79
2025-03-06 12:00:00,66,25448.0,33563.0,59011.0,12,3,0,1.2246467991473532e-16,-1.0,0.43388373911755823,-0.900968867902419,-0.1375144038500644,86.0,-20.0,50.25,66.96933107287116,2.0,61704.46589920212,75.5,-9.5,14.579718584751209,-0.6515900800675235,False,-3.1809106260841764,14.579718584751209,False,0.0,0.1515900800675235,6.0,3.5999999999999996,False,False,0.4591362532632016,0.5786904548170986,False,-0.5136862633906081,0.18289906901127576,False,0,False,0.18443167401604532,False,Normal,43,79
2025-03-06 13:00:00,48,28869.0,28522.0,57391.0,13,3,0,-0.2588190451025208,-0.9659258262890683,0.43388373911755823,-0.900968867902419,0.006046138834680792,66.0,-18.0,50.625,67.03393851657142,-11.0,61626.140231918296,66.5,-18.5,14.579710975446394,-1.2688866076395988,False,-6.244728500867342,14.579710975446394,False,0.0,0.9204766877071222,6.0,3.5999999999999996,False,False,0.4503298838664069,0.5786904548170986,False,-0.4302588128554754,0.18289906901127576,False,0,False,0.2959865557424537,False,Normal,43,79
2025-03-06 14:00:00,87,34985.0,45825.0,80810.0,14,3,0,-0.4999999999999997,-0.8660254037844388,0.43388373911755823,-0.900968867902419,-0.13414015418693,48.0,39.0,49.916666666666664,66.96521917913914,3.0,61609.54440738176,82.0,5.0,14.593792147676414,0.34261143021665463,False,-3.995782800693874,14.593792147676414,False,0.0,0.07786525749046758,6.0,3.5999999999999996,False,False,0.458547657194897,0.5786904548170986,False,-0.5230914038814128,0.18289906901127576,False,0,False,0.17072542553923875,False,Normal,43,79
2025-03-06 15:00:00,134,53421.0,82464.0,135885.0,15,3,0,-0.7071067811865471,-0.7071067811865479,0.43388373911755823,-0.900968867902419,-0.21373062714334073,87.0,47.0,50.166666666666664,67.0973767819167,-9.0,61818.75374161685,145.5,-11.5,14.586682004195056,-0.7883903958893913,False,-5.4966262405551,14.586682004195056,False,0.0,0.3662556533798589,6.0,3.5999999999999996,False,False,0.49226058158130775,0.5786904548170986,False,-0.43592383453520234,0.18289906901127576,False,0,False,0.3526536150138615,False,Normal,43,79
2025-03-06 16:00:00,171,95043.0,93983.0,189026.0,16,3,0,-0.8660254037844385,-0.5000000000000004,0.43388373911755823,-0.900968867902419,0.005607664513535103,134.0,37.0,49.875,66.69939866751946,1.0,61147.62062524284,196.0,-25.0,14.593917326159573,-1.7130424574344778,False,-9.39730099244408,14.593917326159573,False,0.0,1.579298110814337,6.0,3.5999999999999996,False,False,0.49490437603901677,0.5786904548170986,False,-0.4519822865673253,0.18289906901127576,False,0,False,0.4193259728797533,False,Normal,43,79
2025-03-06 17:00:00,233,97171.0,112154.0,209325.0,17,3,0,-0.9659258262890683,-0.25881904510252063,0.43388373911755823,-0.900968867902419,-0.07157734825105339,171.0,62.0,48.583333333333336,63.865290747939454,-2.0,62770.91734926099,233.0,0.0,14.618624681308933,0.0,False,-7.517840793955265,14.618624681308933,False,0.0,1.079298110814337,6.0,3.5999999999999996,False,False,0.5211097287607303,0.5786904548170986,False,-0.448487176941996,0.18289906901127576,False,0,False,0.366278262876523,False,Normal,43,79
2025-03-06 18:00:00,30,17103.0,21396.0,38499.0,18,3,0,-1.0,-1.8369701987210297e-16,0.43388373911755823,-0.900968867902419,-0.11150649350649351,233.0,-203.0,48.666666666666664,64.11448094359547,-10.0,62235.088298482624,38.0,-8.0,14.608707081606124,-0.5476186191776566,False,-7.6142726351642125,14.608707081606124,False,0.0,1.1269167299919935,6.0,3.5999999999999996,False,False,0.5430218108784294,0.5786904548170986,False,0.2692442301878597,0.18289906901127576,True,1,False,0.5047928980427006,False,Normal,43,79
2025-03-06 19:00:00,0,0.0,0.0,0.0,19,3,0,-0.9659258262890684,0.2588190451025203,0.43388373911755823,-0.900968867902419,0.0,30.0,-30.0,48.583333333333336,64.13838074084792,0.0,62207.930412005575,0.0,0.0,14.600397672389873,0.0,False,-6.0914181081313705,14.600397672389873,False,0.0,0.6269167299919935,6.0,3.5999999999999996,False,False,0.44013910250260785,0.5786904548170986,False,-0.390542085304046,0.18289906901127576,False,0,False,0.259070122219015,False,Normal,43,79
2025-03-06 20:00:00,0,0.0,0.0,0.0,20,3,0,-0.8660254037844386,0.5000000000000001,0.43388373911755823,-0.900968867902419,0.0,0.0,0.0,48.583333333333336,64.13838074084792,0.0,62207.930412005575,0.0,0.0,14.600397672389873,0.0,False,-4.873134486505097,14.600397672389873,False,0.0,0.12691672999199355,6.0,3.5999999999999996,False,False,0.40762775571909227,0.5786904548170986,False,-0.4762037576722504,0.18289906901127576,False,0,False,0.15987313897371386,False,Normal,43,79
2025-03-06 21:00:00,0,0.0,0.0,0.0,21,3,0,-0.7071067811865477,0.7071067811865474,0.43388373911755823,-0.900968867902419,0.0,0.0,0.0,48.583333333333336,64.13838074084792,0.0,62207.930412005575,0.0,0.0,14.600397672389873,0.0,False,-3.898507589204078,14.600397672389873,False,0.0,0.0,6.0,3.5999999999999996,False,False,0.4048348992862165,0.5786904548170986,False,-0.4952288786315171,0.18289906901127576,False,0,False,0.13239757484938308,False,Normal,43,79
2025-03-06 22:00:00,0,0.0,0.0,0.0,22,3,0,-0.5000000000000004,0.8660254037844384,0.43388373911755823,-0.900968867902419,0.0,0.0,0.0,48.583333333333336,64.13838074084792,0.0,62207.930412005575,0.0,0.0,14.600397672389873,0.0,False,-3.1188060713632626,14.600397672389873,False,0.0,0.0,6.0,3.5999999999999996,False,False,0.40812752714588824,0.5786904548170986,False,-0.5193962137685085,0.18289906901127576,False,0,False,0.09929352804430047,False,Normal,43,79
2025-03-06 23:00:00,0,0.0,0.0,0.0,23,3,0,-0.25881904510252157,0.9659258262890681,0.43388373911755823,-0.900968867902419,0.0,0.0,0.0,48.583333333333336,64.13838074084792,0.0,62207.930412005575,0.0,0.0,14.600397672389873,0.0,False,-2.49504485709061,14.600397672389873,False,0.0,0.0,6.0,3.5999999999999996,False,False,0.4079869816450137,0.5786904548170986,False,-0.5320165302250386,0.18289906901127576,False,0,False,0.08106403591858645,False,Normal,43,79
2025-03-07 00:00:00,0,0.0,0.0,0.0,0,4,0,0.0,1.0,-0.433883739117558,-0.9009688679024191,0.0,0.0,0.0,48.583333333333336,64.13838074084792,0.0,62207.930412005575,0.0,0.0,14.600397672389873,0.0,False,-1.9960358856724882,14.600397672389873,False,0.0,0.0,6.0,3.5999999999999996,False,False,0.41513142177950196,0.5786508071713543,False,-0.49223895827364905,0.20563279985337402,False,0,False,0.12748231487719125,False,Normal,43,79
2025-03-07 01:00:00,0,0.0,0.0,0.0,1,4,0,0.25881904510252074,0.9659258262890683,-0.433883739117558,-0.9009688679024191,0.0,0.0,0.0,48.583333333333336,64.13838074084792,0.0,62207.930412005575,0.0,0.0,14.600397672389873,0.0,False,-1.5968287085379906,14.600397672389873,False,0.0,0.0,6.0,3.5999999999999996,False,False,0.4143169826288449,0.5786508071713543,False,-0.49521405316347433,0.20563279985337402,False,0,False,0.11654577699538596,False,Normal,43,79
2025-03-07 02:00:00,0,0.0,0.0,0.0,2,4,0,0.49999999999999994,0.8660254037844387,-0.433883739117558,-0.9009688679024191,0.0,0.0,0.0,48.583333333333336,64.13838074084792,0.0,62207.930412005575,0.0,0.0,14.600397672389873,0.0,False,-1.2774629668303925,14.600397672389873,False,0.0,0.0,6.0,3.5999999999999996,False,False,0.4145706606279991,0.5786508071713543,False,-0.5057771597343349,0.20563279985337402,False,0,False,0.10289486129668331,False,Normal,43,79
2025-03-07 03:00:00,0,0.0,0.0,0.0,3,4,0,0.7071067811865476,0.7071067811865476,-0.433883739117558,-0.9009688679024191,0.0,0.0,0.0,48.583333333333336,64.13838074084792,0.0,62207.930412005575,0.0,0.0,14.600397672389873,0.0,False,-1.021970373464314,14.600397672389873,False,0.0,0.0,6.0,3.5999999999999996,False,False,0.413300324664225,0.5786508071713543,False,-0.5038335345331479,0.20563279985337402,False,0,False,0.10087862311974366,False,Normal,43,79
2025-03-07 04:00:00,0,0.0,0.0,0.0,4,4,0,0.8660254037844386,0.5000000000000001,-0.433883739117558,-0.9009688679024191,0.0,0.0,0.0,48.583333333333336,64.13838074084792,0.0,62207.930412005575,0.0,0.0,14.600397672389873,0.0,False,-0.8175762987714512,14.600397672389873,False,0.0,0.0,6.0,3.5999999999999996,False,False,0.411759317642252,0.5786508071713543,False,-0.47869991037325765,0.20563279985337402,False,0,False,0.1203143217167687,False,Normal,43,79
2025-03-07 05:00:00,0,0.0,0.0,0.0,5,4,0,0.9659258262890683,0.25881904510252074,-0.433883739117558,-0.9009688679024191,0.0,0.0,0.0,48.583333333333336,64.13838074084792,0.0,62207.930412005575,0.0,0.0,14.600397672389873,0.0,False,-0.6540610390171611,14.600397672389873,False,0.0,0.0,6.0,3.5999999999999996,False,False,0.41579381787471437,0.5786508071713543,False,-0.4526255307770628,0.20563279985337402,False,0,False,0.1492289854633026,False,Normal,43,79
2025-03-07 06:00:00,20,8284.0,11318.0,19602.0,6,4,0,1.0,6.123233995736766e-17,-0.433883739117558,-0.9009688679024191,-0.1547722287404989,0.0,20.0,48.583333333333336,64.13838074084792,-6.0,62207.930412005575,16.5,3.5,14.600397672389873,0.23971949795714714,False,0.17675116878627117,14.600397672389873,False,0.0,0.0,6.0,3.5999999999999996,False,False,0.4725647193254913,0.5786508071713543,False,-0.16810902642010528,0.20563279985337402,False,0,False,0.29086927121907835,False,Normal,43,79
2025-03-07 07:00:00,36,17257.0,20076.0,37333.0,7,4,0,0.9659258262890683,-0.25881904510252063,-0.433883739117558,-0.9009688679024191,-0.07550758022178175,20.0,16.0,48.708333333333336,64.07704545017029,-4.0,62147.54713639673,28.5,7.5,14.600258973312444,0.513689518364648,False,1.6414009350290168,14.600258973312444,False,0.013689518364648046,0.0,6.0,3.5999999999999996,False,False,0.4562933612899029,0.5786508071713543,False,-0.2890294074759483,0.20563279985337402,False,0,False,0.27387403351009326,False,Normal,43,79
2025-03-07 08:00:00,57,25262.0,28053.0,53315.0,8,4,0,0.8660254037844387,-0.4999999999999998,-0.433883739117558,-0.9009688679024191,-0.0523482631855353,36.0,21.0,49.041666666666664,63.985378198369716,-18.0,62016.851172758354,56.5,0.5,14.601826024000966,0.0342422926542305,False,1.4131207480232137,14.601826024000966,False,0.0,0.0,6.0,3.5999999999999996,False,False,0.46013919679157983,0.5786508071713543,False,-0.32128546432278293,0.20563279985337402,False,0,False,0.255545598467452,False,Normal,43,79
2025-03-07 09:00:00,85,40336.0,62277.0,102613.0,9,4,0,0.7071067811865476,-0.7071067811865475,-0.433883739117558,-0.9009688679024191,-0.21382072621669557,57.0,28.0,49.25,64.00356647671386,-57.0,62024.68925984876,87.0,-2.0,14.598320999656949,-0.13700205660959222,False,0.7304965984185711,14.598320999656949,False,0.0,0.0,6.0,3.5999999999999996,False,False,0.5035968159467111,0.5786508071713543,False,0.11347044718688748,0.20563279985337402,False,0,False,0.3922225131791263,False,Normal,43,79
2025-03-07 10:00:00,152,56211.0,73960.0,130171.0,10,4,0,0.49999999999999994,-0.8660254037844387,-0.433883739117558,-0.9009688679024191,-0.1363503672064653,85.0,67.0,49.041666666666664,63.873161790390874,-50.0,62771.40621103008,121.5,30.5,14.586270987982086,2.0910073606290154,False,6.684397278734857,14.586270987982086,False,1.5910073606290154,0.0,6.0,3.5999999999999996,False,False,0.5150059020010963,0.5786508071713543,False,-0.05857742551383027,0.20563279985337402,False,0,False,0.4867548057575284,False,Normal,43,79
2025-03-07 11:00:00,95,60267.0,50391.0,110658.0,11,4,0,0.258819045102521,-0.9659258262890682,-0.433883739117558,-0.9009688679024191,0.08924714663967684,152.0,-57.0,50.208333333333336,65.53590397747578,-67.0,63378.27438872689,89.5,5.5,14.642150260713523,0.3756278894881373,False,6.447517822987885,14.642150260713523,False,1.4666352501171527,0.0,6.0,3.5999999999999996,False,False,0.538319143872868,0.5786508071713543,False,0.4374428809752151,0.20563279985337402,True,1,False,0.4863902138627867,False,Normal,43,79
2025-03-07 12:00:00,77,35918.0,44824.0,80742.0,12,4,0,1.2246467991473532e-16,-1.0,-0.433883739117558,-0.9009688679024191,-0.11030058333230125,95.0,-18.0,50.583333333333336,65.77492363895335,-41.0,64184.98357870156,71.0,6.0,14.634494117086867,0.4099902567178288,False,6.358014258390309,14.634494117086867,False,1.3766255068349815,0.0,6.0,3.5999999999999996,False,False,0.48158429706169625,0.5786508071713543,False,-0.25908147411954263,0.20563279985337402,False,0,False,0.3813625292285612,False,Normal,43,79
2025-03-07 13:00:00,66,31978.0,31915.0,63893.0,13,4,0,-0.2588190451025208,-0.9659258262890683,-0.433883739117558,-0.9009688679024191,0.000986008075875669,77.0,-11.0,51.041666666666664,65.92517442668169,-19.0,64455.83805306692,62.5,3.5,14.631660434739956,0.23920730088089995,False,5.786411406712248,14.631660434739956,False,1.1158328077158814,0.0,6.0,3.5999999999999996,False,False,0.4615959295359329,0.5786508071713543,False,-0.3916134406369596,0.20563279985337402,False,0,False,0.28810429554906675,False,Normal,43,79
2025-03-07 14:00:00,80,38087.0,42010.0,80097.0,14,4,0,-0.4999999999999997,-0.8660254037844388,-0.433883739117558,-0.9009688679024191,-0.048977502559364776,66.0,14.0,51.791666666666664,65.99142181846962,-42.0,64493.61628312808,82.0,-2.0,14.630640496926668,-0.13669941520469475,False,4.2291291253697985,14.630640496926668,False,0.4791333925111867,0.0,6.0,3.5999999999999996,False,False,0.472496211185756,0.5786508071713543,False,-0.25182797440167604,0.20563279985337402,False,0,False,0.3243669189046526,False,Normal,43,79
2025-03-07 15:00:00,136,71279.0,85191.0,156470.0,15,4,0,-0.7071067811865471,-0.7071067811865479,-0.433883739117558,-0.9009688679024191,-0.08891104421905657,80.0,56.0,51.5,65.84434873904947,-92.0,64480.00857617574,142.0,-6.0,14.6300475084897,-0.410114867810118,False,2.183303300295839,14.6300475084897,False,0.0,0.0,6.0,3.5999999999999996,False,False,0.5018897940199835,0.5786508071713543,False,0.7213531935680457,0.20563279985337402,True,1,False,0.42163614854799547,False,Normal,43,79
2025-03-07 16:00:00,229,86989.0,128109.0,215098.0,16,4,0,-0.8660254037844385,-0.5000000000000004,-0.433883739117558,-0.9009688679024191,-0.19116778785582453,136.0,93.0,51.583333333333336,65.95447485670087,-72.0,65766.60226342367,186.0,43.0,14.626283771687403,2.9399128767921603,False,10.34664264023667,14.626283771687403,False,2.4399128767921603,0.0,6.0,3.5999999999999996,False,False,0.5595917473910824,0.5786508071713543,False,0.36707882157804406,0.20563279985337402,True,1,False,0.6229742345204062,False,Normal,43,79
2025-03-07 17:00:00,267,126409.0,148202.0,274611.0,17,4,0,-0.9659258262890683,-0.25881904510252063,-0.433883739117558,-0.9009688679024191,-0.07935924140241504,229.0,38.0,54.0,71.36129751208772,-112.0,68278.70622081534,232.0,35.0,14.687564586166548,2.3829682446444984,False,15.277314112189336,14.687564586166548,True,4.322881121436659,0.0,6.0,3.5999999999999996,False,True,0.5789231686083848,0.5786508071713543,True,1.173498128343573,0.20563279985337402,True,3,True,0.6629528740724195,False,Confirmed Anomaly,44,79
2025-03-07 18:00:00,36,16962.0,24023.0,40985.0,18,4,0,-1.0,-1.8369701987210297e-16,-0.433883739117558,-0.9009688679024191,-0.1722783389450056,267.0,-231.0,55.416666666666664,75.29819945111377,-21.0,75636.85067473893,38.0,-2.0,14.663352839681442,-0.136394453701453,False,11.82185128975147,14.663352839681442,False,3.6864866677352053,0.0,6.0,3.5999999999999996,False,True,0.5903839043464137,0.5786508071713543,True,0.38441003647601324,0.20563279985337402,True,2,False,0.5594678669654025,True,Building Stress,44,80
2025-03-07 19:00:00,0,0.0,0.0,0.0,19,4,0,-0.9659258262890684,0.2588190451025203,-0.433883739117558,-0.9009688679024191,0.0,36.0,-36.0,55.666666666666664,75.22006362011729,0.0,75612.40223724517,0.0,0.0,14.660231993231353,0.0,False,9.457481031801176,14.660231993231353,False,3.1864866677352053,0.0,6.0,3.5999999999999996,False,False,0.4626705381354631,0.5786508071713543,False,-0.2403103263970252,0.20563279985337402,False,0,False,0.35121425759986513,False,Normal,44,80
2025-03-07 20:00:00,0,0.0,0.0,0.0,20,4,0,-0.8660254037844386,0.5000000000000001,-0.433883739117558,-0.9009688679024191,0.0,0.0,0.0,55.666666666666664,75.22006362011729,0.0,75612.40223724517,0.0,0.0,14.660231993231353,0.0,False,7.565984825440942,14.660231993231353,False,2.6864866677352053,0.0,6.0,3.5999999999999996,False,False,0.42833080367294724,0.5786508071713543,False,-0.36574789440143074,0.20563279985337402,False,0,False,0.2751427543944988,False,Normal,44,80
2025-03-07 21:00:00,0,0.0,0.0,0.0,21,4,0,-0.7071067811865477,0.7071067811865474,-0.433883739117558,-0.9009688679024191,0.0,0.0,0.0,55.666666666666664,75.22006362011729,0.0,75612.40223724517,0.0,0.0,14.660231993231353,0.0,False,6.052787860352754,14.660231993231353,False,2.1864866677352053,0.0,6.0,3.5999999999999996,False,False,0.4265796529976978,0.5786508071713543,False,-0.3995880708863977,0.20563279985337402,False,0,False,0.24528742448938182,False,Normal,44,80
2025-03-07 22:00:00,0,0.0,0.0,0.0,22,4,0,-0.5000000000000004,0.8660254037844384,-0.433883739117558,-0.9009688679024191,0.0,0.0,0.0,55.666666666666664,75.22006362011729,0.0,75612.40223724517,0.0,0.0,14.660231993231353,0.0,False,4.842230288282203,14.660231993231353,False,1.6864866677352053,0.0,6.0,3.5999999999999996,False,False,0.4278060516372236,0.5786508071713543,False,-0.4497571399168392,0.20563279985337402,False,0,False,0.21019529539674892,False,Normal,44,80
2025-03-07 23:00:00,0,0.0,0.0,0.0,23,4,0,-0.25881904510252157,0.9659258262890681,-0.433883739117558,-0.9009688679024191,0.0,0.0,0.0,55.666666666666664,75.22006362011729,0.0,75612.40223724517,0.0,0.0,14.660231993231353,0.0,False,3.8737842306257626,14.660231993231353,False,1.1864866677352053,0.0,6.0,3.5999999999999996,False,False,0.42970131792006566,0.5786508071713543,False,-0.46281747277367535,0.20563279985337402,False,0,False,0.19270211646721186,False,Normal,44,80
2025-03-08 00:00:00,0,0.0,0.0,0.0,0,5,1,0.0,1.0,-0.9749279121818236,-0.2225209339563146,0.0,0.0,0.0,55.666666666666664,75.22006362011729,0.0,75612.40223724517,0.0,0.0,14.660231993231353,0.0,False,3.0990273845006104,14.660231993231353,False,0.6864866677352053,0.0,6.0,3.5999999999999996,False,False,0.49374747652289697,0.5795902759196732,False,-0.30731939774054706,0.2407672297835986,False,0,False,0.34722817257451855,False,Normal,44,80
2025-03-08 01:00:00,0,0.0,0.0,0.0,1,5,1,0.25881904510252074,0.9659258262890683,-0.9749279121818236,-0.2225209339563146,0.0,0.0,0.0,55.666666666666664,75.22006362011729,0.0,75612.40223724517,0.0,0.0,14.660231993231353,0.0,False,2.4792219076004884,14.660231993231353,False,0.18648666773520528,0.0,6.0,3.5999999999999996,False,False,0.48574868479478406,0.5795902759196732,False,-0.32722044285073837,0.2407672297835986,False,0,False,0.3228153095951954,False,Normal,44,80
2025-03-08 02:00:00,0,0.0,0.0,0.0,2,5,1,0.49999999999999994,0.8660254037844387,-0.9749279121818236,-0.2225209339563146,0.0,0.0,0.0,55.666666666666664,75.22006362011729,0.0,75612.40223724517,0.0,0.0,14.660231993231353,0.0,False,1.9833775260803908,14.660231993231353,False,0.0,0.0,6.0,3.5999999999999996,False,False,0.4794051623383178,0.5795902759196732,False,-0.39751671486873286,0.2407672297835986,False,0,False,0.28368295928664317,False,Normal,44,80
2025-03-08 03:00:00,0,0.0,0.0,0.0,3,5,1,0.7071067811865476,0.7071067811865476,-0.9749279121818236,-0.2225209339563146,0.0,0.0,0.0,55.666666666666664,75.22006362011729,0.0,75612.40223724517,0.0,0.0,14.660231993231353,0.0,False,1.5867020208643128,14.660231993231353,False,0.0,0.0,6.0,3.5999999999999996,False,False,0.48018154961891596,0.5795902759196732,False,-0.46974803960746825,0.2407672297835986,False,0,False,0.2389875659311872,False,Normal,44,80
2025-03-08 04:00:00,0,0.0,0.0,0.0,4,5,1,0.8660254037844386,0.5000000000000001,-0.9749279121818236,-0.2225209339563146,0.0,0.0,0.0,55.666666666666664,75.22006362011729,0.0,75612.40223724517,0.0,0.0,14.660231993231353,0.0,False,1.2693616166914503,14.660231993231353,False,0.0,0.0,6.0,3.5999999999999996,False,False,0.4791840361218665,0.5795902759196732,False,-0.5112447085053515,0.2407672297835986,False,0,False,0.1938866819584329,False,Normal,44,80
2025-03-08 05:00:00,0,0.0,0.0,0.0,5,5,1,0.9659258262890683,0.25881904510252074,-0.9749279121818236,-0.2225209339563146,0.0,0.0,0.0,55.666666666666664,75.22006362011729,0.0,75612.40223724517,0.0,0.0,14.660231993231353,0.0,False,1.0154892933531603,14.660231993231353,False,0.0,0.0,6.0,3.5999999999999996,False,False,0.47739065201676045,0.5795902759196732,False,-0.5158457745178217,0.2407672297835986,False,0,False,0.18262807215850663,False,Normal,44,80
2025-03-08 06:00:00,0,0.0,0.0,0.0,6,5,1,1.0,6.123233995736766e-17,-0.9749279121818236,-0.2225209339563146,0.0,0.0,0.0,55.666666666666664,75.22006362011729,0.0,75612.40223724517,0.0,0.0,14.660231993231353,0.0,False,0.8123914346825283,14.660231993231353,False,0.0,0.0,6.0,3.5999999999999996,False,False,0.4796578326092899,0.5795902759196732,False,-0.5243273964882468,0.2407672297835986,False,0,False,0.1769451543560188,False,Normal,44,80
2025-03-08 07:00:00,0,0.0,0.0,0.0,7,5,1,0.9659258262890683,-0.25881904510252063,-0.9749279121818236,-0.2225209339563146,0.0,0.0,0.0,54.833333333333336,75.74136005636818,0.0,76136.84853704004,0.0,0.0,14.660231993231353,0.0,False,0.6499131477460227,14.660231993231353,False,0.0,0.0,6.0,3.5999999999999996,False,False,0.4768147427328563,0.5795902759196732,False,-0.5255765821047518,0.2407672297835986,False,0,False,0.16746436318518956,False,Normal,44,80
2025-03-08 08:00:00,0,0.0,0.0,0.0,8,5,1,0.8660254037844387,-0.4999999999999998,-0.9749279121818236,-0.2225209339563146,0.0,0.0,0.0,53.333333333333336,76.48339783853446,0.0,76913.98411437297,0.0,0.0,14.660231993231353,0.0,False,0.5199305181968182,14.660231993231353,False,0.0,0.0,6.0,3.5999999999999996,False,False,0.4742307192595446,0.5795902759196732,False,-0.5224995282148052,0.2407672297835986,False,0,False,0.16000145309496813,False,Normal,44,80
2025-03-08 09:00:00,0,0.0,0.0,0.0,9,5,1,0.7071067811865476,-0.7071067811865475,-0.9749279121818236,-0.2225209339563146,0.0,0.0,0.0,50.958333333333336,77.24578455737283,0.0,77716.2653929693,0.0,0.0,14.660231993231353,0.0,False,0.4159444145574546,14.660231993231353,False,0.0,0.0,6.0,3.5999999999999996,False,False,0.4776286738569081,0.5795902759196732,False,-0.5191383704509906,0.2407672297835986,False,0,False,0.1732633347606187,False,Normal,44,80
2025-03-08 10:00:00,0,0.0,0.0,0.0,10,5,1,0.49999999999999994,-0.8660254037844387,-0.9749279121818236,-0.2225209339563146,0.0,0.0,0.0,47.416666666666664,77.56507319477076,0.0,77650.87915624215,0.0,0.0,14.660231993231353,0.0,False,0.3327555316459637,14.660231993231353,False,0.0,0.0,6.0,3.5999999999999996,False,False,0.4775636422513161,0.5795902759196732,False,-0.5155066480582596,0.2407672297835986,False,0,False,0.17669587380100432,False,Normal,44,80
2025-03-08 11:00:00,0,0.0,0.0,0.0,11,5,1,0.258819045102521,-0.9659258262890682,-0.9749279121818236,-0.2225209339563146,0.0,0.0,0.0,41.083333333333336,74.81101794386375,0.0,76196.52184457076,0.0,0.0,14.660231993231353,0.0,False,0.26620442531677097,14.660231993231353,False,0.0,0.0,6.0,3.5999999999999996,False,False,0.4797853855059812,0.5795902759196732,False,-0.5065821569580312,0.2407672297835986,False,0,False,0.19139415222432404,False,Normal,44,80
2025-03-08 12:00:00,0,0.0,0.0,0.0,12,5,1,1.2246467991473532e-16,-1.0,-0.9749279121818236,-0.2225209339563146,0.0,0.0,0.0,37.125,74.3460255947763,0.0,75241.64001556509,0.0,0.0,14.660231993231353,0.0,False,0.2129635402534168,14.660231993231353,False,0.0,0.0,6.0,3.5999999999999996,False,False,0.4818883715138972,0.5795902759196732,False,-0.505064697955194,0.2407672297835986,False,0,False,0.19836344912028323,False,Normal,44,80
2025-03-08 13:00:00,0,0.0,0.0,0.0,13,5,1,-0.2588190451025208,-0.9659258262890683,-0.9749279121818236,-0.2225209339563146,0.0,0.0,0.0,33.916666666666664,74.21175148162868,0.0,75052.0939139097,0.0,0.0,14.660231993231353,0.0,False,0.17037083220273344,14.660231993231353,False,0.0,0.0,6.0,3.5999999999999996,False,False,0.48509230926421526,0.5795902759196732,False,-0.5005264346960004,0.2407672297835986,False,0,False,0.20895293158087075,False,Normal,44,80
2025-03-08 14:00:00,0,0.0,0.0,0.0,14,5,1,-0.4999999999999997,-0.8660254037844388,-0.9749279121818236,-0.2225209339563146,0.0,0.0,0.0,31.166666666666668,74.19402687001433,0.0,75102.1868216199,0.0,0.0,14.660231993231353,0.0,False,0.13629666576218677,14.660231993231353,False,0.0,0.0,6.0,3.5999999999999996,False,False,0.4887909815556745,0.5795902759196732,False,-0.4852731633586356,0.2407672297835986,False,0,False,0.2282672141785543,False,Normal,44,80
2025-03-08 15:00:00,0,0.0,0.0,0.0,15,5,1,-0.7071067811865471,-0.7071067811865479,-0.9749279121818236,-0.2225209339563146,0.0,0.0,0.0,27.833333333333332,73.70013666830977,0.0,74648.8058465696,0.0,0.0,14.660231993231353,0.0,False,0.10903733260974942,14.660231993231353,False,0.0,0.0,6.0,3.5999999999999996,False,False,0.4905649194494702,0.5795902759196732,False,-0.46755243383545886,0.2407672297835986,False,0,False,0.24435066272861122,False,Normal,44,80
2025-03-08 16:00:00,0,0.0,0.0,0.0,16,5,1,-0.8660254037844385,-0.5000000000000004,-0.9749279121818236,-0.2225209339563146,0.0,0.0,0.0,22.166666666666668,70.1654359766766,0.0,69664.81325932428,0.0,0.0,14.660231993231353,0.0,False,0.08722986608779953,14.660231993231353,False,0.0,0.0,6.0,3.5999999999999996,False,False,0.49863451041311757,0.5795902759196732,False,-0.4258789634433997,0.2407672297835986,False,0,False,0.2826809047147242,False,Normal,44,80
2025-03-08 17:00:00,0,0.0,0.0,0.0,17,5,1,-0.9659258262890683,-0.25881904510252063,-0.9749279121818236,-0.2225209339563146,0.0,0.0,0.0,12.625,54.67676758042195,0.0,56314.69680184792,0.0,0.0,14.660231993231353,0.0,False,0.06978389287023963,14.660231993231353,False,0.0,0.0,6.0,3.5999999999999996,False,False,0.530048537688671,0.5795902759196732,False,-0.16513825818086025,0.2407672297835986,False,0,False,0.3556999672174722,False,Normal,44,80
2025-03-08 18:00:00,0,0.0,0.0,0.0,18,5,1,-1.0,-1.8369701987210297e-16,-0.9749279121818236,-0.2225209339563146,0.0,0.0,0.0,1.5,7.348469228349741,0.0,8366.028092330807,0.0,0.0,14.660231993231353,0.0,False,0.05582711429619171,14.660231993231353,False,0.0,0.0,6.0,3.5999999999999996,False,False,0.5582628161076785,0.5795902759196732,False,-0.4910607028031324,0.2407672297835986,False,0,False,0.2744710224631164,False,Normal,44,80
2025-03-08 19:00:00,0,0.0,0.0,0.0,19,5,1,-0.9659258262890684,0.2588190451025203,-0.9749279121818236,-0.2225209339563146,0.0,0.0,0.0,0.0,0.0,0.0,0.0,0.0,0.0,14.660231993231353,0.0,False,0.044661691436953366,14.660231993231353,False,0.0,0.0,6.0,3.5999999999999996,False,False,0.5101699639044109,0.5795902759196732,False,-0.5019199514463037,0.2407672297835986,False,0,False,0.2357331850116916,False,Normal,44,80
2025-03-08 20:00:00,0,0.0,0.0,0.0,20,5,1,-0.8660254037844386,0.5000000000000001,-0.9749279121818236,-0.2225209339563146,0.0,0.0,0.0,0.0,0.0,0.0,0.0,0.0,0.0,14.660231993231353,0.0,False,0.035729353149562694,14.660231993231353,False,0.0,0.0,6.0,3.5999999999999996,False,False,0.503822379819654,0.5795902759196732,False,-0.51054978706299,0.2407672297835986,False,0,False,0.21963055549998997,False,Normal,44,80
2025-03-08 21:00:00,0,0.0,0.0,0.0,21,5,1,-0.7071067811865477,0.7071067811865474,-0.9749279121818236,-0.2225209339563146,0.0,0.0,0.0,0.0,0.0,0.0,0.0,0.0,0.0,14.660231993231353,0.0,False,0.028583482519650157,14.660231993231353,False,0.0,0.0,6.0,3.5999999999999996,False,False,0.5026100376204318,0.5795902759196732,False,-0.5103606966943799,0.2407672297835986,False,0,False,0.21899564290186466,False,Normal,44,80
2025-03-08 22:00:00,0,0.0,0.0,0.0,22,5,1,-0.5000000000000004,0.8660254037844384,-0.9749279121818236,-0.2225209339563146,0.0,0.0,0.0,0.0,0.0,0.0,0.0,0.0,0.0,14.660231993231353,0.0,False,0.022866786015720127,14.660231993231353,False,0.0,0.0,6.0,3.5999999999999996,False,False,0.5063462164010538,0.5795902759196732,False,-0.5007210309280412,0.2407672297835986,False,0,False,0.23440999746755914,False,Normal,44,80
2025-03-08 23:00:00,0,0.0,0.0,0.0,23,5,1,-0.25881904510252157,0.9659258262890681,-0.9749279121818236,-0.2225209339563146,0.0,0.0,0.0,0.0,0.0,0.0,0.0,0.0,0.0,14.660231993231353,0.0,False,0.0182934288125761,14.660231993231353,False,0.0,0.0,6.0,3.5999999999999996,False,False,0.521190692246226,0.5795902759196732,False,-0.49555793000023907,0.2407672297835986,False,0,False,0.24833792306768027,False,Normal,44,80
2025-03-09 00:00:00,0,0.0,0.0,0.0,0,6,1,0.0,1.0,-0.7818314824680299,0.6234898018587334,0.0,0.0,0.0,0.0,0.0,0.0,0.0,0.0,0.0,14.660231993231353,0.0,False,0.014634743050060881,14.660231993231353,False,0.0,0.0,6.0,3.5999999999999996,False,False,0.4751650395516263,0.577148352826203,False,-0.506308155261844,0.24085774210693245,False,0,False,0.17646060062642885,False,Normal,44,80
2025-03-09 01:00:00,0,0.0,0.0,0.0,1,6,1,0.25881904510252074,0.9659258262890683,-0.7818314824680299,0.6234898018587334,0.0,0.0,0.0,0.0,0.0,0.0,0.0,0.0,0.0,14.660231993231353,0.0,False,0.011707794440048706,14.660231993231353,False,0.0,0.0,6.0,3.5999999999999996,False,False,0.4783804691744783,0.577148352826203,False,-0.4908110028835686,0.24085774210693245,False,0,False,0.2026946977296075,False,Normal,44,80
2025-03-09 02:00:00,0,0.0,0.0,0.0,2,6,1,0.49999999999999994,0.8660254037844387,-0.7818314824680299,0.6234898018587334,0.0,0.0,0.0,0.0,0.0,0.0,0.0,0.0,0.0,14.660231993231353,0.0,False,0.009366235552038965,14.660231993231353,False,0.0,0.0,6.0,3.5999999999999996,False,False,0.47097512483164083,0.577148352826203,False,-0.48194436565574716,0.24085774210693245,False,0,False,0.18797036492525904,False,Normal,44,80
2025-03-09 03:00:00,0,0.0,0.0,0.0,3,6,1,0.7071067811865476,0.7071067811865476,-0.7818314824680299,0.6234898018587334,0.0,0.0,0.0,0.0,0.0,0.0,0.0,0.0,0.0,14.660231993231353,0.0,False,0.0074929884416311725,14.660231993231353,False,0.0,0.0,6.0,3.5999999999999996,False,False,0.47339605469731116,0.577148352826203,False,-0.465642460196094,0.24085774210693245,False,0,False,0.21042310841960798,False,Normal,44,80
2025-03-09 04:00:00,0,0.0,0.0,0.0,4,6,1,0.8660254037844386,0.5000000000000001,-0.7818314824680299,0.6234898018587334,0.0,0.0,0.0,0.0,0.0,0.0,0.0,0.0,0.0,14.660231993231353,0.0,False,0.005994390753304938,14.660231993231353,False,0.0,0.0,6.0,3.5999999999999996,False,False,0.47091608475204005,0.577148352826203,False,-0.4702935669959818,0.24085774210693245,False,0,False,0.19638623954467516,False,Normal,44,80
2025-03-09 05:00:00,0,0.0,0.0,0.0,5,6,1,0.9659258262890683,0.25881904510252074,-0.7818314824680299,0.6234898018587334,0.0,0.0,0.0,0.0,0.0,0.0,0.0,0.0,0.0,14.660231993231353,0.0,False,0.00479551260264395,14.660231993231353,False,0.0,0.0,6.0,3.5999999999999996,False,False,0.4743161235795135,0.577148352826203,False,-0.47305024068726564,0.24085774210693245,False,0,False,0.2039348343323693,False,Normal,44,80
2025-03-09 06:00:00,0,0.0,0.0,0.0,6,6,1,1.0,6.123233995736766e-17,-0.7818314824680299,0.6234898018587334,0.0,0.0,0.0,0.0,0.0,0.0,0.0,0.0,0.0,14.660231993231353,0.0,False,0.0038364100821151603,14.660231993231353,False,0.0,0.0,6.0,3.5999999999999996,False,False,0.4811901900513237,0.577148352826203,False,-0.4658856680115886,0.24085774210693245,False,0,False,0.2321319498628992,False,Normal,44,80
2025-03-09 07:00:00,0,0.0,0.0,0.0,7,6,1,0.9659258262890683,-0.25881904510252063,-0.7818314824680299,0.6234898018587334,0.0,0.0,0.0,0.0,0.0,0.0,0.0,0.0,0.0,14.660231993231353,0.0,False,0.0030691280656921283,14.660231993231353,False,0.0,0.0,6.0,3.5999999999999996,False,False,0.47494799026912077,0.577148352826203,False,-0.4678470253714688,0.24085774210693245,False,0,False,0.21023739509631187,False,Normal,44,80
2025-03-09 08:00:00,0,0.0,0.0,0.0,8,6,1,0.8660254037844387,-0.4999999999999998,-0.7818314824680299,0.6234898018587334,0.0,0.0,0.0,0.0,0.0,0.0,0.0,0.0,0.0,14.660231993231353,0.0,False,0.0024553024525537028,14.660231993231353,False,0.0,0.0,6.0,3.5999999999999996,False,False,0.47310367661190106,0.577148352826203,False,-0.46470107554561624,0.24085774210693245,False,0,False,0.20997362394221805,False,Normal,44,80
2025-03-09 09:00:00,0,0.0,0.0,0.0,9,6,1,0.7071067811865476,-0.7071067811865475,-0.7818314824680299,0.6234898018587334,0.0,0.0,0.0,0.0,0.0,0.0,0.0,0.0,0.0,14.660231993231353,0.0,False,0.0019642419620429625,14.660231993231353,False,0.0,0.0,6.0,3.5999999999999996,False,False,0.47649335479732235,0.577148352826203,False,-0.46217265835209553,0.24085774210693245,False,0,False,0.22448170814253848,False,Normal,44,80
2025-03-09 10:00:00,0,0.0,0.0,0.0,10,6,1,0.49999999999999994,-0.8660254037844387,-0.7818314824680299,0.6234898018587334,0.0,0.0,0.0,0.0,0.0,0.0,0.0,0.0,0.0,14.660231993231353,0.0,False,0.00157139356963437,14.660231993231353,False,0.0,0.0,6.0,3.5999999999999996,False,False,0.4763182102328245,0.577148352826203,False,-0.46682295037429156,0.24085774210693245,False,0,False,0.21717431782489222,False,Normal,44,80
2025-03-09 11:00:00,0,0.0,0.0,0.0,11,6,1,0.258819045102521,-0.9659258262890682,-0.7818314824680299,0.6234898018587334,0.0,0.0,0.0,0.0,0.0,0.0,0.0,0.0,0.0,14.660231993231353,0.0,False,0.0012571148557074961,14.660231993231353,False,0.0,0.0,6.0,3.5999999999999996,False,False,0.4806167840060248,0.577148352826203,False,-0.47593501838570873,0.24085774210693245,False,0,False,0.21948851793032575,False,Normal,44,80
2025-03-09 12:00:00,0,0.0,0.0,0.0,12,6,1,1.2246467991473532e-16,-1.0,-0.7818314824680299,0.6234898018587334,0.0,0.0,0.0,0.0,0.0,0.0,0.0,0.0,0.0,14.660231993231353,0.0,False,0.001005691884565997,14.660231993231353,False,0.0,0.0,6.0,3.5999999999999996,False,False,0.48735542650687713,0.577148352826203,False,-0.46113801494543605,0.24085774210693245,False,0,False,0.2481610390633617,False,Normal,44,80
2025-03-09 13:00:00,0,0.0,0.0,0.0,13,6,1,-0.2588190451025208,-0.9659258262890683,-0.7818314824680299,0.6234898018587334,0.0,0.0,0.0,0.0,0.0,0.0,0.0,0.0,0.0,14.660231993231353,0.0,False,0.0008045535076527977,14.660231993231353,False,0.0,0.0,6.0,3.5999999999999996,False,False,0.4782638933343144,0.577148352826203,False,-0.4568285164222292,0.24085774210693245,False,0,False,0.23254568518327365,False,Normal,44,80
2025-03-09 14:00:00,0,0.0,0.0,0.0,14,6,1,-0.4999999999999997,-0.8660254037844388,-0.7818314824680299,0.6234898018587334,0.0,0.0,0.0,0.0,0.0,0.0,0.0,0.0,0.0,14.660231993231353,0.0,False,0.0006436428061222382,14.660231993231353,False,0.0,0.0,6.0,3.5999999999999996,False,False,0.4770594562299147,0.577148352826203,False,-0.46675943601599146,0.24085774210693245,False,0,False,0.2198801811054204,False,Normal,44,80
2025-03-09 15:00:00,0,0.0,0.0,0.0,15,6,1,-0.7071067811865471,-0.7071067811865479,-0.7818314824680299,0.6234898018587334,0.0,0.0,0.0,0.0,0.0,0.0,0.0,0.0,0.0,14.660231993231353,0.0,False,0.0005149142448977906,14.660231993231353,False,0.0,0.0,6.0,3.5999999999999996,False,False,0.47528047141270235,0.577148352826203,False,-0.48130716022924647,0.24085774210693245,False,0,False,0.2015033958206659,False,Normal,44,80
2025-03-09 16:00:00,0,0.0,0.0,0.0,16,6,1,-0.8660254037844385,-0.5000000000000004,-0.7818314824680299,0.6234898018587334,0.0,0.0,0.0,0.0,0.0,0.0,0.0,0.0,0.0,14.660231993231353,0.0,False,0.00041193139591823254,14.660231993231353,False,0.0,0.0,6.0,3.5999999999999996,False,False,0.46828475190116986,0.577148352826203,False,-0.4930396454913739,0.24085774210693245,False,0,False,0.17015870916589604,False,Normal,44,80
2025-03-09 17:00:00,0,0.0,0.0,0.0,17,6,1,-0.9659258262890683,-0.25881904510252063,-0.7818314824680299,0.6234898018587334,0.0,0.0,0.0,0.0,0.0,0.0,0.0,0.0,0.0,14.660231993231353,0.0,False,0.00032954511673458607,14.660231993231353,False,0.0,0.0,6.0,3.5999999999999996,False,False,0.4646168879835334,0.577148352826203,False,-0.5041493102688238,0.24085774210693245,False,0,False,0.1508928849357131,False,Normal,44,80
2025-03-09 18:00:00,0,0.0,0.0,0.0,18,6,1,-1.0,-1.8369701987210297e-16,-0.7818314824680299,0.6234898018587334,0.0,0.0,0.0,0.0,0.0,0.0,0.0,0.0,0.0,14.660231993231353,0.0,False,0.0002636360933876689,14.660231993231353,False,0.0,0.0,6.0,3.5999999999999996,False,False,0.470806652497692,0.577148352826203,False,-0.5185116521073315,0.24085774210693245,False,0,False,0.1495345326676716,False,Normal,44,80
2025-03-09 19:00:00,0,0.0,0.0,0.0,19,6,1,-0.9659258262890684,0.2588190451025203,-0.7818314824680299,0.6234898018587334,0.0,0.0,0.0,0.0,0.0,0.0,0.0,0.0,0.0,14.660231993231353,0.0,False,0.00021090887471013513,14.660231993231353,False,0.0,0.0,6.0,3.5999999999999996,False,False,0.4646200877440558,0.577148352826203,False,-0.5322698787228616,0.24085774210693245,False,0,False,0.12123343137758295,False,Normal,44,80
2025-03-09 20:00:00,0,0.0,0.0,0.0,20,6,1,-0.8660254037844386,0.5000000000000001,-0.7818314824680299,0.6234898018587334,0.0,0.0,0.0,0.0,0.0,0.0,0.0,0.0,0.0,14.660231993231353,0.0,False,0.0001687270997681081,14.660231993231353,False,0.0,0.0,6.0,3.5999999999999996,False,False,0.4668818010527386,0.577148352826203,False,-0.5306473334584845,0.24085774210693245,False,0,False,0.12771708218071806,False,Normal,44,80
2025-03-09 21:00:00,0,0.0,0.0,0.0,21,6,1,-0.7071067811865477,0.7071067811865474,-0.7818314824680299,0.6234898018587334,0.0,0.0,0.0,0.0,0.0,0.0,0.0,0.0,0.0,14.660231993231353,0.0,False,0.0001349816798144865,14.660231993231353,False,0.0,0.0,6.0,3.5999999999999996,False,False,0.46969885276793294,0.577148352826203,False,-0.5298385637454607,0.24085774210693245,False,0,False,0.135581905444949,False,Normal,44,80
2025-03-09 22:00:00,0,0.0,0.0,0.0,22,6,1,-0.5000000000000004,0.8660254037844384,-0.7818314824680299,0.6234898018587334,0.0,0.0,0.0,0.0,0.0,0.0,0.0,0.0,0.0,14.660231993231353,0.0,False,0.0001079853438515892,14.660231993231353,False,0.0,0.0,6.0,3.5999999999999996,False,False,0.47150540478698755,0.577148352826203,False,-0.5323980239615237,0.24085774210693245,False,0,False,0.13766496255820637,False,Normal,44,80
2025-03-09 23:00:00,0,0.0,0.0,0.0,23,6,1,-0.25881904510252157,0.9659258262890681,-0.7818314824680299,0.6234898018587334,0.0,0.0,0.0,0.0,0.0,0.0,0.0,0.0,0.0,14.660231993231353,0.0,False,8.638827508127136e-05,14.660231993231353,False,0.0,0.0,6.0,3.5999999999999996,False,False,0.47294672773905555,0.577148352826203,False,-0.5214208995507759,0.24085774210693245,False,0,False,0.15145219476566624,False,Normal,44,80
2025-03-10 00:00:00,0,0.0,0.0,0.0,0,0,0,0.0,1.0,0.0,1.0,0.0,0.0,0.0,0.0,0.0,0.0,0.0,0.0,0.0,14.660231993231353,0.0,False,6.91106200650171e-05,14.660231993231353,False,0.0,0.0,6.0,3.5999999999999996,False,False,0.4975112952433286,0.5801867341227781,False,-0.29112438799488616,0.24085774210693245,False,0,False,0.3215596958874394,False,Normal,44,80
2025-03-10 01:00:00,0,0.0,0.0,0.0,1,0,0,0.25881904510252074,0.9659258262890683,0.0,1.0,0.0,0.0,0.0,0.0,0.0,0.0,0.0,0.0,0.0,14.660231993231353,0.0,False,5.528849605201368e-05,14.660231993231353,False,0.0,0.0,6.0,3.5999999999999996,False,False,0.48939692260165296,0.5801867341227781,False,-0.3115917743927885,0.24085774210693245,False,0,False,0.30772528479983907,False,Normal,44,80
2025-03-10 02:00:00,0,0.0,0.0,0.0,2,0,0,0.49999999999999994,0.8660254037844387,0.0,1.0,0.0,0.0,0.0,0.0,0.0,0.0,0.0,0.0,0.0,14.660231993231353,0.0,False,4.4230796841610946e-05,14.660231993231353,False,0.0,0.0,6.0,3.5999999999999996,False,False,0.4813938819651018,0.5801867341227781,False,-0.3514278565832023,0.24085774210693245,False,0,False,0.2852766697874368,False,Normal,44,80
2025-03-10 03:00:00,0,0.0,0.0,0.0,3,0,0,0.7071067811865476,0.7071067811865476,0.0,1.0,0.0,0.0,0.0,0.0,0.0,0.0,0.0,0.0,0.0,14.660231993231353,0.0,False,3.538463747328876e-05,14.660231993231353,False,0.0,0.0,6.0,3.5999999999999996,False,False,0.47641482583719397,0.5801867341227781,False,-0.3790499641415874,0.24085774210693245,False,0,False,0.26423257178500564,False,Normal,44,80
2025-03-10 04:00:00,0,0.0,0.0,0.0,4,0,0,0.8660254037844386,0.5000000000000001,0.0,1.0,0.0,0.0,0.0,0.0,0.0,0.0,0.0,0.0,0.0,14.660231993231353,0.0,False,2.830770997863101e-05,14.660231993231353,False,0.0,0.0,6.0,3.5999999999999996,False,False,0.47413923026133026,0.5801867341227781,False,-0.38602266556371334,0.24085774210693245,False,0,False,0.2532540349560944,False,Normal,44,80
2025-03-10 05:00:00,0,0.0,0.0,0.0,5,0,0,0.9659258262890683,0.25881904510252074,0.0,1.0,0.0,0.0,0.0,0.0,0.0,0.0,0.0,0.0,0.0,14.660231993231353,0.0,False,2.2646167982904808e-05,14.660231993231353,False,0.0,0.0,6.0,3.5999999999999996,False,False,0.4811818133324846,0.5801867341227781,False,-0.4044568448315893,0.24085774210693245,False,0,False,0.26549648639184176,False,Normal,44,80
2025-03-10 06:00:00,15,9961.0,11324.0,21285.0,6,0,0,1.0,6.123233995736766e-17,0.0,1.0,-0.06403269754768393,0.0,15.0,0.0,0.0,-8.0,0.0,18.5,-3.5,14.660231993231353,-0.2387411059808572,False,-0.6999818830656137,14.660231993231353,False,0.0,0.0,6.0,3.5999999999999996,False,False,0.5399814881231291,0.5801867341227781,False,-0.38686959868924986,0.24085774210693245,False,0,False,0.34192251913422805,False,Normal,44,80
2025-03-10 07:00:00,36,18889.0,19532.0,38421.0,7,0,0,0.9659258262890683,-0.25881904510252063,0.0,1.0,-0.0167352037894956,15.0,21.0,0.625,3.0618621784789726,-16.0,4344.782431261662,32.5,3.5,14.659446800704925,0.23875389348469114,False,0.14001449354750906,14.659446800704925,False,0.0,0.0,6.0,3.5999999999999996,False,False,0.559334592212403,0.5801867341227781,False,-0.38630115792413466,0.24085774210693245,False,0,False,0.3472422583750372,False,Normal,44,80
2025-03-10 08:00:00,61,29006.0,36817.0,65823.0,8,0,0,0.8660254037844387,-0.4999999999999998,0.0,1.0,-0.11866492464754497,36.0,25.0,2.125,7.836994210848287,6.0,8798.939818795365,57.5,3.5,14.646785351897561,0.23896028486186277,False,0.8120115948380073,14.646785351897561,False,0.0,0.0,6.0,3.5999999999999996,False,False,0.5574878905054258,0.5801867341227781,False,-0.42151900573071877,0.24085774210693245,False,0,False,0.3389170472767178,False,Normal,44,80
2025-03-10 09:00:00,110,39101.0,66685.0,105786.0,9,0,0,0.7071067811865476,-0.7071067811865475,0.0,1.0,-0.26075037575505494,61.0,49.0,4.666666666666667,14.324398968092918,2.0,15611.211205029656,87.0,23.0,14.625476798329192,1.572598303436337,False,5.249609275870407,14.625476798329192,False,1.072598303436337,0.0,6.0,3.5999999999999996,False,False,0.5900090292226684,0.5801867341227781,True,-0.21816726233005945,0.24085774210693245,False,1,False,0.48975752559566255,False,Normal,44,80
2025-03-10 10:00:00,129,73920.0,76343.0,150263.0,10,0,0,0.49999999999999994,-0.8660254037844387,0.0,1.0,-0.016124953415322368,110.0,19.0,9.25,25.782113786583672,-19.0,25726.932856465555,126.5,2.5,14.65624249666292,0.17057578029083684,False,4.699687420696326,14.65624249666292,False,0.7431740837271739,0.0,6.0,3.5999999999999996,False,False,0.570389941224164,0.5801867341227781,False,-0.3770129624185654,0.24085774210693245,False,0,False,0.4016548804647922,False,Normal,44,80
2025-03-10 11:00:00,97,58595.0,52061.0,110656.0,11,0,0,0.258819045102521,-0.9659258262890682,0.0,1.0,0.05904732642309117,129.0,-32.0,14.625,35.416543051787684,-22.0,38428.249538607,92.5,4.5,14.643382172332343,0.30730605450579845,False,4.659749936557061,14.643382172332343,False,0.5504801382329723,0.0,6.0,3.5999999999999996,False,False,0.5644058110269815,0.5801867341227781,False,-0.32521558290735375,0.24085774210693245,False,0,False,0.4154898923602467,False,Normal,44,80
2025-03-10 12:00:00,80,32682.0,48241.0,80923.0,12,0,0,1.2246467991473532e-16,-1.0,0.0,1.0,-0.19226681824922148,97.0,-17.0,18.666666666666668,39.0258182842285,-13.0,42824.562646311126,74.0,6.0,14.641702006930599,0.4097884246763061,False,4.9277999492456495,14.641702006930599,False,0.4602685629092784,0.0,6.0,3.5999999999999996,False,False,0.5428851213085553,0.5801867341227781,False,-0.33985755262793704,0.24085774210693245,False,0,False,0.4074487420596037,False,Normal,44,80
2025-03-10 13:00:00,73,29229.0,41621.0,70850.0,13,0,0,-0.2588190451025208,-0.9659258262890683,0.0,1.0,-0.17490225967170542,80.0,-7.0,22.0,40.74096325513821,-1.0,44299.84210785403,65.5,7.5,14.64071863600533,0.5122699360914943,False,5.44223995939652,14.64071863600533,False,0.4725384990007727,0.0,6.0,3.5999999999999996,False,False,0.5206369250955896,0.5801867341227781,False,-0.3942572022291253,0.24085774210693245,False,0,False,0.3860826465306878,False,Normal,44,80
2025-03-10 14:00:00,96,37888.0,48796.0,86684.0,14,0,0,-0.4999999999999997,-0.8660254037844388,0.0,1.0,-0.12583491953625195,73.0,23.0,25.041666666666668,41.73985600969588,13.0,44994.444676235595,82.0,14.0,14.638335876614537,0.9563928658288057,False,7.153791967517217,14.638335876614537,False,0.9289313648295785,0.0,6.0,3.5999999999999996,False,False,0.5131322113130945,0.5801867341227781,False,-0.41593795110895004,0.24085774210693245,False,0,False,0.4049978777198,False,Normal,44,80
2025-03-10 15:00:00,169,75926.0,82769.0,158695.0,15,0,0,-0.7071067811865471,-0.7071067811865479,0.0,1.0,-0.04312017946262035,96.0,73.0,29.041666666666668,43.78552388003683,4.0,46209.55904588984,140.0,29.0,14.63568274169453,1.9814586385767992,False,11.523033574013773,14.63568274169453,False,2.410390003406378,0.0,6.0,3.5999999999999996,False,False,0.5449206147180321,0.5801867341227781,False,-0.47543966537109417,0.24085774210693245,False,0,False,0.4633373914569504,False,Normal,44,80
2025-03-10 16:00:00,253,116196.0,140493.0,256689.0,16,0,0,-0.8660254037844385,-0.5000000000000004,0.0,1.0,-0.09465503136078539,169.0,84.0,36.083333333333336,51.77284554891574,9.0,52578.76839003595,196.0,57.0,14.660943927553067,3.887880635903461,True,20.61842685921102,14.660943927553067,True,5.798270639309839,0.0,6.0,3.5999999999999996,False,True,0.5819013417281238,0.5801867341227781,True,-0.402516266336999,0.24085774210693245,False,3,True,0.622339466889666,False,Confirmed Anomaly,45,80
2025-03-10 17:00:00,271,147701.0,151334.0,299035.0,17,0,0,-0.9659258262890683,-0.25881904510252063,0.0,1.0,-0.012149038911702938,253.0,18.0,46.625,67.48063329256193,7.0,68430.6511518826,234.0,37.0,14.796719568888076,2.5005542497268824,False,23.89474148736882,14.796719568888076,True,0.0,0.0,6.0,3.5999999999999996,True,False,0.586099256866419,0.5801867341227781,True,-0.2826530782655772,0.24085774210693245,False,3,True,0.8099903851032557,False,Confirmed Anomaly,46,80
2025-03-10 18:00:00,47,19226.0,24848.0,44074.0,18,0,0,-1.0,-1.8369701987210297e-16,0.0,1.0,-0.12755530346001134,271.0,-224.0,57.916666666666664,80.71523570777899,8.0,84657.78896542534,36.5,10.5,14.651584316042944,0.716646048202643,False,21.215793189895056,14.651584316042944,True,0.216646048202643,0.0,6.0,3.5999999999999996,False,False,0.5922328048778656,0.5801867341227781,True,0.25067853638235404,0.24085774210693245,True,3,True,0.6060043064756686,False,Confirmed Anomaly,47,80
2025-03-10 19:00:00,0,0.0,0.0,0.0,19,0,0,-0.9659258262890684,0.2588190451025203,0.0,1.0,0.0,47.0,-47.0,59.875,79.81408424255872,0.0,83768.20487857974,0.0,0.0,14.656259452496082,0.0,False,16.972634551916045,14.656259452496082,True,0.0,0.0,6.0,3.5999999999999996,False,False,0.4884203061561064,0.5801867341227781,False,-0.23903488237452075,0.24085774210693245,False,1,False,0.46533239700374535,False,Normal,47,80
2025-03-10 20:00:00,0,0.0,0.0,0.0,20,0,0,-0.8660254037844386,0.5000000000000001,0.0,1.0,0.0,0.0,0.0,59.875,79.81408424255872,0.0,83768.20487857974,0.0,0.0,14.656259452496082,0.0,False,13.578107641532837,14.656259452496082,False,0.0,0.0,6.0,3.5999999999999996,False,False,0.4499354486055683,0.5801867341227781,False,-0.38133967008411074,0.24085774210693245,False,0,False,0.34875026177483126,False,Normal,47,80
2025-03-10 21:00:00,0,0.0,0.0,0.0,21,0,0,-0.7071067811865477,0.7071067811865474,0.0,1.0,0.0,0.0,0.0,59.875,79.81408424255872,0.0,83768.20487857974,0.0,0.0,14.656259452496082,0.0,False,10.86248611322627,14.656259452496082,False,0.0,0.0,6.0,3.5999999999999996,False,False,0.4497630062823415,0.5801867341227781,False,-0.4151287888018511,0.24085774210693245,False,0,False,0.3067249285209886,False,Normal,47,80
2025-03-10 22:00:00,0,0.0,0.0,0.0,22,0,0,-0.5000000000000004,0.8660254037844384,0.0,1.0,0.0,0.0,0.0,59.875,79.81408424255872,0.0,83768.20487857974,0.0,0.0,14.656259452496082,0.0,False,8.689988890581017,14.656259452496082,False,0.0,0.0,6.0,3.5999999999999996,False,False,0.4526374422433933,0.5801867341227781,False,-0.4308830392959482,0.24085774210693245,False,0,False,0.28172825742353247,False,Normal,47,80
2025-03-10 23:00:00,0,0.0,0.0,0.0,23,0,0,-0.25881904510252157,0.9659258262890681,0.0,1.0,0.0,0.0,0.0,59.875,79.81408424255872,0.0,83768.20487857974,0.0,0.0,14.656259452496082,0.0,False,6.951991112464814,14.656259452496082,False,0.0,0.0,6.0,3.5999999999999996,False,False,0.45881344532009893,0.5801867341227781,False,-0.43235568774780697,0.24085774210693245,False,0,False,0.2700033924556799,False,Normal,47,80
2025-03-11 00:00:00,0,0.0,0.0,0.0,0,1,0,0.0,1.0,0.7818314824680298,0.6234898018587336,0.0,0.0,0.0,59.875,79.81408424255872,0.0,83768.20487857974,0.0,0.0,14.656259452496082,0.0,False,5.561592889971852,14.656259452496082,False,0.0,0.0,6.0,3.5999999999999996,False,False,0.4480067515540134,0.574696690777469,False,-0.46773886959708166,0.24229715052577805,False,0,False,0.21654110347765254,False,Normal,47,80
2025-03-11 01:00:00,0,0.0,0.0,0.0,1,1,0,0.25881904510252074,0.9659258262890683,0.7818314824680298,0.6234898018587336,0.0,0.0,0.0,59.875,79.81408424255872,0.0,83768.20487857974,0.0,0.0,14.656259452496082,0.0,False,4.449274311977482,14.656259452496082,False,0.0,0.0,6.0,3.5999999999999996,False,False,0.4458818331181517,0.574696690777469,False,-0.4587388626180917,0.24229715052577805,False,0,False,0.2140989876510359,False,Normal,47,80
2025-03-11 02:00:00,0,0.0,0.0,0.0,2,1,0,0.49999999999999994,0.8660254037844387,0.7818314824680298,0.6234898018587336,0.0,0.0,0.0,59.875,79.81408424255872,0.0,83768.20487857974,0.0,0.0,14.656259452496082,0.0,False,3.559419449581986,14.656259452496082,False,0.0,0.0,6.0,3.5999999999999996,False,False,0.444421524929767,0.574696690777469,False,-0.43621749403060295,0.24229715052577805,False,0,False,0.2164149579110909,False,Normal,47,80
2025-03-11 03:00:00,0,0.0,0.0,0.0,3,1,0,0.7071067811865476,0.7071067811865476,0.7818314824680298,0.6234898018587336,0.0,0.0,0.0,59.875,79.81408424255872,0.0,83768.20487857974,0.0,0.0,14.656259452496082,0.0,False,2.847535559665589,14.656259452496082,False,0.0,0.0,6.0,3.5999999999999996,False,False,0.4441151843049989,0.574696690777469,False,-0.42186008194292834,0.24229715052577805,False,0,False,0.2162686704487229,False,Normal,47,80
2025-03-11 04:00:00,0,0.0,0.0,0.0,4,1,0,0.8660254037844386,0.5000000000000001,0.7818314824680298,0.6234898018587336,0.0,0.0,0.0,59.875,79.81408424255872,0.0,83768.20487857974,0.0,0.0,14.656259452496082,0.0,False,2.2780284477324715,14.656259452496082,False,0.0,0.0,6.0,3.5999999999999996,False,False,0.44077458338976566,0.574696690777469,False,-0.42851516612954144,0.24229715052577805,False,0,False,0.2045645618271431,False,Normal,47,80
2025-03-11 05:00:00,0,0.0,0.0,0.0,5,1,0,0.9659258262890683,0.25881904510252074,0.7818314824680298,0.6234898018587336,0.0,0.0,0.0,59.875,79.81408424255872,0.0,83768.20487857974,0.0,0.0,14.656259452496082,0.0,False,1.8224227581859773,14.656259452496082,False,0.0,0.0,6.0,3.5999999999999996,False,False,0.4424220175506361,0.574696690777469,False,-0.4121036660825932,0.24229715052577805,False,0,False,0.20839884047295043,False,Normal,47,80
2025-03-11 06:00:00,9,7723.0,8820.0,16543.0,6,1,0,1.0,6.123233995736766e-17,0.7818314824680298,0.6234898018587336,-0.06630802707930368,0.0,9.0,59.875,79.81408424255872,-6.0,83768.20487857974,16.0,-7.0,14.656259452496082,-0.47761163226459136,False,0.0579382065487819,14.656259452496082,False,0.0,0.0,6.0,3.5999999999999996,False,False,0.48042235312078174,0.574696690777469,False,-0.350788188490476,0.24229715052577805,False,0,False,0.29947215984171427,False,Normal,47,80
2025-03-11 07:00:00,27,11642.0,17496.0,29138.0,7,1,0,0.9659258262890683,-0.25881904510252063,0.7818314824680298,0.6234898018587336,-0.2008991386114829,9.0,18.0,59.625,79.9700011689166,0.0,83874.06138359022,32.5,-5.5,14.659927372449554,-0.37517239071294217,False,-1.0536494347609746,14.659927372449554,False,0.0,0.0,6.0,3.5999999999999996,False,False,0.4982449610011965,0.574696690777469,False,-0.41018565488478553,0.24229715052577805,False,0,False,0.3119570722715518,False,Normal,47,80
2025-03-11 08:00:00,61,21367.0,26375.0,47742.0,8,1,0,0.8660254037844387,-0.4999999999999998,0.7818314824680298,0.6234898018587336,-0.10489495842322434,27.0,34.0,59.25,80.10658660429431,3.0,84008.109542539,57.5,3.5,14.659927372449554,0.23874606681732685,False,-0.1429195478087797,14.659927372449554,False,0.0,0.0,6.0,3.5999999999999996,False,False,0.4821063208725673,0.574696690777469,False,-0.44230476843244615,0.24229715052577805,False,0,False,0.26016961503668434,False,Normal,47,80
2025-03-11 09:00:00,79,35571.0,50641.0,86212.0,9,1,0,0.7071067811865476,-0.7071067811865475,0.7818314824680298,0.6234898018587336,-0.17479962418660758,61.0,18.0,59.25,80.10658660429431,-5.0,84048.39239334561,87.5,-8.5,14.651515898843115,-0.5801447480715057,False,-1.814335638247024,14.651515898843115,False,0.0,0.08014474807150573,6.0,3.5999999999999996,False,False,0.48870173796776917,0.574696690777469,False,-0.46361994279288954,0.24229715052577805,False,0,False,0.28517428760824715,False,Normal,47,80
2025-03-11 10:00:00,99,46365.0,61654.0,108019.0,10,1,0,0.49999999999999994,-0.8660254037844387,0.7818314824680298,0.6234898018587336,-0.14153860396222923,79.0,20.0,57.958333333333336,79.5003304158661,-19.0,83686.17517482385,129.0,-30.0,14.635994807036715,-2.0497410934838918,False,-7.4514685105976195,14.635994807036715,False,0.0,1.6298858415553976,6.0,3.5999999999999996,False,False,0.4999312120942433,0.574696690777469,False,-0.4661837608503312,0.24229715052577805,False,0,False,0.40255777772032136,False,Normal,47,80
2025-03-11 11:00:00,111,53643.0,43834.0,97477.0,11,1,0,0.258819045102521,-0.9659258262890682,0.7818314824680298,0.6234898018587336,0.10062783397279386,99.0,12.0,56.708333333333336,78.56510961791732,30.0,82132.69168886388,96.0,15.0,14.684237880185396,1.0215034734789121,False,-2.9611748084780958,14.684237880185396,False,0.5215034734789121,0.10838236807648549,6.0,3.5999999999999996,False,False,0.5221112362489087,0.574696690777469,False,-0.27470136677152013,0.24229715052577805,False,0,False,0.4086104170598257,False,Normal,47,80
2025-03-11 12:00:00,56,29428.0,32147.0,61575.0,12,1,0,1.2246467991473532e-16,-1.0,0.7818314824680298,0.6234898018587336,-0.04415681434325062,111.0,-55.0,57.291666666666664,78.92840959109535,-15.0,81809.70511762629,74.0,-18.0,14.69594479085236,-1.2248276824777051,False,-5.968939846782477,14.69594479085236,False,0.0,0.8332100505541906,6.0,3.5999999999999996,False,False,0.4954161424691162,0.574696690777469,False,-0.4315111761638828,0.24229715052577805,False,0,False,0.37869482963924966,False,Normal,47,80
2025-03-11 13:00:00,48,28747.0,28088.0,56835.0,13,1,0,-0.2588190451025208,-0.9659258262890683,0.7818314824680298,0.6234898018587336,0.01159476388204659,56.0,-8.0,56.291666666666664,78.78008971962322,-20.0,81664.9482660862,67.0,-19.0,14.709568769504106,-1.2916762073535983,False,-8.575151877425983,14.709568769504106,False,0.0,1.624886257907789,6.0,3.5999999999999996,False,False,0.48101760216947975,0.574696690777469,False,-0.3900871756975872,0.24229715052577805,False,0,False,0.40102952864711344,False,Normal,47,80
2025-03-11 14:00:00,80,33057.0,36371.0,69428.0,14,1,0,-0.4999999999999997,-0.8660254037844388,0.7818314824680298,0.6234898018587336,-0.04773221564475939,48.0,32.0,55.25,78.71481270466465,4.0,81610.05798089429,83.5,-3.5,14.73644358097483,-0.23750642281958723,False,-7.560121501940786,14.73644358097483,False,0.0,1.362392680727376,6.0,3.5999999999999996,False,False,0.46930235396659753,0.574696690777469,False,-0.5017133902421849,0.24229715052577805,False,0,False,0.24921944944015684,False,Normal,47,80
2025-03-11 15:00:00,129,55828.0,68057.0,123885.0,15,1,0,-0.7071067811865471,-0.7071067811865479,0.7818314824680298,0.6234898018587336,-0.09871171883828682,80.0,49.0,54.583333333333336,78.42188950556591,-10.0,81405.5378716133,142.0,-13.0,14.73314380856826,-0.8823642916211593,False,-8.648097201552629,14.73314380856826,False,0.0,1.7447569723485352,6.0,3.5999999999999996,False,False,0.48682093430561885,0.574696690777469,False,-0.4885236829263886,0.24229715052577805,False,0,False,0.3385269298742094,False,Normal,47,80
2025-03-11 16:00:00,191,98187.0,90485.0,188672.0,16,1,0,-0.8660254037844385,-0.5000000000000004,0.7818314824680298,0.6234898018587336,0.04082195120658494,129.0,62.0,52.916666666666664,76.28032777720021,9.0,79780.42346213199,215.5,-24.5,14.677525365671137,-1.6692187129379712,False,-11.818477761242104,14.677525365671137,False,0.0,2.9139756852865064,6.0,3.5999999999999996,False,False,0.5324032718865435,0.574696690777469,False,-0.4273872628214159,0.24229715052577805,False,0,False,0.48276562960609387,False,Normal,47,80
2025-03-11 17:00:00,225,92026.0,115933.0,207959.0,17,1,0,-0.9659258262890683,-0.25881904510252063,0.7818314824680298,0.6234898018587336,-0.1149596076168494,191.0,34.0,50.333333333333336,70.00103518903298,12.0,73205.4039050174,249.5,-24.5,14.710425430073169,-1.6654854828272725,False,-14.354782208993683,14.710425430073169,False,0.0,4.079461168113779,6.0,3.5999999999999996,False,True,0.5338289624806554,0.574696690777469,False,-0.43109329635384674,0.24229715052577805,False,0,False,0.5068756972756165,True,Building Stress,47,81
2025-03-11 18:00:00,33,14954.0,20451.0,35405.0,18,1,0,-1.0,-1.8369701987210297e-16,0.7818314824680298,0.6234898018587336,-0.15525617127040614,225.0,-192.0,48.416666666666664,64.07530669092604,2.0,61170.48273009597,37.5,-4.5,14.73320833269597,-0.30543245560531374,False,-12.383825767194947,14.73320833269597,False,0.0,3.884893623719093,6.0,3.5999999999999996,False,True,0.5479287631710696,0.574696690777469,False,0.24340816724558945,0.24229715052577805,True,1,False,0.5468657582332038,True,Building Stress,47,82
2025-03-11 19:00:00,0,0.0,0.0,0.0,19,1,0,-0.9659258262890684,0.2588190451025203,0.7818314824680298,0.6234898018587336,0.0,33.0,-33.0,47.833333333333336,64.15244525257052,0.0,61216.54359937044,0.0,0.0,14.735306953062706,0.0,False,-9.90706061375596,14.735306953062706,False,0.0,3.384893623719093,6.0,3.5999999999999996,False,False,0.446394849388479,0.574696690777469,False,-0.3873169731139565,0.24229715052577805,False,0,False,0.3036826267815865,False,Normal,47,82
2025-03-11 20:00:00,0,0.0,0.0,0.0,20,1,0,-0.8660254037844386,0.5000000000000001,0.7818314824680298,0.6234898018587336,0.0,0.0,0.0,47.833333333333336,64.15244525257052,0.0,61216.54359937044,0.0,0.0,14.735306953062706,0.0,False,-7.925648491004768,14.735306953062706,False,0.0,2.884893623719093,6.0,3.5999999999999996,False,False,0.4224101190945674,0.574696690777469,False,-0.4619562779358841,0.24229715052577805,False,0,False,0.22876070816684219,False,Normal,47,82
2025-03-11 21:00:00,0,0.0,0.0,0.0,21,1,0,-0.7071067811865477,0.7071067811865474,0.7818314824680298,0.6234898018587336,0.0,0.0,0.0,47.833333333333336,64.15244525257052,0.0,61216.54359937044,0.0,0.0,14.735306953062706,0.0,False,-6.340518792803815,14.735306953062706,False,0.0,2.384893623719093,6.0,3.5999999999999996,False,False,0.4225117132535875,0.574696690777469,False,-0.49413597529274855,0.24229715052577805,False,0,False,0.18188965267579588,False,Normal,47,82
2025-03-11 22:00:00,0,0.0,0.0,0.0,22,1,0,-0.5000000000000004,0.8660254037844384,0.7818314824680298,0.6234898018587336,0.0,0.0,0.0,47.833333333333336,64.15244525257052,0.0,61216.54359937044,0.0,0.0,14.735306953062706,0.0,False,-5.072415034243052,14.735306953062706,False,0.0,1.8848936237190932,6.0,3.5999999999999996,False,False,0.42303190361619936,0.574696690777469,False,-0.5250177648508879,0.24229715052577805,False,0,False,0.1360688382455056,False,Normal,47,82
2025-03-11 23:00:00,0,0.0,0.0,0.0,23,1,0,-0.25881904510252157,0.9659258262890681,0.7818314824680298,0.6234898018587336,0.0,0.0,0.0,47.833333333333336,64.15244525257052,0.0,61216.54359937044,0.0,0.0,14.735306953062706,0.0,False,-4.057932027394442,14.735306953062706,False,0.0,1.3848936237190932,6.0,3.5999999999999996,False,False,0.426327042258203,0.574696690777469,False,-0.518940605624627,0.24229715052577805,False,0,False,0.13489439643910112,False,Normal,47,82
2025-03-12 00:00:00,0,0.0,0.0,0.0,0,2,0,0.0,1.0,0.9749279121818236,-0.22252093395631434,0.0,0.0,0.0,47.833333333333336,64.15244525257052,0.0,61216.54359937044,0.0,0.0,14.735306953062706,0.0,False,-3.246345621915554,14.735306953062706,False,0.0,0.8848936237190932,6.0,3.5999999999999996,False,False,0.4086534978126841,0.5840345147210465,False,-0.5308770974032198,0.23481764971862767,False,0,False,0.09032656584041947,False,Normal,47,82
2025-03-12 01:00:00,0,0.0,0.0,0.0,1,2,0,0.25881904510252074,0.9659258262890683,0.9749279121818236,-0.22252093395631434,0.0,0.0,0.0,47.833333333333336,64.15244525257052,0.0,61216.54359937044,0.0,0.0,14.735306953062706,0.0,False,-2.597076497532443,14.735306953062706,False,0.0,0.3848936237190932,6.0,3.5999999999999996,False,False,0.4083805719688029,0.5840345147210465,False,-0.522693275241662,0.23481764971862767,False,0,False,0.09034177701690486,False,Normal,47,82
2025-03-12 02:00:00,0,0.0,0.0,0.0,2,2,0,0.49999999999999994,0.8660254037844387,0.9749279121818236,-0.22252093395631434,0.0,0.0,0.0,47.833333333333336,64.15244525257052,0.0,61216.54359937044,0.0,0.0,14.735306953062706,0.0,False,-2.0776611980259547,14.735306953062706,False,0.0,0.0,6.0,3.5999999999999996,False,False,0.40494116315029566,0.5840345147210465,False,-0.5163074104201852,0.23481764971862767,False,0,False,0.09039139914161377,False,Normal,47,82
2025-03-12 03:00:00,0,0.0,0.0,0.0,3,2,0,0.7071067811865476,0.7071067811865476,0.9749279121818236,-0.22252093395631434,0.0,0.0,0.0,47.833333333333336,64.15244525257052,0.0,61216.54359937044,0.0,0.0,14.735306953062706,0.0,False,-1.662128958420764,14.735306953062706,False,0.0,0.0,6.0,3.5999999999999996,False,False,0.4026698252283645,0.5840345147210465,False,-0.5087185667345602,0.23481764971862767,False,0,False,0.09493952380767305,False,Normal,47,82
2025-03-12 04:00:00,0,0.0,0.0,0.0,4,2,0,0.8660254037844386,0.5000000000000001,0.9749279121818236,-0.22252093395631434,0.0,0.0,0.0,47.833333333333336,64.15244525257052,0.0,61216.54359937044,0.0,0.0,14.735306953062706,0.0,False,-1.3297031667366113,14.735306953062706,False,0.0,0.0,6.0,3.5999999999999996,False,False,0.40442095475637624,0.5840345147210465,False,-0.4879774284607816,0.23481764971862767,False,0,False,0.11332521455175643,False,Normal,47,82
2025-03-12 05:00:00,0,0.0,0.0,0.0,5,2,0,0.9659258262890683,0.25881904510252074,0.9749279121818236,-0.22252093395631434,0.0,0.0,0.0,47.833333333333336,64.15244525257052,0.0,61216.54359937044,0.0,0.0,14.735306953062706,0.0,False,-1.063762533389289,14.735306953062706,False,0.0,0.0,6.0,3.5999999999999996,False,False,0.405513957104163,0.5840345147210465,False,-0.46278082324073133,0.23481764971862767,False,0,False,0.13479874842043135,False,Normal,47,82
2025-03-12 06:00:00,17,8831.0,8798.0,17629.0,6,2,0,1.0,6.123233995736766e-17,0.9749279121818236,-0.22252093395631434,0.0018718094157685764,0.0,17.0,47.833333333333336,64.15244525257052,5.0,61216.54359937044,16.0,1.0,14.735306953062706,0.06786421234286891,False,-0.6510100267114314,14.735306953062706,False,0.0,0.0,6.0,3.5999999999999996,False,False,0.43576787970562897,0.5840345147210465,False,-0.43450017164274857,0.23481764971862767,False,0,False,0.18412326521194491,False,Normal,47,82
2025-03-12 07:00:00,29,11440.0,13378.0,24818.0,7,2,0,0.9659258262890683,-0.25881904510252063,0.9749279121818236,-0.22252093395631434,-0.07808533784600508,17.0,12.0,48.166666666666664,63.96239837433476,0.0,61193.41998632849,32.5,-3.5,14.730203778818574,-0.23760703195653382,False,-1.2208080213691452,14.730203778818574,False,0.0,0.0,6.0,3.5999999999999996,False,False,0.4411522519198428,0.5840345147210465,False,-0.39585419749000583,0.23481764971862767,False,0,False,0.21534255269751032,False,Normal,47,82
2025-03-12 08:00:00,45,22319.0,27126.0,49445.0,8,2,0,0.8660254037844387,-0.4999999999999998,0.9749279121818236,-0.22252093395631434,-0.09721716620151276,29.0,16.0,48.25,63.93491935588469,-17.0,61254.82085068304,59.5,-14.5,14.73194805305075,-0.9842554391167081,False,-3.8766464170953165,14.73194805305075,False,0.0,0.4842554391167081,6.0,3.5999999999999996,False,False,0.45545346404847076,0.5840345147210465,False,-0.4805791850743786,0.23481764971862767,False,0,False,0.23180749910794876,False,Normal,47,82
2025-03-12 09:00:00,65,32123.0,54893.0,87016.0,9,2,0,0.7071067811865476,-0.7071067811865475,0.9749279121818236,-0.22252093395631434,-0.2616730064240321,45.0,20.0,47.583333333333336,63.87958554401681,-20.0,61256.822176571484,87.5,-22.5,14.748418269739343,-1.5255873266196467,False,-7.601317133676254,14.748418269739343,False,0.0,1.5098427657363547,6.0,3.5999999999999996,False,False,0.49487471879571615,0.5840345147210465,False,-0.3688066407683792,0.23481764971862767,False,0,False,0.4302928812650775,False,Normal,47,82
2025-03-12 10:00:00,116,57912.0,61470.0,119382.0,10,2,0,0.49999999999999994,-0.8660254037844387,0.9749279121818236,-0.22252093395631434,-0.02980323831701331,65.0,51.0,47.0,63.64370934452544,7.0,61279.429621152965,126.5,-10.5,14.709009132741631,-0.7138482208585651,False,-8.181053706941004,14.709009132741631,False,0.0,1.72369098659492,6.0,3.5999999999999996,False,False,0.47013894321549865,0.5840345147210465,False,-0.5129207542259492,0.23481764971862767,False,0,False,0.261062901055407,False,Normal,47,82
2025-03-12 11:00:00,85,51477.0,47084.0,98561.0,11,2,0,0.258819045102521,-0.9659258262890682,0.9749279121818236,-0.22252093395631434,0.04457092997301191,116.0,-31.0,47.708333333333336,64.33842530723372,-19.0,61812.893226075896,100.5,-15.5,14.6794308145909,-1.0558992508478926,False,-9.644842965552803,14.6794308145909,False,0.0,2.2795902374428128,6.0,3.5999999999999996,False,False,0.4736024877422062,0.5840345147210465,False,-0.42759359875011027,0.23481764971862767,False,0,False,0.36806779008154433,False,Normal,47,82
2025-03-12 12:00:00,61,26661.0,29682.0,56343.0,12,2,0,1.2246467991473532e-16,-1.0,0.9749279121818236,-0.22252093395631434,-0.05361706659094136,85.0,-24.0,46.625,63.43898986256487,4.0,61851.39826047072,74.0,-13.0,14.699285887729436,-0.8843967046625065,False,-10.315874372442243,14.699285887729436,False,0.0,2.6639869421053195,6.0,3.5999999999999996,False,False,0.44782082907082443,0.5840345147210465,False,-0.5169662205324163,0.23481764971862767,False,0,False,0.24664041400821088,False,Normal,47,82
2025-03-12 13:00:00,55,25225.0,35520.0,60745.0,13,2,0,-0.2588190451025208,-0.9659258262890683,0.9749279121818236,-0.22252093395631434,-0.16947617950153096,61.0,-6.0,46.833333333333336,63.47931307446384,-10.0,61808.93214746671,67.0,-12.0,14.713378895809996,-0.8155842437672357,False,-10.652699497953796,14.713378895809996,False,0.0,2.979571185872555,6.0,3.5999999999999996,False,False,0.46207518663403163,0.5840345147210465,False,-0.5068895171291191,0.23481764971862767,False,0,False,0.27801677917986173,False,Normal,47,82
2025-03-12 14:00:00,91,33637.0,43750.0,77387.0,14,2,0,-0.4999999999999997,-0.8660254037844388,0.9749279121818236,-0.22252093395631434,-0.13067917506590168,55.0,36.0,47.125,63.50098424434065,10.0,61840.28198278323,82.0,9.0,14.725509225250761,0.6111842967418153,False,-6.722159598363038,14.725509225250761,False,0.11118429674181529,1.8683868891307398,6.0,3.5999999999999996,False,False,0.4567745408703817,0.5840345147210465,False,-0.5161797345709752,0.23481764971862767,False,0,False,0.21281748712310664,False,Normal,47,82
2025-03-12 15:00:00,161,66254.0,79445.0,145699.0,15,2,0,-0.7071067811865471,-0.7071067811865479,0.9749279121818236,-0.22252093395631434,-0.0905353466026081,91.0,70.0,47.583333333333336,63.78763452927675,20.0,61984.324581145476,140.0,21.0,14.726971746661784,1.4259550681055762,False,-1.17772767869043,14.726971746661784,False,1.0371393648473914,0.0,6.0,3.5999999999999996,False,False,0.49002234737460554,0.5840345147210465,False,-0.48517819416349606,0.23481764971862767,False,0,False,0.28822595713529864,False,Normal,47,82
2025-03-12 16:00:00,176,90272.0,98207.0,188479.0,16,2,0,-0.8660254037844385,-0.5000000000000004,0.9749279121818236,-0.22252093395631434,-0.042099957555178265,161.0,15.0,48.916666666666664,65.8641003137895,-26.0,63294.57487110668,215.5,-39.5,14.698237968381694,-2.6873969577149954,False,-8.842182142952344,14.698237968381694,False,0.0,2.1873969577149954,6.0,3.5999999999999996,False,False,0.5091889050393988,0.5840345147210465,False,-0.41749146536277215,0.23481764971862767,False,0,False,0.47609515325231244,False,Normal,47,82
2025-03-12 17:00:00,227,110662.0,116459.0,227121.0,17,2,0,-0.9659258262890683,-0.25881904510252063,0.9749279121818236,-0.22252093395631434,-0.025523727335969214,176.0,51.0,48.291666666666664,64.51456132679199,-4.0,63276.02901069501,248.5,-21.5,14.790502562286367,-1.4536355278976034,False,-11.373745714361876,14.790502562286367,False,0.0,3.141032485612599,6.0,3.5999999999999996,False,False,0.5299674282804119,0.5840345147210465,False,-0.44462038951492144,0.23481764971862767,False,0,False,0.45834886883246595,False,Normal,47,82
2025-03-12 18:00:00,38,14490.0,17551.0,32041.0,18,2,0,-1.0,-1.8369701987210297e-16,0.9749279121818236,-0.22252093395631434,-0.09553086573871793,227.0,-189.0,48.375,64.75358811612715,6.0,65456.22526759856,34.5,3.5,14.77692997878678,0.23685569364032122,False,-8.398996571489501,14.77692997878678,False,0.0,2.4041767919722776,6.0,3.5999999999999996,False,False,0.5439026893929707,0.5840345147210465,False,0.33899476989540833,0.23481764971862767,True,1,False,0.5037335780821297,False,Normal,47,82
2025-03-12 19:00:00,0,0.0,0.0,0.0,19,2,0,-0.9659258262890684,0.2588190451025203,0.9749279121818236,-0.22252093395631434,0.0,38.0,-38.0,48.583333333333336,64.70999967525123,0.0,65491.31550453458,0.0,0.0,14.767038060392908,0.0,False,-6.719197257191602,14.767038060392908,False,0.0,1.9041767919722776,6.0,3.5999999999999996,False,False,0.44429172237723247,0.5840345147210465,False,-0.40466657134668416,0.23481764971862767,False,0,False,0.2620722048695419,False,Normal,47,82
2025-03-12 20:00:00,0,0.0,0.0,0.0,20,2,0,-0.8660254037844386,0.5000000000000001,0.9749279121818236,-0.22252093395631434,0.0,0.0,0.0,48.583333333333336,64.70999967525123,0.0,65491.31550453458,0.0,0.0,14.767038060392908,0.0,False,-5.375357805753282,14.767038060392908,False,0.0,1.4041767919722776,6.0,3.5999999999999996,False,False,0.41036444071091654,0.5840345147210465,False,-0.5161484811031104,0.23481764971862767,False,0,False,0.1268862283151092,False,Normal,47,82
2025-03-12 21:00:00,0,0.0,0.0,0.0,21,2,0,-0.7071067811865477,0.7071067811865474,0.9749279121818236,-0.22252093395631434,0.0,0.0,0.0,48.583333333333336,64.70999967525123,0.0,65491.31550453458,0.0,0.0,14.767038060392908,0.0,False,-4.300286244602626,14.767038060392908,False,0.0,0.9041767919722776,6.0,3.5999999999999996,False,False,0.4065799772348821,0.5840345147210465,False,-0.5168808229709195,0.23481764971862767,False,0,False,0.11282920737118847,False,Normal,47,82
2025-03-12 22:00:00,0,0.0,0.0,0.0,22,2,0,-0.5000000000000004,0.8660254037844384,0.9749279121818236,-0.22252093395631434,0.0,0.0,0.0,48.583333333333336,64.70999967525123,0.0,65491.31550453458,0.0,0.0,14.767038060392908,0.0,False,-3.440228995682101,14.767038060392908,False,0.0,0.4041767919722776,6.0,3.5999999999999996,False,False,0.4080201681617821,0.5840345147210465,False,-0.5273750615325403,0.23481764971862767,False,0,False,0.09552553818159498,False,Normal,47,82
2025-03-12 23:00:00,0,0.0,0.0,0.0,23,2,0,-0.25881904510252157,0.9659258262890681,0.9749279121818236,-0.22252093395631434,0.0,0.0,0.0,48.583333333333336,64.70999967525123,0.0,65491.31550453458,0.0,0.0,14.767038060392908,0.0,False,-2.752183196545681,14.767038060392908,False,0.0,0.0,6.0,3.5999999999999996,False,False,0.40972104302761003,0.5840345147210465,False,-0.5287728074747385,0.23481764971862767,False,0,False,0.08827904477748572,False,Normal,47,82
2025-03-13 00:00:00,0,0.0,0.0,0.0,0,3,0,0.0,1.0,0.43388373911755823,-0.900968867902419,0.0,0.0,0.0,48.583333333333336,64.70999967525123,0.0,65491.31550453458,0.0,0.0,14.767038060392908,0.0,False,-2.201746557236545,14.767038060392908,False,0.0,0.0,6.0,3.5999999999999996,False,False,0.41555936890793493,0.5788588787999143,False,-0.540727215397982,0.2321063783528956,False,0,False,0.08411574518528445,False,Normal,47,82
2025-03-13 01:00:00,0,0.0,0.0,0.0,1,3,0,0.25881904510252074,0.9659258262890683,0.43388373911755823,-0.900968867902419,0.0,0.0,0.0,48.583333333333336,64.70999967525123,0.0,65491.31550453458,0.0,0.0,14.767038060392908,0.0,False,-1.761397245789236,14.767038060392908,False,0.0,0.0,6.0,3.5999999999999996,False,False,0.4129759117151356,0.5788588787999143,False,-0.5334885143511199,0.2321063783528956,False,0,False,0.07554634146657963,False,Normal,47,82
2025-03-13 02:00:00,0,0.0,0.0,0.0,2,3,0,0.49999999999999994,0.8660254037844387,0.43388373911755823,-0.900968867902419,0.0,0.0,0.0,48.583333333333336,64.70999967525123,0.0,65491.31550453458,0.0,0.0,14.767038060392908,0.0,False,-1.4091177966313888,14.767038060392908,False,0.0,0.0,6.0,3.5999999999999996,False,False,0.4128795060921959,0.5788588787999143,False,-0.5344260466519167,0.2321063783528956,False,0,False,0.07138276605715883,False,Normal,47,82
2025-03-13 03:00:00,0,0.0,0.0,0.0,3,3,0,0.7071067811865476,0.7071067811865476,0.43388373911755823,-0.900968867902419,0.0,0.0,0.0,48.583333333333336,64.70999967525123,0.0,65491.31550453458,0.0,0.0,14.767038060392908,0.0,False,-1.1272942373051111,14.767038060392908,False,0.0,0.0,6.0,3.5999999999999996,False,False,0.41006544816677254,0.5788588787999143,False,-0.5218205336423929,0.2321063783528956,False,0,False,0.07711089449366715,False,Normal,47,82
2025-03-13 04:00:00,0,0.0,0.0,0.0,4,3,0,0.8660254037844386,0.5000000000000001,0.43388373911755823,-0.900968867902419,0.0,0.0,0.0,48.583333333333336,64.70999967525123,0.0,65491.31550453458,0.0,0.0,14.767038060392908,0.0,False,-0.901835389844089,14.767038060392908,False,0.0,0.0,6.0,3.5999999999999996,False,False,0.410624997623603,0.5788588787999143,False,-0.510171826266659,0.2321063783528956,False,0,False,0.08954452083837941,False,Normal,47,82
2025-03-13 05:00:00,0,0.0,0.0,0.0,5,3,0,0.9659258262890683,0.25881904510252074,0.43388373911755823,-0.900968867902419,0.0,0.0,0.0,48.583333333333336,64.70999967525123,0.0,65491.31550453458,0.0,0.0,14.767038060392908,0.0,False,-0.7214683118752712,14.767038060392908,False,0.0,0.0,6.0,3.5999999999999996,False,False,0.41474673785507804,0.5788588787999143,False,-0.4995461265446519,0.2321063783528956,False,0,False,0.10510471779429903,False,Normal,47,82
2025-03-13 06:00:00,25,6894.0,8066.0,14960.0,6,3,0,1.0,6.123233995736766e-17,0.43388373911755823,-0.900968867902419,-0.07833700955818461,0.0,25.0,48.583333333333336,64.70999967525123,8.0,65491.31550453458,16.0,9.0,14.767038060392908,0.6094654840864232,False,1.2228253504997832,14.767038060392908,False,0.1094654840864232,0.0,6.0,3.5999999999999996,False,False,0.46536452506538556,0.5788588787999143,False,-0.3764601773099734,0.2321063783528956,False,0,False,0.26679566897018403,False,Normal,47,82
2025-03-13 07:00:00,39,12778.0,14794.0,27572.0,7,3,0,0.9659258262890683,-0.25881904510252063,0.43388373911755823,-0.900968867902419,-0.07311500380807312,25.0,14.0,48.916666666666664,64.56066689668661,11.0,65549.78126737788,29.0,10.0,14.77051449853889,0.677024486925571,False,2.9782602803998266,14.77051449853889,False,0.28648997101199425,0.0,6.0,3.5999999999999996,False,False,0.45097835636859024,0.5788588787999143,False,-0.3231891206936992,0.2321063783528956,False,0,False,0.27991955154458026,False,Normal,47,82
2025-03-13 08:00:00,58,25733.0,26732.0,52465.0,8,3,0,0.8660254037844387,-0.4999999999999998,0.43388373911755823,-0.900968867902419,-0.01904090267983075,39.0,19.0,49.333333333333336,64.45872738607149,6.0,65507.54874643305,57.5,0.5,14.774080896786376,0.033843052809380436,False,2.4826082243198613,14.774080896786376,False,0.0,0.0,6.0,3.5999999999999996,False,False,0.44413491314651643,0.5788588787999143,False,-0.35626644823439313,0.2321063783528956,False,0,False,0.23829542461940184,False,Normal,47,82
2025-03-13 09:00:00,82,32015.0,47654.0,79669.0,9,3,0,0.7071067811865476,-0.7071067811865475,0.43388373911755823,-0.900968867902419,-0.19629722605748715,58.0,24.0,49.875,64.47534918225656,-8.0,65510.61033608893,85.0,-3.0,14.771518202537237,-0.20309354521762724,False,1.386086579455889,14.771518202537237,False,0.0,0.0,6.0,3.5999999999999996,False,False,0.46368016466612233,0.5788588787999143,False,-0.4751004153324394,0.2321063783528956,False,0,False,0.1960791291076049,False,Normal,47,82
2025-03-13 10:00:00,97,52402.0,55578.0,107980.0,10,3,0,0.49999999999999994,-0.8660254037844387,0.43388373911755823,-0.900968867902419,-0.029412581843102026,82.0,15.0,50.583333333333336,64.74157099185,-27.0,65344.5884560669,121.0,-24.0,14.724556130896334,-1.6299302869742287,False,-3.6911307364352894,14.724556130896334,False,0.0,1.1299302869742287,6.0,3.5999999999999996,False,False,0.46616528064475243,0.5788588787999143,False,-0.4346068391871718,0.2321063783528956,False,0,False,0.3030283013118937,False,Normal,47,82
2025-03-13 11:00:00,116,54248.0,42833.0,97081.0,11,3,0,0.258819045102521,-0.9659258262890682,0.43388373911755823,-0.900968867902419,0.11758101398817494,97.0,19.0,49.791666666666664,64.01900476432364,30.0,64851.620490128465,96.0,20.0,14.756674535272504,1.3553189068576736,False,1.0470954108517683,14.756674535272504,False,0.8553189068576736,0.0,6.0,3.5999999999999996,False,False,0.4858190324556521,0.5788588787999143,False,-0.24848758690923334,0.2321063783528956,False,0,False,0.3658396350441009,False,Normal,47,82
2025-03-13 12:00:00,68,27321.0,29715.0,57036.0,12,3,0,1.2246467991473532e-16,-1.0,0.43388373911755823,-0.900968867902419,-0.04197275452776268,116.0,-48.0,51.083333333333336,65.06446079059607,2.0,64802.84132184372,68.5,-0.5,14.741993559104868,-0.03391671540184555,False,0.7376763286814146,14.741993559104868,False,0.32140219145582805,0.0,6.0,3.5999999999999996,False,False,0.46038277029989416,0.5788588787999143,False,-0.4795770232693639,0.2321063783528956,False,0,False,0.17513923359839534,False,Normal,47,82
2025-03-13 13:00:00,53,27328.0,32141.0,59469.0,13,3,0,-0.2588190451025208,-0.9659258262890683,0.43388373911755823,-0.900968867902419,-0.08093156213216748,68.0,-15.0,51.375,65.12650732629332,5.0,64806.573634617154,65.5,-12.5,14.74238571825197,-0.8478953297582114,False,-1.9098589370548682,14.74238571825197,False,0.0,0.34789532975821136,6.0,3.5999999999999996,False,False,0.4407833739337594,0.5788588787999143,False,-0.5101519832189144,0.2321063783528956,False,0,False,0.1625831437867549,False,Normal,47,82
2025-03-13 14:00:00,80,35590.0,41676.0,77266.0,14,3,0,-0.4999999999999997,-0.8660254037844388,0.43388373911755823,-0.900968867902419,-0.07876583793857662,53.0,27.0,51.291666666666664,65.12294671162996,-7.0,64796.76491554131,82.0,-2.0,14.75611474697058,-0.13553703222662988,False,-1.9278871496438947,14.75611474697058,False,0.0,0.0,6.0,3.5999999999999996,False,False,0.44465901953976955,0.5788588787999143,False,-0.5189031594855363,0.2321063783528956,False,0,False,0.13111447244942726,False,Normal,47,82
2025-03-13 15:00:00,134,56170.0,73635.0,129805.0,15,3,0,-0.7071067811865471,-0.7071067811865479,0.43388373911755823,-0.900968867902419,-0.13454693927861577,80.0,54.0,50.833333333333336,64.86954579010471,0.0,64794.434246516,140.0,-6.0,14.757001717408196,-0.40658665729651977,False,-2.742309719715116,14.757001717408196,False,0.0,0.0,6.0,3.5999999999999996,False,False,0.46969927362312813,0.5788588787999143,False,-0.4926636634839643,0.2321063783528956,False,0,False,0.21635732741271765,False,Normal,47,82
2025-03-13 16:00:00,195,84196.0,88774.0,172970.0,16,3,0,-0.8660254037844385,-0.5000000000000004,0.43388373911755823,-0.900968867902419,-0.026466864387671922,134.0,61.0,49.708333333333336,63.0855038586635,24.0,63833.145563427606,196.5,-1.5,14.734524757314482,-0.10180172246514929,False,-2.4938477757720934,14.734524757314482,False,0.0,0.0,6.0,3.5999999999999996,False,False,0.5006866760134903,0.5788588787999143,False,-0.4406053968016044,0.2321063783528956,False,0,False,0.30563044159911595,False,Normal,47,82
2025-03-13 17:00:00,236,103033.0,116094.0,219127.0,17,3,0,-0.9659258262890683,-0.25881904510252063,0.43388373911755823,-0.900968867902419,-0.05960443211273776,195.0,41.0,50.5,64.83423679561258,3.0,62411.39301300904,232.0,4.0,14.698253533913658,0.2721411758730857,False,-1.1950782206176747,14.698253533913658,False,0.0,0.0,6.0,3.5999999999999996,False,False,0.5151288408710143,0.5788588787999143,False,-0.42388288877144165,0.2321063783528956,False,0,False,0.31876281558938313,False,Normal,47,82
2025-03-13 18:00:00,31,17838.0,16118.0,33956.0,18,3,0,-1.0,-1.8369701987210297e-16,0.43388373911755823,-0.900968867902419,0.05065229555025473,236.0,-205.0,50.875,65.9164903165526,1.0,61423.54925078332,34.5,-3.5,14.697907733685255,-0.23812913126257823,False,-1.65606257649414,14.697907733685255,False,0.0,0.0,6.0,3.5999999999999996,False,False,0.5519224518912244,0.5788588787999143,False,0.2862472404052576,0.2321063783528956,True,1,False,0.43825156231379647,False,Normal,47,82
2025-03-13 19:00:00,0,0.0,0.0,0.0,19,3,0,-0.9659258262890684,0.2588190451025203,0.43388373911755823,-0.900968867902419,0.0,31.0,-31.0,50.583333333333336,65.99138064050925,0.0,61404.544485553015,0.0,0.0,14.696983412811633,0.0,False,-1.324850061195312,14.696983412811633,False,0.0,0.0,6.0,3.5999999999999996,False,False,0.445911079902918,0.5788588787999143,False,-0.3878764546330711,0.2321063783528956,False,0,False,0.2159327016431769,False,Normal,47,82
2025-03-13 20:00:00,0,0.0,0.0,0.0,20,3,0,-0.8660254037844386,0.5000000000000001,0.43388373911755823,-0.900968867902419,0.0,0.0,0.0,50.583333333333336,65.99138064050925,0.0,61404.544485553015,0.0,0.0,14.696983412811633,0.0,False,-1.0598800489562497,14.696983412811633,False,0.0,0.0,6.0,3.5999999999999996,False,False,0.41393848939642686,0.5788588787999143,False,-0.4732920632265496,0.2321063783528956,False,0,False,0.12921619876772505,False,Normal,47,82
2025-03-13 21:00:00,0,0.0,0.0,0.0,21,3,0,-0.7071067811865477,0.7071067811865474,0.43388373911755823,-0.900968867902419,0.0,0.0,0.0,50.583333333333336,65.99138064050925,0.0,61404.544485553015,0.0,0.0,14.696983412811633,0.0,False,-0.8479040391649998,14.696983412811633,False,0.0,0.0,6.0,3.5999999999999996,False,False,0.4102286364534212,0.5788588787999143,False,-0.4957007623056031,0.2321063783528956,False,0,False,0.10291883916399278,False,Normal,47,82
2025-03-13 22:00:00,0,0.0,0.0,0.0,22,3,0,-0.5000000000000004,0.8660254037844384,0.43388373911755823,-0.900968867902419,0.0,0.0,0.0,50.583333333333336,65.99138064050925,0.0,61404.544485553015,0.0,0.0,14.696983412811633,0.0,False,-0.6783232313319999,14.696983412811633,False,0.0,0.0,6.0,3.5999999999999996,False,False,0.4106590080495552,0.5788588787999143,False,-0.5187502920443366,0.2321063783528956,False,0,False,0.07721803013269235,False,Normal,47,82
2025-03-13 23:00:00,0,0.0,0.0,0.0,23,3,0,-0.25881904510252157,0.9659258262890681,0.43388373911755823,-0.900968867902419,0.0,0.0,0.0,50.583333333333336,65.99138064050925,0.0,61404.544485553015,0.0,0.0,14.696983412811633,0.0,False,-0.5426585850655999,14.696983412811633,False,0.0,0.0,6.0,3.5999999999999996,False,False,0.41056330140131336,0.5788588787999143,False,-0.5297529532374122,0.2321063783528956,False,0,False,0.06600195219604152,False,Normal,47,82
2025-03-14 00:00:00,0,0.0,0.0,0.0,0,4,0,0.0,1.0,-0.433883739117558,-0.9009688679024191,0.0,0.0,0.0,50.583333333333336,65.99138064050925,0.0,61404.544485553015,0.0,0.0,14.696983412811633,0.0,False,-0.43412686805247996,14.696983412811633,False,0.0,0.0,6.0,3.5999999999999996,False,False,0.4183969975412868,0.5799759978169912,False,-0.49487435969329097,0.22948019692185773,False,0,False,0.1141686029553351,False,Normal,47,82
2025-03-14 01:00:00,0,0.0,0.0,0.0,1,4,0,0.25881904510252074,0.9659258262890683,-0.433883739117558,-0.9009688679024191,0.0,0.0,0.0,50.583333333333336,65.99138064050925,0.0,61404.544485553015,0.0,0.0,14.696983412811633,0.0,False,-0.347301494441984,14.696983412811633,False,0.0,0.0,6.0,3.5999999999999996,False,False,0.4169291963864689,0.5799759978169912,False,-0.49447172710030274,0.22948019692185773,False,0,False,0.11070754154029804,False,Normal,47,82
2025-03-14 02:00:00,0,0.0,0.0,0.0,2,4,0,0.49999999999999994,0.8660254037844387,-0.433883739117558,-0.9009688679024191,0.0,0.0,0.0,50.583333333333336,65.99138064050925,0.0,61404.544485553015,0.0,0.0,14.696983412811633,0.0,False,-0.2778411955535872,14.696983412811633,False,0.0,0.0,6.0,3.5999999999999996,False,False,0.4157626572092296,0.5799759978169912,False,-0.503860269636732,0.22948019692185773,False,0,False,0.09838813061051559,False,Normal,47,82
2025-03-14 03:00:00,0,0.0,0.0,0.0,3,4,0,0.7071067811865476,0.7071067811865476,-0.433883739117558,-0.9009688679024191,0.0,0.0,0.0,50.583333333333336,65.99138064050925,0.0,61404.544485553015,0.0,0.0,14.696983412811633,0.0,False,-0.2222729564428698,14.696983412811633,False,0.0,0.0,6.0,3.5999999999999996,False,False,0.4135289013770664,0.5799759978169912,False,-0.505008510445493,0.22948019692185773,False,0,False,0.09110282658579075,False,Normal,47,82
2025-03-14 04:00:00,0,0.0,0.0,0.0,4,4,0,0.8660254037844386,0.5000000000000001,-0.433883739117558,-0.9009688679024191,0.0,0.0,0.0,50.583333333333336,65.99138064050925,0.0,61404.544485553015,0.0,0.0,14.696983412811633,0.0,False,-0.17781836515429583,14.696983412811633,False,0.0,0.0,6.0,3.5999999999999996,False,False,0.41381868335240096,0.5799759978169912,False,-0.48046141987054614,0.22948019692185773,False,0,False,0.11520435864690975,False,Normal,47,82
2025-03-14 05:00:00,0,0.0,0.0,0.0,5,4,0,0.9659258262890683,0.25881904510252074,-0.433883739117558,-0.9009688679024191,0.0,0.0,0.0,50.583333333333336,65.99138064050925,0.0,61404.544485553015,0.0,0.0,14.696983412811633,0.0,False,-0.14225469212343667,14.696983412811633,False,0.0,0.0,6.0,3.5999999999999996,False,False,0.41370089786660863,0.5799759978169912,False,-0.4499902266529312,0.22948019692185773,False,0,False,0.14014569665535553,False,Normal,47,82
2025-03-14 06:00:00,21,8397.0,9425.0,17822.0,6,4,0,1.0,6.123233995736766e-17,-0.433883739117558,-0.9009688679024191,-0.05767828087302923,0.0,21.0,50.583333333333336,65.99138064050925,1.0,61404.544485553015,16.0,5.0,14.696983412811633,0.34020586807231523,False,0.8861962463012507,14.696983412811633,False,0.0,0.0,6.0,3.5999999999999996,False,False,0.44590999502307943,0.5799759978169912,False,-0.36835407985171353,0.22948019692185773,False,0,False,0.2304504135712319,False,Normal,47,82
2025-03-14 07:00:00,24,13143.0,19386.0,32529.0,7,4,0,0.9659258262890683,-0.25881904510252063,-0.433883739117558,-0.9009688679024191,-0.19191515524131572,21.0,3.0,50.416666666666664,66.06381412113504,-12.0,61342.24918421446,29.0,-5.0,14.697486744137107,-0.34019421735450944,False,-0.29104300295899943,14.697486744137107,False,0.0,0.0,6.0,3.5999999999999996,False,False,0.48072181944167247,0.5799759978169912,False,-0.34152204143736986,0.22948019692185773,False,0,False,0.30007793190556686,False,Normal,47,82
2025-03-14 08:00:00,65,25376.0,27885.0,53261.0,8,4,0,0.8660254037844387,-0.4999999999999998,-0.433883739117558,-0.9009688679024191,-0.047106755285193945,24.0,41.0,49.791666666666664,66.24721760632448,8.0,61281.688075908685,58.0,7.0,14.69861140241711,0.476235462545046,False,1.1671655976328006,14.69861140241711,False,0.0,0.0,6.0,3.5999999999999996,False,False,0.45990484395991804,0.5799759978169912,False,-0.2670880161191116,0.22948019692185773,False,0,False,0.2754680778647309,False,Normal,47,82
2025-03-14 09:00:00,92,34600.0,55117.0,89717.0,9,4,0,0.7071067811865476,-0.7071067811865475,-0.433883739117558,-0.9009688679024191,-0.22868320738313383,65.0,27.0,50.083333333333336,66.30031586695473,7.0,61284.77385053509,84.5,7.5,14.69074635060822,0.5105254573869549,False,2.4337324781062404,14.69074635060822,False,0.010525457386954873,0.0,6.0,3.5999999999999996,False,False,0.4736706809432285,0.5799759978169912,False,-0.39460586001673703,0.22948019692185773,False,0,False,0.2897604214040516,False,Normal,47,82
2025-03-14 10:00:00,112,67483.0,67170.0,134653.0,10,4,0,0.49999999999999994,-0.8660254037844387,-0.433883739117558,-0.9009688679024191,0.0023244760645803318,92.0,20.0,50.5,66.54060545195723,-40.0,61548.447990401604,117.0,-5.0,14.690352947205351,-0.3403594194073591,False,0.9469859824849924,14.690352947205351,False,0.0,0.0,6.0,3.5999999999999996,False,False,0.4893366916502349,0.5799759978169912,False,-0.2397535273633542,0.22948019692185773,False,0,False,0.33826665461498634,False,Normal,47,82
2025-03-14 11:00:00,110,54957.0,46995.0,101952.0,11,4,0,0.258819045102521,-0.9659258262890682,-0.433883739117558,-0.9009688679024191,0.07809480839210224,112.0,-2.0,51.125,67.06473997434185,15.0,62907.52717179052,96.0,14.0,14.660522011088236,0.9549455325950426,False,3.557588785987994,14.660522011088236,False,0.45494553259504256,0.0,6.0,3.5999999999999996,False,False,0.4902603730262056,0.5799759978169912,False,-0.3082341812255649,0.22948019692185773,False,0,False,0.37771153538170676,False,Normal,47,82
2025-03-14 12:00:00,88,33252.0,37313.0,70565.0,12,4,0,1.2246467991473532e-16,-1.0,-0.433883739117558,-0.9009688679024191,-0.057548961256129016,110.0,-22.0,50.875,66.82313612618857,11.0,63077.207519301046,67.0,21.0,14.641628727867912,1.4342666646115663,False,7.046071028790395,14.641628727867912,False,1.389212197206609,0.0,6.0,3.5999999999999996,False,False,0.4570339302460053,0.5799759978169912,False,-0.4270010697445372,0.22948019692185773,False,0,False,0.31957286045634586,False,Normal,47,82
2025-03-14 13:00:00,72,33566.0,36379.0,69945.0,13,4,0,-0.2588190451025208,-0.9659258262890683,-0.433883739117558,-0.9009688679024191,-0.040216738626940786,88.0,-16.0,51.708333333333336,67.16979080733725,6.0,63211.072581001004,60.0,12.0,14.666426089744991,0.818195239015359,False,8.036856823032316,14.666426089744991,False,1.7074074362219678,0.0,6.0,3.5999999999999996,False,False,0.44697660958766094,0.5799759978169912,False,-0.439977389487219,0.22948019692185773,False,0,False,0.2900174023084984,False,Normal,47,82
2025-03-14 14:00:00,85,34491.0,41040.0,75531.0,14,4,0,-0.4999999999999997,-0.8660254037844388,-0.433883739117558,-0.9009688679024191,-0.0867049727267913,72.0,13.0,52.5,67.29752240416528,5.0,63317.45827018879,80.5,4.5,14.659207316182469,0.3069743065187705,False,7.329485458425854,14.659207316182469,False,1.5143817427407384,0.0,6.0,3.5999999999999996,False,False,0.4500629808310945,0.5799759978169912,False,-0.4623163027741759,0.22948019692185773,False,0,False,0.2556432524273419,False,Normal,47,82
2025-03-14 15:00:00,164,79137.0,86017.0,165154.0,15,4,0,-0.7071067811865471,-0.7071067811865479,-0.433883739117558,-0.9009688679024191,-0.04165783657776029,85.0,79.0,52.708333333333336,67.39402577487805,28.0,63286.13408598214,137.5,26.5,14.658301275852748,1.8078493204157695,False,11.163588366740683,14.658301275852748,False,2.822231063156508,0.0,6.0,3.5999999999999996,False,False,0.5012951469553886,0.5799759978169912,False,-0.38747995357138976,0.22948019692185773,False,0,False,0.4755532354166789,False,Normal,47,82
2025-03-14 16:00:00,207,89842.0,120930.0,210772.0,16,4,0,-0.8660254037844385,-0.5000000000000004,-0.433883739117558,-0.9009688679024191,-0.14749517253158612,164.0,43.0,53.958333333333336,69.22080559727856,-22.0,65591.70186331564,193.0,14.0,14.689253234661157,0.9530777212666757,False,11.730870693392548,14.689253234661157,False,3.2753087844231836,0.0,6.0,3.5999999999999996,False,False,0.5228890367561608,0.5799759978169912,False,-0.3831016218175536,0.22948019692185773,False,0,False,0.47215884590759183,False,Normal,47,82
2025-03-14 17:00:00,271,127513.0,147337.0,274850.0,17,4,0,-0.9659258262890683,-0.25881904510252063,-0.433883739117558,-0.9009688679024191,-0.07212635209622668,207.0,64.0,54.458333333333336,70.31851705333176,4.0,68999.55431908152,232.0,39.0,14.595623295430714,2.6720338837608453,False,17.184696554714037,14.595623295430714,True,5.447342668184029,0.0,6.0,3.5999999999999996,False,True,0.5649363937571287,0.5799759978169912,False,-0.36149459265964423,0.22948019692185773,False,1,False,0.588786897248957,True,Building Stress,47,83
2025-03-14 18:00:00,39,20864.0,22281.0,43145.0,18,4,0,-1.0,-1.8369701987210297e-16,-0.433883739117558,-0.9009688679024191,-0.03284197839892458,271.0,-232.0,55.916666666666664,74.48660029286076,3.0,75463.09035451211,32.5,6.5,14.688104529003303,0.442534977005714,False,15.047757243771231,14.688104529003303,True,5.389877645189743,0.0,6.0,3.5999999999999996,False,True,0.5768483697573765,0.5799759978169912,False,0.3617186011260791,0.22948019692185773,True,2,False,0.5928176453009395,True,Building Stress,47,84
2025-03-14 19:00:00,0,0.0,0.0,0.0,19,4,0,-0.9659258262890684,0.2588190451025203,-0.433883739117558,-0.9009688679024191,0.0,39.0,-39.0,56.25,74.38808343089461,0.0,75372.57259772945,0.0,0.0,14.688079150388875,0.0,False,12.038205795016985,14.688079150388875,False,4.889877645189743,0.0,6.0,3.5999999999999996,False,True,0.4676533174417658,0.5799759978169912,False,-0.2415904687698549,0.22948019692185773,False,0,False,0.3866791673835886,True,Building Stress,47,85
2025-03-14 20:00:00,0,0.0,0.0,0.0,20,4,0,-0.8660254037844386,0.5000000000000001,-0.433883739117558,-0.9009688679024191,0.0,0.0,0.0,56.25,74.38808343089461,0.0,75372.57259772945,0.0,0.0,14.688079150388875,0.0,False,9.630564636013588,14.688079150388875,False,4.389877645189743,0.0,6.0,3.5999999999999996,False,True,0.4327118791307132,0.5799759978169912,False,-0.3700205167929833,0.22948019692185773,False,0,False,0.298163558625972,True,Building Stress,47,86
2025-03-14 21:00:00,0,0.0,0.0,0.0,21,4,0,-0.7071067811865477,0.7071067811865474,-0.433883739117558,-0.9009688679024191,0.0,0.0,0.0,56.25,74.38808343089461,0.0,75372.57259772945,0.0,0.0,14.688079150388875,0.0,False,7.704451708810871,14.688079150388875,False,3.8898776451897428,0.0,6.0,3.5999999999999996,False,True,0.4298495284478908,0.5799759978169912,False,-0.41196778646397125,0.22948019692185773,False,0,False,0.26007110907306225,True,Building Stress,47,87
2025-03-14 22:00:00,0,0.0,0.0,0.0,22,4,0,-0.5000000000000004,0.8660254037844384,-0.433883739117558,-0.9009688679024191,0.0,0.0,0.0,56.25,74.38808343089461,0.0,75372.57259772945,0.0,0.0,14.688079150388875,0.0,False,6.163561367048697,14.688079150388875,False,3.3898776451897428,0.0,6.0,3.5999999999999996,False,False,0.43158586347202404,0.5799759978169912,False,-0.45343701861979113,0.22948019692185773,False,0,False,0.22462523931837491,False,Normal,47,87
2025-03-14 23:00:00,0,0.0,0.0,0.0,23,4,0,-0.25881904510252157,0.9659258262890681,-0.433883739117558,-0.9009688679024191,0.0,0.0,0.0,56.25,74.38808343089461,0.0,75372.57259772945,0.0,0.0,14.688079150388875,0.0,False,4.930849093638958,14.688079150388875,False,2.8898776451897428,0.0,6.0,3.5999999999999996,False,False,0.43489379390894567,0.5799759978169912,False,-0.4710369418853686,0.22948019692185773,False,0,False,0.19724232628616062,False,Normal,47,87
2025-03-15 00:00:00,0,0.0,0.0,0.0,0,5,1,0.0,1.0,-0.9749279121818236,-0.2225209339563146,0.0,0.0,0.0,56.25,74.38808343089461,0.0,75372.57259772945,0.0,0.0,14.688079150388875,0.0,False,3.9446792749111665,14.688079150388875,False,2.3898776451897428,0.0,6.0,3.5999999999999996,False,False,0.4819398174845641,0.5835979755828468,False,-0.31211975383957746,0.2345663907780763,False,0,False,0.33564966627237414,False,Normal,47,87
2025-03-15 01:00:00,0,0.0,0.0,0.0,1,5,1,0.25881904510252074,0.9659258262890683,-0.9749279121818236,-0.2225209339563146,0.0,0.0,0.0,56.25,74.38808343089461,0.0,75372.57259772945,0.0,0.0,14.688079150388875,0.0,False,3.1557434199289336,14.688079150388875,False,1.8898776451897428,0.0,6.0,3.5999999999999996,False,False,0.4791703372210491,0.5835979755828468,False,-0.33131069036001204,0.2345663907780763,False,0,False,0.3156311562388731,False,Normal,47,87
2025-03-15 02:00:00,0,0.0,0.0,0.0,2,5,1,0.49999999999999994,0.8660254037844387,-0.9749279121818236,-0.2225209339563146,0.0,0.0,0.0,56.25,74.38808343089461,0.0,75372.57259772945,0.0,0.0,14.688079150388875,0.0,False,2.524594735943147,14.688079150388875,False,1.3898776451897428,0.0,6.0,3.5999999999999996,False,False,0.4697206952531795,0.5835979755828468,False,-0.4018348602345425,0.2345663907780763,False,0,False,0.25937290251918843,False,Normal,47,87
2025-03-15 03:00:00,0,0.0,0.0,0.0,3,5,1,0.7071067811865476,0.7071067811865476,-0.9749279121818236,-0.2225209339563146,0.0,0.0,0.0,56.25,74.38808343089461,0.0,75372.57259772945,0.0,0.0,14.688079150388875,0.0,False,2.0196757887545176,14.688079150388875,False,0.8898776451897428,0.0,6.0,3.5999999999999996,False,False,0.468262946121023,0.5835979755828468,False,-0.4700939524361527,0.2345663907780763,False,0,False,0.20938970778314098,False,Normal,47,87
2025-03-15 04:00:00,0,0.0,0.0,0.0,4,5,1,0.8660254037844386,0.5000000000000001,-0.9749279121818236,-0.2225209339563146,0.0,0.0,0.0,56.25,74.38808343089461,0.0,75372.57259772945,0.0,0.0,14.688079150388875,0.0,False,1.6157406310036142,14.688079150388875,False,0.38987764518974277,0.0,6.0,3.5999999999999996,False,False,0.4644110073487459,0.5835979755828468,False,-0.511129294245698,0.2345663907780763,False,0,False,0.1571138261516064,False,Normal,47,87
2025-03-15 05:00:00,0,0.0,0.0,0.0,5,5,1,0.9659258262890683,0.25881904510252074,-0.9749279121818236,-0.2225209339563146,0.0,0.0,0.0,56.25,74.38808343089461,0.0,75372.57259772945,0.0,0.0,14.688079150388875,0.0,False,1.2925925048028915,14.688079150388875,False,0.0,0.0,6.0,3.5999999999999996,False,False,0.46195109875937174,0.5835979755828468,False,-0.5156826735165728,0.2345663907780763,False,0,False,0.14583151035948738,False,Normal,47,87
2025-03-15 06:00:00,0,0.0,0.0,0.0,6,5,1,1.0,6.123233995736766e-17,-0.9749279121818236,-0.2225209339563146,0.0,0.0,0.0,56.25,74.38808343089461,0.0,75372.57259772945,0.0,0.0,14.688079150388875,0.0,False,1.0340740038423133,14.688079150388875,False,0.0,0.0,6.0,3.5999999999999996,False,False,0.4638471050842645,0.5835979755828468,False,-0.5238135781873187,0.2345663907780763,False,0,False,0.13745640678946255,False,Normal,47,87
2025-03-15 07:00:00,0,0.0,0.0,0.0,7,5,1,0.9659258262890683,-0.25881904510252063,-0.9749279121818236,-0.2225209339563146,0.0,0.0,0.0,55.375,74.94218786330653,0.0,75849.58770683661,0.0,0.0,14.688079150388875,0.0,False,0.8272592030738507,14.688079150388875,False,0.0,0.0,6.0,3.5999999999999996,False,False,0.4645736792807204,0.5835979755828468,False,-0.5252383486733395,0.2345663907780763,False,0,False,0.13539115539411686,False,Normal,47,87
2025-03-15 08:00:00,0,0.0,0.0,0.0,8,5,1,0.8660254037844387,-0.4999999999999998,-0.9749279121818236,-0.2225209339563146,0.0,0.0,0.0,54.375,75.53681077864417,0.0,76557.52773964741,0.0,0.0,14.688079150388875,0.0,False,0.6618073624590806,14.688079150388875,False,0.0,0.0,6.0,3.5999999999999996,False,False,0.467129085960986,0.5835979755828468,False,-0.5248942853723169,0.2345663907780763,False,0,False,0.13903857974600511,False,Normal,47,87
2025-03-15 09:00:00,0,0.0,0.0,0.0,9,5,1,0.7071067811865476,-0.7071067811865475,-0.9749279121818236,-0.2225209339563146,0.0,0.0,0.0,51.666666666666664,76.30070184113167,0.0,77339.70038431899,0.0,0.0,14.688079150388875,0.0,False,0.5294458899672645,14.688079150388875,False,0.0,0.0,6.0,3.5999999999999996,False,False,0.4677642013460567,0.5835979755828468,False,-0.5199079951302092,0.2345663907780763,False,0,False,0.143913448066467,False,Normal,47,87
2025-03-15 10:00:00,0,0.0,0.0,0.0,10,5,1,0.49999999999999994,-0.8660254037844387,-0.9749279121818236,-0.2225209339563146,0.0,0.0,0.0,47.833333333333336,76.49703982148115,0.0,77580.62461320481,0.0,0.0,14.688079150388875,0.0,False,0.4235567119738116,14.688079150388875,False,0.0,0.0,6.0,3.5999999999999996,False,False,0.4727844219276998,0.5835979755828468,False,-0.5162945076987617,0.2345663907780763,False,0,False,0.16085641388388522,False,Normal,47,87
2025-03-15 11:00:00,0,0.0,0.0,0.0,11,5,1,0.258819045102521,-0.9659258262890682,-0.9749279121818236,-0.2225209339563146,0.0,0.0,0.0,43.166666666666664,75.82569638245373,0.0,75874.65161637183,0.0,0.0,14.688079150388875,0.0,False,0.3388453695790493,14.688079150388875,False,0.0,0.0,6.0,3.5999999999999996,False,False,0.47569732929559116,0.5835979755828468,False,-0.5071670261067136,0.2345663907780763,False,0,False,0.18014580526441154,False,Normal,47,87
2025-03-15 12:00:00,0,0.0,0.0,0.0,12,5,1,1.2246467991473532e-16,-1.0,-0.9749279121818236,-0.2225209339563146,0.0,0.0,0.0,38.583333333333336,74.92948375794326,0.0,75232.98951917804,0.0,0.0,14.688079150388875,0.0,False,0.2710762956632395,14.688079150388875,False,0.0,0.0,6.0,3.5999999999999996,False,False,0.47634891297128573,0.5835979755828468,False,-0.5055156866890212,0.2345663907780763,False,0,False,0.1840885543238888,False,Normal,47,87
2025-03-15 13:00:00,0,0.0,0.0,0.0,13,5,1,-0.2588190451025208,-0.9659258262890683,-0.9749279121818236,-0.2225209339563146,0.0,0.0,0.0,34.916666666666664,74.55836153887985,0.0,75280.38114438957,0.0,0.0,14.688079150388875,0.0,False,0.2168610365305916,14.688079150388875,False,0.0,0.0,6.0,3.5999999999999996,False,False,0.4804193519865844,0.5835979755828468,False,-0.5005612734653947,0.2345663907780763,False,0,False,0.2003185962680998,False,Normal,47,87
2025-03-15 14:00:00,0,0.0,0.0,0.0,14,5,1,-0.4999999999999997,-0.8660254037844388,-0.9749279121818236,-0.2225209339563146,0.0,0.0,0.0,31.916666666666668,74.4498177453702,0.0,75221.58840790784,0.0,0.0,14.688079150388875,0.0,False,0.17348882922447328,14.688079150388875,False,0.0,0.0,6.0,3.5999999999999996,False,False,0.48153943197857857,0.5835979755828468,False,-0.485094791402247,0.2345663907780763,False,0,False,0.2171041279508094,False,Normal,47,87
2025-03-15 15:00:00,0,0.0,0.0,0.0,15,5,1,-0.7071067811865471,-0.7071067811865479,-0.9749279121818236,-0.2225209339563146,0.0,0.0,0.0,28.375,73.8340162562063,0.0,74903.15345182185,0.0,0.0,14.688079150388875,0.0,False,0.13879106337957864,14.688079150388875,False,0.0,0.0,6.0,3.5999999999999996,False,False,0.48328046350103865,0.5835979755828468,False,-0.4676385845436859,0.2345663907780763,False,0,False,0.23343985666776365,False,Normal,47,87
2025-03-15 16:00:00,0,0.0,0.0,0.0,16,5,1,-0.8660254037844385,-0.5000000000000004,-0.9749279121818236,-0.2225209339563146,0.0,0.0,0.0,21.541666666666668,68.10285007549827,0.0,69212.67696052267,0.0,0.0,14.688079150388875,0.0,False,0.11103285070366292,14.688079150388875,False,0.0,0.0,6.0,3.5999999999999996,False,False,0.4995652926946405,0.5835979755828468,False,-0.40517369662849556,0.2345663907780763,False,0,False,0.2921685520008776,False,Normal,47,87
2025-03-15 17:00:00,0,0.0,0.0,0.0,17,5,1,-0.9659258262890683,-0.25881904510252063,-0.9749279121818236,-0.2225209339563146,0.0,0.0,0.0,12.916666666666666,55.54388524766514,0.0,56411.00957296959,0.0,0.0,14.688079150388875,0.0,False,0.08882628056293035,14.688079150388875,False,0.0,0.0,6.0,3.5999999999999996,False,False,0.5329642107235775,0.5835979755828468,False,-0.16316447530699563,0.2345663907780763,False,0,False,0.3579530063947096,False,Normal,47,87
2025-03-15 18:00:00,0,0.0,0.0,0.0,18,5,1,-1.0,-1.8369701987210297e-16,-0.9749279121818236,-0.2225209339563146,0.0,0.0,0.0,1.625,7.960841664045012,0.0,8806.936246031742,0.0,0.0,14.688079150388875,0.0,False,0.07106102445034428,14.688079150388875,False,0.0,0.0,6.0,3.5999999999999996,False,False,0.5629341601300236,0.5835979755828468,False,-0.4904792485614411,0.2345663907780763,False,0,False,0.2774345024940448,False,Normal,47,87
2025-03-15 19:00:00,0,0.0,0.0,0.0,19,5,1,-0.9659258262890684,0.2588190451025203,-0.9749279121818236,-0.2225209339563146,0.0,0.0,0.0,0.0,0.0,0.0,0.0,0.0,0.0,14.688079150388875,0.0,False,0.056848819560275425,14.688079150388875,False,0.0,0.0,6.0,3.5999999999999996,False,False,0.5106915420629919,0.5835979755828468,False,-0.5018935497530617,0.2345663907780763,False,0,False,0.236769699373513,False,Normal,47,87
2025-03-15 20:00:00,0,0.0,0.0,0.0,20,5,1,-0.8660254037844386,0.5000000000000001,-0.9749279121818236,-0.2225209339563146,0.0,0.0,0.0,0.0,0.0,0.0,0.0,0.0,0.0,14.688079150388875,0.0,False,0.04547905564822034,14.688079150388875,False,0.0,0.0,6.0,3.5999999999999996,False,False,0.5013036339249516,0.5835979755828468,False,-0.5105177528504949,0.2345663907780763,False,0,False,0.2168970329070501,False,Normal,47,87
2025-03-15 21:00:00,0,0.0,0.0,0.0,21,5,1,-0.7071067811865477,0.7071067811865474,-0.9749279121818236,-0.2225209339563146,0.0,0.0,0.0,0.0,0.0,0.0,0.0,0.0,0.0,14.688079150388875,0.0,False,0.036383244518576274,14.688079150388875,False,0.0,0.0,6.0,3.5999999999999996,False,False,0.5035357508848655,0.5835979755828468,False,-0.5103271198507561,0.2345663907780763,False,0,False,0.2199876637788236,False,Normal,47,87
2025-03-15 22:00:00,0,0.0,0.0,0.0,22,5,1,-0.5000000000000004,0.8660254037844384,-0.9749279121818236,-0.2225209339563146,0.0,0.0,0.0,0.0,0.0,0.0,0.0,0.0,0.0,14.688079150388875,0.0,False,0.029106595614861022,14.688079150388875,False,0.0,0.0,6.0,3.5999999999999996,False,False,0.5099979325461249,0.5835979755828468,False,-0.5006825738830528,0.2345663907780763,False,0,False,0.23723544937511878,False,Normal,47,87
2025-03-15 23:00:00,0,0.0,0.0,0.0,23,5,1,-0.25881904510252157,0.9659258262890681,-0.9749279121818236,-0.2225209339563146,0.0,0.0,0.0,0.0,0.0,0.0,0.0,0.0,0.0,14.688079150388875,0.0,False,0.02328527649188882,14.688079150388875,False,0.0,0.0,6.0,3.5999999999999996,False,False,0.5226238398272415,0.5835979755828468,False,-0.49522000357731955,0.2345663907780763,False,0,False,0.2497462246686344,False,Normal,47,87
2025-03-16 00:00:00,0,0.0,0.0,0.0,0,6,1,0.0,1.0,-0.7818314824680299,0.6234898018587334,0.0,0.0,0.0,0.0,0.0,0.0,0.0,0.0,0.0,14.688079150388875,0.0,False,0.018628221193511055,14.688079150388875,False,0.0,0.0,6.0,3.5999999999999996,False,False,0.47786268792144787,0.5762211196406202,False,-0.5067208179464355,0.23479628320853388,False,0,False,0.18321926437910224,False,Normal,47,87
2025-03-16 01:00:00,0,0.0,0.0,0.0,1,6,1,0.25881904510252074,0.9659258262890683,-0.7818314824680299,0.6234898018587334,0.0,0.0,0.0,0.0,0.0,0.0,0.0,0.0,0.0,14.688079150388875,0.0,False,0.014902576954808844,14.688079150388875,False,0.0,0.0,6.0,3.5999999999999996,False,False,0.47450963667928703,0.5762211196406202,False,-0.4947965804185468,0.23479628320853388,False,0,False,0.18615406318867506,False,Normal,47,87
2025-03-16 02:00:00,0,0.0,0.0,0.0,2,6,1,0.49999999999999994,0.8660254037844387,-0.7818314824680299,0.6234898018587334,0.0,0.0,0.0,0.0,0.0,0.0,0.0,0.0,0.0,14.688079150388875,0.0,False,0.011922061563847076,14.688079150388875,False,0.0,0.0,6.0,3.5999999999999996,False,False,0.46920392243734443,0.5762211196406202,False,-0.48236285476103236,0.23479628320853388,False,0,False,0.18102062882809358,False,Normal,47,87
2025-03-16 03:00:00,0,0.0,0.0,0.0,3,6,1,0.7071067811865476,0.7071067811865476,-0.7818314824680299,0.6234898018587334,0.0,0.0,0.0,0.0,0.0,0.0,0.0,0.0,0.0,14.688079150388875,0.0,False,0.009537649251077661,14.688079150388875,False,0.0,0.0,6.0,3.5999999999999996,False,False,0.46564258259553715,0.5762211196406202,False,-0.466076641433514,0.23479628320853388,False,0,False,0.18944665287520895,False,Normal,47,87
2025-03-16 04:00:00,0,0.0,0.0,0.0,4,6,1,0.8660254037844386,0.5000000000000001,-0.7818314824680299,0.6234898018587334,0.0,0.0,0.0,0.0,0.0,0.0,0.0,0.0,0.0,14.688079150388875,0.0,False,0.007630119400862129,14.688079150388875,False,0.0,0.0,6.0,3.5999999999999996,False,False,0.467534907349425,0.5762211196406202,False,-0.470735537043659,0.23479628320853388,False,0,False,0.18586912005297618,False,Normal,47,87
2025-03-16 05:00:00,0,0.0,0.0,0.0,5,6,1,0.9659258262890683,0.25881904510252074,-0.7818314824680299,0.6234898018587334,0.0,0.0,0.0,0.0,0.0,0.0,0.0,0.0,0.0,14.688079150388875,0.0,False,0.0061040955206897035,14.688079150388875,False,0.0,0.0,6.0,3.5999999999999996,False,False,0.46931112321840734,0.5762211196406202,False,-0.4734960220862501,0.23479628320853388,False,0,False,0.18831140091129478,False,Normal,47,87
2025-03-16 06:00:00,0,0.0,0.0,0.0,6,6,1,1.0,6.123233995736766e-17,-0.7818314824680299,0.6234898018587334,0.0,0.0,0.0,0.0,0.0,0.0,0.0,0.0,0.0,14.688079150388875,0.0,False,0.004883276416551763,14.688079150388875,False,0.0,0.0,6.0,3.5999999999999996,False,False,0.4749585135598238,0.5762211196406202,False,-0.46633580427645427,0.23479628320853388,False,0,False,0.21383732297622687,False,Normal,47,87
2025-03-16 07:00:00,0,0.0,0.0,0.0,7,6,1,0.9659258262890683,-0.25881904510252063,-0.7818314824680299,0.6234898018587334,0.0,0.0,0.0,0.0,0.0,0.0,0.0,0.0,0.0,14.688079150388875,0.0,False,0.003906621133241411,14.688079150388875,False,0.0,0.0,6.0,3.5999999999999996,False,False,0.47493921008338336,0.5762211196406202,False,-0.4681435822337481,0.23479628320853388,False,0,False,0.20966068235101892,False,Normal,47,87
2025-03-16 08:00:00,0,0.0,0.0,0.0,8,6,1,0.8660254037844387,-0.4999999999999998,-0.7818314824680299,0.6234898018587334,0.0,0.0,0.0,0.0,0.0,0.0,0.0,0.0,0.0,14.688079150388875,0.0,False,0.0031252969065931288,14.688079150388875,False,0.0,0.0,6.0,3.5999999999999996,False,False,0.4745053610687299,0.5762211196406202,False,-0.46468277254554025,0.23479628320853388,False,0,False,0.21484933239766907,False,Normal,47,87
2025-03-16 09:00:00,0,0.0,0.0,0.0,9,6,1,0.7071067811865476,-0.7071067811865475,-0.7818314824680299,0.6234898018587334,0.0,0.0,0.0,0.0,0.0,0.0,0.0,0.0,0.0,14.688079150388875,0.0,False,0.0025002375252745034,14.688079150388875,False,0.0,0.0,6.0,3.5999999999999996,False,False,0.4706365417165963,0.5762211196406202,False,-0.46221327024208847,0.23479628320853388,False,0,False,0.20660324868967084,False,Normal,47,87
2025-03-16 10:00:00,0,0.0,0.0,0.0,10,6,1,0.49999999999999994,-0.8660254037844387,-0.7818314824680299,0.6234898018587334,0.0,0.0,0.0,0.0,0.0,0.0,0.0,0.0,0.0,14.688079150388875,0.0,False,0.0020001900202196027,14.688079150388875,False,0.0,0.0,6.0,3.5999999999999996,False,False,0.4742213535467331,0.5762211196406202,False,-0.46687492194518,0.23479628320853388,False,0,False,0.2096412131839464,False,Normal,47,87
2025-03-16 11:00:00,0,0.0,0.0,0.0,11,6,1,0.258819045102521,-0.9659258262890682,-0.7818314824680299,0.6234898018587334,0.0,0.0,0.0,0.0,0.0,0.0,0.0,0.0,0.0,14.688079150388875,0.0,False,0.0016001520161756822,14.688079150388875,False,0.0,0.0,6.0,3.5999999999999996,False,False,0.48186696853459676,0.5762211196406202,False,-0.47599072536705545,0.23479628320853388,False,0,False,0.22274574208273767,False,Normal,47,87
2025-03-16 12:00:00,0,0.0,0.0,0.0,12,6,1,1.2246467991473532e-16,-1.0,-0.7818314824680299,0.6234898018587334,0.0,0.0,0.0,0.0,0.0,0.0,0.0,0.0,0.0,14.688079150388875,0.0,False,0.001280121612940546,14.688079150388875,False,0.0,0.0,6.0,3.5999999999999996,False,False,0.48665649993277993,0.5762211196406202,False,-0.4735391834076417,0.23479628320853388,False,0,False,0.23219940265495417,False,Normal,47,87
2025-03-16 13:00:00,0,0.0,0.0,0.0,13,6,1,-0.2588190451025208,-0.9659258262890683,-0.7818314824680299,0.6234898018587334,0.0,0.0,0.0,0.0,0.0,0.0,0.0,0.0,0.0,14.688079150388875,0.0,False,0.0010240972903524368,14.688079150388875,False,0.0,0.0,6.0,3.5999999999999996,False,False,0.4784293892854376,0.5762211196406202,False,-0.45692284080450807,0.23479628320853388,False,0,False,0.23285221875317683,False,Normal,47,87
2025-03-16 14:00:00,0,0.0,0.0,0.0,14,6,1,-0.4999999999999997,-0.8660254037844388,-0.7818314824680299,0.6234898018587334,0.0,0.0,0.0,0.0,0.0,0.0,0.0,0.0,0.0,14.688079150388875,0.0,False,0.0008192778322819495,14.688079150388875,False,0.0,0.0,6.0,3.5999999999999996,False,False,0.47453360687505014,0.5762211196406202,False,-0.4667522165081954,0.23479628320853388,False,0,False,0.21143158773662385,False,Normal,47,87
2025-03-16 15:00:00,0,0.0,0.0,0.0,15,6,1,-0.7071067811865471,-0.7071067811865479,-0.7818314824680299,0.6234898018587334,0.0,0.0,0.0,0.0,0.0,0.0,0.0,0.0,0.0,14.688079150388875,0.0,False,0.0006554222658255596,14.688079150388875,False,0.0,0.0,6.0,3.5999999999999996,False,False,0.4731126570647459,0.5762211196406202,False,-0.4812956662471053,0.23479628320853388,False,0,False,0.19399077580727664,False,Normal,47,87
2025-03-16 16:00:00,0,0.0,0.0,0.0,16,6,1,-0.8660254037844385,-0.5000000000000004,-0.7818314824680299,0.6234898018587334,0.0,0.0,0.0,0.0,0.0,0.0,0.0,0.0,0.0,14.688079150388875,0.0,False,0.0005243378126604477,14.688079150388875,False,0.0,0.0,6.0,3.5999999999999996,False,False,0.469511983676822,0.5762211196406202,False,-0.49304212192192765,0.23479628320853388,False,0,False,0.17310928731248795,False,Normal,47,87
2025-03-16 17:00:00,0,0.0,0.0,0.0,17,6,1,-0.9659258262890683,-0.25881904510252063,-0.7818314824680299,0.6234898018587334,0.0,0.0,0.0,0.0,0.0,0.0,0.0,0.0,0.0,14.688079150388875,0.0,False,0.00041947025012835815,14.688079150388875,False,0.0,0.0,6.0,3.5999999999999996,False,False,0.46794411259760477,0.5762211196406202,False,-0.5041591320192345,0.23479628320853388,False,0,False,0.15770559464399786,False,Normal,47,87
2025-03-16 18:00:00,0,0.0,0.0,0.0,18,6,1,-1.0,-1.8369701987210297e-16,-0.7818314824680299,0.6234898018587334,0.0,0.0,0.0,0.0,0.0,0.0,0.0,0.0,0.0,14.688079150388875,0.0,False,0.00033557620010268656,14.688079150388875,False,0.0,0.0,6.0,3.5999999999999996,False,False,0.46898960455537986,0.5762211196406202,False,-0.5185186012809757,0.23479628320853388,False,0,False,0.14370661054665895,False,Normal,47,87
2025-03-16 19:00:00,0,0.0,0.0,0.0,19,6,1,-0.9659258262890684,0.2588190451025203,-0.7818314824680299,0.6234898018587334,0.0,0.0,0.0,0.0,0.0,0.0,0.0,0.0,0.0,14.688079150388875,0.0,False,0.00026846096008214924,14.688079150388875,False,0.0,0.0,6.0,3.5999999999999996,False,False,0.4626888633641584,0.5762211196406202,False,-0.5322150286892622,0.23479628320853388,False,0,False,0.1177930037931324,False,Normal,47,87
2025-03-16 20:00:00,0,0.0,0.0,0.0,20,6,1,-0.8660254037844386,0.5000000000000001,-0.7818314824680299,0.6234898018587334,0.0,0.0,0.0,0.0,0.0,0.0,0.0,0.0,0.0,14.688079150388875,0.0,False,0.0002147687680657194,14.688079150388875,False,0.0,0.0,6.0,3.5999999999999996,False,False,0.4630557922428167,0.5762211196406202,False,-0.5307332537156874,0.23479628320853388,False,0,False,0.12039077007570442,False,Normal,47,87
2025-03-16 21:00:00,0,0.0,0.0,0.0,21,6,1,-0.7071067811865477,0.7071067811865474,-0.7818314824680299,0.6234898018587334,0.0,0.0,0.0,0.0,0.0,0.0,0.0,0.0,0.0,14.688079150388875,0.0,False,0.00017181501445257552,14.688079150388875,False,0.0,0.0,6.0,3.5999999999999996,False,False,0.46628380076974335,0.5762211196406202,False,-0.5301605692973299,0.23479628320853388,False,0,False,0.1274362115661815,False,Normal,47,87
2025-03-16 22:00:00,0,0.0,0.0,0.0,22,6,1,-0.5000000000000004,0.8660254037844384,-0.7818314824680299,0.6234898018587334,0.0,0.0,0.0,0.0,0.0,0.0,0.0,0.0,0.0,14.688079150388875,0.0,False,0.00013745201156206043,14.688079150388875,False,0.0,0.0,6.0,3.5999999999999996,False,False,0.4700740689277421,0.5762211196406202,False,-0.5328181984939356,0.23479628320853388,False,0,False,0.13354541120051078,False,Normal,47,87
2025-03-16 23:00:00,0,0.0,0.0,0.0,23,6,1,-0.25881904510252157,0.9659258262890681,-0.7818314824680299,0.6234898018587334,0.0,0.0,0.0,0.0,0.0,0.0,0.0,0.0,0.0,14.688079150388875,0.0,False,0.00010996160924964834,14.688079150388875,False,0.0,0.0,6.0,3.5999999999999996,False,False,0.4726984456221156,0.5762211196406202,False,-0.5218364578568264,0.23479628320853388,False,0,False,0.1499543064884985,False,Normal,47,87
2025-03-17 00:00:00,0,0.0,0.0,0.0,0,0,0,0.0,1.0,0.0,1.0,0.0,0.0,0.0,0.0,0.0,0.0,0.0,0.0,0.0,14.688079150388875,0.0,False,8.796928739971869e-05,14.688079150388875,False,0.0,0.0,6.0,3.5999999999999996,False,False,0.5005343920954654,0.5834546799668175,False,-0.28949507001157926,0.23479628320853366,False,0,False,0.3245327335803119,False,Normal,47,87
2025-03-17 01:00:00,0,0.0,0.0,0.0,1,0,0,0.25881904510252074,0.9659258262890683,0.0,1.0,0.0,0.0,0.0,0.0,0.0,0.0,0.0,0.0,0.0,14.688079150388875,0.0,False,7.037542991977495e-05,14.688079150388875,False,0.0,0.0,6.0,3.5999999999999996,False,False,0.4915759746683973,0.5834546799668175,False,-0.32680089713091,0.23479628320853366,False,0,False,0.30711682356836933,False,Normal,47,87
2025-03-17 02:00:00,0,0.0,0.0,0.0,2,0,0,0.49999999999999994,0.8660254037844387,0.0,1.0,0.0,0.0,0.0,0.0,0.0,0.0,0.0,0.0,0.0,14.688079150388875,0.0,False,5.630034393581997e-05,14.688079150388875,False,0.0,0.0,6.0,3.5999999999999996,False,False,0.48573215060026775,0.5834546799668175,False,-0.36536137884731135,0.23479628320853366,False,0,False,0.2885305375063809,False,Normal,47,87
2025-03-17 03:00:00,0,0.0,0.0,0.0,3,0,0,0.7071067811865476,0.7071067811865476,0.0,1.0,0.0,0.0,0.0,0.0,0.0,0.0,0.0,0.0,0.0,14.688079150388875,0.0,False,4.504027514865598e-05,14.688079150388875,False,0.0,0.0,6.0,3.5999999999999996,False,False,0.4837593106490592,0.5834546799668175,False,-0.37474968489530336,0.23479628320853366,False,0,False,0.2827485873084755,False,Normal,47,87
2025-03-17 04:00:00,0,0.0,0.0,0.0,4,0,0,0.8660254037844386,0.5000000000000001,0.0,1.0,0.0,0.0,0.0,0.0,0.0,0.0,0.0,0.0,0.0,14.688079150388875,0.0,False,3.6032220118924786e-05,14.688079150388875,False,0.0,0.0,6.0,3.5999999999999996,False,False,0.4802041429388248,0.5834546799668175,False,-0.3870434687288826,0.23479628320853366,False,0,False,0.2696164728430351,False,Normal,47,87
2025-03-17 05:00:00,0,0.0,0.0,0.0,5,0,0,0.9659258262890683,0.25881904510252074,0.0,1.0,0.0,0.0,0.0,0.0,0.0,0.0,0.0,0.0,0.0,14.688079150388875,0.0,False,2.882577609513983e-05,14.688079150388875,False,0.0,0.0,6.0,3.5999999999999996,False,False,0.4844121098587701,0.5834546799668175,False,-0.4052006098200156,0.23479628320853366,False,0,False,0.27116134306843553,False,Normal,47,87
2025-03-17 06:00:00,14,11044.0,10659.0,21703.0,6,0,0,1.0,6.123233995736766e-17,0.0,1.0,0.017738665683744933,0.0,14.0,0.0,0.0,-1.0,0.0,17.0,-3.0,14.688079150388875,-0.20424726536965682,False,-0.599976939379124,14.688079150388875,False,0.0,0.0,6.0,3.5999999999999996,False,False,0.5354620874768014,0.5834546799668175,False,-0.403114005137587,0.23479628320853366,False,0,False,0.33025752201491787,False,Normal,47,87
2025-03-17 07:00:00,27,14686.0,21917.0,36603.0,7,0,0,0.9659258262890683,-0.25881904510252063,0.0,1.0,-0.19754671620587913,14.0,13.0,0.5833333333333334,2.857738033247041,-9.0,4430.106323968609,29.0,-2.0,14.688692118947507,-0.13615916133337178,False,-0.8799815515032993,14.688692118947507,False,0.0,0.0,6.0,3.5999999999999996,False,False,0.5858185477492088,0.5834546799668175,True,-0.2574957966333229,0.23479628320853366,False,1,False,0.3932066029043019,False,Normal,47,87
2025-03-17 08:00:00,79,33604.0,39747.0,73351.0,8,0,0,0.8660254037844387,-0.4999999999999998,0.0,1.0,-0.08374686443450757,27.0,52.0,1.7083333333333333,6.096892770032564,18.0,8518.905445698621,59.5,19.5,14.687751339344576,1.3276368553275197,False,3.196014758797361,14.687751339344576,False,0.8276368553275197,0.0,6.0,3.5999999999999996,False,False,0.5823823160426965,0.5834546799668175,False,-0.38053054250114626,0.23479628320853366,False,0,False,0.4297265510322273,False,Normal,47,87
2025-03-17 09:00:00,89,42433.0,64505.0,106938.0,9,0,0,0.7071067811865476,-0.7071067811865475,0.0,1.0,-0.2063980400041145,79.0,10.0,5.0,16.896101943038968,-21.0,16770.752383835603,85.0,4.0,14.707773733373685,0.2719650215262372,False,3.3568118070378885,14.707773733373685,False,0.599601876853757,0.0,6.0,3.5999999999999996,False,False,0.5813135779660727,0.5834546799668175,False,-0.25977412600949124,0.23479628320853366,False,0,False,0.42075844321210254,False,Normal,47,87
2025-03-17 10:00:00,127,73551.0,71093.0,144644.0,10,0,0,0.49999999999999994,-0.8660254037844387,0.0,1.0,0.016993328493898854,89.0,38.0,8.708333333333334,24.017166264201922,-2.0,26584.502360159364,114.0,13.0,14.651178856178419,0.887300614347349,False,5.285449445630311,14.651178856178419,False,0.986902491201106,0.0,6.0,3.5999999999999996,False,False,0.5626501498590717,0.5834546799668175,False,-0.34890819967419495,0.23479628320853366,False,0,False,0.43546858882609735,False,Normal,47,87
2025-03-17 11:00:00,122,68126.0,53527.0,121653.0,11,0,0,0.258819045102521,-0.9659258262890682,0.0,1.0,0.1200042744176106,127.0,-5.0,14.0,33.951371874696214,25.0,38124.00788100894,100.5,21.5,14.637389098256078,1.468841188526002,False,8.528359556504249,14.637389098256078,False,1.955743679727108,0.0,6.0,3.5999999999999996,False,False,0.578440563530842,0.5834546799668175,False,-0.2410095129778922,0.23479628320853366,False,0,False,0.514307130598366,False,Normal,47,87
2025-03-17 12:00:00,71,35696.0,46197.0,81893.0,12,0,0,1.2246467991473532e-16,-1.0,0.0,1.0,-0.128226732117127,122.0,-51.0,19.083333333333332,40.30310880949688,-9.0,43602.32685022238,67.0,4.0,14.655665078278766,0.2729320012865482,False,7.622687645203399,14.655665078278766,False,1.728675681013656,0.0,6.0,3.5999999999999996,False,False,0.5341095667220745,0.5834546799668175,False,-0.3525417039866896,0.23479628320853366,False,0,False,0.4226492685234222,False,Normal,47,87
2025-03-17 13:00:00,73,29713.0,33833.0,63546.0,13,0,0,-0.2588190451025208,-0.9659258262890683,0.0,1.0,-0.0648339024658914,71.0,2.0,22.041666666666668,41.43143016837702,0.0,45064.29269370258,60.0,13.0,14.652147761432344,0.8872419396573956,False,8.69815011616272,14.652147761432344,False,2.115917620671052,0.0,6.0,3.5999999999999996,False,False,0.49138926553540746,0.5834546799668175,False,-0.44335406898325047,0.23479628320853366,False,0,False,0.3829938933498133,False,Normal,47,87
2025-03-17 14:00:00,92,38417.0,43967.0,82384.0,14,0,0,-0.4999999999999997,-0.8660254037844388,0.0,1.0,-0.06736663227529283,73.0,19.0,25.083333333333332,42.41094676845945,-4.0,45430.6452665106,83.0,9.0,14.652874928320175,0.6142139371302047,False,8.758520092930176,14.652874928320175,False,2.230131557801257,0.0,6.0,3.5999999999999996,False,False,0.49997060748176925,0.5834546799668175,False,-0.45063552214685254,0.23479628320853366,False,0,False,0.3800074785718356,False,Normal,47,87
2025-03-17 15:00:00,177,77327.0,89051.0,166378.0,15,0,0,-0.7071067811865471,-0.7071067811865479,0.0,1.0,-0.07046562366644829,92.0,85.0,28.916666666666668,44.16659830456837,8.0,46396.34952279831,138.5,38.5,14.624847829200302,2.6325060232852495,False,14.706816074344141,14.624847829200302,True,4.362637581086506,0.0,6.0,3.5999999999999996,False,True,0.5488437207136403,0.5834546799668175,False,-0.4647484173210368,0.23479628320853366,False,1,False,0.5308213618248642,True,Building Stress,47,88
2025-03-17 16:00:00,239,114240.0,121740.0,235980.0,16,0,0,-0.8660254037844385,-0.5000000000000004,0.0,1.0,-0.03178221975498027,177.0,62.0,36.291666666666664,53.0188474828131,-14.0,53519.42135741913,198.5,40.5,14.641368880588516,2.766134801350083,False,19.86545285947531,14.641368880588516,True,0.0,0.0,6.0,3.5999999999999996,True,False,0.5752126201693745,0.5834546799668175,False,-0.4176386926951292,0.23479628320853366,False,2,False,0.7757250926292724,False,Watch,47,88
2025-03-17 17:00:00,282,124300.0,168726.0,293026.0,17,0,0,-0.9659258262890683,-0.25881904510252063,0.0,1.0,-0.151610602435953,239.0,43.0,46.25,66.60934129554268,11.0,66452.06766860586,234.5,47.5,14.718482175008853,3.227234944147454,True,25.392362287580248,14.718482175008853,True,2.727234944147454,0.0,6.0,3.5999999999999996,False,False,0.6034964450075906,0.5834546799668175,True,-0.29283267370098254,0.23479628320853366,False,3,True,0.6372561460783234,False,Confirmed Anomaly,48,88
2025-03-17 18:00:00,42,18041.0,23749.0,41790.0,18,0,0,-1.0,-1.8369701987210297e-16,0.0,1.0,-0.13658443205474863,282.0,-240.0,58.0,81.33986668936382,-5.0,82392.11116221202,34.5,7.5,14.727535823249593,0.5092501617385402,False,21.8138898300642,14.727535823249593,True,2.7364851058859943,0.0,6.0,3.5999999999999996,False,False,0.6053904325519146,0.5834546799668175,True,0.3634737033582285,0.23479628320853366,True,3,True,0.6043813724324831,False,Confirmed Anomaly,49,88
2025-03-17 19:00:00,0,0.0,0.0,0.0,19,0,0,-0.9659258262890684,0.2588190451025203,0.0,1.0,0.0,42.0,-42.0,59.75,80.48507828216952,0.0,81516.83263773221,0.0,0.0,14.72952170445962,0.0,False,17.45111186405136,14.72952170445962,True,2.2364851058859943,0.0,6.0,3.5999999999999996,False,False,0.48150859272643903,0.5834546799668175,False,-0.2713156419195839,0.23479628320853366,False,1,False,0.450749063670412,False,Normal,49,88
2025-03-17 20:00:00,0,0.0,0.0,0.0,20,0,0,-0.8660254037844386,0.5000000000000001,0.0,1.0,0.0,0.0,0.0,59.75,80.48507828216952,0.0,81516.83263773221,0.0,0.0,14.72952170445962,0.0,False,13.960889491241089,14.72952170445962,False,1.7364851058859943,0.0,6.0,3.5999999999999996,False,False,0.4449736466577024,0.5834546799668175,False,-0.3895693092009911,0.23479628320853366,False,0,False,0.34289818931904065,False,Normal,49,88
2025-03-17 21:00:00,0,0.0,0.0,0.0,21,0,0,-0.7071067811865477,0.7071067811865474,0.0,1.0,0.0,0.0,0.0,59.75,80.48507828216952,0.0,81516.83263773221,0.0,0.0,14.72952170445962,0.0,False,11.16871159299287,14.72952170445962,False,1.2364851058859943,0.0,6.0,3.5999999999999996,False,False,0.4482010798382736,0.5834546799668175,False,-0.42364931679753304,0.23479628320853366,False,0,False,0.30362566756010145,False,Normal,49,88
2025-03-17 22:00:00,0,0.0,0.0,0.0,22,0,0,-0.5000000000000004,0.8660254037844384,0.0,1.0,0.0,0.0,0.0,59.75,80.48507828216952,0.0,81516.83263773221,0.0,0.0,14.72952170445962,0.0,False,8.934969274394296,14.72952170445962,False,0.7364851058859943,0.0,6.0,3.5999999999999996,False,False,0.4473589388075241,0.5834546799668175,False,-0.4408691914968461,0.23479628320853366,False,0,False,0.27090615202560925,False,Normal,49,88
2025-03-17 23:00:00,0,0.0,0.0,0.0,23,0,0,-0.25881904510252157,0.9659258262890681,0.0,1.0,0.0,0.0,0.0,59.75,80.48507828216952,0.0,81516.83263773221,0.0,0.0,14.72952170445962,0.0,False,7.147975419515437,14.72952170445962,False,0.23648510588599425,0.0,6.0,3.5999999999999996,False,False,0.4519213608964499,0.5834546799668175,False,-0.4445391863876893,0.23479628320853366,False,0,False,0.2566640601972664,False,Normal,49,88
2025-03-18 00:00:00,0,0.0,0.0,0.0,0,1,0,0.0,1.0,0.7818314824680298,0.6234898018587336,0.0,0.0,0.0,59.75,80.48507828216952,0.0,81516.83263773221,0.0,0.0,14.72952170445962,0.0,False,5.71838033561235,14.72952170445962,False,0.0,0.0,6.0,3.5999999999999996,False,False,0.43956777721304907,0.5827478042594567,False,-0.47320606338267734,0.22511323037133496,False,0,False,0.20622076126642735,False,Normal,49,88
2025-03-18 01:00:00,0,0.0,0.0,0.0,1,1,0,0.25881904510252074,0.9659258262890683,0.7818314824680298,0.6234898018587336,0.0,0.0,0.0,59.75,80.48507828216952,0.0,81516.83263773221,0.0,0.0,14.72952170445962,0.0,False,4.574704268489881,14.72952170445962,False,0.0,0.0,6.0,3.5999999999999996,False,False,0.43639274949868456,0.5827478042594567,False,-0.44822912177674645,0.22511323037133496,False,0,False,0.21433054159741155,False,Normal,49,88
2025-03-18 02:00:00,0,0.0,0.0,0.0,2,1,0,0.49999999999999994,0.8660254037844387,0.7818314824680298,0.6234898018587336,0.0,0.0,0.0,59.75,80.48507828216952,0.0,81516.83263773221,0.0,0.0,14.72952170445962,0.0,False,3.6597634147919047,14.72952170445962,False,0.0,0.0,6.0,3.5999999999999996,False,False,0.4338797643146045,0.5827478042594567,False,-0.43723204586911746,0.22511323037133496,False,0,False,0.20985862803448357,False,Normal,49,88
2025-03-18 03:00:00,0,0.0,0.0,0.0,3,1,0,0.7071067811865476,0.7071067811865476,0.7818314824680298,0.6234898018587336,0.0,0.0,0.0,59.75,80.48507828216952,0.0,81516.83263773221,0.0,0.0,14.72952170445962,0.0,False,2.927810731833524,14.72952170445962,False,0.0,0.0,6.0,3.5999999999999996,False,False,0.43248818939744604,0.5827478042594567,False,-0.427623570699317,0.22511323037133496,False,0,False,0.20586911216541456,False,Normal,49,88
2025-03-18 04:00:00,0,0.0,0.0,0.0,4,1,0,0.8660254037844386,0.5000000000000001,0.7818314824680298,0.6234898018587336,0.0,0.0,0.0,59.75,80.48507828216952,0.0,81516.83263773221,0.0,0.0,14.72952170445962,0.0,False,2.342248585466819,14.72952170445962,False,0.0,0.0,6.0,3.5999999999999996,False,False,0.43646217228137135,0.5827478042594567,False,-0.4318916946718294,0.22511323037133496,False,0,False,0.20098274291585227,False,Normal,49,88
2025-03-18 05:00:00,0,0.0,0.0,0.0,5,1,0,0.9659258262890683,0.25881904510252074,0.7818314824680298,0.6234898018587336,0.0,0.0,0.0,59.75,80.48507828216952,0.0,81516.83263773221,0.0,0.0,14.72952170445962,0.0,False,1.8737988683734554,14.72952170445962,False,0.0,0.0,6.0,3.5999999999999996,False,False,0.4378350562130921,0.5827478042594567,False,-0.41496985397795005,0.22511323037133496,False,0,False,0.20520098834017245,False,Normal,49,88
2025-03-18 06:00:00,19,8849.0,8792.0,17641.0,6,1,0,1.0,6.123233995736766e-17,0.7818314824680298,0.6234898018587336,0.0032309261988436684,0.0,19.0,59.75,80.48507828216952,10.0,81516.83263773221,17.0,2.0,14.72952170445962,0.13578173413427708,False,1.8990390946987645,14.72952170445962,False,0.0,0.0,6.0,3.5999999999999996,False,False,0.48259194127455896,0.5827478042594567,False,-0.3526295936554884,0.22511323037133496,False,0,False,0.3121376413246122,False,Normal,49,88
2025-03-18 07:00:00,20,14073.0,17863.0,31936.0,7,1,0,0.9659258262890683,-0.25881904510252063,0.7818314824680298,0.6234898018587336,-0.11867113379465824,19.0,1.0,59.958333333333336,80.36789277071907,-7.0,81606.6697723386,28.5,-8.5,14.727036565677976,-0.5771697491272368,False,-0.18076872424098855,14.727036565677976,False,0.0,0.07716974912723684,6.0,3.5999999999999996,False,False,0.48065596093426605,0.5827478042594567,False,-0.3809771464577747,0.22511323037133496,False,0,False,0.2950736297872859,False,Normal,49,88
2025-03-18 08:00:00,41,24514.0,24199.0,48713.0,8,1,0,0.8660254037844387,-0.4999999999999998,0.7818314824680298,0.6234898018587336,0.006466313585416923,20.0,21.0,59.666666666666664,80.50528833111129,-20.0,81673.05504832996,59.5,-18.5,14.73393685340843,-1.255604675387241,False,-3.844614979392791,14.73393685340843,False,0.0,0.8327744245144779,6.0,3.5999999999999996,False,False,0.4894142408015344,0.5827478042594567,False,-0.24418680514957547,0.22511323037133496,False,0,False,0.3978244179283824,False,Normal,49,88
2025-03-18 09:00:00,87,32017.0,52811.0,84828.0,9,1,0,0.7071067811865476,-0.7071067811865475,0.7818314824680298,0.6234898018587336,-0.24512843485128907,41.0,46.0,58.083333333333336,80.48219714925168,8.0,81664.3505309687,87.0,0.0,14.759046140755414,0.0,False,-3.0756919835142327,14.759046140755414,False,0.0,0.3327744245144779,6.0,3.5999999999999996,False,False,0.5193852899410001,0.5827478042594567,False,-0.3540692033657977,0.22511323037133496,False,0,False,0.35815511987259335,False,Normal,49,88
2025-03-18 10:00:00,122,53257.0,67911.0,121168.0,10,1,0,0.49999999999999994,-0.8660254037844387,0.7818314824680298,0.6234898018587336,-0.12093852387987027,87.0,35.0,58.0,80.44982233071418,23.0,81233.69350303437,120.0,2.0,14.748727314533488,0.13560492084148762,False,-2.0605535868113862,14.748727314533488,False,0.0,0.0,6.0,3.5999999999999996,False,False,0.5168640086094246,0.5827478042594567,False,-0.4725532787108253,0.22511323037133496,False,0,False,0.29069211028548314,False,Normal,49,88
2025-03-18 11:00:00,109,49198.0,40780.0,89978.0,11,1,0,0.258819045102521,-0.9659258262890682,0.7818314824680298,0.6234898018587336,0.09355516287133664,122.0,-13.0,57.791666666666664,80.26964295242719,-2.0,80292.64232720243,103.5,5.5,14.748564535255982,0.3729176481448362,False,-0.548442869449109,14.748564535255982,False,0.0,0.0,6.0,3.5999999999999996,False,False,0.5106973567426952,0.5827478042594567,False,-0.38325491824243696,0.22511323037133496,False,0,False,0.33090645630140364,False,Normal,49,88
2025-03-18 12:00:00,60,26030.0,33341.0,59371.0,12,1,0,1.2246467991473532e-16,-1.0,0.7818314824680298,0.6234898018587336,-0.12313885333153675,109.0,-49.0,57.25,79.86034005088807,4.0,79456.07718313007,69.5,-9.5,14.73693392106577,-0.644638840812076,False,-2.3387542955592875,14.73693392106577,False,0.0,0.144638840812076,6.0,3.5999999999999996,False,False,0.4958733729612416,0.5827478042594567,False,-0.47783730880154307,0.22511323037133496,False,0,False,0.2885046011846666,False,Normal,49,88
2025-03-18 13:00:00,53,24841.0,28942.0,53783.0,13,1,0,-0.2588190451025208,-0.9659258262890683,0.7818314824680298,0.6234898018587336,-0.07624944221329763,60.0,-7.0,56.791666666666664,79.80954457830907,5.0,79277.60585051426,60.5,-7.5,14.74580841503978,-0.5086191132356284,False,-3.37100343644743,14.74580841503978,False,0.0,0.15325795404770437,6.0,3.5999999999999996,False,False,0.46614733477685577,0.5827478042594567,False,-0.5013584539788541,0.22511323037133496,False,0,False,0.20904004983261532,False,Normal,49,88
2025-03-18 14:00:00,84,30834.0,45543.0,76377.0,14,1,0,-0.4999999999999997,-0.8660254037844388,0.7818314824680298,0.6234898018587336,-0.19258163345465973,53.0,31.0,55.958333333333336,79.73732919195794,4.0,79260.62847213048,86.0,-2.0,14.749071087498406,-0.13560176014713485,False,-3.0968027491579444,14.749071087498406,False,0.0,0.0,6.0,3.5999999999999996,False,False,0.4984674065673409,0.5827478042594567,False,-0.4650263659182643,0.22511323037133496,False,0,False,0.2944653259744791,False,Normal,49,88
2025-03-18 15:00:00,151,65351.0,62367.0,127718.0,15,1,0,-0.7071067811865471,-0.7071067811865479,0.7818314824680298,0.6234898018587336,0.02336379082203901,84.0,67.0,55.625,79.59670765531209,22.0,79180.79681381497,148.5,2.5,14.74632606274405,0.1695337529743182,False,-1.9774421993263558,14.74632606274405,False,0.0,0.0,6.0,3.5999999999999996,False,False,0.5174363591628353,0.5827478042594567,False,-0.4524220226371356,0.22511323037133496,False,0,False,0.3101992375388901,False,Normal,49,88
2025-03-18 16:00:00,178,98089.0,102413.0,200502.0,16,1,0,-0.8660254037844385,-0.5000000000000004,0.7818314824680298,0.6234898018587336,-0.02156576210829763,151.0,27.0,54.541666666666664,78.03454038279219,-13.0,77185.39596377766,201.0,-23.0,14.74632606274405,-1.5597105273637275,False,-6.181953759461085,14.74632606274405,False,0.0,1.0597105273637275,6.0,3.5999999999999996,False,False,0.5254347177650086,0.5827478042594567,False,-0.4433745959853326,0.22511323037133496,False,0,False,0.4086467484451326,False,Normal,49,88
2025-03-18 17:00:00,229,108982.0,125448.0,234430.0,17,1,0,-0.9659258262890683,-0.25881904510252063,0.7818314824680298,0.6234898018587336,-0.07023815109776438,178.0,51.0,52.0,72.56721022610694,4.0,73802.80890759078,251.5,-22.5,14.74632606274405,-1.5258037767688637,False,-9.445563007568868,14.74632606274405,False,0.0,2.085514304132591,6.0,3.5999999999999996,False,False,0.5413019652797739,0.5827478042594567,False,-0.45354783120328457,0.22511323037133496,False,0,False,0.44382733474985797,False,Normal,49,88
2025-03-18 18:00:00,31,15112.0,20248.0,35360.0,18,1,0,-1.0,-1.8369701987210297e-16,0.7818314824680298,0.6234898018587336,-0.14524476117756852,229.0,-198.0,49.791666666666664,65.74984157141877,-2.0,66042.1662813132,37.0,-6.0,14.782552147160763,-0.4058839055847607,False,-8.756450406055095,14.782552147160763,False,0.0,1.9913982097173517,6.0,3.5999999999999996,False,False,0.5535525327115446,0.5827478042594567,False,0.2943835525144174,0.22511323037133496,True,1,False,0.5168014964216454,False,Normal,49,88
2025-03-18 19:00:00,0,0.0,0.0,0.0,19,1,0,-0.9659258262890684,0.2588190451025203,0.7818314824680298,0.6234898018587336,0.0,31.0,-31.0,49.333333333333336,65.84478895010643,0.0,66087.87182052623,0.0,0.0,14.785537959743007,0.0,False,-7.005160324844076,14.785537959743007,False,0.0,1.4913982097173517,6.0,3.5999999999999996,False,False,0.451138623967227,0.5827478042594567,False,-0.3961222439915646,0.22511323037133496,False,0,False,0.275491848691238,False,Normal,49,88
2025-03-18 20:00:00,0,0.0,0.0,0.0,20,1,0,-0.8660254037844386,0.5000000000000001,0.7818314824680298,0.6234898018587336,0.0,0.0,0.0,49.333333333333336,65.84478895010643,0.0,66087.87182052623,0.0,0.0,14.785537959743007,0.0,False,-5.604128259875261,14.785537959743007,False,0.0,0.9913982097173517,6.0,3.5999999999999996,False,False,0.4254903901088013,0.5827478042594567,False,-0.47127196392158077,0.22511323037133496,False,0,False,0.1961565875672226,False,Normal,49,88
2025-03-18 21:00:00,0,0.0,0.0,0.0,21,1,0,-0.7071067811865477,0.7071067811865474,0.7818314824680298,0.6234898018587336,0.0,0.0,0.0,49.333333333333336,65.84478895010643,0.0,66087.87182052623,0.0,0.0,14.785537959743007,0.0,False,-4.483302607900209,14.785537959743007,False,0.0,0.4913982097173517,6.0,3.5999999999999996,False,False,0.4231710769714028,0.5827478042594567,False,-0.49425391706907806,0.22511323037133496,False,0,False,0.16369493297512638,False,Normal,49,88
2025-03-18 22:00:00,0,0.0,0.0,0.0,22,1,0,-0.5000000000000004,0.8660254037844384,0.7818314824680298,0.6234898018587336,0.0,0.0,0.0,49.333333333333336,65.84478895010643,0.0,66087.87182052623,0.0,0.0,14.785537959743007,0.0,False,-3.586642086320168,14.785537959743007,False,0.0,0.0,6.0,3.5999999999999996,False,False,0.4233968579043773,0.5827478042594567,False,-0.5247675969810002,0.22511323037133496,False,0,False,0.1217799164175543,False,Normal,49,88
2025-03-18 23:00:00,0,0.0,0.0,0.0,23,1,0,-0.25881904510252157,0.9659258262890681,0.7818314824680298,0.6234898018587336,0.0,0.0,0.0,49.333333333333336,65.84478895010643,0.0,66087.87182052623,0.0,0.0,14.785537959743007,0.0,False,-2.8693136690561345,14.785537959743007,False,0.0,0.0,6.0,3.5999999999999996,False,False,0.4262571950069163,0.5827478042594567,False,-0.518947768281945,0.22511323037133496,False,0,False,0.12248479455726441,False,Normal,49,88
2025-03-19 00:00:00,0,0.0,0.0,0.0,0,2,0,0.0,1.0,0.9749279121818236,-0.22252093395631434,0.0,0.0,0.0,49.333333333333336,65.84478895010643,0.0,66087.87182052623,0.0,0.0,14.785537959743007,0.0,False,-2.2954509352449075,14.785537959743007,False,0.0,0.0,6.0,3.5999999999999996,False,False,0.41583998793939897,0.5853892468261419,False,-0.5346166174836245,0.25517652502246924,False,0,False,0.08681742366079281,False,Normal,49,88
2025-03-19 01:00:00,0,0.0,0.0,0.0,1,2,0,0.25881904510252074,0.9659258262890683,0.9749279121818236,-0.22252093395631434,0.0,0.0,0.0,49.333333333333336,65.84478895010643,0.0,66087.87182052623,0.0,0.0,14.785537959743007,0.0,False,-1.836360748195926,14.785537959743007,False,0.0,0.0,6.0,3.5999999999999996,False,False,0.4150516410229923,0.5853892468261419,False,-0.5258688216740891,0.25517652502246924,False,0,False,0.08805880784249193,False,Normal,49,88
2025-03-19 02:00:00,0,0.0,0.0,0.0,2,2,0,0.49999999999999994,0.8660254037844387,0.9749279121818236,-0.22252093395631434,0.0,0.0,0.0,49.333333333333336,65.84478895010643,0.0,66087.87182052623,0.0,0.0,14.785537959743007,0.0,False,-1.469088598556741,14.785537959743007,False,0.0,0.0,6.0,3.5999999999999996,False,False,0.41101536391075827,0.5853892468261419,False,-0.5160692001910314,0.25517652502246924,False,0,False,0.08842925601182126,False,Normal,49,88
2025-03-19 03:00:00,0,0.0,0.0,0.0,3,2,0,0.7071067811865476,0.7071067811865476,0.9749279121818236,-0.22252093395631434,0.0,0.0,0.0,49.333333333333336,65.84478895010643,0.0,66087.87182052623,0.0,0.0,14.785537959743007,0.0,False,-1.175270878845393,14.785537959743007,False,0.0,0.0,6.0,3.5999999999999996,False,False,0.4080022187642295,0.5853892468261419,False,-0.5073669493349166,0.25517652502246924,False,0,False,0.09233048346114239,False,Normal,49,88
2025-03-19 04:00:00,0,0.0,0.0,0.0,4,2,0,0.8660254037844386,0.5000000000000001,0.9749279121818236,-0.22252093395631434,0.0,0.0,0.0,49.333333333333336,65.84478895010643,0.0,66087.87182052623,0.0,0.0,14.785537959743007,0.0,False,-0.9402167030763144,14.785537959743007,False,0.0,0.0,6.0,3.5999999999999996,False,False,0.40799940621851477,0.5853892468261419,False,-0.4869339282294125,0.25517652502246924,False,0,False,0.11117712085131093,False,Normal,49,88
2025-03-19 05:00:00,0,0.0,0.0,0.0,5,2,0,0.9659258262890683,0.25881904510252074,0.9749279121818236,-0.22252093395631434,0.0,0.0,0.0,49.333333333333336,65.84478895010643,0.0,66087.87182052623,0.0,0.0,14.785537959743007,0.0,False,-0.7521733624610516,14.785537959743007,False,0.0,0.0,6.0,3.5999999999999996,False,False,0.4106166913909732,0.5853892468261419,False,-0.4657001138342969,0.25517652502246924,False,0,False,0.13162428095071166,False,Normal,49,88
2025-03-19 06:00:00,22,7819.0,9776.0,17595.0,6,2,0,1.0,6.123233995736766e-17,0.9749279121818236,-0.22252093395631434,-0.11121845874062287,0.0,22.0,49.333333333333336,65.84478895010643,5.0,66087.87182052623,18.0,4.0,14.785537959743007,0.27053462720740434,False,0.19826131003115877,14.785537959743007,False,0.0,0.0,6.0,3.5999999999999996,False,False,0.46461398105080115,0.5853892468261419,False,-0.36909209556295,0.25517652502246924,False,0,False,0.24588406043073108,False,Normal,49,88
2025-03-19 07:00:00,24,14766.0,14401.0,29167.0,7,2,0,0.9659258262890683,-0.25881904510252063,0.9749279121818236,-0.22252093395631434,0.012513713658804168,22.0,2.0,49.458333333333336,65.78752304507138,-5.0,66088.82880966322,28.0,-4.0,14.78339177090971,-0.2705739022536813,False,-0.641390951975073,14.78339177090971,False,0.0,0.0,6.0,3.5999999999999996,False,False,0.4456081996577319,0.5853892468261419,False,-0.3850956304612978,0.25517652502246924,False,0,False,0.2193191518845621,False,Normal,49,88
2025-03-19 08:00:00,67,22145.0,26572.0,48717.0,8,2,0,0.8660254037844387,-0.4999999999999998,0.9749279121818236,-0.22252093395631434,-0.09086990434746911,24.0,43.0,49.625,65.71467475580222,22.0,66122.75900955911,59.5,7.5,14.780937672809786,0.5074102987252692,False,0.9868872384199415,14.780937672809786,False,0.007410298725269215,0.0,6.0,3.5999999999999996,False,False,0.47601581598604015,0.5853892468261419,False,-0.4570172747332719,0.25517652502246924,False,0,False,0.2535907966119986,False,Normal,49,88
2025-03-19 09:00:00,84,29927.0,42090.0,72017.0,9,2,0,0.7071067811865476,-0.7071067811865475,0.9749279121818236,-0.22252093395631434,-0.1688883334721875,67.0,17.0,50.708333333333336,65.78058334286445,19.0,66122.75793207267,86.0,-2.0,14.78129223849629,-0.13530616726399702,False,0.38950979073595327,14.78129223849629,False,0.0,0.0,6.0,3.5999999999999996,False,False,0.4758729568523989,0.5853892468261419,False,-0.4687326544010426,0.25517652502246924,False,0,False,0.22122042697939193,False,Normal,49,88
2025-03-19 10:00:00,111,52662.0,55223.0,107885.0,10,2,0,0.49999999999999994,-0.8660254037844387,0.9749279121818236,-0.22252093395631434,-0.02373801976160021,84.0,27.0,50.583333333333336,65.71143548594253,-5.0,65873.24267929388,119.0,-8.0,14.782335470930605,-0.5411864732559996,False,-1.2883921674112375,14.782335470930605,False,0.0,0.041186473255999556,6.0,3.5999999999999996,False,False,0.46293697948745804,0.5853892468261419,False,-0.5141549159419319,0.25517652502246924,False,0,False,0.1665064402839735,False,Normal,49,88
2025-03-19 11:00:00,84,41764.0,45086.0,86850.0,11,2,0,0.258819045102521,-0.9659258262890682,0.9749279121818236,-0.22252093395631434,-0.038249415665910586,111.0,-27.0,50.125,65.2282364171143,-1.0,65290.16809197431,109.5,-25.5,14.781648230034365,-1.7251120851453732,False,-6.1307137339289905,14.781648230034365,False,0.0,1.2662985584013726,6.0,3.5999999999999996,False,False,0.4636068774342702,0.5853892468261419,False,-0.5034955455765714,0.25517652502246924,False,0,False,0.26934195935376304,False,Normal,49,88
2025-03-19 12:00:00,71,32035.0,31344.0,63379.0,12,2,0,1.2246467991473532e-16,-1.0,0.9749279121818236,-0.22252093395631434,0.010902492899968445,84.0,-13.0,49.083333333333336,64.44203102260853,10.0,65205.87332552894,69.5,1.5,14.806871383001008,0.10130431751585763,False,-4.604570987143193,14.806871383001008,False,0.0,0.664994240885515,6.0,3.5999999999999996,False,False,0.45507273828823414,0.5853892468261419,False,-0.4871656598122083,0.25517652502246924,False,0,False,0.20323003155339925,False,Normal,49,88
2025-03-19 13:00:00,68,24016.0,27772.0,51788.0,13,2,0,-0.2588190451025208,-0.9659258262890683,0.9749279121818236,-0.22252093395631434,-0.07252505358280716,71.0,-3.0,49.541666666666664,64.56205586852865,13.0,65241.632775976424,60.5,7.5,14.800753519431723,0.5067309573227704,False,-2.1836567897145542,14.800753519431723,False,0.006730957322770403,0.0,6.0,3.5999999999999996,False,False,0.4479168942150688,0.5853892468261419,False,-0.5210809677887855,0.25517652502246924,False,0,False,0.1472846704353197,False,Normal,49,88
2025-03-19 14:00:00,64,31630.0,41105.0,72735.0,14,2,0,-0.4999999999999997,-0.8660254037844388,0.9749279121818236,-0.22252093395631434,-0.1302656181258249,68.0,-4.0,50.166666666666664,64.66950539115194,-27.0,65235.31346726327,84.5,-20.5,14.800033918074071,-1.3851319607426729,False,-5.846925431771644,14.800033918074071,False,0.0,0.8851319607426729,6.0,3.5999999999999996,False,False,0.47306149300495265,0.5853892468261419,False,-0.48392273575362155,0.25517652502246924,False,0,False,0.2962542789635378,False,Normal,49,88
2025-03-19 15:00:00,120,59754.0,77476.0,137230.0,15,2,0,-0.7071067811865471,-0.7071067811865479,0.9749279121818236,-0.22252093395631434,-0.1291399173656098,64.0,56.0,49.333333333333336,64.3426065254801,-41.0,65170.61521180496,156.0,-36.0,14.826520975133443,-2.428081413055566,False,-11.877540345417316,14.826520975133443,False,0.0,2.8132133737982388,6.0,3.5999999999999996,False,False,0.506134181105398,0.5853892468261419,False,-0.35106472880716977,0.25517652502246924,False,0,False,0.5201554998243128,False,Normal,49,88
2025-03-19 16:00:00,192,85952.0,88259.0,174211.0,16,2,0,-0.8660254037844385,-0.5000000000000004,0.9749279121818236,-0.22252093395631434,-0.013242486166280164,120.0,72.0,48.041666666666664,62.497637636513325,16.0,65704.25496499776,201.0,-9.0,14.908729358158618,-0.6036731758816763,False,-11.302032276333854,14.908729358158618,False,0.0,2.9168865496799152,6.0,3.5999999999999996,False,False,0.5204080504092747,0.5853892468261419,False,-0.4741273587033288,0.25517652502246924,False,0,False,0.39968204610940394,False,Normal,49,88
2025-03-19 17:00:00,230,97178.0,134268.0,231446.0,17,2,0,-0.9659258262890683,-0.25881904510252063,0.9749279121818236,-0.22252093395631434,-0.1602526712379076,192.0,38.0,48.625,63.81482211633226,3.0,63227.70279860249,251.5,-21.5,14.907210578185973,-1.44225506758866,False,-13.341625821067083,14.907210578185973,False,0.0,3.859141617268575,6.0,3.5999999999999996,False,True,0.5404551482668032,0.5853892468261419,False,-0.43501738809263,0.25517652502246924,False,0,False,0.4887591379788928,True,Building Stress,49,89
2025-03-19 18:00:00,29,14860.0,20215.0,35075.0,18,2,0,-1.0,-1.8369701987210297e-16,0.9749279121818236,-0.22252093395631434,-0.1526684912760862,230.0,-201.0,48.666666666666664,63.93792279245935,-9.0,62845.17301768838,37.0,-8.0,14.930795764260507,-0.5358053332394654,False,-12.273300656853667,14.930795764260507,False,0.0,3.8949469505080403,6.0,3.5999999999999996,False,True,0.5589357805774663,0.5853892468261419,False,0.33534788144239047,0.25517652502246924,True,1,False,0.558952313979314,True,Building Stress,49,90
2025-03-19 19:00:00,0,0.0,0.0,0.0,19,2,0,-0.9659258262890684,0.2588190451025203,0.9749279121818236,-0.22252093395631434,0.0,29.0,-29.0,48.583333333333336,63.96324805268471,0.0,62847.49810417841,0.0,0.0,14.937267048897793,0.0,False,-9.818640525482934,14.937267048897793,False,0.0,3.3949469505080403,6.0,3.5999999999999996,False,False,0.4390896356215083,0.5853892468261419,False,-0.44481858447683353,0.25517652502246924,False,0,False,0.2695725474586218,False,Normal,49,90
2025-03-19 20:00:00,0,0.0,0.0,0.0,20,2,0,-0.8660254037844386,0.5000000000000001,0.9749279121818236,-0.22252093395631434,0.0,0.0,0.0,48.583333333333336,63.96324805268471,0.0,62847.49810417841,0.0,0.0,14.937267048897793,0.0,False,-7.854912420386348,14.937267048897793,False,0.0,2.8949469505080403,6.0,3.5999999999999996,False,False,0.40624097591537245,0.5853892468261419,False,-0.5140139032000514,0.25517652502246924,False,0,False,0.1509997982665229,False,Normal,49,90
2025-03-19 21:00:00,0,0.0,0.0,0.0,21,2,0,-0.7071067811865477,0.7071067811865474,0.9749279121818236,-0.22252093395631434,0.0,0.0,0.0,48.583333333333336,63.96324805268471,0.0,62847.49810417841,0.0,0.0,14.937267048897793,0.0,False,-6.283929936309079,14.937267048897793,False,0.0,2.3949469505080403,6.0,3.5999999999999996,False,False,0.4047368619963678,0.5853892468261419,False,-0.5146942998903208,0.25517652502246924,False,0,False,0.13407699217127078,False,Normal,49,90
2025-03-19 22:00:00,0,0.0,0.0,0.0,22,2,0,-0.5000000000000004,0.8660254037844384,0.9749279121818236,-0.22252093395631434,0.0,0.0,0.0,48.583333333333336,63.96324805268471,0.0,62847.49810417841,0.0,0.0,14.937267048897793,0.0,False,-5.027143949047264,14.937267048897793,False,0.0,1.8949469505080403,6.0,3.5999999999999996,False,False,0.404961915906374,0.5853892468261419,False,-0.5332551915539258,0.25517652502246924,False,0,False,0.10336178100293422,False,Normal,49,90
2025-03-19 23:00:00,0,0.0,0.0,0.0,23,2,0,-0.25881904510252157,0.9659258262890681,0.9749279121818236,-0.22252093395631434,0.0,0.0,0.0,48.583333333333336,63.96324805268471,0.0,62847.49810417841,0.0,0.0,14.937267048897793,0.0,False,-4.021715159237811,14.937267048897793,False,0.0,1.3949469505080403,6.0,3.5999999999999996,False,False,0.4042652852227612,0.5853892468261419,False,-0.5309067793864986,0.25517652502246924,False,0,False,0.09558268322931368,False,Normal,49,90
2025-03-20 00:00:00,0,0.0,0.0,0.0,0,3,0,0.0,1.0,0.43388373911755823,-0.900968867902419,0.0,0.0,0.0,48.583333333333336,63.96324805268471,0.0,62847.49810417841,0.0,0.0,14.937267048897793,0.0,False,-3.2173721273902487,14.937267048897793,False,0.0,0.8949469505080403,6.0,3.5999999999999996,False,False,0.41576391176710153,0.5771900516411017,False,-0.5414816553540613,0.21751621139524496,False,0,False,0.0942704536995558,False,Normal,49,90
2025-03-20 01:00:00,0,0.0,0.0,0.0,1,3,0,0.25881904510252074,0.9659258262890683,0.43388373911755823,-0.900968867902419,0.0,0.0,0.0,48.583333333333336,63.96324805268471,0.0,62847.49810417841,0.0,0.0,14.937267048897793,0.0,False,-2.573897701912199,14.937267048897793,False,0.0,0.3949469505080403,6.0,3.5999999999999996,False,False,0.41610030832748,0.5771900516411017,False,-0.5333882684655135,0.21751621139524496,False,0,False,0.09038359142406413,False,Normal,49,90
2025-03-20 02:00:00,0,0.0,0.0,0.0,2,3,0,0.49999999999999994,0.8660254037844387,0.43388373911755823,-0.900968867902419,0.0,0.0,0.0,48.583333333333336,63.96324805268471,0.0,62847.49810417841,0.0,0.0,14.937267048897793,0.0,False,-2.0591181615297596,14.937267048897793,False,0.0,0.0,6.0,3.5999999999999996,False,False,0.4137608520055662,0.5771900516411017,False,-0.5326169402597231,0.21751621139524496,False,0,False,0.08067297800816516,False,Normal,49,90
2025-03-20 03:00:00,0,0.0,0.0,0.0,3,3,0,0.7071067811865476,0.7071067811865476,0.43388373911755823,-0.900968867902419,0.0,0.0,0.0,48.583333333333336,63.96324805268471,0.0,62847.49810417841,0.0,0.0,14.937267048897793,0.0,False,-1.6472945292238077,14.937267048897793,False,0.0,0.0,6.0,3.5999999999999996,False,False,0.41003398166653743,0.5771900516411017,False,-0.5179729049954087,0.21751621139524496,False,0,False,0.08627527379229992,False,Normal,49,90
2025-03-20 04:00:00,0,0.0,0.0,0.0,4,3,0,0.8660254037844386,0.5000000000000001,0.43388373911755823,-0.900968867902419,0.0,0.0,0.0,48.583333333333336,63.96324805268471,0.0,62847.49810417841,0.0,0.0,14.937267048897793,0.0,False,-1.3178356233790463,14.937267048897793,False,0.0,0.0,6.0,3.5999999999999996,False,False,0.4105896819644909,0.5771900516411017,False,-0.5041451698414633,0.21751621139524496,False,0,False,0.10040598682410211,False,Normal,49,90
2025-03-20 05:00:00,0,0.0,0.0,0.0,5,3,0,0.9659258262890683,0.25881904510252074,0.43388373911755823,-0.900968867902419,0.0,0.0,0.0,48.583333333333336,63.96324805268471,0.0,62847.49810417841,0.0,0.0,14.937267048897793,0.0,False,-1.0542684987032371,14.937267048897793,False,0.0,0.0,6.0,3.5999999999999996,False,False,0.4122635947673688,0.5771900516411017,False,-0.49591889808623546,0.21751621139524496,False,0,False,0.10702890930946896,False,Normal,49,90
2025-03-20 06:00:00,20,7163.0,9582.0,16745.0,6,3,0,1.0,6.123233995736766e-17,0.43388373911755823,-0.900968867902419,-0.14445240654484653,0.0,20.0,48.583333333333336,63.96324805268471,-5.0,62847.49810417841,18.0,2.0,14.937267048897793,0.13389330146223624,False,-0.44341479896258973,14.937267048897793,False,0.0,0.0,6.0,3.5999999999999996,False,False,0.465230475959041,0.5771900516411017,False,-0.29868408567026106,0.21751621139524496,False,0,False,0.26109284669214966,False,Normal,49,90
2025-03-20 07:00:00,29,14893.0,14467.0,29360.0,7,3,0,0.9659258262890683,-0.25881904510252063,0.43388373911755823,-0.900968867902419,0.014509042607540615,20.0,9.0,48.5,64.00067934422054,-10.0,62865.02865454941,27.0,2.0,14.933157447766282,0.13393014886474408,False,0.04526816082992824,14.933157447766282,False,0.0,0.0,6.0,3.5999999999999996,False,False,0.4538977287400873,0.5771900516411017,False,-0.4044634971247971,0.21751621139524496,False,0,False,0.21004545065378238,False,Normal,49,90
2025-03-20 08:00:00,63,24785.0,24762.0,49547.0,8,3,0,0.8660254037844387,-0.4999999999999998,0.43388373911755823,-0.900968867902419,0.0004641963348671995,29.0,34.0,48.708333333333336,63.925553961427354,5.0,62862.66478181635,61.0,2.0,14.928488238143824,0.1339720384338579,False,0.4362145286639426,14.928488238143824,False,0.0,0.0,6.0,3.5999999999999996,False,False,0.451055139650206,0.5771900516411017,False,-0.36001945645264777,0.21751621139524496,False,0,False,0.22729446871832504,False,Normal,49,90
2025-03-20 09:00:00,87,27254.0,50809.0,78063.0,9,3,0,0.7071067811865476,-0.7071067811865475,0.43388373911755823,-0.900968867902419,-0.30173959827833574,63.0,24.0,48.541666666666664,63.88098932469227,5.0,62863.89218238749,85.5,1.5,14.921969529081672,0.10052292340341705,False,0.6489716229311542,14.921969529081672,False,0.0,0.0,6.0,3.5999999999999996,False,False,0.4886074143135674,0.5771900516411017,False,-0.28240480978034777,0.21751621139524496,False,0,False,0.32047834917200685,False,Normal,49,90
2025-03-20 10:00:00,111,45818.0,59653.0,105471.0,10,3,0,0.49999999999999994,-0.8660254037844387,0.43388373911755823,-0.900968867902419,-0.1311722542475728,87.0,24.0,48.666666666666664,63.956280356986426,14.0,62980.46183982752,114.0,-3.0,14.913298788608342,-0.20116273686486968,False,-0.08082270165507677,14.913298788608342,False,0.0,0.0,6.0,3.5999999999999996,False,False,0.4619132727579461,0.5771900516411017,False,-0.49612304328769574,0.21751621139524496,False,0,False,0.16109981102960702,False,Normal,49,90
2025-03-20 11:00:00,85,53484.0,39268.0,92752.0,11,3,0,0.258819045102521,-0.9659258262890682,0.43388373911755823,-0.900968867902419,0.1532672797645359,111.0,-26.0,48.666666666666664,63.956280356986426,-31.0,62881.28537725395,109.5,-24.5,14.905948636130828,-1.643639099937186,False,-4.964658161324062,14.905948636130828,False,0.0,1.143639099937186,6.0,3.5999999999999996,False,False,0.5044357032031553,0.5771900516411017,False,-0.13715360282137,0.21751621139524496,False,0,False,0.4443311376482262,False,Normal,49,90
2025-03-20 12:00:00,66,31899.0,30270.0,62169.0,12,3,0,1.2246467991473532e-16,-1.0,0.43388373911755823,-0.900968867902419,0.026202348399549623,85.0,-19.0,48.708333333333336,63.9806215000779,-2.0,63054.545958873656,69.5,-3.5,14.948142362997901,-0.234142806176624,False,-4.671726529059249,14.948142362997901,False,0.0,0.8777819061138099,6.0,3.5999999999999996,False,False,0.4480044918730764,0.5771900516411017,False,-0.47340800361026947,0.21751621139524496,False,0,False,0.20941256001980796,False,Normal,49,90
2025-03-20 13:00:00,48,23514.0,27572.0,51086.0,13,3,0,-0.2588190451025208,-0.9659258262890683,0.43388373911755823,-0.900968867902419,-0.07943312388670308,66.0,-18.0,48.5,63.912984324137064,-5.0,63041.703555110515,61.5,-13.5,14.94483251925845,-0.9033222675867002,False,-6.4373812232473995,14.94483251925845,False,0.0,1.28110417370051,6.0,3.5999999999999996,False,False,0.4421334830879208,0.5771900516411017,False,-0.5035571165642898,0.21751621139524496,False,0,False,0.2175686264660543,False,Normal,49,90
2025-03-20 14:00:00,72,36485.0,45950.0,82435.0,14,3,0,-0.4999999999999997,-0.8660254037844388,0.43388373911755823,-0.900968867902419,-0.11481634237469067,48.0,24.0,47.666666666666664,63.77792085358221,-8.0,63039.72158902464,84.5,-12.5,14.957821984225719,-0.8356831638444622,False,-7.64990497859792,14.957821984225719,False,0.0,1.616787337544972,6.0,3.5999999999999996,False,False,0.4505264648432136,0.5771900516411017,False,-0.512297261238209,0.21751621139524496,False,0,False,0.22442105427489026,False,Normal,49,90
2025-03-20 15:00:00,126,70999.0,68082.0,139081.0,15,3,0,-0.7071067811865471,-0.7071067811865479,0.43388373911755823,-0.900968867902419,0.0209732388087603,72.0,54.0,48.0,63.88780927464207,-8.0,63240.465955380365,156.0,-30.0,14.970790265205016,-2.003902230179909,False,-12.119923982878337,14.970790265205016,False,0.0,3.120689567724881,6.0,3.5999999999999996,False,False,0.46768663044580294,0.5771900516411017,False,-0.46723521370813326,0.21751621139524496,False,0,False,0.37793282903233644,False,Normal,49,90
2025-03-20 16:00:00,186,98012.0,114501.0,212513.0,16,3,0,-0.8660254037844385,-0.5000000000000004,0.43388373911755823,-0.900968867902419,-0.0775901822938724,126.0,60.0,48.25,64.19281417187088,-9.0,63355.38202763639,193.5,-7.5,15.037360741845834,-0.4987577360652835,False,-11.19593918630267,15.037360741845834,False,0.0,3.1194473037901647,6.0,3.5999999999999996,False,False,0.49424633430501125,0.5771900516411017,False,-0.469408790386199,0.21751621139524496,False,0,False,0.37582521009430137,False,Normal,49,90
2025-03-20 17:00:00,268,91480.0,133428.0,224908.0,17,3,0,-0.9659258262890683,-0.25881904510252063,0.43388373911755823,-0.900968867902419,-0.1865109888888395,186.0,82.0,48.0,63.6177443116647,32.0,67052.39267168762,233.0,35.0,15.017213633814153,2.3306587262760083,False,-1.9567513490421362,15.017213633814153,False,1.8306587262760083,0.2887885775141563,6.0,3.5999999999999996,False,False,0.561868919674938,0.5771900516411017,False,-0.32544491390124053,0.21751621139524496,False,0,False,0.4533666670398302,False,Normal,49,90
2025-03-20 18:00:00,40,16797.0,16136.0,32933.0,18,3,0,-1.0,-1.8369701987210297e-16,0.43388373911755823,-0.900968867902419,0.020070443918139308,268.0,-228.0,49.583333333333336,68.62051706537076,9.0,66289.5972388213,35.5,4.5,15.088863915395125,0.29823318874316723,False,-0.665401079233709,15.088863915395125,False,1.6288919150191754,0.0,6.0,3.5999999999999996,False,False,0.5628906996071218,0.5771900516411017,False,0.397083984762185,0.21751621139524496,True,1,False,0.437529711918075,False,Normal,49,90
2025-03-20 19:00:00,0,0.0,0.0,0.0,19,3,0,-0.9659258262890684,0.2588190451025203,0.43388373911755823,-0.900968867902419,0.0,40.0,-40.0,50.041666666666664,68.51371120577548,0.0,66310.78669251932,0.0,0.0,15.08902387316624,0.0,False,-0.5323208633869672,15.08902387316624,False,1.1288919150191754,0.0,6.0,3.5999999999999996,False,False,0.4571972385015214,0.5771900516411017,False,-0.3557656091480219,0.21751621139524496,False,0,False,0.2325155849569668,False,Normal,49,90
2025-03-20 20:00:00,0,0.0,0.0,0.0,20,3,0,-0.8660254037844386,0.5000000000000001,0.43388373911755823,-0.900968867902419,0.0,0.0,0.0,50.041666666666664,68.51371120577548,0.0,66310.78669251932,0.0,0.0,15.08902387316624,0.0,False,-0.42585669070957377,15.08902387316624,False,0.6288919150191754,0.0,6.0,3.5999999999999996,False,False,0.42000993685327054,0.5771900516411017,False,-0.4783590212275959,0.21751621139524496,False,0,False,0.13192538931388806,False,Normal,49,90
2025-03-20 21:00:00,0,0.0,0.0,0.0,21,3,0,-0.7071067811865477,0.7071067811865474,0.43388373911755823,-0.900968867902419,0.0,0.0,0.0,50.041666666666664,68.51371120577548,0.0,66310.78669251932,0.0,0.0,15.08902387316624,0.0,False,-0.340685352567659,15.08902387316624,False,0.1288919150191754,0.0,6.0,3.5999999999999996,False,False,0.41676400630290644,0.5771900516411017,False,-0.4994031621735633,0.21751621139524496,False,0,False,0.10640641632002429,False,Normal,49,90
2025-03-20 22:00:00,0,0.0,0.0,0.0,22,3,0,-0.5000000000000004,0.8660254037844384,0.43388373911755823,-0.900968867902419,0.0,0.0,0.0,50.041666666666664,68.51371120577548,0.0,66310.78669251932,0.0,0.0,15.08902387316624,0.0,False,-0.27254828205412723,15.08902387316624,False,0.0,0.0,6.0,3.5999999999999996,False,False,0.41985363958623806,0.5771900516411017,False,-0.5150288668029641,0.21751621139524496,False,0,False,0.09329929035939023,False,Normal,49,90
2025-03-20 23:00:00,0,0.0,0.0,0.0,23,3,0,-0.25881904510252157,0.9659258262890681,0.43388373911755823,-0.900968867902419,0.0,0.0,0.0,50.041666666666664,68.51371120577548,0.0,66310.78669251932,0.0,0.0,15.08902387316624,0.0,False,-0.2180386256433018,15.08902387316624,False,0.0,0.0,6.0,3.5999999999999996,False,False,0.4218010861521471,0.5771900516411017,False,-0.5276849617288564,0.21751621139524496,False,0,False,0.08330048097665077,False,Normal,49,90
2025-03-21 00:00:00,0,0.0,0.0,0.0,0,4,0,0.0,1.0,-0.433883739117558,-0.9009688679024191,0.0,0.0,0.0,50.041666666666664,68.51371120577548,0.0,66310.78669251932,0.0,0.0,15.08902387316624,0.0,False,-0.17443090051464144,15.08902387316624,False,0.0,0.0,6.0,3.5999999999999996,False,False,0.42223101649297,0.579034885821478,False,-0.486698908177446,0.21600413866110607,False,0,False,0.12539974807720075,False,Normal,49,90
2025-03-21 01:00:00,0,0.0,0.0,0.0,1,4,0,0.25881904510252074,0.9659258262890683,-0.433883739117558,-0.9009688679024191,0.0,0.0,0.0,50.041666666666664,68.51371120577548,0.0,66310.78669251932,0.0,0.0,15.08902387316624,0.0,False,-0.13954472041171315,15.08902387316624,False,0.0,0.0,6.0,3.5999999999999996,False,False,0.4230720027035505,0.579034885821478,False,-0.48484155464728373,0.21600413866110607,False,0,False,0.12818964864902654,False,Normal,49,90
2025-03-21 02:00:00,0,0.0,0.0,0.0,2,4,0,0.49999999999999994,0.8660254037844387,-0.433883739117558,-0.9009688679024191,0.0,0.0,0.0,50.041666666666664,68.51371120577548,0.0,66310.78669251932,0.0,0.0,15.08902387316624,0.0,False,-0.11163577632937052,15.08902387316624,False,0.0,0.0,6.0,3.5999999999999996,False,False,0.41936022106065435,0.579034885821478,False,-0.4938899691099914,0.21600413866110607,False,0,False,0.11367999607277929,False,Normal,49,90
2025-03-21 03:00:00,0,0.0,0.0,0.0,3,4,0,0.7071067811865476,0.7071067811865476,-0.433883739117558,-0.9009688679024191,0.0,0.0,0.0,50.041666666666664,68.51371120577548,0.0,66310.78669251932,0.0,0.0,15.08902387316624,0.0,False,-0.08930862106349642,15.08902387316624,False,0.0,0.0,6.0,3.5999999999999996,False,False,0.4166812352042754,0.579034885821478,False,-0.4972799868230424,0.21600413866110607,False,0,False,0.10505448374960918,False,Normal,49,90
2025-03-21 04:00:00,0,0.0,0.0,0.0,4,4,0,0.8660254037844386,0.5000000000000001,-0.433883739117558,-0.9009688679024191,0.0,0.0,0.0,50.041666666666664,68.51371120577548,0.0,66310.78669251932,0.0,0.0,15.08902387316624,0.0,False,-0.07144689685079714,15.08902387316624,False,0.0,0.0,6.0,3.5999999999999996,False,False,0.4181850837691048,0.579034885821478,False,-0.4755109214507187,0.21600413866110607,False,0,False,0.12706793156897572,False,Normal,49,90
2025-03-21 05:00:00,0,0.0,0.0,0.0,5,4,0,0.9659258262890683,0.25881904510252074,-0.433883739117558,-0.9009688679024191,0.0,0.0,0.0,50.041666666666664,68.51371120577548,0.0,66310.78669251932,0.0,0.0,15.08902387316624,0.0,False,-0.057157517480637715,15.08902387316624,False,0.0,0.0,6.0,3.5999999999999996,False,False,0.42235357099761406,0.579034885821478,False,-0.4430360099891164,0.21600413866110607,False,0,False,0.15986127409413192,False,Normal,49,90
2025-03-21 06:00:00,21,9696.0,10527.0,20223.0,6,4,0,1.0,6.123233995736766e-17,-0.433883739117558,-0.9009688679024191,-0.041089794303797465,0.0,21.0,50.041666666666664,68.51371120577548,0.0,66310.78669251932,19.5,1.5,15.08902387316624,0.09941000906410813,False,0.2542739860154899,15.08902387316624,False,0.0,0.0,6.0,3.5999999999999996,False,False,0.453707821510351,0.579034885821478,False,-0.3872196361303275,0.21600413866110607,False,0,False,0.21777960714145128,False,Normal,49,90
2025-03-21 07:00:00,32,15624.0,15923.0,31547.0,7,4,0,0.9659258262890683,-0.25881904510252063,-0.433883739117558,-0.9009688679024191,-0.009477621402307596,21.0,11.0,50.083333333333336,68.49494850727673,8.0,66240.89388507555,27.0,5.0,15.086086523265708,0.33143121592793584,False,1.203419188812392,15.086086523265708,False,0.0,0.0,6.0,3.5999999999999996,False,False,0.4536556500733593,0.579034885821478,False,-0.3298454440280305,0.21600413866110607,False,0,False,0.2512201565871222,False,Normal,49,90
2025-03-21 08:00:00,61,25230.0,28193.0,53423.0,8,4,0,0.8660254037844387,-0.4999999999999998,-0.433883739117558,-0.9009688679024191,-0.05546196466007787,32.0,29.0,50.208333333333336,68.45752676670763,-4.0,66213.92840579341,62.0,-1.0,15.077739242868745,-0.06632294032230103,False,0.7627353510499135,15.077739242868745,False,0.0,0.0,6.0,3.5999999999999996,False,False,0.4497107037909592,0.579034885821478,False,-0.3251545352046119,0.21600413866110607,False,0,False,0.23386246276480396,False,Normal,49,90
2025-03-21 09:00:00,85,33071.0,62305.0,95376.0,9,4,0,0.7071067811865476,-0.7071067811865475,-0.433883739117558,-0.9009688679024191,-0.3065099552302966,61.0,24.0,50.125,68.4424941100191,-7.0,66219.33378695686,85.5,-0.5,15.057510658952545,-0.03320601999393051,False,0.5101882808399308,15.057510658952545,False,0.0,0.0,6.0,3.5999999999999996,False,False,0.5017897382069442,0.579034885821478,False,-0.2315623492012635,0.21600413866110607,False,0,False,0.33891398311052656,False,Normal,49,90
2025-03-21 10:00:00,147,56402.0,60494.0,116896.0,10,4,0,0.49999999999999994,-0.8660254037844387,-0.433883739117558,-0.9009688679024191,-0.035005175496377154,85.0,62.0,50.041666666666664,68.39684658804384,35.0,66637.66109926726,111.5,35.5,14.815758697986547,2.396097339572926,False,7.508150624671945,14.815758697986547,False,1.896097339572926,0.0,6.0,3.5999999999999996,False,False,0.4973982942231129,0.579034885821478,False,-0.29414549423241954,0.21600413866110607,False,0,False,0.4766716101598861,False,Normal,49,90
2025-03-21 11:00:00,108,50087.0,54099.0,104186.0,11,4,0,0.258819045102521,-0.9659258262890682,-0.433883739117558,-0.9009688679024191,-0.038507683300219794,147.0,-39.0,51.541666666666664,70.16377063802177,-2.0,67089.22224545458,109.5,-1.5,14.403353422940175,-0.10414241433602225,False,5.7065204997375565,14.403353422940175,False,1.2919549252369036,0.0,6.0,3.5999999999999996,False,False,0.48383690548233105,0.579034885821478,False,-0.4011563199039403,0.21600413866110607,False,0,False,0.3348106084008186,False,Normal,49,90
2025-03-21 12:00:00,73,28877.0,40507.0,69384.0,12,4,0,1.2246467991473532e-16,-1.0,-0.433883739117558,-0.9009688679024191,-0.1676154788498955,108.0,-35.0,52.5,70.7948659401108,-15.0,67440.9530559989,67.0,6.0,14.066211344189743,0.4265540914454118,False,5.765216399790045,14.066211344189743,False,1.2185090166823154,0.0,6.0,3.5999999999999996,False,False,0.49139351087064037,0.579034885821478,False,-0.40462925552024864,0.21600413866110607,False,0,False,0.35797784834662927,False,Normal,49,90
2025-03-21 13:00:00,65,28303.0,34015.0,62318.0,13,4,0,-0.2588190451025208,-0.9659258262890683,-0.433883739117558,-0.9009688679024191,-0.09165743994608386,73.0,-8.0,52.791666666666664,70.86728512825417,-7.0,67508.41372520791,54.0,11.0,13.919657983320612,0.7902493016122145,False,6.812173119832036,13.919657983320612,False,1.5087583182945297,0.0,6.0,3.5999999999999996,False,False,0.4613784022791312,0.579034885821478,False,-0.46330229222253183,0.21600413866110607,False,0,False,0.2841371891034072,False,Normal,49,90
2025-03-21 14:00:00,92,37721.0,50025.0,87746.0,14,4,0,-0.4999999999999997,-0.8660254037844388,-0.433883739117558,-0.9009688679024191,-0.14022131810774158,65.0,27.0,53.5,70.90225972973363,7.0,67544.94729629342,82.0,10.0,13.891131994067994,0.7198837362045336,False,7.449738495865629,13.891131994067994,False,1.7286420544990633,0.0,6.0,3.5999999999999996,False,False,0.46812366853278853,0.579034885821478,False,-0.4461592722634091,0.21600413866110607,False,0,False,0.3131481734409478,False,Normal,49,90
2025-03-21 15:00:00,146,62637.0,88397.0,151034.0,15,4,0,-0.7071067811865471,-0.7071067811865479,-0.433883739117558,-0.9009688679024191,-0.1705564935279902,92.0,54.0,54.333333333333336,71.24584910359869,-18.0,67657.99508841551,142.5,3.5,13.771329478477515,0.25415120635011784,False,6.659790796692504,13.771329478477515,False,1.4827932608491812,0.0,6.0,3.5999999999999996,False,False,0.5010476694775244,0.579034885821478,False,-0.3908631180122615,0.21600413866110607,False,0,False,0.3803091967595609,False,Normal,49,90
2025-03-21 16:00:00,235,108570.0,120747.0,229317.0,16,4,0,-0.8660254037844385,-0.5000000000000004,-0.433883739117558,-0.9009688679024191,-0.053100934074080536,146.0,89.0,55.166666666666664,72.23070927464883,28.0,68366.35783191238,191.5,43.5,13.168985579706698,3.3032157060778586,True,14.027832637354004,13.168985579706698,True,4.28600896692704,0.0,6.0,3.5999999999999996,False,True,0.54258218250525,0.579034885821478,False,-0.4060318034238162,0.21600413866110607,False,2,False,0.5808000740977264,True,Building Stress,49,91
2025-03-21 17:00:00,226,111802.0,154660.0,266462.0,17,4,0,-0.9659258262890683,-0.25881904510252063,-0.433883739117558,-0.9009688679024191,-0.1608403418110582,235.0,-9.0,57.208333333333336,76.64711864839701,-45.0,70138.3407534735,233.0,-7.0,12.257682168860365,-0.5710704441156849,False,9.822266109883204,12.257682168860365,False,3.2149385228113547,0.07107044411568486,6.0,3.5999999999999996,False,False,0.594817097793924,0.579034885821478,True,-0.18685733786316594,0.21600413866110607,False,1,False,0.525726395797552,False,Normal,49,91
2025-03-21 18:00:00,46,16444.0,22043.0,38487.0,18,4,0,-1.0,-1.8369701987210297e-16,-0.433883739117558,-0.9009688679024191,-0.14547391394720433,226.0,-180.0,55.458333333333336,71.96132969181775,7.0,74909.3270961513,35.5,10.5,10.299264992002724,1.0194902265504524,False,9.957812887906563,10.299264992002724,False,3.7344287493618076,0.0,6.0,3.5999999999999996,False,True,0.5651848844911779,0.579034885821478,False,0.12970844266471104,0.21600413866110607,False,0,False,0.5959107982873362,True,Building Stress,49,92
2025-03-21 19:00:00,0,0.0,0.0,0.0,19,4,0,-0.9659258262890684,0.2588190451025203,-0.433883739117558,-0.9009688679024191,0.0,46.0,-46.0,55.708333333333336,71.91569893718052,0.0,74846.63097632006,0.0,0.0,10.27597259781042,0.0,False,7.96625031032525,10.27597259781042,False,3.2344287493618076,0.0,6.0,3.5999999999999996,False,False,0.4742317132647068,0.579034885821478,False,-0.2143292253613016,0.21600413866110607,False,0,False,0.40113948676145705,False,Normal,49,92
2025-03-21 20:00:00,0,0.0,0.0,0.0,20,4,0,-0.8660254037844386,0.5000000000000001,-0.433883739117558,-0.9009688679024191,0.0,0.0,0.0,55.708333333333336,71.91569893718052,0.0,74846.63097632006,0.0,0.0,10.27597259781042,0.0,False,6.373000248260201,10.27597259781042,False,2.7344287493618076,0.0,6.0,3.5999999999999996,False,False,0.43310746899859126,0.579034885821478,False,-0.37953287478843056,0.21600413866110607,False,0,False,0.29021870551403456,False,Normal,49,92
2025-03-21 21:00:00,0,0.0,0.0,0.0,21,4,0,-0.7071067811865477,0.7071067811865474,-0.433883739117558,-0.9009688679024191,0.0,0.0,0.0,55.708333333333336,71.91569893718052,0.0,74846.63097632006,0.0,0.0,10.27597259781042,0.0,False,5.098400198608161,10.27597259781042,False,2.2344287493618076,0.0,6.0,3.5999999999999996,False,False,0.43150211850143133,0.579034885821478,False,-0.425747038930534,0.21600413866110607,False,0,False,0.2504989344486808,False,Normal,49,92
2025-03-21 22:00:00,0,0.0,0.0,0.0,22,4,0,-0.5000000000000004,0.8660254037844384,-0.433883739117558,-0.9009688679024191,0.0,0.0,0.0,55.708333333333336,71.91569893718052,0.0,74846.63097632006,0.0,0.0,10.27597259781042,0.0,False,4.0787201588865285,10.27597259781042,False,1.7344287493618076,0.0,6.0,3.5999999999999996,False,False,0.4312715812099466,0.579034885821478,False,-0.4627355926336518,0.21600413866110607,False,0,False,0.21414914755894465,False,Normal,49,92
2025-03-21 23:00:00,0,0.0,0.0,0.0,23,4,0,-0.25881904510252157,0.9659258262890681,-0.433883739117558,-0.9009688679024191,0.0,0.0,0.0,55.708333333333336,71.91569893718052,0.0,74846.63097632006,0.0,0.0,10.27597259781042,0.0,False,3.262976127109223,10.27597259781042,False,1.2344287493618076,0.0,6.0,3.5999999999999996,False,False,0.43302002953825536,0.579034885821478,False,-0.481128592240081,0.21600413866110607,False,0,False,0.1860665090583917,False,Normal,49,92
2025-03-22 00:00:00,0,0.0,0.0,0.0,0,5,1,0.0,1.0,-0.9749279121818236,-0.2225209339563146,0.0,0.0,0.0,55.708333333333336,71.91569893718052,0.0,74846.63097632006,0.0,0.0,10.27597259781042,0.0,False,2.6103809016873782,10.27597259781042,False,0.7344287493618076,0.0,6.0,3.5999999999999996,False,False,0.4906608978539629,0.5925231020387156,False,-0.29842235823712016,0.19070073245877814,False,0,False,0.3495507727897845,False,Normal,49,92
2025-03-22 01:00:00,0,0.0,0.0,0.0,1,5,1,0.25881904510252074,0.9659258262890683,-0.9749279121818236,-0.2225209339563146,0.0,0.0,0.0,55.708333333333336,71.91569893718052,0.0,74846.63097632006,0.0,0.0,10.27597259781042,0.0,False,2.088304721349903,10.27597259781042,False,0.23442874936180758,0.0,6.0,3.5999999999999996,False,False,0.4807676187788554,0.5925231020387156,False,-0.3231863953154779,0.19070073245877814,False,0,False,0.32088593658388753,False,Normal,49,92
2025-03-22 02:00:00,0,0.0,0.0,0.0,2,5,1,0.49999999999999994,0.8660254037844387,-0.9749279121818236,-0.2225209339563146,0.0,0.0,0.0,55.708333333333336,71.91569893718052,0.0,74846.63097632006,0.0,0.0,10.27597259781042,0.0,False,1.6706437770799223,10.27597259781042,False,0.0,0.0,6.0,3.5999999999999996,False,False,0.47000376556175183,0.5925231020387156,False,-0.3959028392543862,0.19070073245877814,False,0,False,0.2613248541360239,False,Normal,49,92
2025-03-22 03:00:00,0,0.0,0.0,0.0,3,5,1,0.7071067811865476,0.7071067811865476,-0.9749279121818236,-0.2225209339563146,0.0,0.0,0.0,55.708333333333336,71.91569893718052,0.0,74846.63097632006,0.0,0.0,10.27597259781042,0.0,False,1.3365150216639379,10.27597259781042,False,0.0,0.0,6.0,3.5999999999999996,False,False,0.46660419559180166,0.5925231020387156,False,-0.4671104558698942,0.19070073245877814,False,0,False,0.2076881604623772,False,Normal,49,92
2025-03-22 04:00:00,0,0.0,0.0,0.0,4,5,1,0.8660254037844386,0.5000000000000001,-0.9749279121818236,-0.2225209339563146,0.0,0.0,0.0,55.708333333333336,71.91569893718052,0.0,74846.63097632006,0.0,0.0,10.27597259781042,0.0,False,1.0692120173311503,10.27597259781042,False,0.0,0.0,6.0,3.5999999999999996,False,False,0.46469050441609405,0.5925231020387156,False,-0.49229211196148426,0.19070073245877814,False,0,False,0.17974603398787925,False,Normal,49,92
2025-03-22 05:00:00,0,0.0,0.0,0.0,5,5,1,0.9659258262890683,0.25881904510252074,-0.9749279121818236,-0.2225209339563146,0.0,0.0,0.0,55.708333333333336,71.91569893718052,0.0,74846.63097632006,0.0,0.0,10.27597259781042,0.0,False,0.8553696138649203,10.27597259781042,False,0.0,0.0,6.0,3.5999999999999996,False,False,0.4645432363204478,0.5925231020387156,False,-0.5161663648630904,0.19070073245877814,False,0,False,0.14858147138505995,False,Normal,49,92
2025-03-22 06:00:00,0,0.0,0.0,0.0,6,5,1,1.0,6.123233995736766e-17,-0.9749279121818236,-0.2225209339563146,0.0,0.0,0.0,55.708333333333336,71.91569893718052,0.0,74846.63097632006,0.0,0.0,10.27597259781042,0.0,False,0.6842956910919362,10.27597259781042,False,0.0,0.0,6.0,3.5999999999999996,False,False,0.4667874184445195,0.5925231020387156,False,-0.5248336979495647,0.19070073245877814,False,0,False,0.14175375388707417,False,Normal,49,92
2025-03-22 07:00:00,0,0.0,0.0,0.0,7,5,1,0.9659258262890683,-0.25881904510252063,-0.9749279121818236,-0.2225209339563146,0.0,0.0,0.0,54.833333333333336,72.4818817940442,0.0,75370.30947436045,0.0,0.0,10.27597259781042,0.0,False,0.547436552873549,10.27597259781042,False,0.0,0.0,6.0,3.5999999999999996,False,False,0.4667236621430353,0.5925231020387156,False,-0.5272912148691349,0.19070073245877814,False,0,False,0.13842172970141967,False,Normal,49,92
2025-03-22 08:00:00,0,0.0,0.0,0.0,8,5,1,0.8660254037844387,-0.4999999999999998,-0.9749279121818236,-0.2225209339563146,0.0,0.0,0.0,53.5,73.21083312568243,0.0,76058.57842192032,0.0,0.0,10.27597259781042,0.0,False,0.4379492422988392,10.27597259781042,False,0.0,0.0,6.0,3.5999999999999996,False,False,0.46486514299353615,0.5925231020387156,False,-0.5248594849541899,0.19070073245877814,False,0,False,0.13455292683229675,False,Normal,49,92
2025-03-22 09:00:00,0,0.0,0.0,0.0,9,5,1,0.7071067811865476,-0.7071067811865475,-0.9749279121818236,-0.2225209339563146,0.0,0.0,0.0,50.958333333333336,73.99381828860797,0.0,76826.87394220776,0.0,0.0,10.27597259781042,0.0,False,0.3503593938390714,10.27597259781042,False,0.0,0.0,6.0,3.5999999999999996,False,False,0.4651996302972763,0.5925231020387156,False,-0.5207185511953825,0.19070073245877814,False,0,False,0.1382603189939273,False,Normal,49,92
2025-03-22 10:00:00,0,0.0,0.0,0.0,10,5,1,0.49999999999999994,-0.8660254037844387,-0.9749279121818236,-0.2225209339563146,0.0,0.0,0.0,47.416666666666664,74.32707778968322,0.0,76892.08037520858,0.0,0.0,10.27597259781042,0.0,False,0.2802875150712571,10.27597259781042,False,0.0,0.0,6.0,3.5999999999999996,False,False,0.46897545001828156,0.5925231020387156,False,-0.5187313459575449,0.19070073245877814,False,0,False,0.14727960350974859,False,Normal,49,92
2025-03-22 11:00:00,0,0.0,0.0,0.0,11,5,1,0.258819045102521,-0.9659258262890682,-0.9749279121818236,-0.2225209339563146,0.0,0.0,0.0,41.291666666666664,71.77711829089355,0.0,75962.82431782389,0.0,0.0,10.27597259781042,0.0,False,0.22423001205700568,10.27597259781042,False,0.0,0.0,6.0,3.5999999999999996,False,False,0.4760507881024356,0.5925231020387156,False,-0.5090724848384854,0.19070073245877814,False,0,False,0.1801691884257764,False,Normal,49,92
2025-03-22 12:00:00,0,0.0,0.0,0.0,12,5,1,1.2246467991473532e-16,-1.0,-0.9749279121818236,-0.2225209339563146,0.0,0.0,0.0,36.791666666666664,70.79178235696118,0.0,75230.31189543252,0.0,0.0,10.27597259781042,0.0,False,0.17938400964560455,10.27597259781042,False,0.0,0.0,6.0,3.5999999999999996,False,False,0.4782680222117919,0.5925231020387156,False,-0.5066083354255402,0.19070073245877814,False,0,False,0.18733291628369228,False,Normal,49,92
2025-03-22 13:00:00,0,0.0,0.0,0.0,13,5,1,-0.2588190451025208,-0.9659258262890683,-0.9749279121818236,-0.2225209339563146,0.0,0.0,0.0,33.75,70.73665183653715,0.0,75292.85443818207,0.0,0.0,10.27597259781042,0.0,False,0.14350720771648365,10.27597259781042,False,0.0,0.0,6.0,3.5999999999999996,False,False,0.4821688521712244,0.5925231020387156,False,-0.49580004832964963,0.19070073245877814,False,0,False,0.20818093976852686,False,Normal,49,92
2025-03-22 14:00:00,0,0.0,0.0,0.0,14,5,1,-0.4999999999999997,-0.8660254037844388,-0.9749279121818236,-0.2225209339563146,0.0,0.0,0.0,31.041666666666668,70.73249002352125,0.0,75377.35730036543,0.0,0.0,10.27597259781042,0.0,False,0.11480576617318693,10.27597259781042,False,0.0,0.0,6.0,3.5999999999999996,False,False,0.48150870894635156,0.5925231020387156,False,-0.47924088841699963,0.19070073245877814,False,0,False,0.22164306642156306,False,Normal,49,92
2025-03-22 15:00:00,0,0.0,0.0,0.0,15,5,1,-0.7071067811865471,-0.7071067811865479,-0.9749279121818236,-0.2225209339563146,0.0,0.0,0.0,27.208333333333332,69.77166434110292,0.0,74691.43244079583,0.0,0.0,10.27597259781042,0.0,False,0.09184461293854955,10.27597259781042,False,0.0,0.0,6.0,3.5999999999999996,False,False,0.48930779652716444,0.5925231020387156,False,-0.4585588287639639,0.19070073245877814,False,0,False,0.25424329208856133,False,Normal,49,92
2025-03-22 16:00:00,0,0.0,0.0,0.0,16,5,1,-0.8660254037844385,-0.5000000000000004,-0.9749279121818236,-0.2225209339563146,0.0,0.0,0.0,21.125,65.17755848783213,0.0,70147.73018542129,0.0,0.0,10.27597259781042,0.0,False,0.07347569035083965,10.27597259781042,False,0.0,0.0,6.0,3.5999999999999996,False,False,0.5011304362550619,0.5925231020387156,False,-0.3784183341234273,0.19070073245877814,False,0,False,0.30601167486935094,False,Normal,49,92
2025-03-22 17:00:00,0,0.0,0.0,0.0,17,5,1,-0.9659258262890683,-0.25881904510252063,-0.9749279121818236,-0.2225209339563146,0.0,0.0,0.0,11.333333333333334,46.676189504571404,0.0,54616.64863548567,0.0,0.0,10.27597259781042,0.0,False,0.05878055228067172,10.27597259781042,False,0.0,0.0,6.0,3.5999999999999996,False,False,0.5288845690115341,0.5925231020387156,False,-0.14242699366814904,0.19070073245877814,False,0,False,0.355446044015331,False,Normal,49,92
2025-03-22 18:00:00,0,0.0,0.0,0.0,18,5,1,-1.0,-1.8369701987210297e-16,-0.9749279121818236,-0.2225209339563146,0.0,0.0,0.0,1.9166666666666667,9.389710680668562,0.0,7856.125977541096,0.0,0.0,10.27597259781042,0.0,False,0.04702444182453738,10.27597259781042,False,0.0,0.0,6.0,3.5999999999999996,False,False,0.5643429257345309,0.5925231020387156,False,-0.4900474384434954,0.19070073245877814,False,0,False,0.27802724719728344,False,Normal,49,92
2025-03-22 19:00:00,0,0.0,0.0,0.0,19,5,1,-0.9659258262890684,0.2588190451025203,-0.9749279121818236,-0.2225209339563146,0.0,0.0,0.0,0.0,0.0,0.0,0.0,0.0,0.0,10.27597259781042,0.0,False,0.03761955345962991,10.27597259781042,False,0.0,0.0,6.0,3.5999999999999996,False,False,0.513355761118768,0.5925231020387156,False,-0.5018622271501005,0.19070073245877814,False,0,False,0.23776823970539232,False,Normal,49,92
2025-03-22 20:00:00,0,0.0,0.0,0.0,20,5,1,-0.8660254037844386,0.5000000000000001,-0.9749279121818236,-0.2225209339563146,0.0,0.0,0.0,0.0,0.0,0.0,0.0,0.0,0.0,10.27597259781042,0.0,False,0.03009564276770393,10.27597259781042,False,0.0,0.0,6.0,3.5999999999999996,False,False,0.5043108173043551,0.5925231020387156,False,-0.5104582009251418,0.19070073245877814,False,0,False,0.2205235805283588,False,Normal,49,92
2025-03-22 21:00:00,0,0.0,0.0,0.0,21,5,1,-0.7071067811865477,0.7071067811865474,-0.9749279121818236,-0.2225209339563146,0.0,0.0,0.0,0.0,0.0,0.0,0.0,0.0,0.0,10.27597259781042,0.0,False,0.024076514214163146,10.27597259781042,False,0.0,0.0,6.0,3.5999999999999996,False,False,0.5047047012870299,0.5925231020387156,False,-0.5102588405676524,0.19070073245877814,False,0,False,0.22167635505939115,False,Normal,49,92
2025-03-22 22:00:00,0,0.0,0.0,0.0,22,5,1,-0.5000000000000004,0.8660254037844384,-0.9749279121818236,-0.2225209339563146,0.0,0.0,0.0,0.0,0.0,0.0,0.0,0.0,0.0,10.27597259781042,0.0,False,0.01926121137133052,10.27597259781042,False,0.0,0.0,6.0,3.5999999999999996,False,False,0.5078707191304468,0.5925231020387156,False,-0.5005918801624641,0.19070073245877814,False,0,False,0.23551055970294366,False,Normal,49,92
2025-03-22 23:00:00,0,0.0,0.0,0.0,23,5,1,-0.25881904510252157,0.9659258262890681,-0.9749279121818236,-0.2225209339563146,0.0,0.0,0.0,0.0,0.0,0.0,0.0,0.0,0.0,10.27597259781042,0.0,False,0.015408969097064415,10.27597259781042,False,0.0,0.0,6.0,3.5999999999999996,False,False,0.5234334428970125,0.5925231020387156,False,-0.495309263620594,0.19070073245877814,False,0,False,0.24949927173239234,False,Normal,49,92
2025-03-23 00:00:00,0,0.0,0.0,0.0,0,6,1,0.0,1.0,-0.7818314824680299,0.6234898018587334,0.0,0.0,0.0,0.0,0.0,0.0,0.0,0.0,0.0,10.27597259781042,0.0,False,0.012327175277651533,10.27597259781042,False,0.0,0.0,6.0,3.5999999999999996,False,False,0.4807059142484564,0.5966433190870961,False,-0.5062743802840478,0.19058463945549092,False,0,False,0.19151889304134462,False,Normal,49,92
2025-03-23 01:00:00,0,0.0,0.0,0.0,1,6,1,0.25881904510252074,0.9659258262890683,-0.7818314824680299,0.6234898018587334,0.0,0.0,0.0,0.0,0.0,0.0,0.0,0.0,0.0,10.27597259781042,0.0,False,0.009861740222121227,10.27597259781042,False,0.0,0.0,6.0,3.5999999999999996,False,False,0.47694438052038446,0.5966433190870961,False,-0.49079025725021186,0.19058463945549092,False,0,False,0.19976942154918056,False,Normal,49,92
2025-03-23 02:00:00,0,0.0,0.0,0.0,2,6,1,0.49999999999999994,0.8660254037844387,-0.7818314824680299,0.6234898018587334,0.0,0.0,0.0,0.0,0.0,0.0,0.0,0.0,0.0,10.27597259781042,0.0,False,0.007889392177696982,10.27597259781042,False,0.0,0.0,6.0,3.5999999999999996,False,False,0.4739527029296843,0.5966433190870961,False,-0.4819443656557474,0.19058463945549092,False,0,False,0.19622939491724709,False,Normal,49,92
2025-03-23 03:00:00,0,0.0,0.0,0.0,3,6,1,0.7071067811865476,0.7071067811865476,-0.7818314824680299,0.6234898018587334,0.0,0.0,0.0,0.0,0.0,0.0,0.0,0.0,0.0,10.27597259781042,0.0,False,0.006311513742157587,10.27597259781042,False,0.0,0.0,6.0,3.5999999999999996,False,False,0.4721377867930638,0.5966433190870961,False,-0.465642460196094,0.19058463945549092,False,0,False,0.206693253761513,False,Normal,49,92
2025-03-23 04:00:00,0,0.0,0.0,0.0,4,6,1,0.8660254037844386,0.5000000000000001,-0.7818314824680299,0.6234898018587334,0.0,0.0,0.0,0.0,0.0,0.0,0.0,0.0,0.0,10.27597259781042,0.0,False,0.0050492109937260695,10.27597259781042,False,0.0,0.0,6.0,3.5999999999999996,False,False,0.4717379359884058,0.5966433190870961,False,-0.470127171639491,0.19058463945549092,False,0,False,0.19822445319647636,False,Normal,49,92
2025-03-23 05:00:00,0,0.0,0.0,0.0,5,6,1,0.9659258262890683,0.25881904510252074,-0.7818314824680299,0.6234898018587334,0.0,0.0,0.0,0.0,0.0,0.0,0.0,0.0,0.0,10.27597259781042,0.0,False,0.004039368794980856,10.27597259781042,False,0.0,0.0,6.0,3.5999999999999996,False,False,0.4749974823619847,0.5966433190870961,False,-0.47277644895389725,0.19058463945549092,False,0,False,0.20708143521635708,False,Normal,49,92
2025-03-23 06:00:00,0,0.0,0.0,0.0,6,6,1,1.0,6.123233995736766e-17,-0.7818314824680299,0.6234898018587334,0.0,0.0,0.0,0.0,0.0,0.0,0.0,0.0,0.0,10.27597259781042,0.0,False,0.003231495035984685,10.27597259781042,False,0.0,0.0,6.0,3.5999999999999996,False,False,0.48037038658426445,0.5966433190870961,False,-0.4655728705268867,0.19058463945549092,False,0,False,0.23052469873488346,False,Normal,49,92
2025-03-23 07:00:00,0,0.0,0.0,0.0,7,6,1,0.9659258262890683,-0.25881904510252063,-0.7818314824680299,0.6234898018587334,0.0,0.0,0.0,0.0,0.0,0.0,0.0,0.0,0.0,10.27597259781042,0.0,False,0.002585196028787748,10.27597259781042,False,0.0,0.0,6.0,3.5999999999999996,False,False,0.4782766377509504,0.5966433190870961,False,-0.4674195723820149,0.19058463945549092,False,0,False,0.22063698745232624,False,Normal,49,92
2025-03-23 08:00:00,0,0.0,0.0,0.0,8,6,1,0.8660254037844387,-0.4999999999999998,-0.7818314824680299,0.6234898018587334,0.0,0.0,0.0,0.0,0.0,0.0,0.0,0.0,0.0,10.27597259781042,0.0,False,0.0020681568230301985,10.27597259781042,False,0.0,0.0,6.0,3.5999999999999996,False,False,0.47560817631519975,0.5966433190870961,False,-0.4641525513250573,0.19058463945549092,False,0,False,0.21962288584201078,False,Normal,49,92
2025-03-23 09:00:00,0,0.0,0.0,0.0,9,6,1,0.7071067811865476,-0.7071067811865475,-0.7818314824680299,0.6234898018587334,0.0,0.0,0.0,0.0,0.0,0.0,0.0,0.0,0.0,10.27597259781042,0.0,False,0.0016545254584241589,10.27597259781042,False,0.0,0.0,6.0,3.5999999999999996,False,False,0.4774476236384225,0.5966433190870961,False,-0.4626891648732716,0.19058463945549092,False,0,False,0.2262413798346573,False,Normal,49,92
2025-03-23 10:00:00,0,0.0,0.0,0.0,10,6,1,0.49999999999999994,-0.8660254037844387,-0.7818314824680299,0.6234898018587334,0.0,0.0,0.0,0.0,0.0,0.0,0.0,0.0,0.0,10.27597259781042,0.0,False,0.0013236203667393272,10.27597259781042,False,0.0,0.0,6.0,3.5999999999999996,False,False,0.4823051813049829,0.5966433190870961,False,-0.46720171409592237,0.19058463945549092,False,0,False,0.2323461001224075,False,Normal,49,92
2025-03-23 11:00:00,0,0.0,0.0,0.0,11,6,1,0.258819045102521,-0.9659258262890682,-0.7818314824680299,0.6234898018587334,0.0,0.0,0.0,0.0,0.0,0.0,0.0,0.0,0.0,10.27597259781042,0.0,False,0.0010588962933914619,10.27597259781042,False,0.0,0.0,6.0,3.5999999999999996,False,False,0.4810166733443265,0.5966433190870961,False,-0.4762762761503949,0.19058463945549092,False,0,False,0.21977201118406833,False,Normal,49,92
2025-03-23 12:00:00,0,0.0,0.0,0.0,12,6,1,1.2246467991473532e-16,-1.0,-0.7818314824680299,0.6234898018587334,0.0,0.0,0.0,0.0,0.0,0.0,0.0,0.0,0.0,10.27597259781042,0.0,False,0.0008471170347131695,10.27597259781042,False,0.0,0.0,6.0,3.5999999999999996,False,False,0.4862449653035127,0.5966433190870961,False,-0.467452528756924,0.19058463945549092,False,0,False,0.23690375126935204,False,Normal,49,92
2025-03-23 13:00:00,0,0.0,0.0,0.0,13,6,1,-0.2588190451025208,-0.9659258262890683,-0.7818314824680299,0.6234898018587334,0.0,0.0,0.0,0.0,0.0,0.0,0.0,0.0,0.0,10.27597259781042,0.0,False,0.0006776936277705357,10.27597259781042,False,0.0,0.0,6.0,3.5999999999999996,False,False,0.48225083664657337,0.5966433190870961,False,-0.4568958304017401,0.19058463945549092,False,0,False,0.24301082873083743,False,Normal,49,92
2025-03-23 14:00:00,0,0.0,0.0,0.0,14,6,1,-0.4999999999999997,-0.8660254037844388,-0.7818314824680299,0.6234898018587334,0.0,0.0,0.0,0.0,0.0,0.0,0.0,0.0,0.0,10.27597259781042,0.0,False,0.0005421549022164286,10.27597259781042,False,0.0,0.0,6.0,3.5999999999999996,False,False,0.4771723153005243,0.5966433190870961,False,-0.4666502064118132,0.19058463945549092,False,0,False,0.22067738957643024,False,Normal,49,92
2025-03-23 15:00:00,0,0.0,0.0,0.0,15,6,1,-0.7071067811865471,-0.7071067811865479,-0.7818314824680299,0.6234898018587334,0.0,0.0,0.0,0.0,0.0,0.0,0.0,0.0,0.0,10.27597259781042,0.0,False,0.0004337239217731429,10.27597259781042,False,0.0,0.0,6.0,3.5999999999999996,False,False,0.4737771522731113,0.5966433190870961,False,-0.4817403060019385,0.19058463945549092,False,0,False,0.19586307270983333,False,Normal,49,92
2025-03-23 16:00:00,0,0.0,0.0,0.0,16,6,1,-0.8660254037844385,-0.5000000000000004,-0.7818314824680299,0.6234898018587334,0.0,0.0,0.0,0.0,0.0,0.0,0.0,0.0,0.0,10.27597259781042,0.0,False,0.00034697913741851437,10.27597259781042,False,0.0,0.0,6.0,3.5999999999999996,False,False,0.4697730035681253,0.5966433190870961,False,-0.49365986644760196,0.19058463945549092,False,0,False,0.17392828588322246,False,Normal,49,92
2025-03-23 17:00:00,0,0.0,0.0,0.0,17,6,1,-0.9659258262890683,-0.25881904510252063,-0.7818314824680299,0.6234898018587334,0.0,0.0,0.0,0.0,0.0,0.0,0.0,0.0,0.0,10.27597259781042,0.0,False,0.0002775833099348115,10.27597259781042,False,0.0,0.0,6.0,3.5999999999999996,False,False,0.468678390260739,0.5966433190870961,False,-0.5050026250257323,0.19058463945549092,False,0,False,0.1583373852608851,False,Normal,49,92
2025-03-23 18:00:00,0,0.0,0.0,0.0,18,6,1,-1.0,-1.8369701987210297e-16,-0.7818314824680299,0.6234898018587334,0.0,0.0,0.0,0.0,0.0,0.0,0.0,0.0,0.0,10.27597259781042,0.0,False,0.00022206664794784922,10.27597259781042,False,0.0,0.0,6.0,3.5999999999999996,False,False,0.4733257177021054,0.5966433190870961,False,-0.5195114414227577,0.19058463945549092,False,0,False,0.15473170596151703,False,Normal,49,92
2025-03-23 19:00:00,0,0.0,0.0,0.0,19,6,1,-0.9659258262890684,0.2588190451025203,-0.7818314824680299,0.6234898018587334,0.0,0.0,0.0,0.0,0.0,0.0,0.0,0.0,0.0,10.27597259781042,0.0,False,0.00017765331835827938,10.27597259781042,False,0.0,0.0,6.0,3.5999999999999996,False,False,0.46503748678239415,0.5966433190870961,False,-0.5318986541361919,0.19058463945549092,False,0,False,0.12268517750329605,False,Normal,49,92
2025-03-23 20:00:00,0,0.0,0.0,0.0,20,6,1,-0.8660254037844386,0.5000000000000001,-0.7818314824680299,0.6234898018587334,0.0,0.0,0.0,0.0,0.0,0.0,0.0,0.0,0.0,10.27597259781042,0.0,False,0.00014212265468662352,10.27597259781042,False,0.0,0.0,6.0,3.5999999999999996,False,False,0.4647572092411929,0.5966433190870961,False,-0.5302076985129515,0.19058463945549092,False,0,False,0.12429982739589526,False,Normal,49,92
2025-03-23 21:00:00,0,0.0,0.0,0.0,21,6,1,-0.7071067811865477,0.7071067811865474,-0.7818314824680299,0.6234898018587334,0.0,0.0,0.0,0.0,0.0,0.0,0.0,0.0,0.0,10.27597259781042,0.0,False,0.00011369812374929882,10.27597259781042,False,0.0,0.0,6.0,3.5999999999999996,False,False,0.46933122414994677,0.5966433190870961,False,-0.5294815977293595,0.19058463945549092,False,0,False,0.13518424393918813,False,Normal,49,92
2025-03-23 22:00:00,0,0.0,0.0,0.0,22,6,1,-0.5000000000000004,0.8660254037844384,-0.7818314824680299,0.6234898018587334,0.0,0.0,0.0,0.0,0.0,0.0,0.0,0.0,0.0,10.27597259781042,0.0,False,9.095849899943906e-05,10.27597259781042,False,0.0,0.0,6.0,3.5999999999999996,False,False,0.4698011663726619,0.5966433190870961,False,-0.532195668157258,0.19058463945549092,False,0,False,0.1338964588217625,False,Normal,49,92
2025-03-23 23:00:00,0,0.0,0.0,0.0,23,6,1,-0.25881904510252157,0.9659258262890681,-0.7818314824680299,0.6234898018587334,0.0,0.0,0.0,0.0,0.0,0.0,0.0,0.0,0.0,10.27597259781042,0.0,False,7.276679919955125e-05,10.27597259781042,False,0.0,0.0,6.0,3.5999999999999996,False,False,0.4765655569655123,0.5966433190870961,False,-0.5213682884375126,0.19058463945549092,False,0,False,0.16411623072782197,False,Normal,49,92
2025-03-24 00:00:00,0,0.0,0.0,0.0,0,0,0,0.0,1.0,0.0,1.0,0.0,0.0,0.0,0.0,0.0,0.0,0.0,0.0,0.0,10.27597259781042,0.0,False,5.8213439359641e-05,10.27597259781042,False,0.0,0.0,6.0,3.5999999999999996,False,False,0.5060907607650623,0.596150574197158,False,-0.2720449438721153,0.19058463945549092,False,0,False,0.3334512242826321,False,Normal,49,92
2025-03-24 01:00:00,0,0.0,0.0,0.0,1,0,0,0.25881904510252074,0.9659258262890683,0.0,1.0,0.0,0.0,0.0,0.0,0.0,0.0,0.0,0.0,0.0,10.27597259781042,0.0,False,4.657075148771281e-05,10.27597259781042,False,0.0,0.0,6.0,3.5999999999999996,False,False,0.49563319278382606,0.596150574197158,False,-0.3086265163354913,0.19058463945549092,False,0,False,0.3171355112613117,False,Normal,49,92
2025-03-24 02:00:00,0,0.0,0.0,0.0,2,0,0,0.49999999999999994,0.8660254037844387,0.0,1.0,0.0,0.0,0.0,0.0,0.0,0.0,0.0,0.0,0.0,10.27597259781042,0.0,False,3.725660119017025e-05,10.27597259781042,False,0.0,0.0,6.0,3.5999999999999996,False,False,0.48923799819695035,0.596150574197158,False,-0.3323605703071959,0.19058463945549092,False,0,False,0.3019200194959407,False,Normal,49,92
2025-03-24 03:00:00,0,0.0,0.0,0.0,3,0,0,0.7071067811865476,0.7071067811865476,0.0,1.0,0.0,0.0,0.0,0.0,0.0,0.0,0.0,0.0,0.0,10.27597259781042,0.0,False,2.98052809521362e-05,10.27597259781042,False,0.0,0.0,6.0,3.5999999999999996,False,False,0.48856994288570194,0.596150574197158,False,-0.36206122113781225,0.19058463945549092,False,0,False,0.29419519162671515,False,Normal,49,92
2025-03-24 04:00:00,0,0.0,0.0,0.0,4,0,0,0.8660254037844386,0.5000000000000001,0.0,1.0,0.0,0.0,0.0,0.0,0.0,0.0,0.0,0.0,0.0,10.27597259781042,0.0,False,2.384422476170896e-05,10.27597259781042,False,0.0,0.0,6.0,3.5999999999999996,False,False,0.4850617233517702,0.596150574197158,False,-0.37066637901115973,0.19058463945549092,False,0,False,0.28555746416279537,False,Normal,49,92
2025-03-24 05:00:00,0,0.0,0.0,0.0,5,0,0,0.9659258262890683,0.25881904510252074,0.0,1.0,0.0,0.0,0.0,0.0,0.0,0.0,0.0,0.0,0.0,10.27597259781042,0.0,False,1.907537980936717e-05,10.27597259781042,False,0.0,0.0,6.0,3.5999999999999996,False,False,0.4945675695271068,0.596150574197158,False,-0.3867107769232081,0.19058463945549092,False,0,False,0.29447593387705273,False,Normal,49,92
2025-03-24 06:00:00,17,10444.0,13156.0,23600.0,6,0,0,1.0,6.123233995736766e-17,0.0,1.0,-0.11491038515317148,0.0,17.0,0.0,0.0,3.0,0.0,20.5,-3.5,10.27597259781042,-0.3406003632926943,False,-0.6999847396961526,10.27597259781042,False,0.0,0.0,6.0,3.5999999999999996,False,False,0.5678819070764574,0.596150574197158,False,-0.3433403124280281,0.19058463945549092,False,0,False,0.3772359275922884,False,Normal,49,92
2025-03-24 07:00:00,37,18896.0,18385.0,37281.0,7,0,0,0.9659258262890683,-0.25881904510252063,0.0,1.0,0.013706346226060834,17.0,20.0,0.7083333333333334,3.4701104689428357,10.0,4817.3298274735835,28.0,9.0,10.276413793199044,0.8757919037822535,False,1.240012208243078,10.276413793199044,False,0.37579190378225347,0.0,6.0,3.5999999999999996,False,False,0.5726357954378699,0.596150574197158,False,-0.37350618220180265,0.19058463945549092,False,0,False,0.39710567508464617,False,Normal,49,92
2025-03-24 08:00:00,62,33400.0,33568.0,66968.0,8,0,0,0.8660254037844387,-0.4999999999999998,0.0,1.0,-0.002508623392913139,37.0,25.0,2.25,8.173392675388046,-17.0,8827.810849213567,62.0,0.0,10.240765604206935,0.0,False,0.9920097665944625,10.240765604206935,False,0.0,0.0,6.0,3.5999999999999996,False,False,0.5776608648754834,0.596150574197158,False,-0.3752824259617831,0.19058463945549092,False,0,False,0.3670583965795582,False,Normal,49,92
2025-03-24 09:00:00,97,35664.0,53602.0,89266.0,9,0,0,0.7071067811865476,-0.7071067811865475,0.0,1.0,-0.20094771864182734,62.0,35.0,4.833333333333333,14.657441103758353,8.0,15812.060662339136,86.0,11.0,10.239586293277537,1.0742621513157897,False,2.9936078132755704,10.239586293277537,False,0.5742621513157897,0.0,6.0,3.5999999999999996,False,False,0.5839234110412957,0.596150574197158,False,-0.29805404013357695,0.19058463945549092,False,0,False,0.4532342844329953,False,Normal,49,92
2025-03-24 10:00:00,151,56493.0,71523.0,128016.0,10,0,0,0.49999999999999994,-0.8660254037844387,0.0,1.0,-0.11740628197817478,97.0,54.0,8.875,23.79315301583173,24.0,23252.716475208857,114.0,37.0,10.198891447158504,3.627845260605113,True,9.794886250620458,10.198891447158504,False,3.7021074119209025,0.0,6.0,3.5999999999999996,False,True,0.6068139369890795,0.596150574197158,True,-0.3241817952810553,0.19058463945549092,False,2,False,0.6401267261260828,True,Building Stress,49,93
2025-03-24 11:00:00,112,53399.0,53337.0,106736.0,11,0,0,0.258819045102521,-0.9659258262890682,0.0,1.0,0.0005808669908279228,151.0,-39.0,15.166666666666666,37.41153817214413,-10.0,33508.54468052715,108.5,3.5,10.274593038266337,0.340646095369882,False,8.535909000496366,10.274593038266337,False,3.5427535072907848,0.0,6.0,3.5999999999999996,False,False,0.5769544334627104,0.596150574197158,False,-0.3509807099273694,0.19058463945549092,False,0,False,0.49584989291858017,False,Normal,49,93
2025-03-24 12:00:00,89,37996.0,37721.0,75717.0,12,0,0,1.2246467991473532e-16,-1.0,0.0,1.0,0.0036318973031511663,112.0,-23.0,19.833333333333332,42.125760647671726,18.0,38262.80800393529,69.5,19.5,10.202064031926765,1.9113779269543776,False,10.728727200397094,10.202064031926765,True,4.954131434245163,0.0,6.0,3.5999999999999996,False,True,0.5379909134561915,0.596150574197158,False,-0.38848056688622457,0.19058463945549092,False,1,False,0.5385487398872433,True,Building Stress,49,94
2025-03-24 13:00:00,75,28436.0,41137.0,69573.0,13,0,0,-0.2588190451025208,-0.9659258262890683,0.0,1.0,-0.1825538275792681,89.0,-14.0,23.541666666666668,44.17158162425708,2.0,39736.083465641226,60.0,15.0,10.192183101869057,1.471716103417459,False,11.582981760317676,10.192183101869057,True,5.925847537662622,0.0,6.0,3.5999999999999996,False,True,0.53163355399463,0.596150574197158,False,-0.3670969223699909,0.19058463945549092,False,1,False,0.5287856678667243,True,Building Stress,49,95
2025-03-24 14:00:00,85,45143.0,51757.0,96900.0,14,0,0,-0.4999999999999997,-0.8660254037844388,0.0,1.0,-0.06825522956419439,75.0,10.0,26.666666666666668,45.07738917121037,-7.0,40591.23611449319,84.5,0.5,10.198653244745781,0.04902608099335015,False,9.366385408254141,10.198653244745781,False,5.474873618655972,0.0,6.0,3.5999999999999996,False,True,0.5195647817358352,0.596150574197158,False,-0.4298473686598867,0.19058463945549092,False,0,False,0.4373100202584452,True,Building Stress,49,96
2025-03-24 15:00:00,161,86722.0,99433.0,186155.0,15,0,0,-0.7071067811865471,-0.7071067811865479,0.0,1.0,-0.06828144137175272,85.0,76.0,30.208333333333332,46.21591968017144,-16.0,42769.47703218832,148.5,12.5,10.198254858478364,1.2256999039015062,False,9.993108326603313,10.198254858478364,False,0.0,0.0,6.0,3.5999999999999996,True,False,0.5715841220303165,0.596150574197158,False,-0.45208753255925394,0.19058463945549092,False,1,False,0.7021885373868533,False,Normal,49,96
2025-03-24 16:00:00,228,115684.0,124093.0,239777.0,16,0,0,-0.8660254037844385,-0.5000000000000004,0.0,1.0,-0.03506993969421715,161.0,67.0,36.916666666666664,52.849183833660646,-11.0,52962.324562310125,193.5,34.5,10.177039581941443,3.389983867333897,True,14.89448666128265,10.177039581941443,True,2.889983867333897,0.0,6.0,3.5999999999999996,False,False,0.592056581057058,0.596150574197158,False,-0.43501085896876246,0.19058463945549092,False,2,False,0.5956305483867853,False,Watch,49,96
2025-03-24 17:00:00,259,119742.0,162933.0,282675.0,17,0,0,-0.9659258262890683,-0.25881904510252063,0.0,1.0,-0.1527933039946794,228.0,31.0,46.416666666666664,65.01633016716491,-23.0,66602.24727242556,233.0,26.0,9.964516187161545,2.6092586445389943,False,17.115589329026122,9.964516187161545,True,4.999242511872891,0.0,6.0,3.5999999999999996,False,True,0.5974143909146888,0.596150574197158,True,-0.2971622927733917,0.19058463945549092,False,2,False,0.6147140521962436,True,Building Stress,49,97
2025-03-24 18:00:00,47,16997.0,24951.0,41948.0,18,0,0,-1.0,-1.8369701987210297e-16,0.0,1.0,-0.18961119454575795,259.0,-212.0,57.208333333333336,77.30964232941095,5.0,81352.10590773412,38.5,8.5,9.93023205282061,0.855971940513277,False,15.392471463220897,9.93023205282061,True,5.355214452386169,0.0,6.0,3.5999999999999996,False,True,0.6034988445429122,0.596150574197158,True,0.16383005593682642,0.19058463945549092,False,2,False,0.6119827725489444,True,Building Stress,49,98
2025-03-24 19:00:00,0,0.0,0.0,0.0,19,0,0,-0.9659258262890684,0.2588190451025203,0.0,1.0,0.0,47.0,-47.0,59.166666666666664,76.3872665616045,0.0,80487.87889336894,0.0,0.0,9.936744738048992,0.0,False,12.313977170576718,9.936744738048992,True,4.855214452386169,0.0,6.0,3.5999999999999996,False,True,0.5023199110423193,0.596150574197158,False,-0.25359814277880943,0.19058463945549092,False,1,False,0.48206928838951313,True,Building Stress,49,99
2025-03-24 20:00:00,0,0.0,0.0,0.0,20,0,0,-0.8660254037844386,0.5000000000000001,0.0,1.0,0.0,0.0,0.0,59.166666666666664,76.3872665616045,0.0,80487.87889336894,0.0,0.0,9.936744738048992,0.0,False,9.851181736461376,9.936744738048992,False,4.355214452386169,0.0,6.0,3.5999999999999996,False,True,0.4554777051340431,0.596150574197158,False,-0.39969571555931016,0.19058463945549092,False,0,False,0.35762692415644043,True,Building Stress,49,100
2025-03-24 21:00:00,0,0.0,0.0,0.0,21,0,0,-0.7071067811865477,0.7071067811865474,0.0,1.0,0.0,0.0,0.0,59.166666666666664,76.3872665616045,0.0,80487.87889336894,0.0,0.0,9.936744738048992,0.0,False,7.880945389169101,9.936744738048992,False,3.8552144523861687,0.0,6.0,3.5999999999999996,False,True,0.4548980299503828,0.596150574197158,False,-0.4342825057845241,0.19058463945549092,False,0,False,0.3127167078644782,True,Building Stress,49,101
2025-03-24 22:00:00,0,0.0,0.0,0.0,22,0,0,-0.5000000000000004,0.8660254037844384,0.0,1.0,0.0,0.0,0.0,59.166666666666664,76.3872665616045,0.0,80487.87889336894,0.0,0.0,9.936744738048992,0.0,False,6.304756311335281,9.936744738048992,False,3.3552144523861687,0.0,6.0,3.5999999999999996,False,False,0.4533281798627411,0.596150574197158,False,-0.4526633612299058,0.19058463945549092,False,0,False,0.27632973333278105,False,Normal,49,101
2025-03-24 23:00:00,0,0.0,0.0,0.0,23,0,0,-0.25881904510252157,0.9659258262890681,0.0,1.0,0.0,0.0,0.0,59.166666666666664,76.3872665616045,0.0,80487.87889336894,0.0,0.0,9.936744738048992,0.0,False,5.043805049068226,9.936744738048992,False,2.8552144523861687,0.0,6.0,3.5999999999999996,False,False,0.45505621032434207,0.596150574197158,False,-0.45734748687633164,0.19058463945549092,False,0,False,0.2568503035201575,False,Normal,49,101
2025-03-25 00:00:00,0,0.0,0.0,0.0,0,1,0,0.0,1.0,0.7818314824680298,0.6234898018587336,0.0,0.0,0.0,59.166666666666664,76.3872665616045,0.0,80487.87889336894,0.0,0.0,9.936744738048992,0.0,False,4.035044039254581,9.936744738048992,False,2.3552144523861687,0.0,6.0,3.5999999999999996,False,False,0.45216106966157116,0.5960089056974504,False,-0.47770408762716654,0.20540831934606946,False,0,False,0.2186590817674368,False,Normal,49,101
2025-03-25 01:00:00,0,0.0,0.0,0.0,1,1,0,0.25881904510252074,0.9659258262890683,0.7818314824680298,0.6234898018587336,0.0,0.0,0.0,59.166666666666664,76.3872665616045,0.0,80487.87889336894,0.0,0.0,9.936744738048992,0.0,False,3.228035231403665,9.936744738048992,False,1.8552144523861687,0.0,6.0,3.5999999999999996,False,False,0.45071038050219414,0.5960089056974504,False,-0.46149868654387727,0.20540831934606946,False,0,False,0.22108363245514798,False,Normal,49,101
2025-03-25 02:00:00,0,0.0,0.0,0.0,2,1,0,0.49999999999999994,0.8660254037844387,0.7818314824680298,0.6234898018587336,0.0,0.0,0.0,59.166666666666664,76.3872665616045,0.0,80487.87889336894,0.0,0.0,9.936744738048992,0.0,False,2.5824281851229323,9.936744738048992,False,1.3552144523861687,0.0,6.0,3.5999999999999996,False,False,0.44477835682520805,0.5960089056974504,False,-0.45141589056208353,0.20540831934606946,False,0,False,0.21129106326748914,False,Normal,49,101
2025-03-25 03:00:00,0,0.0,0.0,0.0,3,1,0,0.7071067811865476,0.7071067811865476,0.7818314824680298,0.6234898018587336,0.0,0.0,0.0,59.166666666666664,76.3872665616045,0.0,80487.87889336894,0.0,0.0,9.936744738048992,0.0,False,2.065942548098346,9.936744738048992,False,0.8552144523861687,0.0,6.0,3.5999999999999996,False,False,0.4445343868952252,0.5960089056974504,False,-0.4445659881361801,0.20540831934606946,False,0,False,0.20632685810462803,False,Normal,49,101
2025-03-25 04:00:00,0,0.0,0.0,0.0,4,1,0,0.8660254037844386,0.5000000000000001,0.7818314824680298,0.6234898018587336,0.0,0.0,0.0,59.166666666666664,76.3872665616045,0.0,80487.87889336894,0.0,0.0,9.936744738048992,0.0,False,1.652754038478677,9.936744738048992,False,0.35521445238616867,0.0,6.0,3.5999999999999996,False,False,0.4454486305236361,0.5960089056974504,False,-0.4401310704712882,0.20540831934606946,False,0,False,0.20399875240130544,False,Normal,49,101
2025-03-25 05:00:00,0,0.0,0.0,0.0,5,1,0,0.9659258262890683,0.25881904510252074,0.7818314824680298,0.6234898018587336,0.0,0.0,0.0,59.166666666666664,76.3872665616045,0.0,80487.87889336894,0.0,0.0,9.936744738048992,0.0,False,1.3222032307829417,9.936744738048992,False,0.0,0.0,6.0,3.5999999999999996,False,False,0.44950545859505686,0.5960089056974504,False,-0.42509995944682233,0.20540831934606946,False,0,False,0.2100342079135537,False,Normal,49,101
2025-03-25 06:00:00,22,7443.0,10510.0,17953.0,6,1,0,1.0,6.123233995736766e-17,0.7818314824680298,0.6234898018587336,-0.17082544279826223,0.0,22.0,59.166666666666664,76.3872665616045,3.0,80487.87889336894,20.5,1.5,9.936744738048992,0.15095486897799834,False,1.3577625846263535,9.936744738048992,False,0.0,0.0,6.0,3.5999999999999996,False,False,0.5141613723057482,0.5960089056974504,False,-0.27805363764859736,0.20540831934606946,False,0,False,0.36330881514888774,False,Normal,49,101
2025-03-25 07:00:00,21,12575.0,17078.0,29653.0,7,1,0,0.9659258262890683,-0.25881904510252063,0.7818314824680298,0.6234898018587336,-0.1518513522627639,22.0,-1.0,59.375,76.27399836174156,1.0,80607.6651788922,28.0,-7.0,9.93391567819584,-0.704656675852851,False,-0.3137899322989173,9.93391567819584,False,0.0,0.20465667585285097,6.0,3.5999999999999996,False,False,0.5014777070872979,0.5960089056974504,False,-0.35581845956819347,0.20540831934606946,False,0,False,0.34103102377664896,False,Normal,49,101
2025-03-25 08:00:00,56,20695.0,32175.0,52870.0,8,1,0,0.8660254037844387,-0.4999999999999998,0.7818314824680298,0.6234898018587336,-0.2171322653250364,21.0,35.0,58.708333333333336,76.54750111882315,15.0,80715.92856888483,62.5,-6.5,9.93391567819584,-0.6543240561490759,False,-1.551031945839134,9.93391567819584,False,0.0,0.3589807320019268,6.0,3.5999999999999996,False,False,0.533547019482564,0.5960089056974504,False,-0.3376261801414837,0.20540831934606946,False,0,False,0.3832928499479431,False,Normal,49,101
2025-03-25 09:00:00,76,34939.0,49851.0,84790.0,9,1,0,0.7071067811865476,-0.7071067811865475,0.7818314824680298,0.6234898018587336,-0.17586772181009777,56.0,20.0,58.458333333333336,76.5460811291596,-11.0,80711.57202835317,87.0,-11.0,9.938595387258697,-1.1067962394466753,False,-3.4408255566713075,9.938595387258697,False,0.0,0.965776971448602,6.0,3.5999999999999996,False,False,0.49724556511261936,0.5960089056974504,False,-0.43942101413057566,0.20540831934606946,False,0,False,0.36330949198154505,False,Normal,49,101
2025-03-25 10:00:00,104,53600.0,65072.0,118672.0,10,1,0,0.49999999999999994,-0.8660254037844387,0.7818314824680298,0.6234898018587336,-0.09666899800291558,76.0,28.0,57.583333333333336,76.20562381772932,-18.0,80643.86320775222,117.0,-13.0,9.94612323662982,-1.3070419188175038,False,-5.352660445337046,9.94612323662982,False,0.0,1.7728188902661057,6.0,3.5999999999999996,False,False,0.5006491119856981,0.5960089056974504,False,-0.4585254759791966,0.20540831934606946,False,0,False,0.3906318411858897,False,Normal,49,101
2025-03-25 11:00:00,86,52320.0,44136.0,96456.0,11,1,0,0.258819045102521,-0.9659258262890682,0.7818314824680298,0.6234898018587336,0.08484609722467006,104.0,-18.0,55.625,74.2802053917696,-23.0,80317.39546648614,109.5,-23.5,9.944758111249138,-2.3630539563770463,False,-8.982128356269637,9.944758111249138,False,0.0,3.635872846643152,6.0,3.5999999999999996,False,True,0.5222427648931496,0.5960089056974504,False,-0.2936937989485331,0.20540831934606946,False,0,False,0.5560559256725611,True,Building Stress,49,102
2025-03-25 12:00:00,67,28320.0,33403.0,61723.0,12,1,0,1.2246467991473532e-16,-1.0,0.7818314824680298,0.6234898018587336,-0.08235046335299073,86.0,-19.0,54.541666666666664,73.60882459305415,7.0,80075.88183389833,71.0,-4.0,9.990922887701654,-0.40036341436723605,False,-7.98570268501571,9.990922887701654,False,0.0,3.536236261010388,6.0,3.5999999999999996,False,False,0.4797748823130736,0.5960089056974504,False,-0.4983758335209987,0.20540831934606946,False,0,False,0.3315310153884907,False,Normal,49,102
2025-03-25 13:00:00,57,24115.0,26676.0,50791.0,13,1,0,-0.2588190451025208,-0.9659258262890683,0.7818314824680298,0.6234898018587336,-0.050421326193101274,67.0,-10.0,53.625,73.29737672510939,4.0,79992.530852309,66.5,-9.5,9.990461977545765,-0.9509069772100518,False,-8.288562148012568,9.990461977545765,False,0.0,3.9871432382204404,6.0,3.5999999999999996,False,True,0.46978822290097044,0.5960089056974504,False,-0.48877404793649837,0.20540831934606946,False,0,False,0.33477230656627655,True,Building Stress,49,103
2025-03-25 14:00:00,78,30653.0,40633.0,71286.0,14,1,0,-0.4999999999999997,-0.8660254037844388,0.7818314824680298,0.6234898018587336,-0.13999747499544096,57.0,21.0,52.875,73.16111612764992,-6.0,79960.7869858063,84.5,-6.5,9.996991356469435,-0.6501956206847775,False,-7.930849718410054,9.996991356469435,False,0.0,4.137338858905218,6.0,3.5999999999999996,False,True,0.47886681811697973,0.5960089056974504,False,-0.49638881032999094,0.20540831934606946,False,0,False,0.3374648067145768,True,Building Stress,49,104
2025-03-25 15:00:00,142,66079.0,73402.0,139481.0,15,1,0,-0.7071067811865471,-0.7071067811865479,0.7818314824680298,0.6234898018587336,-0.05250139802985331,78.0,64.0,52.583333333333336,73.04133235288126,-9.0,79570.63407191676,148.5,-6.5,9.997647763678659,-0.650152931333951,False,-7.6446797747280435,9.997647763678659,False,0.0,4.2874917902391685,6.0,3.5999999999999996,False,True,0.5090416773740122,0.5960089056974504,False,-0.49306584307231316,0.20540831934606946,False,0,False,0.37904216145886127,True,Building Stress,49,105
2025-03-25 16:00:00,170,89095.0,104090.0,193185.0,16,1,0,-0.8660254037844385,-0.5000000000000004,0.7818314824680298,0.6234898018587336,-0.07761949623678735,142.0,28.0,51.791666666666664,71.90935064471746,-8.0,76762.24611604845,201.0,-31.0,9.987135479742193,-3.103993138260725,True,-12.315743819782435,9.987135479742193,True,0.0,0.0,6.0,3.5999999999999996,True,False,0.5200786901143493,0.5960089056974504,False,-0.4668401417314403,0.20540831934606946,False,3,True,0.7263596963689906,False,Confirmed Anomaly,50,105
2025-03-25 17:00:00,250,101356.0,112856.0,214212.0,17,1,0,-0.9659258262890683,-0.25881904510252063,0.7818314824680298,0.6234898018587336,-0.05368488373721483,170.0,80.0,49.375,66.50126674177619,21.0,72311.02075544113,247.5,2.5,10.043582202653262,0.24891517284934084,False,-9.35259505582595,10.043582202653262,False,0.0,0.0,6.0,3.5999999999999996,False,False,0.5605163228236256,0.5960089056974504,False,-0.4282500207887874,0.20540831934606946,False,0,False,0.4687170416974916,False,Normal,50,105
2025-03-25 18:00:00,34,16152.0,19432.0,35584.0,18,1,0,-1.0,-1.8369701987210297e-16,0.7818314824680298,0.6234898018587336,-0.09217366868062386,250.0,-216.0,49.0,65.28199698565281,3.0,63634.01556910638,39.5,-5.5,9.994409747372039,-0.5503076358707614,False,-8.58207604466076,9.994409747372039,False,0.0,0.05030763587076137,6.0,3.5999999999999996,False,False,0.568714938192932,0.5960089056974504,False,0.3687497416676102,0.20540831934606946,True,1,False,0.5710231372385687,False,Normal,50,105
2025-03-25 19:00:00,0,0.0,0.0,0.0,19,1,0,-0.9659258262890684,0.2588190451025203,0.7818314824680298,0.6234898018587336,0.0,34.0,-34.0,48.458333333333336,65.35320701133699,0.0,63677.38421795118,0.0,0.0,9.990857742680173,0.0,False,-6.865660835728608,9.990857742680173,False,0.0,0.0,6.0,3.5999999999999996,False,False,0.4497044347680615,0.5960089056974504,False,-0.3830779701545335,0.20540831934606946,False,0,False,0.31176360707626377,False,Normal,50,105
2025-03-25 20:00:00,0,0.0,0.0,0.0,20,1,0,-0.8660254037844386,0.5000000000000001,0.7818314824680298,0.6234898018587336,0.0,0.0,0.0,48.458333333333336,65.35320701133699,0.0,63677.38421795118,0.0,0.0,9.990857742680173,0.0,False,-5.492528668582887,9.990857742680173,False,0.0,0.0,6.0,3.5999999999999996,False,False,0.42423897835923924,0.5960089056974504,False,-0.45816483617988646,0.20540831934606946,False,0,False,0.23529571712168518,False,Normal,50,105
2025-03-25 21:00:00,0,0.0,0.0,0.0,21,1,0,-0.7071067811865477,0.7071067811865474,0.7818314824680298,0.6234898018587336,0.0,0.0,0.0,48.458333333333336,65.35320701133699,0.0,63677.38421795118,0.0,0.0,9.990857742680173,0.0,False,-4.394022934866309,9.990857742680173,False,0.0,0.0,6.0,3.5999999999999996,False,False,0.42223377178530147,0.5960089056974504,False,-0.493921567224507,0.20540831934606946,False,0,False,0.18291822163742305,False,Normal,50,105
2025-03-25 22:00:00,0,0.0,0.0,0.0,22,1,0,-0.5000000000000004,0.8660254037844384,0.7818314824680298,0.6234898018587336,0.0,0.0,0.0,48.458333333333336,65.35320701133699,0.0,63677.38421795118,0.0,0.0,9.990857742680173,0.0,False,-3.5152183478930477,9.990857742680173,False,0.0,0.0,6.0,3.5999999999999996,False,False,0.41700292961511887,0.5960089056974504,False,-0.5148055323390082,0.20540831934606946,False,0,False,0.13758457730993845,False,Normal,50,105
2025-03-25 23:00:00,0,0.0,0.0,0.0,23,1,0,-0.25881904510252157,0.9659258262890681,0.7818314824680298,0.6234898018587336,0.0,0.0,0.0,48.458333333333336,65.35320701133699,0.0,63677.38421795118,0.0,0.0,9.990857742680173,0.0,False,-2.812174678314438,9.990857742680173,False,0.0,0.0,6.0,3.5999999999999996,False,False,0.4180589964401275,0.5960089056974504,False,-0.516514429301569,0.20540831934606946,False,0,False,0.12731017121124663,False,Normal,50,105
2025-03-26 00:00:00,0,0.0,0.0,0.0,0,2,0,0.0,1.0,0.9749279121818236,-0.22252093395631434,0.0,0.0,0.0,48.458333333333336,65.35320701133699,0.0,63677.38421795118,0.0,0.0,9.990857742680173,0.0,False,-2.2497397426515504,9.990857742680173,False,0.0,0.0,6.0,3.5999999999999996,False,False,0.41388006354010487,0.5972262734295878,False,-0.5317803214018235,0.19302307287982765,False,0,False,0.09606630176300479,False,Normal,50,105
2025-03-26 01:00:00,0,0.0,0.0,0.0,1,2,0,0.25881904510252074,0.9659258262890683,0.9749279121818236,-0.22252093395631434,0.0,0.0,0.0,48.458333333333336,65.35320701133699,0.0,63677.38421795118,0.0,0.0,9.990857742680173,0.0,False,-1.7997917941212405,9.990857742680173,False,0.0,0.0,6.0,3.5999999999999996,False,False,0.4143210649178441,0.5972262734295878,False,-0.5223995825220135,0.19302307287982765,False,0,False,0.09741015751527275,False,Normal,50,105
2025-03-26 02:00:00,0,0.0,0.0,0.0,2,2,0,0.49999999999999994,0.8660254037844387,0.9749279121818236,-0.22252093395631434,0.0,0.0,0.0,48.458333333333336,65.35320701133699,0.0,63677.38421795118,0.0,0.0,9.990857742680173,0.0,False,-1.4398334352969924,9.990857742680173,False,0.0,0.0,6.0,3.5999999999999996,False,False,0.4133188461341345,0.5972262734295878,False,-0.5141296240932742,0.19302307287982765,False,0,False,0.09928580391483993,False,Normal,50,105
2025-03-26 03:00:00,0,0.0,0.0,0.0,3,2,0,0.7071067811865476,0.7071067811865476,0.9749279121818236,-0.22252093395631434,0.0,0.0,0.0,48.458333333333336,65.35320701133699,0.0,63677.38421795118,0.0,0.0,9.990857742680173,0.0,False,-1.151866748237594,9.990857742680173,False,0.0,0.0,6.0,3.5999999999999996,False,False,0.41183371823492115,0.5972262734295878,False,-0.5057360629406354,0.19302307287982765,False,0,False,0.10350635848767718,False,Normal,50,105
2025-03-26 04:00:00,0,0.0,0.0,0.0,4,2,0,0.8660254037844386,0.5000000000000001,0.9749279121818236,-0.22252093395631434,0.0,0.0,0.0,48.458333333333336,65.35320701133699,0.0,63677.38421795118,0.0,0.0,9.990857742680173,0.0,False,-0.9214933985900752,9.990857742680173,False,0.0,0.0,6.0,3.5999999999999996,False,False,0.41672773358534543,0.5972262734295878,False,-0.48917580425874796,0.19302307287982765,False,0,False,0.1262648246178571,False,Normal,50,105
2025-03-26 05:00:00,0,0.0,0.0,0.0,5,2,0,0.9659258262890683,0.25881904510252074,0.9749279121818236,-0.22252093395631434,0.0,0.0,0.0,48.458333333333336,65.35320701133699,0.0,63677.38421795118,0.0,0.0,9.990857742680173,0.0,False,-0.7371947188720602,9.990857742680173,False,0.0,0.0,6.0,3.5999999999999996,False,False,0.4171567314601506,0.5972262734295878,False,-0.4529365474532785,0.19302307287982765,False,0,False,0.15610549265308718,False,Normal,50,105
2025-03-26 06:00:00,20,7697.0,8319.0,16016.0,6,2,0,1.0,6.123233995736766e-17,0.9749279121818236,-0.22252093395631434,-0.03883373915215084,0.0,20.0,48.458333333333336,65.35320701133699,-2.0,63677.38421795118,20.5,-0.5,9.990857742680173,-0.050045753115274434,False,-0.6897557750976482,9.990857742680173,False,0.0,0.0,6.0,3.5999999999999996,False,False,0.44678736134698405,0.5972262734295878,False,-0.414938695937346,0.19302307287982765,False,0,False,0.20490789107070678,False,Normal,50,105
2025-03-26 07:00:00,26,11653.0,13654.0,25307.0,7,2,0,0.9659258262890683,-0.25881904510252063,0.9749279121818236,-0.22252093395631434,-0.07906590801327644,20.0,6.0,48.375,65.38967642226635,2.0,63719.14477064593,25.5,0.5,9.985488184425247,0.05007266452729566,False,-0.4518046200781186,9.985488184425247,False,0.0,0.0,6.0,3.5999999999999996,False,False,0.4511499929643946,0.5972262734295878,False,-0.3819080770688934,0.19302307287982765,False,0,False,0.2201367187799796,False,Normal,50,105
2025-03-26 08:00:00,63,25733.0,29327.0,55060.0,8,2,0,0.8660254037844387,-0.4999999999999998,0.9749279121818236,-0.22252093395631434,-0.06527306078712701,26.0,37.0,48.583333333333336,65.3065791123859,-4.0,63781.26878045437,62.5,0.5,9.98257257142369,0.050087289265625765,False,-0.26144369606249496,9.98257257142369,False,0.0,0.0,6.0,3.5999999999999996,False,False,0.45359369996822896,0.5972262734295878,False,-0.4076740854067282,0.19302307287982765,False,0,False,0.2092263552718192,False,Normal,50,105
2025-03-26 09:00:00,74,29287.0,54402.0,83689.0,9,2,0,0.7071067811865476,-0.7071067811865475,0.9749279121818236,-0.22252093395631434,-0.3000955908710718,63.0,11.0,48.875,65.35675508149565,-10.0,63789.58429243041,87.0,-13.0,9.979995878578224,-1.3026057483554807,False,-2.809154956849996,9.979995878578224,False,0.0,0.8026057483554807,6.0,3.5999999999999996,False,False,0.4971022861728964,0.5972262734295878,False,-0.35354208169152135,0.19302307287982765,False,0,False,0.3936710031538559,False,Normal,50,105
2025-03-26 10:00:00,112,50107.0,55584.0,105691.0,10,2,0,0.49999999999999994,-0.8660254037844387,0.9749279121818236,-0.22252093395631434,-0.05182038375657571,74.0,38.0,48.791666666666664,65.32193131058608,1.0,63762.69651725977,117.0,-5.0,9.993792400575689,-0.5003105727623456,False,-3.247323965479997,9.993792400575689,False,0.0,0.8029163211178263,6.0,3.5999999999999996,False,False,0.46268515479368205,0.5972262734295878,False,-0.5119360774389828,0.19302307287982765,False,0,False,0.20247237793119674,False,Normal,50,105
2025-03-26 11:00:00,105,45720.0,48651.0,94371.0,11,2,0,0.258819045102521,-0.9659258262890682,0.9749279121818236,-0.22252093395631434,-0.031057940914678082,112.0,-7.0,49.125,65.63556333203093,21.0,63193.15044804232,108.5,-3.5,9.944370973495808,-0.35195790757689555,False,-3.297859172383998,9.944370973495808,False,0.0,0.6548742286947218,6.0,3.5999999999999996,False,False,0.47912097917427726,0.5972262734295878,False,-0.47301268186878387,0.19302307287982765,False,0,False,0.27950088684166063,False,Normal,50,105
2025-03-26 12:00:00,75,25074.0,30815.0,55889.0,12,2,0,1.2246467991473532e-16,-1.0,0.9749279121818236,-0.22252093395631434,-0.10271962784040078,105.0,-30.0,49.916666666666664,66.21172670776066,4.0,63124.82499536652,71.0,4.0,9.930051708746014,0.4028176405644445,False,-1.8382873379071987,9.930051708746014,False,0.0,0.0,6.0,3.5999999999999996,False,False,0.4683721468743037,0.5972262734295878,False,-0.517485206740605,0.19302307287982765,False,0,False,0.1844542279568463,False,Normal,50,105
2025-03-26 13:00:00,58,25659.0,29971.0,55630.0,13,2,0,-0.2588190451025208,-0.9659258262890683,0.9749279121818236,-0.22252093395631434,-0.07751074041451708,75.0,-17.0,50.25,66.32151595267457,-10.0,63079.96104732375,66.5,-8.5,9.89544890930816,-0.8589807372967658,False,-3.170629870325759,9.89544890930816,False,0.0,0.35898073729676583,6.0,3.5999999999999996,False,False,0.44926304940424533,0.5972262734295878,False,-0.5103698114862932,0.19302307287982765,False,0,False,0.19771523138311897,False,Normal,50,105
2025-03-26 14:00:00,90,38814.0,45397.0,84211.0,14,2,0,-0.4999999999999997,-0.8660254037844388,0.9749279121818236,-0.22252093395631434,-0.0781717569942526,58.0,32.0,50.291666666666664,66.32625499339815,26.0,63098.59024848346,84.5,5.5,9.903425744804107,0.555363380483325,False,-1.4365038962606071,9.903425744804107,False,0.05536338048332501,0.0,6.0,3.5999999999999996,False,False,0.4703345691003845,0.5972262734295878,False,-0.4812424944292153,0.19302307287982765,False,0,False,0.22744207896073843,False,Normal,50,105
2025-03-26 15:00:00,151,57868.0,66457.0,124325.0,15,2,0,-0.7071067811865471,-0.7071067811865479,0.9749279121818236,-0.22252093395631434,-0.06908450364364654,90.0,61.0,50.791666666666664,66.588926593898,31.0,63363.02715918298,148.5,2.5,9.906008417576654,0.25237208516440823,False,-0.6492031170084858,9.906008417576654,False,0.0,0.0,6.0,3.5999999999999996,False,False,0.5061405818810052,0.5972262734295878,False,-0.42195955915976224,0.19302307287982765,False,0,False,0.31119696734908076,False,Normal,50,105
2025-03-26 16:00:00,212,89536.0,90750.0,180286.0,16,2,0,-0.8660254037844385,-0.5000000000000004,0.9749279121818236,-0.22252093395631434,-0.006733707921258882,151.0,61.0,51.166666666666664,67.1479007840911,20.0,62483.8187177926,199.5,12.5,9.89548159661296,1.2632027939174297,False,1.9806375063932113,9.89548159661296,False,0.7632027939174297,0.0,6.0,3.5999999999999996,False,False,0.5315576575646311,0.5972262734295878,False,-0.4485681808623436,0.19302307287982765,False,0,False,0.3659737547378118,False,Normal,50,105
2025-03-26 17:00:00,200,108085.0,103939.0,212024.0,17,2,0,-0.9659258262890683,-0.25881904510252063,0.9749279121818236,-0.22252093395631434,0.019554297842235585,212.0,-12.0,52.916666666666664,70.82612921591962,-30.0,61220.09907866112,254.5,-54.5,9.909989631583409,-5.499501213029225,True,-9.315489994885432,9.909989631583409,False,0.0,4.999501213029225,6.0,3.5999999999999996,False,True,0.5698591560866754,0.5972262734295878,False,-0.3423936999984545,0.19302307287982765,False,1,False,0.681762037032576,True,Building Stress,50,106
2025-03-26 18:00:00,38,13807.0,18955.0,32762.0,18,2,0,-1.0,-1.8369701987210297e-16,0.9749279121818236,-0.22252093395631434,-0.15712846808900283,200.0,-162.0,50.833333333333336,65.29642554080426,9.0,60961.49692043983,39.5,-1.5,10.207939937781749,-0.1469444382649806,False,-7.752391995908346,10.207939937781749,False,0.0,4.646445651294205,6.0,3.5999999999999996,False,True,0.5465303239129302,0.5972262734295878,False,0.13633106396414596,0.19302307287982765,False,0,False,0.5266101804672592,True,Building Stress,50,107
2025-03-26 19:00:00,0,0.0,0.0,0.0,19,2,0,-0.9659258262890684,0.2588190451025203,0.9749279121818236,-0.22252093395631434,0.0,38.0,-38.0,51.0,65.25668381559619,0.0,60987.19671146415,0.0,0.0,10.204320199720627,0.0,False,-6.201913596726677,10.204320199720627,False,0.0,4.146445651294205,6.0,3.5999999999999996,False,True,0.4598641682859157,0.5972262734295878,False,-0.3937446962592308,0.19302307287982765,False,0,False,0.3078092568767671,True,Building Stress,50,108
2025-03-26 20:00:00,0,0.0,0.0,0.0,20,2,0,-0.8660254037844386,0.5000000000000001,0.9749279121818236,-0.22252093395631434,0.0,0.0,0.0,51.0,65.25668381559619,0.0,60987.19671146415,0.0,0.0,10.204320199720627,0.0,False,-4.9615308773813425,10.204320199720627,False,0.0,3.646445651294205,6.0,3.5999999999999996,False,True,0.42098108917327987,0.5972262734295878,False,-0.5133524996843676,0.19302307287982765,False,0,False,0.16703392235534625,True,Building Stress,50,109
2025-03-26 21:00:00,0,0.0,0.0,0.0,21,2,0,-0.7071067811865477,0.7071067811865474,0.9749279121818236,-0.22252093395631434,0.0,0.0,0.0,51.0,65.25668381559619,0.0,60987.19671146415,0.0,0.0,10.204320199720627,0.0,False,-3.969224701905074,10.204320199720627,False,0.0,3.146445651294205,6.0,3.5999999999999996,False,False,0.4196570121323988,0.5972262734295878,False,-0.5205149837207946,0.19302307287982765,False,0,False,0.14242863601161782,False,Normal,50,109
2025-03-26 22:00:00,0,0.0,0.0,0.0,22,2,0,-0.5000000000000004,0.8660254037844384,0.9749279121818236,-0.22252093395631434,0.0,0.0,0.0,51.0,65.25668381559619,0.0,60987.19671146415,0.0,0.0,10.204320199720627,0.0,False,-3.1753797615240593,10.204320199720627,False,0.0,2.646445651294205,6.0,3.5999999999999996,False,False,0.42035762288392586,0.5972262734295878,False,-0.528652621401161,0.19302307287982765,False,0,False,0.12570320843476243,False,Normal,50,109
2025-03-26 23:00:00,0,0.0,0.0,0.0,23,2,0,-0.25881904510252157,0.9659258262890681,0.9749279121818236,-0.22252093395631434,0.0,0.0,0.0,51.0,65.25668381559619,0.0,60987.19671146415,0.0,0.0,10.204320199720627,0.0,False,-2.540303809219248,10.204320199720627,False,0.0,2.146445651294205,6.0,3.5999999999999996,False,False,0.4187060930338208,0.5972262734295878,False,-0.5285159110276331,0.19302307287982765,False,0,False,0.11341837199125564,False,Normal,50,109
2025-03-27 00:00:00,0,0.0,0.0,0.0,0,3,0,0.0,1.0,0.43388373911755823,-0.900968867902419,0.0,0.0,0.0,51.0,65.25668381559619,0.0,60987.19671146415,0.0,0.0,10.204320199720627,0.0,False,-2.0322430473753985,10.204320199720627,False,0.0,1.6464456512942052,6.0,3.5999999999999996,False,False,0.421090725492235,0.5983137515785303,False,-0.5362610746066019,0.1853293742727985,False,0,False,0.10276653279899703,False,Normal,50,109
2025-03-27 01:00:00,0,0.0,0.0,0.0,1,3,0,0.25881904510252074,0.9659258262890683,0.43388373911755823,-0.900968867902419,0.0,0.0,0.0,51.0,65.25668381559619,0.0,60987.19671146415,0.0,0.0,10.204320199720627,0.0,False,-1.6257944379003189,10.204320199720627,False,0.0,1.1464456512942052,6.0,3.5999999999999996,False,False,0.42015403215591285,0.5983137515785303,False,-0.5296904466632497,0.1853293742727985,False,0,False,0.10166079178226879,False,Normal,50,109
2025-03-27 02:00:00,0,0.0,0.0,0.0,2,3,0,0.49999999999999994,0.8660254037844387,0.43388373911755823,-0.900968867902419,0.0,0.0,0.0,51.0,65.25668381559619,0.0,60987.19671146415,0.0,0.0,10.204320199720627,0.0,False,-1.3006355503202551,10.204320199720627,False,0.0,0.6464456512942052,6.0,3.5999999999999996,False,False,0.4176055931254998,0.5983137515785303,False,-0.5308540278843239,0.1853293742727985,False,0,False,0.09039698548574013,False,Normal,50,109
2025-03-27 03:00:00,0,0.0,0.0,0.0,3,3,0,0.7071067811865476,0.7071067811865476,0.43388373911755823,-0.900968867902419,0.0,0.0,0.0,51.0,65.25668381559619,0.0,60987.19671146415,0.0,0.0,10.204320199720627,0.0,False,-1.0405084402562041,10.204320199720627,False,0.0,0.14644565129420517,6.0,3.5999999999999996,False,False,0.4151017406791013,0.5983137515785303,False,-0.5219699264308336,0.1853293742727985,False,0,False,0.08804792546724378,False,Normal,50,109
2025-03-27 04:00:00,0,0.0,0.0,0.0,4,3,0,0.8660254037844386,0.5000000000000001,0.43388373911755823,-0.900968867902419,0.0,0.0,0.0,51.0,65.25668381559619,0.0,60987.19671146415,0.0,0.0,10.204320199720627,0.0,False,-0.8324067522049634,10.204320199720627,False,0.0,0.0,6.0,3.5999999999999996,False,False,0.4164217845339136,0.5983137515785303,False,-0.5031870706592644,0.1853293742727985,False,0,False,0.10994208569214708,False,Normal,50,109
2025-03-27 05:00:00,0,0.0,0.0,0.0,5,3,0,0.9659258262890683,0.25881904510252074,0.43388373911755823,-0.900968867902419,0.0,0.0,0.0,51.0,65.25668381559619,0.0,60987.19671146415,0.0,0.0,10.204320199720627,0.0,False,-0.6659254017639707,10.204320199720627,False,0.0,0.0,6.0,3.5999999999999996,False,False,0.4178602903257247,0.5983137515785303,False,-0.49265901373443155,0.1853293742727985,False,0,False,0.1219611591904218,False,Normal,50,109
2025-03-27 06:00:00,22,7725.0,9716.0,17441.0,6,3,0,1.0,6.123233995736766e-17,0.43388373911755823,-0.900968867902419,-0.11414975346863891,0.0,22.0,51.0,65.25668381559619,2.0,60987.19671146415,20.0,2.0,10.204320199720627,0.19599541771089815,False,-0.13274032141117664,10.204320199720627,False,0.0,0.0,6.0,3.5999999999999996,False,False,0.45596982531924,0.5983137515785303,False,-0.3249774503849152,0.1853293742727985,False,0,False,0.24127936151624269,False,Normal,50,109
2025-03-27 07:00:00,27,14071.0,14489.0,28560.0,7,3,0,0.9659258262890683,-0.25881904510252063,0.43388373911755823,-0.900968867902419,-0.014635341899793425,22.0,5.0,51.083333333333336,65.2166400922919,-2.0,60956.52214435121,26.5,0.5,10.204559477824164,0.048997705494937344,False,-0.006192257128941309,10.204559477824164,False,0.0,0.0,6.0,3.5999999999999996,False,False,0.44292756411239037,0.5983137515785303,False,-0.43737871883738366,0.1853293742727985,False,0,False,0.1798375746473269,False,Normal,50,109
2025-03-27 08:00:00,48,24752.0,26867.0,51619.0,8,3,0,0.8660254037844387,-0.4999999999999998,0.43388373911755823,-0.900968867902419,-0.04097249128244866,27.0,21.0,51.125,65.20023506225965,-15.0,60909.91468231491,62.5,-14.5,10.203085064381938,-1.421138793659401,False,-2.9049538057031534,10.203085064381938,False,0.0,0.9211387936594011,6.0,3.5999999999999996,False,False,0.4578527788586701,0.5983137515785303,False,-0.3659349103475633,0.1853293742727985,False,0,False,0.3145398954751466,False,Normal,50,109
2025-03-27 09:00:00,76,30991.0,54128.0,85119.0,9,3,0,0.7071067811865476,-0.7071067811865475,0.43388373911755823,-0.900968867902419,-0.27181625939849624,48.0,28.0,50.5,65.15333085682673,-11.0,60894.363795672485,86.0,-10.0,10.220687812997685,-0.9784077337029083,False,-4.3239630445625235,10.220687812997685,False,0.0,1.3995465273623093,6.0,3.5999999999999996,False,False,0.4843697890022526,0.5983137515785303,False,-0.39719971943088184,0.1853293742727985,False,0,False,0.3699723871031959,False,Normal,50,109
2025-03-27 10:00:00,93,56339.0,65564.0,121903.0,10,3,0,0.49999999999999994,-0.8660254037844387,0.43388373911755823,-0.900968867902419,-0.0756743010893818,76.0,17.0,50.583333333333336,65.18596585866881,-18.0,60932.5752429612,117.0,-24.0,10.230459230400188,-2.3459357453557033,False,-8.25917043565002,10.230459230400188,False,0.0,3.2454822727180126,6.0,3.5999999999999996,False,False,0.47032617004390403,0.5983137515785303,False,-0.4797431068515101,0.1853293742727985,False,0,False,0.3874734668296869,False,Normal,50,109
2025-03-27 11:00:00,105,53067.0,49580.0,102647.0,11,3,0,0.258819045102521,-0.9659258262890682,0.43388373911755823,-0.900968867902419,0.03397046216195152,93.0,12.0,49.791666666666664,64.51961559945508,20.0,61696.62195178004,106.5,-1.5,10.287801308071737,-0.14580374903071958,False,-6.907336348520016,10.287801308071737,False,0.0,2.891286021748732,6.0,3.5999999999999996,False,False,0.47600718071469234,0.5983137515785303,False,-0.4264773262775985,0.1853293742727985,False,0,False,0.3488769219564215,False,Normal,50,109
2025-03-27 12:00:00,69,28199.0,34220.0,62419.0,12,3,0,1.2246467991473532e-16,-1.0,0.43388373911755823,-0.900968867902419,-0.09645946811919257,105.0,-36.0,49.791666666666664,64.51961559945508,3.0,61991.400032351354,71.0,-2.0,10.285393844707906,-0.19445050235281464,False,-5.925869078816014,10.285393844707906,False,0.0,2.585736524101547,6.0,3.5999999999999996,False,False,0.46862158965869105,0.5983137515785303,False,-0.5090360729968181,0.1853293742727985,False,0,False,0.24648476052987664,False,Normal,50,109
2025-03-27 13:00:00,50,26292.0,31881.0,58173.0,13,3,0,-0.2588190451025208,-0.9659258262890683,0.43388373911755823,-0.900968867902419,-0.0960738474232475,69.0,-19.0,49.541666666666664,64.42925285294254,2.0,62041.7610954012,61.5,-11.5,10.276590601912591,-1.1190481790585018,False,-7.040695263052811,10.276590601912591,False,0.0,3.2047847031600485,6.0,3.5999999999999996,False,False,0.45458525934505506,0.5983137515785303,False,-0.5052682418712745,0.1853293742727985,False,0,False,0.27447968198153777,False,Normal,50,109
2025-03-27 14:00:00,84,30910.0,37382.0,68292.0,14,3,0,-0.4999999999999997,-0.8660254037844388,0.43388373911755823,-0.900968867902419,-0.09476813143367549,50.0,34.0,49.208333333333336,64.40427960845503,12.0,62057.01248243072,84.5,-0.5,10.255803922173172,-0.04875288215280656,False,-5.732556210442249,10.255803922173172,False,0.0,2.753537585312855,6.0,3.5999999999999996,False,False,0.46242647150853505,0.5983137515785303,False,-0.4871153220974591,0.1853293742727985,False,0,False,0.2488347921492832,False,Normal,50,109
2025-03-27 15:00:00,130,62734.0,62826.0,125560.0,15,3,0,-0.7071067811865471,-0.7071067811865479,0.43388373911755823,-0.900968867902419,-0.0007327115903823639,84.0,46.0,48.958333333333336,64.25051457528106,4.0,61741.82998648249,148.5,-18.5,10.253762877720224,-1.8042157031149533,False,-8.2860449683538,10.253762877720224,False,0.0,4.057753288427809,6.0,3.5999999999999996,False,True,0.47350544614252055,0.5983137515785303,False,-0.4902354174383232,0.1853293742727985,False,0,False,0.36941701671933,True,Building Stress,50,110
2025-03-27 16:00:00,179,79196.0,115561.0,194757.0,16,3,0,-0.8660254037844385,-0.5000000000000004,0.43388373911755823,-0.900968867902419,-0.1867189024327627,130.0,49.0,48.083333333333336,62.9298551298719,-7.0,61808.91953711869,202.0,-23.0,10.274538905888296,-2.2385432777736427,False,-11.22883597468304,10.274538905888296,True,0.0,5.796296566201452,6.0,3.5999999999999996,False,True,0.5273943026644284,0.5983137515785303,False,-0.43065259384615473,0.1853293742727985,False,1,False,0.5262098695587469,True,Building Stress,50,111
2025-03-27 17:00:00,229,100456.0,110947.0,211403.0,17,3,0,-0.9659258262890683,-0.25881904510252063,0.43388373911755823,-0.900968867902419,-0.049625361866379065,179.0,50.0,46.708333333333336,59.457313271365315,-39.0,63212.35737403412,240.0,-11.0,10.265123595619116,-1.0715896304156056,False,-11.183068779746431,10.265123595619116,True,0.0,0.0,6.0,3.5999999999999996,True,False,0.5576553519662102,0.5983137515785303,False,-0.32198157302845054,0.1853293742727985,False,2,False,0.7413376318752767,False,Watch,50,111
2025-03-27 18:00:00,35,13712.0,19077.0,32789.0,18,3,0,-1.0,-1.8369701987210297e-16,0.43388373911755823,-0.900968867902419,-0.16361695638914303,229.0,-194.0,47.916666666666664,62.90290424391261,-5.0,63142.55116922032,39.0,-4.0,10.277492734809933,-0.38919998322664584,False,-9.746455023797147,10.277492734809933,False,0.0,0.0,6.0,3.5999999999999996,False,False,0.5674288650451085,0.5983137515785303,False,0.19487282054982002,0.1853293742727985,True,1,False,0.5750496167422303,False,Normal,50,111
2025-03-27 19:00:00,0,0.0,0.0,0.0,19,3,0,-0.9659258262890684,0.2588190451025203,0.43388373911755823,-0.900968867902419,0.0,35.0,-35.0,47.791666666666664,62.926443716776,0.0,63142.26140766508,0.0,0.0,10.272614909710907,0.0,False,-7.797164019037718,10.272614909710907,False,0.0,0.0,6.0,3.5999999999999996,False,False,0.4534263190477295,0.5983137515785303,False,-0.37235189846680083,0.1853293742727985,False,0,False,0.3311757376768184,False,Normal,50,111
2025-03-27 20:00:00,0,0.0,0.0,0.0,20,3,0,-0.8660254037844386,0.5000000000000001,0.43388373911755823,-0.900968867902419,0.0,0.0,0.0,47.791666666666664,62.926443716776,0.0,63142.26140766508,0.0,0.0,10.272614909710907,0.0,False,-6.237731215230174,10.272614909710907,False,0.0,0.0,6.0,3.5999999999999996,False,False,0.41968747775223264,0.5983137515785303,False,-0.4821798403361559,0.1853293742727985,False,0,False,0.21493590849351468,False,Normal,50,111
2025-03-27 21:00:00,0,0.0,0.0,0.0,21,3,0,-0.7071067811865477,0.7071067811865474,0.43388373911755823,-0.900968867902419,0.0,0.0,0.0,47.791666666666664,62.926443716776,0.0,63142.26140766508,0.0,0.0,10.272614909710907,0.0,False,-4.99018497218414,10.272614909710907,False,0.0,0.0,6.0,3.5999999999999996,False,False,0.4209847391153143,0.5983137515785303,False,-0.5042979380934826,0.1853293742727985,False,0,False,0.1778522848472462,False,Normal,50,111
2025-03-27 22:00:00,0,0.0,0.0,0.0,22,3,0,-0.5000000000000004,0.8660254037844384,0.43388373911755823,-0.900968867902419,0.0,0.0,0.0,47.791666666666664,62.926443716776,0.0,63142.26140766508,0.0,0.0,10.272614909710907,0.0,False,-3.9921479777473117,10.272614909710907,False,0.0,0.0,6.0,3.5999999999999996,False,False,0.42166943278340424,0.5983137515785303,False,-0.5274485905785729,0.1853293742727985,False,0,False,0.1394962473534524,False,Normal,50,111
2025-03-27 23:00:00,0,0.0,0.0,0.0,23,3,0,-0.25881904510252157,0.9659258262890681,0.43388373911755823,-0.900968867902419,0.0,0.0,0.0,47.791666666666664,62.926443716776,0.0,63142.26140766508,0.0,0.0,10.272614909710907,0.0,False,-3.1937183821978494,10.272614909710907,False,0.0,0.0,6.0,3.5999999999999996,False,False,0.42282354779075976,0.5983137515785303,False,-0.5328237422829882,0.1853293742727985,False,0,False,0.12343688552321135,False,Normal,50,111
2025-03-28 00:00:00,0,0.0,0.0,0.0,0,4,0,0.0,1.0,-0.433883739117558,-0.9009688679024191,0.0,0.0,0.0,47.791666666666664,62.926443716776,0.0,63142.26140766508,0.0,0.0,10.272614909710907,0.0,False,-2.55497470575828,10.272614909710907,False,0.0,0.0,6.0,3.5999999999999996,False,False,0.4440306132060697,0.596076024374131,False,-0.49805512295783916,0.15988779036874937,False,0,False,0.1677616807032133,False,Normal,50,111
2025-03-28 01:00:00,0,0.0,0.0,0.0,1,4,0,0.25881904510252074,0.9659258262890683,-0.433883739117558,-0.9009688679024191,0.0,0.0,0.0,47.791666666666664,62.926443716776,0.0,63142.26140766508,0.0,0.0,10.272614909710907,0.0,False,-2.043979764606624,10.272614909710907,False,0.0,0.0,6.0,3.5999999999999996,False,False,0.4433323418959537,0.596076024374131,False,-0.5016408659192988,0.15988779036874937,False,0,False,0.15676552433785154,False,Normal,50,111
2025-03-28 02:00:00,0,0.0,0.0,0.0,2,4,0,0.49999999999999994,0.8660254037844387,-0.433883739117558,-0.9009688679024191,0.0,0.0,0.0,47.791666666666664,62.926443716776,0.0,63142.26140766508,0.0,0.0,10.272614909710907,0.0,False,-1.6351838116852992,10.272614909710907,False,0.0,0.0,6.0,3.5999999999999996,False,False,0.43963743254187854,0.596076024374131,False,-0.5029228143893686,0.15988779036874937,False,0,False,0.14613807490099284,False,Normal,50,111
2025-03-28 03:00:00,0,0.0,0.0,0.0,3,4,0,0.7071067811865476,0.7071067811865476,-0.433883739117558,-0.9009688679024191,0.0,0.0,0.0,47.791666666666664,62.926443716776,0.0,63142.26140766508,0.0,0.0,10.272614909710907,0.0,False,-1.3081470493482394,10.272614909710907,False,0.0,0.0,6.0,3.5999999999999996,False,False,0.4384980391933229,0.596076024374131,False,-0.502665580896546,0.15988779036874937,False,0,False,0.141081808235401,False,Normal,50,111
2025-03-28 04:00:00,0,0.0,0.0,0.0,4,4,0,0.8660254037844386,0.5000000000000001,-0.433883739117558,-0.9009688679024191,0.0,0.0,0.0,47.791666666666664,62.926443716776,0.0,63142.26140766508,0.0,0.0,10.272614909710907,0.0,False,-1.0465176394785916,10.272614909710907,False,0.0,0.0,6.0,3.5999999999999996,False,False,0.43725933405545736,0.596076024374131,False,-0.4791183409564779,0.15988779036874937,False,0,False,0.15828211325498748,False,Normal,50,111
2025-03-28 05:00:00,0,0.0,0.0,0.0,5,4,0,0.9659258262890683,0.25881904510252074,-0.433883739117558,-0.9009688679024191,0.0,0.0,0.0,47.791666666666664,62.926443716776,0.0,63142.26140766508,0.0,0.0,10.272614909710907,0.0,False,-0.8372141115828733,10.272614909710907,False,0.0,0.0,6.0,3.5999999999999996,False,False,0.4401372539923527,0.596076024374131,False,-0.4488003964083458,0.15988779036874937,False,0,False,0.18191127112833455,False,Normal,50,111
2025-03-28 06:00:00,57,23107.0,32117.0,55224.0,6,4,0,1.0,6.123233995736766e-17,-0.433883739117558,-0.9009688679024191,-0.1631507469443187,0.0,57.0,47.791666666666664,62.926443716776,36.0,63142.26140766508,20.5,36.5,10.272614909710907,3.553136209310818,True,6.630228710733702,10.272614909710907,False,3.053136209310818,0.0,6.0,3.5999999999999996,False,False,0.5420685174650169,0.596076024374131,False,-0.06122480519948703,0.15988779036874937,False,1,False,0.5788053774772797,False,Normal,50,111
2025-03-28 07:00:00,100,37006.0,43482.0,80488.0,7,4,0,0.9659258262890683,-0.25881904510252063,-0.433883739117558,-0.9009688679024191,-0.08045819925704134,57.0,43.0,49.25,62.70791504025349,68.0,62807.93887543831,26.5,73.5,10.397420495185628,7.069061026629931,True,20.004182968586964,10.397420495185628,True,0.0,0.0,6.0,3.5999999999999996,True,False,0.5173179710527971,0.596076024374131,False,0.2969411607583792,0.15988779036874937,True,4,True,0.9441245318352061,False,Confirmed Anomaly,51,111
2025-03-28 08:00:00,150,76790.0,87788.0,164578.0,8,4,0,0.8660254037844387,-0.4999999999999998,-0.433883739117558,-0.9009688679024191,-0.0668250505836103,100.0,50.0,52.291666666666664,63.34891589386146,89.0,62933.84635470953,61.5,88.5,10.891270469362496,8.125773779005252,True,33.70334637486957,10.891270469362496,True,0.0,0.0,6.0,3.5999999999999996,True,False,0.5449863082584268,0.596076024374131,False,0.5873949815740036,0.15988779036874937,True,4,True,0.9632022471910113,False,Confirmed Anomaly,52,111
2025-03-28 09:00:00,263,98013.0,132744.0,230757.0,9,4,0,0.7071067811865476,-0.7071067811865475,-0.433883739117558,-0.9009688679024191,-0.15050832473847062,150.0,113.0,56.541666666666664,66.39668611863267,178.0,66989.57308655458,84.5,178.5,11.575137598796147,15.42098298844971,True,62.66267709989566,11.575137598796147,True,0.0,0.0,6.0,3.5999999999999996,True,False,0.6039857096197574,0.596076024374131,True,2.445926079868646,0.15988779036874937,True,5,True,0.9922050561797753,False,Confirmed Anomaly,53,111
2025-03-28 10:00:00,333,160698.0,175559.0,336257.0,10,4,0,0.49999999999999994,-0.8660254037844387,-0.433883739117558,-0.9009688679024191,-0.044195231042830206,263.0,70.0,64.33333333333333,78.62551121927761,186.0,75696.2828045574,111.5,221.5,14.025173132526035,15.793031423356572,True,94.43014167991655,14.025173132526035,True,0.0,0.0,6.0,3.5999999999999996,True,False,0.6459307966287223,0.596076024374131,True,2.603594202803005,0.15988779036874937,True,5,True,0.9969803370786517,False,Confirmed Anomaly,54,111
2025-03-28 11:00:00,259,154331.0,118671.0,273002.0,11,4,0,0.258819045102521,-0.9659258262890682,-0.433883739117558,-0.9009688679024191,0.1306212752240818,333.0,-74.0,74.33333333333333,95.81352662363477,151.0,93512.94566970973,105.0,154.0,17.072342354160618,9.020437664927062,True,106.34411334393323,17.072342354160618,True,0.0,0.0,6.0,3.5999999999999996,True,False,0.6677922597962782,0.596076024374131,True,2.112006221840873,0.15988779036874937,True,5,True,0.9973782771535581,False,Confirmed Anomaly,55,111
2025-03-28 12:00:00,192,97194.0,101479.0,198673.0,12,4,0,1.2246467991473532e-16,-1.0,-0.433883739117558,-0.9009688679024191,-0.02156799581223512,259.0,-67.0,80.75,102.8545828701439,119.0,102033.00728315598,70.0,122.0,18.37475287133879,6.639545078742115,True,109.4752906751466,18.37475287133879,True,0.0,0.0,6.0,3.5999999999999996,True,False,0.6342751507079166,0.596076024374131,True,1.3497022840729325,0.15988779036874937,True,5,True,0.9952715355805244,False,Confirmed Anomaly,56,111
2025-03-28 13:00:00,168,70454.0,95883.0,166337.0,13,4,0,-0.2588190451025208,-0.9659258262890683,-0.433883739117558,-0.9009688679024191,-0.1528754704276834,192.0,-24.0,85.875,105.2794676294852,103.0,104828.25939967859,57.5,110.5,19.139199429519728,5.7734912270974155,True,109.68023254011729,19.139199429519728,True,5.2734912270974155,0.0,6.0,3.5999999999999996,False,True,0.6054790563672401,0.596076024374131,True,1.0854837187705768,0.15988779036874937,True,4,True,0.7840929659968802,False,Confirmed Anomaly,57,111
2025-03-28 14:00:00,217,94313.0,107572.0,201885.0,14,4,0,-0.4999999999999997,-0.8660254037844388,-0.433883739117558,-0.9009688679024191,-0.06567567835312998,168.0,49.0,90.79166666666667,106.28181535597852,125.0,105962.51882663579,84.0,133.0,19.740545634153822,6.737402423664114,True,114.34418603209383,19.740545634153822,True,0.0,0.0,6.0,3.5999999999999996,True,False,0.5986043336695441,0.596076024374131,True,1.3099527246501195,0.15988779036874937,True,5,True,0.9903792134831462,False,Confirmed Anomaly,58,111
2025-03-28 15:00:00,422,176545.0,211786.0,388331.0,15,4,0,-0.7071067811865471,-0.7071067811865479,-0.433883739117558,-0.9009688679024191,-0.09074966781001823,217.0,205.0,96.33333333333333,109.33580767790443,276.0,108305.58203604587,144.0,278.0,20.582061691931777,13.506907333242362,True,147.07534882567506,20.582061691931777,True,0.0,0.0,6.0,3.5999999999999996,True,False,0.6456718324652679,0.596076024374131,True,4.781749283824177,0.15988779036874937,True,5,True,0.9977059925093634,False,Confirmed Anomaly,59,111
2025-03-28 16:00:00,542,229174.0,358466.0,587640.0,16,4,0,-0.8660254037844385,-0.5000000000000004,-0.433883739117558,-0.9009688679024191,-0.22001868487733156,422.0,120.0,108.5,127.91335382576955,307.0,123746.92746218597,189.0,353.0,23.961330122640806,14.73207030633304,True,188.26027906054009,23.961330122640806,True,0.0,0.0,6.0,3.5999999999999996,True,False,0.6707583927195895,0.596076024374131,True,5.783576945913461,0.15988779036874937,True,5,True,0.9988529962546817,False,Confirmed Anomaly,60,111
2025-03-28 17:00:00,700,323487.0,413254.0,736741.0,17,4,0,-0.9659258262890683,-0.25881904510252063,-0.433883739117558,-0.9009688679024191,-0.12184319612564506,542.0,158.0,123.625,155.16942003192338,474.0,157450.52258960312,229.5,470.5,28.533224622213034,16.48954880598098,True,244.7082232484321,28.533224622213034,True,0.0,0.0,6.0,3.5999999999999996,True,False,0.659666901483301,0.596076024374131,True,9.5535758111144,0.15988779036874937,True,5,True,0.9983614232209739,False,Confirmed Anomaly,61,111
2025-03-28 18:00:00,100,43240.0,54609.0,97849.0,18,4,0,-1.0,-1.8369701987210297e-16,-0.433883739117558,-0.9009688679024191,-0.11618804292284109,700.0,-600.0,143.25,194.0018489378499,54.0,200935.59630019387,36.5,63.5,35.28215673618293,1.7997765974118813,False,208.46657859874568,35.28215673618293,True,1.2997765974118813,0.0,6.0,3.5999999999999996,False,False,0.6424525081329467,0.596076024374131,True,3.4827385613412742,0.15988779036874937,True,3,True,0.6572771974418192,False,Confirmed Anomaly,62,111
2025-03-28 19:00:00,0,0.0,0.0,0.0,19,4,0,-0.9659258262890684,0.2588190451025203,-0.433883739117558,-0.9009688679024191,0.0,100.0,-100.0,145.95833333333334,192.87537746400926,0.0,199807.64237808422,0.0,0.0,35.37880664866405,0.0,False,166.77326287899655,35.37880664866405,True,0.7997765974118813,0.0,6.0,3.5999999999999996,False,False,0.5342023138080177,0.596076024374131,False,2.81337437080888,0.15988779036874937,True,2,False,0.5605571161048689,False,Watch,62,111
2025-03-28 20:00:00,0,0.0,0.0,0.0,20,4,0,-0.8660254037844386,0.5000000000000001,-0.433883739117558,-0.9009688679024191,0.0,0.0,0.0,145.95833333333334,192.87537746400926,0.0,199807.64237808422,0.0,0.0,35.37880664866405,0.0,False,133.41861030319726,35.37880664866405,True,0.29977659741188134,0.0,6.0,3.5999999999999996,False,False,0.46695043564719724,0.596076024374131,False,2.606328452015698,0.15988779036874937,True,2,False,0.4690308988764045,False,Watch,62,111
2025-03-28 21:00:00,0,0.0,0.0,0.0,21,4,0,-0.7071067811865477,0.7071067811865474,-0.433883739117558,-0.9009688679024191,0.0,0.0,0.0,145.95833333333334,192.87537746400926,0.0,199807.64237808422,0.0,0.0,35.37880664866405,0.0,False,106.73488824255782,35.37880664866405,True,0.0,0.0,6.0,3.5999999999999996,False,False,0.4665005927381044,0.596076024374131,False,2.625387078391636,0.15988779036874937,True,2,False,0.4683052434456929,False,Watch,62,111
2025-03-28 22:00:00,0,0.0,0.0,0.0,22,4,0,-0.5000000000000004,0.8660254037844384,-0.433883739117558,-0.9009688679024191,0.0,0.0,0.0,145.95833333333334,192.87537746400926,0.0,199807.64237808422,0.0,0.0,35.37880664866405,0.0,False,85.38791059404626,35.37880664866405,True,0.0,0.0,6.0,3.5999999999999996,False,False,0.4703064348005724,0.596076024374131,False,2.6491243503324364,0.15988779036874937,True,2,False,0.47869850187265917,False,Watch,62,111
2025-03-28 23:00:00,0,0.0,0.0,0.0,23,4,0,-0.25881904510252157,0.9659258262890681,-0.433883739117558,-0.9009688679024191,0.0,0.0,0.0,145.95833333333334,192.87537746400926,0.0,199807.64237808422,0.0,0.0,35.37880664866405,0.0,False,68.31032847523701,35.37880664866405,True,0.0,0.0,6.0,3.5999999999999996,False,False,0.4758203714235308,0.596076024374131,False,2.6891833030835164,0.15988779036874937,True,2,False,0.4952949438202247,False,Watch,62,111
2025-03-29 00:00:00,0,0.0,0.0,0.0,0,5,1,0.0,1.0,-0.9749279121818236,-0.2225209339563146,0.0,0.0,0.0,145.95833333333334,192.87537746400926,0.0,199807.64237808422,0.0,0.0,35.37880664866405,0.0,False,54.64826278018961,35.37880664866405,True,0.0,0.0,6.0,3.5999999999999996,False,False,0.6113201253500372,0.5698993351918116,True,1.1325016088213524,0.29539405687321146,True,3,True,0.5930243445692884,False,Confirmed Anomaly,63,111
2025-03-29 01:00:00,0,0.0,0.0,0.0,1,5,1,0.25881904510252074,0.9659258262890683,-0.9749279121818236,-0.2225209339563146,0.0,0.0,0.0,145.95833333333334,192.87537746400926,0.0,199807.64237808422,0.0,0.0,35.37880664866405,0.0,False,43.71861022415169,35.37880664866405,True,0.0,0.0,6.0,3.5999999999999996,False,False,0.6037240707310051,0.5698993351918116,True,1.0418589309062036,0.29539405687321146,True,3,True,0.5908707865168539,False,Confirmed Anomaly,64,111
2025-03-29 02:00:00,0,0.0,0.0,0.0,2,5,1,0.49999999999999994,0.8660254037844387,-0.9749279121818236,-0.2225209339563146,0.0,0.0,0.0,145.95833333333334,192.87537746400926,0.0,199807.64237808422,0.0,0.0,35.37880664866405,0.0,False,34.974888179321354,35.37880664866405,False,0.0,0.0,6.0,3.5999999999999996,False,False,0.5992415286993146,0.5698993351918116,True,1.008187346394812,0.29539405687321146,True,2,False,0.5877537479271344,False,Watch,64,111
2025-03-29 03:00:00,0,0.0,0.0,0.0,3,5,1,0.7071067811865476,0.7071067811865476,-0.9749279121818236,-0.2225209339563146,0.0,0.0,0.0,145.95833333333334,192.87537746400926,0.0,199807.64237808422,0.0,0.0,35.37880664866405,0.0,False,27.979910543457084,35.37880664866405,False,0.0,0.0,6.0,3.5999999999999996,False,False,0.5950603798214728,0.5698993351918116,True,0.9977699715453516,0.29539405687321146,True,2,False,0.5568322118248537,False,Watch,64,111
2025-03-29 04:00:00,0,0.0,0.0,0.0,4,5,1,0.8660254037844386,0.5000000000000001,-0.9749279121818236,-0.2225209339563146,0.0,0.0,0.0,145.95833333333334,192.87537746400926,0.0,199807.64237808422,0.0,0.0,35.37880664866405,0.0,False,22.383928434765668,35.37880664866405,False,0.0,0.0,6.0,3.5999999999999996,False,False,0.5907533119586055,0.5698993351918116,True,0.9923803218910523,0.29539405687321146,True,2,False,0.5317485409954634,False,Watch,64,111
2025-03-29 05:00:00,0,0.0,0.0,0.0,5,5,1,0.9659258262890683,0.25881904510252074,-0.9749279121818236,-0.2225209339563146,0.0,0.0,0.0,145.95833333333334,192.87537746400926,0.0,199807.64237808422,0.0,0.0,35.37880664866405,0.0,False,17.907142747812536,35.37880664866405,False,0.0,0.0,6.0,3.5999999999999996,False,False,0.5861583998320956,0.5698993351918116,True,0.9923969027061728,0.29539405687321146,True,2,False,0.5115739264293295,False,Watch,64,111
2025-03-29 06:00:00,0,0.0,0.0,0.0,6,5,1,1.0,6.123233995736766e-17,-0.9749279121818236,-0.2225209339563146,0.0,0.0,0.0,145.95833333333334,192.87537746400926,0.0,199807.64237808422,0.0,0.0,35.37880664866405,0.0,False,14.32571419825003,35.37880664866405,False,0.0,0.0,6.0,3.5999999999999996,False,False,0.5874710598821957,0.5698993351918116,True,1.0095961466970622,0.29539405687321146,True,2,False,0.4970213134281078,False,Watch,64,111
2025-03-29 07:00:00,0,0.0,0.0,0.0,7,5,1,0.9659258262890683,-0.25881904510252063,-0.9749279121818236,-0.2225209339563146,0.0,0.0,0.0,143.58333333333334,194.36360293256433,0.0,201218.36948685691,0.0,0.0,35.37880664866405,0.0,False,11.460571358600024,35.37880664866405,False,0.0,0.0,6.0,3.5999999999999996,False,False,0.5894850066585817,0.5698993351918116,True,1.021283360518042,0.29539405687321146,True,2,False,0.4854354028024113,False,Watch,64,111
2025-03-29 08:00:00,0,0.0,0.0,0.0,8,5,1,0.8660254037844387,-0.4999999999999998,-0.9749279121818236,-0.2225209339563146,0.0,0.0,0.0,139.41666666666666,196.3997513207198,0.0,202990.6069270951,0.0,0.0,35.37880664866405,0.0,False,9.16845708688002,35.37880664866405,False,0.0,0.0,6.0,3.5999999999999996,False,False,0.5870449695969691,0.5698993351918116,True,1.0306776562535065,0.29539405687321146,True,2,False,0.4753192960247006,False,Watch,64,111
2025-03-29 09:00:00,0,0.0,0.0,0.0,9,5,1,0.7071067811865476,-0.7071067811865475,-0.9749279121818236,-0.2225209339563146,0.0,0.0,0.0,133.16666666666666,198.4245923281177,0.0,204927.24515802666,0.0,0.0,35.37880664866405,0.0,False,7.334765669504016,35.37880664866405,False,0.0,0.0,6.0,3.5999999999999996,False,False,0.5823022526013558,0.5698993351918116,True,1.0271292125069658,0.29539405687321146,True,2,False,0.4654614293291238,False,Watch,64,111
2025-03-29 10:00:00,0,0.0,0.0,0.0,10,5,1,0.49999999999999994,-0.8660254037844387,-0.9749279121818236,-0.2225209339563146,0.0,0.0,0.0,122.20833333333333,198.20476438064853,0.0,205605.44031648897,0.0,0.0,35.37880664866405,0.0,False,5.867812535603213,35.37880664866405,False,0.0,0.0,6.0,3.5999999999999996,False,False,0.5835719032309563,0.5698993351918116,True,0.9749534366308064,0.29539405687321146,True,2,False,0.45928861911872976,False,Watch,64,111
2025-03-29 11:00:00,0,0.0,0.0,0.0,11,5,1,0.258819045102521,-0.9659258262890682,-0.9749279121818236,-0.2225209339563146,0.0,0.0,0.0,108.33333333333333,194.42661892068054,0.0,201969.08391228982,0.0,0.0,35.37880664866405,0.0,False,4.69425002848257,35.37880664866405,False,0.0,0.0,6.0,3.5999999999999996,False,False,0.5807676402720182,0.5698993351918116,True,0.8585761448884677,0.29539405687321146,True,2,False,0.452627524508467,False,Watch,64,111
2025-03-29 12:00:00,0,0.0,0.0,0.0,12,5,1,1.2246467991473532e-16,-1.0,-0.9749279121818236,-0.2225209339563146,0.0,0.0,0.0,97.54166666666667,192.88202728423235,0.0,200094.281955036,0.0,0.0,35.37880664866405,0.0,False,3.7554000227860564,35.37880664866405,False,0.0,0.0,6.0,3.5999999999999996,False,False,0.5758172946459111,0.5698993351918116,True,0.7840654113412366,0.29539405687321146,True,2,False,0.4461422817790582,False,Watch,64,111
2025-03-29 13:00:00,0,0.0,0.0,0.0,13,5,1,-0.2588190451025208,-0.9659258262890683,-0.9749279121818236,-0.2225209339563146,0.0,0.0,0.0,89.54166666666667,192.77560263429208,0.0,199903.60435574563,0.0,0.0,35.37880664866405,0.0,False,3.0043200182288454,35.37880664866405,False,0.0,0.0,6.0,3.5999999999999996,False,False,0.5767327765731926,0.5698993351918116,True,0.7416220983101729,0.29539405687321146,True,2,False,0.4432153235505874,False,Watch,64,111
2025-03-29 14:00:00,0,0.0,0.0,0.0,14,5,1,-0.4999999999999997,-0.8660254037844388,-0.9749279121818236,-0.2225209339563146,0.0,0.0,0.0,82.54166666666667,192.85294671840253,0.0,200053.64084793482,0.0,0.0,35.37880664866405,0.0,False,2.4034560145830763,35.37880664866405,False,0.0,0.0,6.0,3.5999999999999996,False,False,0.5768575467619373,0.5698993351918116,True,0.7330898987318988,0.29539405687321146,True,2,False,0.44092525509515157,False,Watch,64,111
2025-03-29 15:00:00,0,0.0,0.0,0.0,15,5,1,-0.7071067811865471,-0.7071067811865479,-0.9749279121818236,-0.2225209339563146,0.0,0.0,0.0,73.5,191.3560305681078,0.0,199117.03634698587,0.0,0.0,35.37880664866405,0.0,False,1.922764811666461,35.37880664866405,False,0.0,0.0,6.0,3.5999999999999996,False,False,0.5719732218843774,0.5698993351918116,True,0.690523775366727,0.29539405687321146,True,2,False,0.43544619658548456,False,Watch,64,111
2025-03-29 16:00:00,0,0.0,0.0,0.0,16,5,1,-0.8660254037844385,-0.5000000000000004,-0.9749279121818236,-0.2225209339563146,0.0,0.0,0.0,55.916666666666664,176.7734774190986,0.0,188056.62194019643,0.0,0.0,35.37880664866405,0.0,False,1.538211849333169,35.37880664866405,False,0.0,0.0,6.0,3.5999999999999996,False,False,0.5614864109248007,0.5698993351918116,False,0.4839999255384202,0.29539405687321146,True,1,False,0.42712100221220783,False,Normal,64,111
2025-03-29 17:00:00,0,0.0,0.0,0.0,17,5,1,-0.9659258262890683,-0.25881904510252063,-0.9749279121818236,-0.2225209339563146,0.0,0.0,0.0,33.333333333333336,143.45630047135444,0.0,150843.88825909782,0.0,0.0,35.37880664866405,0.0,False,1.2305694794665352,35.37880664866405,False,0.0,0.0,6.0,3.5999999999999996,False,False,0.5467199165105368,0.5698993351918116,False,0.030255901261550866,0.29539405687321146,False,0,False,0.41146740102070267,False,Normal,64,111
2025-03-29 18:00:00,0,0.0,0.0,0.0,18,5,1,-1.0,-1.8369701987210297e-16,-0.9749279121818236,-0.2225209339563146,0.0,0.0,0.0,4.166666666666667,20.412414523192876,0.0,19973.34348679927,0.0,0.0,35.37880664866405,0.0,False,0.9844555835732282,35.37880664866405,False,0.0,0.0,6.0,3.5999999999999996,False,False,0.5362048604003133,0.5698993351918116,False,-0.44342456109040795,0.29539405687321146,False,0,False,0.30393983841955835,False,Normal,64,111
2025-03-29 19:00:00,0,0.0,0.0,0.0,19,5,1,-0.9659258262890684,0.2588190451025203,-0.9749279121818236,-0.2225209339563146,0.0,0.0,0.0,0.0,0.0,0.0,0.0,0.0,0.0,35.37880664866405,0.0,False,0.7875644668585826,35.37880664866405,False,0.0,0.0,6.0,3.5999999999999996,False,False,0.4932031337030191,0.5698993351918116,False,-0.5016970380327171,0.29539405687321146,False,0,False,0.22227640257085265,False,Normal,64,111
2025-03-29 20:00:00,0,0.0,0.0,0.0,20,5,1,-0.8660254037844386,0.5000000000000001,-0.9749279121818236,-0.2225209339563146,0.0,0.0,0.0,0.0,0.0,0.0,0.0,0.0,0.0,35.37880664866405,0.0,False,0.6300515734868661,35.37880664866405,False,0.0,0.0,6.0,3.5999999999999996,False,False,0.49072605950966186,0.5698993351918116,False,-0.5105707826595687,0.29539405687321146,False,0,False,0.20571438048364843,False,Normal,64,111
2025-03-29 21:00:00,0,0.0,0.0,0.0,21,5,1,-0.7071067811865477,0.7071067811865474,-0.9749279121818236,-0.2225209339563146,0.0,0.0,0.0,0.0,0.0,0.0,0.0,0.0,0.0,35.37880664866405,0.0,False,0.5040412587894929,35.37880664866405,False,0.0,0.0,6.0,3.5999999999999996,False,False,0.4909021609638193,0.5698993351918116,False,-0.5104625832791312,0.29539405687321146,False,0,False,0.20597599876894124,False,Normal,64,111
2025-03-29 22:00:00,0,0.0,0.0,0.0,22,5,1,-0.5000000000000004,0.8660254037844384,-0.9749279121818236,-0.2225209339563146,0.0,0.0,0.0,0.0,0.0,0.0,0.0,0.0,0.0,35.37880664866405,0.0,False,0.40323300703159437,35.37880664866405,False,0.0,0.0,6.0,3.5999999999999996,False,False,0.4942872871455946,0.5698993351918116,False,-0.5009986441074202,0.29539405687321146,False,0,False,0.22294091137470357,False,Normal,64,111
2025-03-29 23:00:00,0,0.0,0.0,0.0,23,5,1,-0.25881904510252157,0.9659258262890681,-0.9749279121818236,-0.2225209339563146,0.0,0.0,0.0,0.0,0.0,0.0,0.0,0.0,0.0,35.37880664866405,0.0,False,0.3225864056252755,35.37880664866405,False,0.0,0.0,6.0,3.5999999999999996,False,False,0.505563411335335,0.5698993351918116,False,-0.4941552283747839,0.29539405687321146,False,0,False,0.24057651187129842,False,Normal,64,111
2025-03-30 00:00:00,0,0.0,0.0,0.0,0,6,1,0.0,1.0,-0.7818314824680299,0.6234898018587334,0.0,0.0,0.0,0.0,0.0,0.0,0.0,0.0,0.0,35.37880664866405,0.0,False,0.2580691245002204,35.37880664866405,False,0.0,0.0,6.0,3.5999999999999996,False,False,0.4659920901870677,0.5899096862146631,False,-0.5066732973171769,0.2395141341018489,False,0,False,0.1508600859015331,False,Normal,64,111
2025-03-30 01:00:00,0,0.0,0.0,0.0,1,6,1,0.25881904510252074,0.9659258262890683,-0.7818314824680299,0.6234898018587334,0.0,0.0,0.0,0.0,0.0,0.0,0.0,0.0,0.0,35.37880664866405,0.0,False,0.20645529960017633,35.37880664866405,False,0.0,0.0,6.0,3.5999999999999996,False,False,0.4609634723569483,0.5899096862146631,False,-0.4928607460549237,0.2395141341018489,False,0,False,0.15710192639912912,False,Normal,64,111
2025-03-30 02:00:00,0,0.0,0.0,0.0,2,6,1,0.49999999999999994,0.8660254037844387,-0.7818314824680299,0.6234898018587334,0.0,0.0,0.0,0.0,0.0,0.0,0.0,0.0,0.0,35.37880664866405,0.0,False,0.16516423968014107,35.37880664866405,False,0.0,0.0,6.0,3.5999999999999996,False,False,0.4576391901833568,0.5899096862146631,False,-0.4821543390442542,0.2395141341018489,False,0,False,0.16057854486462164,False,Normal,64,111
2025-03-30 03:00:00,0,0.0,0.0,0.0,3,6,1,0.7071067811865476,0.7071067811865476,-0.7818314824680299,0.6234898018587334,0.0,0.0,0.0,0.0,0.0,0.0,0.0,0.0,0.0,35.37880664866405,0.0,False,0.13213139174411287,35.37880664866405,False,0.0,0.0,6.0,3.5999999999999996,False,False,0.459587599362583,0.5899096862146631,False,-0.4658044766100524,0.2395141341018489,False,0,False,0.1794927984385138,False,Normal,64,111
2025-03-30 04:00:00,0,0.0,0.0,0.0,4,6,1,0.8660254037844386,0.5000000000000001,-0.7818314824680299,0.6234898018587334,0.0,0.0,0.0,0.0,0.0,0.0,0.0,0.0,0.0,35.37880664866405,0.0,False,0.1057051133952903,35.37880664866405,False,0.0,0.0,6.0,3.5999999999999996,False,False,0.45608910492014865,0.5899096862146631,False,-0.4707516952113602,0.2395141341018489,False,0,False,0.1674425533575526,False,Normal,64,111
2025-03-30 05:00:00,0,0.0,0.0,0.0,5,6,1,0.9659258262890683,0.25881904510252074,-0.7818314824680299,0.6234898018587334,0.0,0.0,0.0,0.0,0.0,0.0,0.0,0.0,0.0,35.37880664866405,0.0,False,0.08456409071623225,35.37880664866405,False,0.0,0.0,6.0,3.5999999999999996,False,False,0.4599144208936241,0.5899096862146631,False,-0.4737783595276335,0.2395141341018489,False,0,False,0.17006827489577991,False,Normal,64,111
2025-03-30 06:00:00,0,0.0,0.0,0.0,6,6,1,1.0,6.123233995736766e-17,-0.7818314824680299,0.6234898018587334,0.0,0.0,0.0,0.0,0.0,0.0,0.0,0.0,0.0,35.37880664866405,0.0,False,0.0676512725729858,35.37880664866405,False,0.0,0.0,6.0,3.5999999999999996,False,False,0.4657232670967599,0.5899096862146631,False,-0.4667402968550378,0.2395141341018489,False,0,False,0.1879272790926539,False,Normal,64,111
2025-03-30 07:00:00,0,0.0,0.0,0.0,7,6,1,0.9659258262890683,-0.25881904510252063,-0.7818314824680299,0.6234898018587334,0.0,0.0,0.0,0.0,0.0,0.0,0.0,0.0,0.0,35.37880664866405,0.0,False,0.05412101805838864,35.37880664866405,False,0.0,0.0,6.0,3.5999999999999996,False,False,0.4611801235792455,0.5899096862146631,False,-0.4690777242511339,0.2395141341018489,False,0,False,0.1757210367572692,False,Normal,64,111
2025-03-30 08:00:00,0,0.0,0.0,0.0,8,6,1,0.8660254037844387,-0.4999999999999998,-0.7818314824680299,0.6234898018587334,0.0,0.0,0.0,0.0,0.0,0.0,0.0,0.0,0.0,35.37880664866405,0.0,False,0.043296814446710914,35.37880664866405,False,0.0,0.0,6.0,3.5999999999999996,False,False,0.45997647432912264,0.5899096862146631,False,-0.46632897562253417,0.2395141341018489,False,0,False,0.17871821517360562,False,Normal,64,111
2025-03-30 09:00:00,0,0.0,0.0,0.0,9,6,1,0.7071067811865476,-0.7071067811865475,-0.7818314824680299,0.6234898018587334,0.0,0.0,0.0,0.0,0.0,0.0,0.0,0.0,0.0,35.37880664866405,0.0,False,0.034637451557368734,35.37880664866405,False,0.0,0.0,6.0,3.5999999999999996,False,False,0.46045638168814484,0.5899096862146631,False,-0.4625247309026681,0.2395141341018489,False,0,False,0.1838313137119182,False,Normal,64,111
2025-03-30 10:00:00,0,0.0,0.0,0.0,10,6,1,0.49999999999999994,-0.8660254037844387,-0.7818314824680299,0.6234898018587334,0.0,0.0,0.0,0.0,0.0,0.0,0.0,0.0,0.0,35.37880664866405,0.0,False,0.02770996124589499,35.37880664866405,False,0.0,0.0,6.0,3.5999999999999996,False,False,0.4618616772900235,0.5899096862146631,False,-0.4654386690371686,0.2395141341018489,False,0,False,0.1838253505950027,False,Normal,64,111
2025-03-30 11:00:00,0,0.0,0.0,0.0,11,6,1,0.258819045102521,-0.9659258262890682,-0.7818314824680299,0.6234898018587334,0.0,0.0,0.0,0.0,0.0,0.0,0.0,0.0,0.0,35.37880664866405,0.0,False,0.022167968996715994,35.37880664866405,False,0.0,0.0,6.0,3.5999999999999996,False,False,0.46441723649402344,0.5899096862146631,False,-0.4746924725817212,0.2395141341018489,False,0,False,0.17659211568199468,False,Normal,64,111
2025-03-30 12:00:00,0,0.0,0.0,0.0,12,6,1,1.2246467991473532e-16,-1.0,-0.7818314824680299,0.6234898018587334,0.0,0.0,0.0,0.0,0.0,0.0,0.0,0.0,0.0,35.37880664866405,0.0,False,0.017734375197372795,35.37880664866405,False,0.0,0.0,6.0,3.5999999999999996,False,False,0.4729371983423267,0.5899096862146631,False,-0.4667727007537614,0.2395141341018489,False,0,False,0.20571657644072683,False,Normal,64,111
2025-03-30 13:00:00,0,0.0,0.0,0.0,13,6,1,-0.2588190451025208,-0.9659258262890683,-0.7818314824680299,0.6234898018587334,0.0,0.0,0.0,0.0,0.0,0.0,0.0,0.0,0.0,35.37880664866405,0.0,False,0.014187500157898237,35.37880664866405,False,0.0,0.0,6.0,3.5999999999999996,False,False,0.4638392722073777,0.5899096862146631,False,-0.45663826845998967,0.2395141341018489,False,0,False,0.1945358079690609,False,Normal,64,111
2025-03-30 14:00:00,0,0.0,0.0,0.0,14,6,1,-0.4999999999999997,-0.8660254037844388,-0.7818314824680299,0.6234898018587334,0.0,0.0,0.0,0.0,0.0,0.0,0.0,0.0,0.0,35.37880664866405,0.0,False,0.01135000012631859,35.37880664866405,False,0.0,0.0,6.0,3.5999999999999996,False,False,0.46263413114315105,0.5899096862146631,False,-0.468118782268659,0.2395141341018489,False,0,False,0.1786295827048367,False,Normal,64,111
2025-03-30 15:00:00,0,0.0,0.0,0.0,15,6,1,-0.7071067811865471,-0.7071067811865479,-0.7818314824680299,0.6234898018587334,0.0,0.0,0.0,0.0,0.0,0.0,0.0,0.0,0.0,35.37880664866405,0.0,False,0.009080000101054872,35.37880664866405,False,0.0,0.0,6.0,3.5999999999999996,False,False,0.4647305764261915,0.5899096862146631,False,-0.48008935770372707,0.2395141341018489,False,0,False,0.1740319433174274,False,Normal,64,111
2025-03-30 16:00:00,0,0.0,0.0,0.0,16,6,1,-0.8660254037844385,-0.5000000000000004,-0.7818314824680299,0.6234898018587334,0.0,0.0,0.0,0.0,0.0,0.0,0.0,0.0,0.0,35.37880664866405,0.0,False,0.007264000080843898,35.37880664866405,False,0.0,0.0,6.0,3.5999999999999996,False,False,0.46131173724138164,0.5899096862146631,False,-0.4927726773326535,0.2395141341018489,False,0,False,0.1572171276876498,False,Normal,64,111
2025-03-30 17:00:00,0,0.0,0.0,0.0,17,6,1,-0.9659258262890683,-0.25881904510252063,-0.7818314824680299,0.6234898018587334,0.0,0.0,0.0,0.0,0.0,0.0,0.0,0.0,0.0,35.37880664866405,0.0,False,0.005811200064675118,35.37880664866405,False,0.0,0.0,6.0,3.5999999999999996,False,False,0.4630103850820736,0.5899096862146631,False,-0.5031075858555375,0.2395141341018489,False,0,False,0.14932239128869662,False,Normal,64,111
2025-03-30 18:00:00,0,0.0,0.0,0.0,18,6,1,-1.0,-1.8369701987210297e-16,-0.7818314824680299,0.6234898018587334,0.0,0.0,0.0,0.0,0.0,0.0,0.0,0.0,0.0,35.37880664866405,0.0,False,0.004648960051740095,35.37880664866405,False,0.0,0.0,6.0,3.5999999999999996,False,False,0.46525290447974177,0.5899096862146631,False,-0.5169776181242112,0.2395141341018489,False,0,False,0.1368642800721558,False,Normal,64,111
2025-03-30 19:00:00,0,0.0,0.0,0.0,19,6,1,-0.9659258262890684,0.2588190451025203,-0.7818314824680299,0.6234898018587334,0.0,0.0,0.0,0.0,0.0,0.0,0.0,0.0,0.0,35.37880664866405,0.0,False,0.0037191680413920757,35.37880664866405,False,0.0,0.0,6.0,3.5999999999999996,False,False,0.45698305072442363,0.5899096862146631,False,-0.5352945476226377,0.2395141341018489,False,0,False,0.10631258510641377,False,Normal,64,111
2025-03-30 20:00:00,0,0.0,0.0,0.0,20,6,1,-0.8660254037844386,0.5000000000000001,-0.7818314824680299,0.6234898018587334,0.0,0.0,0.0,0.0,0.0,0.0,0.0,0.0,0.0,35.37880664866405,0.0,False,0.002975334433113661,35.37880664866405,False,0.0,0.0,6.0,3.5999999999999996,False,False,0.4577115776068799,0.5899096862146631,False,-0.5317950155089991,0.2395141341018489,False,0,False,0.11078040516378271,False,Normal,64,111
2025-03-30 21:00:00,0,0.0,0.0,0.0,21,6,1,-0.7071067811865477,0.7071067811865474,-0.7818314824680299,0.6234898018587334,0.0,0.0,0.0,0.0,0.0,0.0,0.0,0.0,0.0,35.37880664866405,0.0,False,0.002380267546490929,35.37880664866405,False,0.0,0.0,6.0,3.5999999999999996,False,False,0.4598673207342358,0.5899096862146631,False,-0.5306207761350905,0.2395141341018489,False,0,False,0.11517863124713104,False,Normal,64,111
2025-03-30 22:00:00,0,0.0,0.0,0.0,22,6,1,-0.5000000000000004,0.8660254037844384,-0.7818314824680299,0.6234898018587334,0.0,0.0,0.0,0.0,0.0,0.0,0.0,0.0,0.0,35.37880664866405,0.0,False,0.0019042140371927432,35.37880664866405,False,0.0,0.0,6.0,3.5999999999999996,False,False,0.45818992943112835,0.5899096862146631,False,-0.5325905428097707,0.2395141341018489,False,0,False,0.1094415941362816,False,Normal,64,111
2025-03-30 23:00:00,0,0.0,0.0,0.0,23,6,1,-0.25881904510252157,0.9659258262890681,-0.7818314824680299,0.6234898018587334,0.0,0.0,0.0,0.0,0.0,0.0,0.0,0.0,0.0,35.37880664866405,0.0,False,0.0015233712297541948,35.37880664866405,False,0.0,0.0,6.0,3.5999999999999996,False,False,0.45911378813778764,0.5899096862146631,False,-0.5211032289668749,0.2395141341018489,False,0,False,0.1221038371067781,False,Normal,64,111
2025-03-31 00:00:00,0,0.0,0.0,0.0,0,0,0,0.0,1.0,0.0,1.0,0.0,0.0,0.0,0.0,0.0,0.0,0.0,0.0,0.0,35.37880664866405,0.0,False,0.0012186969838033559,35.37880664866405,False,0.0,0.0,6.0,3.5999999999999996,False,False,0.4701403459578557,0.5821537470640471,False,-0.29190700914760814,0.2395141341018489,False,0,False,0.2661334442172577,False,Normal,64,111
2025-03-31 01:00:00,0,0.0,0.0,0.0,1,0,0,0.25881904510252074,0.9659258262890683,0.0,1.0,0.0,0.0,0.0,0.0,0.0,0.0,0.0,0.0,0.0,35.37880664866405,0.0,False,0.0009749575870426847,35.37880664866405,False,0.0,0.0,6.0,3.5999999999999996,False,False,0.4609437557112873,0.5821537470640471,False,-0.3267646716871815,0.2395141341018489,False,0,False,0.2385106879580758,False,Normal,64,111
2025-03-31 02:00:00,0,0.0,0.0,0.0,2,0,0,0.49999999999999994,0.8660254037844387,0.0,1.0,0.0,0.0,0.0,0.0,0.0,0.0,0.0,0.0,0.0,35.37880664866405,0.0,False,0.0007799660696341478,35.37880664866405,False,0.0,0.0,6.0,3.5999999999999996,False,False,0.45559494956508934,0.5821537470640471,False,-0.3428685705383656,0.2395141341018489,False,0,False,0.22872521703312731,False,Normal,64,111
2025-03-31 03:00:00,0,0.0,0.0,0.0,3,0,0,0.7071067811865476,0.7071067811865476,0.0,1.0,0.0,0.0,0.0,0.0,0.0,0.0,0.0,0.0,0.0,35.37880664866405,0.0,False,0.0006239728557073184,35.37880664866405,False,0.0,0.0,6.0,3.5999999999999996,False,False,0.45546821951897176,0.5821537470640471,False,-0.36514259848056607,0.2395141341018489,False,0,False,0.22238092269017226,False,Normal,64,111
2025-03-31 04:00:00,0,0.0,0.0,0.0,4,0,0,0.8660254037844386,0.5000000000000001,0.0,1.0,0.0,0.0,0.0,0.0,0.0,0.0,0.0,0.0,0.0,35.37880664866405,0.0,False,0.0004991782845658547,35.37880664866405,False,0.0,0.0,6.0,3.5999999999999996,False,False,0.45403115091606777,0.5821537470640471,False,-0.3736619748389336,0.2395141341018489,False,0,False,0.21793282803977826,False,Normal,64,111
2025-03-31 05:00:00,0,0.0,0.0,0.0,5,0,0,0.9659258262890683,0.25881904510252074,0.0,1.0,0.0,0.0,0.0,0.0,0.0,0.0,0.0,0.0,0.0,35.37880664866405,0.0,False,0.00039934262765268375,35.37880664866405,False,0.0,0.0,6.0,3.5999999999999996,False,False,0.4577055045433102,0.5821537470640471,False,-0.4049453001240231,0.2395141341018489,False,0,False,0.20896704894867654,False,Normal,64,111
2025-03-31 06:00:00,79,23653.0,34235.0,57888.0,6,0,0,1.0,6.123233995736766e-17,0.0,1.0,-0.18279811363125983,0.0,79.0,0.0,0.0,62.0,0.0,21.5,57.5,35.37880664866405,1.6252668036831952,False,11.500319474102122,35.37880664866405,False,1.1252668036831952,0.0,6.0,3.5999999999999996,False,False,0.595342818150127,0.5821537470640471,True,-0.13076627691597764,0.2395141341018489,False,1,False,0.4915351060139331,False,Normal,64,111
2025-03-31 07:00:00,91,40854.0,54549.0,95403.0,7,0,0,0.9659258262890683,-0.25881904510252063,0.0,1.0,-0.1435474403588948,79.0,12.0,3.2916666666666665,16.12580747332259,54.0,11816.33851918605,28.0,63.0,35.455326269824134,1.7768839446167786,False,21.8002555792817,35.455326269824134,False,2.4021507482999738,0.0,6.0,3.5999999999999996,False,False,0.5610949356858701,0.5821537470640471,False,-0.3280480160028345,0.2395141341018489,False,0,False,0.5062111568306115,False,Normal,64,111
2025-03-31 08:00:00,190,89709.0,82080.0,171789.0,8,0,0,0.8660254037844387,-0.4999999999999998,0.0,1.0,0.0444088712963502,91.0,99.0,7.083333333333333,24.06317169211195,128.0,22335.061318790475,62.5,127.5,35.550209912406736,3.5864767131938518,True,42.94020446342536,35.550209912406736,True,5.4886274614938255,0.0,6.0,3.5999999999999996,False,True,0.6113588245838116,0.5821537470640471,True,0.18048848645473492,0.2395141341018489,False,3,True,0.7052936057956003,False,Confirmed Anomaly,65,111
2025-03-31 09:00:00,267,103112.0,185130.0,288242.0,9,0,0,0.7071067811865476,-0.7071067811865475,0.0,1.0,-0.2845446376841762,190.0,77.0,15.0,44.34155965957307,170.0,40411.47322772064,84.5,182.5,35.967609742408804,5.074009680015442,True,70.85216357074029,35.967609742408804,True,0.0,0.0,6.0,3.5999999999999996,True,False,0.6479251410303125,0.5821537470640471,True,0.5297580436563329,0.2395141341018489,True,5,True,0.9622984500080055,False,Confirmed Anomaly,66,111
2025-03-31 10:00:00,341,186748.0,180950.0,367698.0,10,0,0,0.49999999999999994,-0.8660254037844387,0.0,1.0,0.015768332250019716,267.0,74.0,26.125,67.73690311402095,190.0,68959.39864619564,111.5,229.5,36.817279495481316,6.233486100681805,True,102.58173085659223,36.817279495481316,True,5.733486100681805,0.0,6.0,3.5999999999999996,False,True,0.6539764418937448,0.5821537470640471,True,0.474633379876483,0.2395141341018489,True,4,True,0.793000936329588,False,Confirmed Anomaly,67,111
2025-03-31 11:00:00,314,175536.0,140600.0,316136.0,11,0,0,0.258819045102521,-0.9659258262890682,0.0,1.0,0.11050905145553984,341.0,-27.0,40.333333333333336,93.0519568126682,202.0,97835.14821979066,105.0,209.0,38.14630002234314,5.478906207878196,True,123.8653846852738,38.14630002234314,True,0.0,0.0,6.0,3.5999999999999996,True,False,0.665383193359865,0.5821537470640471,True,0.6927870042513118,0.2395141341018489,True,5,True,0.9769888211614829,False,Confirmed Anomaly,68,111
2025-03-31 12:00:00,205,86314.0,110477.0,196791.0,12,0,0,1.2246467991473532e-16,-1.0,0.0,1.0,-0.12278446278303996,314.0,-109.0,53.416666666666664,108.00721258793088,116.0,112304.42905380648,72.0,133.0,39.20489582767498,3.3924334497558966,True,125.69230774821904,39.20489582767498,True,2.8924334497558966,0.0,6.0,3.5999999999999996,False,False,0.6307873807326002,0.5821537470640471,True,0.1421131969465883,0.2395141341018489,False,3,True,0.699504335965646,False,Confirmed Anomaly,69,111
2025-03-31 13:00:00,191,85301.0,117527.0,202828.0,13,0,0,-0.2588190451025208,-0.9659258262890683,0.0,1.0,-0.15888260554457204,205.0,-14.0,61.958333333333336,111.64403026025899,116.0,115330.00850149414,61.5,129.5,39.60933726334107,3.2694311227432187,True,126.45384619857523,39.60933726334107,True,5.661864572499115,0.0,6.0,3.5999999999999996,False,True,0.5922133848104015,0.5821537470640471,True,0.09349692329036574,0.2395141341018489,False,3,True,0.6878902134547364,False,Confirmed Anomaly,70,111
2025-03-31 14:00:00,282,116602.0,142152.0,258754.0,14,0,0,-0.4999999999999997,-0.8660254037844388,0.0,1.0,-0.09874205329365617,191.0,91.0,69.91666666666667,113.82172050171714,197.0,117971.46375233188,84.5,197.5,39.9864410951634,4.939174244838929,True,140.6630769588602,39.9864410951634,True,0.0,0.0,6.0,3.5999999999999996,True,False,0.6298141717854265,0.5821537470640471,True,0.38155508092369206,0.2395141341018489,True,5,True,0.955322662093882,False,Confirmed Anomaly,71,111
2025-03-31 15:00:00,447,220820.0,252642.0,473462.0,15,0,0,-0.7071067811865471,-0.7071067811865479,0.0,1.0,-0.06721116539201585,282.0,165.0,81.66666666666667,120.64164205240847,286.0,122948.15897195206,144.0,303.0,40.878106557414505,7.412280692953026,True,173.13046156708816,40.878106557414505,True,0.0,0.0,6.0,3.5999999999999996,True,False,0.6859231628803392,0.5821537470640471,True,1.240202444848887,0.2395141341018489,True,5,True,0.9975421348314608,False,Confirmed Anomaly,72,111
2025-03-31 16:00:00,589,279095.0,306751.0,585846.0,16,0,0,-0.8660254037844385,-0.5000000000000004,0.0,1.0,-0.047206864590925615,447.0,142.0,100.29166666666667,140.37604129984038,361.0,145264.97932832627,202.0,387.0,42.939845074424994,9.012608204087291,True,215.90436925367055,42.939845074424994,True,0.0,0.0,6.0,3.5999999999999996,True,False,0.7193864866946268,0.5821537470640471,True,2.0428011734811853,0.2395141341018489,True,5,True,0.9985720973782772,False,Confirmed Anomaly,73,111
2025-03-31 17:00:00,777,305930.0,428019.0,733949.0,17,0,0,-0.9659258262890683,-0.25881904510252063,0.0,1.0,-0.1663451188773077,589.0,188.0,124.83333333333333,170.36372002703297,518.0,173915.81675726338,240.0,537.0,46.0939568666864,11.650117206320974,True,280.12349540293644,46.0939568666864,True,0.0,0.0,6.0,3.5999999999999996,True,False,0.7506145307813448,0.5821537470640471,True,3.5426625287472477,0.2395141341018489,True,5,True,0.9997191011235955,False,Confirmed Anomaly,74,111
2025-03-31 18:00:00,134,60784.0,71710.0,132494.0,18,0,0,-1.0,-1.8369701987210297e-16,0.0,1.0,-0.08246348918827126,777.0,-643.0,157.20833333333334,213.8802954858195,87.0,211363.66053422604,39.0,95.0,51.746780021562266,1.8358630229825823,False,243.09879632234916,51.746780021562266,True,1.3358630229825823,0.0,6.0,3.5999999999999996,False,False,0.7074865637106399,0.5821537470640471,True,2.7096804791021167,0.2395141341018489,True,3,True,0.6603995539496067,False,Confirmed Anomaly,75,111
2025-03-31 19:00:00,0,0.0,0.0,0.0,19,0,0,-0.9659258262890684,0.2588190451025203,0.0,1.0,0.0,134.0,-134.0,162.79166666666666,211.33179747304573,0.0,208821.5355914773,0.0,0.0,51.88737855064041,0.0,False,194.47903705787934,51.88737855064041,True,0.8358630229825823,0.0,6.0,3.5999999999999996,False,False,0.6168832203153893,0.5821537470640471,True,0.282735405342625,0.2395141341018489,True,3,True,0.5879213483146067,False,Confirmed Anomaly,76,111
2025-03-31 20:00:00,0,0.0,0.0,0.0,20,0,0,-0.8660254037844386,0.5000000000000001,0.0,1.0,0.0,0.0,0.0,162.79166666666666,211.33179747304573,0.0,208821.5355914773,0.0,0.0,51.88737855064041,0.0,False,155.5832296463035,51.88737855064041,True,0.3358630229825823,0.0,6.0,3.5999999999999996,False,False,0.5684535567428656,0.5821537470640471,False,0.24158268574282937,0.2395141341018489,True,2,False,0.5709269662921348,False,Watch,76,111
2025-03-31 21:00:00,0,0.0,0.0,0.0,21,0,0,-0.7071067811865477,0.7071067811865474,0.0,1.0,0.0,0.0,0.0,162.79166666666666,211.33179747304573,0.0,208821.5355914773,0.0,0.0,51.88737855064041,0.0,False,124.4665837170428,51.88737855064041,True,0.0,0.0,6.0,3.5999999999999996,False,False,0.5688827581557021,0.5821537470640471,False,0.25819962067075153,0.2395141341018489,True,2,False,0.5718867041198502,False,Watch,76,111
2025-03-31 22:00:00,0,0.0,0.0,0.0,22,0,0,-0.5000000000000004,0.8660254037844384,0.0,1.0,0.0,0.0,0.0,162.79166666666666,211.33179747304573,0.0,208821.5355914773,0.0,0.0,51.88737855064041,0.0,False,99.57326697363425,51.88737855064041,True,0.0,0.0,6.0,3.5999999999999996,False,False,0.5731384166071892,0.5821537470640471,False,0.28513793445743807,0.2395141341018489,True,2,False,0.5746722846441947,False,Watch,76,111
2025-03-31 23:00:00,0,0.0,0.0,0.0,23,0,0,-0.25881904510252157,0.9659258262890681,0.0,1.0,0.0,0.0,0.0,162.79166666666666,211.33179747304573,0.0,208821.5355914773,0.0,0.0,51.88737855064041,0.0,False,79.6586135789074,51.88737855064041,True,0.0,0.0,6.0,3.5999999999999996,False,False,0.5713389373957942,0.5821537470640471,False,0.305878148534648,0.2395141341018489,True,2,False,0.574063670411985,False,Watch,76,111
