Datetime,dr_amount,cr_amount,transaction_count,date,hour,day_of_week,day_name
02-01-2025 00:00,-,-,0,02-01-2025,0,3,Thursday
02-01-2025 00:00,-,-,0,02-01-2025,0,3,Thursday
02-01-2025 01:00,-,-,0,02-01-2025,1,3,Thursday
02-01-2025 01:00,-,-,0,02-01-2025,1,3,Thursday
02-01-2025 02:00,-,-,0,02-01-2025,2,3,Thursday
02-01-2025 02:00,-,-,0,02-01-2025,2,3,Thursday
02-01-2025 03:00,-,-,0,02-01-2025,3,3,Thursday
02-01-2025 03:00,-,-,0,02-01-2025,3,3,Thursday
02-01-2025 04:00,-,-,0,02-01-2025,4,3,Thursday
02-01-2025 04:00,-,-,0,02-01-2025,4,3,Thursday
02-01-2025 05:00,-,-,0,02-01-2025,5,3,Thursday
02-01-2025 05:00,-,-,0,02-01-2025,5,3,Thursday
02-01-2025 06:00,-,"-8,013",9,02-01-2025,6,3,Thursday
02-01-2025 06:00,"-8,185",-,8,02-01-2025,6,3,Thursday
02-01-2025 07:00,-,"-14,974",10,02-01-2025,7,3,Thursday
02-01-2025 07:00,"-12,010",-,13,02-01-2025,7,3,Thursday
02-01-2025 08:00,-,"-24,259",28,02-01-2025,8,3,Thursday
02-01-2025 08:00,"-20,659",-,25,02-01-2025,8,3,Thursday
02-01-2025 09:00,-,"-42,797",56,02-01-2025,9,3,Thursday
02-01-2025 09:00,"-28,087",-,35,02-01-2025,9,3,Thursday
02-01-2025 10:00,-,"-68,310",61,02-01-2025,10,3,Thursday
02-01-2025 10:00,"-48,572",-,46,02-01-2025,10,3,Thursday
02-01-2025 11:00,-,"-39,550",44,02-01-2025,11,3,Thursday
02-01-2025 11:00,"-42,116",-,50,02-01-2025,11,3,Thursday
02-01-2025 12:00,-,"-32,521",28,02-01-2025,12,3,Thursday
02-01-2025 12:00,"-31,903",-,27,02-01-2025,12,3,Thursday
02-01-2025 13:00,-,"-31,599",29,02-01-2025,13,3,Thursday
02-01-2025 13:00,"-23,030",-,20,02-01-2025,13,3,Thursday
02-01-2025 14:00,-,"-44,398",34,02-01-2025,14,3,Thursday
02-01-2025 14:00,"-37,112",-,38,02-01-2025,14,3,Thursday
02-01-2025 15:00,-,"-64,594",58,02-01-2025,15,3,Thursday
02-01-2025 15:00,"-58,642",-,72,02-01-2025,15,3,Thursday
02-01-2025 16:00,-,"-96,082",82,02-01-2025,16,3,Thursday
02-01-2025 16:00,"-95,766",-,92,02-01-2025,16,3,Thursday
02-01-2025 17:00,-,"-1,29,464",121,02-01-2025,17,3,Thursday
02-01-2025 17:00,"-1,11,329",-,111,02-01-2025,17,3,Thursday
02-01-2025 18:00,-,"-18,313",19,02-01-2025,18,3,Thursday
02-01-2025 18:00,"-17,776",-,13,02-01-2025,18,3,Thursday
02-01-2025 19:00,-,-,0,02-01-2025,19,3,Thursday
02-01-2025 19:00,-,-,0,02-01-2025,19,3,Thursday
02-01-2025 20:00,-,-,0,02-01-2025,20,3,Thursday
02-01-2025 20:00,-,-,0,02-01-2025,20,3,Thursday
02-01-2025 21:00,-,-,0,02-01-2025,21,3,Thursday
02-01-2025 21:00,-,-,0,02-01-2025,21,3,Thursday
02-01-2025 22:00,-,-,0,02-01-2025,22,3,Thursday
02-01-2025 22:00,-,-,0,02-01-2025,22,3,Thursday
02-01-2025 23:00,-,-,0,02-01-2025,23,3,Thursday
02-01-2025 23:00,-,-,0,02-01-2025,23,3,Thursday
03-01-2025 00:00,-,-,0,03-01-2025,0,4,Friday
03-01-2025 00:00,-,-,0,03-01-2025,0,4,Friday
03-01-2025 01:00,-,-,0,03-01-2025,1,4,Friday
03-01-2025 01:00,-,-,0,03-01-2025,1,4,Friday
03-01-2025 02:00,-,-,0,03-01-2025,2,4,Friday
03-01-2025 02:00,-,-,0,03-01-2025,2,4,Friday
03-01-2025 03:00,-,-,0,03-01-2025,3,4,Friday
03-01-2025 03:00,-,-,0,03-01-2025,3,4,Friday
03-01-2025 04:00,-,-,0,03-01-2025,4,4,Friday
03-01-2025 04:00,-,-,0,03-01-2025,4,4,Friday
03-01-2025 05:00,-,-,0,03-01-2025,5,4,Friday
03-01-2025 05:00,-,-,0,03-01-2025,5,4,Friday
03-01-2025 06:00,-,"-11,589",8,03-01-2025,6,4,Friday
03-01-2025 06:00,"-10,180",-,9,03-01-2025,6,4,Friday
03-01-2025 07:00,-,"-20,071",18,03-01-2025,7,4,Friday
03-01-2025 07:00,"-13,941",-,13,03-01-2025,7,4,Friday
03-01-2025 08:00,-,"-35,786",31,03-01-2025,8,4,Friday
03-01-2025 08:00,"-24,207",-,26,03-01-2025,8,4,Friday
03-01-2025 09:00,-,"-53,004",52,03-01-2025,9,4,Friday
03-01-2025 09:00,"-34,941",-,37,03-01-2025,9,4,Friday
03-01-2025 10:00,-,"-65,786",63,03-01-2025,10,4,Friday
03-01-2025 10:00,"-61,147",-,54,03-01-2025,10,4,Friday
03-01-2025 11:00,-,"-46,896",50,03-01-2025,11,4,Friday
03-01-2025 11:00,"-49,368",-,67,03-01-2025,11,4,Friday
03-01-2025 12:00,-,"-42,565",34,03-01-2025,12,4,Friday
03-01-2025 12:00,"-32,071",-,29,03-01-2025,12,4,Friday
03-01-2025 13:00,-,"-36,265",38,03-01-2025,13,4,Friday
03-01-2025 13:00,"-26,177",-,27,03-01-2025,13,4,Friday
03-01-2025 14:00,-,"-39,879",48,03-01-2025,14,4,Friday
03-01-2025 14:00,"-41,186",-,40,03-01-2025,14,4,Friday
03-01-2025 15:00,-,"-81,106",74,03-01-2025,15,4,Friday
03-01-2025 15:00,"-67,655",-,88,03-01-2025,15,4,Friday
03-01-2025 16:00,-,"-1,22,206",131,03-01-2025,16,4,Friday
03-01-2025 16:00,"-99,547",-,109,03-01-2025,16,4,Friday
03-01-2025 17:00,-,"-1,56,606",130,03-01-2025,17,4,Friday
03-01-2025 17:00,"-1,12,686",-,135,03-01-2025,17,4,Friday
03-01-2025 18:00,-,"-24,092",19,03-01-2025,18,4,Friday
03-01-2025 18:00,"-18,992",-,24,03-01-2025,18,4,Friday
03-01-2025 19:00,-,-,0,03-01-2025,19,4,Friday
03-01-2025 19:00,-,-,0,03-01-2025,19,4,Friday
03-01-2025 20:00,-,-,0,03-01-2025,20,4,Friday
03-01-2025 20:00,-,-,0,03-01-2025,20,4,Friday
03-01-2025 21:00,-,-,0,03-01-2025,21,4,Friday
03-01-2025 21:00,-,-,0,03-01-2025,21,4,Friday
03-01-2025 22:00,-,-,0,03-01-2025,22,4,Friday
03-01-2025 22:00,-,-,0,03-01-2025,22,4,Friday
03-01-2025 23:00,-,-,0,03-01-2025,23,4,Friday
03-01-2025 23:00,-,-,0,03-01-2025,23,4,Friday
04-01-2025 00:00,-,-,0,04-01-2025,0,5,Saturday
04-01-2025 00:00,-,-,0,04-01-2025,0,5,Saturday
04-01-2025 01:00,-,-,0,04-01-2025,1,5,Saturday
04-01-2025 01:00,-,-,0,04-01-2025,1,5,Saturday
04-01-2025 02:00,-,-,0,04-01-2025,2,5,Saturday
04-01-2025 02:00,-,-,0,04-01-2025,2,5,Saturday
04-01-2025 03:00,-,-,0,04-01-2025,3,5,Saturday
04-01-2025 03:00,-,-,0,04-01-2025,3,5,Saturday
04-01-2025 04:00,-,-,0,04-01-2025,4,5,Saturday
04-01-2025 04:00,-,-,0,04-01-2025,4,5,Saturday
04-01-2025 05:00,-,-,0,04-01-2025,5,5,Saturday
04-01-2025 05:00,-,-,0,04-01-2025,5,5,Saturday
04-01-2025 06:00,-,-,0,04-01-2025,6,5,Saturday
04-01-2025 06:00,-,-,0,04-01-2025,6,5,Saturday
04-01-2025 07:00,-,-,0,04-01-2025,7,5,Saturday
04-01-2025 07:00,-,-,0,04-01-2025,7,5,Saturday
04-01-2025 08:00,-,-,0,04-01-2025,8,5,Saturday
04-01-2025 08:00,-,-,0,04-01-2025,8,5,Saturday
04-01-2025 09:00,-,-,0,04-01-2025,9,5,Saturday
04-01-2025 09:00,-,-,0,04-01-2025,9,5,Saturday
04-01-2025 10:00,-,-,0,04-01-2025,10,5,Saturday
04-01-2025 10:00,-,-,0,04-01-2025,10,5,Saturday
04-01-2025 11:00,-,-,0,04-01-2025,11,5,Saturday
04-01-2025 11:00,-,-,0,04-01-2025,11,5,Saturday
04-01-2025 12:00,-,-,0,04-01-2025,12,5,Saturday
04-01-2025 12:00,-,-,0,04-01-2025,12,5,Saturday
04-01-2025 13:00,-,-,0,04-01-2025,13,5,Saturday
04-01-2025 13:00,-,-,0,04-01-2025,13,5,Saturday
04-01-2025 14:00,-,-,0,04-01-2025,14,5,Saturday
04-01-2025 14:00,-,-,0,04-01-2025,14,5,Saturday
04-01-2025 15:00,-,-,0,04-01-2025,15,5,Saturday
04-01-2025 15:00,-,-,0,04-01-2025,15,5,Saturday
04-01-2025 16:00,-,-,0,04-01-2025,16,5,Saturday
04-01-2025 16:00,-,-,0,04-01-2025,16,5,Saturday
04-01-2025 17:00,-,-,0,04-01-2025,17,5,Saturday
04-01-2025 17:00,-,-,0,04-01-2025,17,5,Saturday
04-01-2025 18:00,-,-,0,04-01-2025,18,5,Saturday
04-01-2025 18:00,-,-,0,04-01-2025,18,5,Saturday
04-01-2025 19:00,-,-,0,04-01-2025,19,5,Saturday
04-01-2025 19:00,-,-,0,04-01-2025,19,5,Saturday
04-01-2025 20:00,-,-,0,04-01-2025,20,5,Saturday
04-01-2025 20:00,-,-,0,04-01-2025,20,5,Saturday
04-01-2025 21:00,-,-,0,04-01-2025,21,5,Saturday
04-01-2025 21:00,-,-,0,04-01-2025,21,5,Saturday
04-01-2025 22:00,-,-,0,04-01-2025,22,5,Saturday
04-01-2025 22:00,-,-,0,04-01-2025,22,5,Saturday
04-01-2025 23:00,-,-,0,04-01-2025,23,5,Saturday
04-01-2025 23:00,-,-,0,04-01-2025,23,5,Saturday
05-01-2025 00:00,-,-,0,05-01-2025,0,6,Sunday
05-01-2025 00:00,-,-,0,05-01-2025,0,6,Sunday
05-01-2025 01:00,-,-,0,05-01-2025,1,6,Sunday
05-01-2025 01:00,-,-,0,05-01-2025,1,6,Sunday
05-01-2025 02:00,-,-,0,05-01-2025,2,6,Sunday
05-01-2025 02:00,-,-,0,05-01-2025,2,6,Sunday
05-01-2025 03:00,-,-,0,05-01-2025,3,6,Sunday
05-01-2025 03:00,-,-,0,05-01-2025,3,6,Sunday
05-01-2025 04:00,-,-,0,05-01-2025,4,6,Sunday
05-01-2025 04:00,-,-,0,05-01-2025,4,6,Sunday
05-01-2025 05:00,-,-,0,05-01-2025,5,6,Sunday
05-01-2025 05:00,-,-,0,05-01-2025,5,6,Sunday
05-01-2025 06:00,-,-,0,05-01-2025,6,6,Sunday
05-01-2025 06:00,-,-,0,05-01-2025,6,6,Sunday
05-01-2025 07:00,-,-,0,05-01-2025,7,6,Sunday
05-01-2025 07:00,-,-,0,05-01-2025,7,6,Sunday
05-01-2025 08:00,-,-,0,05-01-2025,8,6,Sunday
05-01-2025 08:00,-,-,0,05-01-2025,8,6,Sunday
05-01-2025 09:00,-,-,0,05-01-2025,9,6,Sunday
05-01-2025 09:00,-,-,0,05-01-2025,9,6,Sunday
05-01-2025 10:00,-,-,0,05-01-2025,10,6,Sunday
05-01-2025 10:00,-,-,0,05-01-2025,10,6,Sunday
05-01-2025 11:00,-,-,0,05-01-2025,11,6,Sunday
05-01-2025 11:00,-,-,0,05-01-2025,11,6,Sunday
05-01-2025 12:00,-,-,0,05-01-2025,12,6,Sunday
05-01-2025 12:00,-,-,0,05-01-2025,12,6,Sunday
05-01-2025 13:00,-,-,0,05-01-2025,13,6,Sunday
05-01-2025 13:00,-,-,0,05-01-2025,13,6,Sunday
05-01-2025 14:00,-,-,0,05-01-2025,14,6,Sunday
05-01-2025 14:00,-,-,0,05-01-2025,14,6,Sunday
05-01-2025 15:00,-,-,0,05-01-2025,15,6,Sunday
05-01-2025 15:00,-,-,0,05-01-2025,15,6,Sunday
05-01-2025 16:00,-,-,0,05-01-2025,16,6,Sunday
05-01-2025 16:00,-,-,0,05-01-2025,16,6,Sunday
05-01-2025 17:00,-,-,0,05-01-2025,17,6,Sunday
05-01-2025 17:00,-,-,0,05-01-2025,17,6,Sunday
05-01-2025 18:00,-,-,0,05-01-2025,18,6,Sunday
05-01-2025 18:00,-,-,0,05-01-2025,18,6,Sunday
05-01-2025 19:00,-,-,0,05-01-2025,19,6,Sunday
05-01-2025 19:00,-,-,0,05-01-2025,19,6,Sunday
05-01-2025 20:00,-,-,0,05-01-2025,20,6,Sunday
05-01-2025 20:00,-,-,0,05-01-2025,20,6,Sunday
05-01-2025 21:00,-,-,0,05-01-2025,21,6,Sunday
05-01-2025 21:00,-,-,0,05-01-2025,21,6,Sunday
05-01-2025 22:00,-,-,0,05-01-2025,22,6,Sunday
05-01-2025 22:00,-,-,0,05-01-2025,22,6,Sunday
05-01-2025 23:00,-,-,0,05-01-2025,23,6,Sunday
05-01-2025 23:00,-,-,0,05-01-2025,23,6,Sunday
06-01-2025 00:00,-,-,0,06-01-2025,0,0,Monday
06-01-2025 00:00,-,-,0,06-01-2025,0,0,Monday
06-01-2025 01:00,-,-,0,06-01-2025,1,0,Monday
06-01-2025 01:00,-,-,0,06-01-2025,1,0,Monday
06-01-2025 02:00,-,-,0,06-01-2025,2,0,Monday
06-01-2025 02:00,-,-,0,06-01-2025,2,0,Monday
06-01-2025 03:00,-,-,0,06-01-2025,3,0,Monday
06-01-2025 03:00,-,-,0,06-01-2025,3,0,Monday
06-01-2025 04:00,-,-,0,06-01-2025,4,0,Monday
06-01-2025 04:00,-,-,0,06-01-2025,4,0,Monday
06-01-2025 05:00,-,-,0,06-01-2025,5,0,Monday
06-01-2025 05:00,-,-,0,06-01-2025,5,0,Monday
06-01-2025 06:00,-,"-13,098",6,06-01-2025,6,0,Monday
06-01-2025 06:00,"-8,892",-,4,06-01-2025,6,0,Monday
06-01-2025 07:00,-,"-20,388",20,06-01-2025,7,0,Monday
06-01-2025 07:00,"-15,199",-,13,06-01-2025,7,0,Monday
06-01-2025 08:00,-,"-36,675",32,06-01-2025,8,0,Monday
06-01-2025 08:00,"-30,308",-,36,06-01-2025,8,0,Monday
06-01-2025 09:00,-,"-56,554",48,06-01-2025,9,0,Monday
06-01-2025 09:00,"-41,157",-,38,06-01-2025,9,0,Monday
06-01-2025 10:00,-,"-77,804",84,06-01-2025,10,0,Monday
06-01-2025 10:00,"-68,644",-,64,06-01-2025,10,0,Monday
06-01-2025 11:00,-,"-56,982",50,06-01-2025,11,0,Monday
06-01-2025 11:00,"-67,777",-,57,06-01-2025,11,0,Monday
06-01-2025 12:00,-,"-48,866",41,06-01-2025,12,0,Monday
06-01-2025 12:00,"-35,048",-,44,06-01-2025,12,0,Monday
06-01-2025 13:00,-,"-35,133",46,06-01-2025,13,0,Monday
06-01-2025 13:00,"-34,940",-,34,06-01-2025,13,0,Monday
06-01-2025 14:00,-,"-52,449",52,06-01-2025,14,0,Monday
06-01-2025 14:00,"-45,998",-,43,06-01-2025,14,0,Monday
06-01-2025 15:00,-,"-87,413",97,06-01-2025,15,0,Monday
06-01-2025 15:00,"-84,404",-,72,06-01-2025,15,0,Monday
06-01-2025 16:00,-,"-1,38,092",127,06-01-2025,16,0,Monday
06-01-2025 16:00,"-1,16,767",-,112,06-01-2025,16,0,Monday
06-01-2025 17:00,-,"-1,46,422",170,06-01-2025,17,0,Monday
06-01-2025 17:00,"-1,10,782",-,111,06-01-2025,17,0,Monday
06-01-2025 18:00,-,"-21,901",23,06-01-2025,18,0,Monday
06-01-2025 18:00,"-17,051",-,21,06-01-2025,18,0,Monday
06-01-2025 19:00,-,-,0,06-01-2025,19,0,Monday
06-01-2025 19:00,-,-,0,06-01-2025,19,0,Monday
06-01-2025 20:00,-,-,0,06-01-2025,20,0,Monday
06-01-2025 20:00,-,-,0,06-01-2025,20,0,Monday
06-01-2025 21:00,-,-,0,06-01-2025,21,0,Monday
06-01-2025 21:00,-,-,0,06-01-2025,21,0,Monday
06-01-2025 22:00,-,-,0,06-01-2025,22,0,Monday
06-01-2025 22:00,-,-,0,06-01-2025,22,0,Monday
06-01-2025 23:00,-,-,0,06-01-2025,23,0,Monday
06-01-2025 23:00,-,-,0,06-01-2025,23,0,Monday
07-01-2025 00:00,-,-,0,07-01-2025,0,1,Tuesday
07-01-2025 00:00,-,-,0,07-01-2025,0,1,Tuesday
07-01-2025 01:00,-,-,0,07-01-2025,1,1,Tuesday
07-01-2025 01:00,-,-,0,07-01-2025,1,1,Tuesday
07-01-2025 02:00,-,-,0,07-01-2025,2,1,Tuesday
07-01-2025 02:00,-,-,0,07-01-2025,2,1,Tuesday
07-01-2025 03:00,-,-,0,07-01-2025,3,1,Tuesday
07-01-2025 03:00,-,-,0,07-01-2025,3,1,Tuesday
07-01-2025 04:00,-,-,0,07-01-2025,4,1,Tuesday
07-01-2025 04:00,-,-,0,07-01-2025,4,1,Tuesday
07-01-2025 05:00,-,-,0,07-01-2025,5,1,Tuesday
07-01-2025 05:00,-,-,0,07-01-2025,5,1,Tuesday
07-01-2025 06:00,-,"-9,448",8,07-01-2025,6,1,Tuesday
07-01-2025 06:00,"-6,792",-,9,07-01-2025,6,1,Tuesday
07-01-2025 07:00,-,"-14,071",18,07-01-2025,7,1,Tuesday
07-01-2025 07:00,"-13,394",-,9,07-01-2025,7,1,Tuesday
07-01-2025 08:00,-,"-26,226",32,07-01-2025,8,1,Tuesday
07-01-2025 08:00,"-24,147",-,35,07-01-2025,8,1,Tuesday
07-01-2025 09:00,-,"-44,988",51,07-01-2025,9,1,Tuesday
07-01-2025 09:00,"-27,064",-,29,07-01-2025,9,1,Tuesday
07-01-2025 10:00,-,"-52,457",50,07-01-2025,10,1,Tuesday
07-01-2025 10:00,"-51,081",-,60,07-01-2025,10,1,Tuesday
07-01-2025 11:00,-,"-43,332",33,07-01-2025,11,1,Tuesday
07-01-2025 11:00,"-46,585",-,40,07-01-2025,11,1,Tuesday
07-01-2025 12:00,-,"-29,638",36,07-01-2025,12,1,Tuesday
07-01-2025 12:00,"-29,067",-,27,07-01-2025,12,1,Tuesday
07-01-2025 13:00,-,"-28,045",38,07-01-2025,13,1,Tuesday
07-01-2025 13:00,"-22,649",-,17,07-01-2025,13,1,Tuesday
07-01-2025 14:00,-,"-41,478",42,07-01-2025,14,1,Tuesday
07-01-2025 14:00,"-33,890",-,32,07-01-2025,14,1,Tuesday
07-01-2025 15:00,-,"-70,513",74,07-01-2025,15,1,Tuesday
07-01-2025 15:00,"-54,377",-,54,07-01-2025,15,1,Tuesday
07-01-2025 16:00,-,"-95,893",107,07-01-2025,16,1,Tuesday
07-01-2025 16:00,"-93,894",-,97,07-01-2025,16,1,Tuesday
07-01-2025 17:00,-,"-1,28,861",114,07-01-2025,17,1,Tuesday
07-01-2025 17:00,"-1,10,220",-,107,07-01-2025,17,1,Tuesday
07-01-2025 18:00,-,"-16,908",23,07-01-2025,18,1,Tuesday
07-01-2025 18:00,"-15,083",-,14,07-01-2025,18,1,Tuesday
07-01-2025 19:00,-,-,0,07-01-2025,19,1,Tuesday
07-01-2025 19:00,-,-,0,07-01-2025,19,1,Tuesday
07-01-2025 20:00,-,-,0,07-01-2025,20,1,Tuesday
07-01-2025 20:00,-,-,0,07-01-2025,20,1,Tuesday
07-01-2025 21:00,-,-,0,07-01-2025,21,1,Tuesday
07-01-2025 21:00,-,-,0,07-01-2025,21,1,Tuesday
07-01-2025 22:00,-,-,0,07-01-2025,22,1,Tuesday
07-01-2025 22:00,-,-,0,07-01-2025,22,1,Tuesday
07-01-2025 23:00,-,-,0,07-01-2025,23,1,Tuesday
07-01-2025 23:00,-,-,0,07-01-2025,23,1,Tuesday
08-01-2025 00:00,-,-,0,08-01-2025,0,2,Wednesday
08-01-2025 00:00,-,-,0,08-01-2025,0,2,Wednesday
08-01-2025 01:00,-,-,0,08-01-2025,1,2,Wednesday
08-01-2025 01:00,-,-,0,08-01-2025,1,2,Wednesday
08-01-2025 02:00,-,-,0,08-01-2025,2,2,Wednesday
08-01-2025 02:00,-,-,0,08-01-2025,2,2,Wednesday
08-01-2025 03:00,-,-,0,08-01-2025,3,2,Wednesday
08-01-2025 03:00,-,-,0,08-01-2025,3,2,Wednesday
08-01-2025 04:00,-,-,0,08-01-2025,4,2,Wednesday
08-01-2025 04:00,-,-,0,08-01-2025,4,2,Wednesday
08-01-2025 05:00,-,-,0,08-01-2025,5,2,Wednesday
08-01-2025 05:00,-,-,0,08-01-2025,5,2,Wednesday
08-01-2025 06:00,-,"-10,498",12,08-01-2025,6,2,Wednesday
08-01-2025 06:00,"-8,519",-,9,08-01-2025,6,2,Wednesday
08-01-2025 07:00,-,"-13,686",19,08-01-2025,7,2,Wednesday
08-01-2025 07:00,"-13,396",-,13,08-01-2025,7,2,Wednesday
08-01-2025 08:00,-,"-26,824",27,08-01-2025,8,2,Wednesday
08-01-2025 08:00,"-25,624",-,17,08-01-2025,8,2,Wednesday
08-01-2025 09:00,-,"-42,599",51,08-01-2025,9,2,Wednesday
08-01-2025 09:00,"-34,738",-,35,08-01-2025,9,2,Wednesday
08-01-2025 10:00,-,"-53,262",66,08-01-2025,10,2,Wednesday
08-01-2025 10:00,"-58,387",-,49,08-01-2025,10,2,Wednesday
08-01-2025 11:00,-,"-47,311",41,08-01-2025,11,2,Wednesday
08-01-2025 11:00,"-53,905",-,49,08-01-2025,11,2,Wednesday
08-01-2025 12:00,-,"-29,288",26,08-01-2025,12,2,Wednesday
08-01-2025 12:00,"-25,719",-,28,08-01-2025,12,2,Wednesday
08-01-2025 13:00,-,"-33,502",23,08-01-2025,13,2,Wednesday
08-01-2025 13:00,"-29,319",-,24,08-01-2025,13,2,Wednesday
08-01-2025 14:00,-,"-46,270",29,08-01-2025,14,2,Wednesday
08-01-2025 14:00,"-36,335",-,35,08-01-2025,14,2,Wednesday
08-01-2025 15:00,-,"-74,854",72,08-01-2025,15,2,Wednesday
08-01-2025 15:00,"-57,716",-,74,08-01-2025,15,2,Wednesday
08-01-2025 16:00,-,"-94,627",100,08-01-2025,16,2,Wednesday
08-01-2025 16:00,"-82,025",-,76,08-01-2025,16,2,Wednesday
08-01-2025 17:00,-,"-1,38,997",124,08-01-2025,17,2,Wednesday
08-01-2025 17:00,"-1,12,652",-,104,08-01-2025,17,2,Wednesday
08-01-2025 18:00,-,"-21,027",21,08-01-2025,18,2,Wednesday
08-01-2025 18:00,"-15,451",-,19,08-01-2025,18,2,Wednesday
08-01-2025 19:00,-,-,0,08-01-2025,19,2,Wednesday
08-01-2025 19:00,-,-,0,08-01-2025,19,2,Wednesday
08-01-2025 20:00,-,-,0,08-01-2025,20,2,Wednesday
08-01-2025 20:00,-,-,0,08-01-2025,20,2,Wednesday
08-01-2025 21:00,-,-,0,08-01-2025,21,2,Wednesday
08-01-2025 21:00,-,-,0,08-01-2025,21,2,Wednesday
08-01-2025 22:00,-,-,0,08-01-2025,22,2,Wednesday
08-01-2025 22:00,-,-,0,08-01-2025,22,2,Wednesday
08-01-2025 23:00,-,-,0,08-01-2025,23,2,Wednesday
08-01-2025 23:00,-,-,0,08-01-2025,23,2,Wednesday
09-01-2025 00:00,-,-,0,09-01-2025,0,3,Thursday
09-01-2025 00:00,-,-,0,09-01-2025,0,3,Thursday
09-01-2025 01:00,-,-,0,09-01-2025,1,3,Thursday
09-01-2025 01:00,-,-,0,09-01-2025,1,3,Thursday
09-01-2025 02:00,-,-,0,09-01-2025,2,3,Thursday
09-01-2025 02:00,-,-,0,09-01-2025,2,3,Thursday
09-01-2025 03:00,-,-,0,09-01-2025,3,3,Thursday
09-01-2025 03:00,-,-,0,09-01-2025,3,3,Thursday
09-01-2025 04:00,-,-,0,09-01-2025,4,3,Thursday
09-01-2025 04:00,-,-,0,09-01-2025,4,3,Thursday
09-01-2025 05:00,-,-,0,09-01-2025,5,3,Thursday
09-01-2025 05:00,-,-,0,09-01-2025,5,3,Thursday
09-01-2025 06:00,-,"-9,624",7,09-01-2025,6,3,Thursday
09-01-2025 06:00,"-8,559",-,12,09-01-2025,6,3,Thursday
09-01-2025 07:00,-,"-13,864",12,09-01-2025,7,3,Thursday
09-01-2025 07:00,"-13,667",-,10,09-01-2025,7,3,Thursday
09-01-2025 08:00,-,"-29,525",26,09-01-2025,8,3,Thursday
09-01-2025 08:00,"-23,903",-,24,09-01-2025,8,3,Thursday
09-01-2025 09:00,-,"-49,561",57,09-01-2025,9,3,Thursday
09-01-2025 09:00,"-28,201",-,39,09-01-2025,9,3,Thursday
09-01-2025 10:00,-,"-55,601",64,09-01-2025,10,3,Thursday
09-01-2025 10:00,"-49,172",-,42,09-01-2025,10,3,Thursday
09-01-2025 11:00,-,"-42,860",45,09-01-2025,11,3,Thursday
09-01-2025 11:00,"-48,249",-,59,09-01-2025,11,3,Thursday
09-01-2025 12:00,-,"-35,577",40,09-01-2025,12,3,Thursday
09-01-2025 12:00,"-28,683",-,29,09-01-2025,12,3,Thursday
09-01-2025 13:00,-,"-28,767",28,09-01-2025,13,3,Thursday
09-01-2025 13:00,"-23,454",-,17,09-01-2025,13,3,Thursday
09-01-2025 14:00,-,"-42,274",33,09-01-2025,14,3,Thursday
09-01-2025 14:00,"-38,405",-,28,09-01-2025,14,3,Thursday
09-01-2025 15:00,-,"-65,831",72,09-01-2025,15,3,Thursday
09-01-2025 15:00,"-55,640",-,54,09-01-2025,15,3,Thursday
09-01-2025 16:00,-,"-88,888",95,09-01-2025,16,3,Thursday
09-01-2025 16:00,"-78,241",-,73,09-01-2025,16,3,Thursday
09-01-2025 17:00,-,"-1,28,630",117,09-01-2025,17,3,Thursday
09-01-2025 17:00,"-1,14,499",-,107,09-01-2025,17,3,Thursday
09-01-2025 18:00,-,"-17,466",26,09-01-2025,18,3,Thursday
09-01-2025 18:00,"-15,224",-,12,09-01-2025,18,3,Thursday
09-01-2025 19:00,-,-,0,09-01-2025,19,3,Thursday
09-01-2025 19:00,-,-,0,09-01-2025,19,3,Thursday
09-01-2025 20:00,-,-,0,09-01-2025,20,3,Thursday
09-01-2025 20:00,-,-,0,09-01-2025,20,3,Thursday
09-01-2025 21:00,-,-,0,09-01-2025,21,3,Thursday
09-01-2025 21:00,-,-,0,09-01-2025,21,3,Thursday
09-01-2025 22:00,-,-,0,09-01-2025,22,3,Thursday
09-01-2025 22:00,-,-,0,09-01-2025,22,3,Thursday
09-01-2025 23:00,-,-,0,09-01-2025,23,3,Thursday
09-01-2025 23:00,-,-,0,09-01-2025,23,3,Thursday
10-01-2025 00:00,-,-,0,10-01-2025,0,4,Friday
10-01-2025 00:00,-,-,0,10-01-2025,0,4,Friday
10-01-2025 01:00,-,-,0,10-01-2025,1,4,Friday
10-01-2025 01:00,-,-,0,10-01-2025,1,4,Friday
10-01-2025 02:00,-,-,0,10-01-2025,2,4,Friday
10-01-2025 02:00,-,-,0,10-01-2025,2,4,Friday
10-01-2025 03:00,-,-,0,10-01-2025,3,4,Friday
10-01-2025 03:00,-,-,0,10-01-2025,3,4,Friday
10-01-2025 04:00,-,-,0,10-01-2025,4,4,Friday
10-01-2025 04:00,-,-,0,10-01-2025,4,4,Friday
10-01-2025 05:00,-,-,0,10-01-2025,5,4,Friday
10-01-2025 05:00,-,-,0,10-01-2025,5,4,Friday
10-01-2025 06:00,-,"-10,340",11,10-01-2025,6,4,Friday
10-01-2025 06:00,"-8,964",-,8,10-01-2025,6,4,Friday
10-01-2025 07:00,-,"-16,698",18,10-01-2025,7,4,Friday
10-01-2025 07:00,"-14,369",-,14,10-01-2025,7,4,Friday
10-01-2025 08:00,-,"-28,608",27,10-01-2025,8,4,Friday
10-01-2025 08:00,"-28,792",-,35,10-01-2025,8,4,Friday
10-01-2025 09:00,-,"-49,036",63,10-01-2025,9,4,Friday
10-01-2025 09:00,"-39,114",-,37,10-01-2025,9,4,Friday
10-01-2025 10:00,-,"-65,427",68,10-01-2025,10,4,Friday
10-01-2025 10:00,"-60,459",-,56,10-01-2025,10,4,Friday
10-01-2025 11:00,-,"-44,231",52,10-01-2025,11,4,Friday
10-01-2025 11:00,"-49,630",-,46,10-01-2025,11,4,Friday
10-01-2025 12:00,-,"-35,600",33,10-01-2025,12,4,Friday
10-01-2025 12:00,"-33,641",-,42,10-01-2025,12,4,Friday
10-01-2025 13:00,-,"-40,933",27,10-01-2025,13,4,Friday
10-01-2025 13:00,"-28,154",-,37,10-01-2025,13,4,Friday
10-01-2025 14:00,-,"-52,652",39,10-01-2025,14,4,Friday
10-01-2025 14:00,"-36,862",-,40,10-01-2025,14,4,Friday
10-01-2025 15:00,-,"-79,518",92,10-01-2025,15,4,Friday
10-01-2025 15:00,"-65,552",-,69,10-01-2025,15,4,Friday
10-01-2025 16:00,-,"-1,09,215",101,10-01-2025,16,4,Friday
10-01-2025 16:00,"-98,111",-,101,10-01-2025,16,4,Friday
10-01-2025 17:00,-,"-1,33,072",141,10-01-2025,17,4,Friday
10-01-2025 17:00,"-1,35,807",-,104,10-01-2025,17,4,Friday
10-01-2025 18:00,-,"-19,943",19,10-01-2025,18,4,Friday
10-01-2025 18:00,"-18,738",-,21,10-01-2025,18,4,Friday
10-01-2025 19:00,-,-,0,10-01-2025,19,4,Friday
10-01-2025 19:00,-,-,0,10-01-2025,19,4,Friday
10-01-2025 20:00,-,-,0,10-01-2025,20,4,Friday
10-01-2025 20:00,-,-,0,10-01-2025,20,4,Friday
10-01-2025 21:00,-,-,0,10-01-2025,21,4,Friday
10-01-2025 21:00,-,-,0,10-01-2025,21,4,Friday
10-01-2025 22:00,-,-,0,10-01-2025,22,4,Friday
10-01-2025 22:00,-,-,0,10-01-2025,22,4,Friday
10-01-2025 23:00,-,-,0,10-01-2025,23,4,Friday
10-01-2025 23:00,-,-,0,10-01-2025,23,4,Friday
11-01-2025 00:00,-,-,0,11-01-2025,0,5,Saturday
11-01-2025 00:00,-,-,0,11-01-2025,0,5,Saturday
11-01-2025 01:00,-,-,0,11-01-2025,1,5,Saturday
11-01-2025 01:00,-,-,0,11-01-2025,1,5,Saturday
11-01-2025 02:00,-,-,0,11-01-2025,2,5,Saturday
11-01-2025 02:00,-,-,0,11-01-2025,2,5,Saturday
11-01-2025 03:00,-,-,0,11-01-2025,3,5,Saturday
11-01-2025 03:00,-,-,0,11-01-2025,3,5,Saturday
11-01-2025 04:00,-,-,0,11-01-2025,4,5,Saturday
11-01-2025 04:00,-,-,0,11-01-2025,4,5,Saturday
11-01-2025 05:00,-,-,0,11-01-2025,5,5,Saturday
11-01-2025 05:00,-,-,0,11-01-2025,5,5,Saturday
11-01-2025 06:00,-,-,0,11-01-2025,6,5,Saturday
11-01-2025 06:00,-,-,0,11-01-2025,6,5,Saturday
11-01-2025 07:00,-,-,0,11-01-2025,7,5,Saturday
11-01-2025 07:00,-,-,0,11-01-2025,7,5,Saturday
11-01-2025 08:00,-,-,0,11-01-2025,8,5,Saturday
11-01-2025 08:00,-,-,0,11-01-2025,8,5,Saturday
11-01-2025 09:00,-,-,0,11-01-2025,9,5,Saturday
11-01-2025 09:00,-,-,0,11-01-2025,9,5,Saturday
11-01-2025 10:00,-,-,0,11-01-2025,10,5,Saturday
11-01-2025 10:00,-,-,0,11-01-2025,10,5,Saturday
11-01-2025 11:00,-,-,0,11-01-2025,11,5,Saturday
11-01-2025 11:00,-,-,0,11-01-2025,11,5,Saturday
11-01-2025 12:00,-,-,0,11-01-2025,12,5,Saturday
11-01-2025 12:00,-,-,0,11-01-2025,12,5,Saturday
11-01-2025 13:00,-,-,0,11-01-2025,13,5,Saturday
11-01-2025 13:00,-,-,0,11-01-2025,13,5,Saturday
11-01-2025 14:00,-,-,0,11-01-2025,14,5,Saturday
11-01-2025 14:00,-,-,0,11-01-2025,14,5,Saturday
11-01-2025 15:00,-,-,0,11-01-2025,15,5,Saturday
11-01-2025 15:00,-,-,0,11-01-2025,15,5,Saturday
11-01-2025 16:00,-,-,0,11-01-2025,16,5,Saturday
11-01-2025 16:00,-,-,0,11-01-2025,16,5,Saturday
11-01-2025 17:00,-,-,0,11-01-2025,17,5,Saturday
11-01-2025 17:00,-,-,0,11-01-2025,17,5,Saturday
11-01-2025 18:00,-,-,0,11-01-2025,18,5,Saturday
11-01-2025 18:00,-,-,0,11-01-2025,18,5,Saturday
11-01-2025 19:00,-,-,0,11-01-2025,19,5,Saturday
11-01-2025 19:00,-,-,0,11-01-2025,19,5,Saturday
11-01-2025 20:00,-,-,0,11-01-2025,20,5,Saturday
11-01-2025 20:00,-,-,0,11-01-2025,20,5,Saturday
11-01-2025 21:00,-,-,0,11-01-2025,21,5,Saturday
11-01-2025 21:00,-,-,0,11-01-2025,21,5,Saturday
11-01-2025 22:00,-,-,0,11-01-2025,22,5,Saturday
11-01-2025 22:00,-,-,0,11-01-2025,22,5,Saturday
11-01-2025 23:00,-,-,0,11-01-2025,23,5,Saturday
11-01-2025 23:00,-,-,0,11-01-2025,23,5,Saturday
12-01-2025 00:00,-,-,0,12-01-2025,0,6,Sunday
12-01-2025 00:00,-,-,0,12-01-2025,0,6,Sunday
12-01-2025 01:00,-,-,0,12-01-2025,1,6,Sunday
12-01-2025 01:00,-,-,0,12-01-2025,1,6,Sunday
12-01-2025 02:00,-,-,0,12-01-2025,2,6,Sunday
12-01-2025 02:00,-,-,0,12-01-2025,2,6,Sunday
12-01-2025 03:00,-,-,0,12-01-2025,3,6,Sunday
12-01-2025 03:00,-,-,0,12-01-2025,3,6,Sunday
12-01-2025 04:00,-,-,0,12-01-2025,4,6,Sunday
12-01-2025 04:00,-,-,0,12-01-2025,4,6,Sunday
12-01-2025 05:00,-,-,0,12-01-2025,5,6,Sunday
12-01-2025 05:00,-,-,0,12-01-2025,5,6,Sunday
12-01-2025 06:00,-,-,0,12-01-2025,6,6,Sunday
12-01-2025 06:00,-,-,0,12-01-2025,6,6,Sunday
12-01-2025 07:00,-,-,0,12-01-2025,7,6,Sunday
12-01-2025 07:00,-,-,0,12-01-2025,7,6,Sunday
12-01-2025 08:00,-,-,0,12-01-2025,8,6,Sunday
12-01-2025 08:00,-,-,0,12-01-2025,8,6,Sunday
12-01-2025 09:00,-,-,0,12-01-2025,9,6,Sunday
12-01-2025 09:00,-,-,0,12-01-2025,9,6,Sunday
12-01-2025 10:00,-,-,0,12-01-2025,10,6,Sunday
12-01-2025 10:00,-,-,0,12-01-2025,10,6,Sunday
12-01-2025 11:00,-,-,0,12-01-2025,11,6,Sunday
12-01-2025 11:00,-,-,0,12-01-2025,11,6,Sunday
12-01-2025 12:00,-,-,0,12-01-2025,12,6,Sunday
12-01-2025 12:00,-,-,0,12-01-2025,12,6,Sunday
12-01-2025 13:00,-,-,0,12-01-2025,13,6,Sunday
12-01-2025 13:00,-,-,0,12-01-2025,13,6,Sunday
12-01-2025 14:00,-,-,0,12-01-2025,14,6,Sunday
12-01-2025 14:00,-,-,0,12-01-2025,14,6,Sunday
12-01-2025 15:00,-,-,0,12-01-2025,15,6,Sunday
12-01-2025 15:00,-,-,0,12-01-2025,15,6,Sunday
12-01-2025 16:00,-,-,0,12-01-2025,16,6,Sunday
12-01-2025 16:00,-,-,0,12-01-2025,16,6,Sunday
12-01-2025 17:00,-,-,0,12-01-2025,17,6,Sunday
12-01-2025 17:00,-,-,0,12-01-2025,17,6,Sunday
12-01-2025 18:00,-,-,0,12-01-2025,18,6,Sunday
12-01-2025 18:00,-,-,0,12-01-2025,18,6,Sunday
12-01-2025 19:00,-,-,0,12-01-2025,19,6,Sunday
12-01-2025 19:00,-,-,0,12-01-2025,19,6,Sunday
12-01-2025 20:00,-,-,0,12-01-2025,20,6,Sunday
12-01-2025 20:00,-,-,0,12-01-2025,20,6,Sunday
12-01-2025 21:00,-,-,0,12-01-2025,21,6,Sunday
12-01-2025 21:00,-,-,0,12-01-2025,21,6,Sunday
12-01-2025 22:00,-,-,0,12-01-2025,22,6,Sunday
12-01-2025 22:00,-,-,0,12-01-2025,22,6,Sunday
12-01-2025 23:00,-,-,0,12-01-2025,23,6,Sunday
12-01-2025 23:00,-,-,0,12-01-2025,23,6,Sunday
13-01-2025 00:00,-,-,0,13-01-2025,0,0,Monday
13-01-2025 00:00,-,-,0,13-01-2025,0,0,Monday
13-01-2025 01:00,-,-,0,13-01-2025,1,0,Monday
13-01-2025 01:00,-,-,0,13-01-2025,1,0,Monday
13-01-2025 02:00,-,-,0,13-01-2025,2,0,Monday
13-01-2025 02:00,-,-,0,13-01-2025,2,0,Monday
13-01-2025 03:00,-,-,0,13-01-2025,3,0,Monday
13-01-2025 03:00,-,-,0,13-01-2025,3,0,Monday
13-01-2025 04:00,-,-,0,13-01-2025,4,0,Monday
13-01-2025 04:00,-,-,0,13-01-2025,4,0,Monday
13-01-2025 05:00,-,-,0,13-01-2025,5,0,Monday
13-01-2025 05:00,-,-,0,13-01-2025,5,0,Monday
13-01-2025 06:00,-,"-11,169",11,13-01-2025,6,0,Monday
13-01-2025 06:00,"-10,776",-,11,13-01-2025,6,0,Monday
13-01-2025 07:00,-,"-17,535",15,13-01-2025,7,0,Monday
13-01-2025 07:00,"-16,614",-,21,13-01-2025,7,0,Monday
13-01-2025 08:00,-,"-33,967",33,13-01-2025,8,0,Monday
13-01-2025 08:00,"-28,603",-,35,13-01-2025,8,0,Monday
13-01-2025 09:00,-,"-65,359",60,13-01-2025,9,0,Monday
13-01-2025 09:00,"-44,346",-,40,13-01-2025,9,0,Monday
13-01-2025 10:00,-,"-85,323",73,13-01-2025,10,0,Monday
13-01-2025 10:00,"-72,840",-,67,13-01-2025,10,0,Monday
13-01-2025 11:00,-,"-48,691",57,13-01-2025,11,0,Monday
13-01-2025 11:00,"-60,662",-,67,13-01-2025,11,0,Monday
13-01-2025 12:00,-,"-39,663",35,13-01-2025,12,0,Monday
13-01-2025 12:00,"-37,061",-,41,13-01-2025,12,0,Monday
13-01-2025 13:00,-,"-34,444",36,13-01-2025,13,0,Monday
13-01-2025 13:00,"-31,983",-,40,13-01-2025,13,0,Monday
13-01-2025 14:00,-,"-46,581",57,13-01-2025,14,0,Monday
13-01-2025 14:00,"-44,716",-,47,13-01-2025,14,0,Monday
13-01-2025 15:00,-,"-84,464",97,13-01-2025,15,0,Monday
13-01-2025 15:00,"-86,682",-,73,13-01-2025,15,0,Monday
13-01-2025 16:00,-,"-1,25,305",129,13-01-2025,16,0,Monday
13-01-2025 16:00,"-1,10,024",-,130,13-01-2025,16,0,Monday
13-01-2025 17:00,-,"-1,30,111",152,13-01-2025,17,0,Monday
13-01-2025 17:00,"-1,45,012",-,131,13-01-2025,17,0,Monday
13-01-2025 18:00,-,"-23,935",26,13-01-2025,18,0,Monday
13-01-2025 18:00,"-21,204",-,21,13-01-2025,18,0,Monday
13-01-2025 19:00,-,-,0,13-01-2025,19,0,Monday
13-01-2025 19:00,-,-,0,13-01-2025,19,0,Monday
13-01-2025 20:00,-,-,0,13-01-2025,20,0,Monday
13-01-2025 20:00,-,-,0,13-01-2025,20,0,Monday
13-01-2025 21:00,-,-,0,13-01-2025,21,0,Monday
13-01-2025 21:00,-,-,0,13-01-2025,21,0,Monday
13-01-2025 22:00,-,-,0,13-01-2025,22,0,Monday
13-01-2025 22:00,-,-,0,13-01-2025,22,0,Monday
13-01-2025 23:00,-,-,0,13-01-2025,23,0,Monday
13-01-2025 23:00,-,-,0,13-01-2025,23,0,Monday
14-01-2025 00:00,-,-,0,14-01-2025,0,1,Tuesday
14-01-2025 00:00,-,-,0,14-01-2025,0,1,Tuesday
14-01-2025 01:00,-,-,0,14-01-2025,1,1,Tuesday
14-01-2025 01:00,-,-,0,14-01-2025,1,1,Tuesday
14-01-2025 02:00,-,-,0,14-01-2025,2,1,Tuesday
14-01-2025 02:00,-,-,0,14-01-2025,2,1,Tuesday
14-01-2025 03:00,-,-,0,14-01-2025,3,1,Tuesday
14-01-2025 03:00,-,-,0,14-01-2025,3,1,Tuesday
14-01-2025 04:00,-,-,0,14-01-2025,4,1,Tuesday
14-01-2025 04:00,-,-,0,14-01-2025,4,1,Tuesday
14-01-2025 05:00,-,-,0,14-01-2025,5,1,Tuesday
14-01-2025 05:00,-,-,0,14-01-2025,5,1,Tuesday
14-01-2025 06:00,-,"-8,897",12,14-01-2025,6,1,Tuesday
14-01-2025 06:00,"-8,917",-,4,14-01-2025,6,1,Tuesday
14-01-2025 07:00,-,"-16,711",14,14-01-2025,7,1,Tuesday
14-01-2025 07:00,"-13,011",-,13,14-01-2025,7,1,Tuesday
14-01-2025 08:00,-,"-28,066",21,14-01-2025,8,1,Tuesday
14-01-2025 08:00,"-22,779",-,23,14-01-2025,8,1,Tuesday
14-01-2025 09:00,-,"-41,562",50,14-01-2025,9,1,Tuesday
14-01-2025 09:00,"-36,062",-,34,14-01-2025,9,1,Tuesday
14-01-2025 10:00,-,"-53,271",51,14-01-2025,10,1,Tuesday
14-01-2025 10:00,"-55,340",-,53,14-01-2025,10,1,Tuesday
14-01-2025 11:00,-,"-37,606",37,14-01-2025,11,1,Tuesday
14-01-2025 11:00,"-41,787",-,47,14-01-2025,11,1,Tuesday
14-01-2025 12:00,-,"-34,571",39,14-01-2025,12,1,Tuesday
14-01-2025 12:00,"-29,559",-,28,14-01-2025,12,1,Tuesday
14-01-2025 13:00,-,"-34,586",25,14-01-2025,13,1,Tuesday
14-01-2025 13:00,"-24,584",-,37,14-01-2025,13,1,Tuesday
14-01-2025 14:00,-,"-34,784",43,14-01-2025,14,1,Tuesday
14-01-2025 14:00,"-35,956",-,27,14-01-2025,14,1,Tuesday
14-01-2025 15:00,-,"-62,488",66,14-01-2025,15,1,Tuesday
14-01-2025 15:00,"-55,818",-,50,14-01-2025,15,1,Tuesday
14-01-2025 16:00,-,"-89,215",106,14-01-2025,16,1,Tuesday
14-01-2025 16:00,"-94,955",-,78,14-01-2025,16,1,Tuesday
14-01-2025 17:00,-,"-1,27,815",134,14-01-2025,17,1,Tuesday
14-01-2025 17:00,"-1,15,202",-,93,14-01-2025,17,1,Tuesday
14-01-2025 18:00,-,"-16,930",15,14-01-2025,18,1,Tuesday
14-01-2025 18:00,"-17,705",-,17,14-01-2025,18,1,Tuesday
14-01-2025 19:00,-,-,0,14-01-2025,19,1,Tuesday
14-01-2025 19:00,-,-,0,14-01-2025,19,1,Tuesday
14-01-2025 20:00,-,-,0,14-01-2025,20,1,Tuesday
14-01-2025 20:00,-,-,0,14-01-2025,20,1,Tuesday
14-01-2025 21:00,-,-,0,14-01-2025,21,1,Tuesday
14-01-2025 21:00,-,-,0,14-01-2025,21,1,Tuesday
14-01-2025 22:00,-,-,0,14-01-2025,22,1,Tuesday
14-01-2025 22:00,-,-,0,14-01-2025,22,1,Tuesday
14-01-2025 23:00,-,-,0,14-01-2025,23,1,Tuesday
14-01-2025 23:00,-,-,0,14-01-2025,23,1,Tuesday
15-01-2025 00:00,-,-,0,15-01-2025,0,2,Wednesday
15-01-2025 00:00,-,-,0,15-01-2025,0,2,Wednesday
15-01-2025 01:00,-,-,0,15-01-2025,1,2,Wednesday
15-01-2025 01:00,-,-,0,15-01-2025,1,2,Wednesday
15-01-2025 02:00,-,-,0,15-01-2025,2,2,Wednesday
15-01-2025 02:00,-,-,0,15-01-2025,2,2,Wednesday
15-01-2025 03:00,-,-,0,15-01-2025,3,2,Wednesday
15-01-2025 03:00,-,-,0,15-01-2025,3,2,Wednesday
15-01-2025 04:00,-,-,0,15-01-2025,4,2,Wednesday
15-01-2025 04:00,-,-,0,15-01-2025,4,2,Wednesday
15-01-2025 05:00,-,-,0,15-01-2025,5,2,Wednesday
15-01-2025 05:00,-,-,0,15-01-2025,5,2,Wednesday
15-01-2025 06:00,-,"-10,619",10,15-01-2025,6,2,Wednesday
15-01-2025 06:00,"-7,370",-,7,15-01-2025,6,2,Wednesday
15-01-2025 07:00,-,"-14,466",16,15-01-2025,7,2,Wednesday
15-01-2025 07:00,"-11,292",-,9,15-01-2025,7,2,Wednesday
15-01-2025 08:00,-,"-28,724",37,15-01-2025,8,2,Wednesday
15-01-2025 08:00,"-24,839",-,20,15-01-2025,8,2,Wednesday
15-01-2025 09:00,-,"-41,531",56,15-01-2025,9,2,Wednesday
15-01-2025 09:00,"-32,635",-,39,15-01-2025,9,2,Wednesday
15-01-2025 10:00,-,"-68,403",65,15-01-2025,10,2,Wednesday
15-01-2025 10:00,"-51,772",-,50,15-01-2025,10,2,Wednesday
15-01-2025 11:00,-,"-46,799",28,15-01-2025,11,2,Wednesday
15-01-2025 11:00,"-44,377",-,36,15-01-2025,11,2,Wednesday
15-01-2025 12:00,-,"-32,834",32,15-01-2025,12,2,Wednesday
15-01-2025 12:00,"-29,618",-,33,15-01-2025,12,2,Wednesday
15-01-2025 13:00,-,"-35,288",31,15-01-2025,13,2,Wednesday
15-01-2025 13:00,"-22,686",-,30,15-01-2025,13,2,Wednesday
15-01-2025 14:00,-,"-35,101",36,15-01-2025,14,2,Wednesday
15-01-2025 14:00,"-32,613",-,34,15-01-2025,14,2,Wednesday
15-01-2025 15:00,-,"-63,702",80,15-01-2025,15,2,Wednesday
15-01-2025 15:00,"-65,267",-,67,15-01-2025,15,2,Wednesday
15-01-2025 16:00,-,"-1,11,107",99,15-01-2025,16,2,Wednesday
15-01-2025 16:00,"-79,935",-,95,15-01-2025,16,2,Wednesday
15-01-2025 17:00,-,"-1,06,771",125,15-01-2025,17,2,Wednesday
15-01-2025 17:00,"-1,16,866",-,120,15-01-2025,17,2,Wednesday
15-01-2025 18:00,-,"-18,955",18,15-01-2025,18,2,Wednesday
15-01-2025 18:00,"-17,296",-,21,15-01-2025,18,2,Wednesday
15-01-2025 19:00,-,-,0,15-01-2025,19,2,Wednesday
15-01-2025 19:00,-,-,0,15-01-2025,19,2,Wednesday
15-01-2025 20:00,-,-,0,15-01-2025,20,2,Wednesday
15-01-2025 20:00,-,-,0,15-01-2025,20,2,Wednesday
15-01-2025 21:00,-,-,0,15-01-2025,21,2,Wednesday
15-01-2025 21:00,-,-,0,15-01-2025,21,2,Wednesday
15-01-2025 22:00,-,-,0,15-01-2025,22,2,Wednesday
15-01-2025 22:00,-,-,0,15-01-2025,22,2,Wednesday
15-01-2025 23:00,-,-,0,15-01-2025,23,2,Wednesday
15-01-2025 23:00,-,-,0,15-01-2025,23,2,Wednesday
16-01-2025 00:00,-,-,0,16-01-2025,0,3,Thursday
16-01-2025 00:00,-,-,0,16-01-2025,0,3,Thursday
16-01-2025 01:00,-,-,0,16-01-2025,1,3,Thursday
16-01-2025 01:00,-,-,0,16-01-2025,1,3,Thursday
16-01-2025 02:00,-,-,0,16-01-2025,2,3,Thursday
16-01-2025 02:00,-,-,0,16-01-2025,2,3,Thursday
16-01-2025 03:00,-,-,0,16-01-2025,3,3,Thursday
16-01-2025 03:00,-,-,0,16-01-2025,3,3,Thursday
16-01-2025 04:00,-,-,0,16-01-2025,4,3,Thursday
16-01-2025 04:00,-,-,0,16-01-2025,4,3,Thursday
16-01-2025 05:00,-,-,0,16-01-2025,5,3,Thursday
16-01-2025 05:00,-,-,0,16-01-2025,5,3,Thursday
16-01-2025 06:00,-,"-9,550",11,16-01-2025,6,3,Thursday
16-01-2025 06:00,"-8,148",-,12,16-01-2025,6,3,Thursday
16-01-2025 07:00,-,"-13,620",12,16-01-2025,7,3,Thursday
16-01-2025 07:00,"-14,090",-,15,16-01-2025,7,3,Thursday
16-01-2025 08:00,-,"-28,412",18,16-01-2025,8,3,Thursday
16-01-2025 08:00,"-24,657",-,28,16-01-2025,8,3,Thursday
16-01-2025 09:00,-,"-44,772",58,16-01-2025,9,3,Thursday
16-01-2025 09:00,"-34,519",-,32,16-01-2025,9,3,Thursday
16-01-2025 10:00,-,"-60,472",67,16-01-2025,10,3,Thursday
16-01-2025 10:00,"-58,956",-,54,16-01-2025,10,3,Thursday
16-01-2025 11:00,-,"-42,649",49,16-01-2025,11,3,Thursday
16-01-2025 11:00,"-42,433",-,53,16-01-2025,11,3,Thursday
16-01-2025 12:00,-,"-32,222",32,16-01-2025,12,3,Thursday
16-01-2025 12:00,"-24,839",-,24,16-01-2025,12,3,Thursday
16-01-2025 13:00,-,"-28,562",29,16-01-2025,13,3,Thursday
16-01-2025 13:00,"-29,402",-,18,16-01-2025,13,3,Thursday
16-01-2025 14:00,-,"-41,939",54,16-01-2025,14,3,Thursday
16-01-2025 14:00,"-34,450",-,37,16-01-2025,14,3,Thursday
16-01-2025 15:00,-,"-66,885",66,16-01-2025,15,3,Thursday
16-01-2025 15:00,"-58,998",-,54,16-01-2025,15,3,Thursday
16-01-2025 16:00,-,"-1,16,455",115,16-01-2025,16,3,Thursday
16-01-2025 16:00,"-92,447",-,76,16-01-2025,16,3,Thursday
16-01-2025 17:00,-,"-1,33,209",128,16-01-2025,17,3,Thursday
16-01-2025 17:00,"-1,04,102",-,94,16-01-2025,17,3,Thursday
16-01-2025 18:00,-,"-16,425",20,16-01-2025,18,3,Thursday
16-01-2025 18:00,"-14,079",-,21,16-01-2025,18,3,Thursday
16-01-2025 19:00,-,-,0,16-01-2025,19,3,Thursday
16-01-2025 19:00,-,-,0,16-01-2025,19,3,Thursday
16-01-2025 20:00,-,-,0,16-01-2025,20,3,Thursday
16-01-2025 20:00,-,-,0,16-01-2025,20,3,Thursday
16-01-2025 21:00,-,-,0,16-01-2025,21,3,Thursday
16-01-2025 21:00,-,-,0,16-01-2025,21,3,Thursday
16-01-2025 22:00,-,-,0,16-01-2025,22,3,Thursday
16-01-2025 22:00,-,-,0,16-01-2025,22,3,Thursday
16-01-2025 23:00,-,-,0,16-01-2025,23,3,Thursday
16-01-2025 23:00,-,-,0,16-01-2025,23,3,Thursday
17-01-2025 00:00,-,-,0,17-01-2025,0,4,Friday
17-01-2025 00:00,-,-,0,17-01-2025,0,4,Friday
17-01-2025 01:00,-,-,0,17-01-2025,1,4,Friday
17-01-2025 01:00,-,-,0,17-01-2025,1,4,Friday
17-01-2025 02:00,-,-,0,17-01-2025,2,4,Friday
17-01-2025 02:00,-,-,0,17-01-2025,2,4,Friday
17-01-2025 03:00,-,-,0,17-01-2025,3,4,Friday
17-01-2025 03:00,-,-,0,17-01-2025,3,4,Friday
17-01-2025 04:00,-,-,0,17-01-2025,4,4,Friday
17-01-2025 04:00,-,-,0,17-01-2025,4,4,Friday
17-01-2025 05:00,-,-,0,17-01-2025,5,4,Friday
17-01-2025 05:00,-,-,0,17-01-2025,5,4,Friday
17-01-2025 06:00,-,"-9,430",12,17-01-2025,6,4,Friday
17-01-2025 06:00,"-10,067",-,8,17-01-2025,6,4,Friday
17-01-2025 07:00,-,"-18,437",18,17-01-2025,7,4,Friday
17-01-2025 07:00,"-15,990",-,19,17-01-2025,7,4,Friday
17-01-2025 08:00,-,"-35,960",33,17-01-2025,8,4,Friday
17-01-2025 08:00,"-30,197",-,32,17-01-2025,8,4,Friday
17-01-2025 09:00,-,"-61,631",66,17-01-2025,9,4,Friday
17-01-2025 09:00,"-37,728",-,40,17-01-2025,9,4,Friday
17-01-2025 10:00,-,"-77,960",76,17-01-2025,10,4,Friday
17-01-2025 10:00,"-64,988",-,69,17-01-2025,10,4,Friday
17-01-2025 11:00,-,"-53,901",41,17-01-2025,11,4,Friday
17-01-2025 11:00,"-60,760",-,47,17-01-2025,11,4,Friday
17-01-2025 12:00,-,"-36,946",40,17-01-2025,12,4,Friday
17-01-2025 12:00,"-34,738",-,36,17-01-2025,12,4,Friday
17-01-2025 13:00,-,"-31,649",37,17-01-2025,13,4,Friday
17-01-2025 13:00,"-34,576",-,35,17-01-2025,13,4,Friday
17-01-2025 14:00,-,"-52,689",43,17-01-2025,14,4,Friday
17-01-2025 14:00,"-37,111",-,43,17-01-2025,14,4,Friday
17-01-2025 15:00,-,"-86,028",90,17-01-2025,15,4,Friday
17-01-2025 15:00,"-61,360",-,67,17-01-2025,15,4,Friday
17-01-2025 16:00,-,"-99,978",102,17-01-2025,16,4,Friday
17-01-2025 16:00,"-1,04,095",-,98,17-01-2025,16,4,Friday
17-01-2025 17:00,-,"-1,60,801",138,17-01-2025,17,4,Friday
17-01-2025 17:00,"-1,06,455",-,116,17-01-2025,17,4,Friday
17-01-2025 18:00,-,"-19,724",26,17-01-2025,18,4,Friday
17-01-2025 18:00,"-19,060",-,11,17-01-2025,18,4,Friday
17-01-2025 19:00,-,-,0,17-01-2025,19,4,Friday
17-01-2025 19:00,-,-,0,17-01-2025,19,4,Friday
17-01-2025 20:00,-,-,0,17-01-2025,20,4,Friday
17-01-2025 20:00,-,-,0,17-01-2025,20,4,Friday
17-01-2025 21:00,-,-,0,17-01-2025,21,4,Friday
17-01-2025 21:00,-,-,0,17-01-2025,21,4,Friday
17-01-2025 22:00,-,-,0,17-01-2025,22,4,Friday
17-01-2025 22:00,-,-,0,17-01-2025,22,4,Friday
17-01-2025 23:00,-,-,0,17-01-2025,23,4,Friday
17-01-2025 23:00,-,-,0,17-01-2025,23,4,Friday
18-01-2025 00:00,-,-,0,18-01-2025,0,5,Saturday
18-01-2025 00:00,-,-,0,18-01-2025,0,5,Saturday
18-01-2025 01:00,-,-,0,18-01-2025,1,5,Saturday
18-01-2025 01:00,-,-,0,18-01-2025,1,5,Saturday
18-01-2025 02:00,-,-,0,18-01-2025,2,5,Saturday
18-01-2025 02:00,-,-,0,18-01-2025,2,5,Saturday
18-01-2025 03:00,-,-,0,18-01-2025,3,5,Saturday
18-01-2025 03:00,-,-,0,18-01-2025,3,5,Saturday
18-01-2025 04:00,-,-,0,18-01-2025,4,5,Saturday
18-01-2025 04:00,-,-,0,18-01-2025,4,5,Saturday
18-01-2025 05:00,-,-,0,18-01-2025,5,5,Saturday
18-01-2025 05:00,-,-,0,18-01-2025,5,5,Saturday
18-01-2025 06:00,-,-,0,18-01-2025,6,5,Saturday
18-01-2025 06:00,-,-,0,18-01-2025,6,5,Saturday
18-01-2025 07:00,-,-,0,18-01-2025,7,5,Saturday
18-01-2025 07:00,-,-,0,18-01-2025,7,5,Saturday
18-01-2025 08:00,-,-,0,18-01-2025,8,5,Saturday
18-01-2025 08:00,-,-,0,18-01-2025,8,5,Saturday
18-01-2025 09:00,-,-,0,18-01-2025,9,5,Saturday
18-01-2025 09:00,-,-,0,18-01-2025,9,5,Saturday
18-01-2025 10:00,-,-,0,18-01-2025,10,5,Saturday
18-01-2025 10:00,-,-,0,18-01-2025,10,5,Saturday
18-01-2025 11:00,-,-,0,18-01-2025,11,5,Saturday
18-01-2025 11:00,-,-,0,18-01-2025,11,5,Saturday
18-01-2025 12:00,-,-,0,18-01-2025,12,5,Saturday
18-01-2025 12:00,-,-,0,18-01-2025,12,5,Saturday
18-01-2025 13:00,-,-,0,18-01-2025,13,5,Saturday
18-01-2025 13:00,-,-,0,18-01-2025,13,5,Saturday
18-01-2025 14:00,-,-,0,18-01-2025,14,5,Saturday
18-01-2025 14:00,-,-,0,18-01-2025,14,5,Saturday
18-01-2025 15:00,-,-,0,18-01-2025,15,5,Saturday
18-01-2025 15:00,-,-,0,18-01-2025,15,5,Saturday
18-01-2025 16:00,-,-,0,18-01-2025,16,5,Saturday
18-01-2025 16:00,-,-,0,18-01-2025,16,5,Saturday
18-01-2025 17:00,-,-,0,18-01-2025,17,5,Saturday
18-01-2025 17:00,-,-,0,18-01-2025,17,5,Saturday
18-01-2025 18:00,-,-,0,18-01-2025,18,5,Saturday
18-01-2025 18:00,-,-,0,18-01-2025,18,5,Saturday
18-01-2025 19:00,-,-,0,18-01-2025,19,5,Saturday
18-01-2025 19:00,-,-,0,18-01-2025,19,5,Saturday
18-01-2025 20:00,-,-,0,18-01-2025,20,5,Saturday
18-01-2025 20:00,-,-,0,18-01-2025,20,5,Saturday
18-01-2025 21:00,-,-,0,18-01-2025,21,5,Saturday
18-01-2025 21:00,-,-,0,18-01-2025,21,5,Saturday
18-01-2025 22:00,-,-,0,18-01-2025,22,5,Saturday
18-01-2025 22:00,-,-,0,18-01-2025,22,5,Saturday
18-01-2025 23:00,-,-,0,18-01-2025,23,5,Saturday
18-01-2025 23:00,-,-,0,18-01-2025,23,5,Saturday
19-01-2025 00:00,-,-,0,19-01-2025,0,6,Sunday
19-01-2025 00:00,-,-,0,19-01-2025,0,6,Sunday
19-01-2025 01:00,-,-,0,19-01-2025,1,6,Sunday
19-01-2025 01:00,-,-,0,19-01-2025,1,6,Sunday
19-01-2025 02:00,-,-,0,19-01-2025,2,6,Sunday
19-01-2025 02:00,-,-,0,19-01-2025,2,6,Sunday
19-01-2025 03:00,-,-,0,19-01-2025,3,6,Sunday
19-01-2025 03:00,-,-,0,19-01-2025,3,6,Sunday
19-01-2025 04:00,-,-,0,19-01-2025,4,6,Sunday
19-01-2025 04:00,-,-,0,19-01-2025,4,6,Sunday
19-01-2025 05:00,-,-,0,19-01-2025,5,6,Sunday
19-01-2025 05:00,-,-,0,19-01-2025,5,6,Sunday
19-01-2025 06:00,-,-,0,19-01-2025,6,6,Sunday
19-01-2025 06:00,-,-,0,19-01-2025,6,6,Sunday
19-01-2025 07:00,-,-,0,19-01-2025,7,6,Sunday
19-01-2025 07:00,-,-,0,19-01-2025,7,6,Sunday
19-01-2025 08:00,-,-,0,19-01-2025,8,6,Sunday
19-01-2025 08:00,-,-,0,19-01-2025,8,6,Sunday
19-01-2025 09:00,-,-,0,19-01-2025,9,6,Sunday
19-01-2025 09:00,-,-,0,19-01-2025,9,6,Sunday
19-01-2025 10:00,-,-,0,19-01-2025,10,6,Sunday
19-01-2025 10:00,-,-,0,19-01-2025,10,6,Sunday
19-01-2025 11:00,-,-,0,19-01-2025,11,6,Sunday
19-01-2025 11:00,-,-,0,19-01-2025,11,6,Sunday
19-01-2025 12:00,-,-,0,19-01-2025,12,6,Sunday
19-01-2025 12:00,-,-,0,19-01-2025,12,6,Sunday
19-01-2025 13:00,-,-,0,19-01-2025,13,6,Sunday
19-01-2025 13:00,-,-,0,19-01-2025,13,6,Sunday
19-01-2025 14:00,-,-,0,19-01-2025,14,6,Sunday
19-01-2025 14:00,-,-,0,19-01-2025,14,6,Sunday
19-01-2025 15:00,-,-,0,19-01-2025,15,6,Sunday
19-01-2025 15:00,-,-,0,19-01-2025,15,6,Sunday
19-01-2025 16:00,-,-,0,19-01-2025,16,6,Sunday
19-01-2025 16:00,-,-,0,19-01-2025,16,6,Sunday
19-01-2025 17:00,-,-,0,19-01-2025,17,6,Sunday
19-01-2025 17:00,-,-,0,19-01-2025,17,6,Sunday
19-01-2025 18:00,-,-,0,19-01-2025,18,6,Sunday
19-01-2025 18:00,-,-,0,19-01-2025,18,6,Sunday
19-01-2025 19:00,-,-,0,19-01-2025,19,6,Sunday
19-01-2025 19:00,-,-,0,19-01-2025,19,6,Sunday
19-01-2025 20:00,-,-,0,19-01-2025,20,6,Sunday
19-01-2025 20:00,-,-,0,19-01-2025,20,6,Sunday
19-01-2025 21:00,-,-,0,19-01-2025,21,6,Sunday
19-01-2025 21:00,-,-,0,19-01-2025,21,6,Sunday
19-01-2025 22:00,-,-,0,19-01-2025,22,6,Sunday
19-01-2025 22:00,-,-,0,19-01-2025,22,6,Sunday
19-01-2025 23:00,-,-,0,19-01-2025,23,6,Sunday
19-01-2025 23:00,-,-,0,19-01-2025,23,6,Sunday
20-01-2025 00:00,-,-,0,20-01-2025,0,0,Monday
20-01-2025 00:00,-,-,0,20-01-2025,0,0,Monday
20-01-2025 01:00,-,-,0,20-01-2025,1,0,Monday
20-01-2025 01:00,-,-,0,20-01-2025,1,0,Monday
20-01-2025 02:00,-,-,0,20-01-2025,2,0,Monday
20-01-2025 02:00,-,-,0,20-01-2025,2,0,Monday
20-01-2025 03:00,-,-,0,20-01-2025,3,0,Monday
20-01-2025 03:00,-,-,0,20-01-2025,3,0,Monday
20-01-2025 04:00,-,-,0,20-01-2025,4,0,Monday
20-01-2025 04:00,-,-,0,20-01-2025,4,0,Monday
20-01-2025 05:00,-,-,0,20-01-2025,5,0,Monday
20-01-2025 05:00,-,-,0,20-01-2025,5,0,Monday
20-01-2025 06:00,-,"-13,257",7,20-01-2025,6,0,Monday
20-01-2025 06:00,"-10,350",-,9,20-01-2025,6,0,Monday
20-01-2025 07:00,-,"-19,343",18,20-01-2025,7,0,Monday
20-01-2025 07:00,"-18,324",-,28,20-01-2025,7,0,Monday
20-01-2025 08:00,-,"-38,730",40,20-01-2025,8,0,Monday
20-01-2025 08:00,"-26,414",-,34,20-01-2025,8,0,Monday
20-01-2025 09:00,-,"-60,502",63,20-01-2025,9,0,Monday
20-01-2025 09:00,"-41,804",-,31,20-01-2025,9,0,Monday
20-01-2025 10:00,-,"-75,858",74,20-01-2025,10,0,Monday
20-01-2025 10:00,"-59,890",-,49,20-01-2025,10,0,Monday
20-01-2025 11:00,-,"-53,866",62,20-01-2025,11,0,Monday
20-01-2025 11:00,"-61,862",-,58,20-01-2025,11,0,Monday
20-01-2025 12:00,-,"-47,534",39,20-01-2025,12,0,Monday
20-01-2025 12:00,"-36,087",-,42,20-01-2025,12,0,Monday
20-01-2025 13:00,-,"-44,693",30,20-01-2025,13,0,Monday
20-01-2025 13:00,"-34,169",-,26,20-01-2025,13,0,Monday
20-01-2025 14:00,-,"-43,243",55,20-01-2025,14,0,Monday
20-01-2025 14:00,"-37,595",-,39,20-01-2025,14,0,Monday
20-01-2025 15:00,-,"-79,722",87,20-01-2025,15,0,Monday
20-01-2025 15:00,"-78,784",-,74,20-01-2025,15,0,Monday
20-01-2025 16:00,-,"-1,15,348",133,20-01-2025,16,0,Monday
20-01-2025 16:00,"-1,11,639",-,96,20-01-2025,16,0,Monday
20-01-2025 17:00,-,"-1,72,004",160,20-01-2025,17,0,Monday
20-01-2025 17:00,"-1,36,771",-,104,20-01-2025,17,0,Monday
20-01-2025 18:00,-,"-25,518",30,20-01-2025,18,0,Monday
20-01-2025 18:00,"-17,305",-,18,20-01-2025,18,0,Monday
20-01-2025 19:00,-,-,0,20-01-2025,19,0,Monday
20-01-2025 19:00,-,-,0,20-01-2025,19,0,Monday
20-01-2025 20:00,-,-,0,20-01-2025,20,0,Monday
20-01-2025 20:00,-,-,0,20-01-2025,20,0,Monday
20-01-2025 21:00,-,-,0,20-01-2025,21,0,Monday
20-01-2025 21:00,-,-,0,20-01-2025,21,0,Monday
20-01-2025 22:00,-,-,0,20-01-2025,22,0,Monday
20-01-2025 22:00,-,-,0,20-01-2025,22,0,Monday
20-01-2025 23:00,-,-,0,20-01-2025,23,0,Monday
20-01-2025 23:00,-,-,0,20-01-2025,23,0,Monday
21-01-2025 00:00,-,-,0,21-01-2025,0,1,Tuesday
21-01-2025 00:00,-,-,0,21-01-2025,0,1,Tuesday
21-01-2025 01:00,-,-,0,21-01-2025,1,1,Tuesday
21-01-2025 01:00,-,-,0,21-01-2025,1,1,Tuesday
21-01-2025 02:00,-,-,0,21-01-2025,2,1,Tuesday
21-01-2025 02:00,-,-,0,21-01-2025,2,1,Tuesday
21-01-2025 03:00,-,-,0,21-01-2025,3,1,Tuesday
21-01-2025 03:00,-,-,0,21-01-2025,3,1,Tuesday
21-01-2025 04:00,-,-,0,21-01-2025,4,1,Tuesday
21-01-2025 04:00,-,-,0,21-01-2025,4,1,Tuesday
21-01-2025 05:00,-,-,0,21-01-2025,5,1,Tuesday
21-01-2025 05:00,-,-,0,21-01-2025,5,1,Tuesday
21-01-2025 06:00,-,"-8,404",9,21-01-2025,6,1,Tuesday
21-01-2025 06:00,"-9,099",-,10,21-01-2025,6,1,Tuesday
21-01-2025 07:00,-,"-13,597",12,21-01-2025,7,1,Tuesday
21-01-2025 07:00,"-14,099",-,13,21-01-2025,7,1,Tuesday
21-01-2025 08:00,-,"-26,782",32,21-01-2025,8,1,Tuesday
21-01-2025 08:00,"-25,365",-,25,21-01-2025,8,1,Tuesday
21-01-2025 09:00,-,"-54,522",48,21-01-2025,9,1,Tuesday
21-01-2025 09:00,"-32,557",-,30,21-01-2025,9,1,Tuesday
21-01-2025 10:00,-,"-63,084",74,21-01-2025,10,1,Tuesday
21-01-2025 10:00,"-45,789",-,54,21-01-2025,10,1,Tuesday
21-01-2025 11:00,-,"-49,857",37,21-01-2025,11,1,Tuesday
21-01-2025 11:00,"-47,936",-,41,21-01-2025,11,1,Tuesday
21-01-2025 12:00,-,"-33,756",30,21-01-2025,12,1,Tuesday
21-01-2025 12:00,"-29,849",-,29,21-01-2025,12,1,Tuesday
21-01-2025 13:00,-,"-35,593",25,21-01-2025,13,1,Tuesday
21-01-2025 13:00,"-25,015",-,22,21-01-2025,13,1,Tuesday
21-01-2025 14:00,-,"-46,276",46,21-01-2025,14,1,Tuesday
21-01-2025 14:00,"-29,928",-,33,21-01-2025,14,1,Tuesday
21-01-2025 15:00,-,"-69,437",64,21-01-2025,15,1,Tuesday
21-01-2025 15:00,"-57,118",-,70,21-01-2025,15,1,Tuesday
21-01-2025 16:00,-,"-91,271",105,21-01-2025,16,1,Tuesday
21-01-2025 16:00,"-91,884",-,75,21-01-2025,16,1,Tuesday
21-01-2025 17:00,-,"-1,34,243",127,21-01-2025,17,1,Tuesday
21-01-2025 17:00,"-1,14,335",-,113,21-01-2025,17,1,Tuesday
21-01-2025 18:00,-,"-17,426",14,21-01-2025,18,1,Tuesday
21-01-2025 18:00,"-17,914",-,8,21-01-2025,18,1,Tuesday
21-01-2025 19:00,-,-,0,21-01-2025,19,1,Tuesday
21-01-2025 19:00,-,-,0,21-01-2025,19,1,Tuesday
21-01-2025 20:00,-,-,0,21-01-2025,20,1,Tuesday
21-01-2025 20:00,-,-,0,21-01-2025,20,1,Tuesday
21-01-2025 21:00,-,-,0,21-01-2025,21,1,Tuesday
21-01-2025 21:00,-,-,0,21-01-2025,21,1,Tuesday
21-01-2025 22:00,-,-,0,21-01-2025,22,1,Tuesday
21-01-2025 22:00,-,-,0,21-01-2025,22,1,Tuesday
21-01-2025 23:00,-,-,0,21-01-2025,23,1,Tuesday
21-01-2025 23:00,-,-,0,21-01-2025,23,1,Tuesday
22-01-2025 00:00,-,-,0,22-01-2025,0,2,Wednesday
22-01-2025 00:00,-,-,0,22-01-2025,0,2,Wednesday
22-01-2025 01:00,-,-,0,22-01-2025,1,2,Wednesday
22-01-2025 01:00,-,-,0,22-01-2025,1,2,Wednesday
22-01-2025 02:00,-,-,0,22-01-2025,2,2,Wednesday
22-01-2025 02:00,-,-,0,22-01-2025,2,2,Wednesday
22-01-2025 03:00,-,-,0,22-01-2025,3,2,Wednesday
22-01-2025 03:00,-,-,0,22-01-2025,3,2,Wednesday
22-01-2025 04:00,-,-,0,22-01-2025,4,2,Wednesday
22-01-2025 04:00,-,-,0,22-01-2025,4,2,Wednesday
22-01-2025 05:00,-,-,0,22-01-2025,5,2,Wednesday
22-01-2025 05:00,-,-,0,22-01-2025,5,2,Wednesday
22-01-2025 06:00,-,"-8,372",6,22-01-2025,6,2,Wednesday
22-01-2025 06:00,"-8,316",-,8,22-01-2025,6,2,Wednesday
22-01-2025 07:00,-,"-14,701",10,22-01-2025,7,2,Wednesday
22-01-2025 07:00,"-13,886",-,15,22-01-2025,7,2,Wednesday
22-01-2025 08:00,-,"-29,534",44,22-01-2025,8,2,Wednesday
22-01-2025 08:00,"-21,458",-,23,22-01-2025,8,2,Wednesday
22-01-2025 09:00,-,"-55,164",53,22-01-2025,9,2,Wednesday
22-01-2025 09:00,"-32,800",-,35,22-01-2025,9,2,Wednesday
22-01-2025 10:00,-,"-52,268",71,22-01-2025,10,2,Wednesday
22-01-2025 10:00,"-54,206",-,65,22-01-2025,10,2,Wednesday
22-01-2025 11:00,-,"-42,289",38,22-01-2025,11,2,Wednesday
22-01-2025 11:00,"-50,323",-,51,22-01-2025,11,2,Wednesday
22-01-2025 12:00,-,"-35,009",42,22-01-2025,12,2,Wednesday
22-01-2025 12:00,"-30,500",-,27,22-01-2025,12,2,Wednesday
22-01-2025 13:00,-,"-34,174",37,22-01-2025,13,2,Wednesday
22-01-2025 13:00,"-22,485",-,19,22-01-2025,13,2,Wednesday
22-01-2025 14:00,-,"-39,296",37,22-01-2025,14,2,Wednesday
22-01-2025 14:00,"-33,791",-,38,22-01-2025,14,2,Wednesday
22-01-2025 15:00,-,"-67,034",66,22-01-2025,15,2,Wednesday
22-01-2025 15:00,"-64,893",-,47,22-01-2025,15,2,Wednesday
22-01-2025 16:00,-,"-97,743",105,22-01-2025,16,2,Wednesday
22-01-2025 16:00,"-85,264",-,97,22-01-2025,16,2,Wednesday
22-01-2025 17:00,-,"-1,24,606",118,22-01-2025,17,2,Wednesday
22-01-2025 17:00,"-1,11,141",-,104,22-01-2025,17,2,Wednesday
22-01-2025 18:00,-,"-21,278",23,22-01-2025,18,2,Wednesday
22-01-2025 18:00,"-17,869",-,22,22-01-2025,18,2,Wednesday
22-01-2025 19:00,-,-,0,22-01-2025,19,2,Wednesday
22-01-2025 19:00,-,-,0,22-01-2025,19,2,Wednesday
22-01-2025 20:00,-,-,0,22-01-2025,20,2,Wednesday
22-01-2025 20:00,-,-,0,22-01-2025,20,2,Wednesday
22-01-2025 21:00,-,-,0,22-01-2025,21,2,Wednesday
22-01-2025 21:00,-,-,0,22-01-2025,21,2,Wednesday
22-01-2025 22:00,-,-,0,22-01-2025,22,2,Wednesday
22-01-2025 22:00,-,-,0,22-01-2025,22,2,Wednesday
22-01-2025 23:00,-,-,0,22-01-2025,23,2,Wednesday
22-01-2025 23:00,-,-,0,22-01-2025,23,2,Wednesday
23-01-2025 00:00,-,-,0,23-01-2025,0,3,Thursday
23-01-2025 00:00,-,-,0,23-01-2025,0,3,Thursday
23-01-2025 01:00,-,-,0,23-01-2025,1,3,Thursday
23-01-2025 01:00,-,-,0,23-01-2025,1,3,Thursday
23-01-2025 02:00,-,-,0,23-01-2025,2,3,Thursday
23-01-2025 02:00,-,-,0,23-01-2025,2,3,Thursday
23-01-2025 03:00,-,-,0,23-01-2025,3,3,Thursday
23-01-2025 03:00,-,-,0,23-01-2025,3,3,Thursday
23-01-2025 04:00,-,-,0,23-01-2025,4,3,Thursday
23-01-2025 04:00,-,-,0,23-01-2025,4,3,Thursday
23-01-2025 05:00,-,-,0,23-01-2025,5,3,Thursday
23-01-2025 05:00,-,-,0,23-01-2025,5,3,Thursday
23-01-2025 06:00,-,"-8,818",6,23-01-2025,6,3,Thursday
23-01-2025 06:00,"-8,350",-,8,23-01-2025,6,3,Thursday
23-01-2025 07:00,-,"-16,578",11,23-01-2025,7,3,Thursday
23-01-2025 07:00,"-12,235",-,8,23-01-2025,7,3,Thursday
23-01-2025 08:00,-,"-30,657",42,23-01-2025,8,3,Thursday
23-01-2025 08:00,"-24,709",-,24,23-01-2025,8,3,Thursday
23-01-2025 09:00,-,"-53,332",64,23-01-2025,9,3,Thursday
23-01-2025 09:00,"-28,943",-,40,23-01-2025,9,3,Thursday
23-01-2025 10:00,-,"-67,043",63,23-01-2025,10,3,Thursday
23-01-2025 10:00,"-47,416",-,62,23-01-2025,10,3,Thursday
23-01-2025 11:00,-,"-47,907",50,23-01-2025,11,3,Thursday
23-01-2025 11:00,"-42,217",-,46,23-01-2025,11,3,Thursday
23-01-2025 12:00,-,"-35,211",36,23-01-2025,12,3,Thursday
23-01-2025 12:00,"-32,200",-,23,23-01-2025,12,3,Thursday
23-01-2025 13:00,-,"-26,741",26,23-01-2025,13,3,Thursday
23-01-2025 13:00,"-26,769",-,29,23-01-2025,13,3,Thursday
23-01-2025 14:00,-,"-41,709",35,23-01-2025,14,3,Thursday
23-01-2025 14:00,"-33,334",-,27,23-01-2025,14,3,Thursday
23-01-2025 15:00,-,"-77,222",71,23-01-2025,15,3,Thursday
23-01-2025 15:00,"-63,228",-,50,23-01-2025,15,3,Thursday
23-01-2025 16:00,-,"-88,795",94,23-01-2025,16,3,Thursday
23-01-2025 16:00,"-81,253",-,99,23-01-2025,16,3,Thursday
23-01-2025 17:00,-,"-1,05,962",112,23-01-2025,17,3,Thursday
23-01-2025 17:00,"-1,12,237",-,103,23-01-2025,17,3,Thursday
23-01-2025 18:00,-,"-20,854",15,23-01-2025,18,3,Thursday
23-01-2025 18:00,"-15,005",-,18,23-01-2025,18,3,Thursday
23-01-2025 19:00,-,-,0,23-01-2025,19,3,Thursday
23-01-2025 19:00,-,-,0,23-01-2025,19,3,Thursday
23-01-2025 20:00,-,-,0,23-01-2025,20,3,Thursday
23-01-2025 20:00,-,-,0,23-01-2025,20,3,Thursday
23-01-2025 21:00,-,-,0,23-01-2025,21,3,Thursday
23-01-2025 21:00,-,-,0,23-01-2025,21,3,Thursday
23-01-2025 22:00,-,-,0,23-01-2025,22,3,Thursday
23-01-2025 22:00,-,-,0,23-01-2025,22,3,Thursday
23-01-2025 23:00,-,-,0,23-01-2025,23,3,Thursday
23-01-2025 23:00,-,-,0,23-01-2025,23,3,Thursday
24-01-2025 00:00,-,-,0,24-01-2025,0,4,Friday
24-01-2025 00:00,-,-,0,24-01-2025,0,4,Friday
24-01-2025 01:00,-,-,0,24-01-2025,1,4,Friday
24-01-2025 01:00,-,-,0,24-01-2025,1,4,Friday
24-01-2025 02:00,-,-,0,24-01-2025,2,4,Friday
24-01-2025 02:00,-,-,0,24-01-2025,2,4,Friday
24-01-2025 03:00,-,-,0,24-01-2025,3,4,Friday
24-01-2025 03:00,-,-,0,24-01-2025,3,4,Friday
24-01-2025 04:00,-,-,0,24-01-2025,4,4,Friday
24-01-2025 04:00,-,-,0,24-01-2025,4,4,Friday
24-01-2025 05:00,-,-,0,24-01-2025,5,4,Friday
24-01-2025 05:00,-,-,0,24-01-2025,5,4,Friday
24-01-2025 06:00,-,"-12,359",9,24-01-2025,6,4,Friday
24-01-2025 06:00,"-9,205",-,9,24-01-2025,6,4,Friday
24-01-2025 07:00,-,"-19,318",11,24-01-2025,7,4,Friday
24-01-2025 07:00,"-16,525",-,13,24-01-2025,7,4,Friday
24-01-2025 08:00,-,"-31,316",43,24-01-2025,8,4,Friday
24-01-2025 08:00,"-30,127",-,37,24-01-2025,8,4,Friday
24-01-2025 09:00,-,"-49,073",56,24-01-2025,9,4,Friday
24-01-2025 09:00,"-39,995",-,41,24-01-2025,9,4,Friday
24-01-2025 10:00,-,"-60,230",77,24-01-2025,10,4,Friday
24-01-2025 10:00,"-56,717",-,55,24-01-2025,10,4,Friday
24-01-2025 11:00,-,"-51,042",39,24-01-2025,11,4,Friday
24-01-2025 11:00,"-54,379",-,51,24-01-2025,11,4,Friday
24-01-2025 12:00,-,"-44,433",41,24-01-2025,12,4,Friday
24-01-2025 12:00,"-37,710",-,40,24-01-2025,12,4,Friday
24-01-2025 13:00,-,"-39,841",34,24-01-2025,13,4,Friday
24-01-2025 13:00,"-29,476",-,27,24-01-2025,13,4,Friday
24-01-2025 14:00,-,"-44,490",39,24-01-2025,14,4,Friday
24-01-2025 14:00,"-43,754",-,46,24-01-2025,14,4,Friday
24-01-2025 15:00,-,"-86,635",100,24-01-2025,15,4,Friday
24-01-2025 15:00,"-71,097",-,78,24-01-2025,15,4,Friday
24-01-2025 16:00,-,"-1,11,975",113,24-01-2025,16,4,Friday
24-01-2025 16:00,"-87,870",-,80,24-01-2025,16,4,Friday
24-01-2025 17:00,-,"-1,37,392",133,24-01-2025,17,4,Friday
24-01-2025 17:00,"-1,08,317",-,102,24-01-2025,17,4,Friday
24-01-2025 18:00,-,"-19,280",23,24-01-2025,18,4,Friday
24-01-2025 18:00,"-17,996",-,10,24-01-2025,18,4,Friday
24-01-2025 19:00,-,-,0,24-01-2025,19,4,Friday
24-01-2025 19:00,-,-,0,24-01-2025,19,4,Friday
24-01-2025 20:00,-,-,0,24-01-2025,20,4,Friday
24-01-2025 20:00,-,-,0,24-01-2025,20,4,Friday
24-01-2025 21:00,-,-,0,24-01-2025,21,4,Friday
24-01-2025 21:00,-,-,0,24-01-2025,21,4,Friday
24-01-2025 22:00,-,-,0,24-01-2025,22,4,Friday
24-01-2025 22:00,-,-,0,24-01-2025,22,4,Friday
24-01-2025 23:00,-,-,0,24-01-2025,23,4,Friday
24-01-2025 23:00,-,-,0,24-01-2025,23,4,Friday
25-01-2025 00:00,-,-,0,25-01-2025,0,5,Saturday
25-01-2025 00:00,-,-,0,25-01-2025,0,5,Saturday
25-01-2025 01:00,-,-,0,25-01-2025,1,5,Saturday
25-01-2025 01:00,-,-,0,25-01-2025,1,5,Saturday
25-01-2025 02:00,-,-,0,25-01-2025,2,5,Saturday
25-01-2025 02:00,-,-,0,25-01-2025,2,5,Saturday
25-01-2025 03:00,-,-,0,25-01-2025,3,5,Saturday
25-01-2025 03:00,-,-,0,25-01-2025,3,5,Saturday
25-01-2025 04:00,-,-,0,25-01-2025,4,5,Saturday
25-01-2025 04:00,-,-,0,25-01-2025,4,5,Saturday
25-01-2025 05:00,-,-,0,25-01-2025,5,5,Saturday
25-01-2025 05:00,-,-,0,25-01-2025,5,5,Saturday
25-01-2025 06:00,-,-,0,25-01-2025,6,5,Saturday
25-01-2025 06:00,-,-,0,25-01-2025,6,5,Saturday
25-01-2025 07:00,-,-,0,25-01-2025,7,5,Saturday
25-01-2025 07:00,-,-,0,25-01-2025,7,5,Saturday
25-01-2025 08:00,-,-,0,25-01-2025,8,5,Saturday
25-01-2025 08:00,-,-,0,25-01-2025,8,5,Saturday
25-01-2025 09:00,-,-,0,25-01-2025,9,5,Saturday
25-01-2025 09:00,-,-,0,25-01-2025,9,5,Saturday
25-01-2025 10:00,-,-,0,25-01-2025,10,5,Saturday
25-01-2025 10:00,-,-,0,25-01-2025,10,5,Saturday
25-01-2025 11:00,-,-,0,25-01-2025,11,5,Saturday
25-01-2025 11:00,-,-,0,25-01-2025,11,5,Saturday
25-01-2025 12:00,-,-,0,25-01-2025,12,5,Saturday
25-01-2025 12:00,-,-,0,25-01-2025,12,5,Saturday
25-01-2025 13:00,-,-,0,25-01-2025,13,5,Saturday
25-01-2025 13:00,-,-,0,25-01-2025,13,5,Saturday
25-01-2025 14:00,-,-,0,25-01-2025,14,5,Saturday
25-01-2025 14:00,-,-,0,25-01-2025,14,5,Saturday
25-01-2025 15:00,-,-,0,25-01-2025,15,5,Saturday
25-01-2025 15:00,-,-,0,25-01-2025,15,5,Saturday
25-01-2025 16:00,-,-,0,25-01-2025,16,5,Saturday
25-01-2025 16:00,-,-,0,25-01-2025,16,5,Saturday
25-01-2025 17:00,-,-,0,25-01-2025,17,5,Saturday
25-01-2025 17:00,-,-,0,25-01-2025,17,5,Saturday
25-01-2025 18:00,-,-,0,25-01-2025,18,5,Saturday
25-01-2025 18:00,-,-,0,25-01-2025,18,5,Saturday
25-01-2025 19:00,-,-,0,25-01-2025,19,5,Saturday
25-01-2025 19:00,-,-,0,25-01-2025,19,5,Saturday
25-01-2025 20:00,-,-,0,25-01-2025,20,5,Saturday
25-01-2025 20:00,-,-,0,25-01-2025,20,5,Saturday
25-01-2025 21:00,-,-,0,25-01-2025,21,5,Saturday
25-01-2025 21:00,-,-,0,25-01-2025,21,5,Saturday
25-01-2025 22:00,-,-,0,25-01-2025,22,5,Saturday
25-01-2025 22:00,-,-,0,25-01-2025,22,5,Saturday
25-01-2025 23:00,-,-,0,25-01-2025,23,5,Saturday
25-01-2025 23:00,-,-,0,25-01-2025,23,5,Saturday
26-01-2025 00:00,-,-,0,26-01-2025,0,6,Sunday
26-01-2025 00:00,-,-,0,26-01-2025,0,6,Sunday
26-01-2025 01:00,-,-,0,26-01-2025,1,6,Sunday
26-01-2025 01:00,-,-,0,26-01-2025,1,6,Sunday
26-01-2025 02:00,-,-,0,26-01-2025,2,6,Sunday
26-01-2025 02:00,-,-,0,26-01-2025,2,6,Sunday
26-01-2025 03:00,-,-,0,26-01-2025,3,6,Sunday
26-01-2025 03:00,-,-,0,26-01-2025,3,6,Sunday
26-01-2025 04:00,-,-,0,26-01-2025,4,6,Sunday
26-01-2025 04:00,-,-,0,26-01-2025,4,6,Sunday
26-01-2025 05:00,-,-,0,26-01-2025,5,6,Sunday
26-01-2025 05:00,-,-,0,26-01-2025,5,6,Sunday
26-01-2025 06:00,-,-,0,26-01-2025,6,6,Sunday
26-01-2025 06:00,-,-,0,26-01-2025,6,6,Sunday
26-01-2025 07:00,-,-,0,26-01-2025,7,6,Sunday
26-01-2025 07:00,-,-,0,26-01-2025,7,6,Sunday
26-01-2025 08:00,-,-,0,26-01-2025,8,6,Sunday
26-01-2025 08:00,-,-,0,26-01-2025,8,6,Sunday
26-01-2025 09:00,-,-,0,26-01-2025,9,6,Sunday
26-01-2025 09:00,-,-,0,26-01-2025,9,6,Sunday
26-01-2025 10:00,-,-,0,26-01-2025,10,6,Sunday
26-01-2025 10:00,-,-,0,26-01-2025,10,6,Sunday
26-01-2025 11:00,-,-,0,26-01-2025,11,6,Sunday
26-01-2025 11:00,-,-,0,26-01-2025,11,6,Sunday
26-01-2025 12:00,-,-,0,26-01-2025,12,6,Sunday
26-01-2025 12:00,-,-,0,26-01-2025,12,6,Sunday
26-01-2025 13:00,-,-,0,26-01-2025,13,6,Sunday
26-01-2025 13:00,-,-,0,26-01-2025,13,6,Sunday
26-01-2025 14:00,-,-,0,26-01-2025,14,6,Sunday
26-01-2025 14:00,-,-,0,26-01-2025,14,6,Sunday
26-01-2025 15:00,-,-,0,26-01-2025,15,6,Sunday
26-01-2025 15:00,-,-,0,26-01-2025,15,6,Sunday
26-01-2025 16:00,-,-,0,26-01-2025,16,6,Sunday
26-01-2025 16:00,-,-,0,26-01-2025,16,6,Sunday
26-01-2025 17:00,-,-,0,26-01-2025,17,6,Sunday
26-01-2025 17:00,-,-,0,26-01-2025,17,6,Sunday
26-01-2025 18:00,-,-,0,26-01-2025,18,6,Sunday
26-01-2025 18:00,-,-,0,26-01-2025,18,6,Sunday
26-01-2025 19:00,-,-,0,26-01-2025,19,6,Sunday
26-01-2025 19:00,-,-,0,26-01-2025,19,6,Sunday
26-01-2025 20:00,-,-,0,26-01-2025,20,6,Sunday
26-01-2025 20:00,-,-,0,26-01-2025,20,6,Sunday
26-01-2025 21:00,-,-,0,26-01-2025,21,6,Sunday
26-01-2025 21:00,-,-,0,26-01-2025,21,6,Sunday
26-01-2025 22:00,-,-,0,26-01-2025,22,6,Sunday
26-01-2025 22:00,-,-,0,26-01-2025,22,6,Sunday
26-01-2025 23:00,-,-,0,26-01-2025,23,6,Sunday
26-01-2025 23:00,-,-,0,26-01-2025,23,6,Sunday
27-01-2025 00:00,-,-,0,27-01-2025,0,0,Monday
27-01-2025 00:00,-,-,0,27-01-2025,0,0,Monday
27-01-2025 01:00,-,-,0,27-01-2025,1,0,Monday
27-01-2025 01:00,-,-,0,27-01-2025,1,0,Monday
27-01-2025 02:00,-,-,0,27-01-2025,2,0,Monday
27-01-2025 02:00,-,-,0,27-01-2025,2,0,Monday
27-01-2025 03:00,-,-,0,27-01-2025,3,0,Monday
27-01-2025 03:00,-,-,0,27-01-2025,3,0,Monday
27-01-2025 04:00,-,-,0,27-01-2025,4,0,Monday
27-01-2025 04:00,-,-,0,27-01-2025,4,0,Monday
27-01-2025 05:00,-,-,0,27-01-2025,5,0,Monday
27-01-2025 05:00,-,-,0,27-01-2025,5,0,Monday
27-01-2025 06:00,-,"-13,397",5,27-01-2025,6,0,Monday
27-01-2025 06:00,"-9,927",-,6,27-01-2025,6,0,Monday
27-01-2025 07:00,-,"-20,224",21,27-01-2025,7,0,Monday
27-01-2025 07:00,"-14,672",-,17,27-01-2025,7,0,Monday
27-01-2025 08:00,-,"-31,884",43,27-01-2025,8,0,Monday
27-01-2025 08:00,"-32,618",-,27,27-01-2025,8,0,Monday
27-01-2025 09:00,-,"-51,915",66,27-01-2025,9,0,Monday
27-01-2025 09:00,"-33,888",-,38,27-01-2025,9,0,Monday
27-01-2025 10:00,-,"-67,770",70,27-01-2025,10,0,Monday
27-01-2025 10:00,"-54,931",-,65,27-01-2025,10,0,Monday
27-01-2025 11:00,-,"-55,385",54,27-01-2025,11,0,Monday
27-01-2025 11:00,"-52,818",-,59,27-01-2025,11,0,Monday
27-01-2025 12:00,-,"-40,643",43,27-01-2025,12,0,Monday
27-01-2025 12:00,"-34,948",-,41,27-01-2025,12,0,Monday
27-01-2025 13:00,-,"-42,334",37,27-01-2025,13,0,Monday
27-01-2025 13:00,"-34,862",-,38,27-01-2025,13,0,Monday
27-01-2025 14:00,-,"-55,884",49,27-01-2025,14,0,Monday
27-01-2025 14:00,"-44,950",-,42,27-01-2025,14,0,Monday
27-01-2025 15:00,-,"-94,379",105,27-01-2025,15,0,Monday
27-01-2025 15:00,"-69,115",-,60,27-01-2025,15,0,Monday
27-01-2025 16:00,-,"-1,33,603",135,27-01-2025,16,0,Monday
27-01-2025 16:00,"-1,14,210",-,81,27-01-2025,16,0,Monday
27-01-2025 17:00,-,"-1,29,837",130,27-01-2025,17,0,Monday
27-01-2025 17:00,"-1,22,897",-,124,27-01-2025,17,0,Monday
27-01-2025 18:00,-,"-21,190",28,27-01-2025,18,0,Monday
27-01-2025 18:00,"-20,752",-,15,27-01-2025,18,0,Monday
27-01-2025 19:00,-,-,0,27-01-2025,19,0,Monday
27-01-2025 19:00,-,-,0,27-01-2025,19,0,Monday
27-01-2025 20:00,-,-,0,27-01-2025,20,0,Monday
27-01-2025 20:00,-,-,0,27-01-2025,20,0,Monday
27-01-2025 21:00,-,-,0,27-01-2025,21,0,Monday
27-01-2025 21:00,-,-,0,27-01-2025,21,0,Monday
27-01-2025 22:00,-,-,0,27-01-2025,22,0,Monday
27-01-2025 22:00,-,-,0,27-01-2025,22,0,Monday
27-01-2025 23:00,-,-,0,27-01-2025,23,0,Monday
27-01-2025 23:00,-,-,0,27-01-2025,23,0,Monday
28-01-2025 00:00,-,-,0,28-01-2025,0,1,Tuesday
28-01-2025 00:00,-,-,0,28-01-2025,0,1,Tuesday
28-01-2025 01:00,-,-,0,28-01-2025,1,1,Tuesday
28-01-2025 01:00,-,-,0,28-01-2025,1,1,Tuesday
28-01-2025 02:00,-,-,0,28-01-2025,2,1,Tuesday
28-01-2025 02:00,-,-,0,28-01-2025,2,1,Tuesday
28-01-2025 03:00,-,-,0,28-01-2025,3,1,Tuesday
28-01-2025 03:00,-,-,0,28-01-2025,3,1,Tuesday
28-01-2025 04:00,-,-,0,28-01-2025,4,1,Tuesday
28-01-2025 04:00,-,-,0,28-01-2025,4,1,Tuesday
28-01-2025 05:00,-,-,0,28-01-2025,5,1,Tuesday
28-01-2025 05:00,-,-,0,28-01-2025,5,1,Tuesday
28-01-2025 06:00,-,"-11,621",17,28-01-2025,6,1,Tuesday
28-01-2025 06:00,"-11,913",-,9,28-01-2025,6,1,Tuesday
28-01-2025 07:00,-,"-20,050",21,28-01-2025,7,1,Tuesday
28-01-2025 07:00,"-19,966",-,21,28-01-2025,7,1,Tuesday
28-01-2025 08:00,-,"-46,438",41,28-01-2025,8,1,Tuesday
28-01-2025 08:00,"-39,412",-,40,28-01-2025,8,1,Tuesday
28-01-2025 09:00,-,"-75,826",73,28-01-2025,9,1,Tuesday
28-01-2025 09:00,"-40,810",-,53,28-01-2025,9,1,Tuesday
28-01-2025 10:00,-,"-80,929",84,28-01-2025,10,1,Tuesday
28-01-2025 10:00,"-73,289",-,71,28-01-2025,10,1,Tuesday
28-01-2025 11:00,-,"-58,408",66,28-01-2025,11,1,Tuesday
28-01-2025 11:00,"-77,756",-,58,28-01-2025,11,1,Tuesday
28-01-2025 12:00,-,"-54,480",53,28-01-2025,12,1,Tuesday
28-01-2025 12:00,"-47,400",-,50,28-01-2025,12,1,Tuesday
28-01-2025 13:00,-,"-44,704",40,28-01-2025,13,1,Tuesday
28-01-2025 13:00,"-41,454",-,45,28-01-2025,13,1,Tuesday
28-01-2025 14:00,-,"-59,606",62,28-01-2025,14,1,Tuesday
28-01-2025 14:00,"-44,266",-,32,28-01-2025,14,1,Tuesday
28-01-2025 15:00,-,"-96,763",113,28-01-2025,15,1,Tuesday
28-01-2025 15:00,"-95,831",-,90,28-01-2025,15,1,Tuesday
28-01-2025 16:00,-,"-1,47,398",148,28-01-2025,16,1,Tuesday
28-01-2025 16:00,"-1,31,459",-,118,28-01-2025,16,1,Tuesday
28-01-2025 17:00,-,"-1,90,257",194,28-01-2025,17,1,Tuesday
28-01-2025 17:00,"-1,27,316",-,135,28-01-2025,17,1,Tuesday
28-01-2025 18:00,-,"-31,148",23,28-01-2025,18,1,Tuesday
28-01-2025 18:00,"-25,035",-,16,28-01-2025,18,1,Tuesday
28-01-2025 19:00,-,-,0,28-01-2025,19,1,Tuesday
28-01-2025 19:00,-,-,0,28-01-2025,19,1,Tuesday
28-01-2025 20:00,-,-,0,28-01-2025,20,1,Tuesday
28-01-2025 20:00,-,-,0,28-01-2025,20,1,Tuesday
28-01-2025 21:00,-,-,0,28-01-2025,21,1,Tuesday
28-01-2025 21:00,-,-,0,28-01-2025,21,1,Tuesday
28-01-2025 22:00,-,-,0,28-01-2025,22,1,Tuesday
28-01-2025 22:00,-,-,0,28-01-2025,22,1,Tuesday
28-01-2025 23:00,-,-,0,28-01-2025,23,1,Tuesday
28-01-2025 23:00,-,-,0,28-01-2025,23,1,Tuesday
29-01-2025 00:00,-,-,0,29-01-2025,0,2,Wednesday
29-01-2025 00:00,-,-,0,29-01-2025,0,2,Wednesday
29-01-2025 01:00,-,-,0,29-01-2025,1,2,Wednesday
29-01-2025 01:00,-,-,0,29-01-2025,1,2,Wednesday
29-01-2025 02:00,-,-,0,29-01-2025,2,2,Wednesday
29-01-2025 02:00,-,-,0,29-01-2025,2,2,Wednesday
29-01-2025 03:00,-,-,0,29-01-2025,3,2,Wednesday
29-01-2025 03:00,-,-,0,29-01-2025,3,2,Wednesday
29-01-2025 04:00,-,-,0,29-01-2025,4,2,Wednesday
29-01-2025 04:00,-,-,0,29-01-2025,4,2,Wednesday
29-01-2025 05:00,-,-,0,29-01-2025,5,2,Wednesday
29-01-2025 05:00,-,-,0,29-01-2025,5,2,Wednesday
29-01-2025 06:00,-,"-14,520",10,29-01-2025,6,2,Wednesday
29-01-2025 06:00,"-10,985",-,13,29-01-2025,6,2,Wednesday
29-01-2025 07:00,-,"-19,262",27,29-01-2025,7,2,Wednesday
29-01-2025 07:00,"-20,551",-,23,29-01-2025,7,2,Wednesday
29-01-2025 08:00,-,"-36,427",38,29-01-2025,8,2,Wednesday
29-01-2025 08:00,"-39,581",-,31,29-01-2025,8,2,Wednesday
29-01-2025 09:00,-,"-75,276",67,29-01-2025,9,2,Wednesday
29-01-2025 09:00,"-44,441",-,55,29-01-2025,9,2,Wednesday
29-01-2025 10:00,-,"-75,070",86,29-01-2025,10,2,Wednesday
29-01-2025 10:00,"-81,234",-,78,29-01-2025,10,2,Wednesday
29-01-2025 11:00,-,"-62,974",51,29-01-2025,11,2,Wednesday
29-01-2025 11:00,"-71,341",-,73,29-01-2025,11,2,Wednesday
29-01-2025 12:00,-,"-51,308",51,29-01-2025,12,2,Wednesday
29-01-2025 12:00,"-39,200",-,46,29-01-2025,12,2,Wednesday
29-01-2025 13:00,-,"-39,499",52,29-01-2025,13,2,Wednesday
29-01-2025 13:00,"-41,551",-,26,29-01-2025,13,2,Wednesday
29-01-2025 14:00,-,"-59,116",64,29-01-2025,14,2,Wednesday
29-01-2025 14:00,"-47,199",-,48,29-01-2025,14,2,Wednesday
29-01-2025 15:00,-,"-96,988",104,29-01-2025,15,2,Wednesday
29-01-2025 15:00,"-1,02,967",-,92,29-01-2025,15,2,Wednesday
29-01-2025 16:00,-,"-1,43,556",170,29-01-2025,16,2,Wednesday
29-01-2025 16:00,"-1,10,165",-,129,29-01-2025,16,2,Wednesday
29-01-2025 17:00,-,"-1,70,287",173,29-01-2025,17,2,Wednesday
29-01-2025 17:00,"-1,35,160",-,152,29-01-2025,17,2,Wednesday
29-01-2025 18:00,-,"-23,285",25,29-01-2025,18,2,Wednesday
29-01-2025 18:00,"-21,581",-,19,29-01-2025,18,2,Wednesday
29-01-2025 19:00,-,-,0,29-01-2025,19,2,Wednesday
29-01-2025 19:00,-,-,0,29-01-2025,19,2,Wednesday
29-01-2025 20:00,-,-,0,29-01-2025,20,2,Wednesday
29-01-2025 20:00,-,-,0,29-01-2025,20,2,Wednesday
29-01-2025 21:00,-,-,0,29-01-2025,21,2,Wednesday
29-01-2025 21:00,-,-,0,29-01-2025,21,2,Wednesday
29-01-2025 22:00,-,-,0,29-01-2025,22,2,Wednesday
29-01-2025 22:00,-,-,0,29-01-2025,22,2,Wednesday
29-01-2025 23:00,-,-,0,29-01-2025,23,2,Wednesday
29-01-2025 23:00,-,-,0,29-01-2025,23,2,Wednesday
30-01-2025 00:00,-,-,0,30-01-2025,0,3,Thursday
30-01-2025 00:00,-,-,0,30-01-2025,0,3,Thursday
30-01-2025 01:00,-,-,0,30-01-2025,1,3,Thursday
30-01-2025 01:00,-,-,0,30-01-2025,1,3,Thursday
30-01-2025 02:00,-,-,0,30-01-2025,2,3,Thursday
30-01-2025 02:00,-,-,0,30-01-2025,2,3,Thursday
30-01-2025 03:00,-,-,0,30-01-2025,3,3,Thursday
30-01-2025 03:00,-,-,0,30-01-2025,3,3,Thursday
30-01-2025 04:00,-,-,0,30-01-2025,4,3,Thursday
30-01-2025 04:00,-,-,0,30-01-2025,4,3,Thursday
30-01-2025 05:00,-,-,0,30-01-2025,5,3,Thursday
30-01-2025 05:00,-,-,0,30-01-2025,5,3,Thursday
30-01-2025 06:00,-,"-13,285",21,30-01-2025,6,3,Thursday
30-01-2025 06:00,"-11,339",-,8,30-01-2025,6,3,Thursday
30-01-2025 07:00,-,"-19,773",22,30-01-2025,7,3,Thursday
30-01-2025 07:00,"-18,777",-,22,30-01-2025,7,3,Thursday
30-01-2025 08:00,-,"-36,549",45,30-01-2025,8,3,Thursday
30-01-2025 08:00,"-37,050",-,36,30-01-2025,8,3,Thursday
30-01-2025 09:00,-,"-65,962",55,30-01-2025,9,3,Thursday
30-01-2025 09:00,"-51,534",-,41,30-01-2025,9,3,Thursday
30-01-2025 10:00,-,"-95,083",81,30-01-2025,10,3,Thursday
30-01-2025 10:00,"-64,912",-,73,30-01-2025,10,3,Thursday
30-01-2025 11:00,-,"-55,026",63,30-01-2025,11,3,Thursday
30-01-2025 11:00,"-70,347",-,83,30-01-2025,11,3,Thursday
30-01-2025 12:00,-,"-55,733",48,30-01-2025,12,3,Thursday
30-01-2025 12:00,"-47,626",-,59,30-01-2025,12,3,Thursday
30-01-2025 13:00,-,"-41,984",31,30-01-2025,13,3,Thursday
30-01-2025 13:00,"-34,812",-,34,30-01-2025,13,3,Thursday
30-01-2025 14:00,-,"-67,139",60,30-01-2025,14,3,Thursday
30-01-2025 14:00,"-44,002",-,52,30-01-2025,14,3,Thursday
30-01-2025 15:00,-,"-97,952",94,30-01-2025,15,3,Thursday
30-01-2025 15:00,"-90,203",-,101,30-01-2025,15,3,Thursday
30-01-2025 16:00,-,"-1,56,858",130,30-01-2025,16,3,Thursday
30-01-2025 16:00,"-1,26,034",-,103,30-01-2025,16,3,Thursday
30-01-2025 17:00,-,"-1,75,625",154,30-01-2025,17,3,Thursday
30-01-2025 17:00,"-1,47,603",-,164,30-01-2025,17,3,Thursday
30-01-2025 18:00,-,"-27,513",26,30-01-2025,18,3,Thursday
30-01-2025 18:00,"-25,079",-,13,30-01-2025,18,3,Thursday
30-01-2025 19:00,-,-,0,30-01-2025,19,3,Thursday
30-01-2025 19:00,-,-,0,30-01-2025,19,3,Thursday
30-01-2025 20:00,-,-,0,30-01-2025,20,3,Thursday
30-01-2025 20:00,-,-,0,30-01-2025,20,3,Thursday
30-01-2025 21:00,-,-,0,30-01-2025,21,3,Thursday
30-01-2025 21:00,-,-,0,30-01-2025,21,3,Thursday
30-01-2025 22:00,-,-,0,30-01-2025,22,3,Thursday
30-01-2025 22:00,-,-,0,30-01-2025,22,3,Thursday
30-01-2025 23:00,-,-,0,30-01-2025,23,3,Thursday
30-01-2025 23:00,-,-,0,30-01-2025,23,3,Thursday
31-01-2025 00:00,-,-,0,31-01-2025,0,4,Friday
31-01-2025 00:00,-,-,0,31-01-2025,0,4,Friday
31-01-2025 01:00,-,-,0,31-01-2025,1,4,Friday
31-01-2025 01:00,-,-,0,31-01-2025,1,4,Friday
31-01-2025 02:00,-,-,0,31-01-2025,2,4,Friday
31-01-2025 02:00,-,-,0,31-01-2025,2,4,Friday
31-01-2025 03:00,-,-,0,31-01-2025,3,4,Friday
31-01-2025 03:00,-,-,0,31-01-2025,3,4,Friday
31-01-2025 04:00,-,-,0,31-01-2025,4,4,Friday
31-01-2025 04:00,-,-,0,31-01-2025,4,4,Friday
31-01-2025 05:00,-,-,0,31-01-2025,5,4,Friday
31-01-2025 05:00,-,-,0,31-01-2025,5,4,Friday
31-01-2025 06:00,-,"-16,948",15,31-01-2025,6,4,Friday
31-01-2025 06:00,"-11,878",-,10,31-01-2025,6,4,Friday
31-01-2025 07:00,-,"-26,164",23,31-01-2025,7,4,Friday
31-01-2025 07:00,"-20,286",-,28,31-01-2025,7,4,Friday
31-01-2025 08:00,-,"-40,715",53,31-01-2025,8,4,Friday
31-01-2025 08:00,"-40,079",-,39,31-01-2025,8,4,Friday
31-01-2025 09:00,-,"-84,977",81,31-01-2025,9,4,Friday
31-01-2025 09:00,"-57,194",-,61,31-01-2025,9,4,Friday
31-01-2025 10:00,-,"-1,02,160",129,31-01-2025,10,4,Friday
31-01-2025 10:00,"-87,841",-,80,31-01-2025,10,4,Friday
31-01-2025 11:00,-,"-70,563",76,31-01-2025,11,4,Friday
31-01-2025 11:00,"-71,898",-,95,31-01-2025,11,4,Friday
31-01-2025 12:00,-,"-54,082",62,31-01-2025,12,4,Friday
31-01-2025 12:00,"-43,836",-,40,31-01-2025,12,4,Friday
31-01-2025 13:00,-,"-46,596",63,31-01-2025,13,4,Friday
31-01-2025 13:00,"-38,520",-,43,31-01-2025,13,4,Friday
31-01-2025 14:00,-,"-67,739",79,31-01-2025,14,4,Friday
31-01-2025 14:00,"-63,785",-,60,31-01-2025,14,4,Friday
31-01-2025 15:00,-,"-1,03,940",119,31-01-2025,15,4,Friday
31-01-2025 15:00,"-1,09,790",-,105,31-01-2025,15,4,Friday
31-01-2025 16:00,-,"-1,80,827",188,31-01-2025,16,4,Friday
31-01-2025 16:00,"-1,56,766",-,131,31-01-2025,16,4,Friday
31-01-2025 17:00,-,"-1,91,600",204,31-01-2025,17,4,Friday
31-01-2025 17:00,"-1,69,587",-,171,31-01-2025,17,4,Friday
31-01-2025 18:00,-,"-34,289",29,31-01-2025,18,4,Friday
31-01-2025 18:00,"-28,093",-,24,31-01-2025,18,4,Friday
31-01-2025 19:00,-,-,0,31-01-2025,19,4,Friday
31-01-2025 19:00,-,-,0,31-01-2025,19,4,Friday
31-01-2025 20:00,-,-,0,31-01-2025,20,4,Friday
31-01-2025 20:00,-,-,0,31-01-2025,20,4,Friday
31-01-2025 21:00,-,-,0,31-01-2025,21,4,Friday
31-01-2025 21:00,-,-,0,31-01-2025,21,4,Friday
31-01-2025 22:00,-,-,0,31-01-2025,22,4,Friday
31-01-2025 22:00,-,-,0,31-01-2025,22,4,Friday
31-01-2025 23:00,-,-,0,31-01-2025,23,4,Friday
31-01-2025 23:00,-,-,0,31-01-2025,23,4,Friday
01-02-2025 00:00,-,-,0,01-02-2025,0,5,Saturday
01-02-2025 00:00,-,-,0,01-02-2025,0,5,Saturday
01-02-2025 01:00,-,-,0,01-02-2025,1,5,Saturday
01-02-2025 01:00,-,-,0,01-02-2025,1,5,Saturday
01-02-2025 02:00,-,-,0,01-02-2025,2,5,Saturday
01-02-2025 02:00,-,-,0,01-02-2025,2,5,Saturday
01-02-2025 03:00,-,-,0,01-02-2025,3,5,Saturday
01-02-2025 03:00,-,-,0,01-02-2025,3,5,Saturday
01-02-2025 04:00,-,-,0,01-02-2025,4,5,Saturday
01-02-2025 04:00,-,-,0,01-02-2025,4,5,Saturday
01-02-2025 05:00,-,-,0,01-02-2025,5,5,Saturday
01-02-2025 05:00,-,-,0,01-02-2025,5,5,Saturday
01-02-2025 06:00,-,-,0,01-02-2025,6,5,Saturday
01-02-2025 06:00,-,-,0,01-02-2025,6,5,Saturday
01-02-2025 07:00,-,-,0,01-02-2025,7,5,Saturday
01-02-2025 07:00,-,-,0,01-02-2025,7,5,Saturday
01-02-2025 08:00,-,-,0,01-02-2025,8,5,Saturday
01-02-2025 08:00,-,-,0,01-02-2025,8,5,Saturday
01-02-2025 09:00,-,-,0,01-02-2025,9,5,Saturday
01-02-2025 09:00,-,-,0,01-02-2025,9,5,Saturday
01-02-2025 10:00,-,-,0,01-02-2025,10,5,Saturday
01-02-2025 10:00,-,-,0,01-02-2025,10,5,Saturday
01-02-2025 11:00,-,-,0,01-02-2025,11,5,Saturday
01-02-2025 11:00,-,-,0,01-02-2025,11,5,Saturday
01-02-2025 12:00,-,-,0,01-02-2025,12,5,Saturday
01-02-2025 12:00,-,-,0,01-02-2025,12,5,Saturday
01-02-2025 13:00,-,-,0,01-02-2025,13,5,Saturday
01-02-2025 13:00,-,-,0,01-02-2025,13,5,Saturday
01-02-2025 14:00,-,-,0,01-02-2025,14,5,Saturday
01-02-2025 14:00,-,-,0,01-02-2025,14,5,Saturday
01-02-2025 15:00,-,-,0,01-02-2025,15,5,Saturday
01-02-2025 15:00,-,-,0,01-02-2025,15,5,Saturday
01-02-2025 16:00,-,-,0,01-02-2025,16,5,Saturday
01-02-2025 16:00,-,-,0,01-02-2025,16,5,Saturday
01-02-2025 17:00,-,-,0,01-02-2025,17,5,Saturday
01-02-2025 17:00,-,-,0,01-02-2025,17,5,Saturday
01-02-2025 18:00,-,-,0,01-02-2025,18,5,Saturday
01-02-2025 18:00,-,-,0,01-02-2025,18,5,Saturday
01-02-2025 19:00,-,-,0,01-02-2025,19,5,Saturday
01-02-2025 19:00,-,-,0,01-02-2025,19,5,Saturday
01-02-2025 20:00,-,-,0,01-02-2025,20,5,Saturday
01-02-2025 20:00,-,-,0,01-02-2025,20,5,Saturday
01-02-2025 21:00,-,-,0,01-02-2025,21,5,Saturday
01-02-2025 21:00,-,-,0,01-02-2025,21,5,Saturday
01-02-2025 22:00,-,-,0,01-02-2025,22,5,Saturday
01-02-2025 22:00,-,-,0,01-02-2025,22,5,Saturday
01-02-2025 23:00,-,-,0,01-02-2025,23,5,Saturday
01-02-2025 23:00,-,-,0,01-02-2025,23,5,Saturday
02-02-2025 00:00,-,-,0,02-02-2025,0,6,Sunday
02-02-2025 00:00,-,-,0,02-02-2025,0,6,Sunday
02-02-2025 01:00,-,-,0,02-02-2025,1,6,Sunday
02-02-2025 01:00,-,-,0,02-02-2025,1,6,Sunday
02-02-2025 02:00,-,-,0,02-02-2025,2,6,Sunday
02-02-2025 02:00,-,-,0,02-02-2025,2,6,Sunday
02-02-2025 03:00,-,-,0,02-02-2025,3,6,Sunday
02-02-2025 03:00,-,-,0,02-02-2025,3,6,Sunday
02-02-2025 04:00,-,-,0,02-02-2025,4,6,Sunday
02-02-2025 04:00,-,-,0,02-02-2025,4,6,Sunday
02-02-2025 05:00,-,-,0,02-02-2025,5,6,Sunday
02-02-2025 05:00,-,-,0,02-02-2025,5,6,Sunday
02-02-2025 06:00,-,-,0,02-02-2025,6,6,Sunday
02-02-2025 06:00,-,-,0,02-02-2025,6,6,Sunday
02-02-2025 07:00,-,-,0,02-02-2025,7,6,Sunday
02-02-2025 07:00,-,-,0,02-02-2025,7,6,Sunday
02-02-2025 08:00,-,-,0,02-02-2025,8,6,Sunday
02-02-2025 08:00,-,-,0,02-02-2025,8,6,Sunday
02-02-2025 09:00,-,-,0,02-02-2025,9,6,Sunday
02-02-2025 09:00,-,-,0,02-02-2025,9,6,Sunday
02-02-2025 10:00,-,-,0,02-02-2025,10,6,Sunday
02-02-2025 10:00,-,-,0,02-02-2025,10,6,Sunday
02-02-2025 11:00,-,-,0,02-02-2025,11,6,Sunday
02-02-2025 11:00,-,-,0,02-02-2025,11,6,Sunday
02-02-2025 12:00,-,-,0,02-02-2025,12,6,Sunday
02-02-2025 12:00,-,-,0,02-02-2025,12,6,Sunday
02-02-2025 13:00,-,-,0,02-02-2025,13,6,Sunday
02-02-2025 13:00,-,-,0,02-02-2025,13,6,Sunday
02-02-2025 14:00,-,-,0,02-02-2025,14,6,Sunday
02-02-2025 14:00,-,-,0,02-02-2025,14,6,Sunday
02-02-2025 15:00,-,-,0,02-02-2025,15,6,Sunday
02-02-2025 15:00,-,-,0,02-02-2025,15,6,Sunday
02-02-2025 16:00,-,-,0,02-02-2025,16,6,Sunday
02-02-2025 16:00,-,-,0,02-02-2025,16,6,Sunday
02-02-2025 17:00,-,-,0,02-02-2025,17,6,Sunday
02-02-2025 17:00,-,-,0,02-02-2025,17,6,Sunday
02-02-2025 18:00,-,-,0,02-02-2025,18,6,Sunday
02-02-2025 18:00,-,-,0,02-02-2025,18,6,Sunday
02-02-2025 19:00,-,-,0,02-02-2025,19,6,Sunday
02-02-2025 19:00,-,-,0,02-02-2025,19,6,Sunday
02-02-2025 20:00,-,-,0,02-02-2025,20,6,Sunday
02-02-2025 20:00,-,-,0,02-02-2025,20,6,Sunday
02-02-2025 21:00,-,-,0,02-02-2025,21,6,Sunday
02-02-2025 21:00,-,-,0,02-02-2025,21,6,Sunday
02-02-2025 22:00,-,-,0,02-02-2025,22,6,Sunday
02-02-2025 22:00,-,-,0,02-02-2025,22,6,Sunday
02-02-2025 23:00,-,-,0,02-02-2025,23,6,Sunday
02-02-2025 23:00,-,-,0,02-02-2025,23,6,Sunday
03-02-2025 00:00,-,-,0,03-02-2025,0,0,Monday
03-02-2025 00:00,-,-,0,03-02-2025,0,0,Monday
03-02-2025 01:00,-,-,0,03-02-2025,1,0,Monday
03-02-2025 01:00,-,-,0,03-02-2025,1,0,Monday
03-02-2025 02:00,-,-,0,03-02-2025,2,0,Monday
03-02-2025 02:00,-,-,0,03-02-2025,2,0,Monday
03-02-2025 03:00,-,-,0,03-02-2025,3,0,Monday
03-02-2025 03:00,-,-,0,03-02-2025,3,0,Monday
03-02-2025 04:00,-,-,0,03-02-2025,4,0,Monday
03-02-2025 04:00,-,-,0,03-02-2025,4,0,Monday
03-02-2025 05:00,-,-,0,03-02-2025,5,0,Monday
03-02-2025 05:00,-,-,0,03-02-2025,5,0,Monday
03-02-2025 06:00,-,"-10,786",15,03-02-2025,6,0,Monday
03-02-2025 06:00,"-9,380",-,12,03-02-2025,6,0,Monday
03-02-2025 07:00,-,"-17,598",22,03-02-2025,7,0,Monday
03-02-2025 07:00,"-18,168",-,21,03-02-2025,7,0,Monday
03-02-2025 08:00,-,"-37,144",31,03-02-2025,8,0,Monday
03-02-2025 08:00,"-27,139",-,30,03-02-2025,8,0,Monday
03-02-2025 09:00,-,"-67,615",64,03-02-2025,9,0,Monday
03-02-2025 09:00,"-41,560",-,45,03-02-2025,9,0,Monday
03-02-2025 10:00,-,"-79,945",70,03-02-2025,10,0,Monday
03-02-2025 10:00,"-63,327",-,66,03-02-2025,10,0,Monday
03-02-2025 11:00,-,"-55,364",54,03-02-2025,11,0,Monday
03-02-2025 11:00,"-51,808",-,49,03-02-2025,11,0,Monday
03-02-2025 12:00,-,"-40,225",38,03-02-2025,12,0,Monday
03-02-2025 12:00,"-39,620",-,46,03-02-2025,12,0,Monday
03-02-2025 13:00,-,"-42,853",43,03-02-2025,13,0,Monday
03-02-2025 13:00,"-29,164",-,29,03-02-2025,13,0,Monday
03-02-2025 14:00,-,"-44,563",55,03-02-2025,14,0,Monday
03-02-2025 14:00,"-42,498",-,38,03-02-2025,14,0,Monday
03-02-2025 15:00,-,"-85,708",85,03-02-2025,15,0,Monday
03-02-2025 15:00,"-66,752",-,72,03-02-2025,15,0,Monday
03-02-2025 16:00,-,"-1,33,130",144,03-02-2025,16,0,Monday
03-02-2025 16:00,"-97,125",-,110,03-02-2025,16,0,Monday
03-02-2025 17:00,-,"-1,65,541",131,03-02-2025,17,0,Monday
03-02-2025 17:00,"-1,41,494",-,129,03-02-2025,17,0,Monday
03-02-2025 18:00,-,"-20,548",25,03-02-2025,18,0,Monday
03-02-2025 18:00,"-21,755",-,27,03-02-2025,18,0,Monday
03-02-2025 19:00,-,-,0,03-02-2025,19,0,Monday
03-02-2025 19:00,-,-,0,03-02-2025,19,0,Monday
03-02-2025 20:00,-,-,0,03-02-2025,20,0,Monday
03-02-2025 20:00,-,-,0,03-02-2025,20,0,Monday
03-02-2025 21:00,-,-,0,03-02-2025,21,0,Monday
03-02-2025 21:00,-,-,0,03-02-2025,21,0,Monday
03-02-2025 22:00,-,-,0,03-02-2025,22,0,Monday
03-02-2025 22:00,-,-,0,03-02-2025,22,0,Monday
03-02-2025 23:00,-,-,0,03-02-2025,23,0,Monday
03-02-2025 23:00,-,-,0,03-02-2025,23,0,Monday
04-02-2025 00:00,-,-,0,04-02-2025,0,1,Tuesday
04-02-2025 00:00,-,-,0,04-02-2025,0,1,Tuesday
04-02-2025 01:00,-,-,0,04-02-2025,1,1,Tuesday
04-02-2025 01:00,-,-,0,04-02-2025,1,1,Tuesday
04-02-2025 02:00,-,-,0,04-02-2025,2,1,Tuesday
04-02-2025 02:00,-,-,0,04-02-2025,2,1,Tuesday
04-02-2025 03:00,-,-,0,04-02-2025,3,1,Tuesday
04-02-2025 03:00,-,-,0,04-02-2025,3,1,Tuesday
04-02-2025 04:00,-,-,0,04-02-2025,4,1,Tuesday
04-02-2025 04:00,-,-,0,04-02-2025,4,1,Tuesday
04-02-2025 05:00,-,-,0,04-02-2025,5,1,Tuesday
04-02-2025 05:00,-,-,0,04-02-2025,5,1,Tuesday
04-02-2025 06:00,-,"-8,248",15,04-02-2025,6,1,Tuesday
04-02-2025 06:00,"-7,591",-,9,04-02-2025,6,1,Tuesday
04-02-2025 07:00,-,"-13,915",15,04-02-2025,7,1,Tuesday
04-02-2025 07:00,"-11,996",-,11,04-02-2025,7,1,Tuesday
04-02-2025 08:00,-,"-25,611",30,04-02-2025,8,1,Tuesday
04-02-2025 08:00,"-20,250",-,24,04-02-2025,8,1,Tuesday
04-02-2025 09:00,-,"-42,948",42,04-02-2025,9,1,Tuesday
04-02-2025 09:00,"-32,364",-,29,04-02-2025,9,1,Tuesday
04-02-2025 10:00,-,"-68,720",61,04-02-2025,10,1,Tuesday
04-02-2025 10:00,"-53,287",-,49,04-02-2025,10,1,Tuesday
04-02-2025 11:00,-,"-43,777",34,04-02-2025,11,1,Tuesday
04-02-2025 11:00,"-50,963",-,57,04-02-2025,11,1,Tuesday
04-02-2025 12:00,-,"-33,515",30,04-02-2025,12,1,Tuesday
04-02-2025 12:00,"-30,904",-,28,04-02-2025,12,1,Tuesday
04-02-2025 13:00,-,"-34,230",33,04-02-2025,13,1,Tuesday
04-02-2025 13:00,"-22,452",-,38,04-02-2025,13,1,Tuesday
04-02-2025 14:00,-,"-37,610",43,04-02-2025,14,1,Tuesday
04-02-2025 14:00,"-33,124",-,38,04-02-2025,14,1,Tuesday
04-02-2025 15:00,-,"-64,707",72,04-02-2025,15,1,Tuesday
04-02-2025 15:00,"-53,825",-,60,04-02-2025,15,1,Tuesday
04-02-2025 16:00,-,"-1,14,837",84,04-02-2025,16,1,Tuesday
04-02-2025 16:00,"-82,245",-,90,04-02-2025,16,1,Tuesday
04-02-2025 17:00,-,"-1,26,648",125,04-02-2025,17,1,Tuesday
04-02-2025 17:00,"-1,14,502",-,120,04-02-2025,17,1,Tuesday
04-02-2025 18:00,-,"-20,980",22,04-02-2025,18,1,Tuesday
04-02-2025 18:00,"-14,139",-,8,04-02-2025,18,1,Tuesday
04-02-2025 19:00,-,-,0,04-02-2025,19,1,Tuesday
04-02-2025 19:00,-,-,0,04-02-2025,19,1,Tuesday
04-02-2025 20:00,-,-,0,04-02-2025,20,1,Tuesday
04-02-2025 20:00,-,-,0,04-02-2025,20,1,Tuesday
04-02-2025 21:00,-,-,0,04-02-2025,21,1,Tuesday
04-02-2025 21:00,-,-,0,04-02-2025,21,1,Tuesday
04-02-2025 22:00,-,-,0,04-02-2025,22,1,Tuesday
04-02-2025 22:00,-,-,0,04-02-2025,22,1,Tuesday
04-02-2025 23:00,-,-,0,04-02-2025,23,1,Tuesday
04-02-2025 23:00,-,-,0,04-02-2025,23,1,Tuesday
05-02-2025 00:00,-,-,0,05-02-2025,0,2,Wednesday
05-02-2025 00:00,-,-,0,05-02-2025,0,2,Wednesday
05-02-2025 01:00,-,-,0,05-02-2025,1,2,Wednesday
05-02-2025 01:00,-,-,0,05-02-2025,1,2,Wednesday
05-02-2025 02:00,-,-,0,05-02-2025,2,2,Wednesday
05-02-2025 02:00,-,-,0,05-02-2025,2,2,Wednesday
05-02-2025 03:00,-,-,0,05-02-2025,3,2,Wednesday
05-02-2025 03:00,-,-,0,05-02-2025,3,2,Wednesday
05-02-2025 04:00,-,-,0,05-02-2025,4,2,Wednesday
05-02-2025 04:00,-,-,0,05-02-2025,4,2,Wednesday
05-02-2025 05:00,-,-,0,05-02-2025,5,2,Wednesday
05-02-2025 05:00,-,-,0,05-02-2025,5,2,Wednesday
05-02-2025 06:00,-,"-8,301",5,05-02-2025,6,2,Wednesday
05-02-2025 06:00,"-8,769",-,13,05-02-2025,6,2,Wednesday
05-02-2025 07:00,-,"-14,752",22,05-02-2025,7,2,Wednesday
05-02-2025 07:00,"-13,600",-,14,05-02-2025,7,2,Wednesday
05-02-2025 08:00,-,"-27,023",31,05-02-2025,8,2,Wednesday
05-02-2025 08:00,"-21,212",-,18,05-02-2025,8,2,Wednesday
05-02-2025 09:00,-,"-43,626",59,05-02-2025,9,2,Wednesday
05-02-2025 09:00,"-27,609",-,34,05-02-2025,9,2,Wednesday
05-02-2025 10:00,-,"-64,072",59,05-02-2025,10,2,Wednesday
05-02-2025 10:00,"-47,123",-,54,05-02-2025,10,2,Wednesday
05-02-2025 11:00,-,"-43,491",47,05-02-2025,11,2,Wednesday
05-02-2025 11:00,"-41,402",-,67,05-02-2025,11,2,Wednesday
05-02-2025 12:00,-,"-36,957",27,05-02-2025,12,2,Wednesday
05-02-2025 12:00,"-32,525",-,28,05-02-2025,12,2,Wednesday
05-02-2025 13:00,-,"-32,163",28,05-02-2025,13,2,Wednesday
05-02-2025 13:00,"-25,135",-,25,05-02-2025,13,2,Wednesday
05-02-2025 14:00,-,"-41,213",41,05-02-2025,14,2,Wednesday
05-02-2025 14:00,"-37,755",-,35,05-02-2025,14,2,Wednesday
05-02-2025 15:00,-,"-67,736",71,05-02-2025,15,2,Wednesday
05-02-2025 15:00,"-58,856",-,54,05-02-2025,15,2,Wednesday
05-02-2025 16:00,-,"-1,03,847",103,05-02-2025,16,2,Wednesday
05-02-2025 16:00,"-89,049",-,74,05-02-2025,16,2,Wednesday
05-02-2025 17:00,-,"-1,39,707",121,05-02-2025,17,2,Wednesday
05-02-2025 17:00,"-1,05,102",-,117,05-02-2025,17,2,Wednesday
05-02-2025 18:00,-,"-18,131",20,05-02-2025,18,2,Wednesday
05-02-2025 18:00,"-18,045",-,16,05-02-2025,18,2,Wednesday
05-02-2025 19:00,-,-,0,05-02-2025,19,2,Wednesday
05-02-2025 19:00,-,-,0,05-02-2025,19,2,Wednesday
05-02-2025 20:00,-,-,0,05-02-2025,20,2,Wednesday
05-02-2025 20:00,-,-,0,05-02-2025,20,2,Wednesday
05-02-2025 21:00,-,-,0,05-02-2025,21,2,Wednesday
05-02-2025 21:00,-,-,0,05-02-2025,21,2,Wednesday
05-02-2025 22:00,-,-,0,05-02-2025,22,2,Wednesday
05-02-2025 22:00,-,-,0,05-02-2025,22,2,Wednesday
05-02-2025 23:00,-,-,0,05-02-2025,23,2,Wednesday
05-02-2025 23:00,-,-,0,05-02-2025,23,2,Wednesday
06-02-2025 00:00,-,-,0,06-02-2025,0,3,Thursday
06-02-2025 00:00,-,-,0,06-02-2025,0,3,Thursday
06-02-2025 01:00,-,-,0,06-02-2025,1,3,Thursday
06-02-2025 01:00,-,-,0,06-02-2025,1,3,Thursday
06-02-2025 02:00,-,-,0,06-02-2025,2,3,Thursday
06-02-2025 02:00,-,-,0,06-02-2025,2,3,Thursday
06-02-2025 03:00,-,-,0,06-02-2025,3,3,Thursday
06-02-2025 03:00,-,-,0,06-02-2025,3,3,Thursday
06-02-2025 04:00,-,-,0,06-02-2025,4,3,Thursday
06-02-2025 04:00,-,-,0,06-02-2025,4,3,Thursday
06-02-2025 05:00,-,-,0,06-02-2025,5,3,Thursday
06-02-2025 05:00,-,-,0,06-02-2025,5,3,Thursday
06-02-2025 06:00,-,"-10,710",12,06-02-2025,6,3,Thursday
06-02-2025 06:00,"-8,788",-,10,06-02-2025,6,3,Thursday
06-02-2025 07:00,-,"-17,256",12,06-02-2025,7,3,Thursday
06-02-2025 07:00,"-14,756",-,12,06-02-2025,7,3,Thursday
06-02-2025 08:00,-,"-29,146",27,06-02-2025,8,3,Thursday
06-02-2025 08:00,"-23,594",-,32,06-02-2025,8,3,Thursday
06-02-2025 09:00,-,"-51,483",53,06-02-2025,9,3,Thursday
06-02-2025 09:00,"-30,337",-,24,06-02-2025,9,3,Thursday
06-02-2025 10:00,-,"-55,559",68,06-02-2025,10,3,Thursday
06-02-2025 10:00,"-59,168",-,69,06-02-2025,10,3,Thursday
06-02-2025 11:00,-,"-40,988",47,06-02-2025,11,3,Thursday
06-02-2025 11:00,"-42,899",-,56,06-02-2025,11,3,Thursday
06-02-2025 12:00,-,"-35,952",39,06-02-2025,12,3,Thursday
06-02-2025 12:00,"-28,932",-,31,06-02-2025,12,3,Thursday
06-02-2025 13:00,-,"-30,330",21,06-02-2025,13,3,Thursday
06-02-2025 13:00,"-23,319",-,17,06-02-2025,13,3,Thursday
06-02-2025 14:00,-,"-35,411",41,06-02-2025,14,3,Thursday
06-02-2025 14:00,"-36,452",-,34,06-02-2025,14,3,Thursday
06-02-2025 15:00,-,"-70,880",54,06-02-2025,15,3,Thursday
06-02-2025 15:00,"-57,717",-,57,06-02-2025,15,3,Thursday
06-02-2025 16:00,-,"-95,969",99,06-02-2025,16,3,Thursday
06-02-2025 16:00,"-89,415",-,85,06-02-2025,16,3,Thursday
06-02-2025 17:00,-,"-1,07,915",117,06-02-2025,17,3,Thursday
06-02-2025 17:00,"-1,01,395",-,117,06-02-2025,17,3,Thursday
06-02-2025 18:00,-,"-16,315",20,06-02-2025,18,3,Thursday
06-02-2025 18:00,"-16,856",-,18,06-02-2025,18,3,Thursday
06-02-2025 19:00,-,-,0,06-02-2025,19,3,Thursday
06-02-2025 19:00,-,-,0,06-02-2025,19,3,Thursday
06-02-2025 20:00,-,-,0,06-02-2025,20,3,Thursday
06-02-2025 20:00,-,-,0,06-02-2025,20,3,Thursday
06-02-2025 21:00,-,-,0,06-02-2025,21,3,Thursday
06-02-2025 21:00,-,-,0,06-02-2025,21,3,Thursday
06-02-2025 22:00,-,-,0,06-02-2025,22,3,Thursday
06-02-2025 22:00,-,-,0,06-02-2025,22,3,Thursday
06-02-2025 23:00,-,-,0,06-02-2025,23,3,Thursday
06-02-2025 23:00,-,-,0,06-02-2025,23,3,Thursday
07-02-2025 00:00,-,-,0,07-02-2025,0,4,Friday
07-02-2025 00:00,-,-,0,07-02-2025,0,4,Friday
07-02-2025 01:00,-,-,0,07-02-2025,1,4,Friday
07-02-2025 01:00,-,-,0,07-02-2025,1,4,Friday
07-02-2025 02:00,-,-,0,07-02-2025,2,4,Friday
07-02-2025 02:00,-,-,0,07-02-2025,2,4,Friday
07-02-2025 03:00,-,-,0,07-02-2025,3,4,Friday
07-02-2025 03:00,-,-,0,07-02-2025,3,4,Friday
07-02-2025 04:00,-,-,0,07-02-2025,4,4,Friday
07-02-2025 04:00,-,-,0,07-02-2025,4,4,Friday
07-02-2025 05:00,-,-,0,07-02-2025,5,4,Friday
07-02-2025 05:00,-,-,0,07-02-2025,5,4,Friday
07-02-2025 06:00,-,"-9,610",11,07-02-2025,6,4,Friday
07-02-2025 06:00,"-8,609",-,7,07-02-2025,6,4,Friday
07-02-2025 07:00,-,"-19,053",8,07-02-2025,7,4,Friday
07-02-2025 07:00,"-13,367",-,18,07-02-2025,7,4,Friday
07-02-2025 08:00,-,"-35,612",30,07-02-2025,8,4,Friday
07-02-2025 08:00,"-30,536",-,24,07-02-2025,8,4,Friday
07-02-2025 09:00,-,"-53,912",54,07-02-2025,9,4,Friday
07-02-2025 09:00,"-38,476",-,53,07-02-2025,9,4,Friday
07-02-2025 10:00,-,"-72,751",70,07-02-2025,10,4,Friday
07-02-2025 10:00,"-53,286",-,64,07-02-2025,10,4,Friday
07-02-2025 11:00,-,"-57,255",55,07-02-2025,11,4,Friday
07-02-2025 11:00,"-48,713",-,60,07-02-2025,11,4,Friday
07-02-2025 12:00,-,"-34,118",45,07-02-2025,12,4,Friday
07-02-2025 12:00,"-33,400",-,31,07-02-2025,12,4,Friday
07-02-2025 13:00,-,"-32,746",35,07-02-2025,13,4,Friday
07-02-2025 13:00,"-26,282",-,28,07-02-2025,13,4,Friday
07-02-2025 14:00,-,"-51,152",52,07-02-2025,14,4,Friday
07-02-2025 14:00,"-41,331",-,47,07-02-2025,14,4,Friday
07-02-2025 15:00,-,"-76,799",83,07-02-2025,15,4,Friday
07-02-2025 15:00,"-66,679",-,75,07-02-2025,15,4,Friday
07-02-2025 16:00,-,"-1,24,956",103,07-02-2025,16,4,Friday
07-02-2025 16:00,"-95,565",-,93,07-02-2025,16,4,Friday
07-02-2025 17:00,-,"-1,56,313",147,07-02-2025,17,4,Friday
07-02-2025 17:00,"-1,02,706",-,111,07-02-2025,17,4,Friday
07-02-2025 18:00,-,"-20,027",15,07-02-2025,18,4,Friday
07-02-2025 18:00,"-17,555",-,23,07-02-2025,18,4,Friday
07-02-2025 19:00,-,-,0,07-02-2025,19,4,Friday
07-02-2025 19:00,-,-,0,07-02-2025,19,4,Friday
07-02-2025 20:00,-,-,0,07-02-2025,20,4,Friday
07-02-2025 20:00,-,-,0,07-02-2025,20,4,Friday
07-02-2025 21:00,-,-,0,07-02-2025,21,4,Friday
07-02-2025 21:00,-,-,0,07-02-2025,21,4,Friday
07-02-2025 22:00,-,-,0,07-02-2025,22,4,Friday
07-02-2025 22:00,-,-,0,07-02-2025,22,4,Friday
07-02-2025 23:00,-,-,0,07-02-2025,23,4,Friday
07-02-2025 23:00,-,-,0,07-02-2025,23,4,Friday
08-02-2025 00:00,-,-,0,08-02-2025,0,5,Saturday
08-02-2025 00:00,-,-,0,08-02-2025,0,5,Saturday
08-02-2025 01:00,-,-,0,08-02-2025,1,5,Saturday
08-02-2025 01:00,-,-,0,08-02-2025,1,5,Saturday
08-02-2025 02:00,-,-,0,08-02-2025,2,5,Saturday
08-02-2025 02:00,-,-,0,08-02-2025,2,5,Saturday
08-02-2025 03:00,-,-,0,08-02-2025,3,5,Saturday
08-02-2025 03:00,-,-,0,08-02-2025,3,5,Saturday
08-02-2025 04:00,-,-,0,08-02-2025,4,5,Saturday
08-02-2025 04:00,-,-,0,08-02-2025,4,5,Saturday
08-02-2025 05:00,-,-,0,08-02-2025,5,5,Saturday
08-02-2025 05:00,-,-,0,08-02-2025,5,5,Saturday
08-02-2025 06:00,-,-,0,08-02-2025,6,5,Saturday
08-02-2025 06:00,-,-,0,08-02-2025,6,5,Saturday
08-02-2025 07:00,-,-,0,08-02-2025,7,5,Saturday
08-02-2025 07:00,-,-,0,08-02-2025,7,5,Saturday
08-02-2025 08:00,-,-,0,08-02-2025,8,5,Saturday
08-02-2025 08:00,-,-,0,08-02-2025,8,5,Saturday
08-02-2025 09:00,-,-,0,08-02-2025,9,5,Saturday
08-02-2025 09:00,-,-,0,08-02-2025,9,5,Saturday
08-02-2025 10:00,-,-,0,08-02-2025,10,5,Saturday
08-02-2025 10:00,-,-,0,08-02-2025,10,5,Saturday
08-02-2025 11:00,-,-,0,08-02-2025,11,5,Saturday
08-02-2025 11:00,-,-,0,08-02-2025,11,5,Saturday
08-02-2025 12:00,-,-,0,08-02-2025,12,5,Saturday
08-02-2025 12:00,-,-,0,08-02-2025,12,5,Saturday
08-02-2025 13:00,-,-,0,08-02-2025,13,5,Saturday
08-02-2025 13:00,-,-,0,08-02-2025,13,5,Saturday
08-02-2025 14:00,-,-,0,08-02-2025,14,5,Saturday
08-02-2025 14:00,-,-,0,08-02-2025,14,5,Saturday
08-02-2025 15:00,-,-,0,08-02-2025,15,5,Saturday
08-02-2025 15:00,-,-,0,08-02-2025,15,5,Saturday
08-02-2025 16:00,-,-,0,08-02-2025,16,5,Saturday
08-02-2025 16:00,-,-,0,08-02-2025,16,5,Saturday
08-02-2025 17:00,-,-,0,08-02-2025,17,5,Saturday
08-02-2025 17:00,-,-,0,08-02-2025,17,5,Saturday
08-02-2025 18:00,-,-,0,08-02-2025,18,5,Saturday
08-02-2025 18:00,-,-,0,08-02-2025,18,5,Saturday
08-02-2025 19:00,-,-,0,08-02-2025,19,5,Saturday
08-02-2025 19:00,-,-,0,08-02-2025,19,5,Saturday
08-02-2025 20:00,-,-,0,08-02-2025,20,5,Saturday
08-02-2025 20:00,-,-,0,08-02-2025,20,5,Saturday
08-02-2025 21:00,-,-,0,08-02-2025,21,5,Saturday
08-02-2025 21:00,-,-,0,08-02-2025,21,5,Saturday
08-02-2025 22:00,-,-,0,08-02-2025,22,5,Saturday
08-02-2025 22:00,-,-,0,08-02-2025,22,5,Saturday
08-02-2025 23:00,-,-,0,08-02-2025,23,5,Saturday
08-02-2025 23:00,-,-,0,08-02-2025,23,5,Saturday
09-02-2025 00:00,-,-,0,09-02-2025,0,6,Sunday
09-02-2025 00:00,-,-,0,09-02-2025,0,6,Sunday
09-02-2025 01:00,-,-,0,09-02-2025,1,6,Sunday
09-02-2025 01:00,-,-,0,09-02-2025,1,6,Sunday
09-02-2025 02:00,-,-,0,09-02-2025,2,6,Sunday
09-02-2025 02:00,-,-,0,09-02-2025,2,6,Sunday
09-02-2025 03:00,-,-,0,09-02-2025,3,6,Sunday
09-02-2025 03:00,-,-,0,09-02-2025,3,6,Sunday
09-02-2025 04:00,-,-,0,09-02-2025,4,6,Sunday
09-02-2025 04:00,-,-,0,09-02-2025,4,6,Sunday
09-02-2025 05:00,-,-,0,09-02-2025,5,6,Sunday
09-02-2025 05:00,-,-,0,09-02-2025,5,6,Sunday
09-02-2025 06:00,-,-,0,09-02-2025,6,6,Sunday
09-02-2025 06:00,-,-,0,09-02-2025,6,6,Sunday
09-02-2025 07:00,-,-,0,09-02-2025,7,6,Sunday
09-02-2025 07:00,-,-,0,09-02-2025,7,6,Sunday
09-02-2025 08:00,-,-,0,09-02-2025,8,6,Sunday
09-02-2025 08:00,-,-,0,09-02-2025,8,6,Sunday
09-02-2025 09:00,-,-,0,09-02-2025,9,6,Sunday
09-02-2025 09:00,-,-,0,09-02-2025,9,6,Sunday
09-02-2025 10:00,-,-,0,09-02-2025,10,6,Sunday
09-02-2025 10:00,-,-,0,09-02-2025,10,6,Sunday
09-02-2025 11:00,-,-,0,09-02-2025,11,6,Sunday
09-02-2025 11:00,-,-,0,09-02-2025,11,6,Sunday
09-02-2025 12:00,-,-,0,09-02-2025,12,6,Sunday
09-02-2025 12:00,-,-,0,09-02-2025,12,6,Sunday
09-02-2025 13:00,-,-,0,09-02-2025,13,6,Sunday
09-02-2025 13:00,-,-,0,09-02-2025,13,6,Sunday
09-02-2025 14:00,-,-,0,09-02-2025,14,6,Sunday
09-02-2025 14:00,-,-,0,09-02-2025,14,6,Sunday
09-02-2025 15:00,-,-,0,09-02-2025,15,6,Sunday
09-02-2025 15:00,-,-,0,09-02-2025,15,6,Sunday
09-02-2025 16:00,-,-,0,09-02-2025,16,6,Sunday
09-02-2025 16:00,-,-,0,09-02-2025,16,6,Sunday
09-02-2025 17:00,-,-,0,09-02-2025,17,6,Sunday
09-02-2025 17:00,-,-,0,09-02-2025,17,6,Sunday
09-02-2025 18:00,-,-,0,09-02-2025,18,6,Sunday
09-02-2025 18:00,-,-,0,09-02-2025,18,6,Sunday
09-02-2025 19:00,-,-,0,09-02-2025,19,6,Sunday
09-02-2025 19:00,-,-,0,09-02-2025,19,6,Sunday
09-02-2025 20:00,-,-,0,09-02-2025,20,6,Sunday
09-02-2025 20:00,-,-,0,09-02-2025,20,6,Sunday
09-02-2025 21:00,-,-,0,09-02-2025,21,6,Sunday
09-02-2025 21:00,-,-,0,09-02-2025,21,6,Sunday
09-02-2025 22:00,-,-,0,09-02-2025,22,6,Sunday
09-02-2025 22:00,-,-,0,09-02-2025,22,6,Sunday
09-02-2025 23:00,-,-,0,09-02-2025,23,6,Sunday
09-02-2025 23:00,-,-,0,09-02-2025,23,6,Sunday
10-02-2025 00:00,-,-,0,10-02-2025,0,0,Monday
10-02-2025 00:00,-,-,0,10-02-2025,0,0,Monday
10-02-2025 01:00,-,-,0,10-02-2025,1,0,Monday
10-02-2025 01:00,-,-,0,10-02-2025,1,0,Monday
10-02-2025 02:00,-,-,0,10-02-2025,2,0,Monday
10-02-2025 02:00,-,-,0,10-02-2025,2,0,Monday
10-02-2025 03:00,-,-,0,10-02-2025,3,0,Monday
10-02-2025 03:00,-,-,0,10-02-2025,3,0,Monday
10-02-2025 04:00,-,-,0,10-02-2025,4,0,Monday
10-02-2025 04:00,-,-,0,10-02-2025,4,0,Monday
10-02-2025 05:00,-,-,0,10-02-2025,5,0,Monday
10-02-2025 05:00,-,-,0,10-02-2025,5,0,Monday
10-02-2025 06:00,-,"-10,381",10,10-02-2025,6,0,Monday
10-02-2025 06:00,"-9,341",-,9,10-02-2025,6,0,Monday
10-02-2025 07:00,-,"-19,624",23,10-02-2025,7,0,Monday
10-02-2025 07:00,"-14,108",-,30,10-02-2025,7,0,Monday
10-02-2025 08:00,-,"-31,100",40,10-02-2025,8,0,Monday
10-02-2025 08:00,"-27,858",-,26,10-02-2025,8,0,Monday
10-02-2025 09:00,-,"-58,067",68,10-02-2025,9,0,Monday
10-02-2025 09:00,"-37,221",-,37,10-02-2025,9,0,Monday
10-02-2025 10:00,-,"-85,143",86,10-02-2025,10,0,Monday
10-02-2025 10:00,"-63,539",-,72,10-02-2025,10,0,Monday
10-02-2025 11:00,-,"-47,486",52,10-02-2025,11,0,Monday
10-02-2025 11:00,"-59,773",-,53,10-02-2025,11,0,Monday
10-02-2025 12:00,-,"-37,209",48,10-02-2025,12,0,Monday
10-02-2025 12:00,"-33,309",-,26,10-02-2025,12,0,Monday
10-02-2025 13:00,-,"-40,432",33,10-02-2025,13,0,Monday
10-02-2025 13:00,"-29,504",-,38,10-02-2025,13,0,Monday
10-02-2025 14:00,-,"-48,999",58,10-02-2025,14,0,Monday
10-02-2025 14:00,"-40,907",-,46,10-02-2025,14,0,Monday
10-02-2025 15:00,-,"-90,438",107,10-02-2025,15,0,Monday
10-02-2025 15:00,"-67,077",-,90,10-02-2025,15,0,Monday
10-02-2025 16:00,-,"-1,31,728",113,10-02-2025,16,0,Monday
10-02-2025 16:00,"-1,21,984",-,106,10-02-2025,16,0,Monday
10-02-2025 17:00,-,"-1,52,127",153,10-02-2025,17,0,Monday
10-02-2025 17:00,"-1,20,001",-,135,10-02-2025,17,0,Monday
10-02-2025 18:00,-,"-23,726",28,10-02-2025,18,0,Monday
10-02-2025 18:00,"-17,814",-,19,10-02-2025,18,0,Monday
10-02-2025 19:00,-,-,0,10-02-2025,19,0,Monday
10-02-2025 19:00,-,-,0,10-02-2025,19,0,Monday
10-02-2025 20:00,-,-,0,10-02-2025,20,0,Monday
10-02-2025 20:00,-,-,0,10-02-2025,20,0,Monday
10-02-2025 21:00,-,-,0,10-02-2025,21,0,Monday
10-02-2025 21:00,-,-,0,10-02-2025,21,0,Monday
10-02-2025 22:00,-,-,0,10-02-2025,22,0,Monday
10-02-2025 22:00,-,-,0,10-02-2025,22,0,Monday
10-02-2025 23:00,-,-,0,10-02-2025,23,0,Monday
10-02-2025 23:00,-,-,0,10-02-2025,23,0,Monday
11-02-2025 00:00,-,-,0,11-02-2025,0,1,Tuesday
11-02-2025 00:00,-,-,0,11-02-2025,0,1,Tuesday
11-02-2025 01:00,-,-,0,11-02-2025,1,1,Tuesday
11-02-2025 01:00,-,-,0,11-02-2025,1,1,Tuesday
11-02-2025 02:00,-,-,0,11-02-2025,2,1,Tuesday
11-02-2025 02:00,-,-,0,11-02-2025,2,1,Tuesday
11-02-2025 03:00,-,-,0,11-02-2025,3,1,Tuesday
11-02-2025 03:00,-,-,0,11-02-2025,3,1,Tuesday
11-02-2025 04:00,-,-,0,11-02-2025,4,1,Tuesday
11-02-2025 04:00,-,-,0,11-02-2025,4,1,Tuesday
11-02-2025 05:00,-,-,0,11-02-2025,5,1,Tuesday
11-02-2025 05:00,-,-,0,11-02-2025,5,1,Tuesday
11-02-2025 06:00,-,"-10,711",12,11-02-2025,6,1,Tuesday
11-02-2025 06:00,"-8,615",-,7,11-02-2025,6,1,Tuesday
11-02-2025 07:00,-,"-17,833",25,11-02-2025,7,1,Tuesday
11-02-2025 07:00,"-13,108",-,16,11-02-2025,7,1,Tuesday
11-02-2025 08:00,-,"-29,264",32,11-02-2025,8,1,Tuesday
11-02-2025 08:00,"-24,223",-,26,11-02-2025,8,1,Tuesday
11-02-2025 09:00,-,"-41,547",55,11-02-2025,9,1,Tuesday
11-02-2025 09:00,"-32,956",-,42,11-02-2025,9,1,Tuesday
11-02-2025 10:00,-,"-67,192",54,11-02-2025,10,1,Tuesday
11-02-2025 10:00,"-50,378",-,56,11-02-2025,10,1,Tuesday
11-02-2025 11:00,-,"-40,913",47,11-02-2025,11,1,Tuesday
11-02-2025 11:00,"-55,157",-,46,11-02-2025,11,1,Tuesday
11-02-2025 12:00,-,"-36,937",32,11-02-2025,12,1,Tuesday
11-02-2025 12:00,"-31,545",-,30,11-02-2025,12,1,Tuesday
11-02-2025 13:00,-,"-29,876",27,11-02-2025,13,1,Tuesday
11-02-2025 13:00,"-23,957",-,29,11-02-2025,13,1,Tuesday
11-02-2025 14:00,-,"-40,632",51,11-02-2025,14,1,Tuesday
11-02-2025 14:00,"-29,542",-,29,11-02-2025,14,1,Tuesday
11-02-2025 15:00,-,"-68,243",64,11-02-2025,15,1,Tuesday
11-02-2025 15:00,"-60,601",-,79,11-02-2025,15,1,Tuesday
11-02-2025 16:00,-,"-1,09,271",104,11-02-2025,16,1,Tuesday
11-02-2025 16:00,"-95,943",-,80,11-02-2025,16,1,Tuesday
11-02-2025 17:00,-,"-1,20,816",119,11-02-2025,17,1,Tuesday
11-02-2025 17:00,"-1,05,774",-,103,11-02-2025,17,1,Tuesday
11-02-2025 18:00,-,"-20,713",14,11-02-2025,18,1,Tuesday
11-02-2025 18:00,"-13,791",-,12,11-02-2025,18,1,Tuesday
11-02-2025 19:00,-,-,0,11-02-2025,19,1,Tuesday
11-02-2025 19:00,-,-,0,11-02-2025,19,1,Tuesday
11-02-2025 20:00,-,-,0,11-02-2025,20,1,Tuesday
11-02-2025 20:00,-,-,0,11-02-2025,20,1,Tuesday
11-02-2025 21:00,-,-,0,11-02-2025,21,1,Tuesday
11-02-2025 21:00,-,-,0,11-02-2025,21,1,Tuesday
11-02-2025 22:00,-,-,0,11-02-2025,22,1,Tuesday
11-02-2025 22:00,-,-,0,11-02-2025,22,1,Tuesday
11-02-2025 23:00,-,-,0,11-02-2025,23,1,Tuesday
11-02-2025 23:00,-,-,0,11-02-2025,23,1,Tuesday
12-02-2025 00:00,-,-,0,12-02-2025,0,2,Wednesday
12-02-2025 00:00,-,-,0,12-02-2025,0,2,Wednesday
12-02-2025 01:00,-,-,0,12-02-2025,1,2,Wednesday
12-02-2025 01:00,-,-,0,12-02-2025,1,2,Wednesday
12-02-2025 02:00,-,-,0,12-02-2025,2,2,Wednesday
12-02-2025 02:00,-,-,0,12-02-2025,2,2,Wednesday
12-02-2025 03:00,-,-,0,12-02-2025,3,2,Wednesday
12-02-2025 03:00,-,-,0,12-02-2025,3,2,Wednesday
12-02-2025 04:00,-,-,0,12-02-2025,4,2,Wednesday
12-02-2025 04:00,-,-,0,12-02-2025,4,2,Wednesday
12-02-2025 05:00,-,-,0,12-02-2025,5,2,Wednesday
12-02-2025 05:00,-,-,0,12-02-2025,5,2,Wednesday
12-02-2025 06:00,-,"-8,315",14,12-02-2025,6,2,Wednesday
12-02-2025 06:00,"-7,721",-,1,12-02-2025,6,2,Wednesday
12-02-2025 07:00,-,"-17,814",16,12-02-2025,7,2,Wednesday
12-02-2025 07:00,"-12,423",-,10,12-02-2025,7,2,Wednesday
12-02-2025 08:00,-,"-30,012",23,12-02-2025,8,2,Wednesday
12-02-2025 08:00,"-24,922",-,37,12-02-2025,8,2,Wednesday
12-02-2025 09:00,-,"-46,121",47,12-02-2025,9,2,Wednesday
12-02-2025 09:00,"-28,654",-,35,12-02-2025,9,2,Wednesday
12-02-2025 10:00,-,"-66,437",58,12-02-2025,10,2,Wednesday
12-02-2025 10:00,"-53,966",-,49,12-02-2025,10,2,Wednesday
12-02-2025 11:00,-,"-46,422",32,12-02-2025,11,2,Wednesday
12-02-2025 11:00,"-49,255",-,40,12-02-2025,11,2,Wednesday
12-02-2025 12:00,-,"-31,903",48,12-02-2025,12,2,Wednesday
12-02-2025 12:00,"-30,908",-,31,12-02-2025,12,2,Wednesday
12-02-2025 13:00,-,"-31,329",36,12-02-2025,13,2,Wednesday
12-02-2025 13:00,"-29,828",-,26,12-02-2025,13,2,Wednesday
12-02-2025 14:00,-,"-43,167",47,12-02-2025,14,2,Wednesday
12-02-2025 14:00,"-36,323",-,34,12-02-2025,14,2,Wednesday
12-02-2025 15:00,-,"-68,059",79,12-02-2025,15,2,Wednesday
12-02-2025 15:00,"-58,909",-,70,12-02-2025,15,2,Wednesday
12-02-2025 16:00,-,"-1,08,307",114,12-02-2025,16,2,Wednesday
12-02-2025 16:00,"-85,703",-,87,12-02-2025,16,2,Wednesday
12-02-2025 17:00,-,"-1,32,127",118,12-02-2025,17,2,Wednesday
12-02-2025 17:00,"-88,294",-,110,12-02-2025,17,2,Wednesday
12-02-2025 18:00,-,"-19,863",24,12-02-2025,18,2,Wednesday
12-02-2025 18:00,"-17,346",-,12,12-02-2025,18,2,Wednesday
12-02-2025 19:00,-,-,0,12-02-2025,19,2,Wednesday
12-02-2025 19:00,-,-,0,12-02-2025,19,2,Wednesday
12-02-2025 20:00,-,-,0,12-02-2025,20,2,Wednesday
12-02-2025 20:00,-,-,0,12-02-2025,20,2,Wednesday
12-02-2025 21:00,-,-,0,12-02-2025,21,2,Wednesday
12-02-2025 21:00,-,-,0,12-02-2025,21,2,Wednesday
12-02-2025 22:00,-,-,0,12-02-2025,22,2,Wednesday
12-02-2025 22:00,-,-,0,12-02-2025,22,2,Wednesday
12-02-2025 23:00,-,-,0,12-02-2025,23,2,Wednesday
12-02-2025 23:00,-,-,0,12-02-2025,23,2,Wednesday
13-02-2025 00:00,-,-,0,13-02-2025,0,3,Thursday
13-02-2025 00:00,-,-,0,13-02-2025,0,3,Thursday
13-02-2025 01:00,-,-,0,13-02-2025,1,3,Thursday
13-02-2025 01:00,-,-,0,13-02-2025,1,3,Thursday
13-02-2025 02:00,-,-,0,13-02-2025,2,3,Thursday
13-02-2025 02:00,-,-,0,13-02-2025,2,3,Thursday
13-02-2025 03:00,-,-,0,13-02-2025,3,3,Thursday
13-02-2025 03:00,-,-,0,13-02-2025,3,3,Thursday
13-02-2025 04:00,-,-,0,13-02-2025,4,3,Thursday
13-02-2025 04:00,-,-,0,13-02-2025,4,3,Thursday
13-02-2025 05:00,-,-,0,13-02-2025,5,3,Thursday
13-02-2025 05:00,-,-,0,13-02-2025,5,3,Thursday
13-02-2025 06:00,-,"-10,385",10,13-02-2025,6,3,Thursday
13-02-2025 06:00,"-8,333",-,11,13-02-2025,6,3,Thursday
13-02-2025 07:00,-,"-14,911",13,13-02-2025,7,3,Thursday
13-02-2025 07:00,"-14,121",-,14,13-02-2025,7,3,Thursday
13-02-2025 08:00,-,"-30,470",27,13-02-2025,8,3,Thursday
13-02-2025 08:00,"-25,081",-,20,13-02-2025,8,3,Thursday
13-02-2025 09:00,-,"-46,831",45,13-02-2025,9,3,Thursday
13-02-2025 09:00,"-33,309",-,43,13-02-2025,9,3,Thursday
13-02-2025 10:00,-,"-59,349",64,13-02-2025,10,3,Thursday
13-02-2025 10:00,"-48,049",-,57,13-02-2025,10,3,Thursday
13-02-2025 11:00,-,"-49,974",39,13-02-2025,11,3,Thursday
13-02-2025 11:00,"-43,426",-,35,13-02-2025,11,3,Thursday
13-02-2025 12:00,-,"-33,327",52,13-02-2025,12,3,Thursday
13-02-2025 12:00,"-28,366",-,33,13-02-2025,12,3,Thursday
13-02-2025 13:00,-,"-28,993",29,13-02-2025,13,3,Thursday
13-02-2025 13:00,"-24,566",-,21,13-02-2025,13,3,Thursday
13-02-2025 14:00,-,"-46,261",36,13-02-2025,14,3,Thursday
13-02-2025 14:00,"-29,950",-,36,13-02-2025,14,3,Thursday
13-02-2025 15:00,-,"-64,073",92,13-02-2025,15,3,Thursday
13-02-2025 15:00,"-64,528",-,64,13-02-2025,15,3,Thursday
13-02-2025 16:00,-,"-1,15,545",94,13-02-2025,16,3,Thursday
13-02-2025 16:00,"-91,118",-,79,13-02-2025,16,3,Thursday
13-02-2025 17:00,-,"-1,13,324",125,13-02-2025,17,3,Thursday
13-02-2025 17:00,"-1,16,758",-,106,13-02-2025,17,3,Thursday
13-02-2025 18:00,-,"-21,217",12,13-02-2025,18,3,Thursday
13-02-2025 18:00,"-16,795",-,12,13-02-2025,18,3,Thursday
13-02-2025 19:00,-,-,0,13-02-2025,19,3,Thursday
13-02-2025 19:00,-,-,0,13-02-2025,19,3,Thursday
13-02-2025 20:00,-,-,0,13-02-2025,20,3,Thursday
13-02-2025 20:00,-,-,0,13-02-2025,20,3,Thursday
13-02-2025 21:00,-,-,0,13-02-2025,21,3,Thursday
13-02-2025 21:00,-,-,0,13-02-2025,21,3,Thursday
13-02-2025 22:00,-,-,0,13-02-2025,22,3,Thursday
13-02-2025 22:00,-,-,0,13-02-2025,22,3,Thursday
13-02-2025 23:00,-,-,0,13-02-2025,23,3,Thursday
13-02-2025 23:00,-,-,0,13-02-2025,23,3,Thursday
14-02-2025 00:00,-,-,0,14-02-2025,0,4,Friday
14-02-2025 00:00,-,-,0,14-02-2025,0,4,Friday
14-02-2025 01:00,-,-,0,14-02-2025,1,4,Friday
14-02-2025 01:00,-,-,0,14-02-2025,1,4,Friday
14-02-2025 02:00,-,-,0,14-02-2025,2,4,Friday
14-02-2025 02:00,-,-,0,14-02-2025,2,4,Friday
14-02-2025 03:00,-,-,0,14-02-2025,3,4,Friday
14-02-2025 03:00,-,-,0,14-02-2025,3,4,Friday
14-02-2025 04:00,-,-,0,14-02-2025,4,4,Friday
14-02-2025 04:00,-,-,0,14-02-2025,4,4,Friday
14-02-2025 05:00,-,-,0,14-02-2025,5,4,Friday
14-02-2025 05:00,-,-,0,14-02-2025,5,4,Friday
14-02-2025 06:00,-,"-9,199",13,14-02-2025,6,4,Friday
14-02-2025 06:00,"-8,926",-,10,14-02-2025,6,4,Friday
14-02-2025 07:00,-,"-20,171",11,14-02-2025,7,4,Friday
14-02-2025 07:00,"-14,881",-,14,14-02-2025,7,4,Friday
14-02-2025 08:00,-,"-33,158",36,14-02-2025,8,4,Friday
14-02-2025 08:00,"-25,209",-,29,14-02-2025,8,4,Friday
14-02-2025 09:00,-,"-50,922",61,14-02-2025,9,4,Friday
14-02-2025 09:00,"-31,117",-,45,14-02-2025,9,4,Friday
14-02-2025 10:00,-,"-65,155",63,14-02-2025,10,4,Friday
14-02-2025 10:00,"-58,472",-,53,14-02-2025,10,4,Friday
14-02-2025 11:00,-,"-52,837",55,14-02-2025,11,4,Friday
14-02-2025 11:00,"-57,191",-,56,14-02-2025,11,4,Friday
14-02-2025 12:00,-,"-39,721",44,14-02-2025,12,4,Friday
14-02-2025 12:00,"-37,611",-,22,14-02-2025,12,4,Friday
14-02-2025 13:00,-,"-33,391",37,14-02-2025,13,4,Friday
14-02-2025 13:00,"-31,876",-,28,14-02-2025,13,4,Friday
14-02-2025 14:00,-,"-48,466",53,14-02-2025,14,4,Friday
14-02-2025 14:00,"-38,610",-,34,14-02-2025,14,4,Friday
14-02-2025 15:00,-,"-94,948",82,14-02-2025,15,4,Friday
14-02-2025 15:00,"-66,617",-,55,14-02-2025,15,4,Friday
14-02-2025 16:00,-,"-1,09,649",115,14-02-2025,16,4,Friday
14-02-2025 16:00,"-98,406",-,99,14-02-2025,16,4,Friday
14-02-2025 17:00,-,"-1,51,033",161,14-02-2025,17,4,Friday
14-02-2025 17:00,"-1,09,887",-,115,14-02-2025,17,4,Friday
14-02-2025 18:00,-,"-18,754",16,14-02-2025,18,4,Friday
14-02-2025 18:00,"-20,301",-,14,14-02-2025,18,4,Friday
14-02-2025 19:00,-,-,0,14-02-2025,19,4,Friday
14-02-2025 19:00,-,-,0,14-02-2025,19,4,Friday
14-02-2025 20:00,-,-,0,14-02-2025,20,4,Friday
14-02-2025 20:00,-,-,0,14-02-2025,20,4,Friday
14-02-2025 21:00,-,-,0,14-02-2025,21,4,Friday
14-02-2025 21:00,-,-,0,14-02-2025,21,4,Friday
14-02-2025 22:00,-,-,0,14-02-2025,22,4,Friday
14-02-2025 22:00,-,-,0,14-02-2025,22,4,Friday
14-02-2025 23:00,-,-,0,14-02-2025,23,4,Friday
14-02-2025 23:00,-,-,0,14-02-2025,23,4,Friday
15-02-2025 00:00,-,-,0,15-02-2025,0,5,Saturday
15-02-2025 00:00,-,-,0,15-02-2025,0,5,Saturday
15-02-2025 01:00,-,-,0,15-02-2025,1,5,Saturday
15-02-2025 01:00,-,-,0,15-02-2025,1,5,Saturday
15-02-2025 02:00,-,-,0,15-02-2025,2,5,Saturday
15-02-2025 02:00,-,-,0,15-02-2025,2,5,Saturday
15-02-2025 03:00,-,-,0,15-02-2025,3,5,Saturday
15-02-2025 03:00,-,-,0,15-02-2025,3,5,Saturday
15-02-2025 04:00,-,-,0,15-02-2025,4,5,Saturday
15-02-2025 04:00,-,-,0,15-02-2025,4,5,Saturday
15-02-2025 05:00,-,-,0,15-02-2025,5,5,Saturday
15-02-2025 05:00,-,-,0,15-02-2025,5,5,Saturday
15-02-2025 06:00,-,-,0,15-02-2025,6,5,Saturday
15-02-2025 06:00,-,-,0,15-02-2025,6,5,Saturday
15-02-2025 07:00,-,-,0,15-02-2025,7,5,Saturday
15-02-2025 07:00,-,-,0,15-02-2025,7,5,Saturday
15-02-2025 08:00,-,-,0,15-02-2025,8,5,Saturday
15-02-2025 08:00,-,-,0,15-02-2025,8,5,Saturday
15-02-2025 09:00,-,-,0,15-02-2025,9,5,Saturday
15-02-2025 09:00,-,-,0,15-02-2025,9,5,Saturday
15-02-2025 10:00,-,-,0,15-02-2025,10,5,Saturday
15-02-2025 10:00,-,-,0,15-02-2025,10,5,Saturday
15-02-2025 11:00,-,-,0,15-02-2025,11,5,Saturday
15-02-2025 11:00,-,-,0,15-02-2025,11,5,Saturday
15-02-2025 12:00,-,-,0,15-02-2025,12,5,Saturday
15-02-2025 12:00,-,-,0,15-02-2025,12,5,Saturday
15-02-2025 13:00,-,-,0,15-02-2025,13,5,Saturday
15-02-2025 13:00,-,-,0,15-02-2025,13,5,Saturday
15-02-2025 14:00,-,-,0,15-02-2025,14,5,Saturday
15-02-2025 14:00,-,-,0,15-02-2025,14,5,Saturday
15-02-2025 15:00,-,-,0,15-02-2025,15,5,Saturday
15-02-2025 15:00,-,-,0,15-02-2025,15,5,Saturday
15-02-2025 16:00,-,-,0,15-02-2025,16,5,Saturday
15-02-2025 16:00,-,-,0,15-02-2025,16,5,Saturday
15-02-2025 17:00,-,-,0,15-02-2025,17,5,Saturday
15-02-2025 17:00,-,-,0,15-02-2025,17,5,Saturday
15-02-2025 18:00,-,-,0,15-02-2025,18,5,Saturday
15-02-2025 18:00,-,-,0,15-02-2025,18,5,Saturday
15-02-2025 19:00,-,-,0,15-02-2025,19,5,Saturday
15-02-2025 19:00,-,-,0,15-02-2025,19,5,Saturday
15-02-2025 20:00,-,-,0,15-02-2025,20,5,Saturday
15-02-2025 20:00,-,-,0,15-02-2025,20,5,Saturday
15-02-2025 21:00,-,-,0,15-02-2025,21,5,Saturday
15-02-2025 21:00,-,-,0,15-02-2025,21,5,Saturday
15-02-2025 22:00,-,-,0,15-02-2025,22,5,Saturday
15-02-2025 22:00,-,-,0,15-02-2025,22,5,Saturday
15-02-2025 23:00,-,-,0,15-02-2025,23,5,Saturday
15-02-2025 23:00,-,-,0,15-02-2025,23,5,Saturday
16-02-2025 00:00,-,-,0,16-02-2025,0,6,Sunday
16-02-2025 00:00,-,-,0,16-02-2025,0,6,Sunday
16-02-2025 01:00,-,-,0,16-02-2025,1,6,Sunday
16-02-2025 01:00,-,-,0,16-02-2025,1,6,Sunday
16-02-2025 02:00,-,-,0,16-02-2025,2,6,Sunday
16-02-2025 02:00,-,-,0,16-02-2025,2,6,Sunday
16-02-2025 03:00,-,-,0,16-02-2025,3,6,Sunday
16-02-2025 03:00,-,-,0,16-02-2025,3,6,Sunday
16-02-2025 04:00,-,-,0,16-02-2025,4,6,Sunday
16-02-2025 04:00,-,-,0,16-02-2025,4,6,Sunday
16-02-2025 05:00,-,-,0,16-02-2025,5,6,Sunday
16-02-2025 05:00,-,-,0,16-02-2025,5,6,Sunday
16-02-2025 06:00,-,-,0,16-02-2025,6,6,Sunday
16-02-2025 06:00,-,-,0,16-02-2025,6,6,Sunday
16-02-2025 07:00,-,-,0,16-02-2025,7,6,Sunday
16-02-2025 07:00,-,-,0,16-02-2025,7,6,Sunday
16-02-2025 08:00,-,-,0,16-02-2025,8,6,Sunday
16-02-2025 08:00,-,-,0,16-02-2025,8,6,Sunday
16-02-2025 09:00,-,-,0,16-02-2025,9,6,Sunday
16-02-2025 09:00,-,-,0,16-02-2025,9,6,Sunday
16-02-2025 10:00,-,-,0,16-02-2025,10,6,Sunday
16-02-2025 10:00,-,-,0,16-02-2025,10,6,Sunday
16-02-2025 11:00,-,-,0,16-02-2025,11,6,Sunday
16-02-2025 11:00,-,-,0,16-02-2025,11,6,Sunday
16-02-2025 12:00,-,-,0,16-02-2025,12,6,Sunday
16-02-2025 12:00,-,-,0,16-02-2025,12,6,Sunday
16-02-2025 13:00,-,-,0,16-02-2025,13,6,Sunday
16-02-2025 13:00,-,-,0,16-02-2025,13,6,Sunday
16-02-2025 14:00,-,-,0,16-02-2025,14,6,Sunday
16-02-2025 14:00,-,-,0,16-02-2025,14,6,Sunday
16-02-2025 15:00,-,-,0,16-02-2025,15,6,Sunday
16-02-2025 15:00,-,-,0,16-02-2025,15,6,Sunday
16-02-2025 16:00,-,-,0,16-02-2025,16,6,Sunday
16-02-2025 16:00,-,-,0,16-02-2025,16,6,Sunday
16-02-2025 17:00,-,-,0,16-02-2025,17,6,Sunday
16-02-2025 17:00,-,-,0,16-02-2025,17,6,Sunday
16-02-2025 18:00,-,-,0,16-02-2025,18,6,Sunday
16-02-2025 18:00,-,-,0,16-02-2025,18,6,Sunday
16-02-2025 19:00,-,-,0,16-02-2025,19,6,Sunday
16-02-2025 19:00,-,-,0,16-02-2025,19,6,Sunday
16-02-2025 20:00,-,-,0,16-02-2025,20,6,Sunday
16-02-2025 20:00,-,-,0,16-02-2025,20,6,Sunday
16-02-2025 21:00,-,-,0,16-02-2025,21,6,Sunday
16-02-2025 21:00,-,-,0,16-02-2025,21,6,Sunday
16-02-2025 22:00,-,-,0,16-02-2025,22,6,Sunday
16-02-2025 22:00,-,-,0,16-02-2025,22,6,Sunday
16-02-2025 23:00,-,-,0,16-02-2025,23,6,Sunday
16-02-2025 23:00,-,-,0,16-02-2025,23,6,Sunday
17-02-2025 00:00,-,-,0,17-02-2025,0,0,Monday
17-02-2025 00:00,-,-,0,17-02-2025,0,0,Monday
17-02-2025 01:00,-,-,0,17-02-2025,1,0,Monday
17-02-2025 01:00,-,-,0,17-02-2025,1,0,Monday
17-02-2025 02:00,-,-,0,17-02-2025,2,0,Monday
17-02-2025 02:00,-,-,0,17-02-2025,2,0,Monday
17-02-2025 03:00,-,-,0,17-02-2025,3,0,Monday
17-02-2025 03:00,-,-,0,17-02-2025,3,0,Monday
17-02-2025 04:00,-,-,0,17-02-2025,4,0,Monday
17-02-2025 04:00,-,-,0,17-02-2025,4,0,Monday
17-02-2025 05:00,-,-,0,17-02-2025,5,0,Monday
17-02-2025 05:00,-,-,0,17-02-2025,5,0,Monday
17-02-2025 06:00,-,"-10,332",15,17-02-2025,6,0,Monday
17-02-2025 06:00,"-9,467",-,12,17-02-2025,6,0,Monday
17-02-2025 07:00,-,"-18,872",25,17-02-2025,7,0,Monday
17-02-2025 07:00,"-14,984",-,17,17-02-2025,7,0,Monday
17-02-2025 08:00,-,"-38,658",42,17-02-2025,8,0,Monday
17-02-2025 08:00,"-29,158",-,36,17-02-2025,8,0,Monday
17-02-2025 09:00,-,"-64,009",63,17-02-2025,9,0,Monday
17-02-2025 09:00,"-36,387",-,33,17-02-2025,9,0,Monday
17-02-2025 10:00,-,"-64,687",64,17-02-2025,10,0,Monday
17-02-2025 10:00,"-64,638",-,70,17-02-2025,10,0,Monday
17-02-2025 11:00,-,"-46,723",46,17-02-2025,11,0,Monday
17-02-2025 11:00,"-52,949",-,54,17-02-2025,11,0,Monday
17-02-2025 12:00,-,"-44,286",37,17-02-2025,12,0,Monday
17-02-2025 12:00,"-35,113",-,31,17-02-2025,12,0,Monday
17-02-2025 13:00,-,"-44,380",34,17-02-2025,13,0,Monday
17-02-2025 13:00,"-32,166",-,35,17-02-2025,13,0,Monday
17-02-2025 14:00,-,"-53,687",49,17-02-2025,14,0,Monday
17-02-2025 14:00,"-42,901",-,47,17-02-2025,14,0,Monday
17-02-2025 15:00,-,"-94,857",89,17-02-2025,15,0,Monday
17-02-2025 15:00,"-79,667",-,78,17-02-2025,15,0,Monday
17-02-2025 16:00,-,"-1,13,169",111,17-02-2025,16,0,Monday
17-02-2025 16:00,"-1,03,770",-,113,17-02-2025,16,0,Monday
17-02-2025 17:00,-,"-1,52,456",170,17-02-2025,17,0,Monday
17-02-2025 17:00,"-1,40,003",-,126,17-02-2025,17,0,Monday
17-02-2025 18:00,-,"-23,825",14,17-02-2025,18,0,Monday
17-02-2025 18:00,"-18,334",-,21,17-02-2025,18,0,Monday
17-02-2025 19:00,-,-,0,17-02-2025,19,0,Monday
17-02-2025 19:00,-,-,0,17-02-2025,19,0,Monday
17-02-2025 20:00,-,-,0,17-02-2025,20,0,Monday
17-02-2025 20:00,-,-,0,17-02-2025,20,0,Monday
17-02-2025 21:00,-,-,0,17-02-2025,21,0,Monday
17-02-2025 21:00,-,-,0,17-02-2025,21,0,Monday
17-02-2025 22:00,-,-,0,17-02-2025,22,0,Monday
17-02-2025 22:00,-,-,0,17-02-2025,22,0,Monday
17-02-2025 23:00,-,-,0,17-02-2025,23,0,Monday
17-02-2025 23:00,-,-,0,17-02-2025,23,0,Monday
18-02-2025 00:00,-,-,0,18-02-2025,0,1,Tuesday
18-02-2025 00:00,-,-,0,18-02-2025,0,1,Tuesday
18-02-2025 01:00,-,-,0,18-02-2025,1,1,Tuesday
18-02-2025 01:00,-,-,0,18-02-2025,1,1,Tuesday
18-02-2025 02:00,-,-,0,18-02-2025,2,1,Tuesday
18-02-2025 02:00,-,-,0,18-02-2025,2,1,Tuesday
18-02-2025 03:00,-,-,0,18-02-2025,3,1,Tuesday
18-02-2025 03:00,-,-,0,18-02-2025,3,1,Tuesday
18-02-2025 04:00,-,-,0,18-02-2025,4,1,Tuesday
18-02-2025 04:00,-,-,0,18-02-2025,4,1,Tuesday
18-02-2025 05:00,-,-,0,18-02-2025,5,1,Tuesday
18-02-2025 05:00,-,-,0,18-02-2025,5,1,Tuesday
18-02-2025 06:00,-,"-10,356",10,18-02-2025,6,1,Tuesday
18-02-2025 06:00,"-8,816",-,7,18-02-2025,6,1,Tuesday
18-02-2025 07:00,-,"-17,790",14,18-02-2025,7,1,Tuesday
18-02-2025 07:00,"-14,403",-,7,18-02-2025,7,1,Tuesday
18-02-2025 08:00,-,"-25,722",29,18-02-2025,8,1,Tuesday
18-02-2025 08:00,"-20,685",-,21,18-02-2025,8,1,Tuesday
18-02-2025 09:00,-,"-51,924",46,18-02-2025,9,1,Tuesday
18-02-2025 09:00,"-27,007",-,34,18-02-2025,9,1,Tuesday
18-02-2025 10:00,-,"-60,547",54,18-02-2025,10,1,Tuesday
18-02-2025 10:00,"-44,784",-,58,18-02-2025,10,1,Tuesday
18-02-2025 11:00,-,"-47,374",49,18-02-2025,11,1,Tuesday
18-02-2025 11:00,"-48,307",-,53,18-02-2025,11,1,Tuesday
18-02-2025 12:00,-,"-35,560",27,18-02-2025,12,1,Tuesday
18-02-2025 12:00,"-26,382",-,33,18-02-2025,12,1,Tuesday
18-02-2025 13:00,-,"-35,021",39,18-02-2025,13,1,Tuesday
18-02-2025 13:00,"-27,620",-,31,18-02-2025,13,1,Tuesday
18-02-2025 14:00,-,"-42,170",50,18-02-2025,14,1,Tuesday
18-02-2025 14:00,"-36,548",-,27,18-02-2025,14,1,Tuesday
18-02-2025 15:00,-,"-68,930",67,18-02-2025,15,1,Tuesday
18-02-2025 15:00,"-60,383",-,55,18-02-2025,15,1,Tuesday
18-02-2025 16:00,-,"-91,906",117,18-02-2025,16,1,Tuesday
18-02-2025 16:00,"-82,783",-,69,18-02-2025,16,1,Tuesday
18-02-2025 17:00,-,"-1,32,493",133,18-02-2025,17,1,Tuesday
18-02-2025 17:00,"-95,672",-,96,18-02-2025,17,1,Tuesday
18-02-2025 18:00,-,"-17,734",27,18-02-2025,18,1,Tuesday
18-02-2025 18:00,"-16,764",-,13,18-02-2025,18,1,Tuesday
18-02-2025 19:00,-,-,0,18-02-2025,19,1,Tuesday
18-02-2025 19:00,-,-,0,18-02-2025,19,1,Tuesday
18-02-2025 20:00,-,-,0,18-02-2025,20,1,Tuesday
18-02-2025 20:00,-,-,0,18-02-2025,20,1,Tuesday
18-02-2025 21:00,-,-,0,18-02-2025,21,1,Tuesday
18-02-2025 21:00,-,-,0,18-02-2025,21,1,Tuesday
18-02-2025 22:00,-,-,0,18-02-2025,22,1,Tuesday
18-02-2025 22:00,-,-,0,18-02-2025,22,1,Tuesday
18-02-2025 23:00,-,-,0,18-02-2025,23,1,Tuesday
18-02-2025 23:00,-,-,0,18-02-2025,23,1,Tuesday
19-02-2025 00:00,-,-,0,19-02-2025,0,2,Wednesday
19-02-2025 00:00,-,-,0,19-02-2025,0,2,Wednesday
19-02-2025 01:00,-,-,0,19-02-2025,1,2,Wednesday
19-02-2025 01:00,-,-,0,19-02-2025,1,2,Wednesday
19-02-2025 02:00,-,-,0,19-02-2025,2,2,Wednesday
19-02-2025 02:00,-,-,0,19-02-2025,2,2,Wednesday
19-02-2025 03:00,-,-,0,19-02-2025,3,2,Wednesday
19-02-2025 03:00,-,-,0,19-02-2025,3,2,Wednesday
19-02-2025 04:00,-,-,0,19-02-2025,4,2,Wednesday
19-02-2025 04:00,-,-,0,19-02-2025,4,2,Wednesday
19-02-2025 05:00,-,-,0,19-02-2025,5,2,Wednesday
19-02-2025 05:00,-,-,0,19-02-2025,5,2,Wednesday
19-02-2025 06:00,-,"-9,170",10,19-02-2025,6,2,Wednesday
19-02-2025 06:00,"-8,820",-,2,19-02-2025,6,2,Wednesday
19-02-2025 07:00,-,"-13,442",12,19-02-2025,7,2,Wednesday
19-02-2025 07:00,"-14,775",-,15,19-02-2025,7,2,Wednesday
19-02-2025 08:00,-,"-31,457",36,19-02-2025,8,2,Wednesday
19-02-2025 08:00,"-24,306",-,29,19-02-2025,8,2,Wednesday
19-02-2025 09:00,-,"-55,956",35,19-02-2025,9,2,Wednesday
19-02-2025 09:00,"-34,594",-,29,19-02-2025,9,2,Wednesday
19-02-2025 10:00,-,"-59,219",54,19-02-2025,10,2,Wednesday
19-02-2025 10:00,"-49,324",-,42,19-02-2025,10,2,Wednesday
19-02-2025 11:00,-,"-41,226",50,19-02-2025,11,2,Wednesday
19-02-2025 11:00,"-41,048",-,51,19-02-2025,11,2,Wednesday
19-02-2025 12:00,-,"-37,020",39,19-02-2025,12,2,Wednesday
19-02-2025 12:00,"-30,125",-,31,19-02-2025,12,2,Wednesday
19-02-2025 13:00,-,"-31,957",38,19-02-2025,13,2,Wednesday
19-02-2025 13:00,"-25,522",-,25,19-02-2025,13,2,Wednesday
19-02-2025 14:00,-,"-45,770",35,19-02-2025,14,2,Wednesday
19-02-2025 14:00,"-34,604",-,45,19-02-2025,14,2,Wednesday
19-02-2025 15:00,-,"-75,048",81,19-02-2025,15,2,Wednesday
19-02-2025 15:00,"-65,015",-,45,19-02-2025,15,2,Wednesday
19-02-2025 16:00,-,"-1,14,836",107,19-02-2025,16,2,Wednesday
19-02-2025 16:00,"-90,713",-,75,19-02-2025,16,2,Wednesday
19-02-2025 17:00,-,"-1,13,477",128,19-02-2025,17,2,Wednesday
19-02-2025 17:00,"-1,06,027",-,91,19-02-2025,17,2,Wednesday
19-02-2025 18:00,-,"-18,468",14,19-02-2025,18,2,Wednesday
19-02-2025 18:00,"-17,166",-,11,19-02-2025,18,2,Wednesday
19-02-2025 19:00,-,-,0,19-02-2025,19,2,Wednesday
19-02-2025 19:00,-,-,0,19-02-2025,19,2,Wednesday
19-02-2025 20:00,-,-,0,19-02-2025,20,2,Wednesday
19-02-2025 20:00,-,-,0,19-02-2025,20,2,Wednesday
19-02-2025 21:00,-,-,0,19-02-2025,21,2,Wednesday
19-02-2025 21:00,-,-,0,19-02-2025,21,2,Wednesday
19-02-2025 22:00,-,-,0,19-02-2025,22,2,Wednesday
19-02-2025 22:00,-,-,0,19-02-2025,22,2,Wednesday
19-02-2025 23:00,-,-,0,19-02-2025,23,2,Wednesday
19-02-2025 23:00,-,-,0,19-02-2025,23,2,Wednesday
20-02-2025 00:00,-,-,0,20-02-2025,0,3,Thursday
20-02-2025 00:00,-,-,0,20-02-2025,0,3,Thursday
20-02-2025 01:00,-,-,0,20-02-2025,1,3,Thursday
20-02-2025 01:00,-,-,0,20-02-2025,1,3,Thursday
20-02-2025 02:00,-,-,0,20-02-2025,2,3,Thursday
20-02-2025 02:00,-,-,0,20-02-2025,2,3,Thursday
20-02-2025 03:00,-,-,0,20-02-2025,3,3,Thursday
20-02-2025 03:00,-,-,0,20-02-2025,3,3,Thursday
20-02-2025 04:00,-,-,0,20-02-2025,4,3,Thursday
20-02-2025 04:00,-,-,0,20-02-2025,4,3,Thursday
20-02-2025 05:00,-,-,0,20-02-2025,5,3,Thursday
20-02-2025 05:00,-,-,0,20-02-2025,5,3,Thursday
20-02-2025 06:00,-,"-8,101",14,20-02-2025,6,3,Thursday
20-02-2025 06:00,"-7,233",-,6,20-02-2025,6,3,Thursday
20-02-2025 07:00,-,"-14,600",12,20-02-2025,7,3,Thursday
20-02-2025 07:00,"-11,467",-,13,20-02-2025,7,3,Thursday
20-02-2025 08:00,-,"-32,084",25,20-02-2025,8,3,Thursday
20-02-2025 08:00,"-22,944",-,33,20-02-2025,8,3,Thursday
20-02-2025 09:00,-,"-44,720",36,20-02-2025,9,3,Thursday
20-02-2025 09:00,"-27,887",-,31,20-02-2025,9,3,Thursday
20-02-2025 10:00,-,"-69,474",52,20-02-2025,10,3,Thursday
20-02-2025 10:00,"-56,086",-,50,20-02-2025,10,3,Thursday
20-02-2025 11:00,-,"-40,174",40,20-02-2025,11,3,Thursday
20-02-2025 11:00,"-45,962",-,39,20-02-2025,11,3,Thursday
20-02-2025 12:00,-,"-31,339",37,20-02-2025,12,3,Thursday
20-02-2025 12:00,"-27,669",-,34,20-02-2025,12,3,Thursday
20-02-2025 13:00,-,"-27,294",38,20-02-2025,13,3,Thursday
20-02-2025 13:00,"-26,902",-,26,20-02-2025,13,3,Thursday
20-02-2025 14:00,-,"-41,541",47,20-02-2025,14,3,Thursday
20-02-2025 14:00,"-35,596",-,34,20-02-2025,14,3,Thursday
20-02-2025 15:00,-,"-63,858",67,20-02-2025,15,3,Thursday
20-02-2025 15:00,"-67,750",-,61,20-02-2025,15,3,Thursday
20-02-2025 16:00,-,"-1,00,135",80,20-02-2025,16,3,Thursday
20-02-2025 16:00,"-90,104",-,92,20-02-2025,16,3,Thursday
20-02-2025 17:00,-,"-1,14,885",131,20-02-2025,17,3,Thursday
20-02-2025 17:00,"-1,18,078",-,104,20-02-2025,17,3,Thursday
20-02-2025 18:00,-,"-17,008",25,20-02-2025,18,3,Thursday
20-02-2025 18:00,"-15,804",-,16,20-02-2025,18,3,Thursday
20-02-2025 19:00,-,-,0,20-02-2025,19,3,Thursday
20-02-2025 19:00,-,-,0,20-02-2025,19,3,Thursday
20-02-2025 20:00,-,-,0,20-02-2025,20,3,Thursday
20-02-2025 20:00,-,-,0,20-02-2025,20,3,Thursday
20-02-2025 21:00,-,-,0,20-02-2025,21,3,Thursday
20-02-2025 21:00,-,-,0,20-02-2025,21,3,Thursday
20-02-2025 22:00,-,-,0,20-02-2025,22,3,Thursday
20-02-2025 22:00,-,-,0,20-02-2025,22,3,Thursday
20-02-2025 23:00,-,-,0,20-02-2025,23,3,Thursday
20-02-2025 23:00,-,-,0,20-02-2025,23,3,Thursday
21-02-2025 00:00,-,-,0,21-02-2025,0,4,Friday
21-02-2025 00:00,-,-,0,21-02-2025,0,4,Friday
21-02-2025 01:00,-,-,0,21-02-2025,1,4,Friday
21-02-2025 01:00,-,-,0,21-02-2025,1,4,Friday
21-02-2025 02:00,-,-,0,21-02-2025,2,4,Friday
21-02-2025 02:00,-,-,0,21-02-2025,2,4,Friday
21-02-2025 03:00,-,-,0,21-02-2025,3,4,Friday
21-02-2025 03:00,-,-,0,21-02-2025,3,4,Friday
21-02-2025 04:00,-,-,0,21-02-2025,4,4,Friday
21-02-2025 04:00,-,-,0,21-02-2025,4,4,Friday
21-02-2025 05:00,-,-,0,21-02-2025,5,4,Friday
21-02-2025 05:00,-,-,0,21-02-2025,5,4,Friday
21-02-2025 06:00,-,"-10,316",11,21-02-2025,6,4,Friday
21-02-2025 06:00,"-9,324",-,9,21-02-2025,6,4,Friday
21-02-2025 07:00,-,"-16,485",18,21-02-2025,7,4,Friday
21-02-2025 07:00,"-15,916",-,16,21-02-2025,7,4,Friday
21-02-2025 08:00,-,"-29,243",25,21-02-2025,8,4,Friday
21-02-2025 08:00,"-24,724",-,24,21-02-2025,8,4,Friday
21-02-2025 09:00,-,"-63,144",64,21-02-2025,9,4,Friday
21-02-2025 09:00,"-39,686",-,29,21-02-2025,9,4,Friday
21-02-2025 10:00,-,"-71,157",67,21-02-2025,10,4,Friday
21-02-2025 10:00,"-53,431",-,68,21-02-2025,10,4,Friday
21-02-2025 11:00,-,"-45,985",54,21-02-2025,11,4,Friday
21-02-2025 11:00,"-51,330",-,65,21-02-2025,11,4,Friday
21-02-2025 12:00,-,"-42,431",45,21-02-2025,12,4,Friday
21-02-2025 12:00,"-31,905",-,26,21-02-2025,12,4,Friday
21-02-2025 13:00,-,"-40,408",26,21-02-2025,13,4,Friday
21-02-2025 13:00,"-34,080",-,25,21-02-2025,13,4,Friday
21-02-2025 14:00,-,"-50,290",46,21-02-2025,14,4,Friday
21-02-2025 14:00,"-38,638",-,32,21-02-2025,14,4,Friday
21-02-2025 15:00,-,"-92,209",92,21-02-2025,15,4,Friday
21-02-2025 15:00,"-64,743",-,62,21-02-2025,15,4,Friday
21-02-2025 16:00,-,"-1,20,637",111,21-02-2025,16,4,Friday
21-02-2025 16:00,"-98,707",-,115,21-02-2025,16,4,Friday
21-02-2025 17:00,-,"-1,42,079",113,21-02-2025,17,4,Friday
21-02-2025 17:00,"-1,06,350",-,116,21-02-2025,17,4,Friday
21-02-2025 18:00,-,"-22,978",18,21-02-2025,18,4,Friday
21-02-2025 18:00,"-17,019",-,12,21-02-2025,18,4,Friday
21-02-2025 19:00,-,-,0,21-02-2025,19,4,Friday
21-02-2025 19:00,-,-,0,21-02-2025,19,4,Friday
21-02-2025 20:00,-,-,0,21-02-2025,20,4,Friday
21-02-2025 20:00,-,-,0,21-02-2025,20,4,Friday
21-02-2025 21:00,-,-,0,21-02-2025,21,4,Friday
21-02-2025 21:00,-,-,0,21-02-2025,21,4,Friday
21-02-2025 22:00,-,-,0,21-02-2025,22,4,Friday
21-02-2025 22:00,-,-,0,21-02-2025,22,4,Friday
21-02-2025 23:00,-,-,0,21-02-2025,23,4,Friday
21-02-2025 23:00,-,-,0,21-02-2025,23,4,Friday
22-02-2025 00:00,-,-,0,22-02-2025,0,5,Saturday
22-02-2025 00:00,-,-,0,22-02-2025,0,5,Saturday
22-02-2025 01:00,-,-,0,22-02-2025,1,5,Saturday
22-02-2025 01:00,-,-,0,22-02-2025,1,5,Saturday
22-02-2025 02:00,-,-,0,22-02-2025,2,5,Saturday
22-02-2025 02:00,-,-,0,22-02-2025,2,5,Saturday
22-02-2025 03:00,-,-,0,22-02-2025,3,5,Saturday
22-02-2025 03:00,-,-,0,22-02-2025,3,5,Saturday
22-02-2025 04:00,-,-,0,22-02-2025,4,5,Saturday
22-02-2025 04:00,-,-,0,22-02-2025,4,5,Saturday
22-02-2025 05:00,-,-,0,22-02-2025,5,5,Saturday
22-02-2025 05:00,-,-,0,22-02-2025,5,5,Saturday
22-02-2025 06:00,-,-,0,22-02-2025,6,5,Saturday
22-02-2025 06:00,-,-,0,22-02-2025,6,5,Saturday
22-02-2025 07:00,-,-,0,22-02-2025,7,5,Saturday
22-02-2025 07:00,-,-,0,22-02-2025,7,5,Saturday
22-02-2025 08:00,-,-,0,22-02-2025,8,5,Saturday
22-02-2025 08:00,-,-,0,22-02-2025,8,5,Saturday
22-02-2025 09:00,-,-,0,22-02-2025,9,5,Saturday
22-02-2025 09:00,-,-,0,22-02-2025,9,5,Saturday
22-02-2025 10:00,-,-,0,22-02-2025,10,5,Saturday
22-02-2025 10:00,-,-,0,22-02-2025,10,5,Saturday
22-02-2025 11:00,-,-,0,22-02-2025,11,5,Saturday
22-02-2025 11:00,-,-,0,22-02-2025,11,5,Saturday
22-02-2025 12:00,-,-,0,22-02-2025,12,5,Saturday
22-02-2025 12:00,-,-,0,22-02-2025,12,5,Saturday
22-02-2025 13:00,-,-,0,22-02-2025,13,5,Saturday
22-02-2025 13:00,-,-,0,22-02-2025,13,5,Saturday
22-02-2025 14:00,-,-,0,22-02-2025,14,5,Saturday
22-02-2025 14:00,-,-,0,22-02-2025,14,5,Saturday
22-02-2025 15:00,-,-,0,22-02-2025,15,5,Saturday
22-02-2025 15:00,-,-,0,22-02-2025,15,5,Saturday
22-02-2025 16:00,-,-,0,22-02-2025,16,5,Saturday
22-02-2025 16:00,-,-,0,22-02-2025,16,5,Saturday
22-02-2025 17:00,-,-,0,22-02-2025,17,5,Saturday
22-02-2025 17:00,-,-,0,22-02-2025,17,5,Saturday
22-02-2025 18:00,-,-,0,22-02-2025,18,5,Saturday
22-02-2025 18:00,-,-,0,22-02-2025,18,5,Saturday
22-02-2025 19:00,-,-,0,22-02-2025,19,5,Saturday
22-02-2025 19:00,-,-,0,22-02-2025,19,5,Saturday
22-02-2025 20:00,-,-,0,22-02-2025,20,5,Saturday
22-02-2025 20:00,-,-,0,22-02-2025,20,5,Saturday
22-02-2025 21:00,-,-,0,22-02-2025,21,5,Saturday
22-02-2025 21:00,-,-,0,22-02-2025,21,5,Saturday
22-02-2025 22:00,-,-,0,22-02-2025,22,5,Saturday
22-02-2025 22:00,-,-,0,22-02-2025,22,5,Saturday
22-02-2025 23:00,-,-,0,22-02-2025,23,5,Saturday
22-02-2025 23:00,-,-,0,22-02-2025,23,5,Saturday
23-02-2025 00:00,-,-,0,23-02-2025,0,6,Sunday
23-02-2025 00:00,-,-,0,23-02-2025,0,6,Sunday
23-02-2025 01:00,-,-,0,23-02-2025,1,6,Sunday
23-02-2025 01:00,-,-,0,23-02-2025,1,6,Sunday
23-02-2025 02:00,-,-,0,23-02-2025,2,6,Sunday
23-02-2025 02:00,-,-,0,23-02-2025,2,6,Sunday
23-02-2025 03:00,-,-,0,23-02-2025,3,6,Sunday
23-02-2025 03:00,-,-,0,23-02-2025,3,6,Sunday
23-02-2025 04:00,-,-,0,23-02-2025,4,6,Sunday
23-02-2025 04:00,-,-,0,23-02-2025,4,6,Sunday
23-02-2025 05:00,-,-,0,23-02-2025,5,6,Sunday
23-02-2025 05:00,-,-,0,23-02-2025,5,6,Sunday
23-02-2025 06:00,-,-,0,23-02-2025,6,6,Sunday
23-02-2025 06:00,-,-,0,23-02-2025,6,6,Sunday
23-02-2025 07:00,-,-,0,23-02-2025,7,6,Sunday
23-02-2025 07:00,-,-,0,23-02-2025,7,6,Sunday
23-02-2025 08:00,-,-,0,23-02-2025,8,6,Sunday
23-02-2025 08:00,-,-,0,23-02-2025,8,6,Sunday
23-02-2025 09:00,-,-,0,23-02-2025,9,6,Sunday
23-02-2025 09:00,-,-,0,23-02-2025,9,6,Sunday
23-02-2025 10:00,-,-,0,23-02-2025,10,6,Sunday
23-02-2025 10:00,-,-,0,23-02-2025,10,6,Sunday
23-02-2025 11:00,-,-,0,23-02-2025,11,6,Sunday
23-02-2025 11:00,-,-,0,23-02-2025,11,6,Sunday
23-02-2025 12:00,-,-,0,23-02-2025,12,6,Sunday
23-02-2025 12:00,-,-,0,23-02-2025,12,6,Sunday
23-02-2025 13:00,-,-,0,23-02-2025,13,6,Sunday
23-02-2025 13:00,-,-,0,23-02-2025,13,6,Sunday
23-02-2025 14:00,-,-,0,23-02-2025,14,6,Sunday
23-02-2025 14:00,-,-,0,23-02-2025,14,6,Sunday
23-02-2025 15:00,-,-,0,23-02-2025,15,6,Sunday
23-02-2025 15:00,-,-,0,23-02-2025,15,6,Sunday
23-02-2025 16:00,-,-,0,23-02-2025,16,6,Sunday
23-02-2025 16:00,-,-,0,23-02-2025,16,6,Sunday
23-02-2025 17:00,-,-,0,23-02-2025,17,6,Sunday
23-02-2025 17:00,-,-,0,23-02-2025,17,6,Sunday
23-02-2025 18:00,-,-,0,23-02-2025,18,6,Sunday
23-02-2025 18:00,-,-,0,23-02-2025,18,6,Sunday
23-02-2025 19:00,-,-,0,23-02-2025,19,6,Sunday
23-02-2025 19:00,-,-,0,23-02-2025,19,6,Sunday
23-02-2025 20:00,-,-,0,23-02-2025,20,6,Sunday
23-02-2025 20:00,-,-,0,23-02-2025,20,6,Sunday
23-02-2025 21:00,-,-,0,23-02-2025,21,6,Sunday
23-02-2025 21:00,-,-,0,23-02-2025,21,6,Sunday
23-02-2025 22:00,-,-,0,23-02-2025,22,6,Sunday
23-02-2025 22:00,-,-,0,23-02-2025,22,6,Sunday
23-02-2025 23:00,-,-,0,23-02-2025,23,6,Sunday
23-02-2025 23:00,-,-,0,23-02-2025,23,6,Sunday
24-02-2025 00:00,-,-,0,24-02-2025,0,0,Monday
24-02-2025 00:00,-,-,0,24-02-2025,0,0,Monday
24-02-2025 01:00,-,-,0,24-02-2025,1,0,Monday
24-02-2025 01:00,-,-,0,24-02-2025,1,0,Monday
24-02-2025 02:00,-,-,0,24-02-2025,2,0,Monday
24-02-2025 02:00,-,-,0,24-02-2025,2,0,Monday
24-02-2025 03:00,-,-,0,24-02-2025,3,0,Monday
24-02-2025 03:00,-,-,0,24-02-2025,3,0,Monday
24-02-2025 04:00,-,-,0,24-02-2025,4,0,Monday
24-02-2025 04:00,-,-,0,24-02-2025,4,0,Monday
24-02-2025 05:00,-,-,0,24-02-2025,5,0,Monday
24-02-2025 05:00,-,-,0,24-02-2025,5,0,Monday
24-02-2025 06:00,-,"-12,758",8,24-02-2025,6,0,Monday
24-02-2025 06:00,"-10,870",-,10,24-02-2025,6,0,Monday
24-02-2025 07:00,-,"-17,946",20,24-02-2025,7,0,Monday
24-02-2025 07:00,"-18,784",-,14,24-02-2025,7,0,Monday
24-02-2025 08:00,-,"-36,979",31,24-02-2025,8,0,Monday
24-02-2025 08:00,"-33,684",-,27,24-02-2025,8,0,Monday
24-02-2025 09:00,-,"-56,778",72,24-02-2025,9,0,Monday
24-02-2025 09:00,"-45,422",-,44,24-02-2025,9,0,Monday
24-02-2025 10:00,-,"-66,443",71,24-02-2025,10,0,Monday
24-02-2025 10:00,"-61,326",-,63,24-02-2025,10,0,Monday
24-02-2025 11:00,-,"-61,620",47,24-02-2025,11,0,Monday
24-02-2025 11:00,"-53,984",-,45,24-02-2025,11,0,Monday
24-02-2025 12:00,-,"-48,924",45,24-02-2025,12,0,Monday
24-02-2025 12:00,"-33,541",-,35,24-02-2025,12,0,Monday
24-02-2025 13:00,-,"-41,938",38,24-02-2025,13,0,Monday
24-02-2025 13:00,"-37,003",-,38,24-02-2025,13,0,Monday
24-02-2025 14:00,-,"-43,940",58,24-02-2025,14,0,Monday
24-02-2025 14:00,"-41,643",-,46,24-02-2025,14,0,Monday
24-02-2025 15:00,-,"-96,490",107,24-02-2025,15,0,Monday
24-02-2025 15:00,"-69,914",-,71,24-02-2025,15,0,Monday
24-02-2025 16:00,-,"-1,39,334",121,24-02-2025,16,0,Monday
24-02-2025 16:00,"-1,08,262",-,93,24-02-2025,16,0,Monday
24-02-2025 17:00,-,"-1,42,971",144,24-02-2025,17,0,Monday
24-02-2025 17:00,"-1,15,742",-,132,24-02-2025,17,0,Monday
24-02-2025 18:00,-,"-26,224",17,24-02-2025,18,0,Monday
24-02-2025 18:00,"-20,742",-,18,24-02-2025,18,0,Monday
24-02-2025 19:00,-,-,0,24-02-2025,19,0,Monday
24-02-2025 19:00,-,-,0,24-02-2025,19,0,Monday
24-02-2025 20:00,-,-,0,24-02-2025,20,0,Monday
24-02-2025 20:00,-,-,0,24-02-2025,20,0,Monday
24-02-2025 21:00,-,-,0,24-02-2025,21,0,Monday
24-02-2025 21:00,-,-,0,24-02-2025,21,0,Monday
24-02-2025 22:00,-,-,0,24-02-2025,22,0,Monday
24-02-2025 22:00,-,-,0,24-02-2025,22,0,Monday
24-02-2025 23:00,-,-,0,24-02-2025,23,0,Monday
24-02-2025 23:00,-,-,0,24-02-2025,23,0,Monday
25-02-2025 00:00,-,-,0,25-02-2025,0,1,Tuesday
25-02-2025 00:00,-,-,0,25-02-2025,0,1,Tuesday
25-02-2025 01:00,-,-,0,25-02-2025,1,1,Tuesday
25-02-2025 01:00,-,-,0,25-02-2025,1,1,Tuesday
25-02-2025 02:00,-,-,0,25-02-2025,2,1,Tuesday
25-02-2025 02:00,-,-,0,25-02-2025,2,1,Tuesday
25-02-2025 03:00,-,-,0,25-02-2025,3,1,Tuesday
25-02-2025 03:00,-,-,0,25-02-2025,3,1,Tuesday
25-02-2025 04:00,-,-,0,25-02-2025,4,1,Tuesday
25-02-2025 04:00,-,-,0,25-02-2025,4,1,Tuesday
25-02-2025 05:00,-,-,0,25-02-2025,5,1,Tuesday
25-02-2025 05:00,-,-,0,25-02-2025,5,1,Tuesday
25-02-2025 06:00,-,"-9,575",10,25-02-2025,6,1,Tuesday
25-02-2025 06:00,"-6,809",-,6,25-02-2025,6,1,Tuesday
25-02-2025 07:00,-,"-13,743",17,25-02-2025,7,1,Tuesday
25-02-2025 07:00,"-12,393",-,9,25-02-2025,7,1,Tuesday
25-02-2025 08:00,-,"-24,312",26,25-02-2025,8,1,Tuesday
25-02-2025 08:00,"-21,810",-,27,25-02-2025,8,1,Tuesday
25-02-2025 09:00,-,"-49,805",51,25-02-2025,9,1,Tuesday
25-02-2025 09:00,"-34,727",-,29,25-02-2025,9,1,Tuesday
25-02-2025 10:00,-,"-58,331",60,25-02-2025,10,1,Tuesday
25-02-2025 10:00,"-46,986",-,59,25-02-2025,10,1,Tuesday
25-02-2025 11:00,-,"-43,445",33,25-02-2025,11,1,Tuesday
25-02-2025 11:00,"-46,332",-,56,25-02-2025,11,1,Tuesday
25-02-2025 12:00,-,"-32,294",32,25-02-2025,12,1,Tuesday
25-02-2025 12:00,"-32,818",-,39,25-02-2025,12,1,Tuesday
25-02-2025 13:00,-,"-26,825",34,25-02-2025,13,1,Tuesday
25-02-2025 13:00,"-23,716",-,26,25-02-2025,13,1,Tuesday
25-02-2025 14:00,-,"-35,308",42,25-02-2025,14,1,Tuesday
25-02-2025 14:00,"-35,481",-,33,25-02-2025,14,1,Tuesday
25-02-2025 15:00,-,"-63,738",90,25-02-2025,15,1,Tuesday
25-02-2025 15:00,"-59,982",-,58,25-02-2025,15,1,Tuesday
25-02-2025 16:00,-,"-93,957",105,25-02-2025,16,1,Tuesday
25-02-2025 16:00,"-83,565",-,72,25-02-2025,16,1,Tuesday
25-02-2025 17:00,-,"-1,05,987",127,25-02-2025,17,1,Tuesday
25-02-2025 17:00,"-92,359",-,100,25-02-2025,17,1,Tuesday
25-02-2025 18:00,-,"-18,266",23,25-02-2025,18,1,Tuesday
25-02-2025 18:00,"-15,851",-,16,25-02-2025,18,1,Tuesday
25-02-2025 19:00,-,-,0,25-02-2025,19,1,Tuesday
25-02-2025 19:00,-,-,0,25-02-2025,19,1,Tuesday
25-02-2025 20:00,-,-,0,25-02-2025,20,1,Tuesday
25-02-2025 20:00,-,-,0,25-02-2025,20,1,Tuesday
25-02-2025 21:00,-,-,0,25-02-2025,21,1,Tuesday
25-02-2025 21:00,-,-,0,25-02-2025,21,1,Tuesday
25-02-2025 22:00,-,-,0,25-02-2025,22,1,Tuesday
25-02-2025 22:00,-,-,0,25-02-2025,22,1,Tuesday
25-02-2025 23:00,-,-,0,25-02-2025,23,1,Tuesday
25-02-2025 23:00,-,-,0,25-02-2025,23,1,Tuesday
26-02-2025 00:00,-,-,0,26-02-2025,0,2,Wednesday
26-02-2025 00:00,-,-,0,26-02-2025,0,2,Wednesday
26-02-2025 01:00,-,-,0,26-02-2025,1,2,Wednesday
26-02-2025 01:00,-,-,0,26-02-2025,1,2,Wednesday
26-02-2025 02:00,-,-,0,26-02-2025,2,2,Wednesday
26-02-2025 02:00,-,-,0,26-02-2025,2,2,Wednesday
26-02-2025 03:00,-,-,0,26-02-2025,3,2,Wednesday
26-02-2025 03:00,-,-,0,26-02-2025,3,2,Wednesday
26-02-2025 04:00,-,-,0,26-02-2025,4,2,Wednesday
26-02-2025 04:00,-,-,0,26-02-2025,4,2,Wednesday
26-02-2025 05:00,-,-,0,26-02-2025,5,2,Wednesday
26-02-2025 05:00,-,-,0,26-02-2025,5,2,Wednesday
26-02-2025 06:00,-,"-9,167",18,26-02-2025,6,2,Wednesday
26-02-2025 06:00,"-7,378",-,9,26-02-2025,6,2,Wednesday
26-02-2025 07:00,-,"-16,668",26,26-02-2025,7,2,Wednesday
26-02-2025 07:00,"-14,409",-,11,26-02-2025,7,2,Wednesday
26-02-2025 08:00,-,"-30,466",39,26-02-2025,8,2,Wednesday
26-02-2025 08:00,"-21,054",-,26,26-02-2025,8,2,Wednesday
26-02-2025 09:00,-,"-50,464",62,26-02-2025,9,2,Wednesday
26-02-2025 09:00,"-32,121",-,27,26-02-2025,9,2,Wednesday
26-02-2025 10:00,-,"-54,833",59,26-02-2025,10,2,Wednesday
26-02-2025 10:00,"-57,626",-,50,26-02-2025,10,2,Wednesday
26-02-2025 11:00,-,"-38,441",33,26-02-2025,11,2,Wednesday
26-02-2025 11:00,"-44,211",-,50,26-02-2025,11,2,Wednesday
26-02-2025 12:00,-,"-31,555",54,26-02-2025,12,2,Wednesday
26-02-2025 12:00,"-25,027",-,28,26-02-2025,12,2,Wednesday
26-02-2025 13:00,-,"-26,788",32,26-02-2025,13,2,Wednesday
26-02-2025 13:00,"-28,675",-,28,26-02-2025,13,2,Wednesday
26-02-2025 14:00,-,"-41,635",37,26-02-2025,14,2,Wednesday
26-02-2025 14:00,"-36,476",-,35,26-02-2025,14,2,Wednesday
26-02-2025 15:00,-,"-70,264",67,26-02-2025,15,2,Wednesday
26-02-2025 15:00,"-60,406",-,63,26-02-2025,15,2,Wednesday
26-02-2025 16:00,-,"-93,013",112,26-02-2025,16,2,Wednesday
26-02-2025 16:00,"-96,878",-,78,26-02-2025,16,2,Wednesday
26-02-2025 17:00,-,"-1,15,746",104,26-02-2025,17,2,Wednesday
26-02-2025 17:00,"-94,037",-,116,26-02-2025,17,2,Wednesday
26-02-2025 18:00,-,"-18,678",22,26-02-2025,18,2,Wednesday
26-02-2025 18:00,"-15,339",-,15,26-02-2025,18,2,Wednesday
26-02-2025 19:00,-,-,0,26-02-2025,19,2,Wednesday
26-02-2025 19:00,-,-,0,26-02-2025,19,2,Wednesday
26-02-2025 20:00,-,-,0,26-02-2025,20,2,Wednesday
26-02-2025 20:00,-,-,0,26-02-2025,20,2,Wednesday
26-02-2025 21:00,-,-,0,26-02-2025,21,2,Wednesday
26-02-2025 21:00,-,-,0,26-02-2025,21,2,Wednesday
26-02-2025 22:00,-,-,0,26-02-2025,22,2,Wednesday
26-02-2025 22:00,-,-,0,26-02-2025,22,2,Wednesday
26-02-2025 23:00,-,-,0,26-02-2025,23,2,Wednesday
26-02-2025 23:00,-,-,0,26-02-2025,23,2,Wednesday
27-02-2025 00:00,-,-,0,27-02-2025,0,3,Thursday
27-02-2025 00:00,-,-,0,27-02-2025,0,3,Thursday
27-02-2025 01:00,-,-,0,27-02-2025,1,3,Thursday
27-02-2025 01:00,-,-,0,27-02-2025,1,3,Thursday
27-02-2025 02:00,-,-,0,27-02-2025,2,3,Thursday
27-02-2025 02:00,-,-,0,27-02-2025,2,3,Thursday
27-02-2025 03:00,-,-,0,27-02-2025,3,3,Thursday
27-02-2025 03:00,-,-,0,27-02-2025,3,3,Thursday
27-02-2025 04:00,-,-,0,27-02-2025,4,3,Thursday
27-02-2025 04:00,-,-,0,27-02-2025,4,3,Thursday
27-02-2025 05:00,-,-,0,27-02-2025,5,3,Thursday
27-02-2025 05:00,-,-,0,27-02-2025,5,3,Thursday
27-02-2025 06:00,-,"-9,102",8,27-02-2025,6,3,Thursday
27-02-2025 06:00,"-8,256",-,5,27-02-2025,6,3,Thursday
27-02-2025 07:00,-,"-17,451",13,27-02-2025,7,3,Thursday
27-02-2025 07:00,"-12,848",-,11,27-02-2025,7,3,Thursday
27-02-2025 08:00,-,"-30,826",24,27-02-2025,8,3,Thursday
27-02-2025 08:00,"-23,025",-,26,27-02-2025,8,3,Thursday
27-02-2025 09:00,-,"-46,634",40,27-02-2025,9,3,Thursday
27-02-2025 09:00,"-27,700",-,35,27-02-2025,9,3,Thursday
27-02-2025 10:00,-,"-62,260",68,27-02-2025,10,3,Thursday
27-02-2025 10:00,"-50,980",-,61,27-02-2025,10,3,Thursday
27-02-2025 11:00,-,"-42,729",46,27-02-2025,11,3,Thursday
27-02-2025 11:00,"-53,101",-,44,27-02-2025,11,3,Thursday
27-02-2025 12:00,-,"-36,266",29,27-02-2025,12,3,Thursday
27-02-2025 12:00,"-31,475",-,35,27-02-2025,12,3,Thursday
27-02-2025 13:00,-,"-28,888",26,27-02-2025,13,3,Thursday
27-02-2025 13:00,"-23,437",-,33,27-02-2025,13,3,Thursday
27-02-2025 14:00,-,"-42,707",48,27-02-2025,14,3,Thursday
27-02-2025 14:00,"-36,199",-,36,27-02-2025,14,3,Thursday
27-02-2025 15:00,-,"-68,100",75,27-02-2025,15,3,Thursday
27-02-2025 15:00,"-65,340",-,68,27-02-2025,15,3,Thursday
27-02-2025 16:00,-,"-1,08,916",93,27-02-2025,16,3,Thursday
27-02-2025 16:00,"-76,301",-,77,27-02-2025,16,3,Thursday
27-02-2025 17:00,-,"-1,05,070",125,27-02-2025,17,3,Thursday
27-02-2025 17:00,"-1,02,296",-,110,27-02-2025,17,3,Thursday
27-02-2025 18:00,-,"-18,525",27,27-02-2025,18,3,Thursday
27-02-2025 18:00,"-16,464",-,13,27-02-2025,18,3,Thursday
27-02-2025 19:00,-,-,0,27-02-2025,19,3,Thursday
27-02-2025 19:00,-,-,0,27-02-2025,19,3,Thursday
27-02-2025 20:00,-,-,0,27-02-2025,20,3,Thursday
27-02-2025 20:00,-,-,0,27-02-2025,20,3,Thursday
27-02-2025 21:00,-,-,0,27-02-2025,21,3,Thursday
27-02-2025 21:00,-,-,0,27-02-2025,21,3,Thursday
27-02-2025 22:00,-,-,0,27-02-2025,22,3,Thursday
27-02-2025 22:00,-,-,0,27-02-2025,22,3,Thursday
27-02-2025 23:00,-,-,0,27-02-2025,23,3,Thursday
27-02-2025 23:00,-,-,0,27-02-2025,23,3,Thursday
28-02-2025 00:00,-,-,0,28-02-2025,0,4,Friday
28-02-2025 00:00,-,-,0,28-02-2025,0,4,Friday
28-02-2025 01:00,-,-,0,28-02-2025,1,4,Friday
28-02-2025 01:00,-,-,0,28-02-2025,1,4,Friday
28-02-2025 02:00,-,-,0,28-02-2025,2,4,Friday
28-02-2025 02:00,-,-,0,28-02-2025,2,4,Friday
28-02-2025 03:00,-,-,0,28-02-2025,3,4,Friday
28-02-2025 03:00,-,-,0,28-02-2025,3,4,Friday
28-02-2025 04:00,-,-,0,28-02-2025,4,4,Friday
28-02-2025 04:00,-,-,0,28-02-2025,4,4,Friday
28-02-2025 05:00,-,-,0,28-02-2025,5,4,Friday
28-02-2025 05:00,-,-,0,28-02-2025,5,4,Friday
28-02-2025 06:00,-,"-14,084",15,28-02-2025,6,4,Friday
28-02-2025 06:00,"-15,050",-,11,28-02-2025,6,4,Friday
28-02-2025 07:00,-,"-26,015",27,28-02-2025,7,4,Friday
28-02-2025 07:00,"-22,677",-,13,28-02-2025,7,4,Friday
28-02-2025 08:00,-,"-45,511",43,28-02-2025,8,4,Friday
28-02-2025 08:00,"-37,163",-,32,28-02-2025,8,4,Friday
28-02-2025 09:00,-,"-90,906",82,28-02-2025,9,4,Friday
28-02-2025 09:00,"-55,673",-,60,28-02-2025,9,4,Friday
28-02-2025 10:00,-,"-86,266",123,28-02-2025,10,4,Friday
28-02-2025 10:00,"-90,010",-,79,28-02-2025,10,4,Friday
28-02-2025 11:00,-,"-62,265",76,28-02-2025,11,4,Friday
28-02-2025 11:00,"-84,087",-,86,28-02-2025,11,4,Friday
28-02-2025 12:00,-,"-50,954",58,28-02-2025,12,4,Friday
28-02-2025 12:00,"-42,663",-,60,28-02-2025,12,4,Friday
28-02-2025 13:00,-,"-56,393",50,28-02-2025,13,4,Friday
28-02-2025 13:00,"-46,823",-,35,28-02-2025,13,4,Friday
28-02-2025 14:00,-,"-57,750",64,28-02-2025,14,4,Friday
28-02-2025 14:00,"-65,085",-,58,28-02-2025,14,4,Friday
28-02-2025 15:00,-,"-1,06,586",124,28-02-2025,15,4,Friday
28-02-2025 15:00,"-1,06,322",-,104,28-02-2025,15,4,Friday
28-02-2025 16:00,-,"-1,48,538",165,28-02-2025,16,4,Friday
28-02-2025 16:00,"-1,29,203",-,136,28-02-2025,16,4,Friday
28-02-2025 17:00,-,"-2,33,066",204,28-02-2025,17,4,Friday
28-02-2025 17:00,"-1,62,772",-,175,28-02-2025,17,4,Friday
28-02-2025 18:00,-,"-32,831",28,28-02-2025,18,4,Friday
28-02-2025 18:00,"-23,506",-,29,28-02-2025,18,4,Friday
28-02-2025 19:00,-,-,0,28-02-2025,19,4,Friday
28-02-2025 19:00,-,-,0,28-02-2025,19,4,Friday
28-02-2025 20:00,-,-,0,28-02-2025,20,4,Friday
28-02-2025 20:00,-,-,0,28-02-2025,20,4,Friday
28-02-2025 21:00,-,-,0,28-02-2025,21,4,Friday
28-02-2025 21:00,-,-,0,28-02-2025,21,4,Friday
28-02-2025 22:00,-,-,0,28-02-2025,22,4,Friday
28-02-2025 22:00,-,-,0,28-02-2025,22,4,Friday
28-02-2025 23:00,-,-,0,28-02-2025,23,4,Friday
28-02-2025 23:00,-,-,0,28-02-2025,23,4,Friday
01-03-2025 00:00,-,-,0,01-03-2025,0,5,Saturday
01-03-2025 00:00,-,-,0,01-03-2025,0,5,Saturday
01-03-2025 01:00,-,-,0,01-03-2025,1,5,Saturday
01-03-2025 01:00,-,-,0,01-03-2025,1,5,Saturday
01-03-2025 02:00,-,-,0,01-03-2025,2,5,Saturday
01-03-2025 02:00,-,-,0,01-03-2025,2,5,Saturday
01-03-2025 03:00,-,-,0,01-03-2025,3,5,Saturday
01-03-2025 03:00,-,-,0,01-03-2025,3,5,Saturday
01-03-2025 04:00,-,-,0,01-03-2025,4,5,Saturday
01-03-2025 04:00,-,-,0,01-03-2025,4,5,Saturday
01-03-2025 05:00,-,-,0,01-03-2025,5,5,Saturday
01-03-2025 05:00,-,-,0,01-03-2025,5,5,Saturday
01-03-2025 06:00,-,-,0,01-03-2025,6,5,Saturday
01-03-2025 06:00,-,-,0,01-03-2025,6,5,Saturday
01-03-2025 07:00,-,-,0,01-03-2025,7,5,Saturday
01-03-2025 07:00,-,-,0,01-03-2025,7,5,Saturday
01-03-2025 08:00,-,-,0,01-03-2025,8,5,Saturday
01-03-2025 08:00,-,-,0,01-03-2025,8,5,Saturday
01-03-2025 09:00,-,-,0,01-03-2025,9,5,Saturday
01-03-2025 09:00,-,-,0,01-03-2025,9,5,Saturday
01-03-2025 10:00,-,-,0,01-03-2025,10,5,Saturday
01-03-2025 10:00,-,-,0,01-03-2025,10,5,Saturday
01-03-2025 11:00,-,-,0,01-03-2025,11,5,Saturday
01-03-2025 11:00,-,-,0,01-03-2025,11,5,Saturday
01-03-2025 12:00,-,-,0,01-03-2025,12,5,Saturday
01-03-2025 12:00,-,-,0,01-03-2025,12,5,Saturday
01-03-2025 13:00,-,-,0,01-03-2025,13,5,Saturday
01-03-2025 13:00,-,-,0,01-03-2025,13,5,Saturday
01-03-2025 14:00,-,-,0,01-03-2025,14,5,Saturday
01-03-2025 14:00,-,-,0,01-03-2025,14,5,Saturday
01-03-2025 15:00,-,-,0,01-03-2025,15,5,Saturday
01-03-2025 15:00,-,-,0,01-03-2025,15,5,Saturday
01-03-2025 16:00,-,-,0,01-03-2025,16,5,Saturday
01-03-2025 16:00,-,-,0,01-03-2025,16,5,Saturday
01-03-2025 17:00,-,-,0,01-03-2025,17,5,Saturday
01-03-2025 17:00,-,-,0,01-03-2025,17,5,Saturday
01-03-2025 18:00,-,-,0,01-03-2025,18,5,Saturday
01-03-2025 18:00,-,-,0,01-03-2025,18,5,Saturday
01-03-2025 19:00,-,-,0,01-03-2025,19,5,Saturday
01-03-2025 19:00,-,-,0,01-03-2025,19,5,Saturday
01-03-2025 20:00,-,-,0,01-03-2025,20,5,Saturday
01-03-2025 20:00,-,-,0,01-03-2025,20,5,Saturday
01-03-2025 21:00,-,-,0,01-03-2025,21,5,Saturday
01-03-2025 21:00,-,-,0,01-03-2025,21,5,Saturday
01-03-2025 22:00,-,-,0,01-03-2025,22,5,Saturday
01-03-2025 22:00,-,-,0,01-03-2025,22,5,Saturday
01-03-2025 23:00,-,-,0,01-03-2025,23,5,Saturday
01-03-2025 23:00,-,-,0,01-03-2025,23,5,Saturday
02-03-2025 00:00,-,-,0,02-03-2025,0,6,Sunday
02-03-2025 00:00,-,-,0,02-03-2025,0,6,Sunday
02-03-2025 01:00,-,-,0,02-03-2025,1,6,Sunday
02-03-2025 01:00,-,-,0,02-03-2025,1,6,Sunday
02-03-2025 02:00,-,-,0,02-03-2025,2,6,Sunday
02-03-2025 02:00,-,-,0,02-03-2025,2,6,Sunday
02-03-2025 03:00,-,-,0,02-03-2025,3,6,Sunday
02-03-2025 03:00,-,-,0,02-03-2025,3,6,Sunday
02-03-2025 04:00,-,-,0,02-03-2025,4,6,Sunday
02-03-2025 04:00,-,-,0,02-03-2025,4,6,Sunday
02-03-2025 05:00,-,-,0,02-03-2025,5,6,Sunday
02-03-2025 05:00,-,-,0,02-03-2025,5,6,Sunday
02-03-2025 06:00,-,-,0,02-03-2025,6,6,Sunday
02-03-2025 06:00,-,-,0,02-03-2025,6,6,Sunday
02-03-2025 07:00,-,-,0,02-03-2025,7,6,Sunday
02-03-2025 07:00,-,-,0,02-03-2025,7,6,Sunday
02-03-2025 08:00,-,-,0,02-03-2025,8,6,Sunday
02-03-2025 08:00,-,-,0,02-03-2025,8,6,Sunday
02-03-2025 09:00,-,-,0,02-03-2025,9,6,Sunday
02-03-2025 09:00,-,-,0,02-03-2025,9,6,Sunday
02-03-2025 10:00,-,-,0,02-03-2025,10,6,Sunday
02-03-2025 10:00,-,-,0,02-03-2025,10,6,Sunday
02-03-2025 11:00,-,-,0,02-03-2025,11,6,Sunday
02-03-2025 11:00,-,-,0,02-03-2025,11,6,Sunday
02-03-2025 12:00,-,-,0,02-03-2025,12,6,Sunday
02-03-2025 12:00,-,-,0,02-03-2025,12,6,Sunday
02-03-2025 13:00,-,-,0,02-03-2025,13,6,Sunday
02-03-2025 13:00,-,-,0,02-03-2025,13,6,Sunday
02-03-2025 14:00,-,-,0,02-03-2025,14,6,Sunday
02-03-2025 14:00,-,-,0,02-03-2025,14,6,Sunday
02-03-2025 15:00,-,-,0,02-03-2025,15,6,Sunday
02-03-2025 15:00,-,-,0,02-03-2025,15,6,Sunday
02-03-2025 16:00,-,-,0,02-03-2025,16,6,Sunday
02-03-2025 16:00,-,-,0,02-03-2025,16,6,Sunday
02-03-2025 17:00,-,-,0,02-03-2025,17,6,Sunday
02-03-2025 17:00,-,-,0,02-03-2025,17,6,Sunday
02-03-2025 18:00,-,-,0,02-03-2025,18,6,Sunday
02-03-2025 18:00,-,-,0,02-03-2025,18,6,Sunday
02-03-2025 19:00,-,-,0,02-03-2025,19,6,Sunday
02-03-2025 19:00,-,-,0,02-03-2025,19,6,Sunday
02-03-2025 20:00,-,-,0,02-03-2025,20,6,Sunday
02-03-2025 20:00,-,-,0,02-03-2025,20,6,Sunday
02-03-2025 21:00,-,-,0,02-03-2025,21,6,Sunday
02-03-2025 21:00,-,-,0,02-03-2025,21,6,Sunday
02-03-2025 22:00,-,-,0,02-03-2025,22,6,Sunday
02-03-2025 22:00,-,-,0,02-03-2025,22,6,Sunday
02-03-2025 23:00,-,-,0,02-03-2025,23,6,Sunday
02-03-2025 23:00,-,-,0,02-03-2025,23,6,Sunday
03-03-2025 00:00,-,-,0,03-03-2025,0,0,Monday
03-03-2025 00:00,-,-,0,03-03-2025,0,0,Monday
03-03-2025 01:00,-,-,0,03-03-2025,1,0,Monday
03-03-2025 01:00,-,-,0,03-03-2025,1,0,Monday
03-03-2025 02:00,-,-,0,03-03-2025,2,0,Monday
03-03-2025 02:00,-,-,0,03-03-2025,2,0,Monday
03-03-2025 03:00,-,-,0,03-03-2025,3,0,Monday
03-03-2025 03:00,-,-,0,03-03-2025,3,0,Monday
03-03-2025 04:00,-,-,0,03-03-2025,4,0,Monday
03-03-2025 04:00,-,-,0,03-03-2025,4,0,Monday
03-03-2025 05:00,-,-,0,03-03-2025,5,0,Monday
03-03-2025 05:00,-,-,0,03-03-2025,5,0,Monday
03-03-2025 06:00,-,"-11,975",13,03-03-2025,6,0,Monday
03-03-2025 06:00,"-10,247",-,10,03-03-2025,6,0,Monday
03-03-2025 07:00,-,"-17,309",25,03-03-2025,7,0,Monday
03-03-2025 07:00,"-16,393",-,27,03-03-2025,7,0,Monday
03-03-2025 08:00,-,"-30,740",37,03-03-2025,8,0,Monday
03-03-2025 08:00,"-30,462",-,18,03-03-2025,8,0,Monday
03-03-2025 09:00,-,"-63,354",62,03-03-2025,9,0,Monday
03-03-2025 09:00,"-39,577",-,46,03-03-2025,9,0,Monday
03-03-2025 10:00,-,"-71,664",81,03-03-2025,10,0,Monday
03-03-2025 10:00,"-70,333",-,67,03-03-2025,10,0,Monday
03-03-2025 11:00,-,"-52,385",56,03-03-2025,11,0,Monday
03-03-2025 11:00,"-54,473",-,63,03-03-2025,11,0,Monday
03-03-2025 12:00,-,"-41,080",47,03-03-2025,12,0,Monday
03-03-2025 12:00,"-34,293",-,46,03-03-2025,12,0,Monday
03-03-2025 13:00,-,"-41,055",43,03-03-2025,13,0,Monday
03-03-2025 13:00,"-32,546",-,31,03-03-2025,13,0,Monday
03-03-2025 14:00,-,"-46,910",49,03-03-2025,14,0,Monday
03-03-2025 14:00,"-48,940",-,34,03-03-2025,14,0,Monday
03-03-2025 15:00,-,"-86,860",88,03-03-2025,15,0,Monday
03-03-2025 15:00,"-80,882",-,77,03-03-2025,15,0,Monday
03-03-2025 16:00,-,"-1,12,115",122,03-03-2025,16,0,Monday
03-03-2025 16:00,"-1,03,623",-,122,03-03-2025,16,0,Monday
03-03-2025 17:00,-,"-1,58,863",158,03-03-2025,17,0,Monday
03-03-2025 17:00,"-1,45,707",-,106,03-03-2025,17,0,Monday
03-03-2025 18:00,-,"-24,114",18,03-03-2025,18,0,Monday
03-03-2025 18:00,"-18,838",-,21,03-03-2025,18,0,Monday
03-03-2025 19:00,-,-,0,03-03-2025,19,0,Monday
03-03-2025 19:00,-,-,0,03-03-2025,19,0,Monday
03-03-2025 20:00,-,-,0,03-03-2025,20,0,Monday
03-03-2025 20:00,-,-,0,03-03-2025,20,0,Monday
03-03-2025 21:00,-,-,0,03-03-2025,21,0,Monday
03-03-2025 21:00,-,-,0,03-03-2025,21,0,Monday
03-03-2025 22:00,-,-,0,03-03-2025,22,0,Monday
03-03-2025 22:00,-,-,0,03-03-2025,22,0,Monday
03-03-2025 23:00,-,-,0,03-03-2025,23,0,Monday
03-03-2025 23:00,-,-,0,03-03-2025,23,0,Monday
04-03-2025 00:00,-,-,0,04-03-2025,0,1,Tuesday
04-03-2025 00:00,-,-,0,04-03-2025,0,1,Tuesday
04-03-2025 01:00,-,-,0,04-03-2025,1,1,Tuesday
04-03-2025 01:00,-,-,0,04-03-2025,1,1,Tuesday
04-03-2025 02:00,-,-,0,04-03-2025,2,1,Tuesday
04-03-2025 02:00,-,-,0,04-03-2025,2,1,Tuesday
04-03-2025 03:00,-,-,0,04-03-2025,3,1,Tuesday
04-03-2025 03:00,-,-,0,04-03-2025,3,1,Tuesday
04-03-2025 04:00,-,-,0,04-03-2025,4,1,Tuesday
04-03-2025 04:00,-,-,0,04-03-2025,4,1,Tuesday
04-03-2025 05:00,-,-,0,04-03-2025,5,1,Tuesday
04-03-2025 05:00,-,-,0,04-03-2025,5,1,Tuesday
04-03-2025 06:00,-,"-9,507",5,04-03-2025,6,1,Tuesday
04-03-2025 06:00,"-7,072",-,10,04-03-2025,6,1,Tuesday
04-03-2025 07:00,-,"-16,047",11,04-03-2025,7,1,Tuesday
04-03-2025 07:00,"-14,500",-,16,04-03-2025,7,1,Tuesday
04-03-2025 08:00,-,"-29,175",19,04-03-2025,8,1,Tuesday
04-03-2025 08:00,"-25,342",-,39,04-03-2025,8,1,Tuesday
04-03-2025 09:00,-,"-55,037",49,04-03-2025,9,1,Tuesday
04-03-2025 09:00,"-34,623",-,35,04-03-2025,9,1,Tuesday
04-03-2025 10:00,-,"-69,646",78,04-03-2025,10,1,Tuesday
04-03-2025 10:00,"-48,087",-,40,04-03-2025,10,1,Tuesday
04-03-2025 11:00,-,"-45,566",35,04-03-2025,11,1,Tuesday
04-03-2025 11:00,"-49,481",-,46,04-03-2025,11,1,Tuesday
04-03-2025 12:00,-,"-31,399",43,04-03-2025,12,1,Tuesday
04-03-2025 12:00,"-31,832",-,28,04-03-2025,12,1,Tuesday
04-03-2025 13:00,-,"-29,825",37,04-03-2025,13,1,Tuesday
04-03-2025 13:00,"-28,981",-,31,04-03-2025,13,1,Tuesday
04-03-2025 14:00,-,"-41,759",43,04-03-2025,14,1,Tuesday
04-03-2025 14:00,"-34,743",-,33,04-03-2025,14,1,Tuesday
04-03-2025 15:00,-,"-75,760",76,04-03-2025,15,1,Tuesday
04-03-2025 15:00,"-53,613",-,63,04-03-2025,15,1,Tuesday
04-03-2025 16:00,-,"-1,02,111",104,04-03-2025,16,1,Tuesday
04-03-2025 16:00,"-74,991",-,78,04-03-2025,16,1,Tuesday
04-03-2025 17:00,-,"-1,10,161",120,04-03-2025,17,1,Tuesday
04-03-2025 17:00,"-89,095",-,93,04-03-2025,17,1,Tuesday
04-03-2025 18:00,-,"-18,626",17,04-03-2025,18,1,Tuesday
04-03-2025 18:00,"-14,154",-,14,04-03-2025,18,1,Tuesday
04-03-2025 19:00,-,-,0,04-03-2025,19,1,Tuesday
04-03-2025 19:00,-,-,0,04-03-2025,19,1,Tuesday
04-03-2025 20:00,-,-,0,04-03-2025,20,1,Tuesday
04-03-2025 20:00,-,-,0,04-03-2025,20,1,Tuesday
04-03-2025 21:00,-,-,0,04-03-2025,21,1,Tuesday
04-03-2025 21:00,-,-,0,04-03-2025,21,1,Tuesday
04-03-2025 22:00,-,-,0,04-03-2025,22,1,Tuesday
04-03-2025 22:00,-,-,0,04-03-2025,22,1,Tuesday
04-03-2025 23:00,-,-,0,04-03-2025,23,1,Tuesday
04-03-2025 23:00,-,-,0,04-03-2025,23,1,Tuesday
05-03-2025 00:00,-,-,0,05-03-2025,0,2,Wednesday
05-03-2025 00:00,-,-,0,05-03-2025,0,2,Wednesday
05-03-2025 01:00,-,-,0,05-03-2025,1,2,Wednesday
05-03-2025 01:00,-,-,0,05-03-2025,1,2,Wednesday
05-03-2025 02:00,-,-,0,05-03-2025,2,2,Wednesday
05-03-2025 02:00,-,-,0,05-03-2025,2,2,Wednesday
05-03-2025 03:00,-,-,0,05-03-2025,3,2,Wednesday
05-03-2025 03:00,-,-,0,05-03-2025,3,2,Wednesday
05-03-2025 04:00,-,-,0,05-03-2025,4,2,Wednesday
05-03-2025 04:00,-,-,0,05-03-2025,4,2,Wednesday
05-03-2025 05:00,-,-,0,05-03-2025,5,2,Wednesday
05-03-2025 05:00,-,-,0,05-03-2025,5,2,Wednesday
05-03-2025 06:00,-,"-8,231",8,05-03-2025,6,2,Wednesday
05-03-2025 06:00,"-8,979",-,4,05-03-2025,6,2,Wednesday
05-03-2025 07:00,-,"-13,621",20,05-03-2025,7,2,Wednesday
05-03-2025 07:00,"-11,708",-,9,05-03-2025,7,2,Wednesday
05-03-2025 08:00,-,"-26,884",28,05-03-2025,8,2,Wednesday
05-03-2025 08:00,"-22,919",-,34,05-03-2025,8,2,Wednesday
05-03-2025 09:00,-,"-41,432",50,05-03-2025,9,2,Wednesday
05-03-2025 09:00,"-30,832",-,35,05-03-2025,9,2,Wednesday
05-03-2025 10:00,-,"-52,152",61,05-03-2025,10,2,Wednesday
05-03-2025 10:00,"-45,278",-,48,05-03-2025,10,2,Wednesday
05-03-2025 11:00,-,"-46,676",60,05-03-2025,11,2,Wednesday
05-03-2025 11:00,"-44,255",-,44,05-03-2025,11,2,Wednesday
05-03-2025 12:00,-,"-37,383",25,05-03-2025,12,2,Wednesday
05-03-2025 12:00,"-28,822",-,32,05-03-2025,12,2,Wednesday
05-03-2025 13:00,-,"-29,146",41,05-03-2025,13,2,Wednesday
05-03-2025 13:00,"-30,300",-,24,05-03-2025,13,2,Wednesday
05-03-2025 14:00,-,"-39,335",48,05-03-2025,14,2,Wednesday
05-03-2025 14:00,"-31,034",-,33,05-03-2025,14,2,Wednesday
05-03-2025 15:00,-,"-78,064",81,05-03-2025,15,2,Wednesday
05-03-2025 15:00,"-67,940",-,60,05-03-2025,15,2,Wednesday
05-03-2025 16:00,-,"-88,003",111,05-03-2025,16,2,Wednesday
05-03-2025 16:00,"-83,633",-,91,05-03-2025,16,2,Wednesday
05-03-2025 17:00,-,"-1,22,395",123,05-03-2025,17,2,Wednesday
05-03-2025 17:00,"-91,624",-,108,05-03-2025,17,2,Wednesday
05-03-2025 18:00,-,"-18,629",17,05-03-2025,18,2,Wednesday
05-03-2025 18:00,"-16,285",-,15,05-03-2025,18,2,Wednesday
05-03-2025 19:00,-,-,0,05-03-2025,19,2,Wednesday
05-03-2025 19:00,-,-,0,05-03-2025,19,2,Wednesday
05-03-2025 20:00,-,-,0,05-03-2025,20,2,Wednesday
05-03-2025 20:00,-,-,0,05-03-2025,20,2,Wednesday
05-03-2025 21:00,-,-,0,05-03-2025,21,2,Wednesday
05-03-2025 21:00,-,-,0,05-03-2025,21,2,Wednesday
05-03-2025 22:00,-,-,0,05-03-2025,22,2,Wednesday
05-03-2025 22:00,-,-,0,05-03-2025,22,2,Wednesday
05-03-2025 23:00,-,-,0,05-03-2025,23,2,Wednesday
05-03-2025 23:00,-,-,0,05-03-2025,23,2,Wednesday
06-03-2025 00:00,-,-,0,06-03-2025,0,3,Thursday
06-03-2025 00:00,-,-,0,06-03-2025,0,3,Thursday
06-03-2025 01:00,-,-,0,06-03-2025,1,3,Thursday
06-03-2025 01:00,-,-,0,06-03-2025,1,3,Thursday
06-03-2025 02:00,-,-,0,06-03-2025,2,3,Thursday
06-03-2025 02:00,-,-,0,06-03-2025,2,3,Thursday
06-03-2025 03:00,-,-,0,06-03-2025,3,3,Thursday
06-03-2025 03:00,-,-,0,06-03-2025,3,3,Thursday
06-03-2025 04:00,-,-,0,06-03-2025,4,3,Thursday
06-03-2025 04:00,-,-,0,06-03-2025,4,3,Thursday
06-03-2025 05:00,-,-,0,06-03-2025,5,3,Thursday
06-03-2025 05:00,-,-,0,06-03-2025,5,3,Thursday
06-03-2025 06:00,-,"-8,952",7,06-03-2025,6,3,Thursday
06-03-2025 06:00,"-7,727",-,10,06-03-2025,6,3,Thursday
06-03-2025 07:00,-,"-14,608",17,06-03-2025,7,3,Thursday
06-03-2025 07:00,"-11,314",-,11,06-03-2025,7,3,Thursday
06-03-2025 08:00,-,"-25,337",29,06-03-2025,8,3,Thursday
06-03-2025 08:00,"-24,655",-,23,06-03-2025,8,3,Thursday
06-03-2025 09:00,-,"-48,984",50,06-03-2025,9,3,Thursday
06-03-2025 09:00,"-27,142",-,40,06-03-2025,9,3,Thursday
06-03-2025 10:00,-,"-67,970",71,06-03-2025,10,3,Thursday
06-03-2025 10:00,"-50,393",-,53,06-03-2025,10,3,Thursday
06-03-2025 11:00,-,"-40,650",45,06-03-2025,11,3,Thursday
06-03-2025 11:00,"-45,257",-,41,06-03-2025,11,3,Thursday
06-03-2025 12:00,-,"-33,563",35,06-03-2025,12,3,Thursday
06-03-2025 12:00,"-25,448",-,31,06-03-2025,12,3,Thursday
06-03-2025 13:00,-,"-28,522",25,06-03-2025,13,3,Thursday
06-03-2025 13:00,"-28,869",-,23,06-03-2025,13,3,Thursday
06-03-2025 14:00,-,"-45,825",44,06-03-2025,14,3,Thursday
06-03-2025 14:00,"-34,985",-,43,06-03-2025,14,3,Thursday
06-03-2025 15:00,-,"-82,464",77,06-03-2025,15,3,Thursday
06-03-2025 15:00,"-53,421",-,57,06-03-2025,15,3,Thursday
06-03-2025 16:00,-,"-93,983",93,06-03-2025,16,3,Thursday
06-03-2025 16:00,"-95,043",-,78,06-03-2025,16,3,Thursday
06-03-2025 17:00,-,"-1,12,154",122,06-03-2025,17,3,Thursday
06-03-2025 17:00,"-97,171",-,111,06-03-2025,17,3,Thursday
06-03-2025 18:00,-,"-21,396",17,06-03-2025,18,3,Thursday
06-03-2025 18:00,"-17,103",-,13,06-03-2025,18,3,Thursday
06-03-2025 19:00,-,-,0,06-03-2025,19,3,Thursday
06-03-2025 19:00,-,-,0,06-03-2025,19,3,Thursday
06-03-2025 20:00,-,-,0,06-03-2025,20,3,Thursday
06-03-2025 20:00,-,-,0,06-03-2025,20,3,Thursday
06-03-2025 21:00,-,-,0,06-03-2025,21,3,Thursday
06-03-2025 21:00,-,-,0,06-03-2025,21,3,Thursday
06-03-2025 22:00,-,-,0,06-03-2025,22,3,Thursday
06-03-2025 22:00,-,-,0,06-03-2025,22,3,Thursday
06-03-2025 23:00,-,-,0,06-03-2025,23,3,Thursday
06-03-2025 23:00,-,-,0,06-03-2025,23,3,Thursday
07-03-2025 00:00,-,-,0,07-03-2025,0,4,Friday
07-03-2025 00:00,-,-,0,07-03-2025,0,4,Friday
07-03-2025 01:00,-,-,0,07-03-2025,1,4,Friday
07-03-2025 01:00,-,-,0,07-03-2025,1,4,Friday
07-03-2025 02:00,-,-,0,07-03-2025,2,4,Friday
07-03-2025 02:00,-,-,0,07-03-2025,2,4,Friday
07-03-2025 03:00,-,-,0,07-03-2025,3,4,Friday
07-03-2025 03:00,-,-,0,07-03-2025,3,4,Friday
07-03-2025 04:00,-,-,0,07-03-2025,4,4,Friday
07-03-2025 04:00,-,-,0,07-03-2025,4,4,Friday
07-03-2025 05:00,-,-,0,07-03-2025,5,4,Friday
07-03-2025 05:00,-,-,0,07-03-2025,5,4,Friday
07-03-2025 06:00,-,"-11,318",10,07-03-2025,6,4,Friday
07-03-2025 06:00,"-8,284",-,10,07-03-2025,6,4,Friday
07-03-2025 07:00,-,"-20,076",16,07-03-2025,7,4,Friday
07-03-2025 07:00,"-17,257",-,20,07-03-2025,7,4,Friday
07-03-2025 08:00,-,"-28,053",30,07-03-2025,8,4,Friday
07-03-2025 08:00,"-25,262",-,27,07-03-2025,8,4,Friday
07-03-2025 09:00,-,"-62,277",52,07-03-2025,9,4,Friday
07-03-2025 09:00,"-40,336",-,33,07-03-2025,9,4,Friday
07-03-2025 10:00,-,"-73,960",77,07-03-2025,10,4,Friday
07-03-2025 10:00,"-56,211",-,75,07-03-2025,10,4,Friday
07-03-2025 11:00,-,"-50,391",50,07-03-2025,11,4,Friday
07-03-2025 11:00,"-60,267",-,45,07-03-2025,11,4,Friday
07-03-2025 12:00,-,"-44,824",47,07-03-2025,12,4,Friday
07-03-2025 12:00,"-35,918",-,30,07-03-2025,12,4,Friday
07-03-2025 13:00,-,"-31,915",32,07-03-2025,13,4,Friday
07-03-2025 13:00,"-31,978",-,34,07-03-2025,13,4,Friday
07-03-2025 14:00,-,"-42,010",41,07-03-2025,14,4,Friday
07-03-2025 14:00,"-38,087",-,39,07-03-2025,14,4,Friday
07-03-2025 15:00,-,"-85,191",74,07-03-2025,15,4,Friday
07-03-2025 15:00,"-71,279",-,62,07-03-2025,15,4,Friday
07-03-2025 16:00,-,"-1,28,109",120,07-03-2025,16,4,Friday
07-03-2025 16:00,"-86,989",-,109,07-03-2025,16,4,Friday
07-03-2025 17:00,-,"-1,48,202",153,07-03-2025,17,4,Friday
07-03-2025 17:00,"-1,26,409",-,114,07-03-2025,17,4,Friday
07-03-2025 18:00,-,"-24,023",15,07-03-2025,18,4,Friday
07-03-2025 18:00,"-16,962",-,21,07-03-2025,18,4,Friday
07-03-2025 19:00,-,-,0,07-03-2025,19,4,Friday
07-03-2025 19:00,-,-,0,07-03-2025,19,4,Friday
07-03-2025 20:00,-,-,0,07-03-2025,20,4,Friday
07-03-2025 20:00,-,-,0,07-03-2025,20,4,Friday
07-03-2025 21:00,-,-,0,07-03-2025,21,4,Friday
07-03-2025 21:00,-,-,0,07-03-2025,21,4,Friday
07-03-2025 22:00,-,-,0,07-03-2025,22,4,Friday
07-03-2025 22:00,-,-,0,07-03-2025,22,4,Friday
07-03-2025 23:00,-,-,0,07-03-2025,23,4,Friday
07-03-2025 23:00,-,-,0,07-03-2025,23,4,Friday
08-03-2025 00:00,-,-,0,08-03-2025,0,5,Saturday
08-03-2025 00:00,-,-,0,08-03-2025,0,5,Saturday
08-03-2025 01:00,-,-,0,08-03-2025,1,5,Saturday
08-03-2025 01:00,-,-,0,08-03-2025,1,5,Saturday
08-03-2025 02:00,-,-,0,08-03-2025,2,5,Saturday
08-03-2025 02:00,-,-,0,08-03-2025,2,5,Saturday
08-03-2025 03:00,-,-,0,08-03-2025,3,5,Saturday
08-03-2025 03:00,-,-,0,08-03-2025,3,5,Saturday
08-03-2025 04:00,-,-,0,08-03-2025,4,5,Saturday
08-03-2025 04:00,-,-,0,08-03-2025,4,5,Saturday
08-03-2025 05:00,-,-,0,08-03-2025,5,5,Saturday
08-03-2025 05:00,-,-,0,08-03-2025,5,5,Saturday
08-03-2025 06:00,-,-,0,08-03-2025,6,5,Saturday
08-03-2025 06:00,-,-,0,08-03-2025,6,5,Saturday
08-03-2025 07:00,-,-,0,08-03-2025,7,5,Saturday
08-03-2025 07:00,-,-,0,08-03-2025,7,5,Saturday
08-03-2025 08:00,-,-,0,08-03-2025,8,5,Saturday
08-03-2025 08:00,-,-,0,08-03-2025,8,5,Saturday
08-03-2025 09:00,-,-,0,08-03-2025,9,5,Saturday
08-03-2025 09:00,-,-,0,08-03-2025,9,5,Saturday
08-03-2025 10:00,-,-,0,08-03-2025,10,5,Saturday
08-03-2025 10:00,-,-,0,08-03-2025,10,5,Saturday
08-03-2025 11:00,-,-,0,08-03-2025,11,5,Saturday
08-03-2025 11:00,-,-,0,08-03-2025,11,5,Saturday
08-03-2025 12:00,-,-,0,08-03-2025,12,5,Saturday
08-03-2025 12:00,-,-,0,08-03-2025,12,5,Saturday
08-03-2025 13:00,-,-,0,08-03-2025,13,5,Saturday
08-03-2025 13:00,-,-,0,08-03-2025,13,5,Saturday
08-03-2025 14:00,-,-,0,08-03-2025,14,5,Saturday
08-03-2025 14:00,-,-,0,08-03-2025,14,5,Saturday
08-03-2025 15:00,-,-,0,08-03-2025,15,5,Saturday
08-03-2025 15:00,-,-,0,08-03-2025,15,5,Saturday
08-03-2025 16:00,-,-,0,08-03-2025,16,5,Saturday
08-03-2025 16:00,-,-,0,08-03-2025,16,5,Saturday
08-03-2025 17:00,-,-,0,08-03-2025,17,5,Saturday
08-03-2025 17:00,-,-,0,08-03-2025,17,5,Saturday
08-03-2025 18:00,-,-,0,08-03-2025,18,5,Saturday
08-03-2025 18:00,-,-,0,08-03-2025,18,5,Saturday
08-03-2025 19:00,-,-,0,08-03-2025,19,5,Saturday
08-03-2025 19:00,-,-,0,08-03-2025,19,5,Saturday
08-03-2025 20:00,-,-,0,08-03-2025,20,5,Saturday
08-03-2025 20:00,-,-,0,08-03-2025,20,5,Saturday
08-03-2025 21:00,-,-,0,08-03-2025,21,5,Saturday
08-03-2025 21:00,-,-,0,08-03-2025,21,5,Saturday
08-03-2025 22:00,-,-,0,08-03-2025,22,5,Saturday
08-03-2025 22:00,-,-,0,08-03-2025,22,5,Saturday
08-03-2025 23:00,-,-,0,08-03-2025,23,5,Saturday
08-03-2025 23:00,-,-,0,08-03-2025,23,5,Saturday
09-03-2025 00:00,-,-,0,09-03-2025,0,6,Sunday
09-03-2025 00:00,-,-,0,09-03-2025,0,6,Sunday
09-03-2025 01:00,-,-,0,09-03-2025,1,6,Sunday
09-03-2025 01:00,-,-,0,09-03-2025,1,6,Sunday
09-03-2025 02:00,-,-,0,09-03-2025,2,6,Sunday
09-03-2025 02:00,-,-,0,09-03-2025,2,6,Sunday
09-03-2025 03:00,-,-,0,09-03-2025,3,6,Sunday
09-03-2025 03:00,-,-,0,09-03-2025,3,6,Sunday
09-03-2025 04:00,-,-,0,09-03-2025,4,6,Sunday
09-03-2025 04:00,-,-,0,09-03-2025,4,6,Sunday
09-03-2025 05:00,-,-,0,09-03-2025,5,6,Sunday
09-03-2025 05:00,-,-,0,09-03-2025,5,6,Sunday
09-03-2025 06:00,-,-,0,09-03-2025,6,6,Sunday
09-03-2025 06:00,-,-,0,09-03-2025,6,6,Sunday
09-03-2025 07:00,-,-,0,09-03-2025,7,6,Sunday
09-03-2025 07:00,-,-,0,09-03-2025,7,6,Sunday
09-03-2025 08:00,-,-,0,09-03-2025,8,6,Sunday
09-03-2025 08:00,-,-,0,09-03-2025,8,6,Sunday
09-03-2025 09:00,-,-,0,09-03-2025,9,6,Sunday
09-03-2025 09:00,-,-,0,09-03-2025,9,6,Sunday
09-03-2025 10:00,-,-,0,09-03-2025,10,6,Sunday
09-03-2025 10:00,-,-,0,09-03-2025,10,6,Sunday
09-03-2025 11:00,-,-,0,09-03-2025,11,6,Sunday
09-03-2025 11:00,-,-,0,09-03-2025,11,6,Sunday
09-03-2025 12:00,-,-,0,09-03-2025,12,6,Sunday
09-03-2025 12:00,-,-,0,09-03-2025,12,6,Sunday
09-03-2025 13:00,-,-,0,09-03-2025,13,6,Sunday
09-03-2025 13:00,-,-,0,09-03-2025,13,6,Sunday
09-03-2025 14:00,-,-,0,09-03-2025,14,6,Sunday
09-03-2025 14:00,-,-,0,09-03-2025,14,6,Sunday
09-03-2025 15:00,-,-,0,09-03-2025,15,6,Sunday
09-03-2025 15:00,-,-,0,09-03-2025,15,6,Sunday
09-03-2025 16:00,-,-,0,09-03-2025,16,6,Sunday
09-03-2025 16:00,-,-,0,09-03-2025,16,6,Sunday
09-03-2025 17:00,-,-,0,09-03-2025,17,6,Sunday
09-03-2025 17:00,-,-,0,09-03-2025,17,6,Sunday
09-03-2025 18:00,-,-,0,09-03-2025,18,6,Sunday
09-03-2025 18:00,-,-,0,09-03-2025,18,6,Sunday
09-03-2025 19:00,-,-,0,09-03-2025,19,6,Sunday
09-03-2025 19:00,-,-,0,09-03-2025,19,6,Sunday
09-03-2025 20:00,-,-,0,09-03-2025,20,6,Sunday
09-03-2025 20:00,-,-,0,09-03-2025,20,6,Sunday
09-03-2025 21:00,-,-,0,09-03-2025,21,6,Sunday
09-03-2025 21:00,-,-,0,09-03-2025,21,6,Sunday
09-03-2025 22:00,-,-,0,09-03-2025,22,6,Sunday
09-03-2025 22:00,-,-,0,09-03-2025,22,6,Sunday
09-03-2025 23:00,-,-,0,09-03-2025,23,6,Sunday
09-03-2025 23:00,-,-,0,09-03-2025,23,6,Sunday
10-03-2025 00:00,-,-,0,10-03-2025,0,0,Monday
10-03-2025 00:00,-,-,0,10-03-2025,0,0,Monday
10-03-2025 01:00,-,-,0,10-03-2025,1,0,Monday
10-03-2025 01:00,-,-,0,10-03-2025,1,0,Monday
10-03-2025 02:00,-,-,0,10-03-2025,2,0,Monday
10-03-2025 02:00,-,-,0,10-03-2025,2,0,Monday
10-03-2025 03:00,-,-,0,10-03-2025,3,0,Monday
10-03-2025 03:00,-,-,0,10-03-2025,3,0,Monday
10-03-2025 04:00,-,-,0,10-03-2025,4,0,Monday
10-03-2025 04:00,-,-,0,10-03-2025,4,0,Monday
10-03-2025 05:00,-,-,0,10-03-2025,5,0,Monday
10-03-2025 05:00,-,-,0,10-03-2025,5,0,Monday
10-03-2025 06:00,-,"-11,324",9,10-03-2025,6,0,Monday
10-03-2025 06:00,"-9,961",-,6,10-03-2025,6,0,Monday
10-03-2025 07:00,-,"-19,532",19,10-03-2025,7,0,Monday
10-03-2025 07:00,"-18,889",-,17,10-03-2025,7,0,Monday
10-03-2025 08:00,-,"-36,817",30,10-03-2025,8,0,Monday
10-03-2025 08:00,"-29,006",-,31,10-03-2025,8,0,Monday
10-03-2025 09:00,-,"-66,685",68,10-03-2025,9,0,Monday
10-03-2025 09:00,"-39,101",-,42,10-03-2025,9,0,Monday
10-03-2025 10:00,-,"-76,343",69,10-03-2025,10,0,Monday
10-03-2025 10:00,"-73,920",-,60,10-03-2025,10,0,Monday
10-03-2025 11:00,-,"-52,061",53,10-03-2025,11,0,Monday
10-03-2025 11:00,"-58,595",-,44,10-03-2025,11,0,Monday
10-03-2025 12:00,-,"-48,241",37,10-03-2025,12,0,Monday
10-03-2025 12:00,"-32,682",-,43,10-03-2025,12,0,Monday
10-03-2025 13:00,-,"-41,621",30,10-03-2025,13,0,Monday
10-03-2025 13:00,"-29,229",-,43,10-03-2025,13,0,Monday
10-03-2025 14:00,-,"-48,796",51,10-03-2025,14,0,Monday
10-03-2025 14:00,"-37,888",-,45,10-03-2025,14,0,Monday
10-03-2025 15:00,-,"-82,769",83,10-03-2025,15,0,Monday
10-03-2025 15:00,"-75,926",-,86,10-03-2025,15,0,Monday
10-03-2025 16:00,-,"-1,40,493",133,10-03-2025,16,0,Monday
10-03-2025 16:00,"-1,16,196",-,120,10-03-2025,16,0,Monday
10-03-2025 17:00,-,"-1,51,334",151,10-03-2025,17,0,Monday
10-03-2025 17:00,"-1,47,701",-,120,10-03-2025,17,0,Monday
10-03-2025 18:00,-,"-24,848",29,10-03-2025,18,0,Monday
10-03-2025 18:00,"-19,226",-,18,10-03-2025,18,0,Monday
10-03-2025 19:00,-,-,0,10-03-2025,19,0,Monday
10-03-2025 19:00,-,-,0,10-03-2025,19,0,Monday
10-03-2025 20:00,-,-,0,10-03-2025,20,0,Monday
10-03-2025 20:00,-,-,0,10-03-2025,20,0,Monday
10-03-2025 21:00,-,-,0,10-03-2025,21,0,Monday
10-03-2025 21:00,-,-,0,10-03-2025,21,0,Monday
10-03-2025 22:00,-,-,0,10-03-2025,22,0,Monday
10-03-2025 22:00,-,-,0,10-03-2025,22,0,Monday
10-03-2025 23:00,-,-,0,10-03-2025,23,0,Monday
10-03-2025 23:00,-,-,0,10-03-2025,23,0,Monday
11-03-2025 00:00,-,-,0,11-03-2025,0,1,Tuesday
11-03-2025 00:00,-,-,0,11-03-2025,0,1,Tuesday
11-03-2025 01:00,-,-,0,11-03-2025,1,1,Tuesday
11-03-2025 01:00,-,-,0,11-03-2025,1,1,Tuesday
11-03-2025 02:00,-,-,0,11-03-2025,2,1,Tuesday
11-03-2025 02:00,-,-,0,11-03-2025,2,1,Tuesday
11-03-2025 03:00,-,-,0,11-03-2025,3,1,Tuesday
11-03-2025 03:00,-,-,0,11-03-2025,3,1,Tuesday
11-03-2025 04:00,-,-,0,11-03-2025,4,1,Tuesday
11-03-2025 04:00,-,-,0,11-03-2025,4,1,Tuesday
11-03-2025 05:00,-,-,0,11-03-2025,5,1,Tuesday
11-03-2025 05:00,-,-,0,11-03-2025,5,1,Tuesday
11-03-2025 06:00,-,"-8,820",4,11-03-2025,6,1,Tuesday
11-03-2025 06:00,"-7,723",-,5,11-03-2025,6,1,Tuesday
11-03-2025 07:00,-,"-17,496",14,11-03-2025,7,1,Tuesday
11-03-2025 07:00,"-11,642",-,13,11-03-2025,7,1,Tuesday
11-03-2025 08:00,-,"-26,375",40,11-03-2025,8,1,Tuesday
11-03-2025 08:00,"-21,367",-,21,11-03-2025,8,1,Tuesday
11-03-2025 09:00,-,"-50,641",55,11-03-2025,9,1,Tuesday
11-03-2025 09:00,"-35,571",-,24,11-03-2025,9,1,Tuesday
11-03-2025 10:00,-,"-61,654",53,11-03-2025,10,1,Tuesday
11-03-2025 10:00,"-46,365",-,46,11-03-2025,10,1,Tuesday
11-03-2025 11:00,-,"-43,834",52,11-03-2025,11,1,Tuesday
11-03-2025 11:00,"-53,643",-,59,11-03-2025,11,1,Tuesday
11-03-2025 12:00,-,"-32,147",29,11-03-2025,12,1,Tuesday
11-03-2025 12:00,"-29,428",-,27,11-03-2025,12,1,Tuesday
11-03-2025 13:00,-,"-28,088",25,11-03-2025,13,1,Tuesday
11-03-2025 13:00,"-28,747",-,23,11-03-2025,13,1,Tuesday
11-03-2025 14:00,-,"-36,371",45,11-03-2025,14,1,Tuesday
11-03-2025 14:00,"-33,057",-,35,11-03-2025,14,1,Tuesday
11-03-2025 15:00,-,"-68,057",71,11-03-2025,15,1,Tuesday
11-03-2025 15:00,"-55,828",-,58,11-03-2025,15,1,Tuesday
11-03-2025 16:00,-,"-90,485",98,11-03-2025,16,1,Tuesday
11-03-2025 16:00,"-98,187",-,93,11-03-2025,16,1,Tuesday
11-03-2025 17:00,-,"-1,15,933",118,11-03-2025,17,1,Tuesday
11-03-2025 17:00,"-92,026",-,107,11-03-2025,17,1,Tuesday
11-03-2025 18:00,-,"-20,451",25,11-03-2025,18,1,Tuesday
11-03-2025 18:00,"-14,954",-,8,11-03-2025,18,1,Tuesday
11-03-2025 19:00,-,-,0,11-03-2025,19,1,Tuesday
11-03-2025 19:00,-,-,0,11-03-2025,19,1,Tuesday
11-03-2025 20:00,-,-,0,11-03-2025,20,1,Tuesday
11-03-2025 20:00,-,-,0,11-03-2025,20,1,Tuesday
11-03-2025 21:00,-,-,0,11-03-2025,21,1,Tuesday
11-03-2025 21:00,-,-,0,11-03-2025,21,1,Tuesday
11-03-2025 22:00,-,-,0,11-03-2025,22,1,Tuesday
11-03-2025 22:00,-,-,0,11-03-2025,22,1,Tuesday
11-03-2025 23:00,-,-,0,11-03-2025,23,1,Tuesday
11-03-2025 23:00,-,-,0,11-03-2025,23,1,Tuesday
12-03-2025 00:00,-,-,0,12-03-2025,0,2,Wednesday
12-03-2025 00:00,-,-,0,12-03-2025,0,2,Wednesday
12-03-2025 01:00,-,-,0,12-03-2025,1,2,Wednesday
12-03-2025 01:00,-,-,0,12-03-2025,1,2,Wednesday
12-03-2025 02:00,-,-,0,12-03-2025,2,2,Wednesday
12-03-2025 02:00,-,-,0,12-03-2025,2,2,Wednesday
12-03-2025 03:00,-,-,0,12-03-2025,3,2,Wednesday
12-03-2025 03:00,-,-,0,12-03-2025,3,2,Wednesday
12-03-2025 04:00,-,-,0,12-03-2025,4,2,Wednesday
12-03-2025 04:00,-,-,0,12-03-2025,4,2,Wednesday
12-03-2025 05:00,-,-,0,12-03-2025,5,2,Wednesday
12-03-2025 05:00,-,-,0,12-03-2025,5,2,Wednesday
12-03-2025 06:00,-,"-8,798",8,12-03-2025,6,2,Wednesday
12-03-2025 06:00,"-8,831",-,9,12-03-2025,6,2,Wednesday
12-03-2025 07:00,-,"-13,378",14,12-03-2025,7,2,Wednesday
12-03-2025 07:00,"-11,440",-,15,12-03-2025,7,2,Wednesday
12-03-2025 08:00,-,"-27,126",30,12-03-2025,8,2,Wednesday
12-03-2025 08:00,"-22,319",-,15,12-03-2025,8,2,Wednesday
12-03-2025 09:00,-,"-54,893",39,12-03-2025,9,2,Wednesday
12-03-2025 09:00,"-32,123",-,26,12-03-2025,9,2,Wednesday
12-03-2025 10:00,-,"-61,470",72,12-03-2025,10,2,Wednesday
12-03-2025 10:00,"-57,912",-,44,12-03-2025,10,2,Wednesday
12-03-2025 11:00,-,"-47,084",40,12-03-2025,11,2,Wednesday
12-03-2025 11:00,"-51,477",-,45,12-03-2025,11,2,Wednesday
12-03-2025 12:00,-,"-29,682",36,12-03-2025,12,2,Wednesday
12-03-2025 12:00,"-26,661",-,25,12-03-2025,12,2,Wednesday
12-03-2025 13:00,-,"-35,520",30,12-03-2025,13,2,Wednesday
12-03-2025 13:00,"-25,225",-,25,12-03-2025,13,2,Wednesday
12-03-2025 14:00,-,"-43,750",51,12-03-2025,14,2,Wednesday
12-03-2025 14:00,"-33,637",-,40,12-03-2025,14,2,Wednesday
12-03-2025 15:00,-,"-79,445",83,12-03-2025,15,2,Wednesday
12-03-2025 15:00,"-66,254",-,78,12-03-2025,15,2,Wednesday
12-03-2025 16:00,-,"-98,207",111,12-03-2025,16,2,Wednesday
12-03-2025 16:00,"-90,272",-,65,12-03-2025,16,2,Wednesday
12-03-2025 17:00,-,"-1,16,459",120,12-03-2025,17,2,Wednesday
12-03-2025 17:00,"-1,10,662",-,107,12-03-2025,17,2,Wednesday
12-03-2025 18:00,-,"-17,551",19,12-03-2025,18,2,Wednesday
12-03-2025 18:00,"-14,490",-,19,12-03-2025,18,2,Wednesday
12-03-2025 19:00,-,-,0,12-03-2025,19,2,Wednesday
12-03-2025 19:00,-,-,0,12-03-2025,19,2,Wednesday
12-03-2025 20:00,-,-,0,12-03-2025,20,2,Wednesday
12-03-2025 20:00,-,-,0,12-03-2025,20,2,Wednesday
12-03-2025 21:00,-,-,0,12-03-2025,21,2,Wednesday
12-03-2025 21:00,-,-,0,12-03-2025,21,2,Wednesday
12-03-2025 22:00,-,-,0,12-03-2025,22,2,Wednesday
12-03-2025 22:00,-,-,0,12-03-2025,22,2,Wednesday
12-03-2025 23:00,-,-,0,12-03-2025,23,2,Wednesday
12-03-2025 23:00,-,-,0,12-03-2025,23,2,Wednesday
13-03-2025 00:00,-,-,0,13-03-2025,0,3,Thursday
13-03-2025 00:00,-,-,0,13-03-2025,0,3,Thursday
13-03-2025 01:00,-,-,0,13-03-2025,1,3,Thursday
13-03-2025 01:00,-,-,0,13-03-2025,1,3,Thursday
13-03-2025 02:00,-,-,0,13-03-2025,2,3,Thursday
13-03-2025 02:00,-,-,0,13-03-2025,2,3,Thursday
13-03-2025 03:00,-,-,0,13-03-2025,3,3,Thursday
13-03-2025 03:00,-,-,0,13-03-2025,3,3,Thursday
13-03-2025 04:00,-,-,0,13-03-2025,4,3,Thursday
13-03-2025 04:00,-,-,0,13-03-2025,4,3,Thursday
13-03-2025 05:00,-,-,0,13-03-2025,5,3,Thursday
13-03-2025 05:00,-,-,0,13-03-2025,5,3,Thursday
13-03-2025 06:00,-,"-8,066",12,13-03-2025,6,3,Thursday
13-03-2025 06:00,"-6,894",-,13,13-03-2025,6,3,Thursday
13-03-2025 07:00,-,"-14,794",22,13-03-2025,7,3,Thursday
13-03-2025 07:00,"-12,778",-,17,13-03-2025,7,3,Thursday
13-03-2025 08:00,-,"-26,732",28,13-03-2025,8,3,Thursday
13-03-2025 08:00,"-25,733",-,30,13-03-2025,8,3,Thursday
13-03-2025 09:00,-,"-47,654",57,13-03-2025,9,3,Thursday
13-03-2025 09:00,"-32,015",-,25,13-03-2025,9,3,Thursday
13-03-2025 10:00,-,"-55,578",64,13-03-2025,10,3,Thursday
13-03-2025 10:00,"-52,402",-,33,13-03-2025,10,3,Thursday
13-03-2025 11:00,-,"-42,833",52,13-03-2025,11,3,Thursday
13-03-2025 11:00,"-54,248",-,64,13-03-2025,11,3,Thursday
13-03-2025 12:00,-,"-29,715",35,13-03-2025,12,3,Thursday
13-03-2025 12:00,"-27,321",-,33,13-03-2025,12,3,Thursday
13-03-2025 13:00,-,"-32,141",32,13-03-2025,13,3,Thursday
13-03-2025 13:00,"-27,328",-,21,13-03-2025,13,3,Thursday
13-03-2025 14:00,-,"-41,676",52,13-03-2025,14,3,Thursday
13-03-2025 14:00,"-35,590",-,28,13-03-2025,14,3,Thursday
13-03-2025 15:00,-,"-73,635",76,13-03-2025,15,3,Thursday
13-03-2025 15:00,"-56,170",-,58,13-03-2025,15,3,Thursday
13-03-2025 16:00,-,"-88,774",111,13-03-2025,16,3,Thursday
13-03-2025 16:00,"-84,196",-,84,13-03-2025,16,3,Thursday
13-03-2025 17:00,-,"-1,16,094",114,13-03-2025,17,3,Thursday
13-03-2025 17:00,"-1,03,033",-,122,13-03-2025,17,3,Thursday
13-03-2025 18:00,-,"-16,118",16,13-03-2025,18,3,Thursday
13-03-2025 18:00,"-17,838",-,15,13-03-2025,18,3,Thursday
13-03-2025 19:00,-,-,0,13-03-2025,19,3,Thursday
13-03-2025 19:00,-,-,0,13-03-2025,19,3,Thursday
13-03-2025 20:00,-,-,0,13-03-2025,20,3,Thursday
13-03-2025 20:00,-,-,0,13-03-2025,20,3,Thursday
13-03-2025 21:00,-,-,0,13-03-2025,21,3,Thursday
13-03-2025 21:00,-,-,0,13-03-2025,21,3,Thursday
13-03-2025 22:00,-,-,0,13-03-2025,22,3,Thursday
13-03-2025 22:00,-,-,0,13-03-2025,22,3,Thursday
13-03-2025 23:00,-,-,0,13-03-2025,23,3,Thursday
13-03-2025 23:00,-,-,0,13-03-2025,23,3,Thursday
14-03-2025 00:00,-,-,0,14-03-2025,0,4,Friday
14-03-2025 00:00,-,-,0,14-03-2025,0,4,Friday
14-03-2025 01:00,-,-,0,14-03-2025,1,4,Friday
14-03-2025 01:00,-,-,0,14-03-2025,1,4,Friday
14-03-2025 02:00,-,-,0,14-03-2025,2,4,Friday
14-03-2025 02:00,-,-,0,14-03-2025,2,4,Friday
14-03-2025 03:00,-,-,0,14-03-2025,3,4,Friday
14-03-2025 03:00,-,-,0,14-03-2025,3,4,Friday
14-03-2025 04:00,-,-,0,14-03-2025,4,4,Friday
14-03-2025 04:00,-,-,0,14-03-2025,4,4,Friday
14-03-2025 05:00,-,-,0,14-03-2025,5,4,Friday
14-03-2025 05:00,-,-,0,14-03-2025,5,4,Friday
14-03-2025 06:00,-,"-9,425",13,14-03-2025,6,4,Friday
14-03-2025 06:00,"-8,397",-,8,14-03-2025,6,4,Friday
14-03-2025 07:00,-,"-19,386",14,14-03-2025,7,4,Friday
14-03-2025 07:00,"-13,143",-,10,14-03-2025,7,4,Friday
14-03-2025 08:00,-,"-27,885",39,14-03-2025,8,4,Friday
14-03-2025 08:00,"-25,376",-,26,14-03-2025,8,4,Friday
14-03-2025 09:00,-,"-55,117",54,14-03-2025,9,4,Friday
14-03-2025 09:00,"-34,600",-,38,14-03-2025,9,4,Friday
14-03-2025 10:00,-,"-67,170",65,14-03-2025,10,4,Friday
14-03-2025 10:00,"-67,483",-,47,14-03-2025,10,4,Friday
14-03-2025 11:00,-,"-46,995",52,14-03-2025,11,4,Friday
14-03-2025 11:00,"-54,957",-,58,14-03-2025,11,4,Friday
14-03-2025 12:00,-,"-37,313",44,14-03-2025,12,4,Friday
14-03-2025 12:00,"-33,252",-,44,14-03-2025,12,4,Friday
14-03-2025 13:00,-,"-36,379",46,14-03-2025,13,4,Friday
14-03-2025 13:00,"-33,566",-,26,14-03-2025,13,4,Friday
14-03-2025 14:00,-,"-41,040",48,14-03-2025,14,4,Friday
14-03-2025 14:00,"-34,491",-,37,14-03-2025,14,4,Friday
14-03-2025 15:00,-,"-86,017",86,14-03-2025,15,4,Friday
14-03-2025 15:00,"-79,137",-,78,14-03-2025,15,4,Friday
14-03-2025 16:00,-,"-1,20,930",121,14-03-2025,16,4,Friday
14-03-2025 16:00,"-89,842",-,86,14-03-2025,16,4,Friday
14-03-2025 17:00,-,"-1,47,337",159,14-03-2025,17,4,Friday
14-03-2025 17:00,"-1,27,513",-,112,14-03-2025,17,4,Friday
14-03-2025 18:00,-,"-22,281",21,14-03-2025,18,4,Friday
14-03-2025 18:00,"-20,864",-,18,14-03-2025,18,4,Friday
14-03-2025 19:00,-,-,0,14-03-2025,19,4,Friday
14-03-2025 19:00,-,-,0,14-03-2025,19,4,Friday
14-03-2025 20:00,-,-,0,14-03-2025,20,4,Friday
14-03-2025 20:00,-,-,0,14-03-2025,20,4,Friday
14-03-2025 21:00,-,-,0,14-03-2025,21,4,Friday
14-03-2025 21:00,-,-,0,14-03-2025,21,4,Friday
14-03-2025 22:00,-,-,0,14-03-2025,22,4,Friday
14-03-2025 22:00,-,-,0,14-03-2025,22,4,Friday
14-03-2025 23:00,-,-,0,14-03-2025,23,4,Friday
14-03-2025 23:00,-,-,0,14-03-2025,23,4,Friday
15-03-2025 00:00,-,-,0,15-03-2025,0,5,Saturday
15-03-2025 00:00,-,-,0,15-03-2025,0,5,Saturday
15-03-2025 01:00,-,-,0,15-03-2025,1,5,Saturday
15-03-2025 01:00,-,-,0,15-03-2025,1,5,Saturday
15-03-2025 02:00,-,-,0,15-03-2025,2,5,Saturday
15-03-2025 02:00,-,-,0,15-03-2025,2,5,Saturday
15-03-2025 03:00,-,-,0,15-03-2025,3,5,Saturday
15-03-2025 03:00,-,-,0,15-03-2025,3,5,Saturday
15-03-2025 04:00,-,-,0,15-03-2025,4,5,Saturday
15-03-2025 04:00,-,-,0,15-03-2025,4,5,Saturday
15-03-2025 05:00,-,-,0,15-03-2025,5,5,Saturday
15-03-2025 05:00,-,-,0,15-03-2025,5,5,Saturday
15-03-2025 06:00,-,-,0,15-03-2025,6,5,Saturday
15-03-2025 06:00,-,-,0,15-03-2025,6,5,Saturday
15-03-2025 07:00,-,-,0,15-03-2025,7,5,Saturday
15-03-2025 07:00,-,-,0,15-03-2025,7,5,Saturday
15-03-2025 08:00,-,-,0,15-03-2025,8,5,Saturday
15-03-2025 08:00,-,-,0,15-03-2025,8,5,Saturday
15-03-2025 09:00,-,-,0,15-03-2025,9,5,Saturday
15-03-2025 09:00,-,-,0,15-03-2025,9,5,Saturday
15-03-2025 10:00,-,-,0,15-03-2025,10,5,Saturday
15-03-2025 10:00,-,-,0,15-03-2025,10,5,Saturday
15-03-2025 11:00,-,-,0,15-03-2025,11,5,Saturday
15-03-2025 11:00,-,-,0,15-03-2025,11,5,Saturday
15-03-2025 12:00,-,-,0,15-03-2025,12,5,Saturday
15-03-2025 12:00,-,-,0,15-03-2025,12,5,Saturday
15-03-2025 13:00,-,-,0,15-03-2025,13,5,Saturday
15-03-2025 13:00,-,-,0,15-03-2025,13,5,Saturday
15-03-2025 14:00,-,-,0,15-03-2025,14,5,Saturday
15-03-2025 14:00,-,-,0,15-03-2025,14,5,Saturday
15-03-2025 15:00,-,-,0,15-03-2025,15,5,Saturday
15-03-2025 15:00,-,-,0,15-03-2025,15,5,Saturday
15-03-2025 16:00,-,-,0,15-03-2025,16,5,Saturday
15-03-2025 16:00,-,-,0,15-03-2025,16,5,Saturday
15-03-2025 17:00,-,-,0,15-03-2025,17,5,Saturday
15-03-2025 17:00,-,-,0,15-03-2025,17,5,Saturday
15-03-2025 18:00,-,-,0,15-03-2025,18,5,Saturday
15-03-2025 18:00,-,-,0,15-03-2025,18,5,Saturday
15-03-2025 19:00,-,-,0,15-03-2025,19,5,Saturday
15-03-2025 19:00,-,-,0,15-03-2025,19,5,Saturday
15-03-2025 20:00,-,-,0,15-03-2025,20,5,Saturday
15-03-2025 20:00,-,-,0,15-03-2025,20,5,Saturday
15-03-2025 21:00,-,-,0,15-03-2025,21,5,Saturday
15-03-2025 21:00,-,-,0,15-03-2025,21,5,Saturday
15-03-2025 22:00,-,-,0,15-03-2025,22,5,Saturday
15-03-2025 22:00,-,-,0,15-03-2025,22,5,Saturday
15-03-2025 23:00,-,-,0,15-03-2025,23,5,Saturday
15-03-2025 23:00,-,-,0,15-03-2025,23,5,Saturday
16-03-2025 00:00,-,-,0,16-03-2025,0,6,Sunday
16-03-2025 00:00,-,-,0,16-03-2025,0,6,Sunday
16-03-2025 01:00,-,-,0,16-03-2025,1,6,Sunday
16-03-2025 01:00,-,-,0,16-03-2025,1,6,Sunday
16-03-2025 02:00,-,-,0,16-03-2025,2,6,Sunday
16-03-2025 02:00,-,-,0,16-03-2025,2,6,Sunday
16-03-2025 03:00,-,-,0,16-03-2025,3,6,Sunday
16-03-2025 03:00,-,-,0,16-03-2025,3,6,Sunday
16-03-2025 04:00,-,-,0,16-03-2025,4,6,Sunday
16-03-2025 04:00,-,-,0,16-03-2025,4,6,Sunday
16-03-2025 05:00,-,-,0,16-03-2025,5,6,Sunday
16-03-2025 05:00,-,-,0,16-03-2025,5,6,Sunday
16-03-2025 06:00,-,-,0,16-03-2025,6,6,Sunday
16-03-2025 06:00,-,-,0,16-03-2025,6,6,Sunday
16-03-2025 07:00,-,-,0,16-03-2025,7,6,Sunday
16-03-2025 07:00,-,-,0,16-03-2025,7,6,Sunday
16-03-2025 08:00,-,-,0,16-03-2025,8,6,Sunday
16-03-2025 08:00,-,-,0,16-03-2025,8,6,Sunday
16-03-2025 09:00,-,-,0,16-03-2025,9,6,Sunday
16-03-2025 09:00,-,-,0,16-03-2025,9,6,Sunday
16-03-2025 10:00,-,-,0,16-03-2025,10,6,Sunday
16-03-2025 10:00,-,-,0,16-03-2025,10,6,Sunday
16-03-2025 11:00,-,-,0,16-03-2025,11,6,Sunday
16-03-2025 11:00,-,-,0,16-03-2025,11,6,Sunday
16-03-2025 12:00,-,-,0,16-03-2025,12,6,Sunday
16-03-2025 12:00,-,-,0,16-03-2025,12,6,Sunday
16-03-2025 13:00,-,-,0,16-03-2025,13,6,Sunday
16-03-2025 13:00,-,-,0,16-03-2025,13,6,Sunday
16-03-2025 14:00,-,-,0,16-03-2025,14,6,Sunday
16-03-2025 14:00,-,-,0,16-03-2025,14,6,Sunday
16-03-2025 15:00,-,-,0,16-03-2025,15,6,Sunday
16-03-2025 15:00,-,-,0,16-03-2025,15,6,Sunday
16-03-2025 16:00,-,-,0,16-03-2025,16,6,Sunday
16-03-2025 16:00,-,-,0,16-03-2025,16,6,Sunday
16-03-2025 17:00,-,-,0,16-03-2025,17,6,Sunday
16-03-2025 17:00,-,-,0,16-03-2025,17,6,Sunday
16-03-2025 18:00,-,-,0,16-03-2025,18,6,Sunday
16-03-2025 18:00,-,-,0,16-03-2025,18,6,Sunday
16-03-2025 19:00,-,-,0,16-03-2025,19,6,Sunday
16-03-2025 19:00,-,-,0,16-03-2025,19,6,Sunday
16-03-2025 20:00,-,-,0,16-03-2025,20,6,Sunday
16-03-2025 20:00,-,-,0,16-03-2025,20,6,Sunday
16-03-2025 21:00,-,-,0,16-03-2025,21,6,Sunday
16-03-2025 21:00,-,-,0,16-03-2025,21,6,Sunday
16-03-2025 22:00,-,-,0,16-03-2025,22,6,Sunday
16-03-2025 22:00,-,-,0,16-03-2025,22,6,Sunday
16-03-2025 23:00,-,-,0,16-03-2025,23,6,Sunday
16-03-2025 23:00,-,-,0,16-03-2025,23,6,Sunday
17-03-2025 00:00,-,-,0,17-03-2025,0,0,Monday
17-03-2025 00:00,-,-,0,17-03-2025,0,0,Monday
17-03-2025 01:00,-,-,0,17-03-2025,1,0,Monday
17-03-2025 01:00,-,-,0,17-03-2025,1,0,Monday
17-03-2025 02:00,-,-,0,17-03-2025,2,0,Monday
17-03-2025 02:00,-,-,0,17-03-2025,2,0,Monday
17-03-2025 03:00,-,-,0,17-03-2025,3,0,Monday
17-03-2025 03:00,-,-,0,17-03-2025,3,0,Monday
17-03-2025 04:00,-,-,0,17-03-2025,4,0,Monday
17-03-2025 04:00,-,-,0,17-03-2025,4,0,Monday
17-03-2025 05:00,-,-,0,17-03-2025,5,0,Monday
17-03-2025 05:00,-,-,0,17-03-2025,5,0,Monday
17-03-2025 06:00,-,"-10,659",8,17-03-2025,6,0,Monday
17-03-2025 06:00,"-11,044",-,6,17-03-2025,6,0,Monday
17-03-2025 07:00,-,"-21,917",12,17-03-2025,7,0,Monday
17-03-2025 07:00,"-14,686",-,15,17-03-2025,7,0,Monday
17-03-2025 08:00,-,"-39,747",46,17-03-2025,8,0,Monday
17-03-2025 08:00,"-33,604",-,33,17-03-2025,8,0,Monday
17-03-2025 09:00,-,"-64,505",55,17-03-2025,9,0,Monday
17-03-2025 09:00,"-42,433",-,34,17-03-2025,9,0,Monday
17-03-2025 10:00,-,"-71,093",59,17-03-2025,10,0,Monday
17-03-2025 10:00,"-73,551",-,68,17-03-2025,10,0,Monday
17-03-2025 11:00,-,"-53,527",52,17-03-2025,11,0,Monday
17-03-2025 11:00,"-68,126",-,70,17-03-2025,11,0,Monday
17-03-2025 12:00,-,"-46,197",37,17-03-2025,12,0,Monday
17-03-2025 12:00,"-35,696",-,34,17-03-2025,12,0,Monday
17-03-2025 13:00,-,"-33,833",44,17-03-2025,13,0,Monday
17-03-2025 13:00,"-29,713",-,29,17-03-2025,13,0,Monday
17-03-2025 14:00,-,"-43,967",48,17-03-2025,14,0,Monday
17-03-2025 14:00,"-38,417",-,44,17-03-2025,14,0,Monday
17-03-2025 15:00,-,"-89,051",94,17-03-2025,15,0,Monday
17-03-2025 15:00,"-77,327",-,83,17-03-2025,15,0,Monday
17-03-2025 16:00,-,"-1,21,740",132,17-03-2025,16,0,Monday
17-03-2025 16:00,"-1,14,240",-,107,17-03-2025,16,0,Monday
17-03-2025 17:00,-,"-1,68,726",155,17-03-2025,17,0,Monday
17-03-2025 17:00,"-1,24,300",-,127,17-03-2025,17,0,Monday
17-03-2025 18:00,-,"-23,749",23,17-03-2025,18,0,Monday
17-03-2025 18:00,"-18,041",-,19,17-03-2025,18,0,Monday
17-03-2025 19:00,-,-,0,17-03-2025,19,0,Monday
17-03-2025 19:00,-,-,0,17-03-2025,19,0,Monday
17-03-2025 20:00,-,-,0,17-03-2025,20,0,Monday
17-03-2025 20:00,-,-,0,17-03-2025,20,0,Monday
17-03-2025 21:00,-,-,0,17-03-2025,21,0,Monday
17-03-2025 21:00,-,-,0,17-03-2025,21,0,Monday
17-03-2025 22:00,-,-,0,17-03-2025,22,0,Monday
17-03-2025 22:00,-,-,0,17-03-2025,22,0,Monday
17-03-2025 23:00,-,-,0,17-03-2025,23,0,Monday
17-03-2025 23:00,-,-,0,17-03-2025,23,0,Monday
18-03-2025 00:00,-,-,0,18-03-2025,0,1,Tuesday
18-03-2025 00:00,-,-,0,18-03-2025,0,1,Tuesday
18-03-2025 01:00,-,-,0,18-03-2025,1,1,Tuesday
18-03-2025 01:00,-,-,0,18-03-2025,1,1,Tuesday
18-03-2025 02:00,-,-,0,18-03-2025,2,1,Tuesday
18-03-2025 02:00,-,-,0,18-03-2025,2,1,Tuesday
18-03-2025 03:00,-,-,0,18-03-2025,3,1,Tuesday
18-03-2025 03:00,-,-,0,18-03-2025,3,1,Tuesday
18-03-2025 04:00,-,-,0,18-03-2025,4,1,Tuesday
18-03-2025 04:00,-,-,0,18-03-2025,4,1,Tuesday
18-03-2025 05:00,-,-,0,18-03-2025,5,1,Tuesday
18-03-2025 05:00,-,-,0,18-03-2025,5,1,Tuesday
18-03-2025 06:00,-,"-8,792",10,18-03-2025,6,1,Tuesday
18-03-2025 06:00,"-8,849",-,9,18-03-2025,6,1,Tuesday
18-03-2025 07:00,-,"-17,863",15,18-03-2025,7,1,Tuesday
18-03-2025 07:00,"-14,073",-,5,18-03-2025,7,1,Tuesday
18-03-2025 08:00,-,"-24,199",24,18-03-2025,8,1,Tuesday
18-03-2025 08:00,"-24,514",-,17,18-03-2025,8,1,Tuesday
18-03-2025 09:00,-,"-52,811",47,18-03-2025,9,1,Tuesday
18-03-2025 09:00,"-32,017",-,40,18-03-2025,9,1,Tuesday
18-03-2025 10:00,-,"-67,911",60,18-03-2025,10,1,Tuesday
18-03-2025 10:00,"-53,257",-,62,18-03-2025,10,1,Tuesday
18-03-2025 11:00,-,"-40,780",44,18-03-2025,11,1,Tuesday
18-03-2025 11:00,"-49,198",-,65,18-03-2025,11,1,Tuesday
18-03-2025 12:00,-,"-33,341",30,18-03-2025,12,1,Tuesday
18-03-2025 12:00,"-26,030",-,30,18-03-2025,12,1,Tuesday
18-03-2025 13:00,-,"-28,942",30,18-03-2025,13,1,Tuesday
18-03-2025 13:00,"-24,841",-,23,18-03-2025,13,1,Tuesday
18-03-2025 14:00,-,"-45,543",37,18-03-2025,14,1,Tuesday
18-03-2025 14:00,"-30,834",-,47,18-03-2025,14,1,Tuesday
18-03-2025 15:00,-,"-62,367",95,18-03-2025,15,1,Tuesday
18-03-2025 15:00,"-65,351",-,56,18-03-2025,15,1,Tuesday
18-03-2025 16:00,-,"-1,02,413",95,18-03-2025,16,1,Tuesday
18-03-2025 16:00,"-98,089",-,83,18-03-2025,16,1,Tuesday
18-03-2025 17:00,-,"-1,25,448",135,18-03-2025,17,1,Tuesday
18-03-2025 17:00,"-1,08,982",-,94,18-03-2025,17,1,Tuesday
18-03-2025 18:00,-,"-20,248",20,18-03-2025,18,1,Tuesday
18-03-2025 18:00,"-15,112",-,11,18-03-2025,18,1,Tuesday
18-03-2025 19:00,-,-,0,18-03-2025,19,1,Tuesday
18-03-2025 19:00,-,-,0,18-03-2025,19,1,Tuesday
18-03-2025 20:00,-,-,0,18-03-2025,20,1,Tuesday
18-03-2025 20:00,-,-,0,18-03-2025,20,1,Tuesday
18-03-2025 21:00,-,-,0,18-03-2025,21,1,Tuesday
18-03-2025 21:00,-,-,0,18-03-2025,21,1,Tuesday
18-03-2025 22:00,-,-,0,18-03-2025,22,1,Tuesday
18-03-2025 22:00,-,-,0,18-03-2025,22,1,Tuesday
18-03-2025 23:00,-,-,0,18-03-2025,23,1,Tuesday
18-03-2025 23:00,-,-,0,18-03-2025,23,1,Tuesday
19-03-2025 00:00,-,-,0,19-03-2025,0,2,Wednesday
19-03-2025 00:00,-,-,0,19-03-2025,0,2,Wednesday
19-03-2025 01:00,-,-,0,19-03-2025,1,2,Wednesday
19-03-2025 01:00,-,-,0,19-03-2025,1,2,Wednesday
19-03-2025 02:00,-,-,0,19-03-2025,2,2,Wednesday
19-03-2025 02:00,-,-,0,19-03-2025,2,2,Wednesday
19-03-2025 03:00,-,-,0,19-03-2025,3,2,Wednesday
19-03-2025 03:00,-,-,0,19-03-2025,3,2,Wednesday
19-03-2025 04:00,-,-,0,19-03-2025,4,2,Wednesday
19-03-2025 04:00,-,-,0,19-03-2025,4,2,Wednesday
19-03-2025 05:00,-,-,0,19-03-2025,5,2,Wednesday
19-03-2025 05:00,-,-,0,19-03-2025,5,2,Wednesday
19-03-2025 06:00,-,"-9,776",11,19-03-2025,6,2,Wednesday
19-03-2025 06:00,"-7,819",-,11,19-03-2025,6,2,Wednesday
19-03-2025 07:00,-,"-14,401",14,19-03-2025,7,2,Wednesday
19-03-2025 07:00,"-14,766",-,10,19-03-2025,7,2,Wednesday
19-03-2025 08:00,-,"-26,572",43,19-03-2025,8,2,Wednesday
19-03-2025 08:00,"-22,145",-,24,19-03-2025,8,2,Wednesday
19-03-2025 09:00,-,"-42,090",54,19-03-2025,9,2,Wednesday
19-03-2025 09:00,"-29,927",-,30,19-03-2025,9,2,Wednesday
19-03-2025 10:00,-,"-55,223",61,19-03-2025,10,2,Wednesday
19-03-2025 10:00,"-52,662",-,50,19-03-2025,10,2,Wednesday
19-03-2025 11:00,-,"-45,086",47,19-03-2025,11,2,Wednesday
19-03-2025 11:00,"-41,764",-,37,19-03-2025,11,2,Wednesday
19-03-2025 12:00,-,"-31,344",36,19-03-2025,12,2,Wednesday
19-03-2025 12:00,"-32,035",-,35,19-03-2025,12,2,Wednesday
19-03-2025 13:00,-,"-27,772",30,19-03-2025,13,2,Wednesday
19-03-2025 13:00,"-24,016",-,38,19-03-2025,13,2,Wednesday
19-03-2025 14:00,-,"-41,105",38,19-03-2025,14,2,Wednesday
19-03-2025 14:00,"-31,630",-,26,19-03-2025,14,2,Wednesday
19-03-2025 15:00,-,"-77,476",65,19-03-2025,15,2,Wednesday
19-03-2025 15:00,"-59,754",-,55,19-03-2025,15,2,Wednesday
19-03-2025 16:00,-,"-88,259",111,19-03-2025,16,2,Wednesday
19-03-2025 16:00,"-85,952",-,81,19-03-2025,16,2,Wednesday
19-03-2025 17:00,-,"-1,34,268",131,19-03-2025,17,2,Wednesday
19-03-2025 17:00,"-97,178",-,99,19-03-2025,17,2,Wednesday
19-03-2025 18:00,-,"-20,215",16,19-03-2025,18,2,Wednesday
19-03-2025 18:00,"-14,860",-,13,19-03-2025,18,2,Wednesday
19-03-2025 19:00,-,-,0,19-03-2025,19,2,Wednesday
19-03-2025 19:00,-,-,0,19-03-2025,19,2,Wednesday
19-03-2025 20:00,-,-,0,19-03-2025,20,2,Wednesday
19-03-2025 20:00,-,-,0,19-03-2025,20,2,Wednesday
19-03-2025 21:00,-,-,0,19-03-2025,21,2,Wednesday
19-03-2025 21:00,-,-,0,19-03-2025,21,2,Wednesday
19-03-2025 22:00,-,-,0,19-03-2025,22,2,Wednesday
19-03-2025 22:00,-,-,0,19-03-2025,22,2,Wednesday
19-03-2025 23:00,-,-,0,19-03-2025,23,2,Wednesday
19-03-2025 23:00,-,-,0,19-03-2025,23,2,Wednesday
20-03-2025 00:00,-,-,0,20-03-2025,0,3,Thursday
20-03-2025 00:00,-,-,0,20-03-2025,0,3,Thursday
20-03-2025 01:00,-,-,0,20-03-2025,1,3,Thursday
20-03-2025 01:00,-,-,0,20-03-2025,1,3,Thursday
20-03-2025 02:00,-,-,0,20-03-2025,2,3,Thursday
20-03-2025 02:00,-,-,0,20-03-2025,2,3,Thursday
20-03-2025 03:00,-,-,0,20-03-2025,3,3,Thursday
20-03-2025 03:00,-,-,0,20-03-2025,3,3,Thursday
20-03-2025 04:00,-,-,0,20-03-2025,4,3,Thursday
20-03-2025 04:00,-,-,0,20-03-2025,4,3,Thursday
20-03-2025 05:00,-,-,0,20-03-2025,5,3,Thursday
20-03-2025 05:00,-,-,0,20-03-2025,5,3,Thursday
20-03-2025 06:00,-,"-9,582",13,20-03-2025,6,3,Thursday
20-03-2025 06:00,"-7,163",-,7,20-03-2025,6,3,Thursday
20-03-2025 07:00,-,"-14,467",16,20-03-2025,7,3,Thursday
20-03-2025 07:00,"-14,893",-,13,20-03-2025,7,3,Thursday
20-03-2025 08:00,-,"-24,762",35,20-03-2025,8,3,Thursday
20-03-2025 08:00,"-24,785",-,28,20-03-2025,8,3,Thursday
20-03-2025 09:00,-,"-50,809",56,20-03-2025,9,3,Thursday
20-03-2025 09:00,"-27,254",-,31,20-03-2025,9,3,Thursday
20-03-2025 10:00,-,"-59,653",64,20-03-2025,10,3,Thursday
20-03-2025 10:00,"-45,818",-,47,20-03-2025,10,3,Thursday
20-03-2025 11:00,-,"-39,268",47,20-03-2025,11,3,Thursday
20-03-2025 11:00,"-53,484",-,38,20-03-2025,11,3,Thursday
20-03-2025 12:00,-,"-30,270",35,20-03-2025,12,3,Thursday
20-03-2025 12:00,"-31,899",-,31,20-03-2025,12,3,Thursday
20-03-2025 13:00,-,"-27,572",33,20-03-2025,13,3,Thursday
20-03-2025 13:00,"-23,514",-,15,20-03-2025,13,3,Thursday
20-03-2025 14:00,-,"-45,950",36,20-03-2025,14,3,Thursday
20-03-2025 14:00,"-36,485",-,36,20-03-2025,14,3,Thursday
20-03-2025 15:00,-,"-68,082",61,20-03-2025,15,3,Thursday
20-03-2025 15:00,"-70,999",-,65,20-03-2025,15,3,Thursday
20-03-2025 16:00,-,"-1,14,501",94,20-03-2025,16,3,Thursday
20-03-2025 16:00,"-98,012",-,92,20-03-2025,16,3,Thursday
20-03-2025 17:00,-,"-1,33,428",161,20-03-2025,17,3,Thursday
20-03-2025 17:00,"-91,480",-,107,20-03-2025,17,3,Thursday
20-03-2025 18:00,-,"-16,136",26,20-03-2025,18,3,Thursday
20-03-2025 18:00,"-16,797",-,14,20-03-2025,18,3,Thursday
20-03-2025 19:00,-,-,0,20-03-2025,19,3,Thursday
20-03-2025 19:00,-,-,0,20-03-2025,19,3,Thursday
20-03-2025 20:00,-,-,0,20-03-2025,20,3,Thursday
20-03-2025 20:00,-,-,0,20-03-2025,20,3,Thursday
20-03-2025 21:00,-,-,0,20-03-2025,21,3,Thursday
20-03-2025 21:00,-,-,0,20-03-2025,21,3,Thursday
20-03-2025 22:00,-,-,0,20-03-2025,22,3,Thursday
20-03-2025 22:00,-,-,0,20-03-2025,22,3,Thursday
20-03-2025 23:00,-,-,0,20-03-2025,23,3,Thursday
20-03-2025 23:00,-,-,0,20-03-2025,23,3,Thursday
21-03-2025 00:00,-,-,0,21-03-2025,0,4,Friday
21-03-2025 00:00,-,-,0,21-03-2025,0,4,Friday
21-03-2025 01:00,-,-,0,21-03-2025,1,4,Friday
21-03-2025 01:00,-,-,0,21-03-2025,1,4,Friday
21-03-2025 02:00,-,-,0,21-03-2025,2,4,Friday
21-03-2025 02:00,-,-,0,21-03-2025,2,4,Friday
21-03-2025 03:00,-,-,0,21-03-2025,3,4,Friday
21-03-2025 03:00,-,-,0,21-03-2025,3,4,Friday
21-03-2025 04:00,-,-,0,21-03-2025,4,4,Friday
21-03-2025 04:00,-,-,0,21-03-2025,4,4,Friday
21-03-2025 05:00,-,-,0,21-03-2025,5,4,Friday
21-03-2025 05:00,-,-,0,21-03-2025,5,4,Friday
21-03-2025 06:00,-,"-10,527",10,21-03-2025,6,4,Friday
21-03-2025 06:00,"-9,696",-,11,21-03-2025,6,4,Friday
21-03-2025 07:00,-,"-15,923",15,21-03-2025,7,4,Friday
21-03-2025 07:00,"-15,624",-,17,21-03-2025,7,4,Friday
21-03-2025 08:00,-,"-28,193",31,21-03-2025,8,4,Friday
21-03-2025 08:00,"-25,230",-,30,21-03-2025,8,4,Friday
21-03-2025 09:00,-,"-62,305",54,21-03-2025,9,4,Friday
21-03-2025 09:00,"-33,071",-,31,21-03-2025,9,4,Friday
21-03-2025 10:00,-,"-60,494",79,21-03-2025,10,4,Friday
21-03-2025 10:00,"-56,402",-,68,21-03-2025,10,4,Friday
21-03-2025 11:00,-,"-54,099",51,21-03-2025,11,4,Friday
21-03-2025 11:00,"-50,087",-,57,21-03-2025,11,4,Friday
21-03-2025 12:00,-,"-40,507",33,21-03-2025,12,4,Friday
21-03-2025 12:00,"-28,877",-,40,21-03-2025,12,4,Friday
21-03-2025 13:00,-,"-34,015",37,21-03-2025,13,4,Friday
21-03-2025 13:00,"-28,303",-,28,21-03-2025,13,4,Friday
21-03-2025 14:00,-,"-50,025",49,21-03-2025,14,4,Friday
21-03-2025 14:00,"-37,721",-,43,21-03-2025,14,4,Friday
21-03-2025 15:00,-,"-88,397",72,21-03-2025,15,4,Friday
21-03-2025 15:00,"-62,637",-,74,21-03-2025,15,4,Friday
21-03-2025 16:00,-,"-1,20,747",128,21-03-2025,16,4,Friday
21-03-2025 16:00,"-1,08,570",-,107,21-03-2025,16,4,Friday
21-03-2025 17:00,-,"-1,54,660",115,21-03-2025,17,4,Friday
21-03-2025 17:00,"-1,11,802",-,111,21-03-2025,17,4,Friday
21-03-2025 18:00,-,"-22,043",33,21-03-2025,18,4,Friday
21-03-2025 18:00,"-16,444",-,13,21-03-2025,18,4,Friday
21-03-2025 19:00,-,-,0,21-03-2025,19,4,Friday
21-03-2025 19:00,-,-,0,21-03-2025,19,4,Friday
21-03-2025 20:00,-,-,0,21-03-2025,20,4,Friday
21-03-2025 20:00,-,-,0,21-03-2025,20,4,Friday
21-03-2025 21:00,-,-,0,21-03-2025,21,4,Friday
21-03-2025 21:00,-,-,0,21-03-2025,21,4,Friday
21-03-2025 22:00,-,-,0,21-03-2025,22,4,Friday
21-03-2025 22:00,-,-,0,21-03-2025,22,4,Friday
21-03-2025 23:00,-,-,0,21-03-2025,23,4,Friday
21-03-2025 23:00,-,-,0,21-03-2025,23,4,Friday
22-03-2025 00:00,-,-,0,22-03-2025,0,5,Saturday
22-03-2025 00:00,-,-,0,22-03-2025,0,5,Saturday
22-03-2025 01:00,-,-,0,22-03-2025,1,5,Saturday
22-03-2025 01:00,-,-,0,22-03-2025,1,5,Saturday
22-03-2025 02:00,-,-,0,22-03-2025,2,5,Saturday
22-03-2025 02:00,-,-,0,22-03-2025,2,5,Saturday
22-03-2025 03:00,-,-,0,22-03-2025,3,5,Saturday
22-03-2025 03:00,-,-,0,22-03-2025,3,5,Saturday
22-03-2025 04:00,-,-,0,22-03-2025,4,5,Saturday
22-03-2025 04:00,-,-,0,22-03-2025,4,5,Saturday
22-03-2025 05:00,-,-,0,22-03-2025,5,5,Saturday
22-03-2025 05:00,-,-,0,22-03-2025,5,5,Saturday
22-03-2025 06:00,-,-,0,22-03-2025,6,5,Saturday
22-03-2025 06:00,-,-,0,22-03-2025,6,5,Saturday
22-03-2025 07:00,-,-,0,22-03-2025,7,5,Saturday
22-03-2025 07:00,-,-,0,22-03-2025,7,5,Saturday
22-03-2025 08:00,-,-,0,22-03-2025,8,5,Saturday
22-03-2025 08:00,-,-,0,22-03-2025,8,5,Saturday
22-03-2025 09:00,-,-,0,22-03-2025,9,5,Saturday
22-03-2025 09:00,-,-,0,22-03-2025,9,5,Saturday
22-03-2025 10:00,-,-,0,22-03-2025,10,5,Saturday
22-03-2025 10:00,-,-,0,22-03-2025,10,5,Saturday
22-03-2025 11:00,-,-,0,22-03-2025,11,5,Saturday
22-03-2025 11:00,-,-,0,22-03-2025,11,5,Saturday
22-03-2025 12:00,-,-,0,22-03-2025,12,5,Saturday
22-03-2025 12:00,-,-,0,22-03-2025,12,5,Saturday
22-03-2025 13:00,-,-,0,22-03-2025,13,5,Saturday
22-03-2025 13:00,-,-,0,22-03-2025,13,5,Saturday
22-03-2025 14:00,-,-,0,22-03-2025,14,5,Saturday
22-03-2025 14:00,-,-,0,22-03-2025,14,5,Saturday
22-03-2025 15:00,-,-,0,22-03-2025,15,5,Saturday
22-03-2025 15:00,-,-,0,22-03-2025,15,5,Saturday
22-03-2025 16:00,-,-,0,22-03-2025,16,5,Saturday
22-03-2025 16:00,-,-,0,22-03-2025,16,5,Saturday
22-03-2025 17:00,-,-,0,22-03-2025,17,5,Saturday
22-03-2025 17:00,-,-,0,22-03-2025,17,5,Saturday
22-03-2025 18:00,-,-,0,22-03-2025,18,5,Saturday
22-03-2025 18:00,-,-,0,22-03-2025,18,5,Saturday
22-03-2025 19:00,-,-,0,22-03-2025,19,5,Saturday
22-03-2025 19:00,-,-,0,22-03-2025,19,5,Saturday
22-03-2025 20:00,-,-,0,22-03-2025,20,5,Saturday
22-03-2025 20:00,-,-,0,22-03-2025,20,5,Saturday
22-03-2025 21:00,-,-,0,22-03-2025,21,5,Saturday
22-03-2025 21:00,-,-,0,22-03-2025,21,5,Saturday
22-03-2025 22:00,-,-,0,22-03-2025,22,5,Saturday
22-03-2025 22:00,-,-,0,22-03-2025,22,5,Saturday
22-03-2025 23:00,-,-,0,22-03-2025,23,5,Saturday
22-03-2025 23:00,-,-,0,22-03-2025,23,5,Saturday
23-03-2025 00:00,-,-,0,23-03-2025,0,6,Sunday
23-03-2025 00:00,-,-,0,23-03-2025,0,6,Sunday
23-03-2025 01:00,-,-,0,23-03-2025,1,6,Sunday
23-03-2025 01:00,-,-,0,23-03-2025,1,6,Sunday
23-03-2025 02:00,-,-,0,23-03-2025,2,6,Sunday
23-03-2025 02:00,-,-,0,23-03-2025,2,6,Sunday
23-03-2025 03:00,-,-,0,23-03-2025,3,6,Sunday
23-03-2025 03:00,-,-,0,23-03-2025,3,6,Sunday
23-03-2025 04:00,-,-,0,23-03-2025,4,6,Sunday
23-03-2025 04:00,-,-,0,23-03-2025,4,6,Sunday
23-03-2025 05:00,-,-,0,23-03-2025,5,6,Sunday
23-03-2025 05:00,-,-,0,23-03-2025,5,6,Sunday
23-03-2025 06:00,-,-,0,23-03-2025,6,6,Sunday
23-03-2025 06:00,-,-,0,23-03-2025,6,6,Sunday
23-03-2025 07:00,-,-,0,23-03-2025,7,6,Sunday
23-03-2025 07:00,-,-,0,23-03-2025,7,6,Sunday
23-03-2025 08:00,-,-,0,23-03-2025,8,6,Sunday
23-03-2025 08:00,-,-,0,23-03-2025,8,6,Sunday
23-03-2025 09:00,-,-,0,23-03-2025,9,6,Sunday
23-03-2025 09:00,-,-,0,23-03-2025,9,6,Sunday
23-03-2025 10:00,-,-,0,23-03-2025,10,6,Sunday
23-03-2025 10:00,-,-,0,23-03-2025,10,6,Sunday
23-03-2025 11:00,-,-,0,23-03-2025,11,6,Sunday
23-03-2025 11:00,-,-,0,23-03-2025,11,6,Sunday
23-03-2025 12:00,-,-,0,23-03-2025,12,6,Sunday
23-03-2025 12:00,-,-,0,23-03-2025,12,6,Sunday
23-03-2025 13:00,-,-,0,23-03-2025,13,6,Sunday
23-03-2025 13:00,-,-,0,23-03-2025,13,6,Sunday
23-03-2025 14:00,-,-,0,23-03-2025,14,6,Sunday
23-03-2025 14:00,-,-,0,23-03-2025,14,6,Sunday
23-03-2025 15:00,-,-,0,23-03-2025,15,6,Sunday
23-03-2025 15:00,-,-,0,23-03-2025,15,6,Sunday
23-03-2025 16:00,-,-,0,23-03-2025,16,6,Sunday
23-03-2025 16:00,-,-,0,23-03-2025,16,6,Sunday
23-03-2025 17:00,-,-,0,23-03-2025,17,6,Sunday
23-03-2025 17:00,-,-,0,23-03-2025,17,6,Sunday
23-03-2025 18:00,-,-,0,23-03-2025,18,6,Sunday
23-03-2025 18:00,-,-,0,23-03-2025,18,6,Sunday
23-03-2025 19:00,-,-,0,23-03-2025,19,6,Sunday
23-03-2025 19:00,-,-,0,23-03-2025,19,6,Sunday
23-03-2025 20:00,-,-,0,23-03-2025,20,6,Sunday
23-03-2025 20:00,-,-,0,23-03-2025,20,6,Sunday
23-03-2025 21:00,-,-,0,23-03-2025,21,6,Sunday
23-03-2025 21:00,-,-,0,23-03-2025,21,6,Sunday
23-03-2025 22:00,-,-,0,23-03-2025,22,6,Sunday
23-03-2025 22:00,-,-,0,23-03-2025,22,6,Sunday
23-03-2025 23:00,-,-,0,23-03-2025,23,6,Sunday
23-03-2025 23:00,-,-,0,23-03-2025,23,6,Sunday
24-03-2025 00:00,-,-,0,24-03-2025,0,0,Monday
24-03-2025 00:00,-,-,0,24-03-2025,0,0,Monday
24-03-2025 01:00,-,-,0,24-03-2025,1,0,Monday
24-03-2025 01:00,-,-,0,24-03-2025,1,0,Monday
24-03-2025 02:00,-,-,0,24-03-2025,2,0,Monday
24-03-2025 02:00,-,-,0,24-03-2025,2,0,Monday
24-03-2025 03:00,-,-,0,24-03-2025,3,0,Monday
24-03-2025 03:00,-,-,0,24-03-2025,3,0,Monday
24-03-2025 04:00,-,-,0,24-03-2025,4,0,Monday
24-03-2025 04:00,-,-,0,24-03-2025,4,0,Monday
24-03-2025 05:00,-,-,0,24-03-2025,5,0,Monday
24-03-2025 05:00,-,-,0,24-03-2025,5,0,Monday
24-03-2025 06:00,-,"-13,156",9,24-03-2025,6,0,Monday
24-03-2025 06:00,"-10,444",-,8,24-03-2025,6,0,Monday
24-03-2025 07:00,-,"-18,385",21,24-03-2025,7,0,Monday
24-03-2025 07:00,"-18,896",-,16,24-03-2025,7,0,Monday
24-03-2025 08:00,-,"-33,568",31,24-03-2025,8,0,Monday
24-03-2025 08:00,"-33,400",-,31,24-03-2025,8,0,Monday
24-03-2025 09:00,-,"-53,602",55,24-03-2025,9,0,Monday
24-03-2025 09:00,"-35,664",-,42,24-03-2025,9,0,Monday
24-03-2025 10:00,-,"-71,523",95,24-03-2025,10,0,Monday
24-03-2025 10:00,"-56,493",-,56,24-03-2025,10,0,Monday
24-03-2025 11:00,-,"-53,337",45,24-03-2025,11,0,Monday
24-03-2025 11:00,"-53,399",-,67,24-03-2025,11,0,Monday
24-03-2025 12:00,-,"-37,721",46,24-03-2025,12,0,Monday
24-03-2025 12:00,"-37,996",-,43,24-03-2025,12,0,Monday
24-03-2025 13:00,-,"-41,137",40,24-03-2025,13,0,Monday
24-03-2025 13:00,"-28,436",-,35,24-03-2025,13,0,Monday
24-03-2025 14:00,-,"-51,757",50,24-03-2025,14,0,Monday
24-03-2025 14:00,"-45,143",-,35,24-03-2025,14,0,Monday
24-03-2025 15:00,-,"-99,433",97,24-03-2025,15,0,Monday
24-03-2025 15:00,"-86,722",-,64,24-03-2025,15,0,Monday
24-03-2025 16:00,-,"-1,24,093",123,24-03-2025,16,0,Monday
24-03-2025 16:00,"-1,15,684",-,105,24-03-2025,16,0,Monday
24-03-2025 17:00,-,"-1,62,933",139,24-03-2025,17,0,Monday
24-03-2025 17:00,"-1,19,742",-,120,24-03-2025,17,0,Monday
24-03-2025 18:00,-,"-24,951",31,24-03-2025,18,0,Monday
24-03-2025 18:00,"-16,997",-,16,24-03-2025,18,0,Monday
24-03-2025 19:00,-,-,0,24-03-2025,19,0,Monday
24-03-2025 19:00,-,-,0,24-03-2025,19,0,Monday
24-03-2025 20:00,-,-,0,24-03-2025,20,0,Monday
24-03-2025 20:00,-,-,0,24-03-2025,20,0,Monday
24-03-2025 21:00,-,-,0,24-03-2025,21,0,Monday
24-03-2025 21:00,-,-,0,24-03-2025,21,0,Monday
24-03-2025 22:00,-,-,0,24-03-2025,22,0,Monday
24-03-2025 22:00,-,-,0,24-03-2025,22,0,Monday
24-03-2025 23:00,-,-,0,24-03-2025,23,0,Monday
24-03-2025 23:00,-,-,0,24-03-2025,23,0,Monday
25-03-2025 00:00,-,-,0,25-03-2025,0,1,Tuesday
25-03-2025 00:00,-,-,0,25-03-2025,0,1,Tuesday
25-03-2025 01:00,-,-,0,25-03-2025,1,1,Tuesday
25-03-2025 01:00,-,-,0,25-03-2025,1,1,Tuesday
25-03-2025 02:00,-,-,0,25-03-2025,2,1,Tuesday
25-03-2025 02:00,-,-,0,25-03-2025,2,1,Tuesday
25-03-2025 03:00,-,-,0,25-03-2025,3,1,Tuesday
25-03-2025 03:00,-,-,0,25-03-2025,3,1,Tuesday
25-03-2025 04:00,-,-,0,25-03-2025,4,1,Tuesday
25-03-2025 04:00,-,-,0,25-03-2025,4,1,Tuesday
25-03-2025 05:00,-,-,0,25-03-2025,5,1,Tuesday
25-03-2025 05:00,-,-,0,25-03-2025,5,1,Tuesday
25-03-2025 06:00,-,"-10,510",9,25-03-2025,6,1,Tuesday
25-03-2025 06:00,"-7,443",-,13,25-03-2025,6,1,Tuesday
25-03-2025 07:00,-,"-17,078",9,25-03-2025,7,1,Tuesday
25-03-2025 07:00,"-12,575",-,12,25-03-2025,7,1,Tuesday
25-03-2025 08:00,-,"-32,175",27,25-03-2025,8,1,Tuesday
25-03-2025 08:00,"-20,695",-,29,25-03-2025,8,1,Tuesday
25-03-2025 09:00,-,"-49,851",34,25-03-2025,9,1,Tuesday
25-03-2025 09:00,"-34,939",-,42,25-03-2025,9,1,Tuesday
25-03-2025 10:00,-,"-65,072",60,25-03-2025,10,1,Tuesday
25-03-2025 10:00,"-53,600",-,44,25-03-2025,10,1,Tuesday
25-03-2025 11:00,-,"-44,136",31,25-03-2025,11,1,Tuesday
25-03-2025 11:00,"-52,320",-,55,25-03-2025,11,1,Tuesday
25-03-2025 12:00,-,"-33,403",36,25-03-2025,12,1,Tuesday
25-03-2025 12:00,"-28,320",-,31,25-03-2025,12,1,Tuesday
25-03-2025 13:00,-,"-26,676",24,25-03-2025,13,1,Tuesday
25-03-2025 13:00,"-24,115",-,33,25-03-2025,13,1,Tuesday
25-03-2025 14:00,-,"-40,633",45,25-03-2025,14,1,Tuesday
25-03-2025 14:00,"-30,653",-,33,25-03-2025,14,1,Tuesday
25-03-2025 15:00,-,"-73,402",75,25-03-2025,15,1,Tuesday
25-03-2025 15:00,"-66,079",-,67,25-03-2025,15,1,Tuesday
25-03-2025 16:00,-,"-1,04,090",93,25-03-2025,16,1,Tuesday
25-03-2025 16:00,"-89,095",-,77,25-03-2025,16,1,Tuesday
25-03-2025 17:00,-,"-1,12,856",134,25-03-2025,17,1,Tuesday
25-03-2025 17:00,"-1,01,356",-,116,25-03-2025,17,1,Tuesday
25-03-2025 18:00,-,"-19,432",18,25-03-2025,18,1,Tuesday
25-03-2025 18:00,"-16,152",-,16,25-03-2025,18,1,Tuesday
25-03-2025 19:00,-,-,0,25-03-2025,19,1,Tuesday
25-03-2025 19:00,-,-,0,25-03-2025,19,1,Tuesday
25-03-2025 20:00,-,-,0,25-03-2025,20,1,Tuesday
25-03-2025 20:00,-,-,0,25-03-2025,20,1,Tuesday
25-03-2025 21:00,-,-,0,25-03-2025,21,1,Tuesday
25-03-2025 21:00,-,-,0,25-03-2025,21,1,Tuesday
25-03-2025 22:00,-,-,0,25-03-2025,22,1,Tuesday
25-03-2025 22:00,-,-,0,25-03-2025,22,1,Tuesday
25-03-2025 23:00,-,-,0,25-03-2025,23,1,Tuesday
25-03-2025 23:00,-,-,0,25-03-2025,23,1,Tuesday
26-03-2025 00:00,-,-,0,26-03-2025,0,2,Wednesday
26-03-2025 00:00,-,-,0,26-03-2025,0,2,Wednesday
26-03-2025 01:00,-,-,0,26-03-2025,1,2,Wednesday
26-03-2025 01:00,-,-,0,26-03-2025,1,2,Wednesday
26-03-2025 02:00,-,-,0,26-03-2025,2,2,Wednesday
26-03-2025 02:00,-,-,0,26-03-2025,2,2,Wednesday
26-03-2025 03:00,-,-,0,26-03-2025,3,2,Wednesday
26-03-2025 03:00,-,-,0,26-03-2025,3,2,Wednesday
26-03-2025 04:00,-,-,0,26-03-2025,4,2,Wednesday
26-03-2025 04:00,-,-,0,26-03-2025,4,2,Wednesday
26-03-2025 05:00,-,-,0,26-03-2025,5,2,Wednesday
26-03-2025 05:00,-,-,0,26-03-2025,5,2,Wednesday
26-03-2025 06:00,-,"-8,319",14,26-03-2025,6,2,Wednesday
26-03-2025 06:00,"-7,697",-,6,26-03-2025,6,2,Wednesday
26-03-2025 07:00,-,"-13,654",15,26-03-2025,7,2,Wednesday
26-03-2025 07:00,"-11,653",-,11,26-03-2025,7,2,Wednesday
26-03-2025 08:00,-,"-29,327",43,26-03-2025,8,2,Wednesday
26-03-2025 08:00,"-25,733",-,20,26-03-2025,8,2,Wednesday
26-03-2025 09:00,-,"-54,402",52,26-03-2025,9,2,Wednesday
26-03-2025 09:00,"-29,287",-,22,26-03-2025,9,2,Wednesday
26-03-2025 10:00,-,"-55,584",66,26-03-2025,10,2,Wednesday
26-03-2025 10:00,"-50,107",-,46,26-03-2025,10,2,Wednesday
26-03-2025 11:00,-,"-48,651",38,26-03-2025,11,2,Wednesday
26-03-2025 11:00,"-45,720",-,67,26-03-2025,11,2,Wednesday
26-03-2025 12:00,-,"-30,815",41,26-03-2025,12,2,Wednesday
26-03-2025 12:00,"-25,074",-,34,26-03-2025,12,2,Wednesday
26-03-2025 13:00,-,"-29,971",33,26-03-2025,13,2,Wednesday
26-03-2025 13:00,"-25,659",-,25,26-03-2025,13,2,Wednesday
26-03-2025 14:00,-,"-45,397",46,26-03-2025,14,2,Wednesday
26-03-2025 14:00,"-38,814",-,44,26-03-2025,14,2,Wednesday
26-03-2025 15:00,-,"-66,457",82,26-03-2025,15,2,Wednesday
26-03-2025 15:00,"-57,868",-,69,26-03-2025,15,2,Wednesday
26-03-2025 16:00,-,"-90,750",125,26-03-2025,16,2,Wednesday
26-03-2025 16:00,"-89,536",-,87,26-03-2025,16,2,Wednesday
26-03-2025 17:00,-,"-1,03,939",95,26-03-2025,17,2,Wednesday
26-03-2025 17:00,"-1,08,085",-,105,26-03-2025,17,2,Wednesday
26-03-2025 18:00,-,"-18,955",23,26-03-2025,18,2,Wednesday
26-03-2025 18:00,"-13,807",-,15,26-03-2025,18,2,Wednesday
26-03-2025 19:00,-,-,0,26-03-2025,19,2,Wednesday
26-03-2025 19:00,-,-,0,26-03-2025,19,2,Wednesday
26-03-2025 20:00,-,-,0,26-03-2025,20,2,Wednesday
26-03-2025 20:00,-,-,0,26-03-2025,20,2,Wednesday
26-03-2025 21:00,-,-,0,26-03-2025,21,2,Wednesday
26-03-2025 21:00,-,-,0,26-03-2025,21,2,Wednesday
26-03-2025 22:00,-,-,0,26-03-2025,22,2,Wednesday
26-03-2025 22:00,-,-,0,26-03-2025,22,2,Wednesday
26-03-2025 23:00,-,-,0,26-03-2025,23,2,Wednesday
26-03-2025 23:00,-,-,0,26-03-2025,23,2,Wednesday
27-03-2025 00:00,-,-,0,27-03-2025,0,3,Thursday
27-03-2025 00:00,-,-,0,27-03-2025,0,3,Thursday
27-03-2025 01:00,-,-,0,27-03-2025,1,3,Thursday
27-03-2025 01:00,-,-,0,27-03-2025,1,3,Thursday
27-03-2025 02:00,-,-,0,27-03-2025,2,3,Thursday
27-03-2025 02:00,-,-,0,27-03-2025,2,3,Thursday
27-03-2025 03:00,-,-,0,27-03-2025,3,3,Thursday
27-03-2025 03:00,-,-,0,27-03-2025,3,3,Thursday
27-03-2025 04:00,-,-,0,27-03-2025,4,3,Thursday
27-03-2025 04:00,-,-,0,27-03-2025,4,3,Thursday
27-03-2025 05:00,-,-,0,27-03-2025,5,3,Thursday
27-03-2025 05:00,-,-,0,27-03-2025,5,3,Thursday
27-03-2025 06:00,-,"-9,716",12,27-03-2025,6,3,Thursday
27-03-2025 06:00,"-7,725",-,10,27-03-2025,6,3,Thursday
27-03-2025 07:00,-,"-14,489",9,27-03-2025,7,3,Thursday
27-03-2025 07:00,"-14,071",-,18,27-03-2025,7,3,Thursday
27-03-2025 08:00,-,"-26,867",20,27-03-2025,8,3,Thursday
27-03-2025 08:00,"-24,752",-,28,27-03-2025,8,3,Thursday
27-03-2025 09:00,-,"-54,128",43,27-03-2025,9,3,Thursday
27-03-2025 09:00,"-30,991",-,33,27-03-2025,9,3,Thursday
27-03-2025 10:00,-,"-65,564",52,27-03-2025,10,3,Thursday
27-03-2025 10:00,"-56,339",-,41,27-03-2025,10,3,Thursday
27-03-2025 11:00,-,"-49,580",56,27-03-2025,11,3,Thursday
27-03-2025 11:00,"-53,067",-,49,27-03-2025,11,3,Thursday
27-03-2025 12:00,-,"-34,220",34,27-03-2025,12,3,Thursday
27-03-2025 12:00,"-28,199",-,35,27-03-2025,12,3,Thursday
27-03-2025 13:00,-,"-31,881",28,27-03-2025,13,3,Thursday
27-03-2025 13:00,"-26,292",-,22,27-03-2025,13,3,Thursday
27-03-2025 14:00,-,"-37,382",37,27-03-2025,14,3,Thursday
27-03-2025 14:00,"-30,910",-,47,27-03-2025,14,3,Thursday
27-03-2025 15:00,-,"-62,826",72,27-03-2025,15,3,Thursday
27-03-2025 15:00,"-62,734",-,58,27-03-2025,15,3,Thursday
27-03-2025 16:00,-,"-1,15,561",97,27-03-2025,16,3,Thursday
27-03-2025 16:00,"-79,196",-,82,27-03-2025,16,3,Thursday
27-03-2025 17:00,-,"-1,10,947",120,27-03-2025,17,3,Thursday
27-03-2025 17:00,"-1,00,456",-,109,27-03-2025,17,3,Thursday
27-03-2025 18:00,-,"-19,077",23,27-03-2025,18,3,Thursday
27-03-2025 18:00,"-13,712",-,12,27-03-2025,18,3,Thursday
27-03-2025 19:00,-,-,0,27-03-2025,19,3,Thursday
27-03-2025 19:00,-,-,0,27-03-2025,19,3,Thursday
27-03-2025 20:00,-,-,0,27-03-2025,20,3,Thursday
27-03-2025 20:00,-,-,0,27-03-2025,20,3,Thursday
27-03-2025 21:00,-,-,0,27-03-2025,21,3,Thursday
27-03-2025 21:00,-,-,0,27-03-2025,21,3,Thursday
27-03-2025 22:00,-,-,0,27-03-2025,22,3,Thursday
27-03-2025 22:00,-,-,0,27-03-2025,22,3,Thursday
27-03-2025 23:00,-,-,0,27-03-2025,23,3,Thursday
27-03-2025 23:00,-,-,0,27-03-2025,23,3,Thursday
28-03-2025 00:00,-,-,0,28-03-2025,0,4,Friday
28-03-2025 00:00,-,-,0,28-03-2025,0,4,Friday
28-03-2025 01:00,-,-,0,28-03-2025,1,4,Friday
28-03-2025 01:00,-,-,0,28-03-2025,1,4,Friday
28-03-2025 02:00,-,-,0,28-03-2025,2,4,Friday
28-03-2025 02:00,-,-,0,28-03-2025,2,4,Friday
28-03-2025 03:00,-,-,0,28-03-2025,3,4,Friday
28-03-2025 03:00,-,-,0,28-03-2025,3,4,Friday
28-03-2025 04:00,-,-,0,28-03-2025,4,4,Friday
28-03-2025 04:00,-,-,0,28-03-2025,4,4,Friday
28-03-2025 05:00,-,-,0,28-03-2025,5,4,Friday
28-03-2025 05:00,-,-,0,28-03-2025,5,4,Friday
28-03-2025 06:00,-,"-32,117",35,28-03-2025,6,4,Friday
28-03-2025 06:00,"-23,107",-,22,28-03-2025,6,4,Friday
28-03-2025 07:00,-,"-43,482",59,28-03-2025,7,4,Friday
28-03-2025 07:00,"-37,006",-,41,28-03-2025,7,4,Friday
28-03-2025 08:00,-,"-87,788",83,28-03-2025,8,4,Friday
28-03-2025 08:00,"-76,790",-,67,28-03-2025,8,4,Friday
28-03-2025 09:00,-,"-1,32,744",156,28-03-2025,9,4,Friday
28-03-2025 09:00,"-98,013",-,107,28-03-2025,9,4,Friday
28-03-2025 10:00,-,"-1,75,559",179,28-03-2025,10,4,Friday
28-03-2025 10:00,"-1,60,698",-,154,28-03-2025,10,4,Friday
28-03-2025 11:00,-,"-1,18,671",114,28-03-2025,11,4,Friday
28-03-2025 11:00,"-1,54,331",-,145,28-03-2025,11,4,Friday
28-03-2025 12:00,-,"-1,01,479",116,28-03-2025,12,4,Friday
28-03-2025 12:00,"-97,194",-,76,28-03-2025,12,4,Friday
28-03-2025 13:00,-,"-95,883",85,28-03-2025,13,4,Friday
28-03-2025 13:00,"-70,454",-,83,28-03-2025,13,4,Friday
28-03-2025 14:00,-,"-1,07,572",103,28-03-2025,14,4,Friday
28-03-2025 14:00,"-94,313",-,114,28-03-2025,14,4,Friday
28-03-2025 15:00,-,"-2,11,786",242,28-03-2025,15,4,Friday
28-03-2025 15:00,"-1,76,545",-,180,28-03-2025,15,4,Friday
28-03-2025 16:00,-,"-3,58,466",312,28-03-2025,16,4,Friday
28-03-2025 16:00,"-2,29,174",-,230,28-03-2025,16,4,Friday
28-03-2025 17:00,-,"-4,13,254",382,28-03-2025,17,4,Friday
28-03-2025 17:00,"-3,23,487",-,318,28-03-2025,17,4,Friday
28-03-2025 18:00,-,"-54,609",49,28-03-2025,18,4,Friday
28-03-2025 18:00,"-43,240",-,51,28-03-2025,18,4,Friday
28-03-2025 19:00,-,-,0,28-03-2025,19,4,Friday
28-03-2025 19:00,-,-,0,28-03-2025,19,4,Friday
28-03-2025 20:00,-,-,0,28-03-2025,20,4,Friday
28-03-2025 20:00,-,-,0,28-03-2025,20,4,Friday
28-03-2025 21:00,-,-,0,28-03-2025,21,4,Friday
28-03-2025 21:00,-,-,0,28-03-2025,21,4,Friday
28-03-2025 22:00,-,-,0,28-03-2025,22,4,Friday
28-03-2025 22:00,-,-,0,28-03-2025,22,4,Friday
28-03-2025 23:00,-,-,0,28-03-2025,23,4,Friday
28-03-2025 23:00,-,-,0,28-03-2025,23,4,Friday
29-03-2025 00:00,-,-,0,29-03-2025,0,5,Saturday
29-03-2025 00:00,-,-,0,29-03-2025,0,5,Saturday
29-03-2025 01:00,-,-,0,29-03-2025,1,5,Saturday
29-03-2025 01:00,-,-,0,29-03-2025,1,5,Saturday
29-03-2025 02:00,-,-,0,29-03-2025,2,5,Saturday
29-03-2025 02:00,-,-,0,29-03-2025,2,5,Saturday
29-03-2025 03:00,-,-,0,29-03-2025,3,5,Saturday
29-03-2025 03:00,-,-,0,29-03-2025,3,5,Saturday
29-03-2025 04:00,-,-,0,29-03-2025,4,5,Saturday
29-03-2025 04:00,-,-,0,29-03-2025,4,5,Saturday
29-03-2025 05:00,-,-,0,29-03-2025,5,5,Saturday
29-03-2025 05:00,-,-,0,29-03-2025,5,5,Saturday
29-03-2025 06:00,-,-,0,29-03-2025,6,5,Saturday
29-03-2025 06:00,-,-,0,29-03-2025,6,5,Saturday
29-03-2025 07:00,-,-,0,29-03-2025,7,5,Saturday
29-03-2025 07:00,-,-,0,29-03-2025,7,5,Saturday
29-03-2025 08:00,-,-,0,29-03-2025,8,5,Saturday
29-03-2025 08:00,-,-,0,29-03-2025,8,5,Saturday
29-03-2025 09:00,-,-,0,29-03-2025,9,5,Saturday
29-03-2025 09:00,-,-,0,29-03-2025,9,5,Saturday
29-03-2025 10:00,-,-,0,29-03-2025,10,5,Saturday
29-03-2025 10:00,-,-,0,29-03-2025,10,5,Saturday
29-03-2025 11:00,-,-,0,29-03-2025,11,5,Saturday
29-03-2025 11:00,-,-,0,29-03-2025,11,5,Saturday
29-03-2025 12:00,-,-,0,29-03-2025,12,5,Saturday
29-03-2025 12:00,-,-,0,29-03-2025,12,5,Saturday
29-03-2025 13:00,-,-,0,29-03-2025,13,5,Saturday
29-03-2025 13:00,-,-,0,29-03-2025,13,5,Saturday
29-03-2025 14:00,-,-,0,29-03-2025,14,5,Saturday
29-03-2025 14:00,-,-,0,29-03-2025,14,5,Saturday
29-03-2025 15:00,-,-,0,29-03-2025,15,5,Saturday
29-03-2025 15:00,-,-,0,29-03-2025,15,5,Saturday
29-03-2025 16:00,-,-,0,29-03-2025,16,5,Saturday
29-03-2025 16:00,-,-,0,29-03-2025,16,5,Saturday
29-03-2025 17:00,-,-,0,29-03-2025,17,5,Saturday
29-03-2025 17:00,-,-,0,29-03-2025,17,5,Saturday
29-03-2025 18:00,-,-,0,29-03-2025,18,5,Saturday
29-03-2025 18:00,-,-,0,29-03-2025,18,5,Saturday
29-03-2025 19:00,-,-,0,29-03-2025,19,5,Saturday
29-03-2025 19:00,-,-,0,29-03-2025,19,5,Saturday
29-03-2025 20:00,-,-,0,29-03-2025,20,5,Saturday
29-03-2025 20:00,-,-,0,29-03-2025,20,5,Saturday
29-03-2025 21:00,-,-,0,29-03-2025,21,5,Saturday
29-03-2025 21:00,-,-,0,29-03-2025,21,5,Saturday
29-03-2025 22:00,-,-,0,29-03-2025,22,5,Saturday
29-03-2025 22:00,-,-,0,29-03-2025,22,5,Saturday
29-03-2025 23:00,-,-,0,29-03-2025,23,5,Saturday
29-03-2025 23:00,-,-,0,29-03-2025,23,5,Saturday
30-03-2025 00:00,-,-,0,30-03-2025,0,6,Sunday
30-03-2025 00:00,-,-,0,30-03-2025,0,6,Sunday
30-03-2025 01:00,-,-,0,30-03-2025,1,6,Sunday
30-03-2025 01:00,-,-,0,30-03-2025,1,6,Sunday
30-03-2025 02:00,-,-,0,30-03-2025,2,6,Sunday
30-03-2025 02:00,-,-,0,30-03-2025,2,6,Sunday
30-03-2025 03:00,-,-,0,30-03-2025,3,6,Sunday
30-03-2025 03:00,-,-,0,30-03-2025,3,6,Sunday
30-03-2025 04:00,-,-,0,30-03-2025,4,6,Sunday
30-03-2025 04:00,-,-,0,30-03-2025,4,6,Sunday
30-03-2025 05:00,-,-,0,30-03-2025,5,6,Sunday
30-03-2025 05:00,-,-,0,30-03-2025,5,6,Sunday
30-03-2025 06:00,-,-,0,30-03-2025,6,6,Sunday
30-03-2025 06:00,-,-,0,30-03-2025,6,6,Sunday
30-03-2025 07:00,-,-,0,30-03-2025,7,6,Sunday
30-03-2025 07:00,-,-,0,30-03-2025,7,6,Sunday
30-03-2025 08:00,-,-,0,30-03-2025,8,6,Sunday
30-03-2025 08:00,-,-,0,30-03-2025,8,6,Sunday
30-03-2025 09:00,-,-,0,30-03-2025,9,6,Sunday
30-03-2025 09:00,-,-,0,30-03-2025,9,6,Sunday
30-03-2025 10:00,-,-,0,30-03-2025,10,6,Sunday
30-03-2025 10:00,-,-,0,30-03-2025,10,6,Sunday
30-03-2025 11:00,-,-,0,30-03-2025,11,6,Sunday
30-03-2025 11:00,-,-,0,30-03-2025,11,6,Sunday
30-03-2025 12:00,-,-,0,30-03-2025,12,6,Sunday
30-03-2025 12:00,-,-,0,30-03-2025,12,6,Sunday
30-03-2025 13:00,-,-,0,30-03-2025,13,6,Sunday
30-03-2025 13:00,-,-,0,30-03-2025,13,6,Sunday
30-03-2025 14:00,-,-,0,30-03-2025,14,6,Sunday
30-03-2025 14:00,-,-,0,30-03-2025,14,6,Sunday
30-03-2025 15:00,-,-,0,30-03-2025,15,6,Sunday
30-03-2025 15:00,-,-,0,30-03-2025,15,6,Sunday
30-03-2025 16:00,-,-,0,30-03-2025,16,6,Sunday
30-03-2025 16:00,-,-,0,30-03-2025,16,6,Sunday
30-03-2025 17:00,-,-,0,30-03-2025,17,6,Sunday
30-03-2025 17:00,-,-,0,30-03-2025,17,6,Sunday
30-03-2025 18:00,-,-,0,30-03-2025,18,6,Sunday
30-03-2025 18:00,-,-,0,30-03-2025,18,6,Sunday
30-03-2025 19:00,-,-,0,30-03-2025,19,6,Sunday
30-03-2025 19:00,-,-,0,30-03-2025,19,6,Sunday
30-03-2025 20:00,-,-,0,30-03-2025,20,6,Sunday
30-03-2025 20:00,-,-,0,30-03-2025,20,6,Sunday
30-03-2025 21:00,-,-,0,30-03-2025,21,6,Sunday
30-03-2025 21:00,-,-,0,30-03-2025,21,6,Sunday
30-03-2025 22:00,-,-,0,30-03-2025,22,6,Sunday
30-03-2025 22:00,-,-,0,30-03-2025,22,6,Sunday
30-03-2025 23:00,-,-,0,30-03-2025,23,6,Sunday
30-03-2025 23:00,-,-,0,30-03-2025,23,6,Sunday
31-03-2025 00:00,-,-,0,31-03-2025,0,0,Monday
31-03-2025 00:00,-,-,0,31-03-2025,0,0,Monday
31-03-2025 01:00,-,-,0,31-03-2025,1,0,Monday
31-03-2025 01:00,-,-,0,31-03-2025,1,0,Monday
31-03-2025 02:00,-,-,0,31-03-2025,2,0,Monday
31-03-2025 02:00,-,-,0,31-03-2025,2,0,Monday
31-03-2025 03:00,-,-,0,31-03-2025,3,0,Monday
31-03-2025 03:00,-,-,0,31-03-2025,3,0,Monday
31-03-2025 04:00,-,-,0,31-03-2025,4,0,Monday
31-03-2025 04:00,-,-,0,31-03-2025,4,0,Monday
31-03-2025 05:00,-,-,0,31-03-2025,5,0,Monday
31-03-2025 05:00,-,-,0,31-03-2025,5,0,Monday
31-03-2025 06:00,-,"-34,235",48,31-03-2025,6,0,Monday
31-03-2025 06:00,"-23,653",-,31,31-03-2025,6,0,Monday
31-03-2025 07:00,-,"-54,549",43,31-03-2025,7,0,Monday
31-03-2025 07:00,"-40,854",-,48,31-03-2025,7,0,Monday
31-03-2025 08:00,-,"-82,080",105,31-03-2025,8,0,Monday
31-03-2025 08:00,"-89,709",-,85,31-03-2025,8,0,Monday
31-03-2025 09:00,-,"-1,85,130",169,31-03-2025,9,0,Monday
31-03-2025 09:00,"-1,03,112",-,98,31-03-2025,9,0,Monday
31-03-2025 10:00,-,"-1,80,950",172,31-03-2025,10,0,Monday
31-03-2025 10:00,"-1,86,748",-,169,31-03-2025,10,0,Monday
31-03-2025 11:00,-,"-1,40,600",158,31-03-2025,11,0,Monday
31-03-2025 11:00,"-1,75,536",-,156,31-03-2025,11,0,Monday
31-03-2025 12:00,-,"-1,10,477",122,31-03-2025,12,0,Monday
31-03-2025 12:00,"-86,314",-,83,31-03-2025,12,0,Monday
31-03-2025 13:00,-,"-1,17,527",101,31-03-2025,13,0,Monday
31-03-2025 13:00,"-85,301",-,90,31-03-2025,13,0,Monday
31-03-2025 14:00,-,"-1,42,152",149,31-03-2025,14,0,Monday
31-03-2025 14:00,"-1,16,602",-,133,31-03-2025,14,0,Monday
31-03-2025 15:00,-,"-2,52,642",256,31-03-2025,15,0,Monday
31-03-2025 15:00,"-2,20,820",-,191,31-03-2025,15,0,Monday
31-03-2025 16:00,-,"-3,06,751",309,31-03-2025,16,0,Monday
31-03-2025 16:00,"-2,79,095",-,280,31-03-2025,16,0,Monday
31-03-2025 17:00,-,"-4,28,019",411,31-03-2025,17,0,Monday
31-03-2025 17:00,"-3,05,930",-,366,31-03-2025,17,0,Monday
31-03-2025 18:00,-,"-71,710",72,31-03-2025,18,0,Monday
31-03-2025 18:00,"-60,784",-,62,31-03-2025,18,0,Monday
31-03-2025 19:00,-,-,0,31-03-2025,19,0,Monday
31-03-2025 19:00,-,-,0,31-03-2025,19,0,Monday
31-03-2025 20:00,-,-,0,31-03-2025,20,0,Monday
31-03-2025 20:00,-,-,0,31-03-2025,20,0,Monday
31-03-2025 21:00,-,-,0,31-03-2025,21,0,Monday
31-03-2025 21:00,-,-,0,31-03-2025,21,0,Monday
31-03-2025 22:00,-,-,0,31-03-2025,22,0,Monday
31-03-2025 22:00,-,-,0,31-03-2025,22,0,Monday
31-03-2025 23:00,-,-,0,31-03-2025,23,0,Monday
31-03-2025 23:00,-,-,0,31-03-2025,23,0,Monday
